marker_label,lsl_timestamp,local_received_lsl_timestamp
dynamic_sart_task_start,1296405.831271300,1296405.831465600
dynamic_sart_practice_start,1296418.571442000,1296418.571602700
dynamic_sart_stimulus_onset__v=1__trial=-1__condition=go__digit=6__block=-1__phase=practice__practice=1,1296418.644389500,1296418.644589900
dynamic_sart_stimulus_offset__v=1__trial=-1__condition=go__digit=6__block=-1__phase=practice__practice=1,1296418.914026400,1296418.914274600
dynamic_sart_response_window_close__v=1__trial=-1__condition=go__digit=6__block=-1__phase=practice__practice=1,1296420.248566400,1296420.248797100
dynamic_sart_trial_complete__v=1__trial=-1__condition=go__digit=6__block=-1__phase=practice__practice=1,1296420.248566400,1296420.257115100
dynamic_sart_stimulus_onset__v=1__trial=-2__condition=go__digit=9__block=-1__phase=practice__practice=1,1296420.702532900,1296420.702876100
dynamic_sart_stimulus_offset__v=1__trial=-2__condition=go__digit=9__block=-1__phase=practice__practice=1,1296420.980291100,1296420.980534900
dynamic_sart_response_window_close__v=1__trial=-2__condition=go__digit=9__block=-1__phase=practice__practice=1,1296422.312879900,1296422.313098400
dynamic_sart_trial_complete__v=1__trial=-2__condition=go__digit=9__block=-1__phase=practice__practice=1,1296422.312879900,1296422.322107300
dynamic_sart_stimulus_onset__v=1__trial=-3__condition=go__digit=2__block=-1__phase=practice__practice=1,1296422.746290500,1296422.746503100
dynamic_sart_stimulus_offset__v=1__trial=-3__condition=go__digit=2__block=-1__phase=practice__practice=1,1296423.000345600,1296423.000560200
dynamic_sart_response_window_close__v=1__trial=-3__condition=go__digit=2__block=-1__phase=practice__practice=1,1296424.343703900,1296424.343931900
dynamic_sart_trial_complete__v=1__trial=-3__condition=go__digit=2__block=-1__phase=practice__practice=1,1296424.343703900,1296424.352559300
dynamic_sart_stimulus_onset__v=1__trial=-4__condition=go__digit=5__block=-1__phase=practice__practice=1,1296424.791162800,1296424.791403700
dynamic_sart_stimulus_offset__v=1__trial=-4__condition=go__digit=5__block=-1__phase=practice__practice=1,1296425.061666300,1296425.061891300
dynamic_sart_response_window_close__v=1__trial=-4__condition=go__digit=5__block=-1__phase=practice__practice=1,1296426.390168700,1296426.390382200
dynamic_sart_trial_complete__v=1__trial=-4__condition=go__digit=5__block=-1__phase=practice__practice=1,1296426.390168700,1296426.398104800
dynamic_sart_stimulus_onset__v=1__trial=-5__condition=go__digit=7__block=-1__phase=practice__practice=1,1296426.828224800,1296426.828432800
dynamic_sart_stimulus_offset__v=1__trial=-5__condition=go__digit=7__block=-1__phase=practice__practice=1,1296427.095232300,1296427.095448500
dynamic_sart_response_window_close__v=1__trial=-5__condition=go__digit=7__block=-1__phase=practice__practice=1,1296428.436383000,1296428.436578800
dynamic_sart_trial_complete__v=1__trial=-5__condition=go__digit=7__block=-1__phase=practice__practice=1,1296428.436383000,1296428.444036200
dynamic_sart_stimulus_onset__v=1__trial=-6__condition=no_go__digit=3__block=-1__phase=practice__practice=1,1296428.908299600,1296428.908461500
dynamic_sart_stimulus_offset__v=1__trial=-6__condition=no_go__digit=3__block=-1__phase=practice__practice=1,1296429.192528700,1296429.192765400
dynamic_sart_response_window_close__v=1__trial=-6__condition=no_go__digit=3__block=-1__phase=practice__practice=1,1296430.514285700,1296430.514542800
dynamic_sart_trial_complete__v=1__trial=-6__condition=no_go__digit=3__block=-1__phase=practice__practice=1,1296430.514285700,1296430.527970400
dynamic_sart_stimulus_onset__v=1__trial=-7__condition=go__digit=8__block=-1__phase=practice__practice=1,1296430.977521100,1296430.977827900
dynamic_sart_stimulus_offset__v=1__trial=-7__condition=go__digit=8__block=-1__phase=practice__practice=1,1296431.252040300,1296431.252578000
dynamic_sart_response_window_close__v=1__trial=-7__condition=go__digit=8__block=-1__phase=practice__practice=1,1296432.578314600,1296432.578535200
dynamic_sart_trial_complete__v=1__trial=-7__condition=go__digit=8__block=-1__phase=practice__practice=1,1296432.578314600,1296432.587530600
dynamic_sart_stimulus_onset__v=1__trial=-8__condition=go__digit=0__block=-1__phase=practice__practice=1,1296433.020695500,1296433.020904100
dynamic_sart_stimulus_offset__v=1__trial=-8__condition=go__digit=0__block=-1__phase=practice__practice=1,1296433.281737000,1296433.281961500
dynamic_sart_response_window_close__v=1__trial=-8__condition=go__digit=0__block=-1__phase=practice__practice=1,1296434.624051900,1296434.624275200
dynamic_sart_trial_complete__v=1__trial=-8__condition=go__digit=0__block=-1__phase=practice__practice=1,1296434.624051900,1296434.631466000
dynamic_sart_stimulus_onset__v=1__trial=-9__condition=go__digit=4__block=-1__phase=practice__practice=1,1296435.080795400,1296435.081056300
dynamic_sart_stimulus_offset__v=1__trial=-9__condition=go__digit=4__block=-1__phase=practice__practice=1,1296435.346169300,1296435.346391200
dynamic_sart_response_window_close__v=1__trial=-9__condition=go__digit=4__block=-1__phase=practice__practice=1,1296436.686380700,1296436.686798400
dynamic_sart_trial_complete__v=1__trial=-9__condition=go__digit=4__block=-1__phase=practice__practice=1,1296436.686380700,1296436.694322400
dynamic_sart_stimulus_onset__v=1__trial=-10__condition=go__digit=1__block=-1__phase=practice__practice=1,1296437.159581800,1296437.160361800
dynamic_sart_stimulus_offset__v=1__trial=-10__condition=go__digit=1__block=-1__phase=practice__practice=1,1296437.433102600,1296437.433406800
dynamic_sart_response_window_close__v=1__trial=-10__condition=go__digit=1__block=-1__phase=practice__practice=1,1296438.764397900,1296438.764615500
dynamic_sart_trial_complete__v=1__trial=-10__condition=go__digit=1__block=-1__phase=practice__practice=1,1296438.764397900,1296438.772375600
dynamic_sart_stimulus_onset__v=1__trial=-11__condition=go__digit=8__block=-1__phase=practice__practice=1,1296439.219708900,1296439.219931500
dynamic_sart_stimulus_offset__v=1__trial=-11__condition=go__digit=8__block=-1__phase=practice__practice=1,1296439.496990000,1296439.497248200
dynamic_sart_response_window_close__v=1__trial=-11__condition=go__digit=8__block=-1__phase=practice__practice=1,1296440.826977900,1296440.827194600
dynamic_sart_trial_complete__v=1__trial=-11__condition=go__digit=8__block=-1__phase=practice__practice=1,1296440.826977900,1296440.839025500
dynamic_sart_stimulus_onset__v=1__trial=-12__condition=go__digit=4__block=-1__phase=practice__practice=1,1296441.263531300,1296441.263730000
dynamic_sart_stimulus_offset__v=1__trial=-12__condition=go__digit=4__block=-1__phase=practice__practice=1,1296441.516426800,1296441.516624300
dynamic_sart_response_window_close__v=1__trial=-12__condition=go__digit=4__block=-1__phase=practice__practice=1,1296442.859062800,1296442.859293100
dynamic_sart_trial_complete__v=1__trial=-12__condition=go__digit=4__block=-1__phase=practice__practice=1,1296442.859062800,1296442.866676300
dynamic_sart_stimulus_onset__v=1__trial=-13__condition=no_go__digit=3__block=-1__phase=practice__practice=1,1296443.317011300,1296443.317136800
dynamic_sart_stimulus_offset__v=1__trial=-13__condition=no_go__digit=3__block=-1__phase=practice__practice=1,1296443.590768700,1296443.590929000
dynamic_sart_response_window_close__v=1__trial=-13__condition=no_go__digit=3__block=-1__phase=practice__practice=1,1296444.920274800,1296444.920708500
dynamic_sart_trial_complete__v=1__trial=-13__condition=no_go__digit=3__block=-1__phase=practice__practice=1,1296444.920274800,1296444.928006400
dynamic_sart_stimulus_onset__v=1__trial=-14__condition=go__digit=6__block=-1__phase=practice__practice=1,1296445.383992300,1296445.384149000
dynamic_sart_stimulus_offset__v=1__trial=-14__condition=go__digit=6__block=-1__phase=practice__practice=1,1296445.658967100,1296445.659185300
dynamic_sart_response_window_close__v=1__trial=-14__condition=go__digit=6__block=-1__phase=practice__practice=1,1296446.982593600,1296446.982782600
dynamic_sart_trial_complete__v=1__trial=-14__condition=go__digit=6__block=-1__phase=practice__practice=1,1296446.982593600,1296446.989506900
dynamic_sart_stimulus_onset__v=1__trial=-15__condition=go__digit=0__block=-1__phase=practice__practice=1,1296447.413549400,1296447.413770300
dynamic_sart_stimulus_offset__v=1__trial=-15__condition=go__digit=0__block=-1__phase=practice__practice=1,1296447.681724300,1296447.681945900
dynamic_sart_response_window_close__v=1__trial=-15__condition=go__digit=0__block=-1__phase=practice__practice=1,1296449.015286500,1296449.015483500
dynamic_sart_trial_complete__v=1__trial=-15__condition=go__digit=0__block=-1__phase=practice__practice=1,1296449.015286500,1296449.022838400
dynamic_sart_stimulus_onset__v=1__trial=-16__condition=go__digit=9__block=-1__phase=practice__practice=1,1296449.469844200,1296449.470053600
dynamic_sart_stimulus_offset__v=1__trial=-16__condition=go__digit=9__block=-1__phase=practice__practice=1,1296449.743169500,1296449.743392000
dynamic_sart_response_window_close__v=1__trial=-16__condition=go__digit=9__block=-1__phase=practice__practice=1,1296451.076876900,1296451.077086900
dynamic_sart_trial_complete__v=1__trial=-16__condition=go__digit=9__block=-1__phase=practice__practice=1,1296451.076876900,1296451.087824400
dynamic_sart_stimulus_onset__v=1__trial=-17__condition=go__digit=2__block=-1__phase=practice__practice=1,1296451.515641900,1296451.516158000
dynamic_sart_stimulus_offset__v=1__trial=-17__condition=go__digit=2__block=-1__phase=practice__practice=1,1296451.780112900,1296451.780313900
dynamic_sart_response_window_close__v=1__trial=-17__condition=go__digit=2__block=-1__phase=practice__practice=1,1296453.125045100,1296453.125274300
dynamic_sart_trial_complete__v=1__trial=-17__condition=go__digit=2__block=-1__phase=practice__practice=1,1296453.125045100,1296453.132358600
dynamic_sart_stimulus_onset__v=1__trial=-18__condition=no_go__digit=3__block=-1__phase=practice__practice=1,1296453.592813300,1296453.593039900
dynamic_sart_stimulus_offset__v=1__trial=-18__condition=no_go__digit=3__block=-1__phase=practice__practice=1,1296453.876325000,1296453.876454600
dynamic_sart_response_window_close__v=1__trial=-18__condition=no_go__digit=3__block=-1__phase=practice__practice=1,1296455.202237400,1296455.202484100
dynamic_sart_trial_complete__v=1__trial=-18__condition=no_go__digit=3__block=-1__phase=practice__practice=1,1296455.202237400,1296455.213531300
dynamic_sart_stimulus_onset__v=1__trial=-19__condition=go__digit=1__block=-1__phase=practice__practice=1,1296455.666648400,1296455.666815700
dynamic_sart_stimulus_offset__v=1__trial=-19__condition=go__digit=1__block=-1__phase=practice__practice=1,1296455.947182400,1296455.947398700
dynamic_sart_response_window_close__v=1__trial=-19__condition=go__digit=1__block=-1__phase=practice__practice=1,1296457.263381800,1296457.263575400
dynamic_sart_trial_complete__v=1__trial=-19__condition=go__digit=1__block=-1__phase=practice__practice=1,1296457.263381800,1296457.270593100
dynamic_sart_stimulus_onset__v=1__trial=-20__condition=go__digit=7__block=-1__phase=practice__practice=1,1296457.701387100,1296457.701604200
dynamic_sart_stimulus_offset__v=1__trial=-20__condition=go__digit=7__block=-1__phase=practice__practice=1,1296457.984242300,1296457.984449400
dynamic_sart_response_window_close__v=1__trial=-20__condition=go__digit=7__block=-1__phase=practice__practice=1,1296459.312076700,1296459.312462500
dynamic_sart_trial_complete__v=1__trial=-20__condition=go__digit=7__block=-1__phase=practice__practice=1,1296459.312076700,1296459.320458500
dynamic_sart_stimulus_onset__v=1__trial=-21__condition=go__digit=5__block=-1__phase=practice__practice=1,1296459.777240600,1296459.777446300
dynamic_sart_stimulus_offset__v=1__trial=-21__condition=go__digit=5__block=-1__phase=practice__practice=1,1296460.032652800,1296460.032814600
dynamic_sart_response_window_close__v=1__trial=-21__condition=go__digit=5__block=-1__phase=practice__practice=1,1296461.373925600,1296461.374144900
dynamic_sart_trial_complete__v=1__trial=-21__condition=go__digit=5__block=-1__phase=practice__practice=1,1296461.373925600,1296461.385727100
dynamic_sart_stimulus_onset__v=1__trial=-22__condition=go__digit=7__block=-1__phase=practice__practice=1,1296461.846758300,1296461.846998100
dynamic_sart_stimulus_offset__v=1__trial=-22__condition=go__digit=7__block=-1__phase=practice__practice=1,1296462.115960600,1296462.116432800
dynamic_sart_response_window_close__v=1__trial=-22__condition=go__digit=7__block=-1__phase=practice__practice=1,1296463.453381700,1296463.453597100
dynamic_sart_trial_complete__v=1__trial=-22__condition=go__digit=7__block=-1__phase=practice__practice=1,1296463.453381700,1296463.461959800
dynamic_sart_stimulus_onset__v=1__trial=-23__condition=go__digit=0__block=-1__phase=practice__practice=1,1296463.902556300,1296463.902791100
dynamic_sart_stimulus_offset__v=1__trial=-23__condition=go__digit=0__block=-1__phase=practice__practice=1,1296464.171120000,1296464.171350500
dynamic_sart_response_window_close__v=1__trial=-23__condition=go__digit=0__block=-1__phase=practice__practice=1,1296465.499269800,1296465.499563800
dynamic_sart_trial_complete__v=1__trial=-23__condition=go__digit=0__block=-1__phase=practice__practice=1,1296465.499269800,1296465.507134900
dynamic_sart_stimulus_onset__v=1__trial=-24__condition=no_go__digit=3__block=-1__phase=practice__practice=1,1296465.958031600,1296465.958259000
dynamic_sart_stimulus_offset__v=1__trial=-24__condition=no_go__digit=3__block=-1__phase=practice__practice=1,1296466.245855400,1296466.246082200
dynamic_sart_response_window_close__v=1__trial=-24__condition=no_go__digit=3__block=-1__phase=practice__practice=1,1296467.561031000,1296467.561273100
dynamic_sart_trial_complete__v=1__trial=-24__condition=no_go__digit=3__block=-1__phase=practice__practice=1,1296467.561031000,1296467.570114600
dynamic_sart_stimulus_onset__v=1__trial=-25__condition=go__digit=2__block=-1__phase=practice__practice=1,1296468.022818700,1296468.023022400
dynamic_sart_stimulus_offset__v=1__trial=-25__condition=go__digit=2__block=-1__phase=practice__practice=1,1296468.292431200,1296468.292677900
dynamic_sart_response_window_close__v=1__trial=-25__condition=go__digit=2__block=-1__phase=practice__practice=1,1296469.623227700,1296469.623449300
dynamic_sart_trial_complete__v=1__trial=-25__condition=go__digit=2__block=-1__phase=practice__practice=1,1296469.623227700,1296469.631913400
dynamic_sart_stimulus_onset__v=1__trial=-26__condition=go__digit=9__block=-1__phase=practice__practice=1,1296470.100219300,1296470.100573600
dynamic_sart_stimulus_offset__v=1__trial=-26__condition=go__digit=9__block=-1__phase=practice__practice=1,1296470.367369800,1296470.368294100
dynamic_sart_response_window_close__v=1__trial=-26__condition=go__digit=9__block=-1__phase=practice__practice=1,1296471.702081100,1296471.702288400
dynamic_sart_trial_complete__v=1__trial=-26__condition=go__digit=9__block=-1__phase=practice__practice=1,1296471.702081100,1296471.713151600
dynamic_sart_stimulus_onset__v=1__trial=-27__condition=go__digit=4__block=-1__phase=practice__practice=1,1296472.167394500,1296472.167624600
dynamic_sart_stimulus_offset__v=1__trial=-27__condition=go__digit=4__block=-1__phase=practice__practice=1,1296472.432885500,1296472.433118500
dynamic_sart_response_window_close__v=1__trial=-27__condition=go__digit=4__block=-1__phase=practice__practice=1,1296473.765605700,1296473.765860200
dynamic_sart_trial_complete__v=1__trial=-27__condition=go__digit=4__block=-1__phase=practice__practice=1,1296473.765605700,1296473.773277600
dynamic_sart_stimulus_onset__v=1__trial=-28__condition=go__digit=8__block=-1__phase=practice__practice=1,1296474.215187800,1296474.215398200
dynamic_sart_stimulus_offset__v=1__trial=-28__condition=go__digit=8__block=-1__phase=practice__practice=1,1296474.486813900,1296474.487098800
dynamic_sart_response_window_close__v=1__trial=-28__condition=go__digit=8__block=-1__phase=practice__practice=1,1296475.812226300,1296475.812486400
dynamic_sart_trial_complete__v=1__trial=-28__condition=go__digit=8__block=-1__phase=practice__practice=1,1296475.812226300,1296475.819821800
dynamic_sart_stimulus_onset__v=1__trial=-29__condition=go__digit=6__block=-1__phase=practice__practice=1,1296476.267100100,1296476.267249300
dynamic_sart_stimulus_offset__v=1__trial=-29__condition=go__digit=6__block=-1__phase=practice__practice=1,1296476.541579100,1296476.541721600
dynamic_sart_response_window_close__v=1__trial=-29__condition=go__digit=6__block=-1__phase=practice__practice=1,1296477.873047100,1296477.873262900
dynamic_sart_trial_complete__v=1__trial=-29__condition=go__digit=6__block=-1__phase=practice__practice=1,1296477.873047100,1296477.880983800
dynamic_sart_stimulus_onset__v=1__trial=-30__condition=go__digit=1__block=-1__phase=practice__practice=1,1296478.338515500,1296478.338731800
dynamic_sart_stimulus_offset__v=1__trial=-30__condition=go__digit=1__block=-1__phase=practice__practice=1,1296478.611644500,1296478.611870600
dynamic_sart_response_window_close__v=1__trial=-30__condition=go__digit=1__block=-1__phase=practice__practice=1,1296479.938147300,1296479.938399200
dynamic_sart_trial_complete__v=1__trial=-30__condition=go__digit=1__block=-1__phase=practice__practice=1,1296479.938147300,1296479.946239900
dynamic_sart_stimulus_onset__v=1__trial=-31__condition=go__digit=5__block=-2__phase=practice__practice=1,1296484.696908300,1296484.697130000
dynamic_sart_stimulus_offset__v=1__trial=-31__condition=go__digit=5__block=-2__phase=practice__practice=1,1296484.965351100,1296484.965573700
dynamic_sart_response_window_close__v=1__trial=-31__condition=go__digit=5__block=-2__phase=practice__practice=1,1296486.294918100,1296486.295138200
dynamic_sart_trial_complete__v=1__trial=-31__condition=go__digit=5__block=-2__phase=practice__practice=1,1296486.294918100,1296486.301734100
dynamic_sart_stimulus_onset__v=1__trial=-32__condition=go__digit=6__block=-2__phase=practice__practice=1,1296486.732142900,1296486.732992700
dynamic_sart_stimulus_offset__v=1__trial=-32__condition=go__digit=6__block=-2__phase=practice__practice=1,1296486.997429800,1296486.997657100
dynamic_sart_response_window_close__v=1__trial=-32__condition=go__digit=6__block=-2__phase=practice__practice=1,1296488.327246500,1296488.327467400
dynamic_sart_trial_complete__v=1__trial=-32__condition=go__digit=6__block=-2__phase=practice__practice=1,1296488.327246500,1296488.335872300
dynamic_sart_stimulus_onset__v=1__trial=-33__condition=go__digit=4__block=-2__phase=practice__practice=1,1296488.801308200,1296488.801519900
dynamic_sart_stimulus_offset__v=1__trial=-33__condition=go__digit=4__block=-2__phase=practice__practice=1,1296489.078447400,1296489.078788800
dynamic_sart_response_window_close__v=1__trial=-33__condition=go__digit=4__block=-2__phase=practice__practice=1,1296490.403972000,1296490.404167800
dynamic_sart_trial_complete__v=1__trial=-33__condition=go__digit=4__block=-2__phase=practice__practice=1,1296490.403972000,1296490.412835500
dynamic_sart_stimulus_onset__v=1__trial=-34__condition=go__digit=7__block=-2__phase=practice__practice=1,1296490.865574700,1296490.865745400
dynamic_sart_stimulus_offset__v=1__trial=-34__condition=go__digit=7__block=-2__phase=practice__practice=1,1296491.141450500,1296491.141696800
dynamic_sart_response_window_close__v=1__trial=-34__condition=go__digit=7__block=-2__phase=practice__practice=1,1296492.467134300,1296492.467342700
dynamic_sart_trial_complete__v=1__trial=-34__condition=go__digit=7__block=-2__phase=practice__practice=1,1296492.467134300,1296492.474403500
dynamic_sart_stimulus_onset__v=1__trial=-35__condition=go__digit=0__block=-2__phase=practice__practice=1,1296492.896447600,1296492.896663100
dynamic_sart_stimulus_offset__v=1__trial=-35__condition=go__digit=0__block=-2__phase=practice__practice=1,1296493.162337200,1296493.162624800
dynamic_sart_response_window_close__v=1__trial=-35__condition=go__digit=0__block=-2__phase=practice__practice=1,1296494.499018800,1296494.499226300
dynamic_sart_trial_complete__v=1__trial=-35__condition=go__digit=0__block=-2__phase=practice__practice=1,1296494.499018800,1296494.506761600
dynamic_sart_stimulus_onset__v=1__trial=-36__condition=go__digit=9__block=-2__phase=practice__practice=1,1296494.950468100,1296494.950623200
dynamic_sart_stimulus_offset__v=1__trial=-36__condition=go__digit=9__block=-2__phase=practice__practice=1,1296495.223111200,1296495.223344200
dynamic_sart_response_window_close__v=1__trial=-36__condition=go__digit=9__block=-2__phase=practice__practice=1,1296496.547270100,1296496.547496900
dynamic_sart_trial_complete__v=1__trial=-36__condition=go__digit=9__block=-2__phase=practice__practice=1,1296496.547270100,1296496.555152600
dynamic_sart_stimulus_onset__v=1__trial=-37__condition=go__digit=8__block=-2__phase=practice__practice=1,1296496.991064300,1296496.991299300
dynamic_sart_stimulus_offset__v=1__trial=-37__condition=go__digit=8__block=-2__phase=practice__practice=1,1296497.257549300,1296497.257811300
dynamic_sart_response_window_close__v=1__trial=-37__condition=go__digit=8__block=-2__phase=practice__practice=1,1296498.593021000,1296498.593272200
dynamic_sart_trial_complete__v=1__trial=-37__condition=go__digit=8__block=-2__phase=practice__practice=1,1296498.593021000,1296498.600797100
dynamic_sart_stimulus_onset__v=1__trial=-38__condition=go__digit=1__block=-2__phase=practice__practice=1,1296499.045910700,1296499.046150900
dynamic_sart_stimulus_offset__v=1__trial=-38__condition=go__digit=1__block=-2__phase=practice__practice=1,1296499.313003100,1296499.313196100
dynamic_sart_response_window_close__v=1__trial=-38__condition=go__digit=1__block=-2__phase=practice__practice=1,1296500.654816800,1296500.655008500
dynamic_sart_trial_complete__v=1__trial=-38__condition=go__digit=1__block=-2__phase=practice__practice=1,1296500.654816800,1296500.662507200
dynamic_sart_stimulus_onset__v=1__trial=-39__condition=go__digit=2__block=-2__phase=practice__practice=1,1296501.099139900,1296501.099350600
dynamic_sart_stimulus_offset__v=1__trial=-39__condition=go__digit=2__block=-2__phase=practice__practice=1,1296501.362290600,1296501.362494700
dynamic_sart_response_window_close__v=1__trial=-39__condition=go__digit=2__block=-2__phase=practice__practice=1,1296502.702011100,1296502.702275900
dynamic_sart_trial_complete__v=1__trial=-39__condition=go__digit=2__block=-2__phase=practice__practice=1,1296502.702011100,1296502.709995400
dynamic_sart_stimulus_onset__v=1__trial=-40__condition=no_go__digit=3__block=-2__phase=practice__practice=1,1296503.133073100,1296503.133285100
dynamic_sart_stimulus_offset__v=1__trial=-40__condition=no_go__digit=3__block=-2__phase=practice__practice=1,1296503.402395600,1296503.403043300
dynamic_sart_response_window_close__v=1__trial=-40__condition=no_go__digit=3__block=-2__phase=practice__practice=1,1296504.733039000,1296504.733246500
dynamic_sart_trial_complete__v=1__trial=-40__condition=no_go__digit=3__block=-2__phase=practice__practice=1,1296504.733039000,1296504.740622600
dynamic_sart_stimulus_onset__v=1__trial=-41__condition=go__digit=9__block=-2__phase=practice__practice=1,1296505.180302300,1296505.180541000
dynamic_sart_stimulus_offset__v=1__trial=-41__condition=go__digit=9__block=-2__phase=practice__practice=1,1296505.453737900,1296505.453981200
dynamic_sart_response_window_close__v=1__trial=-41__condition=go__digit=9__block=-2__phase=practice__practice=1,1296506.781547900,1296506.781783000
dynamic_sart_trial_complete__v=1__trial=-41__condition=go__digit=9__block=-2__phase=practice__practice=1,1296506.781547900,1296506.789607600
dynamic_sart_stimulus_onset__v=1__trial=-42__condition=go__digit=4__block=-2__phase=practice__practice=1,1296507.222498300,1296507.222735300
dynamic_sart_stimulus_offset__v=1__trial=-42__condition=go__digit=4__block=-2__phase=practice__practice=1,1296507.496410400,1296507.497012900
dynamic_sart_response_window_close__v=1__trial=-42__condition=go__digit=4__block=-2__phase=practice__practice=1,1296508.828099400,1296508.828319500
dynamic_sart_trial_complete__v=1__trial=-42__condition=go__digit=4__block=-2__phase=practice__practice=1,1296508.828099400,1296508.836075200
dynamic_sart_stimulus_onset__v=1__trial=-43__condition=go__digit=0__block=-2__phase=practice__practice=1,1296509.263594600,1296509.263840000
dynamic_sart_stimulus_offset__v=1__trial=-43__condition=go__digit=0__block=-2__phase=practice__practice=1,1296509.540298700,1296509.540607500
dynamic_sart_response_window_close__v=1__trial=-43__condition=go__digit=0__block=-2__phase=practice__practice=1,1296510.873117300,1296510.873397700
dynamic_sart_trial_complete__v=1__trial=-43__condition=go__digit=0__block=-2__phase=practice__practice=1,1296510.873117300,1296510.881639500
dynamic_sart_stimulus_onset__v=1__trial=-44__condition=go__digit=1__block=-2__phase=practice__practice=1,1296511.313336700,1296511.313537700
dynamic_sart_stimulus_offset__v=1__trial=-44__condition=go__digit=1__block=-2__phase=practice__practice=1,1296511.579573800,1296511.579917200
dynamic_sart_response_window_close__v=1__trial=-44__condition=go__digit=1__block=-2__phase=practice__practice=1,1296512.920771900,1296512.920966100
dynamic_sart_trial_complete__v=1__trial=-44__condition=go__digit=1__block=-2__phase=practice__practice=1,1296512.920771900,1296512.928444200
dynamic_sart_stimulus_onset__v=1__trial=-45__condition=no_go__digit=3__block=-2__phase=practice__practice=1,1296513.365978000,1296513.366168900
dynamic_sart_stimulus_offset__v=1__trial=-45__condition=no_go__digit=3__block=-2__phase=practice__practice=1,1296513.642584300,1296513.642817700
dynamic_sart_response_window_close__v=1__trial=-45__condition=no_go__digit=3__block=-2__phase=practice__practice=1,1296514.968115700,1296514.968308800
dynamic_sart_trial_complete__v=1__trial=-45__condition=no_go__digit=3__block=-2__phase=practice__practice=1,1296514.968115700,1296514.976146900
dynamic_sart_stimulus_onset__v=1__trial=-46__condition=go__digit=6__block=-2__phase=practice__practice=1,1296515.419443200,1296515.419908900
dynamic_sart_stimulus_offset__v=1__trial=-46__condition=go__digit=6__block=-2__phase=practice__practice=1,1296515.691918400,1296515.692177900
dynamic_sart_response_window_close__v=1__trial=-46__condition=go__digit=6__block=-2__phase=practice__practice=1,1296517.013915500,1296517.014136700
dynamic_sart_trial_complete__v=1__trial=-46__condition=go__digit=6__block=-2__phase=practice__practice=1,1296517.013915500,1296517.021324500
dynamic_sart_stimulus_onset__v=1__trial=-47__condition=go__digit=2__block=-2__phase=practice__practice=1,1296517.445164500,1296517.445387300
dynamic_sart_stimulus_offset__v=1__trial=-47__condition=go__digit=2__block=-2__phase=practice__practice=1,1296517.716842600,1296517.717065100
dynamic_sart_response_window_close__v=1__trial=-47__condition=go__digit=2__block=-2__phase=practice__practice=1,1296519.047558500,1296519.047812500
dynamic_sart_trial_complete__v=1__trial=-47__condition=go__digit=2__block=-2__phase=practice__practice=1,1296519.047558500,1296519.055404400
dynamic_sart_stimulus_onset__v=1__trial=-48__condition=go__digit=7__block=-2__phase=practice__practice=1,1296519.512402000,1296519.512636200
dynamic_sart_stimulus_offset__v=1__trial=-48__condition=go__digit=7__block=-2__phase=practice__practice=1,1296519.769542600,1296519.769797100
dynamic_sart_response_window_close__v=1__trial=-48__condition=go__digit=7__block=-2__phase=practice__practice=1,1296521.109081400,1296521.109314100
dynamic_sart_trial_complete__v=1__trial=-48__condition=go__digit=7__block=-2__phase=practice__practice=1,1296521.109081400,1296521.116633600
dynamic_sart_stimulus_onset__v=1__trial=-49__condition=go__digit=5__block=-2__phase=practice__practice=1,1296521.546904800,1296521.547106200
dynamic_sart_stimulus_offset__v=1__trial=-49__condition=go__digit=5__block=-2__phase=practice__practice=1,1296521.817147900,1296521.817376700
dynamic_sart_response_window_close__v=1__trial=-49__condition=go__digit=5__block=-2__phase=practice__practice=1,1296523.154367900,1296523.154598400
dynamic_sart_trial_complete__v=1__trial=-49__condition=go__digit=5__block=-2__phase=practice__practice=1,1296523.154367900,1296523.161929400
dynamic_sart_stimulus_onset__v=1__trial=-50__condition=go__digit=8__block=-2__phase=practice__practice=1,1296523.601234500,1296523.601441700
dynamic_sart_stimulus_offset__v=1__trial=-50__condition=go__digit=8__block=-2__phase=practice__practice=1,1296523.865802600,1296523.866019900
dynamic_sart_response_window_close__v=1__trial=-50__condition=go__digit=8__block=-2__phase=practice__practice=1,1296525.201907300,1296525.202136200
dynamic_sart_trial_complete__v=1__trial=-50__condition=go__digit=8__block=-2__phase=practice__practice=1,1296525.201907300,1296525.209610000
dynamic_sart_stimulus_onset__v=1__trial=-51__condition=no_go__digit=3__block=-2__phase=practice__practice=1,1296525.655156500,1296525.655367300
dynamic_sart_stimulus_offset__v=1__trial=-51__condition=no_go__digit=3__block=-2__phase=practice__practice=1,1296525.930294800,1296525.930508400
dynamic_sart_response_window_close__v=1__trial=-51__condition=no_go__digit=3__block=-2__phase=practice__practice=1,1296527.264747100,1296527.264956600
dynamic_sart_trial_complete__v=1__trial=-51__condition=no_go__digit=3__block=-2__phase=practice__practice=1,1296527.264747100,1296527.276418700
dynamic_sart_stimulus_onset__v=1__trial=-52__condition=go__digit=4__block=-2__phase=practice__practice=1,1296527.714437800,1296527.714649100
dynamic_sart_stimulus_offset__v=1__trial=-52__condition=go__digit=4__block=-2__phase=practice__practice=1,1296527.977019200,1296527.977227200
dynamic_sart_response_window_close__v=1__trial=-52__condition=go__digit=4__block=-2__phase=practice__practice=1,1296529.310369300,1296529.310643500
dynamic_sart_trial_complete__v=1__trial=-52__condition=go__digit=4__block=-2__phase=practice__practice=1,1296529.310369300,1296529.317412500
dynamic_sart_stimulus_onset__v=1__trial=-53__condition=go__digit=2__block=-2__phase=practice__practice=1,1296529.776815400,1296529.777070400
dynamic_sart_stimulus_offset__v=1__trial=-53__condition=go__digit=2__block=-2__phase=practice__practice=1,1296530.035552700,1296530.035835700
dynamic_sart_response_window_close__v=1__trial=-53__condition=go__digit=2__block=-2__phase=practice__practice=1,1296531.374173900,1296531.374427200
dynamic_sart_trial_complete__v=1__trial=-53__condition=go__digit=2__block=-2__phase=practice__practice=1,1296531.374173900,1296531.382010200
dynamic_sart_stimulus_onset__v=1__trial=-54__condition=no_go__digit=3__block=-2__phase=practice__practice=1,1296531.831694600,1296531.831894800
dynamic_sart_stimulus_offset__v=1__trial=-54__condition=no_go__digit=3__block=-2__phase=practice__practice=1,1296532.107374900,1296532.107605900
dynamic_sart_response_window_close__v=1__trial=-54__condition=no_go__digit=3__block=-2__phase=practice__practice=1,1296533.437029700,1296533.437244300
dynamic_sart_trial_complete__v=1__trial=-54__condition=no_go__digit=3__block=-2__phase=practice__practice=1,1296533.437029700,1296533.445443500
dynamic_sart_stimulus_onset__v=1__trial=-55__condition=go__digit=6__block=-2__phase=practice__practice=1,1296533.883718400,1296533.883938200
dynamic_sart_stimulus_offset__v=1__trial=-55__condition=go__digit=6__block=-2__phase=practice__practice=1,1296534.148131600,1296534.148350000
dynamic_sart_response_window_close__v=1__trial=-55__condition=go__digit=6__block=-2__phase=practice__practice=1,1296535.483976300,1296535.484191100
dynamic_sart_trial_complete__v=1__trial=-55__condition=go__digit=6__block=-2__phase=practice__practice=1,1296535.483976300,1296535.489700100
dynamic_sart_stimulus_onset__v=1__trial=-56__condition=go__digit=1__block=-2__phase=practice__practice=1,1296535.934132900,1296535.934650200
dynamic_sart_stimulus_offset__v=1__trial=-56__condition=go__digit=1__block=-2__phase=practice__practice=1,1296536.206266000,1296536.206543900
dynamic_sart_response_window_close__v=1__trial=-56__condition=go__digit=1__block=-2__phase=practice__practice=1,1296537.529430600,1296537.529648800
dynamic_sart_trial_complete__v=1__trial=-56__condition=go__digit=1__block=-2__phase=practice__practice=1,1296537.529430600,1296537.540642500
dynamic_sart_stimulus_onset__v=1__trial=-57__condition=go__digit=0__block=-2__phase=practice__practice=1,1296537.995125000,1296537.995328100
dynamic_sart_stimulus_offset__v=1__trial=-57__condition=go__digit=0__block=-2__phase=practice__practice=1,1296538.243731400,1296538.243932500
dynamic_sart_response_window_close__v=1__trial=-57__condition=go__digit=0__block=-2__phase=practice__practice=1,1296539.592762100,1296539.592995400
dynamic_sart_trial_complete__v=1__trial=-57__condition=go__digit=0__block=-2__phase=practice__practice=1,1296539.592762100,1296539.601570500
dynamic_sart_stimulus_onset__v=1__trial=-58__condition=go__digit=7__block=-2__phase=practice__practice=1,1296540.062365500,1296540.062660400
dynamic_sart_stimulus_offset__v=1__trial=-58__condition=go__digit=7__block=-2__phase=practice__practice=1,1296540.339469400,1296540.339682900
dynamic_sart_response_window_close__v=1__trial=-58__condition=go__digit=7__block=-2__phase=practice__practice=1,1296541.670702300,1296541.670923600
dynamic_sart_trial_complete__v=1__trial=-58__condition=go__digit=7__block=-2__phase=practice__practice=1,1296541.670702300,1296541.678927800
dynamic_sart_stimulus_onset__v=1__trial=-59__condition=go__digit=8__block=-2__phase=practice__practice=1,1296542.150979500,1296542.151195100
dynamic_sart_stimulus_offset__v=1__trial=-59__condition=go__digit=8__block=-2__phase=practice__practice=1,1296542.434280700,1296542.434504700
dynamic_sart_response_window_close__v=1__trial=-59__condition=go__digit=8__block=-2__phase=practice__practice=1,1296543.749566900,1296543.749823500
dynamic_sart_trial_complete__v=1__trial=-59__condition=go__digit=8__block=-2__phase=practice__practice=1,1296543.749566900,1296543.757372600
dynamic_sart_stimulus_onset__v=1__trial=-60__condition=go__digit=9__block=-2__phase=practice__practice=1,1296544.206943200,1296544.207159400
dynamic_sart_stimulus_offset__v=1__trial=-60__condition=go__digit=9__block=-2__phase=practice__practice=1,1296544.486042000,1296544.486274000
dynamic_sart_response_window_close__v=1__trial=-60__condition=go__digit=9__block=-2__phase=practice__practice=1,1296545.810872300,1296545.811106600
dynamic_sart_trial_complete__v=1__trial=-60__condition=go__digit=9__block=-2__phase=practice__practice=1,1296545.810872300,1296545.818508200
dynamic_sart_practice_end,1296546.318444200,1296546.318595400
dynamic_sart_practice_ready_start,1296546.326018800,1296546.326367400
dynamic_sart_practice_ready_end,1296595.263180400,1296595.263319500
dynamic_sart_countdown_start,1296595.273434300,1296595.273782300
dynamic_sart_countdown_step__step=1__value=5,1296595.341424900,1296595.341639400
dynamic_sart_countdown_step__step=2__value=4,1296596.392211200,1296596.392432300
dynamic_sart_countdown_step__step=3__value=3,1296597.458583900,1296597.459313900
dynamic_sart_countdown_step__step=4__value=2,1296598.509302300,1296598.509534400
dynamic_sart_countdown_step__step=5__value=1,1296599.549809600,1296599.549958900
dynamic_sart_countdown_step__step=6__value=GO,1296600.583181200,1296600.583315600
dynamic_sart_countdown_end,1296601.592938700,1296601.593108700
dynamic_sart_block_start__block=1__phase=support,1296601.599130400,1296601.599568700
dynamic_sart_stimulus_onset__v=1__trial=1__condition=go__digit=2__block=1__phase=support__segment=session1_main__practice=0,1296601.677587400,1296601.677808700
dynamic_sart_stimulus_offset__v=1__trial=1__condition=go__digit=2__block=1__phase=support__segment=session1_main__practice=0,1296601.949220300,1296601.949453200
dynamic_sart_response_window_close__v=1__trial=1__condition=go__digit=2__block=1__phase=support__segment=session1_main__practice=0,1296603.281571500,1296603.281794400
dynamic_sart_trial_complete__v=1__trial=1__condition=go__digit=2__block=1__phase=support__segment=session1_main__practice=0,1296603.281571500,1296603.289681800
dynamic_sart_stimulus_onset__v=1__trial=2__condition=go__digit=1__block=1__phase=support__segment=session1_main__practice=0,1296603.360700600,1296603.360948200
dynamic_sart_stimulus_offset__v=1__trial=2__condition=go__digit=1__block=1__phase=support__segment=session1_main__practice=0,1296603.634339400,1296603.634771600
dynamic_sart_response_window_close__v=1__trial=2__condition=go__digit=1__block=1__phase=support__segment=session1_main__practice=0,1296604.967032000,1296604.967260700
dynamic_sart_trial_complete__v=1__trial=2__condition=go__digit=1__block=1__phase=support__segment=session1_main__practice=0,1296604.967032000,1296604.976271300
dynamic_sart_stimulus_onset__v=1__trial=3__condition=go__digit=0__block=1__phase=support__segment=session1_main__practice=0,1296605.042204400,1296605.042424500
dynamic_sart_stimulus_offset__v=1__trial=3__condition=go__digit=0__block=1__phase=support__segment=session1_main__practice=0,1296605.300253200,1296605.300454800
dynamic_sart_response_window_close__v=1__trial=3__condition=go__digit=0__block=1__phase=support__segment=session1_main__practice=0,1296606.638761200,1296606.638984700
dynamic_sart_trial_complete__v=1__trial=3__condition=go__digit=0__block=1__phase=support__segment=session1_main__practice=0,1296606.638761200,1296606.646519800
dynamic_sart_stimulus_onset__v=1__trial=4__condition=go__digit=5__block=1__phase=support__segment=session1_main__practice=0,1296606.717410100,1296606.717567100
dynamic_sart_stimulus_offset__v=1__trial=4__condition=go__digit=5__block=1__phase=support__segment=session1_main__practice=0,1296606.978988100,1296606.979200000
dynamic_sart_response_window_close__v=1__trial=4__condition=go__digit=5__block=1__phase=support__segment=session1_main__practice=0,1296608.327229800,1296608.327425300
dynamic_sart_trial_complete__v=1__trial=4__condition=go__digit=5__block=1__phase=support__segment=session1_main__practice=0,1296608.327229800,1296608.334956900
dynamic_sart_stimulus_onset__v=1__trial=5__condition=no_go__digit=3__block=1__phase=support__segment=session1_main__practice=0,1296608.401480400,1296608.401685200
dynamic_sart_stimulus_offset__v=1__trial=5__condition=no_go__digit=3__block=1__phase=support__segment=session1_main__practice=0,1296608.680196000,1296608.680420700
dynamic_sart_response_window_close__v=1__trial=5__condition=no_go__digit=3__block=1__phase=support__segment=session1_main__practice=0,1296609.998652500,1296609.998832300
dynamic_sart_trial_complete__v=1__trial=5__condition=no_go__digit=3__block=1__phase=support__segment=session1_main__practice=0,1296609.998652500,1296610.006239800
dynamic_sart_stimulus_onset__v=1__trial=6__condition=go__digit=6__block=1__phase=support__segment=session1_main__practice=0,1296610.084213000,1296610.084466100
dynamic_sart_stimulus_offset__v=1__trial=6__condition=go__digit=6__block=1__phase=support__segment=session1_main__practice=0,1296610.350737000,1296610.350952600
dynamic_sart_response_window_close__v=1__trial=6__condition=go__digit=6__block=1__phase=support__segment=session1_main__practice=0,1296611.686612600,1296611.686852700
dynamic_sart_trial_complete__v=1__trial=6__condition=go__digit=6__block=1__phase=support__segment=session1_main__practice=0,1296611.686612600,1296611.693986700
dynamic_sart_stimulus_onset__v=1__trial=7__condition=go__digit=7__block=1__phase=support__segment=session1_main__practice=0,1296611.775827000,1296611.776063200
dynamic_sart_stimulus_offset__v=1__trial=7__condition=go__digit=7__block=1__phase=support__segment=session1_main__practice=0,1296612.035291200,1296612.035643000
dynamic_sart_response_window_close__v=1__trial=7__condition=go__digit=7__block=1__phase=support__segment=session1_main__practice=0,1296613.374143200,1296613.374400700
dynamic_sart_trial_complete__v=1__trial=7__condition=go__digit=7__block=1__phase=support__segment=session1_main__practice=0,1296613.374143200,1296613.382132600
dynamic_sart_stimulus_onset__v=1__trial=8__condition=go__digit=4__block=1__phase=support__segment=session1_main__practice=0,1296613.451435000,1296613.451665900
dynamic_sart_stimulus_offset__v=1__trial=8__condition=go__digit=4__block=1__phase=support__segment=session1_main__practice=0,1296613.737623600,1296613.737841800
dynamic_sart_response_window_close__v=1__trial=8__condition=go__digit=4__block=1__phase=support__segment=session1_main__practice=0,1296615.061667000,1296615.061909100
dynamic_sart_trial_complete__v=1__trial=8__condition=go__digit=4__block=1__phase=support__segment=session1_main__practice=0,1296615.061667000,1296615.070250600
dynamic_sart_stimulus_onset__v=1__trial=9__condition=go__digit=8__block=1__phase=support__segment=session1_main__practice=0,1296615.157276300,1296615.157504800
dynamic_sart_stimulus_offset__v=1__trial=9__condition=go__digit=8__block=1__phase=support__segment=session1_main__practice=0,1296615.435745000,1296615.435934600
dynamic_sart_response_window_close__v=1__trial=9__condition=go__digit=8__block=1__phase=support__segment=session1_main__practice=0,1296616.765387400,1296616.765839300
dynamic_sart_trial_complete__v=1__trial=9__condition=go__digit=8__block=1__phase=support__segment=session1_main__practice=0,1296616.765387400,1296616.773864000
dynamic_sart_stimulus_onset__v=1__trial=10__condition=go__digit=9__block=1__phase=support__segment=session1_main__practice=0,1296616.858945600,1296616.859405600
dynamic_sart_stimulus_offset__v=1__trial=10__condition=go__digit=9__block=1__phase=support__segment=session1_main__practice=0,1296617.140848600,1296617.141081600
dynamic_sart_response_window_close__v=1__trial=10__condition=go__digit=9__block=1__phase=support__segment=session1_main__practice=0,1296618.467818600,1296618.468042200
dynamic_sart_trial_complete__v=1__trial=10__condition=go__digit=9__block=1__phase=support__segment=session1_main__practice=0,1296618.467818600,1296618.475614100
dynamic_sart_stimulus_onset__v=1__trial=11__condition=go__digit=2__block=1__phase=support__segment=session1_main__practice=0,1296618.545596900,1296618.545859200
dynamic_sart_stimulus_offset__v=1__trial=11__condition=go__digit=2__block=1__phase=support__segment=session1_main__practice=0,1296618.818420100,1296618.818698400
dynamic_sart_response_window_close__v=1__trial=11__condition=go__digit=2__block=1__phase=support__segment=session1_main__practice=0,1296620.154027000,1296620.154230000
dynamic_sart_trial_complete__v=1__trial=11__condition=go__digit=2__block=1__phase=support__segment=session1_main__practice=0,1296620.154027000,1296620.161755800
dynamic_sart_stimulus_onset__v=1__trial=12__condition=no_go__digit=3__block=1__phase=support__segment=session1_main__practice=0,1296620.234052700,1296620.234237000
dynamic_sart_stimulus_offset__v=1__trial=12__condition=no_go__digit=3__block=1__phase=support__segment=session1_main__practice=0,1296620.504096600,1296620.504442800
dynamic_sart_response_window_close__v=1__trial=12__condition=no_go__digit=3__block=1__phase=support__segment=session1_main__practice=0,1296621.842463500,1296621.842676900
dynamic_sart_trial_complete__v=1__trial=12__condition=no_go__digit=3__block=1__phase=support__segment=session1_main__practice=0,1296621.842463500,1296621.849689200
dynamic_sart_stimulus_onset__v=1__trial=13__condition=go__digit=8__block=1__phase=support__segment=session1_main__practice=0,1296621.907158000,1296621.907405100
dynamic_sart_stimulus_offset__v=1__trial=13__condition=go__digit=8__block=1__phase=support__segment=session1_main__practice=0,1296622.186045500,1296622.186390300
dynamic_sart_response_window_close__v=1__trial=13__condition=go__digit=8__block=1__phase=support__segment=session1_main__practice=0,1296623.514791600,1296623.515013000
dynamic_sart_trial_complete__v=1__trial=13__condition=go__digit=8__block=1__phase=support__segment=session1_main__practice=0,1296623.514791600,1296623.522809700
dynamic_sart_stimulus_onset__v=1__trial=14__condition=go__digit=9__block=1__phase=support__segment=session1_main__practice=0,1296623.578947700,1296623.579162500
dynamic_sart_stimulus_offset__v=1__trial=14__condition=go__digit=9__block=1__phase=support__segment=session1_main__practice=0,1296623.851244200,1296623.851470200
dynamic_sart_response_window_close__v=1__trial=14__condition=go__digit=9__block=1__phase=support__segment=session1_main__practice=0,1296625.185596300,1296625.185832400
dynamic_sart_trial_complete__v=1__trial=14__condition=go__digit=9__block=1__phase=support__segment=session1_main__practice=0,1296625.185596300,1296625.194475300
dynamic_sart_stimulus_onset__v=1__trial=15__condition=go__digit=5__block=1__phase=support__segment=session1_main__practice=0,1296625.274918000,1296625.275154100
dynamic_sart_stimulus_offset__v=1__trial=15__condition=go__digit=5__block=1__phase=support__segment=session1_main__practice=0,1296625.542831400,1296625.543177800
dynamic_sart_response_window_close__v=1__trial=15__condition=go__digit=5__block=1__phase=support__segment=session1_main__practice=0,1296626.873855900,1296626.874097200
dynamic_sart_trial_complete__v=1__trial=15__condition=go__digit=5__block=1__phase=support__segment=session1_main__practice=0,1296626.873855900,1296626.883370000
dynamic_sart_stimulus_onset__v=1__trial=16__condition=go__digit=1__block=1__phase=support__segment=session1_main__practice=0,1296626.961553700,1296626.961780600
dynamic_sart_stimulus_offset__v=1__trial=16__condition=go__digit=1__block=1__phase=support__segment=session1_main__practice=0,1296627.241343700,1296627.241564100
dynamic_sart_response_window_close__v=1__trial=16__condition=go__digit=1__block=1__phase=support__segment=session1_main__practice=0,1296628.562650500,1296628.562877500
dynamic_sart_trial_complete__v=1__trial=16__condition=go__digit=1__block=1__phase=support__segment=session1_main__practice=0,1296628.562650500,1296628.570571500
dynamic_sart_stimulus_onset__v=1__trial=17__condition=go__digit=4__block=1__phase=support__segment=session1_main__practice=0,1296628.629949100,1296628.630180700
dynamic_sart_stimulus_offset__v=1__trial=17__condition=go__digit=4__block=1__phase=support__segment=session1_main__practice=0,1296628.906742300,1296628.907154300
dynamic_sart_response_window_close__v=1__trial=17__condition=go__digit=4__block=1__phase=support__segment=session1_main__practice=0,1296630.232224200,1296630.232447400
dynamic_sart_trial_complete__v=1__trial=17__condition=go__digit=4__block=1__phase=support__segment=session1_main__practice=0,1296630.232224200,1296630.238795600
dynamic_sart_stimulus_onset__v=1__trial=18__condition=no_go__digit=3__block=1__phase=support__segment=session1_main__practice=0,1296630.308905100,1296630.309122100
dynamic_sart_stimulus_offset__v=1__trial=18__condition=no_go__digit=3__block=1__phase=support__segment=session1_main__practice=0,1296630.578789400,1296630.579020600
dynamic_sart_response_window_close__v=1__trial=18__condition=no_go__digit=3__block=1__phase=support__segment=session1_main__practice=0,1296631.904254200,1296631.904480000
dynamic_sart_trial_complete__v=1__trial=18__condition=no_go__digit=3__block=1__phase=support__segment=session1_main__practice=0,1296631.904254200,1296631.912182700
dynamic_sart_stimulus_onset__v=1__trial=19__condition=go__digit=0__block=1__phase=support__segment=session1_main__practice=0,1296631.973920500,1296631.974264600
dynamic_sart_stimulus_offset__v=1__trial=19__condition=go__digit=0__block=1__phase=support__segment=session1_main__practice=0,1296632.229358100,1296632.229563200
dynamic_sart_response_window_close__v=1__trial=19__condition=go__digit=0__block=1__phase=support__segment=session1_main__practice=0,1296633.578581600,1296633.578809000
dynamic_sart_trial_complete__v=1__trial=19__condition=go__digit=0__block=1__phase=support__segment=session1_main__practice=0,1296633.578581600,1296633.586439100
dynamic_sart_stimulus_onset__v=1__trial=20__condition=go__digit=6__block=1__phase=support__segment=session1_main__practice=0,1296633.666122800,1296633.666285100
dynamic_sart_stimulus_offset__v=1__trial=20__condition=go__digit=6__block=1__phase=support__segment=session1_main__practice=0,1296633.943248600,1296633.943593100
dynamic_sart_response_window_close__v=1__trial=20__condition=go__digit=6__block=1__phase=support__segment=session1_main__practice=0,1296635.266259300,1296635.266674200
dynamic_sart_trial_complete__v=1__trial=20__condition=go__digit=6__block=1__phase=support__segment=session1_main__practice=0,1296635.266259300,1296635.275862000
dynamic_sart_stimulus_onset__v=1__trial=21__condition=go__digit=7__block=1__phase=support__segment=session1_main__practice=0,1296635.347876200,1296635.348103800
dynamic_sart_stimulus_offset__v=1__trial=21__condition=go__digit=7__block=1__phase=support__segment=session1_main__practice=0,1296635.629325700,1296635.629553600
dynamic_sart_response_window_close__v=1__trial=21__condition=go__digit=7__block=1__phase=support__segment=session1_main__practice=0,1296636.951126300,1296636.951515000
dynamic_sart_trial_complete__v=1__trial=21__condition=go__digit=7__block=1__phase=support__segment=session1_main__practice=0,1296636.951126300,1296636.966941800
dynamic_sart_recorder_warning__v=1__trial=22__condition=go__digit=0__block=1__phase=support__segment=session1_main__practice=0,1296636.976059400,1296636.976627900
dynamic_sart_stimulus_onset__v=1__trial=22__condition=go__digit=0__block=1__phase=support__segment=session1_main__practice=0,1296637.034063400,1296637.034579100
dynamic_sart_stimulus_offset__v=1__trial=22__condition=go__digit=0__block=1__phase=support__segment=session1_main__practice=0,1296637.318087100,1296637.318316700
dynamic_sart_response_window_close__v=1__trial=22__condition=go__digit=0__block=1__phase=support__segment=session1_main__practice=0,1296638.639291000,1296638.639496100
dynamic_sart_trial_complete__v=1__trial=22__condition=go__digit=0__block=1__phase=support__segment=session1_main__practice=0,1296638.639291000,1296638.647345000
dynamic_sart_stimulus_onset__v=1__trial=23__condition=go__digit=8__block=1__phase=support__segment=session1_main__practice=0,1296638.711793700,1296638.712009500
dynamic_sart_stimulus_offset__v=1__trial=23__condition=go__digit=8__block=1__phase=support__segment=session1_main__practice=0,1296638.984829100,1296638.985055500
dynamic_sart_response_window_close__v=1__trial=23__condition=go__digit=8__block=1__phase=support__segment=session1_main__practice=0,1296640.311341700,1296640.311530600
dynamic_sart_trial_complete__v=1__trial=23__condition=go__digit=8__block=1__phase=support__segment=session1_main__practice=0,1296640.311341700,1296640.319603900
dynamic_sart_stimulus_onset__v=1__trial=24__condition=go__digit=5__block=1__phase=support__segment=session1_main__practice=0,1296640.377703600,1296640.377927700
dynamic_sart_stimulus_offset__v=1__trial=24__condition=go__digit=5__block=1__phase=support__segment=session1_main__practice=0,1296640.663304700,1296640.663548200
dynamic_sart_response_window_close__v=1__trial=24__condition=go__digit=5__block=1__phase=support__segment=session1_main__practice=0,1296641.982262500,1296641.982542500
dynamic_sart_trial_complete__v=1__trial=24__condition=go__digit=5__block=1__phase=support__segment=session1_main__practice=0,1296641.982262500,1296641.991255100
dynamic_sart_stimulus_onset__v=1__trial=25__condition=no_go__digit=3__block=1__phase=support__segment=session1_main__practice=0,1296642.083277000,1296642.083430600
dynamic_sart_stimulus_offset__v=1__trial=25__condition=no_go__digit=3__block=1__phase=support__segment=session1_main__practice=0,1296642.366340600,1296642.367388500
dynamic_sart_response_window_close__v=1__trial=25__condition=no_go__digit=3__block=1__phase=support__segment=session1_main__practice=0,1296643.687330900,1296643.687587600
dynamic_sart_trial_complete__v=1__trial=25__condition=no_go__digit=3__block=1__phase=support__segment=session1_main__practice=0,1296643.687330900,1296643.696139700
dynamic_sart_stimulus_onset__v=1__trial=26__condition=go__digit=1__block=1__phase=support__segment=session1_main__practice=0,1296643.821742300,1296643.822001600
dynamic_sart_stimulus_offset__v=1__trial=26__condition=go__digit=1__block=1__phase=support__segment=session1_main__practice=0,1296644.094769100,1296644.094998300
dynamic_sart_response_window_close__v=1__trial=26__condition=go__digit=1__block=1__phase=support__segment=session1_main__practice=0,1296645.420595800,1296645.420876800
dynamic_sart_trial_complete__v=1__trial=26__condition=go__digit=1__block=1__phase=support__segment=session1_main__practice=0,1296645.420595800,1296645.430760500
dynamic_sart_stimulus_onset__v=1__trial=27__condition=go__digit=6__block=1__phase=support__segment=session1_main__practice=0,1296645.491651500,1296645.492240200
dynamic_sart_stimulus_offset__v=1__trial=27__condition=go__digit=6__block=1__phase=support__segment=session1_main__practice=0,1296645.768196600,1296645.768407600
dynamic_sart_response_window_close__v=1__trial=27__condition=go__digit=6__block=1__phase=support__segment=session1_main__practice=0,1296647.092453700,1296647.092683900
dynamic_sart_trial_complete__v=1__trial=27__condition=go__digit=6__block=1__phase=support__segment=session1_main__practice=0,1296647.092453700,1296647.103370000
dynamic_sart_stimulus_onset__v=1__trial=28__condition=go__digit=7__block=1__phase=support__segment=session1_main__practice=0,1296647.178102500,1296647.178367900
dynamic_sart_stimulus_offset__v=1__trial=28__condition=go__digit=7__block=1__phase=support__segment=session1_main__practice=0,1296647.460819600,1296647.461059500
dynamic_sart_response_window_close__v=1__trial=28__condition=go__digit=7__block=1__phase=support__segment=session1_main__practice=0,1296648.779887400,1296648.780099800
dynamic_sart_trial_complete__v=1__trial=28__condition=go__digit=7__block=1__phase=support__segment=session1_main__practice=0,1296648.779887400,1296648.789656600
dynamic_sart_stimulus_onset__v=1__trial=29__condition=go__digit=9__block=1__phase=support__segment=session1_main__practice=0,1296648.850269500,1296648.850431700
dynamic_sart_stimulus_offset__v=1__trial=29__condition=go__digit=9__block=1__phase=support__segment=session1_main__practice=0,1296649.117115900,1296649.117331400
dynamic_sart_response_window_close__v=1__trial=29__condition=go__digit=9__block=1__phase=support__segment=session1_main__practice=0,1296650.452799500,1296650.453057500
dynamic_sart_trial_complete__v=1__trial=29__condition=go__digit=9__block=1__phase=support__segment=session1_main__practice=0,1296650.452799500,1296650.461021600
dynamic_sart_stimulus_onset__v=1__trial=30__condition=go__digit=4__block=1__phase=support__segment=session1_main__practice=0,1296650.513545000,1296650.513790100
dynamic_sart_stimulus_offset__v=1__trial=30__condition=go__digit=4__block=1__phase=support__segment=session1_main__practice=0,1296650.762403900,1296650.762948200
dynamic_sart_response_window_close__v=1__trial=30__condition=go__digit=4__block=1__phase=support__segment=session1_main__practice=0,1296652.108497700,1296652.108719100
dynamic_sart_trial_complete__v=1__trial=30__condition=go__digit=4__block=1__phase=support__segment=session1_main__practice=0,1296652.108497700,1296652.115876000
dynamic_sart_stimulus_onset__v=1__trial=31__condition=no_go__digit=3__block=1__phase=support__segment=session1_main__practice=0,1296652.176504300,1296652.176720700
dynamic_sart_stimulus_offset__v=1__trial=31__condition=no_go__digit=3__block=1__phase=support__segment=session1_main__practice=0,1296652.466643300,1296652.466780100
dynamic_sart_response_window_close__v=1__trial=31__condition=no_go__digit=3__block=1__phase=support__segment=session1_main__practice=0,1296653.779692800,1296653.779920600
dynamic_sart_trial_complete__v=1__trial=31__condition=no_go__digit=3__block=1__phase=support__segment=session1_main__practice=0,1296653.779692800,1296653.787678200
dynamic_sart_stimulus_onset__v=1__trial=32__condition=go__digit=2__block=1__phase=support__segment=session1_main__practice=0,1296653.835569500,1296653.835799700
dynamic_sart_stimulus_offset__v=1__trial=32__condition=go__digit=2__block=1__phase=support__segment=session1_main__practice=0,1296654.107375500,1296654.107525100
dynamic_sart_response_window_close__v=1__trial=32__condition=go__digit=2__block=1__phase=support__segment=session1_main__practice=0,1296655.435468000,1296655.435693600
dynamic_sart_trial_complete__v=1__trial=32__condition=go__digit=2__block=1__phase=support__segment=session1_main__practice=0,1296655.435468000,1296655.443657800
dynamic_sart_stimulus_onset__v=1__trial=33__condition=go__digit=4__block=1__phase=support__segment=session1_main__practice=0,1296655.501295900,1296655.501471200
dynamic_sart_stimulus_offset__v=1__trial=33__condition=go__digit=4__block=1__phase=support__segment=session1_main__practice=0,1296655.762921800,1296655.763118000
dynamic_sart_response_window_close__v=1__trial=33__condition=go__digit=4__block=1__phase=support__segment=session1_main__practice=0,1296657.109060500,1296657.109312000
dynamic_sart_trial_complete__v=1__trial=33__condition=go__digit=4__block=1__phase=support__segment=session1_main__practice=0,1296657.109060500,1296657.124178600
dynamic_sart_stimulus_onset__v=1__trial=34__condition=go__digit=0__block=1__phase=support__segment=session1_main__practice=0,1296657.192763800,1296657.192991000
dynamic_sart_stimulus_offset__v=1__trial=34__condition=go__digit=0__block=1__phase=support__segment=session1_main__practice=0,1296657.466659000,1296657.466942500
dynamic_sart_response_window_close__v=1__trial=34__condition=go__digit=0__block=1__phase=support__segment=session1_main__practice=0,1296658.795428700,1296658.795618200
dynamic_sart_trial_complete__v=1__trial=34__condition=go__digit=0__block=1__phase=support__segment=session1_main__practice=0,1296658.795428700,1296658.803004500
dynamic_sart_stimulus_onset__v=1__trial=35__condition=go__digit=6__block=1__phase=support__segment=session1_main__practice=0,1296658.852716100,1296658.853015100
dynamic_sart_stimulus_offset__v=1__trial=35__condition=go__digit=6__block=1__phase=support__segment=session1_main__practice=0,1296659.113966000,1296659.114187100
dynamic_sart_response_window_close__v=1__trial=35__condition=go__digit=6__block=1__phase=support__segment=session1_main__practice=0,1296660.451359700,1296660.451550400
dynamic_sart_trial_complete__v=1__trial=35__condition=go__digit=6__block=1__phase=support__segment=session1_main__practice=0,1296660.451359700,1296660.459337500
dynamic_sart_stimulus_onset__v=1__trial=36__condition=go__digit=8__block=1__phase=support__segment=session1_main__practice=0,1296660.512399800,1296660.512612500
dynamic_sart_stimulus_offset__v=1__trial=36__condition=go__digit=8__block=1__phase=support__segment=session1_main__practice=0,1296660.762408900,1296660.762625100
dynamic_sart_response_window_close__v=1__trial=36__condition=go__digit=8__block=1__phase=support__segment=session1_main__practice=0,1296662.108246300,1296662.108464500
dynamic_sart_trial_complete__v=1__trial=36__condition=go__digit=8__block=1__phase=support__segment=session1_main__practice=0,1296662.108246300,1296662.115869200
dynamic_sart_stimulus_onset__v=1__trial=37__condition=go__digit=5__block=1__phase=support__segment=session1_main__practice=0,1296662.181390300,1296662.181548300
dynamic_sart_stimulus_offset__v=1__trial=37__condition=go__digit=5__block=1__phase=support__segment=session1_main__practice=0,1296662.459807600,1296662.460121500
dynamic_sart_response_window_close__v=1__trial=37__condition=go__digit=5__block=1__phase=support__segment=session1_main__practice=0,1296663.781299100,1296663.781530400
dynamic_sart_trial_complete__v=1__trial=37__condition=go__digit=5__block=1__phase=support__segment=session1_main__practice=0,1296663.781299100,1296663.790739000
dynamic_sart_stimulus_onset__v=1__trial=38__condition=no_go__digit=3__block=1__phase=support__segment=session1_main__practice=0,1296663.861975100,1296663.862207600
dynamic_sart_stimulus_offset__v=1__trial=38__condition=no_go__digit=3__block=1__phase=support__segment=session1_main__practice=0,1296664.144401600,1296664.144538900
dynamic_sart_response_window_close__v=1__trial=38__condition=no_go__digit=3__block=1__phase=support__segment=session1_main__practice=0,1296665.467222000,1296665.467448900
dynamic_sart_trial_complete__v=1__trial=38__condition=no_go__digit=3__block=1__phase=support__segment=session1_main__practice=0,1296665.467222000,1296665.474564800
dynamic_sart_stimulus_onset__v=1__trial=39__condition=go__digit=7__block=1__phase=support__segment=session1_main__practice=0,1296665.543703300,1296665.543944200
dynamic_sart_stimulus_offset__v=1__trial=39__condition=go__digit=7__block=1__phase=support__segment=session1_main__practice=0,1296665.816348100,1296665.816581100
dynamic_sart_response_window_close__v=1__trial=39__condition=go__digit=7__block=1__phase=support__segment=session1_main__practice=0,1296667.138493900,1296667.138710500
dynamic_sart_trial_complete__v=1__trial=39__condition=go__digit=7__block=1__phase=support__segment=session1_main__practice=0,1296667.138493900,1296667.149664400
dynamic_sart_stimulus_onset__v=1__trial=40__condition=go__digit=9__block=1__phase=support__segment=session1_main__practice=0,1296667.200346900,1296667.200576700
dynamic_sart_stimulus_offset__v=1__trial=40__condition=go__digit=9__block=1__phase=support__segment=session1_main__practice=0,1296667.468563500,1296667.468722300
dynamic_sart_response_window_close__v=1__trial=40__condition=go__digit=9__block=1__phase=support__segment=session1_main__practice=0,1296668.795520300,1296668.795755800
dynamic_sart_trial_complete__v=1__trial=40__condition=go__digit=9__block=1__phase=support__segment=session1_main__practice=0,1296668.795520300,1296668.803897300
dynamic_sart_stimulus_onset__v=1__trial=41__condition=go__digit=1__block=1__phase=support__segment=session1_main__practice=0,1296668.863204500,1296668.863765600
dynamic_sart_stimulus_offset__v=1__trial=41__condition=go__digit=1__block=1__phase=support__segment=session1_main__practice=0,1296669.145716700,1296669.145949300
dynamic_sart_response_window_close__v=1__trial=41__condition=go__digit=1__block=1__phase=support__segment=session1_main__practice=0,1296670.468046400,1296670.468222800
dynamic_sart_trial_complete__v=1__trial=41__condition=go__digit=1__block=1__phase=support__segment=session1_main__practice=0,1296670.468046400,1296670.475866200
dynamic_sart_stimulus_onset__v=1__trial=42__condition=go__digit=2__block=1__phase=support__segment=session1_main__practice=0,1296670.544136200,1296670.544365300
dynamic_sart_stimulus_offset__v=1__trial=42__condition=go__digit=2__block=1__phase=support__segment=session1_main__practice=0,1296670.799566200,1296670.799783200
dynamic_sart_response_window_close__v=1__trial=42__condition=go__digit=2__block=1__phase=support__segment=session1_main__practice=0,1296672.138975500,1296672.139172500
dynamic_sart_trial_complete__v=1__trial=42__condition=go__digit=2__block=1__phase=support__segment=session1_main__practice=0,1296672.138975500,1296672.147174300
dynamic_sart_stimulus_onset__v=1__trial=43__condition=go__digit=8__block=1__phase=support__segment=session1_main__practice=0,1296672.209184200,1296672.209406700
dynamic_sart_stimulus_offset__v=1__trial=43__condition=go__digit=8__block=1__phase=support__segment=session1_main__practice=0,1296672.492961600,1296672.493541400
dynamic_sart_response_window_close__v=1__trial=43__condition=go__digit=8__block=1__phase=support__segment=session1_main__practice=0,1296673.811128500,1296673.811377900
dynamic_sart_trial_complete__v=1__trial=43__condition=go__digit=8__block=1__phase=support__segment=session1_main__practice=0,1296673.811128500,1296673.819217700
dynamic_sart_stimulus_onset__v=1__trial=44__condition=go__digit=2__block=1__phase=support__segment=session1_main__practice=0,1296673.868144100,1296673.868310000
dynamic_sart_stimulus_offset__v=1__trial=44__condition=go__digit=2__block=1__phase=support__segment=session1_main__practice=0,1296674.146006200,1296674.146245400
dynamic_sart_response_window_close__v=1__trial=44__condition=go__digit=2__block=1__phase=support__segment=session1_main__practice=0,1296675.468424200,1296675.468657600
dynamic_sart_trial_complete__v=1__trial=44__condition=go__digit=2__block=1__phase=support__segment=session1_main__practice=0,1296675.468424200,1296675.477284400
dynamic_sart_stimulus_onset__v=1__trial=45__condition=no_go__digit=3__block=1__phase=support__segment=session1_main__practice=0,1296675.533384600,1296675.533598300
dynamic_sart_stimulus_offset__v=1__trial=45__condition=no_go__digit=3__block=1__phase=support__segment=session1_main__practice=0,1296675.801213100,1296675.801431900
dynamic_sart_response_window_close__v=1__trial=45__condition=no_go__digit=3__block=1__phase=support__segment=session1_main__practice=0,1296677.139233600,1296677.139578100
dynamic_sart_trial_complete__v=1__trial=45__condition=no_go__digit=3__block=1__phase=support__segment=session1_main__practice=0,1296677.139233600,1296677.149446100
dynamic_sart_stimulus_onset__v=1__trial=46__condition=go__digit=1__block=1__phase=support__segment=session1_main__practice=0,1296677.212001600,1296677.212214500
dynamic_sart_stimulus_offset__v=1__trial=46__condition=go__digit=1__block=1__phase=support__segment=session1_main__practice=0,1296677.479495900,1296677.479728200
dynamic_sart_response_window_close__v=1__trial=46__condition=go__digit=1__block=1__phase=support__segment=session1_main__practice=0,1296678.811129200,1296678.811352600
dynamic_sart_trial_complete__v=1__trial=46__condition=go__digit=1__block=1__phase=support__segment=session1_main__practice=0,1296678.811129200,1296678.819159800
dynamic_sart_stimulus_onset__v=1__trial=47__condition=go__digit=7__block=1__phase=support__segment=session1_main__practice=0,1296678.892566200,1296678.892885000
dynamic_sart_stimulus_offset__v=1__trial=47__condition=go__digit=7__block=1__phase=support__segment=session1_main__practice=0,1296679.168121700,1296679.168437400
dynamic_sart_response_window_close__v=1__trial=47__condition=go__digit=7__block=1__phase=support__segment=session1_main__practice=0,1296680.499115700,1296680.499343800
dynamic_sart_trial_complete__v=1__trial=47__condition=go__digit=7__block=1__phase=support__segment=session1_main__practice=0,1296680.499115700,1296680.508375500
dynamic_sart_stimulus_onset__v=1__trial=48__condition=go__digit=6__block=1__phase=support__segment=session1_main__practice=0,1296680.580176500,1296680.580605800
dynamic_sart_stimulus_offset__v=1__trial=48__condition=go__digit=6__block=1__phase=support__segment=session1_main__practice=0,1296680.852548900,1296680.852993400
dynamic_sart_response_window_close__v=1__trial=48__condition=go__digit=6__block=1__phase=support__segment=session1_main__practice=0,1296682.185451000,1296682.185666700
dynamic_sart_trial_complete__v=1__trial=48__condition=go__digit=6__block=1__phase=support__segment=session1_main__practice=0,1296682.185451000,1296682.193503000
dynamic_sart_stimulus_onset__v=1__trial=49__condition=go__digit=5__block=1__phase=support__segment=session1_main__practice=0,1296682.248909500,1296682.249129700
dynamic_sart_stimulus_offset__v=1__trial=49__condition=go__digit=5__block=1__phase=support__segment=session1_main__practice=0,1296682.515651200,1296682.515911300
dynamic_sart_response_window_close__v=1__trial=49__condition=go__digit=5__block=1__phase=support__segment=session1_main__practice=0,1296683.859004300,1296683.859209000
dynamic_sart_trial_complete__v=1__trial=49__condition=go__digit=5__block=1__phase=support__segment=session1_main__practice=0,1296683.859004300,1296683.866875900
dynamic_sart_stimulus_onset__v=1__trial=50__condition=go__digit=4__block=1__phase=support__segment=session1_main__practice=0,1296683.925029400,1296683.925251600
dynamic_sart_stimulus_offset__v=1__trial=50__condition=go__digit=4__block=1__phase=support__segment=session1_main__practice=0,1296684.208842700,1296684.209125800
dynamic_sart_response_window_close__v=1__trial=50__condition=go__digit=4__block=1__phase=support__segment=session1_main__practice=0,1296685.530908400,1296685.531092000
dynamic_sart_trial_complete__v=1__trial=50__condition=go__digit=4__block=1__phase=support__segment=session1_main__practice=0,1296685.530908400,1296685.538709400
dynamic_sart_stimulus_onset__v=1__trial=51__condition=no_go__digit=3__block=1__phase=support__segment=session1_main__practice=0,1296685.592753500,1296685.592979500
dynamic_sart_stimulus_offset__v=1__trial=51__condition=no_go__digit=3__block=1__phase=support__segment=session1_main__practice=0,1296685.877307800,1296685.877539800
dynamic_sart_response_window_close__v=1__trial=51__condition=no_go__digit=3__block=1__phase=support__segment=session1_main__practice=0,1296687.201314400,1296687.201555700
dynamic_sart_trial_complete__v=1__trial=51__condition=no_go__digit=3__block=1__phase=support__segment=session1_main__practice=0,1296687.201314400,1296687.212671500
dynamic_sart_stimulus_onset__v=1__trial=52__condition=go__digit=9__block=1__phase=support__segment=session1_main__practice=0,1296687.268530400,1296687.268850500
dynamic_sart_stimulus_offset__v=1__trial=52__condition=go__digit=9__block=1__phase=support__segment=session1_main__practice=0,1296687.540229800,1296687.540451700
dynamic_sart_response_window_close__v=1__trial=52__condition=go__digit=9__block=1__phase=support__segment=session1_main__practice=0,1296688.872920700,1296688.873172700
dynamic_sart_trial_complete__v=1__trial=52__condition=go__digit=9__block=1__phase=support__segment=session1_main__practice=0,1296688.872920700,1296688.882537400
dynamic_sart_stimulus_onset__v=1__trial=53__condition=go__digit=0__block=1__phase=support__segment=session1_main__practice=0,1296688.933497400,1296688.933716900
dynamic_sart_stimulus_offset__v=1__trial=53__condition=go__digit=0__block=1__phase=support__segment=session1_main__practice=0,1296689.200713800,1296689.200932300
dynamic_sart_response_window_close__v=1__trial=53__condition=go__digit=0__block=1__phase=support__segment=session1_main__practice=0,1296690.530608200,1296690.530828100
dynamic_sart_trial_complete__v=1__trial=53__condition=go__digit=0__block=1__phase=support__segment=session1_main__practice=0,1296690.530608200,1296690.538601400
dynamic_sart_stimulus_onset__v=1__trial=54__condition=go__digit=1__block=1__phase=support__segment=session1_main__practice=0,1296690.579215400,1296690.579410700
dynamic_sart_stimulus_offset__v=1__trial=54__condition=go__digit=1__block=1__phase=support__segment=session1_main__practice=0,1296690.847175700,1296690.847400100
dynamic_sart_response_window_close__v=1__trial=54__condition=go__digit=1__block=1__phase=support__segment=session1_main__practice=0,1296692.186925100,1296692.187178100
dynamic_sart_trial_complete__v=1__trial=54__condition=go__digit=1__block=1__phase=support__segment=session1_main__practice=0,1296692.186925100,1296692.196673500
dynamic_sart_stimulus_onset__v=1__trial=55__condition=go__digit=2__block=1__phase=support__segment=session1_main__practice=0,1296692.261930500,1296692.262165800
dynamic_sart_stimulus_offset__v=1__trial=55__condition=go__digit=2__block=1__phase=support__segment=session1_main__practice=0,1296692.517201900,1296692.517923200
dynamic_sart_response_window_close__v=1__trial=55__condition=go__digit=2__block=1__phase=support__segment=session1_main__practice=0,1296693.859034700,1296693.859271900
dynamic_sart_trial_complete__v=1__trial=55__condition=go__digit=2__block=1__phase=support__segment=session1_main__practice=0,1296693.859034700,1296693.866690600
dynamic_sart_stimulus_onset__v=1__trial=56__condition=go__digit=5__block=1__phase=support__segment=session1_main__practice=0,1296693.918791200,1296693.919111400
dynamic_sart_stimulus_offset__v=1__trial=56__condition=go__digit=5__block=1__phase=support__segment=session1_main__practice=0,1296694.190221000,1296694.190445900
dynamic_sart_response_window_close__v=1__trial=56__condition=go__digit=5__block=1__phase=support__segment=session1_main__practice=0,1296695.513901200,1296695.514131200
dynamic_sart_trial_complete__v=1__trial=56__condition=go__digit=5__block=1__phase=support__segment=session1_main__practice=0,1296695.513901200,1296695.523284300
dynamic_sart_stimulus_onset__v=1__trial=57__condition=go__digit=7__block=1__phase=support__segment=session1_main__practice=0,1296695.592460400,1296695.592689200
dynamic_sart_stimulus_offset__v=1__trial=57__condition=go__digit=7__block=1__phase=support__segment=session1_main__practice=0,1296695.868803000,1296695.869164700
dynamic_sart_response_window_close__v=1__trial=57__condition=go__digit=7__block=1__phase=support__segment=session1_main__practice=0,1296697.203443000,1296697.203698700
dynamic_sart_trial_complete__v=1__trial=57__condition=go__digit=7__block=1__phase=support__segment=session1_main__practice=0,1296697.203443000,1296697.217424100
dynamic_sart_stimulus_onset__v=1__trial=58__condition=no_go__digit=3__block=1__phase=support__segment=session1_main__practice=0,1296697.280007400,1296697.280220600
dynamic_sart_stimulus_offset__v=1__trial=58__condition=no_go__digit=3__block=1__phase=support__segment=session1_main__practice=0,1296697.547190400,1296697.547419200
dynamic_sart_response_window_close__v=1__trial=58__condition=no_go__digit=3__block=1__phase=support__segment=session1_main__practice=0,1296698.890899800,1296698.891117300
dynamic_sart_trial_complete__v=1__trial=58__condition=no_go__digit=3__block=1__phase=support__segment=session1_main__practice=0,1296698.890899800,1296698.898644900
dynamic_sart_stimulus_onset__v=1__trial=59__condition=go__digit=4__block=1__phase=support__segment=session1_main__practice=0,1296698.958825400,1296698.959140000
dynamic_sart_stimulus_offset__v=1__trial=59__condition=go__digit=4__block=1__phase=support__segment=session1_main__practice=0,1296699.235957100,1296699.236215600
dynamic_sart_response_window_close__v=1__trial=59__condition=go__digit=4__block=1__phase=support__segment=session1_main__practice=0,1296700.561884500,1296700.562129300
dynamic_sart_trial_complete__v=1__trial=59__condition=go__digit=4__block=1__phase=support__segment=session1_main__practice=0,1296700.561884500,1296700.570365900
dynamic_sart_stimulus_onset__v=1__trial=60__condition=go__digit=8__block=1__phase=support__segment=session1_main__practice=0,1296700.624822000,1296700.625056900
dynamic_sart_stimulus_offset__v=1__trial=60__condition=go__digit=8__block=1__phase=support__segment=session1_main__practice=0,1296700.900513500,1296700.900849400
dynamic_sart_response_window_close__v=1__trial=60__condition=go__digit=8__block=1__phase=support__segment=session1_main__practice=0,1296702.232114300,1296702.232360800
dynamic_sart_trial_complete__v=1__trial=60__condition=go__digit=8__block=1__phase=support__segment=session1_main__practice=0,1296702.232114300,1296702.239788700
dynamic_sart_stimulus_onset__v=1__trial=61__condition=go__digit=9__block=1__phase=support__segment=session1_main__practice=0,1296702.292064300,1296702.292307000
dynamic_sart_stimulus_offset__v=1__trial=61__condition=go__digit=9__block=1__phase=support__segment=session1_main__practice=0,1296702.550141300,1296702.550362300
dynamic_sart_response_window_close__v=1__trial=61__condition=go__digit=9__block=1__phase=support__segment=session1_main__practice=0,1296703.889714300,1296703.889894400
dynamic_sart_trial_complete__v=1__trial=61__condition=go__digit=9__block=1__phase=support__segment=session1_main__practice=0,1296703.889714300,1296703.897351200
dynamic_sart_stimulus_onset__v=1__trial=62__condition=go__digit=0__block=1__phase=support__segment=session1_main__practice=0,1296703.958039600,1296703.958599000
dynamic_sart_stimulus_offset__v=1__trial=62__condition=go__digit=0__block=1__phase=support__segment=session1_main__practice=0,1296704.222586200,1296704.222805000
dynamic_sart_response_window_close__v=1__trial=62__condition=go__digit=0__block=1__phase=support__segment=session1_main__practice=0,1296705.562258700,1296705.562480700
dynamic_sart_trial_complete__v=1__trial=62__condition=go__digit=0__block=1__phase=support__segment=session1_main__practice=0,1296705.562258700,1296705.570108700
dynamic_sart_stimulus_onset__v=1__trial=63__condition=go__digit=6__block=1__phase=support__segment=session1_main__practice=0,1296705.625608900,1296705.625831500
dynamic_sart_stimulus_offset__v=1__trial=63__condition=go__digit=6__block=1__phase=support__segment=session1_main__practice=0,1296705.909346800,1296705.909601500
dynamic_sart_response_window_close__v=1__trial=63__condition=go__digit=6__block=1__phase=support__segment=session1_main__practice=0,1296707.233832400,1296707.234067600
dynamic_sart_trial_complete__v=1__trial=63__condition=go__digit=6__block=1__phase=support__segment=session1_main__practice=0,1296707.233832400,1296707.245830000
dynamic_sart_stimulus_onset__v=1__trial=64__condition=go__digit=7__block=1__phase=support__segment=session1_main__practice=0,1296707.308431100,1296707.308643800
dynamic_sart_stimulus_offset__v=1__trial=64__condition=go__digit=7__block=1__phase=support__segment=session1_main__practice=0,1296707.578488200,1296707.578704000
dynamic_sart_response_window_close__v=1__trial=64__condition=go__digit=7__block=1__phase=support__segment=session1_main__practice=0,1296708.904967300,1296708.905167200
dynamic_sart_trial_complete__v=1__trial=64__condition=go__digit=7__block=1__phase=support__segment=session1_main__practice=0,1296708.904967300,1296708.912556300
dynamic_sart_stimulus_onset__v=1__trial=65__condition=no_go__digit=3__block=1__phase=support__segment=session1_main__practice=0,1296708.976174500,1296708.976441800
dynamic_sart_stimulus_offset__v=1__trial=65__condition=no_go__digit=3__block=1__phase=support__segment=session1_main__practice=0,1296709.261162200,1296709.261384500
dynamic_sart_response_window_close__v=1__trial=65__condition=no_go__digit=3__block=1__phase=support__segment=session1_main__practice=0,1296710.577070200,1296710.577301200
dynamic_sart_trial_complete__v=1__trial=65__condition=no_go__digit=3__block=1__phase=support__segment=session1_main__practice=0,1296710.577070200,1296710.584730100
dynamic_sart_stimulus_onset__v=1__trial=66__condition=go__digit=9__block=1__phase=support__segment=session1_main__practice=0,1296710.642477400,1296710.642744800
dynamic_sart_stimulus_offset__v=1__trial=66__condition=go__digit=9__block=1__phase=support__segment=session1_main__practice=0,1296710.928840800,1296710.929042800
dynamic_sart_response_window_close__v=1__trial=66__condition=go__digit=9__block=1__phase=support__segment=session1_main__practice=0,1296712.247850200,1296712.248106800
dynamic_sart_trial_complete__v=1__trial=66__condition=go__digit=9__block=1__phase=support__segment=session1_main__practice=0,1296712.247850200,1296712.255691700
dynamic_sart_stimulus_onset__v=1__trial=67__condition=go__digit=0__block=1__phase=support__segment=session1_main__practice=0,1296712.317736800,1296712.317965700
dynamic_sart_stimulus_offset__v=1__trial=67__condition=go__digit=0__block=1__phase=support__segment=session1_main__practice=0,1296712.592104900,1296712.592521100
dynamic_sart_response_window_close__v=1__trial=67__condition=go__digit=0__block=1__phase=support__segment=session1_main__practice=0,1296713.921778300,1296713.922021100
dynamic_sart_trial_complete__v=1__trial=67__condition=go__digit=0__block=1__phase=support__segment=session1_main__practice=0,1296713.921778300,1296713.930995400
dynamic_sart_stimulus_onset__v=1__trial=68__condition=go__digit=2__block=1__phase=support__segment=session1_main__practice=0,1296713.992465400,1296713.992719300
dynamic_sart_stimulus_offset__v=1__trial=68__condition=go__digit=2__block=1__phase=support__segment=session1_main__practice=0,1296714.258906800,1296714.259143500
dynamic_sart_response_window_close__v=1__trial=68__condition=go__digit=2__block=1__phase=support__segment=session1_main__practice=0,1296715.592301600,1296715.592536300
dynamic_sart_trial_complete__v=1__trial=68__condition=go__digit=2__block=1__phase=support__segment=session1_main__practice=0,1296715.592301600,1296715.600174200
dynamic_sart_stimulus_onset__v=1__trial=69__condition=go__digit=6__block=1__phase=support__segment=session1_main__practice=0,1296715.666527000,1296715.666734800
dynamic_sart_stimulus_offset__v=1__trial=69__condition=go__digit=6__block=1__phase=support__segment=session1_main__practice=0,1296715.944624200,1296715.944843300
dynamic_sart_response_window_close__v=1__trial=69__condition=go__digit=6__block=1__phase=support__segment=session1_main__practice=0,1296717.266025300,1296717.266240000
dynamic_sart_trial_complete__v=1__trial=69__condition=go__digit=6__block=1__phase=support__segment=session1_main__practice=0,1296717.266025300,1296717.277791000
dynamic_sart_stimulus_onset__v=1__trial=70__condition=go__digit=1__block=1__phase=support__segment=session1_main__practice=0,1296717.333886600,1296717.334100900
dynamic_sart_stimulus_offset__v=1__trial=70__condition=go__digit=1__block=1__phase=support__segment=session1_main__practice=0,1296717.596742600,1296717.596954800
dynamic_sart_response_window_close__v=1__trial=70__condition=go__digit=1__block=1__phase=support__segment=session1_main__practice=0,1296718.936363700,1296718.936587200
dynamic_sart_trial_complete__v=1__trial=70__condition=go__digit=1__block=1__phase=support__segment=session1_main__practice=0,1296718.936363700,1296718.944631000
dynamic_sart_stimulus_onset__v=1__trial=71__condition=no_go__digit=3__block=1__phase=support__segment=session1_main__practice=0,1296719.041499600,1296719.041719500
dynamic_sart_stimulus_offset__v=1__trial=71__condition=no_go__digit=3__block=1__phase=support__segment=session1_main__practice=0,1296719.317454900,1296719.317673000
dynamic_sart_response_window_close__v=1__trial=71__condition=no_go__digit=3__block=1__phase=support__segment=session1_main__practice=0,1296720.639575800,1296720.639795000
dynamic_sart_trial_complete__v=1__trial=71__condition=no_go__digit=3__block=1__phase=support__segment=session1_main__practice=0,1296720.639575800,1296720.647522700
dynamic_sart_stimulus_onset__v=1__trial=72__condition=go__digit=5__block=1__phase=support__segment=session1_main__practice=0,1296720.719802600,1296720.720008000
dynamic_sart_stimulus_offset__v=1__trial=72__condition=go__digit=5__block=1__phase=support__segment=session1_main__practice=0,1296721.001106200,1296721.001352500
dynamic_sart_response_window_close__v=1__trial=72__condition=go__digit=5__block=1__phase=support__segment=session1_main__practice=0,1296722.328558400,1296722.328780200
dynamic_sart_trial_complete__v=1__trial=72__condition=go__digit=5__block=1__phase=support__segment=session1_main__practice=0,1296722.328558400,1296722.337195000
dynamic_sart_stimulus_onset__v=1__trial=73__condition=go__digit=4__block=1__phase=support__segment=session1_main__practice=0,1296722.417656500,1296722.417867900
dynamic_sart_stimulus_offset__v=1__trial=73__condition=go__digit=4__block=1__phase=support__segment=session1_main__practice=0,1296722.689805500,1296722.690006500
dynamic_sart_response_window_close__v=1__trial=73__condition=go__digit=4__block=1__phase=support__segment=session1_main__practice=0,1296724.013912900,1296724.014133400
dynamic_sart_trial_complete__v=1__trial=73__condition=go__digit=4__block=1__phase=support__segment=session1_main__practice=0,1296724.013912900,1296724.024082900
dynamic_sart_stimulus_onset__v=1__trial=74__condition=go__digit=8__block=1__phase=support__segment=session1_main__practice=0,1296724.082210600,1296724.082442400
dynamic_sart_stimulus_offset__v=1__trial=74__condition=go__digit=8__block=1__phase=support__segment=session1_main__practice=0,1296724.349510900,1296724.349718100
dynamic_sart_response_window_close__v=1__trial=74__condition=go__digit=8__block=1__phase=support__segment=session1_main__practice=0,1296725.686793700,1296725.687042000
dynamic_sart_trial_complete__v=1__trial=74__condition=go__digit=8__block=1__phase=support__segment=session1_main__practice=0,1296725.686793700,1296725.694732800
dynamic_sart_stimulus_onset__v=1__trial=75__condition=go__digit=2__block=1__phase=support__segment=session1_main__practice=0,1296725.778656500,1296725.778884200
dynamic_sart_stimulus_offset__v=1__trial=75__condition=go__digit=2__block=1__phase=support__segment=session1_main__practice=0,1296726.042467500,1296726.043005800
dynamic_sart_response_window_close__v=1__trial=75__condition=go__digit=2__block=1__phase=support__segment=session1_main__practice=0,1296727.372916400,1296727.373166800
dynamic_sart_trial_complete__v=1__trial=75__condition=go__digit=2__block=1__phase=support__segment=session1_main__practice=0,1296727.372916400,1296727.384239700
dynamic_sart_stimulus_onset__v=1__trial=76__condition=go__digit=9__block=1__phase=support__segment=session1_main__practice=0,1296727.475725600,1296727.475968900
dynamic_sart_stimulus_offset__v=1__trial=76__condition=go__digit=9__block=1__phase=support__segment=session1_main__practice=0,1296727.744620000,1296727.744838800
dynamic_sart_response_window_close__v=1__trial=76__condition=go__digit=9__block=1__phase=support__segment=session1_main__practice=0,1296729.077369700,1296729.077599600
dynamic_sart_trial_complete__v=1__trial=76__condition=go__digit=9__block=1__phase=support__segment=session1_main__practice=0,1296729.077369700,1296729.085057000
dynamic_sart_stimulus_onset__v=1__trial=77__condition=go__digit=6__block=1__phase=support__segment=session1_main__practice=0,1296729.168612400,1296729.168818100
dynamic_sart_stimulus_offset__v=1__trial=77__condition=go__digit=6__block=1__phase=support__segment=session1_main__practice=0,1296729.435450600,1296729.435696300
dynamic_sart_response_window_close__v=1__trial=77__condition=go__digit=6__block=1__phase=support__segment=session1_main__practice=0,1296730.765555700,1296730.765788400
dynamic_sart_trial_complete__v=1__trial=77__condition=go__digit=6__block=1__phase=support__segment=session1_main__practice=0,1296730.765555700,1296730.773515400
dynamic_sart_stimulus_onset__v=1__trial=78__condition=no_go__digit=3__block=1__phase=support__segment=session1_main__practice=0,1296730.859026500,1296730.859261400
dynamic_sart_stimulus_offset__v=1__trial=78__condition=no_go__digit=3__block=1__phase=support__segment=session1_main__practice=0,1296731.142133200,1296731.142278300
dynamic_sart_response_window_close__v=1__trial=78__condition=no_go__digit=3__block=1__phase=support__segment=session1_main__practice=0,1296732.468965600,1296732.469248800
dynamic_sart_trial_complete__v=1__trial=78__condition=no_go__digit=3__block=1__phase=support__segment=session1_main__practice=0,1296732.468965600,1296732.477429200
dynamic_sart_stimulus_onset__v=1__trial=79__condition=go__digit=7__block=1__phase=support__segment=session1_main__practice=0,1296732.559045800,1296732.559418100
dynamic_sart_stimulus_offset__v=1__trial=79__condition=go__digit=7__block=1__phase=support__segment=session1_main__practice=0,1296732.824342300,1296732.824574900
dynamic_sart_response_window_close__v=1__trial=79__condition=go__digit=7__block=1__phase=support__segment=session1_main__practice=0,1296734.156082900,1296734.156329300
dynamic_sart_trial_complete__v=1__trial=79__condition=go__digit=7__block=1__phase=support__segment=session1_main__practice=0,1296734.156082900,1296734.163871000
dynamic_sart_stimulus_onset__v=1__trial=80__condition=go__digit=5__block=1__phase=support__segment=session1_main__practice=0,1296734.235404000,1296734.235635500
dynamic_sart_stimulus_offset__v=1__trial=80__condition=go__digit=5__block=1__phase=support__segment=session1_main__practice=0,1296734.497323200,1296734.497516600
dynamic_sart_response_window_close__v=1__trial=80__condition=go__digit=5__block=1__phase=support__segment=session1_main__practice=0,1296735.842641700,1296735.842870200
dynamic_sart_trial_complete__v=1__trial=80__condition=go__digit=5__block=1__phase=support__segment=session1_main__practice=0,1296735.842641700,1296735.850355000
dynamic_sart_stimulus_onset__v=1__trial=81__condition=go__digit=0__block=1__phase=support__segment=session1_main__practice=0,1296735.928581900,1296735.928802100
dynamic_sart_stimulus_offset__v=1__trial=81__condition=go__digit=0__block=1__phase=support__segment=session1_main__practice=0,1296736.200593200,1296736.200835500
dynamic_sart_response_window_close__v=1__trial=81__condition=go__digit=0__block=1__phase=support__segment=session1_main__practice=0,1296737.530566700,1296737.530827500
dynamic_sart_trial_complete__v=1__trial=81__condition=go__digit=0__block=1__phase=support__segment=session1_main__practice=0,1296737.530566700,1296737.542676900
dynamic_sart_stimulus_onset__v=1__trial=82__condition=go__digit=4__block=1__phase=support__segment=session1_main__practice=0,1296737.622575700,1296737.622799700
dynamic_sart_stimulus_offset__v=1__trial=82__condition=go__digit=4__block=1__phase=support__segment=session1_main__practice=0,1296737.881269300,1296737.881481600
dynamic_sart_response_window_close__v=1__trial=82__condition=go__digit=4__block=1__phase=support__segment=session1_main__practice=0,1296739.216932000,1296739.217180400
dynamic_sart_trial_complete__v=1__trial=82__condition=go__digit=4__block=1__phase=support__segment=session1_main__practice=0,1296739.216932000,1296739.225188700
dynamic_sart_stimulus_onset__v=1__trial=83__condition=go__digit=8__block=1__phase=support__segment=session1_main__practice=0,1296739.300046500,1296739.300277200
dynamic_sart_stimulus_offset__v=1__trial=83__condition=go__digit=8__block=1__phase=support__segment=session1_main__practice=0,1296739.569524400,1296739.569753800
dynamic_sart_response_window_close__v=1__trial=83__condition=go__digit=8__block=1__phase=support__segment=session1_main__practice=0,1296740.906888500,1296740.907153400
dynamic_sart_trial_complete__v=1__trial=83__condition=go__digit=8__block=1__phase=support__segment=session1_main__practice=0,1296740.906888500,1296740.915997200
dynamic_sart_stimulus_onset__v=1__trial=84__condition=no_go__digit=3__block=1__phase=support__segment=session1_main__practice=0,1296740.983343200,1296740.983548400
dynamic_sart_stimulus_offset__v=1__trial=84__condition=no_go__digit=3__block=1__phase=support__segment=session1_main__practice=0,1296741.251995300,1296741.252219200
dynamic_sart_response_window_close__v=1__trial=84__condition=no_go__digit=3__block=1__phase=support__segment=session1_main__practice=0,1296742.591581200,1296742.591785100
dynamic_sart_trial_complete__v=1__trial=84__condition=no_go__digit=3__block=1__phase=support__segment=session1_main__practice=0,1296742.591581200,1296742.599073900
dynamic_sart_stimulus_onset__v=1__trial=85__condition=go__digit=1__block=1__phase=support__segment=session1_main__practice=0,1296742.658719100,1296742.659320300
dynamic_sart_stimulus_offset__v=1__trial=85__condition=go__digit=1__block=1__phase=support__segment=session1_main__practice=0,1296742.942518800,1296742.942670300
dynamic_sart_response_window_close__v=1__trial=85__condition=go__digit=1__block=1__phase=support__segment=session1_main__practice=0,1296744.263699300,1296744.263933700
dynamic_sart_trial_complete__v=1__trial=85__condition=go__digit=1__block=1__phase=support__segment=session1_main__practice=0,1296744.263699300,1296744.271503500
dynamic_sart_stimulus_onset__v=1__trial=86__condition=go__digit=8__block=1__phase=support__segment=session1_main__practice=0,1296744.329125700,1296744.329356700
dynamic_sart_stimulus_offset__v=1__trial=86__condition=go__digit=8__block=1__phase=support__segment=session1_main__practice=0,1296744.600112900,1296744.600347900
dynamic_sart_response_window_close__v=1__trial=86__condition=go__digit=8__block=1__phase=support__segment=session1_main__practice=0,1296745.936618900,1296745.936814800
dynamic_sart_trial_complete__v=1__trial=86__condition=go__digit=8__block=1__phase=support__segment=session1_main__practice=0,1296745.936618900,1296745.943884500
dynamic_sart_stimulus_onset__v=1__trial=87__condition=go__digit=1__block=1__phase=support__segment=session1_main__practice=0,1296746.010859400,1296746.011079400
dynamic_sart_stimulus_offset__v=1__trial=87__condition=go__digit=1__block=1__phase=support__segment=session1_main__practice=0,1296746.267878300,1296746.268093500
dynamic_sart_response_window_close__v=1__trial=87__condition=go__digit=1__block=1__phase=support__segment=session1_main__practice=0,1296747.609606600,1296747.609842800
dynamic_sart_trial_complete__v=1__trial=87__condition=go__digit=1__block=1__phase=support__segment=session1_main__practice=0,1296747.609606600,1296747.623724800
dynamic_sart_stimulus_onset__v=1__trial=88__condition=go__digit=5__block=1__phase=support__segment=session1_main__practice=0,1296747.696298300,1296747.696528100
dynamic_sart_stimulus_offset__v=1__trial=88__condition=go__digit=5__block=1__phase=support__segment=session1_main__practice=0,1296747.974639700,1296747.974868500
dynamic_sart_response_window_close__v=1__trial=88__condition=go__digit=5__block=1__phase=support__segment=session1_main__practice=0,1296749.295650100,1296749.295901400
dynamic_sart_trial_complete__v=1__trial=88__condition=go__digit=5__block=1__phase=support__segment=session1_main__practice=0,1296749.295650100,1296749.303594400
dynamic_sart_stimulus_onset__v=1__trial=89__condition=go__digit=7__block=1__phase=support__segment=session1_main__practice=0,1296749.376188200,1296749.376418900
dynamic_sart_stimulus_offset__v=1__trial=89__condition=go__digit=7__block=1__phase=support__segment=session1_main__practice=0,1296749.656926700,1296749.657163200
dynamic_sart_response_window_close__v=1__trial=89__condition=go__digit=7__block=1__phase=support__segment=session1_main__practice=0,1296750.983592500,1296750.983803000
dynamic_sart_trial_complete__v=1__trial=89__condition=go__digit=7__block=1__phase=support__segment=session1_main__practice=0,1296750.983592500,1296750.991326800
dynamic_sart_stimulus_onset__v=1__trial=90__condition=go__digit=9__block=1__phase=support__segment=session1_main__practice=0,1296751.064278000,1296751.064424800
dynamic_sart_stimulus_offset__v=1__trial=90__condition=go__digit=9__block=1__phase=support__segment=session1_main__practice=0,1296751.349578000,1296751.349800300
dynamic_sart_response_window_close__v=1__trial=90__condition=go__digit=9__block=1__phase=support__segment=session1_main__practice=0,1296752.671145400,1296752.671350900
dynamic_sart_trial_complete__v=1__trial=90__condition=go__digit=9__block=1__phase=support__segment=session1_main__practice=0,1296752.671145400,1296752.679101600
dynamic_sart_stimulus_onset__v=1__trial=91__condition=no_go__digit=3__block=1__phase=support__segment=session1_main__practice=0,1296752.734164300,1296752.734361500
dynamic_sart_stimulus_offset__v=1__trial=91__condition=no_go__digit=3__block=1__phase=support__segment=session1_main__practice=0,1296753.002599300,1296753.002854400
dynamic_sart_response_window_close__v=1__trial=91__condition=no_go__digit=3__block=1__phase=support__segment=session1_main__practice=0,1296754.342752200,1296754.342974000
dynamic_sart_trial_complete__v=1__trial=91__condition=no_go__digit=3__block=1__phase=support__segment=session1_main__practice=0,1296754.342752200,1296754.349996300
dynamic_sart_stimulus_onset__v=1__trial=92__condition=go__digit=4__block=1__phase=support__segment=session1_main__practice=0,1296754.408743300,1296754.408966400
dynamic_sart_stimulus_offset__v=1__trial=92__condition=go__digit=4__block=1__phase=support__segment=session1_main__practice=0,1296754.695355600,1296754.695619500
dynamic_sart_response_window_close__v=1__trial=92__condition=go__digit=4__block=1__phase=support__segment=session1_main__practice=0,1296756.014634700,1296756.014848400
dynamic_sart_trial_complete__v=1__trial=92__condition=go__digit=4__block=1__phase=support__segment=session1_main__practice=0,1296756.014634700,1296756.022598400
dynamic_sart_stimulus_onset__v=1__trial=93__condition=go__digit=2__block=1__phase=support__segment=session1_main__practice=0,1296756.099944900,1296756.100734200
dynamic_sart_stimulus_offset__v=1__trial=93__condition=go__digit=2__block=1__phase=support__segment=session1_main__practice=0,1296756.378018500,1296756.378260400
dynamic_sart_response_window_close__v=1__trial=93__condition=go__digit=2__block=1__phase=support__segment=session1_main__practice=0,1296757.702597400,1296757.702792400
dynamic_sart_trial_complete__v=1__trial=93__condition=go__digit=2__block=1__phase=support__segment=session1_main__practice=0,1296757.702597400,1296757.713571000
dynamic_sart_stimulus_onset__v=1__trial=94__condition=go__digit=0__block=1__phase=support__segment=session1_main__practice=0,1296757.779051200,1296757.779276600
dynamic_sart_stimulus_offset__v=1__trial=94__condition=go__digit=0__block=1__phase=support__segment=session1_main__practice=0,1296758.041390600,1296758.041617300
dynamic_sart_response_window_close__v=1__trial=94__condition=go__digit=0__block=1__phase=support__segment=session1_main__practice=0,1296759.372934600,1296759.373185900
dynamic_sart_trial_complete__v=1__trial=94__condition=go__digit=0__block=1__phase=support__segment=session1_main__practice=0,1296759.372934600,1296759.381419600
dynamic_sart_stimulus_onset__v=1__trial=95__condition=go__digit=6__block=1__phase=support__segment=session1_main__practice=0,1296759.479450500,1296759.479678600
dynamic_sart_stimulus_offset__v=1__trial=95__condition=go__digit=6__block=1__phase=support__segment=session1_main__practice=0,1296759.747633100,1296759.747812900
dynamic_sart_response_window_close__v=1__trial=95__condition=go__digit=6__block=1__phase=support__segment=session1_main__practice=0,1296761.077614300,1296761.078107100
dynamic_sart_trial_complete__v=1__trial=95__condition=go__digit=6__block=1__phase=support__segment=session1_main__practice=0,1296761.077614300,1296761.085225400
dynamic_sart_stimulus_onset__v=1__trial=96__condition=go__digit=5__block=1__phase=support__segment=session1_main__practice=0,1296761.191674900,1296761.191905600
dynamic_sart_stimulus_offset__v=1__trial=96__condition=go__digit=5__block=1__phase=support__segment=session1_main__practice=0,1296761.478367500,1296761.478617300
dynamic_sart_response_window_close__v=1__trial=96__condition=go__digit=5__block=1__phase=support__segment=session1_main__practice=0,1296762.797272900,1296762.797543700
dynamic_sart_trial_complete__v=1__trial=96__condition=go__digit=5__block=1__phase=support__segment=session1_main__practice=0,1296762.797272900,1296762.805386100
dynamic_sart_stimulus_onset__v=1__trial=97__condition=go__digit=1__block=1__phase=support__segment=session1_main__practice=0,1296762.875404700,1296762.875620300
dynamic_sart_stimulus_offset__v=1__trial=97__condition=go__digit=1__block=1__phase=support__segment=session1_main__practice=0,1296763.158264000,1296763.158499200
dynamic_sart_response_window_close__v=1__trial=97__condition=go__digit=1__block=1__phase=support__segment=session1_main__practice=0,1296764.483524300,1296764.483773300
dynamic_sart_trial_complete__v=1__trial=97__condition=go__digit=1__block=1__phase=support__segment=session1_main__practice=0,1296764.483524300,1296764.491851600
dynamic_sart_stimulus_onset__v=1__trial=98__condition=no_go__digit=3__block=1__phase=support__segment=session1_main__practice=0,1296764.557636800,1296764.557917000
dynamic_sart_stimulus_offset__v=1__trial=98__condition=no_go__digit=3__block=1__phase=support__segment=session1_main__practice=0,1296764.824914100,1296764.825069500
dynamic_sart_response_window_close__v=1__trial=98__condition=no_go__digit=3__block=1__phase=support__segment=session1_main__practice=0,1296766.156890900,1296766.157102700
dynamic_sart_trial_complete__v=1__trial=98__condition=no_go__digit=3__block=1__phase=support__segment=session1_main__practice=0,1296766.156890900,1296766.164772700
dynamic_sart_stimulus_onset__v=1__trial=99__condition=go__digit=6__block=1__phase=support__segment=session1_main__practice=0,1296766.219825200,1296766.220231700
dynamic_sart_stimulus_offset__v=1__trial=99__condition=go__digit=6__block=1__phase=support__segment=session1_main__practice=0,1296766.498289200,1296766.498520200
dynamic_sart_response_window_close__v=1__trial=99__condition=go__digit=6__block=1__phase=support__segment=session1_main__practice=0,1296767.827723300,1296767.827956500
dynamic_sart_trial_complete__v=1__trial=99__condition=go__digit=6__block=1__phase=support__segment=session1_main__practice=0,1296767.827723300,1296767.842409200
dynamic_sart_stimulus_onset__v=1__trial=100__condition=go__digit=2__block=1__phase=support__segment=session1_main__practice=0,1296767.898263500,1296767.898429900
dynamic_sart_stimulus_offset__v=1__trial=100__condition=go__digit=2__block=1__phase=support__segment=session1_main__practice=0,1296768.181870900,1296768.182371700
dynamic_sart_response_window_close__v=1__trial=100__condition=go__digit=2__block=1__phase=support__segment=session1_main__practice=0,1296769.498121500,1296769.498339900
dynamic_sart_trial_complete__v=1__trial=100__condition=go__digit=2__block=1__phase=support__segment=session1_main__practice=0,1296769.498121500,1296769.506744500
dynamic_sart_stimulus_onset__v=1__trial=101__condition=go__digit=8__block=1__phase=support__segment=session1_main__practice=0,1296769.596763000,1296769.596998400
dynamic_sart_stimulus_offset__v=1__trial=101__condition=go__digit=8__block=1__phase=support__segment=session1_main__practice=0,1296769.877010100,1296769.877563200
dynamic_sart_response_window_close__v=1__trial=101__condition=go__digit=8__block=1__phase=support__segment=session1_main__practice=0,1296771.202603400,1296771.202887400
dynamic_sart_trial_complete__v=1__trial=101__condition=go__digit=8__block=1__phase=support__segment=session1_main__practice=0,1296771.202603400,1296771.213291400
dynamic_sart_stimulus_onset__v=1__trial=102__condition=go__digit=4__block=1__phase=support__segment=session1_main__practice=0,1296771.301515900,1296771.301783600
dynamic_sart_stimulus_offset__v=1__trial=102__condition=go__digit=4__block=1__phase=support__segment=session1_main__practice=0,1296771.583723400,1296771.584167000
dynamic_sart_response_window_close__v=1__trial=102__condition=go__digit=4__block=1__phase=support__segment=session1_main__practice=0,1296772.906739300,1296772.906986700
dynamic_sart_trial_complete__v=1__trial=102__condition=go__digit=4__block=1__phase=support__segment=session1_main__practice=0,1296772.906739300,1296772.914587000
dynamic_sart_stimulus_onset__v=1__trial=103__condition=go__digit=7__block=1__phase=support__segment=session1_main__practice=0,1296772.977925700,1296772.978159800
dynamic_sart_stimulus_offset__v=1__trial=103__condition=go__digit=7__block=1__phase=support__segment=session1_main__practice=0,1296773.242770200,1296773.243075800
dynamic_sart_response_window_close__v=1__trial=103__condition=go__digit=7__block=1__phase=support__segment=session1_main__practice=0,1296774.577040300,1296774.577286600
dynamic_sart_trial_complete__v=1__trial=103__condition=go__digit=7__block=1__phase=support__segment=session1_main__practice=0,1296774.577040300,1296774.582861000
dynamic_sart_stimulus_onset__v=1__trial=104__condition=no_go__digit=3__block=1__phase=support__segment=session1_main__practice=0,1296774.645944500,1296774.646211000
dynamic_sart_stimulus_offset__v=1__trial=104__condition=no_go__digit=3__block=1__phase=support__segment=session1_main__practice=0,1296774.914686100,1296774.914920900
dynamic_sart_response_window_close__v=1__trial=104__condition=no_go__digit=3__block=1__phase=support__segment=session1_main__practice=0,1296776.248629800,1296776.248889300
dynamic_sart_trial_complete__v=1__trial=104__condition=no_go__digit=3__block=1__phase=support__segment=session1_main__practice=0,1296776.248629800,1296776.256309900
dynamic_sart_stimulus_onset__v=1__trial=105__condition=go__digit=9__block=1__phase=support__segment=session1_main__practice=0,1296776.328750200,1296776.329052800
dynamic_sart_stimulus_offset__v=1__trial=105__condition=go__digit=9__block=1__phase=support__segment=session1_main__practice=0,1296776.599941500,1296776.600231800
dynamic_sart_response_window_close__v=1__trial=105__condition=go__digit=9__block=1__phase=support__segment=session1_main__practice=0,1296777.936125700,1296777.936326800
dynamic_sart_trial_complete__v=1__trial=105__condition=go__digit=9__block=1__phase=support__segment=session1_main__practice=0,1296777.936125700,1296777.948011700
dynamic_sart_stimulus_onset__v=1__trial=106__condition=go__digit=0__block=1__phase=support__segment=session1_main__practice=0,1296778.010155700,1296778.010444200
dynamic_sart_stimulus_offset__v=1__trial=106__condition=go__digit=0__block=1__phase=support__segment=session1_main__practice=0,1296778.275221300,1296778.275427300
dynamic_sart_response_window_close__v=1__trial=106__condition=go__digit=0__block=1__phase=support__segment=session1_main__practice=0,1296779.609854100,1296779.610077400
dynamic_sart_trial_complete__v=1__trial=106__condition=go__digit=0__block=1__phase=support__segment=session1_main__practice=0,1296779.609854100,1296779.618020900
dynamic_sart_stimulus_onset__v=1__trial=107__condition=go__digit=8__block=1__phase=support__segment=session1_main__practice=0,1296779.662881300,1296779.663322300
dynamic_sart_stimulus_offset__v=1__trial=107__condition=go__digit=8__block=1__phase=support__segment=session1_main__practice=0,1296779.928441700,1296779.928759000
dynamic_sart_response_window_close__v=1__trial=107__condition=go__digit=8__block=1__phase=support__segment=session1_main__practice=0,1296781.263446800,1296781.263723100
dynamic_sart_trial_complete__v=1__trial=107__condition=go__digit=8__block=1__phase=support__segment=session1_main__practice=0,1296781.263446800,1296781.271178200
dynamic_sart_stimulus_onset__v=1__trial=108__condition=go__digit=1__block=1__phase=support__segment=session1_main__practice=0,1296781.327512900,1296781.327898300
dynamic_sart_stimulus_offset__v=1__trial=108__condition=go__digit=1__block=1__phase=support__segment=session1_main__practice=0,1296781.596441600,1296781.596651300
dynamic_sart_response_window_close__v=1__trial=108__condition=go__digit=1__block=1__phase=support__segment=session1_main__practice=0,1296782.936064400,1296782.936245900
dynamic_sart_trial_complete__v=1__trial=108__condition=go__digit=1__block=1__phase=support__segment=session1_main__practice=0,1296782.936064400,1296782.943726400
dynamic_sart_stimulus_onset__v=1__trial=109__condition=go__digit=2__block=1__phase=support__segment=session1_main__practice=0,1296783.008262400,1296783.008853900
dynamic_sart_stimulus_offset__v=1__trial=109__condition=go__digit=2__block=1__phase=support__segment=session1_main__practice=0,1296783.283164000,1296783.283329100
dynamic_sart_response_window_close__v=1__trial=109__condition=go__digit=2__block=1__phase=support__segment=session1_main__practice=0,1296784.607325400,1296784.607545100
dynamic_sart_trial_complete__v=1__trial=109__condition=go__digit=2__block=1__phase=support__segment=session1_main__practice=0,1296784.607325400,1296784.615785900
dynamic_sart_stimulus_onset__v=1__trial=110__condition=go__digit=7__block=1__phase=support__segment=session1_main__practice=0,1296784.667164800,1296784.667303500
dynamic_sart_stimulus_offset__v=1__trial=110__condition=go__digit=7__block=1__phase=support__segment=session1_main__practice=0,1296784.940612000,1296784.940847200
dynamic_sart_response_window_close__v=1__trial=110__condition=go__digit=7__block=1__phase=support__segment=session1_main__practice=0,1296786.265486800,1296786.265729100
dynamic_sart_trial_complete__v=1__trial=110__condition=go__digit=7__block=1__phase=support__segment=session1_main__practice=0,1296786.265486800,1296786.273939300
dynamic_sart_stimulus_onset__v=1__trial=111__condition=no_go__digit=3__block=1__phase=support__segment=session1_main__practice=0,1296786.345295600,1296786.345537500
dynamic_sart_stimulus_offset__v=1__trial=111__condition=no_go__digit=3__block=1__phase=support__segment=session1_main__practice=0,1296786.624730400,1296786.624957400
dynamic_sart_response_window_close__v=1__trial=111__condition=no_go__digit=3__block=1__phase=support__segment=session1_main__practice=0,1296787.951581800,1296787.951840500
dynamic_sart_trial_complete__v=1__trial=111__condition=no_go__digit=3__block=1__phase=support__segment=session1_main__practice=0,1296787.951581800,1296787.963340500
dynamic_sart_stimulus_onset__v=1__trial=112__condition=go__digit=5__block=1__phase=support__segment=session1_main__practice=0,1296788.025087400,1296788.025298300
dynamic_sart_stimulus_offset__v=1__trial=112__condition=go__digit=5__block=1__phase=support__segment=session1_main__practice=0,1296788.290049400,1296788.290281000
dynamic_sart_response_window_close__v=1__trial=112__condition=go__digit=5__block=1__phase=support__segment=session1_main__practice=0,1296789.625091600,1296789.625302100
dynamic_sart_trial_complete__v=1__trial=112__condition=go__digit=5__block=1__phase=support__segment=session1_main__practice=0,1296789.625091600,1296789.633059200
dynamic_sart_stimulus_onset__v=1__trial=113__condition=go__digit=4__block=1__phase=support__segment=session1_main__practice=0,1296789.692497900,1296789.693012400
dynamic_sart_stimulus_offset__v=1__trial=113__condition=go__digit=4__block=1__phase=support__segment=session1_main__practice=0,1296789.975598400,1296789.976101700
dynamic_sart_response_window_close__v=1__trial=113__condition=go__digit=4__block=1__phase=support__segment=session1_main__practice=0,1296791.296249900,1296791.296478800
dynamic_sart_trial_complete__v=1__trial=113__condition=go__digit=4__block=1__phase=support__segment=session1_main__practice=0,1296791.296249900,1296791.305786600
dynamic_sart_stimulus_onset__v=1__trial=114__condition=go__digit=6__block=1__phase=support__segment=session1_main__practice=0,1296791.377484300,1296791.377689900
dynamic_sart_stimulus_offset__v=1__trial=114__condition=go__digit=6__block=1__phase=support__segment=session1_main__practice=0,1296791.653094900,1296791.653325000
dynamic_sart_response_window_close__v=1__trial=114__condition=go__digit=6__block=1__phase=support__segment=session1_main__practice=0,1296792.983461300,1296792.983666200
dynamic_sart_trial_complete__v=1__trial=114__condition=go__digit=6__block=1__phase=support__segment=session1_main__practice=0,1296792.983461300,1296792.991101300
dynamic_sart_stimulus_onset__v=1__trial=115__condition=go__digit=0__block=1__phase=support__segment=session1_main__practice=0,1296793.060494800,1296793.060666300
dynamic_sart_stimulus_offset__v=1__trial=115__condition=go__digit=0__block=1__phase=support__segment=session1_main__practice=0,1296793.341260700,1296793.341403100
dynamic_sart_response_window_close__v=1__trial=115__condition=go__digit=0__block=1__phase=support__segment=session1_main__practice=0,1296794.671487000,1296794.671725000
dynamic_sart_trial_complete__v=1__trial=115__condition=go__digit=0__block=1__phase=support__segment=session1_main__practice=0,1296794.671487000,1296794.680047700
dynamic_sart_stimulus_onset__v=1__trial=116__condition=go__digit=9__block=1__phase=support__segment=session1_main__practice=0,1296794.732694700,1296794.732918600
dynamic_sart_stimulus_offset__v=1__trial=116__condition=go__digit=9__block=1__phase=support__segment=session1_main__practice=0,1296794.997894400,1296794.998108600
dynamic_sart_response_window_close__v=1__trial=116__condition=go__digit=9__block=1__phase=support__segment=session1_main__practice=0,1296796.329154700,1296796.329414900
dynamic_sart_trial_complete__v=1__trial=116__condition=go__digit=9__block=1__phase=support__segment=session1_main__practice=0,1296796.329154700,1296796.338428100
dynamic_sart_stimulus_onset__v=1__trial=117__condition=go__digit=7__block=1__phase=support__segment=session1_main__practice=0,1296796.378581300,1296796.378778000
dynamic_sart_stimulus_offset__v=1__trial=117__condition=go__digit=7__block=1__phase=support__segment=session1_main__practice=0,1296796.645393300,1296796.645625200
dynamic_sart_response_window_close__v=1__trial=117__condition=go__digit=7__block=1__phase=support__segment=session1_main__practice=0,1296797.982789600,1296797.983019200
dynamic_sart_trial_complete__v=1__trial=117__condition=go__digit=7__block=1__phase=support__segment=session1_main__practice=0,1296797.982789600,1296797.999436900
dynamic_sart_stimulus_onset__v=1__trial=118__condition=no_go__digit=3__block=1__phase=support__segment=session1_main__practice=0,1296798.058004100,1296798.058215900
dynamic_sart_stimulus_offset__v=1__trial=118__condition=no_go__digit=3__block=1__phase=support__segment=session1_main__practice=0,1296798.318474100,1296798.318749000
dynamic_sart_response_window_close__v=1__trial=118__condition=no_go__digit=3__block=1__phase=support__segment=session1_main__practice=0,1296799.654705500,1296799.654945100
dynamic_sart_trial_complete__v=1__trial=118__condition=no_go__digit=3__block=1__phase=support__segment=session1_main__practice=0,1296799.654705500,1296799.663034800
dynamic_sart_stimulus_onset__v=1__trial=119__condition=go__digit=4__block=1__phase=support__segment=session1_main__practice=0,1296799.740302700,1296799.740531100
dynamic_sart_stimulus_offset__v=1__trial=119__condition=go__digit=4__block=1__phase=support__segment=session1_main__practice=0,1296799.999895900,1296800.000222900
dynamic_sart_response_window_close__v=1__trial=119__condition=go__digit=4__block=1__phase=support__segment=session1_main__practice=0,1296801.342144900,1296801.342414600
dynamic_sart_trial_complete__v=1__trial=119__condition=go__digit=4__block=1__phase=support__segment=session1_main__practice=0,1296801.342144900,1296801.349737900
dynamic_sart_stimulus_onset__v=1__trial=120__condition=go__digit=5__block=1__phase=support__segment=session1_main__practice=0,1296801.430012500,1296801.430245700
dynamic_sart_stimulus_offset__v=1__trial=120__condition=go__digit=5__block=1__phase=support__segment=session1_main__practice=0,1296801.717036600,1296801.717264200
dynamic_sart_response_window_close__v=1__trial=120__condition=go__digit=5__block=1__phase=support__segment=session1_main__practice=0,1296803.030212800,1296803.030421500
dynamic_sart_trial_complete__v=1__trial=120__condition=go__digit=5__block=1__phase=support__segment=session1_main__practice=0,1296803.030212800,1296803.037992900
dynamic_sart_stimulus_onset__v=1__trial=121__condition=go__digit=6__block=1__phase=support__segment=session1_main__practice=0,1296803.110736200,1296803.110952300
dynamic_sart_stimulus_offset__v=1__trial=121__condition=go__digit=6__block=1__phase=support__segment=session1_main__practice=0,1296803.391942700,1296803.392159300
dynamic_sart_response_window_close__v=1__trial=121__condition=go__digit=6__block=1__phase=support__segment=session1_main__practice=0,1296804.719397000,1296804.719632300
dynamic_sart_trial_complete__v=1__trial=121__condition=go__digit=6__block=1__phase=support__segment=session1_main__practice=0,1296804.719397000,1296804.727217300
dynamic_sart_stimulus_onset__v=1__trial=122__condition=go__digit=2__block=1__phase=support__segment=session1_main__practice=0,1296804.792147300,1296804.792374400
dynamic_sart_stimulus_offset__v=1__trial=122__condition=go__digit=2__block=1__phase=support__segment=session1_main__practice=0,1296805.062668400,1296805.062818500
dynamic_sart_response_window_close__v=1__trial=122__condition=go__digit=2__block=1__phase=support__segment=session1_main__practice=0,1296806.390208600,1296806.390435800
dynamic_sart_trial_complete__v=1__trial=122__condition=go__digit=2__block=1__phase=support__segment=session1_main__practice=0,1296806.390208600,1296806.398513700
dynamic_sart_stimulus_onset__v=1__trial=123__condition=go__digit=1__block=1__phase=support__segment=session1_main__practice=0,1296806.474252200,1296806.474551300
dynamic_sart_stimulus_offset__v=1__trial=123__condition=go__digit=1__block=1__phase=support__segment=session1_main__practice=0,1296806.759106300,1296806.759267900
dynamic_sart_response_window_close__v=1__trial=123__condition=go__digit=1__block=1__phase=support__segment=session1_main__practice=0,1296808.076565900,1296808.076752200
dynamic_sart_trial_complete__v=1__trial=123__condition=go__digit=1__block=1__phase=support__segment=session1_main__practice=0,1296808.076565900,1296808.087727100
dynamic_sart_stimulus_onset__v=1__trial=124__condition=no_go__digit=3__block=1__phase=support__segment=session1_main__practice=0,1296808.158652000,1296808.159175500
dynamic_sart_stimulus_offset__v=1__trial=124__condition=no_go__digit=3__block=1__phase=support__segment=session1_main__practice=0,1296808.433039200,1296808.433188900
dynamic_sart_response_window_close__v=1__trial=124__condition=no_go__digit=3__block=1__phase=support__segment=session1_main__practice=0,1296809.766269200,1296809.766532900
dynamic_sart_trial_complete__v=1__trial=124__condition=no_go__digit=3__block=1__phase=support__segment=session1_main__practice=0,1296809.766269200,1296809.774160600
dynamic_sart_stimulus_onset__v=1__trial=125__condition=go__digit=9__block=1__phase=support__segment=session1_main__practice=0,1296809.841581600,1296809.841807800
dynamic_sart_stimulus_offset__v=1__trial=125__condition=go__digit=9__block=1__phase=support__segment=session1_main__practice=0,1296810.106550200,1296810.106789200
dynamic_sart_response_window_close__v=1__trial=125__condition=go__digit=9__block=1__phase=support__segment=session1_main__practice=0,1296811.435375500,1296811.435660000
dynamic_sart_trial_complete__v=1__trial=125__condition=go__digit=9__block=1__phase=support__segment=session1_main__practice=0,1296811.435375500,1296811.444058700
dynamic_sart_stimulus_onset__v=1__trial=126__condition=go__digit=8__block=1__phase=support__segment=session1_main__practice=0,1296811.509841100,1296811.510061700
dynamic_sart_stimulus_offset__v=1__trial=126__condition=go__digit=8__block=1__phase=support__segment=session1_main__practice=0,1296811.774090900,1296811.774313900
dynamic_sart_response_window_close__v=1__trial=126__condition=go__digit=8__block=1__phase=support__segment=session1_main__practice=0,1296813.108014100,1296813.108246700
dynamic_sart_trial_complete__v=1__trial=126__condition=go__digit=8__block=1__phase=support__segment=session1_main__practice=0,1296813.108014100,1296813.115568600
dynamic_sart_stimulus_onset__v=1__trial=127__condition=go__digit=0__block=1__phase=support__segment=session1_main__practice=0,1296813.179043400,1296813.179236000
dynamic_sart_stimulus_offset__v=1__trial=127__condition=go__digit=0__block=1__phase=support__segment=session1_main__practice=0,1296813.445812200,1296813.446202300
dynamic_sart_response_window_close__v=1__trial=127__condition=go__digit=0__block=1__phase=support__segment=session1_main__practice=0,1296814.781616300,1296814.781843600
dynamic_sart_trial_complete__v=1__trial=127__condition=go__digit=0__block=1__phase=support__segment=session1_main__practice=0,1296814.781616300,1296814.789618300
dynamic_sart_stimulus_onset__v=1__trial=128__condition=go__digit=2__block=1__phase=support__segment=session1_main__practice=0,1296814.861783300,1296814.862019500
dynamic_sart_stimulus_offset__v=1__trial=128__condition=go__digit=2__block=1__phase=support__segment=session1_main__practice=0,1296815.141278000,1296815.141500100
dynamic_sart_response_window_close__v=1__trial=128__condition=go__digit=2__block=1__phase=support__segment=session1_main__practice=0,1296816.467569500,1296816.467909300
dynamic_sart_trial_complete__v=1__trial=128__condition=go__digit=2__block=1__phase=support__segment=session1_main__practice=0,1296816.467569500,1296816.476106200
dynamic_sart_stimulus_onset__v=1__trial=129__condition=go__digit=7__block=1__phase=support__segment=session1_main__practice=0,1296816.539751200,1296816.539972300
dynamic_sart_stimulus_offset__v=1__trial=129__condition=go__digit=7__block=1__phase=support__segment=session1_main__practice=0,1296816.800651500,1296816.800876300
dynamic_sart_response_window_close__v=1__trial=129__condition=go__digit=7__block=1__phase=support__segment=session1_main__practice=0,1296818.139962500,1296818.140186900
dynamic_sart_trial_complete__v=1__trial=129__condition=go__digit=7__block=1__phase=support__segment=session1_main__practice=0,1296818.139962500,1296818.150723600
dynamic_sart_stimulus_onset__v=1__trial=130__condition=go__digit=8__block=1__phase=support__segment=session1_main__practice=0,1296818.224835000,1296818.225065400
dynamic_sart_stimulus_offset__v=1__trial=130__condition=go__digit=8__block=1__phase=support__segment=session1_main__practice=0,1296818.490091200,1296818.490508300
dynamic_sart_response_window_close__v=1__trial=130__condition=go__digit=8__block=1__phase=support__segment=session1_main__practice=0,1296819.827762400,1296819.827988100
dynamic_sart_trial_complete__v=1__trial=130__condition=go__digit=8__block=1__phase=support__segment=session1_main__practice=0,1296819.827762400,1296819.835983100
dynamic_sart_stimulus_onset__v=1__trial=131__condition=no_go__digit=3__block=1__phase=support__segment=session1_main__practice=0,1296819.886022400,1296819.886310500
dynamic_sart_stimulus_offset__v=1__trial=131__condition=no_go__digit=3__block=1__phase=support__segment=session1_main__practice=0,1296820.158963300,1296820.159290900
dynamic_sart_response_window_close__v=1__trial=131__condition=no_go__digit=3__block=1__phase=support__segment=session1_main__practice=0,1296821.483583400,1296821.483820700
dynamic_sart_trial_complete__v=1__trial=131__condition=no_go__digit=3__block=1__phase=support__segment=session1_main__practice=0,1296821.483583400,1296821.493144600
dynamic_sart_stimulus_onset__v=1__trial=132__condition=go__digit=6__block=1__phase=support__segment=session1_main__practice=0,1296821.558939000,1296821.559334400
dynamic_sart_stimulus_offset__v=1__trial=132__condition=go__digit=6__block=1__phase=support__segment=session1_main__practice=0,1296821.824677400,1296821.824814500
dynamic_sart_response_window_close__v=1__trial=132__condition=go__digit=6__block=1__phase=support__segment=session1_main__practice=0,1296823.154449100,1296823.154676600
dynamic_sart_trial_complete__v=1__trial=132__condition=go__digit=6__block=1__phase=support__segment=session1_main__practice=0,1296823.154449100,1296823.162508500
dynamic_sart_stimulus_onset__v=1__trial=133__condition=go__digit=4__block=1__phase=support__segment=session1_main__practice=0,1296823.225560500,1296823.225780700
dynamic_sart_stimulus_offset__v=1__trial=133__condition=go__digit=4__block=1__phase=support__segment=session1_main__practice=0,1296823.508376100,1296823.508648200
dynamic_sart_response_window_close__v=1__trial=133__condition=go__digit=4__block=1__phase=support__segment=session1_main__practice=0,1296824.826293200,1296824.826505500
dynamic_sart_trial_complete__v=1__trial=133__condition=go__digit=4__block=1__phase=support__segment=session1_main__practice=0,1296824.826293200,1296824.833950000
dynamic_sart_stimulus_onset__v=1__trial=134__condition=go__digit=1__block=1__phase=support__segment=session1_main__practice=0,1296824.900552500,1296824.900751000
dynamic_sart_stimulus_offset__v=1__trial=134__condition=go__digit=1__block=1__phase=support__segment=session1_main__practice=0,1296825.177178200,1296825.177430300
dynamic_sart_response_window_close__v=1__trial=134__condition=go__digit=1__block=1__phase=support__segment=session1_main__practice=0,1296826.497899000,1296826.498115200
dynamic_sart_trial_complete__v=1__trial=134__condition=go__digit=1__block=1__phase=support__segment=session1_main__practice=0,1296826.497899000,1296826.506040500
dynamic_sart_stimulus_onset__v=1__trial=135__condition=go__digit=9__block=1__phase=support__segment=session1_main__practice=0,1296826.565854500,1296826.566081300
dynamic_sart_stimulus_offset__v=1__trial=135__condition=go__digit=9__block=1__phase=support__segment=session1_main__practice=0,1296826.836455100,1296826.836855900
dynamic_sart_response_window_close__v=1__trial=135__condition=go__digit=9__block=1__phase=support__segment=session1_main__practice=0,1296828.171206600,1296828.171434400
dynamic_sart_trial_complete__v=1__trial=135__condition=go__digit=9__block=1__phase=support__segment=session1_main__practice=0,1296828.171206600,1296828.182069500
dynamic_sart_stimulus_onset__v=1__trial=136__condition=go__digit=0__block=1__phase=support__segment=session1_main__practice=0,1296828.263520500,1296828.263749900
dynamic_sart_stimulus_offset__v=1__trial=136__condition=go__digit=0__block=1__phase=support__segment=session1_main__practice=0,1296828.532706200,1296828.532942700
dynamic_sart_response_window_close__v=1__trial=136__condition=go__digit=0__block=1__phase=support__segment=session1_main__practice=0,1296829.857352600,1296829.857576200
dynamic_sart_trial_complete__v=1__trial=136__condition=go__digit=0__block=1__phase=support__segment=session1_main__practice=0,1296829.857352600,1296829.864943600
dynamic_sart_stimulus_onset__v=1__trial=137__condition=no_go__digit=3__block=1__phase=support__segment=session1_main__practice=0,1296829.935744300,1296829.935962400
dynamic_sart_stimulus_offset__v=1__trial=137__condition=no_go__digit=3__block=1__phase=support__segment=session1_main__practice=0,1296830.227190100,1296830.227422400
dynamic_sart_response_window_close__v=1__trial=137__condition=no_go__digit=3__block=1__phase=support__segment=session1_main__practice=0,1296831.545721100,1296831.545978200
dynamic_sart_trial_complete__v=1__trial=137__condition=no_go__digit=3__block=1__phase=support__segment=session1_main__practice=0,1296831.545721100,1296831.555697200
dynamic_sart_stimulus_onset__v=1__trial=138__condition=go__digit=5__block=1__phase=support__segment=session1_main__practice=0,1296831.636812200,1296831.637273000
dynamic_sart_stimulus_offset__v=1__trial=138__condition=go__digit=5__block=1__phase=support__segment=session1_main__practice=0,1296831.911363700,1296831.911609300
dynamic_sart_response_window_close__v=1__trial=138__condition=go__digit=5__block=1__phase=support__segment=session1_main__practice=0,1296833.232424100,1296833.232615500
dynamic_sart_trial_complete__v=1__trial=138__condition=go__digit=5__block=1__phase=support__segment=session1_main__practice=0,1296833.232424100,1296833.239981200
dynamic_sart_stimulus_onset__v=1__trial=139__condition=go__digit=5__block=1__phase=support__segment=session1_main__practice=0,1296833.301365300,1296833.301581000
dynamic_sart_stimulus_offset__v=1__trial=139__condition=go__digit=5__block=1__phase=support__segment=session1_main__practice=0,1296833.575438600,1296833.575597500
dynamic_sart_response_window_close__v=1__trial=139__condition=go__digit=5__block=1__phase=support__segment=session1_main__practice=0,1296834.904982000,1296834.905220100
dynamic_sart_trial_complete__v=1__trial=139__condition=go__digit=5__block=1__phase=support__segment=session1_main__practice=0,1296834.904982000,1296834.913460800
dynamic_sart_stimulus_onset__v=1__trial=140__condition=go__digit=9__block=1__phase=support__segment=session1_main__practice=0,1296834.973176600,1296834.973396900
dynamic_sart_stimulus_offset__v=1__trial=140__condition=go__digit=9__block=1__phase=support__segment=session1_main__practice=0,1296835.249720500,1296835.249881600
dynamic_sart_response_window_close__v=1__trial=140__condition=go__digit=9__block=1__phase=support__segment=session1_main__practice=0,1296836.576697400,1296836.576908100
dynamic_sart_trial_complete__v=1__trial=140__condition=go__digit=9__block=1__phase=support__segment=session1_main__practice=0,1296836.576697400,1296836.584777200
dynamic_sart_stimulus_onset__v=1__trial=141__condition=go__digit=0__block=1__phase=support__segment=session1_main__practice=0,1296836.644645700,1296836.644856300
dynamic_sart_stimulus_offset__v=1__trial=141__condition=go__digit=0__block=1__phase=support__segment=session1_main__practice=0,1296836.912139200,1296836.912372200
dynamic_sart_response_window_close__v=1__trial=141__condition=go__digit=0__block=1__phase=support__segment=session1_main__practice=0,1296838.248569900,1296838.248785700
dynamic_sart_trial_complete__v=1__trial=141__condition=go__digit=0__block=1__phase=support__segment=session1_main__practice=0,1296838.248569900,1296838.259456600
dynamic_sart_stimulus_onset__v=1__trial=142__condition=go__digit=2__block=1__phase=support__segment=session1_main__practice=0,1296838.343187100,1296838.343425500
dynamic_sart_stimulus_offset__v=1__trial=142__condition=go__digit=2__block=1__phase=support__segment=session1_main__practice=0,1296838.630348400,1296838.630570900
dynamic_sart_response_window_close__v=1__trial=142__condition=go__digit=2__block=1__phase=support__segment=session1_main__practice=0,1296839.951051300,1296839.951275300
dynamic_sart_trial_complete__v=1__trial=142__condition=go__digit=2__block=1__phase=support__segment=session1_main__practice=0,1296839.951051300,1296839.961372900
dynamic_sart_stimulus_onset__v=1__trial=143__condition=go__digit=7__block=1__phase=support__segment=session1_main__practice=0,1296840.027111900,1296840.027339000
dynamic_sart_stimulus_offset__v=1__trial=143__condition=go__digit=7__block=1__phase=support__segment=session1_main__practice=0,1296840.286379900,1296840.286592900
dynamic_sart_response_window_close__v=1__trial=143__condition=go__digit=7__block=1__phase=support__segment=session1_main__practice=0,1296841.623183500,1296841.623429900
dynamic_sart_trial_complete__v=1__trial=143__condition=go__digit=7__block=1__phase=support__segment=session1_main__practice=0,1296841.623183500,1296841.630991700
dynamic_sart_stimulus_onset__v=1__trial=144__condition=no_go__digit=3__block=1__phase=support__segment=session1_main__practice=0,1296841.686002600,1296841.686223800
dynamic_sart_stimulus_offset__v=1__trial=144__condition=no_go__digit=3__block=1__phase=support__segment=session1_main__practice=0,1296841.974844600,1296841.975075600
dynamic_sart_response_window_close__v=1__trial=144__condition=no_go__digit=3__block=1__phase=support__segment=session1_main__practice=0,1296843.296140000,1296843.296382900
dynamic_sart_trial_complete__v=1__trial=144__condition=no_go__digit=3__block=1__phase=support__segment=session1_main__practice=0,1296843.296140000,1296843.303723300
dynamic_sart_stimulus_onset__v=1__trial=145__condition=go__digit=4__block=1__phase=support__segment=session1_main__practice=0,1296843.374561100,1296843.374783800
dynamic_sart_stimulus_offset__v=1__trial=145__condition=go__digit=4__block=1__phase=support__segment=session1_main__practice=0,1296843.666964800,1296843.667202800
dynamic_sart_response_window_close__v=1__trial=145__condition=go__digit=4__block=1__phase=support__segment=session1_main__practice=0,1296844.982900900,1296844.983142400
dynamic_sart_trial_complete__v=1__trial=145__condition=go__digit=4__block=1__phase=support__segment=session1_main__practice=0,1296844.982900900,1296844.990819100
dynamic_sart_stimulus_onset__v=1__trial=146__condition=go__digit=6__block=1__phase=support__segment=session1_main__practice=0,1296845.061703000,1296845.062125100
dynamic_sart_stimulus_offset__v=1__trial=146__condition=go__digit=6__block=1__phase=support__segment=session1_main__practice=0,1296845.343933600,1296845.344132700
dynamic_sart_response_window_close__v=1__trial=146__condition=go__digit=6__block=1__phase=support__segment=session1_main__practice=0,1296846.669758400,1296846.669956600
dynamic_sart_trial_complete__v=1__trial=146__condition=go__digit=6__block=1__phase=support__segment=session1_main__practice=0,1296846.669758400,1296846.677881400
dynamic_sart_stimulus_onset__v=1__trial=147__condition=go__digit=1__block=1__phase=support__segment=session1_main__practice=0,1296846.743797100,1296846.744025600
dynamic_sart_stimulus_offset__v=1__trial=147__condition=go__digit=1__block=1__phase=support__segment=session1_main__practice=0,1296847.006559900,1296847.006794000
dynamic_sart_response_window_close__v=1__trial=147__condition=go__digit=1__block=1__phase=support__segment=session1_main__practice=0,1296848.341695700,1296848.341941300
dynamic_sart_trial_complete__v=1__trial=147__condition=go__digit=1__block=1__phase=support__segment=session1_main__practice=0,1296848.341695700,1296848.352839300
dynamic_sart_stimulus_onset__v=1__trial=148__condition=go__digit=8__block=1__phase=support__segment=session1_main__practice=0,1296848.435960200,1296848.436175000
dynamic_sart_stimulus_offset__v=1__trial=148__condition=go__digit=8__block=1__phase=support__segment=session1_main__practice=0,1296848.725591200,1296848.725838000
dynamic_sart_response_window_close__v=1__trial=148__condition=go__digit=8__block=1__phase=support__segment=session1_main__practice=0,1296850.047147500,1296850.047378200
dynamic_sart_trial_complete__v=1__trial=148__condition=go__digit=8__block=1__phase=support__segment=session1_main__practice=0,1296850.047147500,1296850.055232100
dynamic_sart_stimulus_onset__v=1__trial=149__condition=go__digit=4__block=1__phase=support__segment=session1_main__practice=0,1296850.119623700,1296850.119824000
dynamic_sart_stimulus_offset__v=1__trial=149__condition=go__digit=4__block=1__phase=support__segment=session1_main__practice=0,1296850.389728300,1296850.389866600
dynamic_sart_response_window_close__v=1__trial=149__condition=go__digit=4__block=1__phase=support__segment=session1_main__practice=0,1296851.716909600,1296851.717287800
dynamic_sart_trial_complete__v=1__trial=149__condition=go__digit=4__block=1__phase=support__segment=session1_main__practice=0,1296851.716909600,1296851.725130500
dynamic_sart_stimulus_onset__v=1__trial=150__condition=go__digit=0__block=1__phase=support__segment=session1_main__practice=0,1296851.802169600,1296851.802627900
dynamic_sart_stimulus_offset__v=1__trial=150__condition=go__digit=0__block=1__phase=support__segment=session1_main__practice=0,1296852.063839300,1296852.064049200
dynamic_sart_response_window_close__v=1__trial=150__condition=go__digit=0__block=1__phase=support__segment=session1_main__practice=0,1296853.405168800,1296853.405399800
dynamic_sart_trial_complete__v=1__trial=150__condition=go__digit=0__block=1__phase=support__segment=session1_main__practice=0,1296853.405168800,1296853.413402000
dynamic_sart_stimulus_onset__v=1__trial=151__condition=no_go__digit=3__block=1__phase=support__segment=session1_main__practice=0,1296853.475121600,1296853.475352700
dynamic_sart_stimulus_offset__v=1__trial=151__condition=no_go__digit=3__block=1__phase=support__segment=session1_main__practice=0,1296853.750292800,1296853.750531800
dynamic_sart_response_window_close__v=1__trial=151__condition=no_go__digit=3__block=1__phase=support__segment=session1_main__practice=0,1296855.076073600,1296855.076277600
dynamic_sart_trial_complete__v=1__trial=151__condition=no_go__digit=3__block=1__phase=support__segment=session1_main__practice=0,1296855.076073600,1296855.084201300
dynamic_sart_stimulus_onset__v=1__trial=152__condition=go__digit=6__block=1__phase=support__segment=session1_main__practice=0,1296855.157699500,1296855.157956900
dynamic_sart_stimulus_offset__v=1__trial=152__condition=go__digit=6__block=1__phase=support__segment=session1_main__practice=0,1296855.434090000,1296855.434438400
dynamic_sart_response_window_close__v=1__trial=152__condition=go__digit=6__block=1__phase=support__segment=session1_main__practice=0,1296856.764482700,1296856.764881500
dynamic_sart_trial_complete__v=1__trial=152__condition=go__digit=6__block=1__phase=support__segment=session1_main__practice=0,1296856.764482700,1296856.774211000
dynamic_sart_stimulus_onset__v=1__trial=153__condition=go__digit=8__block=1__phase=support__segment=session1_main__practice=0,1296856.835681100,1296856.835939800
dynamic_sart_stimulus_offset__v=1__trial=153__condition=go__digit=8__block=1__phase=support__segment=session1_main__practice=0,1296857.108586100,1296857.108805400
dynamic_sart_response_window_close__v=1__trial=153__condition=go__digit=8__block=1__phase=support__segment=session1_main__practice=0,1296858.436096400,1296858.436332400
dynamic_sart_trial_complete__v=1__trial=153__condition=go__digit=8__block=1__phase=support__segment=session1_main__practice=0,1296858.436096400,1296858.446986100
dynamic_sart_stimulus_onset__v=1__trial=154__condition=go__digit=7__block=1__phase=support__segment=session1_main__practice=0,1296858.517657400,1296858.517975500
dynamic_sart_stimulus_offset__v=1__trial=154__condition=go__digit=7__block=1__phase=support__segment=session1_main__practice=0,1296858.780835200,1296858.781041200
dynamic_sart_response_window_close__v=1__trial=154__condition=go__digit=7__block=1__phase=support__segment=session1_main__practice=0,1296860.123877300,1296860.124084000
dynamic_sart_trial_complete__v=1__trial=154__condition=go__digit=7__block=1__phase=support__segment=session1_main__practice=0,1296860.123877300,1296860.131622600
dynamic_sart_stimulus_onset__v=1__trial=155__condition=go__digit=1__block=1__phase=support__segment=session1_main__practice=0,1296860.194636100,1296860.194839200
dynamic_sart_stimulus_offset__v=1__trial=155__condition=go__digit=1__block=1__phase=support__segment=session1_main__practice=0,1296860.463901700,1296860.464214800
dynamic_sart_response_window_close__v=1__trial=155__condition=go__digit=1__block=1__phase=support__segment=session1_main__practice=0,1296861.794884500,1296861.795125600
dynamic_sart_trial_complete__v=1__trial=155__condition=go__digit=1__block=1__phase=support__segment=session1_main__practice=0,1296861.794884500,1296861.804516900
dynamic_sart_stimulus_onset__v=1__trial=156__condition=go__digit=5__block=1__phase=support__segment=session1_main__practice=0,1296861.898058000,1296861.898312600
dynamic_sart_stimulus_offset__v=1__trial=156__condition=go__digit=5__block=1__phase=support__segment=session1_main__practice=0,1296862.182652000,1296862.182878700
dynamic_sart_response_window_close__v=1__trial=156__condition=go__digit=5__block=1__phase=support__segment=session1_main__practice=0,1296863.497969000,1296863.498170800
dynamic_sart_trial_complete__v=1__trial=156__condition=go__digit=5__block=1__phase=support__segment=session1_main__practice=0,1296863.497969000,1296863.505746700
dynamic_sart_stimulus_onset__v=1__trial=157__condition=no_go__digit=3__block=1__phase=support__segment=session1_main__practice=0,1296863.577172500,1296863.577348800
dynamic_sart_stimulus_offset__v=1__trial=157__condition=no_go__digit=3__block=1__phase=support__segment=session1_main__practice=0,1296863.866304200,1296863.866574700
dynamic_sart_response_window_close__v=1__trial=157__condition=no_go__digit=3__block=1__phase=support__segment=session1_main__practice=0,1296865.188241800,1296865.188467600
dynamic_sart_trial_complete__v=1__trial=157__condition=no_go__digit=3__block=1__phase=support__segment=session1_main__practice=0,1296865.188241800,1296865.196236000
dynamic_sart_stimulus_onset__v=1__trial=158__condition=go__digit=2__block=1__phase=support__segment=session1_main__practice=0,1296865.275510900,1296865.275740700
dynamic_sart_stimulus_offset__v=1__trial=158__condition=go__digit=2__block=1__phase=support__segment=session1_main__practice=0,1296865.533407400,1296865.533620500
dynamic_sart_response_window_close__v=1__trial=158__condition=go__digit=2__block=1__phase=support__segment=session1_main__practice=0,1296866.874557800,1296866.874784500
dynamic_sart_trial_complete__v=1__trial=158__condition=go__digit=2__block=1__phase=support__segment=session1_main__practice=0,1296866.874557800,1296866.882731500
dynamic_sart_stimulus_onset__v=1__trial=159__condition=go__digit=9__block=1__phase=support__segment=session1_main__practice=0,1296866.946710600,1296866.946924500
dynamic_sart_stimulus_offset__v=1__trial=159__condition=go__digit=9__block=1__phase=support__segment=session1_main__practice=0,1296867.215600400,1296867.215837700
dynamic_sart_response_window_close__v=1__trial=159__condition=go__digit=9__block=1__phase=support__segment=session1_main__practice=0,1296868.547368300,1296868.547612500
dynamic_sart_trial_complete__v=1__trial=159__condition=go__digit=9__block=1__phase=support__segment=session1_main__practice=0,1296868.547368300,1296868.559182500
dynamic_sart_stimulus_onset__v=1__trial=160__condition=go__digit=8__block=1__phase=support__segment=session1_main__practice=0,1296868.633099900,1296868.633336400
dynamic_sart_stimulus_offset__v=1__trial=160__condition=go__digit=8__block=1__phase=support__segment=session1_main__practice=0,1296868.916102900,1296868.916248700
dynamic_sart_response_window_close__v=1__trial=160__condition=go__digit=8__block=1__phase=support__segment=session1_main__practice=0,1296870.233064500,1296870.233298200
dynamic_sart_trial_complete__v=1__trial=160__condition=go__digit=8__block=1__phase=support__segment=session1_main__practice=0,1296870.233064500,1296870.241107700
dynamic_sart_stimulus_onset__v=1__trial=161__condition=go__digit=9__block=1__phase=support__segment=session1_main__practice=0,1296870.318758400,1296870.318976700
dynamic_sart_stimulus_offset__v=1__trial=161__condition=go__digit=9__block=1__phase=support__segment=session1_main__practice=0,1296870.588888400,1296870.589109100
dynamic_sart_response_window_close__v=1__trial=161__condition=go__digit=9__block=1__phase=support__segment=session1_main__practice=0,1296871.920273500,1296871.920467400
dynamic_sart_trial_complete__v=1__trial=161__condition=go__digit=9__block=1__phase=support__segment=session1_main__practice=0,1296871.920273500,1296871.928109900
dynamic_sart_stimulus_onset__v=1__trial=162__condition=go__digit=7__block=1__phase=support__segment=session1_main__practice=0,1296872.013459800,1296872.013711700
dynamic_sart_stimulus_offset__v=1__trial=162__condition=go__digit=7__block=1__phase=support__segment=session1_main__practice=0,1296872.275805400,1296872.276135500
dynamic_sart_response_window_close__v=1__trial=162__condition=go__digit=7__block=1__phase=support__segment=session1_main__practice=0,1296873.609154400,1296873.609383500
dynamic_sart_trial_complete__v=1__trial=162__condition=go__digit=7__block=1__phase=support__segment=session1_main__practice=0,1296873.609154400,1296873.617294600
dynamic_sart_stimulus_onset__v=1__trial=163__condition=go__digit=4__block=1__phase=support__segment=session1_main__practice=0,1296873.669306900,1296873.669682800
dynamic_sart_stimulus_offset__v=1__trial=163__condition=go__digit=4__block=1__phase=support__segment=session1_main__practice=0,1296873.935888500,1296873.936133600
dynamic_sart_response_window_close__v=1__trial=163__condition=go__digit=4__block=1__phase=support__segment=session1_main__practice=0,1296875.265043400,1296875.265326400
dynamic_sart_trial_complete__v=1__trial=163__condition=go__digit=4__block=1__phase=support__segment=session1_main__practice=0,1296875.265043400,1296875.273081400
dynamic_sart_stimulus_onset__v=1__trial=164__condition=no_go__digit=3__block=1__phase=support__segment=session1_main__practice=0,1296875.332723200,1296875.332935300
dynamic_sart_stimulus_offset__v=1__trial=164__condition=no_go__digit=3__block=1__phase=support__segment=session1_main__practice=0,1296875.609599600,1296875.609827000
dynamic_sart_response_window_close__v=1__trial=164__condition=no_go__digit=3__block=1__phase=support__segment=session1_main__practice=0,1296876.935886900,1296876.936094000
dynamic_sart_trial_complete__v=1__trial=164__condition=no_go__digit=3__block=1__phase=support__segment=session1_main__practice=0,1296876.935886900,1296876.944152300
dynamic_sart_stimulus_onset__v=1__trial=165__condition=go__digit=5__block=1__phase=support__segment=session1_main__practice=0,1296877.018436900,1296877.018676400
dynamic_sart_stimulus_offset__v=1__trial=165__condition=go__digit=5__block=1__phase=support__segment=session1_main__practice=0,1296877.293588800,1296877.293738900
dynamic_sart_response_window_close__v=1__trial=165__condition=go__digit=5__block=1__phase=support__segment=session1_main__practice=0,1296878.622680800,1296878.622900000
dynamic_sart_trial_complete__v=1__trial=165__condition=go__digit=5__block=1__phase=support__segment=session1_main__practice=0,1296878.622680800,1296878.636210100
dynamic_sart_stimulus_onset__v=1__trial=166__condition=go__digit=6__block=1__phase=support__segment=session1_main__practice=0,1296878.712871200,1296878.713412700
dynamic_sart_stimulus_offset__v=1__trial=166__condition=go__digit=6__block=1__phase=support__segment=session1_main__practice=0,1296878.986741300,1296878.986997900
dynamic_sart_response_window_close__v=1__trial=166__condition=go__digit=6__block=1__phase=support__segment=session1_main__practice=0,1296880.312648200,1296880.312929100
dynamic_sart_trial_complete__v=1__trial=166__condition=go__digit=6__block=1__phase=support__segment=session1_main__practice=0,1296880.312648200,1296880.320498800
dynamic_sart_stimulus_onset__v=1__trial=167__condition=go__digit=0__block=1__phase=support__segment=session1_main__practice=0,1296880.375735200,1296880.375952400
dynamic_sart_stimulus_offset__v=1__trial=167__condition=go__digit=0__block=1__phase=support__segment=session1_main__practice=0,1296880.660520100,1296880.660764500
dynamic_sart_response_window_close__v=1__trial=167__condition=go__digit=0__block=1__phase=support__segment=session1_main__practice=0,1296881.982445000,1296881.982725300
dynamic_sart_trial_complete__v=1__trial=167__condition=go__digit=0__block=1__phase=support__segment=session1_main__practice=0,1296881.982445000,1296881.990274600
dynamic_sart_stimulus_onset__v=1__trial=168__condition=go__digit=2__block=1__phase=support__segment=session1_main__practice=0,1296882.058577800,1296882.058826200
dynamic_sart_stimulus_offset__v=1__trial=168__condition=go__digit=2__block=1__phase=support__segment=session1_main__practice=0,1296882.323151400,1296882.323381400
dynamic_sart_response_window_close__v=1__trial=168__condition=go__digit=2__block=1__phase=support__segment=session1_main__practice=0,1296883.656542800,1296883.656791500
dynamic_sart_trial_complete__v=1__trial=168__condition=go__digit=2__block=1__phase=support__segment=session1_main__practice=0,1296883.656542800,1296883.664727400
dynamic_sart_stimulus_onset__v=1__trial=169__condition=go__digit=1__block=1__phase=support__segment=session1_main__practice=0,1296883.716557600,1296883.716823100
dynamic_sart_stimulus_offset__v=1__trial=169__condition=go__digit=1__block=1__phase=support__segment=session1_main__practice=0,1296883.983589000,1296883.983811800
dynamic_sart_response_window_close__v=1__trial=169__condition=go__digit=1__block=1__phase=support__segment=session1_main__practice=0,1296885.311621400,1296885.311835600
dynamic_sart_trial_complete__v=1__trial=169__condition=go__digit=1__block=1__phase=support__segment=session1_main__practice=0,1296885.311621400,1296885.319316400
dynamic_sart_stimulus_onset__v=1__trial=170__condition=go__digit=7__block=1__phase=support__segment=session1_main__practice=0,1296885.377420000,1296885.377634400
dynamic_sart_stimulus_offset__v=1__trial=170__condition=go__digit=7__block=1__phase=support__segment=session1_main__practice=0,1296885.656262100,1296885.656510700
dynamic_sart_response_window_close__v=1__trial=170__condition=go__digit=7__block=1__phase=support__segment=session1_main__practice=0,1296886.984075900,1296886.984304100
dynamic_sart_trial_complete__v=1__trial=170__condition=go__digit=7__block=1__phase=support__segment=session1_main__practice=0,1296886.984075900,1296886.993266300
dynamic_sart_stimulus_onset__v=1__trial=171__condition=no_go__digit=3__block=1__phase=support__segment=session1_main__practice=0,1296887.060877500,1296887.061091600
dynamic_sart_stimulus_offset__v=1__trial=171__condition=no_go__digit=3__block=1__phase=support__segment=session1_main__practice=0,1296887.339939400,1296887.340167500
dynamic_sart_response_window_close__v=1__trial=171__condition=no_go__digit=3__block=1__phase=support__segment=session1_main__practice=0,1296888.671011300,1296888.671372800
dynamic_sart_trial_complete__v=1__trial=171__condition=no_go__digit=3__block=1__phase=support__segment=session1_main__practice=0,1296888.671011300,1296888.684381700
dynamic_sart_stimulus_onset__v=1__trial=172__condition=go__digit=1__block=1__phase=support__segment=session1_main__practice=0,1296888.758822400,1296888.759058300
dynamic_sart_stimulus_offset__v=1__trial=172__condition=go__digit=1__block=1__phase=support__segment=session1_main__practice=0,1296889.030808100,1296889.031038400
dynamic_sart_response_window_close__v=1__trial=172__condition=go__digit=1__block=1__phase=support__segment=session1_main__practice=0,1296890.359732600,1296890.359952800
dynamic_sart_trial_complete__v=1__trial=172__condition=go__digit=1__block=1__phase=support__segment=session1_main__practice=0,1296890.359732600,1296890.367970600
dynamic_sart_stimulus_onset__v=1__trial=173__condition=go__digit=6__block=1__phase=support__segment=session1_main__practice=0,1296890.434854800,1296890.435069800
dynamic_sart_stimulus_offset__v=1__trial=173__condition=go__digit=6__block=1__phase=support__segment=session1_main__practice=0,1296890.707573800,1296890.707807200
dynamic_sart_response_window_close__v=1__trial=173__condition=go__digit=6__block=1__phase=support__segment=session1_main__practice=0,1296892.031178600,1296892.031408900
dynamic_sart_trial_complete__v=1__trial=173__condition=go__digit=6__block=1__phase=support__segment=session1_main__practice=0,1296892.031178600,1296892.040944000
dynamic_sart_stimulus_onset__v=1__trial=174__condition=go__digit=8__block=1__phase=support__segment=session1_main__practice=0,1296892.130561400,1296892.130802700
dynamic_sart_stimulus_offset__v=1__trial=174__condition=go__digit=8__block=1__phase=support__segment=session1_main__practice=0,1296892.406798200,1296892.407127900
dynamic_sart_response_window_close__v=1__trial=174__condition=go__digit=8__block=1__phase=support__segment=session1_main__practice=0,1296893.733852300,1296893.734062800
dynamic_sart_trial_complete__v=1__trial=174__condition=go__digit=8__block=1__phase=support__segment=session1_main__practice=0,1296893.733852300,1296893.742943800
dynamic_sart_stimulus_onset__v=1__trial=175__condition=go__digit=0__block=1__phase=support__segment=session1_main__practice=0,1296893.809533900,1296893.809786200
dynamic_sart_stimulus_offset__v=1__trial=175__condition=go__digit=0__block=1__phase=support__segment=session1_main__practice=0,1296894.083842000,1296894.084064200
dynamic_sart_response_window_close__v=1__trial=175__condition=go__digit=0__block=1__phase=support__segment=session1_main__practice=0,1296895.404882700,1296895.405121600
dynamic_sart_trial_complete__v=1__trial=175__condition=go__digit=0__block=1__phase=support__segment=session1_main__practice=0,1296895.404882700,1296895.412717600
dynamic_sart_stimulus_onset__v=1__trial=176__condition=go__digit=9__block=1__phase=support__segment=session1_main__practice=0,1296895.484991400,1296895.485292800
dynamic_sart_stimulus_offset__v=1__trial=176__condition=go__digit=9__block=1__phase=support__segment=session1_main__practice=0,1296895.750405500,1296895.750992600
dynamic_sart_response_window_close__v=1__trial=176__condition=go__digit=9__block=1__phase=support__segment=session1_main__practice=0,1296897.092456500,1296897.092711600
dynamic_sart_trial_complete__v=1__trial=176__condition=go__digit=9__block=1__phase=support__segment=session1_main__practice=0,1296897.092456500,1296897.101780700
dynamic_sart_stimulus_onset__v=1__trial=177__condition=no_go__digit=3__block=1__phase=support__segment=session1_main__practice=0,1296897.177259500,1296897.177490500
dynamic_sart_stimulus_offset__v=1__trial=177__condition=no_go__digit=3__block=1__phase=support__segment=session1_main__practice=0,1296897.456845600,1296897.457062000
dynamic_sart_response_window_close__v=1__trial=177__condition=no_go__digit=3__block=1__phase=support__segment=session1_main__practice=0,1296898.781302400,1296898.781516200
dynamic_sart_trial_complete__v=1__trial=177__condition=no_go__digit=3__block=1__phase=support__segment=session1_main__practice=0,1296898.781302400,1296898.793890100
dynamic_sart_stimulus_onset__v=1__trial=178__condition=go__digit=4__block=1__phase=support__segment=session1_main__practice=0,1296898.875437400,1296898.875648100
dynamic_sart_stimulus_offset__v=1__trial=178__condition=go__digit=4__block=1__phase=support__segment=session1_main__practice=0,1296899.165532600,1296899.166267400
dynamic_sart_response_window_close__v=1__trial=178__condition=go__digit=4__block=1__phase=support__segment=session1_main__practice=0,1296900.484051700,1296900.484264600
dynamic_sart_trial_complete__v=1__trial=178__condition=go__digit=4__block=1__phase=support__segment=session1_main__practice=0,1296900.484051700,1296900.492034300
dynamic_sart_stimulus_onset__v=1__trial=179__condition=go__digit=5__block=1__phase=support__segment=session1_main__practice=0,1296900.557248200,1296900.557487600
dynamic_sart_stimulus_offset__v=1__trial=179__condition=go__digit=5__block=1__phase=support__segment=session1_main__practice=0,1296900.822743100,1296900.822952300
dynamic_sart_response_window_close__v=1__trial=179__condition=go__digit=5__block=1__phase=support__segment=session1_main__practice=0,1296902.154935400,1296902.155157500
dynamic_sart_trial_complete__v=1__trial=179__condition=go__digit=5__block=1__phase=support__segment=session1_main__practice=0,1296902.154935400,1296902.162798400
dynamic_sart_stimulus_onset__v=1__trial=180__condition=go__digit=2__block=1__phase=support__segment=session1_main__practice=0,1296902.242208300,1296902.242442100
dynamic_sart_stimulus_offset__v=1__trial=180__condition=go__digit=2__block=1__phase=support__segment=session1_main__practice=0,1296902.511049200,1296902.511509500
dynamic_sart_response_window_close__v=1__trial=180__condition=go__digit=2__block=1__phase=support__segment=session1_main__practice=0,1296903.842295700,1296903.842541300
dynamic_sart_trial_complete__v=1__trial=180__condition=go__digit=2__block=1__phase=support__segment=session1_main__practice=0,1296903.842295700,1296903.850078900
dynamic_sart_stimulus_onset__v=1__trial=181__condition=go__digit=8__block=1__phase=support__segment=session1_main__practice=0,1296903.918630400,1296903.919035600
dynamic_sart_stimulus_offset__v=1__trial=181__condition=go__digit=8__block=1__phase=support__segment=session1_main__practice=0,1296904.200262900,1296904.200505800
dynamic_sart_response_window_close__v=1__trial=181__condition=go__digit=8__block=1__phase=support__segment=session1_main__practice=0,1296905.513900500,1296905.514244100
dynamic_sart_trial_complete__v=1__trial=181__condition=go__digit=8__block=1__phase=support__segment=session1_main__practice=0,1296905.513900500,1296905.520570000
dynamic_sart_stimulus_onset__v=1__trial=182__condition=go__digit=7__block=1__phase=support__segment=session1_main__practice=0,1296905.591926400,1296905.592156100
dynamic_sart_stimulus_offset__v=1__trial=182__condition=go__digit=7__block=1__phase=support__segment=session1_main__practice=0,1296905.875519000,1296905.875807400
dynamic_sart_response_window_close__v=1__trial=182__condition=go__digit=7__block=1__phase=support__segment=session1_main__practice=0,1296907.203741100,1296907.203970300
dynamic_sart_trial_complete__v=1__trial=182__condition=go__digit=7__block=1__phase=support__segment=session1_main__practice=0,1296907.203741100,1296907.211285400
dynamic_sart_stimulus_onset__v=1__trial=183__condition=go__digit=0__block=1__phase=support__segment=session1_main__practice=0,1296907.292075700,1296907.292322000
dynamic_sart_stimulus_offset__v=1__trial=183__condition=go__digit=0__block=1__phase=support__segment=session1_main__practice=0,1296907.565890800,1296907.566111900
dynamic_sart_response_window_close__v=1__trial=183__condition=go__digit=0__block=1__phase=support__segment=session1_main__practice=0,1296908.888621100,1296908.888845700
dynamic_sart_trial_complete__v=1__trial=183__condition=go__digit=0__block=1__phase=support__segment=session1_main__practice=0,1296908.888621100,1296908.899719400
dynamic_sart_stimulus_onset__v=1__trial=184__condition=no_go__digit=3__block=1__phase=support__segment=session1_main__practice=0,1296908.966429500,1296908.966640200
dynamic_sart_stimulus_offset__v=1__trial=184__condition=no_go__digit=3__block=1__phase=support__segment=session1_main__practice=0,1296909.232653700,1296909.232856500
dynamic_sart_response_window_close__v=1__trial=184__condition=no_go__digit=3__block=1__phase=support__segment=session1_main__practice=0,1296910.560733300,1296910.560957000
dynamic_sart_trial_complete__v=1__trial=184__condition=no_go__digit=3__block=1__phase=support__segment=session1_main__practice=0,1296910.560733300,1296910.568514600
dynamic_sart_stimulus_onset__v=1__trial=185__condition=go__digit=4__block=1__phase=support__segment=session1_main__practice=0,1296910.635387200,1296910.635609700
dynamic_sart_stimulus_offset__v=1__trial=185__condition=go__digit=4__block=1__phase=support__segment=session1_main__practice=0,1296910.906454100,1296910.906690200
dynamic_sart_response_window_close__v=1__trial=185__condition=go__digit=4__block=1__phase=support__segment=session1_main__practice=0,1296912.232490100,1296912.232707600
dynamic_sart_trial_complete__v=1__trial=185__condition=go__digit=4__block=1__phase=support__segment=session1_main__practice=0,1296912.232490100,1296912.240422100
dynamic_sart_stimulus_onset__v=1__trial=186__condition=go__digit=5__block=1__phase=support__segment=session1_main__practice=0,1296912.309244400,1296912.309451100
dynamic_sart_stimulus_offset__v=1__trial=186__condition=go__digit=5__block=1__phase=support__segment=session1_main__practice=0,1296912.569186500,1296912.569448700
dynamic_sart_response_window_close__v=1__trial=186__condition=go__digit=5__block=1__phase=support__segment=session1_main__practice=0,1296913.906579700,1296913.906797100
dynamic_sart_trial_complete__v=1__trial=186__condition=go__digit=5__block=1__phase=support__segment=session1_main__practice=0,1296913.906579700,1296913.914050200
dynamic_sart_stimulus_onset__v=1__trial=187__condition=go__digit=9__block=1__phase=support__segment=session1_main__practice=0,1296913.977141800,1296913.977461500
dynamic_sart_stimulus_offset__v=1__trial=187__condition=go__digit=9__block=1__phase=support__segment=session1_main__practice=0,1296914.254871900,1296914.255109400
dynamic_sart_response_window_close__v=1__trial=187__condition=go__digit=9__block=1__phase=support__segment=session1_main__practice=0,1296915.576853400,1296915.577076000
dynamic_sart_trial_complete__v=1__trial=187__condition=go__digit=9__block=1__phase=support__segment=session1_main__practice=0,1296915.576853400,1296915.584584100
dynamic_sart_stimulus_onset__v=1__trial=188__condition=go__digit=1__block=1__phase=support__segment=session1_main__practice=0,1296915.629822200,1296915.630026100
dynamic_sart_stimulus_offset__v=1__trial=188__condition=go__digit=1__block=1__phase=support__segment=session1_main__practice=0,1296915.895302300,1296915.895521800
dynamic_sart_response_window_close__v=1__trial=188__condition=go__digit=1__block=1__phase=support__segment=session1_main__practice=0,1296917.234528200,1296917.234756100
dynamic_sart_trial_complete__v=1__trial=188__condition=go__digit=1__block=1__phase=support__segment=session1_main__practice=0,1296917.234528200,1296917.243143600
dynamic_sart_stimulus_onset__v=1__trial=189__condition=go__digit=6__block=1__phase=support__segment=session1_main__practice=0,1296917.295875300,1296917.296104500
dynamic_sart_stimulus_offset__v=1__trial=189__condition=go__digit=6__block=1__phase=support__segment=session1_main__practice=0,1296917.560486600,1296917.560708000
dynamic_sart_response_window_close__v=1__trial=189__condition=go__digit=6__block=1__phase=support__segment=session1_main__practice=0,1296918.905501400,1296918.905744000
dynamic_sart_trial_complete__v=1__trial=189__condition=go__digit=6__block=1__phase=support__segment=session1_main__practice=0,1296918.905501400,1296918.916232800
dynamic_sart_stimulus_onset__v=1__trial=190__condition=no_go__digit=3__block=1__phase=support__segment=session1_main__practice=0,1296918.961346500,1296918.961558000
dynamic_sart_stimulus_offset__v=1__trial=190__condition=no_go__digit=3__block=1__phase=support__segment=session1_main__practice=0,1296919.229521700,1296919.229755100
dynamic_sart_response_window_close__v=1__trial=190__condition=no_go__digit=3__block=1__phase=support__segment=session1_main__practice=0,1296920.561778800,1296920.561989400
dynamic_sart_trial_complete__v=1__trial=190__condition=no_go__digit=3__block=1__phase=support__segment=session1_main__practice=0,1296920.561778800,1296920.569759400
dynamic_sart_stimulus_onset__v=1__trial=191__condition=go__digit=2__block=1__phase=support__segment=session1_main__practice=0,1296920.612252300,1296920.612462400
dynamic_sart_stimulus_offset__v=1__trial=191__condition=go__digit=2__block=1__phase=support__segment=session1_main__practice=0,1296920.880072100,1296920.880298000
dynamic_sart_response_window_close__v=1__trial=191__condition=go__digit=2__block=1__phase=support__segment=session1_main__practice=0,1296922.218426200,1296922.218636400
dynamic_sart_trial_complete__v=1__trial=191__condition=go__digit=2__block=1__phase=support__segment=session1_main__practice=0,1296922.218426200,1296922.226384800
dynamic_sart_stimulus_onset__v=1__trial=192__condition=go__digit=5__block=1__phase=support__segment=session1_main__practice=0,1296922.299665800,1296922.299827200
dynamic_sart_stimulus_offset__v=1__trial=192__condition=go__digit=5__block=1__phase=support__segment=session1_main__practice=0,1296922.583832700,1296922.583971300
dynamic_sart_response_window_close__v=1__trial=192__condition=go__digit=5__block=1__phase=support__segment=session1_main__practice=0,1296923.905739400,1296923.905961400
dynamic_sart_trial_complete__v=1__trial=192__condition=go__digit=5__block=1__phase=support__segment=session1_main__practice=0,1296923.905739400,1296923.913873800
dynamic_sart_stimulus_onset__v=1__trial=193__condition=go__digit=0__block=1__phase=support__segment=session1_main__practice=0,1296923.983066100,1296923.983220500
dynamic_sart_stimulus_offset__v=1__trial=193__condition=go__digit=0__block=1__phase=support__segment=session1_main__practice=0,1296924.259283300,1296924.259505500
dynamic_sart_response_window_close__v=1__trial=193__condition=go__digit=0__block=1__phase=support__segment=session1_main__practice=0,1296925.591857500,1296925.592049200
dynamic_sart_trial_complete__v=1__trial=193__condition=go__digit=0__block=1__phase=support__segment=session1_main__practice=0,1296925.591857500,1296925.599614600
dynamic_sart_stimulus_onset__v=1__trial=194__condition=go__digit=4__block=1__phase=support__segment=session1_main__practice=0,1296925.676793600,1296925.677046800
dynamic_sart_stimulus_offset__v=1__trial=194__condition=go__digit=4__block=1__phase=support__segment=session1_main__practice=0,1296925.959763000,1296925.959938400
dynamic_sart_response_window_close__v=1__trial=194__condition=go__digit=4__block=1__phase=support__segment=session1_main__practice=0,1296927.280506000,1296927.280744600
dynamic_sart_trial_complete__v=1__trial=194__condition=go__digit=4__block=1__phase=support__segment=session1_main__practice=0,1296927.280506000,1296927.288510300
dynamic_sart_stimulus_onset__v=1__trial=195__condition=go__digit=2__block=1__phase=support__segment=session1_main__practice=0,1296927.350620400,1296927.350768200
dynamic_sart_stimulus_offset__v=1__trial=195__condition=go__digit=2__block=1__phase=support__segment=session1_main__practice=0,1296927.610162800,1296927.610379000
dynamic_sart_response_window_close__v=1__trial=195__condition=go__digit=2__block=1__phase=support__segment=session1_main__practice=0,1296928.951306500,1296928.951629500
dynamic_sart_trial_complete__v=1__trial=195__condition=go__digit=2__block=1__phase=support__segment=session1_main__practice=0,1296928.951306500,1296928.965842500
dynamic_sart_stimulus_onset__v=1__trial=196__condition=go__digit=9__block=1__phase=support__segment=session1_main__practice=0,1296929.036424000,1296929.036770300
dynamic_sart_stimulus_offset__v=1__trial=196__condition=go__digit=9__block=1__phase=support__segment=session1_main__practice=0,1296929.308350000,1296929.308513500
dynamic_sart_response_window_close__v=1__trial=196__condition=go__digit=9__block=1__phase=support__segment=session1_main__practice=0,1296930.639199900,1296930.639432600
dynamic_sart_trial_complete__v=1__trial=196__condition=go__digit=9__block=1__phase=support__segment=session1_main__practice=0,1296930.639199900,1296930.647066900
dynamic_sart_stimulus_onset__v=1__trial=197__condition=no_go__digit=3__block=1__phase=support__segment=session1_main__practice=0,1296930.706962000,1296930.707200200
dynamic_sart_stimulus_offset__v=1__trial=197__condition=no_go__digit=3__block=1__phase=support__segment=session1_main__practice=0,1296930.995560700,1296930.995821300
dynamic_sart_response_window_close__v=1__trial=197__condition=no_go__digit=3__block=1__phase=support__segment=session1_main__practice=0,1296932.310657700,1296932.310854400
dynamic_sart_trial_complete__v=1__trial=197__condition=no_go__digit=3__block=1__phase=support__segment=session1_main__practice=0,1296932.310657700,1296932.318184700
dynamic_sart_stimulus_onset__v=1__trial=198__condition=go__digit=8__block=1__phase=support__segment=session1_main__practice=0,1296932.397924500,1296932.398180700
dynamic_sart_stimulus_offset__v=1__trial=198__condition=go__digit=8__block=1__phase=support__segment=session1_main__practice=0,1296932.674011200,1296932.674239300
dynamic_sart_response_window_close__v=1__trial=198__condition=go__digit=8__block=1__phase=support__segment=session1_main__practice=0,1296933.997804800,1296933.998002200
dynamic_sart_trial_complete__v=1__trial=198__condition=go__digit=8__block=1__phase=support__segment=session1_main__practice=0,1296933.997804800,1296934.006328300
dynamic_sart_stimulus_onset__v=1__trial=199__condition=go__digit=1__block=1__phase=support__segment=session1_main__practice=0,1296934.094379800,1296934.094605000
dynamic_sart_stimulus_offset__v=1__trial=199__condition=go__digit=1__block=1__phase=support__segment=session1_main__practice=0,1296934.374567600,1296934.374810900
dynamic_sart_response_window_close__v=1__trial=199__condition=go__digit=1__block=1__phase=support__segment=session1_main__practice=0,1296935.702084300,1296935.702286200
dynamic_sart_trial_complete__v=1__trial=199__condition=go__digit=1__block=1__phase=support__segment=session1_main__practice=0,1296935.702084300,1296935.710512000
dynamic_sart_stimulus_onset__v=1__trial=200__condition=go__digit=7__block=1__phase=support__segment=session1_main__practice=0,1296935.767344500,1296935.767538300
dynamic_sart_stimulus_offset__v=1__trial=200__condition=go__digit=7__block=1__phase=support__segment=session1_main__practice=0,1296936.041651400,1296936.041927900
dynamic_sart_response_window_close__v=1__trial=200__condition=go__digit=7__block=1__phase=support__segment=session1_main__practice=0,1296937.372947100,1296937.373178600
dynamic_sart_trial_complete__v=1__trial=200__condition=go__digit=7__block=1__phase=support__segment=session1_main__practice=0,1296937.372947100,1296937.380925300
dynamic_sart_stimulus_onset__v=1__trial=201__condition=go__digit=6__block=1__phase=support__segment=session1_main__practice=0,1296937.446707000,1296937.446973500
dynamic_sart_stimulus_offset__v=1__trial=201__condition=go__digit=6__block=1__phase=support__segment=session1_main__practice=0,1296937.728636300,1296937.728780500
dynamic_sart_response_window_close__v=1__trial=201__condition=go__digit=6__block=1__phase=support__segment=session1_main__practice=0,1296939.045724500,1296939.045925200
dynamic_sart_trial_complete__v=1__trial=201__condition=go__digit=6__block=1__phase=support__segment=session1_main__practice=0,1296939.045724500,1296939.057995400
dynamic_sart_stimulus_onset__v=1__trial=202__condition=go__digit=8__block=1__phase=support__segment=session1_main__practice=0,1296939.125400800,1296939.125641000
dynamic_sart_stimulus_offset__v=1__trial=202__condition=go__digit=8__block=1__phase=support__segment=session1_main__practice=0,1296939.416604800,1296939.416926600
dynamic_sart_response_window_close__v=1__trial=202__condition=go__digit=8__block=1__phase=support__segment=session1_main__practice=0,1296940.733478100,1296940.733673800
dynamic_sart_trial_complete__v=1__trial=202__condition=go__digit=8__block=1__phase=support__segment=session1_main__practice=0,1296940.733478100,1296940.741217000
dynamic_sart_stimulus_onset__v=1__trial=203__condition=go__digit=1__block=1__phase=support__segment=session1_main__practice=0,1296940.812567300,1296940.812788700
dynamic_sart_stimulus_offset__v=1__trial=203__condition=go__digit=1__block=1__phase=support__segment=session1_main__practice=0,1296941.091826400,1296941.091989300
dynamic_sart_response_window_close__v=1__trial=203__condition=go__digit=1__block=1__phase=support__segment=session1_main__practice=0,1296942.420595800,1296942.420825800
dynamic_sart_trial_complete__v=1__trial=203__condition=go__digit=1__block=1__phase=support__segment=session1_main__practice=0,1296942.420595800,1296942.430192200
dynamic_sart_stimulus_onset__v=1__trial=204__condition=no_go__digit=3__block=1__phase=support__segment=session1_main__practice=0,1296942.491267500,1296942.491496800
dynamic_sart_stimulus_offset__v=1__trial=204__condition=no_go__digit=3__block=1__phase=support__segment=session1_main__practice=0,1296942.750437100,1296942.750645500
dynamic_sart_response_window_close__v=1__trial=204__condition=no_go__digit=3__block=1__phase=support__segment=session1_main__practice=0,1296944.092311100,1296944.092504300
dynamic_sart_trial_complete__v=1__trial=204__condition=no_go__digit=3__block=1__phase=support__segment=session1_main__practice=0,1296944.092311100,1296944.100186400
dynamic_sart_stimulus_onset__v=1__trial=205__condition=go__digit=9__block=1__phase=support__segment=session1_main__practice=0,1296944.151695700,1296944.151905800
dynamic_sart_stimulus_offset__v=1__trial=205__condition=go__digit=9__block=1__phase=support__segment=session1_main__practice=0,1296944.416506800,1296944.416657400
dynamic_sart_response_window_close__v=1__trial=205__condition=go__digit=9__block=1__phase=support__segment=session1_main__practice=0,1296945.749467000,1296945.749737900
dynamic_sart_trial_complete__v=1__trial=205__condition=go__digit=9__block=1__phase=support__segment=session1_main__practice=0,1296945.749467000,1296945.757283200
dynamic_sart_stimulus_onset__v=1__trial=206__condition=go__digit=0__block=1__phase=support__segment=session1_main__practice=0,1296945.827109900,1296945.827329300
dynamic_sart_stimulus_offset__v=1__trial=206__condition=go__digit=0__block=1__phase=support__segment=session1_main__practice=0,1296946.107635100,1296946.107815200
dynamic_sart_response_window_close__v=1__trial=206__condition=go__digit=0__block=1__phase=support__segment=session1_main__practice=0,1296947.436729600,1296947.437008600
dynamic_sart_trial_complete__v=1__trial=206__condition=go__digit=0__block=1__phase=support__segment=session1_main__practice=0,1296947.436729600,1296947.445143800
dynamic_sart_stimulus_onset__v=1__trial=207__condition=go__digit=5__block=1__phase=support__segment=session1_main__practice=0,1296947.508651000,1296947.508883800
dynamic_sart_stimulus_offset__v=1__trial=207__condition=go__digit=5__block=1__phase=support__segment=session1_main__practice=0,1296947.772792000,1296947.773006400
dynamic_sart_response_window_close__v=1__trial=207__condition=go__digit=5__block=1__phase=support__segment=session1_main__practice=0,1296949.108944500,1296949.109169700
dynamic_sart_trial_complete__v=1__trial=207__condition=go__digit=5__block=1__phase=support__segment=session1_main__practice=0,1296949.108944500,1296949.120415400
dynamic_sart_stimulus_onset__v=1__trial=208__condition=go__digit=7__block=1__phase=support__segment=session1_main__practice=0,1296949.192009700,1296949.192270200
dynamic_sart_stimulus_offset__v=1__trial=208__condition=go__digit=7__block=1__phase=support__segment=session1_main__practice=0,1296949.448945500,1296949.449091500
dynamic_sart_response_window_close__v=1__trial=208__condition=go__digit=7__block=1__phase=support__segment=session1_main__practice=0,1296950.796692600,1296950.796925300
dynamic_sart_trial_complete__v=1__trial=208__condition=go__digit=7__block=1__phase=support__segment=session1_main__practice=0,1296950.796692600,1296950.804787300
dynamic_sart_stimulus_onset__v=1__trial=209__condition=go__digit=2__block=1__phase=support__segment=session1_main__practice=0,1296950.875396200,1296950.875769700
dynamic_sart_stimulus_offset__v=1__trial=209__condition=go__digit=2__block=1__phase=support__segment=session1_main__practice=0,1296951.161576800,1296951.161807800
dynamic_sart_response_window_close__v=1__trial=209__condition=go__digit=2__block=1__phase=support__segment=session1_main__practice=0,1296952.483982300,1296952.484240300
dynamic_sart_trial_complete__v=1__trial=209__condition=go__digit=2__block=1__phase=support__segment=session1_main__practice=0,1296952.483982300,1296952.492273700
dynamic_sart_stimulus_onset__v=1__trial=210__condition=no_go__digit=3__block=1__phase=support__segment=session1_main__practice=0,1296952.579378500,1296952.579615400
dynamic_sart_stimulus_offset__v=1__trial=210__condition=no_go__digit=3__block=1__phase=support__segment=session1_main__practice=0,1296952.858615500,1296952.858868300
dynamic_sart_response_window_close__v=1__trial=210__condition=no_go__digit=3__block=1__phase=support__segment=session1_main__practice=0,1296954.187123000,1296954.187330300
dynamic_sart_trial_complete__v=1__trial=210__condition=no_go__digit=3__block=1__phase=support__segment=session1_main__practice=0,1296954.187123000,1296954.194811700
dynamic_sart_stimulus_onset__v=1__trial=211__condition=go__digit=4__block=1__phase=support__segment=session1_main__practice=0,1296954.274314500,1296954.274562000
dynamic_sart_stimulus_offset__v=1__trial=211__condition=go__digit=4__block=1__phase=support__segment=session1_main__practice=0,1296954.540469900,1296954.541294500
dynamic_sart_response_window_close__v=1__trial=211__condition=go__digit=4__block=1__phase=support__segment=session1_main__practice=0,1296955.873881200,1296955.874109400
dynamic_sart_trial_complete__v=1__trial=211__condition=go__digit=4__block=1__phase=support__segment=session1_main__practice=0,1296955.873881200,1296955.881881800
dynamic_sart_stimulus_onset__v=1__trial=212__condition=go__digit=6__block=1__phase=support__segment=session1_main__practice=0,1296955.958670700,1296955.959218100
dynamic_sart_stimulus_offset__v=1__trial=212__condition=go__digit=6__block=1__phase=support__segment=session1_main__practice=0,1296956.235320700,1296956.235622400
dynamic_sart_response_window_close__v=1__trial=212__condition=go__digit=6__block=1__phase=support__segment=session1_main__practice=0,1296957.562606400,1296957.562822800
dynamic_sart_trial_complete__v=1__trial=212__condition=go__digit=6__block=1__phase=support__segment=session1_main__practice=0,1296957.562606400,1296957.572993100
dynamic_sart_stimulus_onset__v=1__trial=213__condition=go__digit=0__block=1__phase=support__segment=session1_main__practice=0,1296957.643639900,1296957.643964700
dynamic_sart_stimulus_offset__v=1__trial=213__condition=go__digit=0__block=1__phase=support__segment=session1_main__practice=0,1296957.913546000,1296957.913739700
dynamic_sart_response_window_close__v=1__trial=213__condition=go__digit=0__block=1__phase=support__segment=session1_main__practice=0,1296959.248354200,1296959.248583900
dynamic_sart_trial_complete__v=1__trial=213__condition=go__digit=0__block=1__phase=support__segment=session1_main__practice=0,1296959.248354200,1296959.259798600
dynamic_sart_stimulus_onset__v=1__trial=214__condition=go__digit=8__block=1__phase=support__segment=session1_main__practice=0,1296959.341192300,1296959.341382200
dynamic_sart_stimulus_offset__v=1__trial=214__condition=go__digit=8__block=1__phase=support__segment=session1_main__practice=0,1296959.606362600,1296959.606585700
dynamic_sart_response_window_close__v=1__trial=214__condition=go__digit=8__block=1__phase=support__segment=session1_main__practice=0,1296960.935805200,1296960.936056700
dynamic_sart_trial_complete__v=1__trial=214__condition=go__digit=8__block=1__phase=support__segment=session1_main__practice=0,1296960.935805200,1296960.944755500
dynamic_sart_stimulus_onset__v=1__trial=215__condition=go__digit=9__block=1__phase=support__segment=session1_main__practice=0,1296961.026668900,1296961.026890400
dynamic_sart_stimulus_offset__v=1__trial=215__condition=go__digit=9__block=1__phase=support__segment=session1_main__practice=0,1296961.294873700,1296961.295003900
dynamic_sart_response_window_close__v=1__trial=215__condition=go__digit=9__block=1__phase=support__segment=session1_main__practice=0,1296962.625316300,1296962.625524700
dynamic_sart_trial_complete__v=1__trial=215__condition=go__digit=9__block=1__phase=support__segment=session1_main__practice=0,1296962.625316300,1296962.634279900
dynamic_sart_stimulus_onset__v=1__trial=216__condition=go__digit=4__block=1__phase=support__segment=session1_main__practice=0,1296962.708804400,1296962.709044500
dynamic_sart_stimulus_offset__v=1__trial=216__condition=go__digit=4__block=1__phase=support__segment=session1_main__practice=0,1296962.989170800,1296962.989314900
dynamic_sart_response_window_close__v=1__trial=216__condition=go__digit=4__block=1__phase=support__segment=session1_main__practice=0,1296964.311545600,1296964.311788900
dynamic_sart_trial_complete__v=1__trial=216__condition=go__digit=4__block=1__phase=support__segment=session1_main__practice=0,1296964.311545600,1296964.319722300
dynamic_sart_stimulus_onset__v=1__trial=217__condition=no_go__digit=3__block=1__phase=support__segment=session1_main__practice=0,1296964.391360900,1296964.391593900
dynamic_sart_stimulus_offset__v=1__trial=217__condition=no_go__digit=3__block=1__phase=support__segment=session1_main__practice=0,1296964.674187000,1296964.674396500
dynamic_sart_response_window_close__v=1__trial=217__condition=no_go__digit=3__block=1__phase=support__segment=session1_main__practice=0,1296966.000275200,1296966.000504600
dynamic_sart_trial_complete__v=1__trial=217__condition=no_go__digit=3__block=1__phase=support__segment=session1_main__practice=0,1296966.000275200,1296966.008349800
dynamic_sart_stimulus_onset__v=1__trial=218__condition=go__digit=2__block=1__phase=support__segment=session1_main__practice=0,1296966.075332200,1296966.075559600
dynamic_sart_stimulus_offset__v=1__trial=218__condition=go__digit=2__block=1__phase=support__segment=session1_main__practice=0,1296966.343551700,1296966.343765500
dynamic_sart_response_window_close__v=1__trial=218__condition=go__digit=2__block=1__phase=support__segment=session1_main__practice=0,1296967.671263700,1296967.671445100
dynamic_sart_trial_complete__v=1__trial=218__condition=go__digit=2__block=1__phase=support__segment=session1_main__practice=0,1296967.671263700,1296967.678099000
dynamic_sart_stimulus_onset__v=1__trial=219__condition=go__digit=1__block=1__phase=support__segment=session1_main__practice=0,1296967.735329900,1296967.735483400
dynamic_sart_stimulus_offset__v=1__trial=219__condition=go__digit=1__block=1__phase=support__segment=session1_main__practice=0,1296968.000644000,1296968.000861400
dynamic_sart_response_window_close__v=1__trial=219__condition=go__digit=1__block=1__phase=support__segment=session1_main__practice=0,1296969.344010600,1296969.344216300
dynamic_sart_trial_complete__v=1__trial=219__condition=go__digit=1__block=1__phase=support__segment=session1_main__practice=0,1296969.344010600,1296969.353470900
dynamic_sart_stimulus_onset__v=1__trial=220__condition=go__digit=5__block=1__phase=support__segment=session1_main__practice=0,1296969.425965800,1296969.426196000
dynamic_sart_stimulus_offset__v=1__trial=220__condition=go__digit=5__block=1__phase=support__segment=session1_main__practice=0,1296969.708688100,1296969.708849600
dynamic_sart_response_window_close__v=1__trial=220__condition=go__digit=5__block=1__phase=support__segment=session1_main__practice=0,1296971.030276200,1296971.030502000
dynamic_sart_trial_complete__v=1__trial=220__condition=go__digit=5__block=1__phase=support__segment=session1_main__practice=0,1296971.030276200,1296971.038971100
dynamic_sart_stimulus_onset__v=1__trial=221__condition=go__digit=7__block=1__phase=support__segment=session1_main__practice=0,1296971.108910000,1296971.109529800
dynamic_sart_stimulus_offset__v=1__trial=221__condition=go__digit=7__block=1__phase=support__segment=session1_main__practice=0,1296971.391922000,1296971.392148800
dynamic_sart_response_window_close__v=1__trial=221__condition=go__digit=7__block=1__phase=support__segment=session1_main__practice=0,1296972.718183300,1296972.718413600
dynamic_sart_trial_complete__v=1__trial=221__condition=go__digit=7__block=1__phase=support__segment=session1_main__practice=0,1296972.718183300,1296972.727862100
dynamic_sart_stimulus_onset__v=1__trial=222__condition=go__digit=6__block=1__phase=support__segment=session1_main__practice=0,1296972.791570900,1296972.791874100
dynamic_sart_stimulus_offset__v=1__trial=222__condition=go__digit=6__block=1__phase=support__segment=session1_main__practice=0,1296973.057735200,1296973.058088000
dynamic_sart_response_window_close__v=1__trial=222__condition=go__digit=6__block=1__phase=support__segment=session1_main__practice=0,1296974.389211700,1296974.389477400
dynamic_sart_trial_complete__v=1__trial=222__condition=go__digit=6__block=1__phase=support__segment=session1_main__practice=0,1296974.389211700,1296974.396844900
dynamic_sart_stimulus_onset__v=1__trial=223__condition=go__digit=6__block=1__phase=support__segment=session1_main__practice=0,1296974.458703100,1296974.458938700
dynamic_sart_stimulus_offset__v=1__trial=223__condition=go__digit=6__block=1__phase=support__segment=session1_main__practice=0,1296974.739011100,1296974.739240000
dynamic_sart_response_window_close__v=1__trial=223__condition=go__digit=6__block=1__phase=support__segment=session1_main__practice=0,1296976.060573500,1296976.060801800
dynamic_sart_trial_complete__v=1__trial=223__condition=go__digit=6__block=1__phase=support__segment=session1_main__practice=0,1296976.060573500,1296976.068713000
dynamic_sart_stimulus_onset__v=1__trial=224__condition=no_go__digit=3__block=1__phase=support__segment=session1_main__practice=0,1296976.117195300,1296976.117419400
dynamic_sart_stimulus_offset__v=1__trial=224__condition=no_go__digit=3__block=1__phase=support__segment=session1_main__practice=0,1296976.381766700,1296976.381976400
dynamic_sart_response_window_close__v=1__trial=224__condition=no_go__digit=3__block=1__phase=support__segment=session1_main__practice=0,1296977.718153600,1296977.718328300
dynamic_sart_trial_complete__v=1__trial=224__condition=no_go__digit=3__block=1__phase=support__segment=session1_main__practice=0,1296977.718153600,1296977.725808800
dynamic_sart_stimulus_onset__v=1__trial=225__condition=go__digit=2__block=1__phase=support__segment=session1_main__practice=0,1296977.792028500,1296977.792539000
dynamic_sart_stimulus_offset__v=1__trial=225__condition=go__digit=2__block=1__phase=support__segment=session1_main__practice=0,1296978.060973300,1296978.061118400
dynamic_sart_response_window_close__v=1__trial=225__condition=go__digit=2__block=1__phase=support__segment=session1_main__practice=0,1296979.389350400,1296979.389801000
dynamic_sart_trial_complete__v=1__trial=225__condition=go__digit=2__block=1__phase=support__segment=session1_main__practice=0,1296979.389350400,1296979.400656600
dynamic_sart_stimulus_onset__v=1__trial=226__condition=go__digit=0__block=1__phase=support__segment=session1_main__practice=0,1296979.476796000,1296979.477193700
dynamic_sart_stimulus_offset__v=1__trial=226__condition=go__digit=0__block=1__phase=support__segment=session1_main__practice=0,1296979.749861200,1296979.750090200
dynamic_sart_response_window_close__v=1__trial=226__condition=go__digit=0__block=1__phase=support__segment=session1_main__practice=0,1296981.076358700,1296981.076563100
dynamic_sart_trial_complete__v=1__trial=226__condition=go__digit=0__block=1__phase=support__segment=session1_main__practice=0,1296981.076358700,1296981.084021200
dynamic_sart_stimulus_onset__v=1__trial=227__condition=go__digit=9__block=1__phase=support__segment=session1_main__practice=0,1296981.158704900,1296981.158942000
dynamic_sart_stimulus_offset__v=1__trial=227__condition=go__digit=9__block=1__phase=support__segment=session1_main__practice=0,1296981.448908400,1296981.449153400
dynamic_sart_response_window_close__v=1__trial=227__condition=go__digit=9__block=1__phase=support__segment=session1_main__practice=0,1296982.765162300,1296982.765387400
dynamic_sart_trial_complete__v=1__trial=227__condition=go__digit=9__block=1__phase=support__segment=session1_main__practice=0,1296982.765162300,1296982.774879300
dynamic_sart_stimulus_onset__v=1__trial=228__condition=go__digit=4__block=1__phase=support__segment=session1_main__practice=0,1296982.835317200,1296982.835590200
dynamic_sart_stimulus_offset__v=1__trial=228__condition=go__digit=4__block=1__phase=support__segment=session1_main__practice=0,1296983.100881300,1296983.101111200
dynamic_sart_response_window_close__v=1__trial=228__condition=go__digit=4__block=1__phase=support__segment=session1_main__practice=0,1296984.436958100,1296984.437233800
dynamic_sart_trial_complete__v=1__trial=228__condition=go__digit=4__block=1__phase=support__segment=session1_main__practice=0,1296984.436958100,1296984.445196300
dynamic_sart_stimulus_onset__v=1__trial=229__condition=go__digit=7__block=1__phase=support__segment=session1_main__practice=0,1296984.514309100,1296984.514579100
dynamic_sart_stimulus_offset__v=1__trial=229__condition=go__digit=7__block=1__phase=support__segment=session1_main__practice=0,1296984.779010600,1296984.779218900
dynamic_sart_response_window_close__v=1__trial=229__condition=go__digit=7__block=1__phase=support__segment=session1_main__practice=0,1296986.123586500,1296986.123851100
dynamic_sart_trial_complete__v=1__trial=229__condition=go__digit=7__block=1__phase=support__segment=session1_main__practice=0,1296986.123586500,1296986.130051600
dynamic_sart_stimulus_onset__v=1__trial=230__condition=no_go__digit=3__block=1__phase=support__segment=session1_main__practice=0,1296986.216544800,1296986.216782400
dynamic_sart_stimulus_offset__v=1__trial=230__condition=no_go__digit=3__block=1__phase=support__segment=session1_main__practice=0,1296986.499547800,1296986.499724300
dynamic_sart_response_window_close__v=1__trial=230__condition=no_go__digit=3__block=1__phase=support__segment=session1_main__practice=0,1296987.812313500,1296987.812634000
dynamic_sart_trial_complete__v=1__trial=230__condition=no_go__digit=3__block=1__phase=support__segment=session1_main__practice=0,1296987.812313500,1296987.820364200
dynamic_sart_stimulus_onset__v=1__trial=231__condition=go__digit=8__block=1__phase=support__segment=session1_main__practice=0,1296987.878008100,1296987.878211800
dynamic_sart_stimulus_offset__v=1__trial=231__condition=go__digit=8__block=1__phase=support__segment=session1_main__practice=0,1296988.167771600,1296988.168008600
dynamic_sart_response_window_close__v=1__trial=231__condition=go__digit=8__block=1__phase=support__segment=session1_main__practice=0,1296989.485234800,1296989.485479700
dynamic_sart_trial_complete__v=1__trial=231__condition=go__digit=8__block=1__phase=support__segment=session1_main__practice=0,1296989.485234800,1296989.496714900
dynamic_sart_stimulus_onset__v=1__trial=232__condition=go__digit=1__block=1__phase=support__segment=session1_main__practice=0,1296989.556880000,1296989.557102300
dynamic_sart_stimulus_offset__v=1__trial=232__condition=go__digit=1__block=1__phase=support__segment=session1_main__practice=0,1296989.832897800,1296989.833053200
dynamic_sart_response_window_close__v=1__trial=232__condition=go__digit=1__block=1__phase=support__segment=session1_main__practice=0,1296991.154765800,1296991.154990300
dynamic_sart_trial_complete__v=1__trial=232__condition=go__digit=1__block=1__phase=support__segment=session1_main__practice=0,1296991.154765800,1296991.163717900
dynamic_sart_stimulus_onset__v=1__trial=233__condition=go__digit=5__block=1__phase=support__segment=session1_main__practice=0,1296991.242954300,1296991.243200800
dynamic_sart_stimulus_offset__v=1__trial=233__condition=go__digit=5__block=1__phase=support__segment=session1_main__practice=0,1296991.505350700,1296991.505567300
dynamic_sart_response_window_close__v=1__trial=233__condition=go__digit=5__block=1__phase=support__segment=session1_main__practice=0,1296992.843514300,1296992.843731100
dynamic_sart_trial_complete__v=1__trial=233__condition=go__digit=5__block=1__phase=support__segment=session1_main__practice=0,1296992.843514300,1296992.852088500
dynamic_sart_stimulus_onset__v=1__trial=234__condition=go__digit=0__block=1__phase=support__segment=session1_main__practice=0,1296992.925412600,1296992.925639200
dynamic_sart_stimulus_offset__v=1__trial=234__condition=go__digit=0__block=1__phase=support__segment=session1_main__practice=0,1296993.206607100,1296993.206928900
dynamic_sart_response_window_close__v=1__trial=234__condition=go__digit=0__block=1__phase=support__segment=session1_main__practice=0,1296994.530036100,1296994.530257300
dynamic_sart_trial_complete__v=1__trial=234__condition=go__digit=0__block=1__phase=support__segment=session1_main__practice=0,1296994.530036100,1296994.538552300
dynamic_sart_stimulus_onset__v=1__trial=235__condition=go__digit=2__block=1__phase=support__segment=session1_main__practice=0,1296994.602703900,1296994.603012400
dynamic_sart_stimulus_offset__v=1__trial=235__condition=go__digit=2__block=1__phase=support__segment=session1_main__practice=0,1296994.864895200,1296994.865118200
dynamic_sart_response_window_close__v=1__trial=235__condition=go__digit=2__block=1__phase=support__segment=session1_main__practice=0,1296996.202166500,1296996.202433100
dynamic_sart_trial_complete__v=1__trial=235__condition=go__digit=2__block=1__phase=support__segment=session1_main__practice=0,1296996.202166500,1296996.210587000
dynamic_sart_stimulus_onset__v=1__trial=236__condition=go__digit=7__block=1__phase=support__segment=session1_main__practice=0,1296996.279191700,1296996.279438600
dynamic_sart_stimulus_offset__v=1__trial=236__condition=go__digit=7__block=1__phase=support__segment=session1_main__practice=0,1296996.542355000,1296996.542533600
dynamic_sart_response_window_close__v=1__trial=236__condition=go__digit=7__block=1__phase=support__segment=session1_main__practice=0,1296997.874159300,1296997.874417300
dynamic_sart_trial_complete__v=1__trial=236__condition=go__digit=7__block=1__phase=support__segment=session1_main__practice=0,1296997.874159300,1296997.883648700
dynamic_sart_stimulus_onset__v=1__trial=237__condition=no_go__digit=3__block=1__phase=support__segment=session1_main__practice=0,1296997.942236600,1296997.942449900
dynamic_sart_stimulus_offset__v=1__trial=237__condition=no_go__digit=3__block=1__phase=support__segment=session1_main__practice=0,1296998.218519100,1296998.218942500
dynamic_sart_response_window_close__v=1__trial=237__condition=no_go__digit=3__block=1__phase=support__segment=session1_main__practice=0,1296999.547096300,1296999.547314800
dynamic_sart_trial_complete__v=1__trial=237__condition=no_go__digit=3__block=1__phase=support__segment=session1_main__practice=0,1296999.547096300,1296999.561086100
dynamic_sart_stimulus_onset__v=1__trial=238__condition=go__digit=8__block=1__phase=support__segment=session1_main__practice=0,1296999.614595800,1296999.614808500
dynamic_sart_stimulus_offset__v=1__trial=238__condition=go__digit=8__block=1__phase=support__segment=session1_main__practice=0,1296999.883402900,1296999.883949400
dynamic_sart_response_window_close__v=1__trial=238__condition=go__digit=8__block=1__phase=support__segment=session1_main__practice=0,1297001.219298900,1297001.219555800
dynamic_sart_trial_complete__v=1__trial=238__condition=go__digit=8__block=1__phase=support__segment=session1_main__practice=0,1297001.219298900,1297001.228524800
dynamic_sart_stimulus_onset__v=1__trial=239__condition=go__digit=5__block=1__phase=support__segment=session1_main__practice=0,1297001.295567800,1297001.295803000
dynamic_sart_stimulus_offset__v=1__trial=239__condition=go__digit=5__block=1__phase=support__segment=session1_main__practice=0,1297001.562016200,1297001.562239500
dynamic_sart_response_window_close__v=1__trial=239__condition=go__digit=5__block=1__phase=support__segment=session1_main__practice=0,1297002.906337600,1297002.906559800
dynamic_sart_trial_complete__v=1__trial=239__condition=go__digit=5__block=1__phase=support__segment=session1_main__practice=0,1297002.906337600,1297002.914385700
dynamic_sart_stimulus_onset__v=1__trial=240__condition=go__digit=6__block=1__phase=support__segment=session1_main__practice=0,1297002.992031000,1297002.992399700
dynamic_sart_stimulus_offset__v=1__trial=240__condition=go__digit=6__block=1__phase=support__segment=session1_main__practice=0,1297003.275365100,1297003.275733700
dynamic_sart_response_window_close__v=1__trial=240__condition=go__digit=6__block=1__phase=support__segment=session1_main__practice=0,1297004.593524700,1297004.593753800
dynamic_sart_trial_complete__v=1__trial=240__condition=go__digit=6__block=1__phase=support__segment=session1_main__practice=0,1297004.593524700,1297004.602895000
dynamic_sart_stimulus_onset__v=1__trial=241__condition=go__digit=1__block=1__phase=support__segment=session1_main__practice=0,1297004.655852300,1297004.656054100
dynamic_sart_stimulus_offset__v=1__trial=241__condition=go__digit=1__block=1__phase=support__segment=session1_main__practice=0,1297004.938042500,1297004.938274000
dynamic_sart_response_window_close__v=1__trial=241__condition=go__digit=1__block=1__phase=support__segment=session1_main__practice=0,1297006.264869200,1297006.265090600
dynamic_sart_trial_complete__v=1__trial=241__condition=go__digit=1__block=1__phase=support__segment=session1_main__practice=0,1297006.264869200,1297006.272298100
dynamic_sart_stimulus_onset__v=1__trial=242__condition=go__digit=9__block=1__phase=support__segment=session1_main__practice=0,1297006.341488700,1297006.341740300
dynamic_sart_stimulus_offset__v=1__trial=242__condition=go__digit=9__block=1__phase=support__segment=session1_main__practice=0,1297006.599446500,1297006.599672100
dynamic_sart_response_window_close__v=1__trial=242__condition=go__digit=9__block=1__phase=support__segment=session1_main__practice=0,1297007.936755900,1297007.936993800
dynamic_sart_trial_complete__v=1__trial=242__condition=go__digit=9__block=1__phase=support__segment=session1_main__practice=0,1297007.936755900,1297007.945130000
dynamic_sart_stimulus_onset__v=1__trial=243__condition=no_go__digit=3__block=1__phase=support__segment=session1_main__practice=0,1297007.999486800,1297007.999765700
dynamic_sart_stimulus_offset__v=1__trial=243__condition=no_go__digit=3__block=1__phase=support__segment=session1_main__practice=0,1297008.262363100,1297008.262662400
dynamic_sart_response_window_close__v=1__trial=243__condition=no_go__digit=3__block=1__phase=support__segment=session1_main__practice=0,1297009.608989100,1297009.609230800
dynamic_sart_trial_complete__v=1__trial=243__condition=no_go__digit=3__block=1__phase=support__segment=session1_main__practice=0,1297009.608989100,1297009.623671500
dynamic_sart_stimulus_onset__v=1__trial=244__condition=go__digit=4__block=1__phase=support__segment=session1_main__practice=0,1297009.684947300,1297009.685162500
dynamic_sart_stimulus_offset__v=1__trial=244__condition=go__digit=4__block=1__phase=support__segment=session1_main__practice=0,1297009.956847200,1297009.957073400
dynamic_sart_response_window_close__v=1__trial=244__condition=go__digit=4__block=1__phase=support__segment=session1_main__practice=0,1297011.280652900,1297011.280898400
dynamic_sart_trial_complete__v=1__trial=244__condition=go__digit=4__block=1__phase=support__segment=session1_main__practice=0,1297011.280652900,1297011.288800700
dynamic_sart_stimulus_onset__v=1__trial=245__condition=go__digit=8__block=1__phase=support__segment=session1_main__practice=0,1297011.341332700,1297011.341552500
dynamic_sart_stimulus_offset__v=1__trial=245__condition=go__digit=8__block=1__phase=support__segment=session1_main__practice=0,1297011.610801700,1297011.611036200
dynamic_sart_response_window_close__v=1__trial=245__condition=go__digit=8__block=1__phase=support__segment=session1_main__practice=0,1297012.937127300,1297012.937747600
dynamic_sart_trial_complete__v=1__trial=245__condition=go__digit=8__block=1__phase=support__segment=session1_main__practice=0,1297012.937127300,1297012.944853900
dynamic_sart_stimulus_onset__v=1__trial=246__condition=go__digit=5__block=1__phase=support__segment=session1_main__practice=0,1297013.000814300,1297013.001595700
dynamic_sart_stimulus_offset__v=1__trial=246__condition=go__digit=5__block=1__phase=support__segment=session1_main__practice=0,1297013.275306000,1297013.275568300
dynamic_sart_response_window_close__v=1__trial=246__condition=go__digit=5__block=1__phase=support__segment=session1_main__practice=0,1297014.607847100,1297014.608060700
dynamic_sart_trial_complete__v=1__trial=246__condition=go__digit=5__block=1__phase=support__segment=session1_main__practice=0,1297014.607847100,1297014.615676300
dynamic_sart_stimulus_onset__v=1__trial=247__condition=go__digit=1__block=1__phase=support__segment=session1_main__practice=0,1297014.674704200,1297014.675029900
dynamic_sart_stimulus_offset__v=1__trial=247__condition=go__digit=1__block=1__phase=support__segment=session1_main__practice=0,1297014.950453700,1297014.950668700
dynamic_sart_response_window_close__v=1__trial=247__condition=go__digit=1__block=1__phase=support__segment=session1_main__practice=0,1297016.280700800,1297016.280943800
dynamic_sart_trial_complete__v=1__trial=247__condition=go__digit=1__block=1__phase=support__segment=session1_main__practice=0,1297016.280700800,1297016.290413200
dynamic_sart_stimulus_onset__v=1__trial=248__condition=go__digit=9__block=1__phase=support__segment=session1_main__practice=0,1297016.347449700,1297016.347658700
dynamic_sart_stimulus_offset__v=1__trial=248__condition=go__digit=9__block=1__phase=support__segment=session1_main__practice=0,1297016.612064000,1297016.612282300
dynamic_sart_response_window_close__v=1__trial=248__condition=go__digit=9__block=1__phase=support__segment=session1_main__practice=0,1297017.952223100,1297017.952465900
dynamic_sart_trial_complete__v=1__trial=248__condition=go__digit=9__block=1__phase=support__segment=session1_main__practice=0,1297017.952223100,1297017.960104700
dynamic_sart_stimulus_onset__v=1__trial=249__condition=go__digit=7__block=1__phase=support__segment=session1_main__practice=0,1297018.024988800,1297018.025188500
dynamic_sart_stimulus_offset__v=1__trial=249__condition=go__digit=7__block=1__phase=support__segment=session1_main__practice=0,1297018.293386300,1297018.293609600
dynamic_sart_response_window_close__v=1__trial=249__condition=go__digit=7__block=1__phase=support__segment=session1_main__practice=0,1297019.624192200,1297019.624405800
dynamic_sart_trial_complete__v=1__trial=249__condition=go__digit=7__block=1__phase=support__segment=session1_main__practice=0,1297019.624192200,1297019.635515400
dynamic_sart_stimulus_onset__v=1__trial=250__condition=no_go__digit=3__block=1__phase=support__segment=session1_main__practice=0,1297019.711384100,1297019.711604300
dynamic_sart_stimulus_offset__v=1__trial=250__condition=no_go__digit=3__block=1__phase=support__segment=session1_main__practice=0,1297019.989928200,1297019.990293000
dynamic_sart_response_window_close__v=1__trial=250__condition=no_go__digit=3__block=1__phase=support__segment=session1_main__practice=0,1297021.310333600,1297021.310557700
dynamic_sart_trial_complete__v=1__trial=250__condition=no_go__digit=3__block=1__phase=support__segment=session1_main__practice=0,1297021.310333600,1297021.318342300
dynamic_sart_block_end__block=1__phase=support,1297021.322739500,1297021.322873600
dynamic_sart_break_start__block=1,1297021.460423000,1297021.460568100
dynamic_sart_break_end__block=1,1297073.831723000,1297073.831883800
dynamic_sart_block_start__block=2__phase=support,1297073.838312300,1297073.838843800
dynamic_sart_stimulus_onset__v=1__trial=251__condition=go__digit=2__block=2__phase=support__segment=session1_main__practice=0,1297073.916465700,1297073.916608800
dynamic_sart_stimulus_offset__v=1__trial=251__condition=go__digit=2__block=2__phase=support__segment=session1_main__practice=0,1297074.181974800,1297074.182206900
dynamic_sart_response_window_close__v=1__trial=251__condition=go__digit=2__block=2__phase=support__segment=session1_main__practice=0,1297075.514144900,1297075.514352500
dynamic_sart_trial_complete__v=1__trial=251__condition=go__digit=2__block=2__phase=support__segment=session1_main__practice=0,1297075.514144900,1297075.521275100
dynamic_sart_stimulus_onset__v=1__trial=252__condition=go__digit=8__block=2__phase=support__segment=session1_main__practice=0,1297075.566192600,1297075.566320500
dynamic_sart_stimulus_offset__v=1__trial=252__condition=go__digit=8__block=2__phase=support__segment=session1_main__practice=0,1297075.841842100,1297075.842174300
dynamic_sart_response_window_close__v=1__trial=252__condition=go__digit=8__block=2__phase=support__segment=session1_main__practice=0,1297077.170391100,1297077.170621200
dynamic_sart_trial_complete__v=1__trial=252__condition=go__digit=8__block=2__phase=support__segment=session1_main__practice=0,1297077.170391100,1297077.178462700
dynamic_sart_stimulus_onset__v=1__trial=253__condition=go__digit=0__block=2__phase=support__segment=session1_main__practice=0,1297077.233903300,1297077.234095200
dynamic_sart_stimulus_offset__v=1__trial=253__condition=go__digit=0__block=2__phase=support__segment=session1_main__practice=0,1297077.518831200,1297077.519093100
dynamic_sart_response_window_close__v=1__trial=253__condition=go__digit=0__block=2__phase=support__segment=session1_main__practice=0,1297078.842417900,1297078.842659100
dynamic_sart_trial_complete__v=1__trial=253__condition=go__digit=0__block=2__phase=support__segment=session1_main__practice=0,1297078.842417900,1297078.849926800
dynamic_sart_stimulus_onset__v=1__trial=254__condition=go__digit=6__block=2__phase=support__segment=session1_main__practice=0,1297078.908678500,1297078.908926100
dynamic_sart_stimulus_offset__v=1__trial=254__condition=go__digit=6__block=2__phase=support__segment=session1_main__practice=0,1297079.182644300,1297079.182888500
dynamic_sart_response_window_close__v=1__trial=254__condition=go__digit=6__block=2__phase=support__segment=session1_main__practice=0,1297080.513803500,1297080.514036800
dynamic_sart_trial_complete__v=1__trial=254__condition=go__digit=6__block=2__phase=support__segment=session1_main__practice=0,1297080.513803500,1297080.521680400
dynamic_sart_stimulus_onset__v=1__trial=255__condition=no_go__digit=3__block=2__phase=support__segment=session1_main__practice=0,1297080.575747300,1297080.575962300
dynamic_sart_stimulus_offset__v=1__trial=255__condition=no_go__digit=3__block=2__phase=support__segment=session1_main__practice=0,1297080.844272100,1297080.844514100
dynamic_sart_response_window_close__v=1__trial=255__condition=no_go__digit=3__block=2__phase=support__segment=session1_main__practice=0,1297082.170659100,1297082.170880300
dynamic_sart_trial_complete__v=1__trial=255__condition=no_go__digit=3__block=2__phase=support__segment=session1_main__practice=0,1297082.170659100,1297082.178936300
dynamic_sart_stimulus_onset__v=1__trial=256__condition=go__digit=9__block=2__phase=support__segment=session1_main__practice=0,1297082.230736500,1297082.230945800
dynamic_sart_stimulus_offset__v=1__trial=256__condition=go__digit=9__block=2__phase=support__segment=session1_main__practice=0,1297082.506341100,1297082.506817700
dynamic_sart_response_window_close__v=1__trial=256__condition=go__digit=9__block=2__phase=support__segment=session1_main__practice=0,1297083.829007500,1297083.829247000
dynamic_sart_trial_complete__v=1__trial=256__condition=go__digit=9__block=2__phase=support__segment=session1_main__practice=0,1297083.829007500,1297083.841763700
dynamic_sart_stimulus_onset__v=1__trial=257__condition=go__digit=5__block=2__phase=support__segment=session1_main__practice=0,1297083.907094200,1297083.907340200
dynamic_sart_stimulus_offset__v=1__trial=257__condition=go__digit=5__block=2__phase=support__segment=session1_main__practice=0,1297084.194347100,1297084.194586800
dynamic_sart_response_window_close__v=1__trial=257__condition=go__digit=5__block=2__phase=support__segment=session1_main__practice=0,1297085.514500000,1297085.514711900
dynamic_sart_trial_complete__v=1__trial=257__condition=go__digit=5__block=2__phase=support__segment=session1_main__practice=0,1297085.514500000,1297085.524003000
dynamic_sart_stimulus_onset__v=1__trial=258__condition=go__digit=7__block=2__phase=support__segment=session1_main__practice=0,1297085.582061700,1297085.582206600
dynamic_sart_stimulus_offset__v=1__trial=258__condition=go__digit=7__block=2__phase=support__segment=session1_main__practice=0,1297085.852523500,1297085.852651400
dynamic_sart_response_window_close__v=1__trial=258__condition=go__digit=7__block=2__phase=support__segment=session1_main__practice=0,1297087.187518000,1297087.187703200
dynamic_sart_trial_complete__v=1__trial=258__condition=go__digit=7__block=2__phase=support__segment=session1_main__practice=0,1297087.187518000,1297087.195411900
dynamic_sart_stimulus_onset__v=1__trial=259__condition=go__digit=1__block=2__phase=support__segment=session1_main__practice=0,1297087.259193600,1297087.259415000
dynamic_sart_stimulus_offset__v=1__trial=259__condition=go__digit=1__block=2__phase=support__segment=session1_main__practice=0,1297087.518682100,1297087.518944400
dynamic_sart_response_window_close__v=1__trial=259__condition=go__digit=1__block=2__phase=support__segment=session1_main__practice=0,1297088.857580300,1297088.857791000
dynamic_sart_trial_complete__v=1__trial=259__condition=go__digit=1__block=2__phase=support__segment=session1_main__practice=0,1297088.857580300,1297088.865899000
dynamic_sart_stimulus_onset__v=1__trial=260__condition=go__digit=4__block=2__phase=support__segment=session1_main__practice=0,1297088.928606700,1297088.928832300
dynamic_sart_stimulus_offset__v=1__trial=260__condition=go__digit=4__block=2__phase=support__segment=session1_main__practice=0,1297089.207094600,1297089.207351400
dynamic_sart_response_window_close__v=1__trial=260__condition=go__digit=4__block=2__phase=support__segment=session1_main__practice=0,1297090.529957400,1297090.530182400
dynamic_sart_trial_complete__v=1__trial=260__condition=go__digit=4__block=2__phase=support__segment=session1_main__practice=0,1297090.529957400,1297090.538040400
dynamic_sart_stimulus_onset__v=1__trial=261__condition=go__digit=8__block=2__phase=support__segment=session1_main__practice=0,1297090.583778700,1297090.583920000
dynamic_sart_stimulus_offset__v=1__trial=261__condition=go__digit=8__block=2__phase=support__segment=session1_main__practice=0,1297090.857516700,1297090.857746400
dynamic_sart_response_window_close__v=1__trial=261__condition=go__digit=8__block=2__phase=support__segment=session1_main__practice=0,1297092.186526200,1297092.186734800
dynamic_sart_trial_complete__v=1__trial=261__condition=go__digit=8__block=2__phase=support__segment=session1_main__practice=0,1297092.186526200,1297092.195156900
dynamic_sart_stimulus_onset__v=1__trial=262__condition=no_go__digit=3__block=2__phase=support__segment=session1_main__practice=0,1297092.256771000,1297092.257005900
dynamic_sart_stimulus_offset__v=1__trial=262__condition=no_go__digit=3__block=2__phase=support__segment=session1_main__practice=0,1297092.523735600,1297092.523860300
dynamic_sart_response_window_close__v=1__trial=262__condition=no_go__digit=3__block=2__phase=support__segment=session1_main__practice=0,1297093.859241400,1297093.859486600
dynamic_sart_trial_complete__v=1__trial=262__condition=no_go__digit=3__block=2__phase=support__segment=session1_main__practice=0,1297093.859241400,1297093.873580900
dynamic_sart_stimulus_onset__v=1__trial=263__condition=go__digit=5__block=2__phase=support__segment=session1_main__practice=0,1297093.942366000,1297093.942600800
dynamic_sart_stimulus_offset__v=1__trial=263__condition=go__digit=5__block=2__phase=support__segment=session1_main__practice=0,1297094.224114700,1297094.224346000
dynamic_sart_response_window_close__v=1__trial=263__condition=go__digit=5__block=2__phase=support__segment=session1_main__practice=0,1297095.546960900,1297095.547201100
dynamic_sart_trial_complete__v=1__trial=263__condition=go__digit=5__block=2__phase=support__segment=session1_main__practice=0,1297095.546960900,1297095.555440800
dynamic_sart_stimulus_onset__v=1__trial=264__condition=go__digit=6__block=2__phase=support__segment=session1_main__practice=0,1297095.625542000,1297095.625768600
dynamic_sart_stimulus_offset__v=1__trial=264__condition=go__digit=6__block=2__phase=support__segment=session1_main__practice=0,1297095.907049700,1297095.907637900
dynamic_sart_response_window_close__v=1__trial=264__condition=go__digit=6__block=2__phase=support__segment=session1_main__practice=0,1297097.232749900,1297097.232979500
dynamic_sart_trial_complete__v=1__trial=264__condition=go__digit=6__block=2__phase=support__segment=session1_main__practice=0,1297097.232749900,1297097.241038200
dynamic_sart_stimulus_onset__v=1__trial=265__condition=go__digit=9__block=2__phase=support__segment=session1_main__practice=0,1297097.298020200,1297097.298242400
dynamic_sart_stimulus_offset__v=1__trial=265__condition=go__digit=9__block=2__phase=support__segment=session1_main__practice=0,1297097.566637200,1297097.566850700
dynamic_sart_response_window_close__v=1__trial=265__condition=go__digit=9__block=2__phase=support__segment=session1_main__practice=0,1297098.905990600,1297098.906197300
dynamic_sart_trial_complete__v=1__trial=265__condition=go__digit=9__block=2__phase=support__segment=session1_main__practice=0,1297098.905990600,1297098.913588100
dynamic_sart_stimulus_onset__v=1__trial=266__condition=go__digit=7__block=2__phase=support__segment=session1_main__practice=0,1297098.978108300,1297098.978742300
dynamic_sart_stimulus_offset__v=1__trial=266__condition=go__digit=7__block=2__phase=support__segment=session1_main__practice=0,1297099.259665500,1297099.259881500
dynamic_sart_response_window_close__v=1__trial=266__condition=go__digit=7__block=2__phase=support__segment=session1_main__practice=0,1297100.577272700,1297100.577526100
dynamic_sart_trial_complete__v=1__trial=266__condition=go__digit=7__block=2__phase=support__segment=session1_main__practice=0,1297100.577272700,1297100.585540100
dynamic_sart_stimulus_onset__v=1__trial=267__condition=go__digit=0__block=2__phase=support__segment=session1_main__practice=0,1297100.640141100,1297100.640362600
dynamic_sart_stimulus_offset__v=1__trial=267__condition=go__digit=0__block=2__phase=support__segment=session1_main__practice=0,1297100.924258100,1297100.924440500
dynamic_sart_response_window_close__v=1__trial=267__condition=go__digit=0__block=2__phase=support__segment=session1_main__practice=0,1297102.249585000,1297102.249811600
dynamic_sart_trial_complete__v=1__trial=267__condition=go__digit=0__block=2__phase=support__segment=session1_main__practice=0,1297102.249585000,1297102.257888000
dynamic_sart_stimulus_onset__v=1__trial=268__condition=go__digit=1__block=2__phase=support__segment=session1_main__practice=0,1297102.318438000,1297102.318689600
dynamic_sart_stimulus_offset__v=1__trial=268__condition=go__digit=1__block=2__phase=support__segment=session1_main__practice=0,1297102.581207000,1297102.581410900
dynamic_sart_response_window_close__v=1__trial=268__condition=go__digit=1__block=2__phase=support__segment=session1_main__practice=0,1297103.920688900,1297103.920896100
dynamic_sart_trial_complete__v=1__trial=268__condition=go__digit=1__block=2__phase=support__segment=session1_main__practice=0,1297103.920688900,1297103.931984200
dynamic_sart_stimulus_onset__v=1__trial=269__condition=no_go__digit=3__block=2__phase=support__segment=session1_main__practice=0,1297103.984081800,1297103.984214000
dynamic_sart_stimulus_offset__v=1__trial=269__condition=no_go__digit=3__block=2__phase=support__segment=session1_main__practice=0,1297104.274724700,1297104.274947200
dynamic_sart_response_window_close__v=1__trial=269__condition=no_go__digit=3__block=2__phase=support__segment=session1_main__practice=0,1297105.594141700,1297105.594359400
dynamic_sart_trial_complete__v=1__trial=269__condition=no_go__digit=3__block=2__phase=support__segment=session1_main__practice=0,1297105.594141700,1297105.602191000
dynamic_sart_stimulus_onset__v=1__trial=270__condition=go__digit=4__block=2__phase=support__segment=session1_main__practice=0,1297105.674659700,1297105.675250300
dynamic_sart_stimulus_offset__v=1__trial=270__condition=go__digit=4__block=2__phase=support__segment=session1_main__practice=0,1297105.954314600,1297105.954904500
dynamic_sart_response_window_close__v=1__trial=270__condition=go__digit=4__block=2__phase=support__segment=session1_main__practice=0,1297107.280160400,1297107.280396800
dynamic_sart_trial_complete__v=1__trial=270__condition=go__digit=4__block=2__phase=support__segment=session1_main__practice=0,1297107.280160400,1297107.289808500
dynamic_sart_stimulus_onset__v=1__trial=271__condition=go__digit=2__block=2__phase=support__segment=session1_main__practice=0,1297107.333529400,1297107.333680600
dynamic_sart_stimulus_offset__v=1__trial=271__condition=go__digit=2__block=2__phase=support__segment=session1_main__practice=0,1297107.600041800,1297107.600287200
dynamic_sart_response_window_close__v=1__trial=271__condition=go__digit=2__block=2__phase=support__segment=session1_main__practice=0,1297108.938674500,1297108.938890100
dynamic_sart_trial_complete__v=1__trial=271__condition=go__digit=2__block=2__phase=support__segment=session1_main__practice=0,1297108.938674500,1297108.946443300
dynamic_sart_stimulus_onset__v=1__trial=272__condition=go__digit=9__block=2__phase=support__segment=session1_main__practice=0,1297108.992407900,1297108.992616000
dynamic_sart_stimulus_offset__v=1__trial=272__condition=go__digit=9__block=2__phase=support__segment=session1_main__practice=0,1297109.245823400,1297109.246037900
dynamic_sart_response_window_close__v=1__trial=272__condition=go__digit=9__block=2__phase=support__segment=session1_main__practice=0,1297110.594530300,1297110.594769800
dynamic_sart_trial_complete__v=1__trial=272__condition=go__digit=9__block=2__phase=support__segment=session1_main__practice=0,1297110.594530300,1297110.602717600
dynamic_sart_stimulus_onset__v=1__trial=273__condition=go__digit=6__block=2__phase=support__segment=session1_main__practice=0,1297110.662603400,1297110.662825000
dynamic_sart_stimulus_offset__v=1__trial=273__condition=go__digit=6__block=2__phase=support__segment=session1_main__practice=0,1297110.945756100,1297110.946373000
dynamic_sart_response_window_close__v=1__trial=273__condition=go__digit=6__block=2__phase=support__segment=session1_main__practice=0,1297112.265446200,1297112.265674600
dynamic_sart_trial_complete__v=1__trial=273__condition=go__digit=6__block=2__phase=support__segment=session1_main__practice=0,1297112.265446200,1297112.274062300
dynamic_sart_stimulus_onset__v=1__trial=274__condition=go__digit=1__block=2__phase=support__segment=session1_main__practice=0,1297112.345316500,1297112.345671300
dynamic_sart_stimulus_offset__v=1__trial=274__condition=go__digit=1__block=2__phase=support__segment=session1_main__practice=0,1297112.623156400,1297112.623376400
dynamic_sart_response_window_close__v=1__trial=274__condition=go__digit=1__block=2__phase=support__segment=session1_main__practice=0,1297113.951097700,1297113.951408400
dynamic_sart_trial_complete__v=1__trial=274__condition=go__digit=1__block=2__phase=support__segment=session1_main__practice=0,1297113.951097700,1297113.963098800
dynamic_sart_stimulus_onset__v=1__trial=275__condition=no_go__digit=3__block=2__phase=support__segment=session1_main__practice=0,1297114.016606100,1297114.016745700
dynamic_sart_stimulus_offset__v=1__trial=275__condition=no_go__digit=3__block=2__phase=support__segment=session1_main__practice=0,1297114.305976400,1297114.306218500
dynamic_sart_response_window_close__v=1__trial=275__condition=no_go__digit=3__block=2__phase=support__segment=session1_main__practice=0,1297115.623490600,1297115.623716300
dynamic_sart_trial_complete__v=1__trial=275__condition=no_go__digit=3__block=2__phase=support__segment=session1_main__practice=0,1297115.623490600,1297115.630393500
dynamic_sart_stimulus_onset__v=1__trial=276__condition=go__digit=7__block=2__phase=support__segment=session1_main__practice=0,1297115.699566700,1297115.699736500
dynamic_sart_stimulus_offset__v=1__trial=276__condition=go__digit=7__block=2__phase=support__segment=session1_main__practice=0,1297115.966927400,1297115.967066800
dynamic_sart_response_window_close__v=1__trial=276__condition=go__digit=7__block=2__phase=support__segment=session1_main__practice=0,1297117.295446400,1297117.295683800
dynamic_sart_trial_complete__v=1__trial=276__condition=go__digit=7__block=2__phase=support__segment=session1_main__practice=0,1297117.295446400,1297117.303584300
dynamic_sart_stimulus_onset__v=1__trial=277__condition=go__digit=5__block=2__phase=support__segment=session1_main__practice=0,1297117.348215700,1297117.348606600
dynamic_sart_stimulus_offset__v=1__trial=277__condition=go__digit=5__block=2__phase=support__segment=session1_main__practice=0,1297117.616350400,1297117.616495700
dynamic_sart_response_window_close__v=1__trial=277__condition=go__digit=5__block=2__phase=support__segment=session1_main__practice=0,1297118.952265700,1297118.952474200
dynamic_sart_trial_complete__v=1__trial=277__condition=go__digit=5__block=2__phase=support__segment=session1_main__practice=0,1297118.952265700,1297118.961108000
dynamic_sart_stimulus_onset__v=1__trial=278__condition=go__digit=4__block=2__phase=support__segment=session1_main__practice=0,1297119.027148100,1297119.027378800
dynamic_sart_stimulus_offset__v=1__trial=278__condition=go__digit=4__block=2__phase=support__segment=session1_main__practice=0,1297119.280473800,1297119.280688000
dynamic_sart_response_window_close__v=1__trial=278__condition=go__digit=4__block=2__phase=support__segment=session1_main__practice=0,1297120.623258400,1297120.623511900
dynamic_sart_trial_complete__v=1__trial=278__condition=go__digit=4__block=2__phase=support__segment=session1_main__practice=0,1297120.623258400,1297120.631406900
dynamic_sart_stimulus_onset__v=1__trial=279__condition=go__digit=2__block=2__phase=support__segment=session1_main__practice=0,1297120.700351000,1297120.700527900
dynamic_sart_stimulus_offset__v=1__trial=279__condition=go__digit=2__block=2__phase=support__segment=session1_main__practice=0,1297120.976474900,1297120.976715400
dynamic_sart_response_window_close__v=1__trial=279__condition=go__digit=2__block=2__phase=support__segment=session1_main__practice=0,1297122.296170300,1297122.296504100
dynamic_sart_trial_complete__v=1__trial=279__condition=go__digit=2__block=2__phase=support__segment=session1_main__practice=0,1297122.296170300,1297122.304397000
dynamic_sart_stimulus_onset__v=1__trial=280__condition=go__digit=8__block=2__phase=support__segment=session1_main__practice=0,1297122.360123300,1297122.360349700
dynamic_sart_stimulus_offset__v=1__trial=280__condition=go__digit=8__block=2__phase=support__segment=session1_main__practice=0,1297122.632771600,1297122.632981500
dynamic_sart_response_window_close__v=1__trial=280__condition=go__digit=8__block=2__phase=support__segment=session1_main__practice=0,1297123.968310900,1297123.968541500
dynamic_sart_trial_complete__v=1__trial=280__condition=go__digit=8__block=2__phase=support__segment=session1_main__practice=0,1297123.968310900,1297123.989561700
dynamic_sart_stimulus_onset__v=1__trial=281__condition=go__digit=0__block=2__phase=support__segment=session1_main__practice=0,1297124.067802100,1297124.068043300
dynamic_sart_stimulus_offset__v=1__trial=281__condition=go__digit=0__block=2__phase=support__segment=session1_main__practice=0,1297124.336936000,1297124.337180600
dynamic_sart_response_window_close__v=1__trial=281__condition=go__digit=0__block=2__phase=support__segment=session1_main__practice=0,1297125.670021000,1297125.670256000
dynamic_sart_trial_complete__v=1__trial=281__condition=go__digit=0__block=2__phase=support__segment=session1_main__practice=0,1297125.670021000,1297125.678502300
dynamic_sart_stimulus_onset__v=1__trial=282__condition=no_go__digit=3__block=2__phase=support__segment=session1_main__practice=0,1297125.766562900,1297125.766762400
dynamic_sart_stimulus_offset__v=1__trial=282__condition=no_go__digit=3__block=2__phase=support__segment=session1_main__practice=0,1297126.030237400,1297126.030466100
dynamic_sart_response_window_close__v=1__trial=282__condition=no_go__digit=3__block=2__phase=support__segment=session1_main__practice=0,1297127.373971400,1297127.374222400
dynamic_sart_trial_complete__v=1__trial=282__condition=no_go__digit=3__block=2__phase=support__segment=session1_main__practice=0,1297127.373971400,1297127.382445400
dynamic_sart_stimulus_onset__v=1__trial=283__condition=go__digit=2__block=2__phase=support__segment=session1_main__practice=0,1297127.426886500,1297127.427288500
dynamic_sart_stimulus_offset__v=1__trial=283__condition=go__digit=2__block=2__phase=support__segment=session1_main__practice=0,1297127.693711900,1297127.693935400
dynamic_sart_response_window_close__v=1__trial=283__condition=go__digit=2__block=2__phase=support__segment=session1_main__practice=0,1297129.031450700,1297129.031705200
dynamic_sart_trial_complete__v=1__trial=283__condition=go__digit=2__block=2__phase=support__segment=session1_main__practice=0,1297129.031450700,1297129.041035500
dynamic_sart_stimulus_onset__v=1__trial=284__condition=go__digit=7__block=2__phase=support__segment=session1_main__practice=0,1297129.095709700,1297129.095929000
dynamic_sart_stimulus_offset__v=1__trial=284__condition=go__digit=7__block=2__phase=support__segment=session1_main__practice=0,1297129.373753800,1297129.373975700
dynamic_sart_response_window_close__v=1__trial=284__condition=go__digit=7__block=2__phase=support__segment=session1_main__practice=0,1297130.702354800,1297130.702604000
dynamic_sart_trial_complete__v=1__trial=284__condition=go__digit=7__block=2__phase=support__segment=session1_main__practice=0,1297130.702354800,1297130.711133900
dynamic_sart_stimulus_onset__v=1__trial=285__condition=go__digit=0__block=2__phase=support__segment=session1_main__practice=0,1297130.768871500,1297130.769077900
dynamic_sart_stimulus_offset__v=1__trial=285__condition=go__digit=0__block=2__phase=support__segment=session1_main__practice=0,1297131.045696500,1297131.045930500
dynamic_sart_response_window_close__v=1__trial=285__condition=go__digit=0__block=2__phase=support__segment=session1_main__practice=0,1297132.375740100,1297132.375981600
dynamic_sart_trial_complete__v=1__trial=285__condition=go__digit=0__block=2__phase=support__segment=session1_main__practice=0,1297132.375740100,1297132.383670300
dynamic_sart_stimulus_onset__v=1__trial=286__condition=go__digit=1__block=2__phase=support__segment=session1_main__practice=0,1297132.462708400,1297132.463422500
dynamic_sart_stimulus_offset__v=1__trial=286__condition=go__digit=1__block=2__phase=support__segment=session1_main__practice=0,1297132.735448900,1297132.735685000
dynamic_sart_response_window_close__v=1__trial=286__condition=go__digit=1__block=2__phase=support__segment=session1_main__practice=0,1297134.061740500,1297134.061960000
dynamic_sart_trial_complete__v=1__trial=286__condition=go__digit=1__block=2__phase=support__segment=session1_main__practice=0,1297134.061740500,1297134.072948900
dynamic_sart_stimulus_onset__v=1__trial=287__condition=go__digit=9__block=2__phase=support__segment=session1_main__practice=0,1297134.140747600,1297134.140987600
dynamic_sart_stimulus_offset__v=1__trial=287__condition=go__digit=9__block=2__phase=support__segment=session1_main__practice=0,1297134.423298900,1297134.423528200
dynamic_sart_response_window_close__v=1__trial=287__condition=go__digit=9__block=2__phase=support__segment=session1_main__practice=0,1297135.749641600,1297135.749893000
dynamic_sart_trial_complete__v=1__trial=287__condition=go__digit=9__block=2__phase=support__segment=session1_main__practice=0,1297135.749641600,1297135.759481300
dynamic_sart_stimulus_onset__v=1__trial=288__condition=go__digit=4__block=2__phase=support__segment=session1_main__practice=0,1297135.819175400,1297135.819286800
dynamic_sart_stimulus_offset__v=1__trial=288__condition=go__digit=4__block=2__phase=support__segment=session1_main__practice=0,1297136.088214100,1297136.088432800
dynamic_sart_response_window_close__v=1__trial=288__condition=go__digit=4__block=2__phase=support__segment=session1_main__practice=0,1297137.422642100,1297137.422870000
dynamic_sart_trial_complete__v=1__trial=288__condition=go__digit=4__block=2__phase=support__segment=session1_main__practice=0,1297137.422642100,1297137.432152400
dynamic_sart_stimulus_onset__v=1__trial=289__condition=no_go__digit=3__block=2__phase=support__segment=session1_main__practice=0,1297137.482676500,1297137.482886300
dynamic_sart_stimulus_offset__v=1__trial=289__condition=no_go__digit=3__block=2__phase=support__segment=session1_main__practice=0,1297137.746820900,1297137.747109600
dynamic_sart_response_window_close__v=1__trial=289__condition=no_go__digit=3__block=2__phase=support__segment=session1_main__practice=0,1297139.092001000,1297139.092221900
dynamic_sart_trial_complete__v=1__trial=289__condition=no_go__digit=3__block=2__phase=support__segment=session1_main__practice=0,1297139.092001000,1297139.099798800
dynamic_sart_stimulus_onset__v=1__trial=290__condition=go__digit=5__block=2__phase=support__segment=session1_main__practice=0,1297139.144194800,1297139.144411600
dynamic_sart_stimulus_offset__v=1__trial=290__condition=go__digit=5__block=2__phase=support__segment=session1_main__practice=0,1297139.411814000,1297139.412057100
dynamic_sart_response_window_close__v=1__trial=290__condition=go__digit=5__block=2__phase=support__segment=session1_main__practice=0,1297140.749094400,1297140.749333400
dynamic_sart_trial_complete__v=1__trial=290__condition=go__digit=5__block=2__phase=support__segment=session1_main__practice=0,1297140.749094400,1297140.759434600
dynamic_sart_stimulus_onset__v=1__trial=291__condition=go__digit=6__block=2__phase=support__segment=session1_main__practice=0,1297140.817900900,1297140.818128200
dynamic_sart_stimulus_offset__v=1__trial=291__condition=go__digit=6__block=2__phase=support__segment=session1_main__practice=0,1297141.090409700,1297141.090650600
dynamic_sart_response_window_close__v=1__trial=291__condition=go__digit=6__block=2__phase=support__segment=session1_main__practice=0,1297142.420995300,1297142.421227800
dynamic_sart_trial_complete__v=1__trial=291__condition=go__digit=6__block=2__phase=support__segment=session1_main__practice=0,1297142.420995300,1297142.429143700
dynamic_sart_stimulus_onset__v=1__trial=292__condition=go__digit=8__block=2__phase=support__segment=session1_main__practice=0,1297142.491850800,1297142.492093700
dynamic_sart_stimulus_offset__v=1__trial=292__condition=go__digit=8__block=2__phase=support__segment=session1_main__practice=0,1297142.771288200,1297142.771511400
dynamic_sart_response_window_close__v=1__trial=292__condition=go__digit=8__block=2__phase=support__segment=session1_main__practice=0,1297144.094186800,1297144.094370600
dynamic_sart_trial_complete__v=1__trial=292__condition=go__digit=8__block=2__phase=support__segment=session1_main__practice=0,1297144.094186800,1297144.106701200
dynamic_sart_stimulus_onset__v=1__trial=293__condition=go__digit=5__block=2__phase=support__segment=session1_main__practice=0,1297144.174167000,1297144.174377600
dynamic_sart_stimulus_offset__v=1__trial=293__condition=go__digit=5__block=2__phase=support__segment=session1_main__practice=0,1297144.462981400,1297144.463213500
dynamic_sart_response_window_close__v=1__trial=293__condition=go__digit=5__block=2__phase=support__segment=session1_main__practice=0,1297145.781451100,1297145.781647600
dynamic_sart_trial_complete__v=1__trial=293__condition=go__digit=5__block=2__phase=support__segment=session1_main__practice=0,1297145.781451100,1297145.789443700
dynamic_sart_stimulus_onset__v=1__trial=294__condition=go__digit=6__block=2__phase=support__segment=session1_main__practice=0,1297145.858968200,1297145.859111900
dynamic_sart_stimulus_offset__v=1__trial=294__condition=go__digit=6__block=2__phase=support__segment=session1_main__practice=0,1297146.143047900,1297146.143262600
dynamic_sart_response_window_close__v=1__trial=294__condition=go__digit=6__block=2__phase=support__segment=session1_main__practice=0,1297147.467043500,1297147.467271000
dynamic_sart_trial_complete__v=1__trial=294__condition=go__digit=6__block=2__phase=support__segment=session1_main__practice=0,1297147.467043500,1297147.476847200
dynamic_sart_stimulus_onset__v=1__trial=295__condition=go__digit=0__block=2__phase=support__segment=session1_main__practice=0,1297147.543379900,1297147.543594000
dynamic_sart_stimulus_offset__v=1__trial=295__condition=go__digit=0__block=2__phase=support__segment=session1_main__practice=0,1297147.806180500,1297147.806422300
dynamic_sart_response_window_close__v=1__trial=295__condition=go__digit=0__block=2__phase=support__segment=session1_main__practice=0,1297149.139401500,1297149.139642100
dynamic_sart_trial_complete__v=1__trial=295__condition=go__digit=0__block=2__phase=support__segment=session1_main__practice=0,1297149.139401500,1297149.147990300
dynamic_sart_stimulus_onset__v=1__trial=296__condition=no_go__digit=3__block=2__phase=support__segment=session1_main__practice=0,1297149.211743300,1297149.211978500
dynamic_sart_stimulus_offset__v=1__trial=296__condition=no_go__digit=3__block=2__phase=support__segment=session1_main__practice=0,1297149.484221300,1297149.484489000
dynamic_sart_response_window_close__v=1__trial=296__condition=no_go__digit=3__block=2__phase=support__segment=session1_main__practice=0,1297150.810859000,1297150.811067200
dynamic_sart_trial_complete__v=1__trial=296__condition=no_go__digit=3__block=2__phase=support__segment=session1_main__practice=0,1297150.810859000,1297150.818804600
dynamic_sart_stimulus_onset__v=1__trial=297__condition=go__digit=4__block=2__phase=support__segment=session1_main__practice=0,1297150.866041600,1297150.866243400
dynamic_sart_stimulus_offset__v=1__trial=297__condition=go__digit=4__block=2__phase=support__segment=session1_main__practice=0,1297151.144326500,1297151.144549300
dynamic_sart_response_window_close__v=1__trial=297__condition=go__digit=4__block=2__phase=support__segment=session1_main__practice=0,1297152.469351600,1297152.469559000
dynamic_sart_trial_complete__v=1__trial=297__condition=go__digit=4__block=2__phase=support__segment=session1_main__practice=0,1297152.469351600,1297152.476925800
dynamic_sart_stimulus_onset__v=1__trial=298__condition=go__digit=8__block=2__phase=support__segment=session1_main__practice=0,1297152.537623700,1297152.537851600
dynamic_sart_stimulus_offset__v=1__trial=298__condition=go__digit=8__block=2__phase=support__segment=session1_main__practice=0,1297152.800951200,1297152.801164500
dynamic_sart_response_window_close__v=1__trial=298__condition=go__digit=8__block=2__phase=support__segment=session1_main__practice=0,1297154.140469300,1297154.140736900
dynamic_sart_trial_complete__v=1__trial=298__condition=go__digit=8__block=2__phase=support__segment=session1_main__practice=0,1297154.140469300,1297154.151756700
dynamic_sart_stimulus_onset__v=1__trial=299__condition=go__digit=1__block=2__phase=support__segment=session1_main__practice=0,1297154.223669400,1297154.223897000
dynamic_sart_stimulus_offset__v=1__trial=299__condition=go__digit=1__block=2__phase=support__segment=session1_main__practice=0,1297154.497760600,1297154.497971100
dynamic_sart_response_window_close__v=1__trial=299__condition=go__digit=1__block=2__phase=support__segment=session1_main__practice=0,1297155.828227800,1297155.828518400
dynamic_sart_trial_complete__v=1__trial=299__condition=go__digit=1__block=2__phase=support__segment=session1_main__practice=0,1297155.828227800,1297155.836985400
dynamic_sart_stimulus_onset__v=1__trial=300__condition=go__digit=2__block=2__phase=support__segment=session1_main__practice=0,1297155.899976200,1297155.900180700
dynamic_sart_stimulus_offset__v=1__trial=300__condition=go__digit=2__block=2__phase=support__segment=session1_main__practice=0,1297156.175869900,1297156.176092100
dynamic_sart_response_window_close__v=1__trial=300__condition=go__digit=2__block=2__phase=support__segment=session1_main__practice=0,1297157.499689000,1297157.499928800
dynamic_sart_trial_complete__v=1__trial=300__condition=go__digit=2__block=2__phase=support__segment=session1_main__practice=0,1297157.499689000,1297157.507727300
dynamic_sart_stimulus_onset__v=1__trial=301__condition=go__digit=9__block=2__phase=support__segment=session1_main__practice=0,1297157.564558000,1297157.564772000
dynamic_sart_stimulus_offset__v=1__trial=301__condition=go__digit=9__block=2__phase=support__segment=session1_main__practice=0,1297157.837883100,1297157.838440400
dynamic_sart_response_window_close__v=1__trial=301__condition=go__digit=9__block=2__phase=support__segment=session1_main__practice=0,1297159.171045500,1297159.171272100
dynamic_sart_trial_complete__v=1__trial=301__condition=go__digit=9__block=2__phase=support__segment=session1_main__practice=0,1297159.171045500,1297159.179127700
dynamic_sart_stimulus_onset__v=1__trial=302__condition=go__digit=7__block=2__phase=support__segment=session1_main__practice=0,1297159.232313400,1297159.232525600
dynamic_sart_stimulus_offset__v=1__trial=302__condition=go__digit=7__block=2__phase=support__segment=session1_main__practice=0,1297159.511617100,1297159.511835600
dynamic_sart_response_window_close__v=1__trial=302__condition=go__digit=7__block=2__phase=support__segment=session1_main__practice=0,1297160.844096700,1297160.844293700
dynamic_sart_trial_complete__v=1__trial=302__condition=go__digit=7__block=2__phase=support__segment=session1_main__practice=0,1297160.844096700,1297160.851872400
dynamic_sart_stimulus_onset__v=1__trial=303__condition=no_go__digit=3__block=2__phase=support__segment=session1_main__practice=0,1297160.907761300,1297160.907988300
dynamic_sart_stimulus_offset__v=1__trial=303__condition=no_go__digit=3__block=2__phase=support__segment=session1_main__practice=0,1297161.190351900,1297161.190590400
dynamic_sart_response_window_close__v=1__trial=303__condition=no_go__digit=3__block=2__phase=support__segment=session1_main__practice=0,1297162.516174300,1297162.516427100
dynamic_sart_trial_complete__v=1__trial=303__condition=no_go__digit=3__block=2__phase=support__segment=session1_main__practice=0,1297162.516174300,1297162.524320500
dynamic_sart_stimulus_onset__v=1__trial=304__condition=go__digit=9__block=2__phase=support__segment=session1_main__practice=0,1297162.593013300,1297162.593242600
dynamic_sart_stimulus_offset__v=1__trial=304__condition=go__digit=9__block=2__phase=support__segment=session1_main__practice=0,1297162.876749300,1297162.877306200
dynamic_sart_response_window_close__v=1__trial=304__condition=go__digit=9__block=2__phase=support__segment=session1_main__practice=0,1297164.202085700,1297164.202408300
dynamic_sart_trial_complete__v=1__trial=304__condition=go__digit=9__block=2__phase=support__segment=session1_main__practice=0,1297164.202085700,1297164.213597500
dynamic_sart_stimulus_onset__v=1__trial=305__condition=go__digit=1__block=2__phase=support__segment=session1_main__practice=0,1297164.301225500,1297164.301371000
dynamic_sart_stimulus_offset__v=1__trial=305__condition=go__digit=1__block=2__phase=support__segment=session1_main__practice=0,1297164.576102000,1297164.576313400
dynamic_sart_response_window_close__v=1__trial=305__condition=go__digit=1__block=2__phase=support__segment=session1_main__practice=0,1297165.904344300,1297165.904606600
dynamic_sart_trial_complete__v=1__trial=305__condition=go__digit=1__block=2__phase=support__segment=session1_main__practice=0,1297165.904344300,1297165.913037000
dynamic_sart_stimulus_onset__v=1__trial=306__condition=go__digit=4__block=2__phase=support__segment=session1_main__practice=0,1297165.985728000,1297165.986250300
dynamic_sart_stimulus_offset__v=1__trial=306__condition=go__digit=4__block=2__phase=support__segment=session1_main__practice=0,1297166.273454300,1297166.273706500
dynamic_sart_response_window_close__v=1__trial=306__condition=go__digit=4__block=2__phase=support__segment=session1_main__practice=0,1297167.592094100,1297167.592318100
dynamic_sart_trial_complete__v=1__trial=306__condition=go__digit=4__block=2__phase=support__segment=session1_main__practice=0,1297167.592094100,1297167.600162600
dynamic_sart_stimulus_onset__v=1__trial=307__condition=go__digit=2__block=2__phase=support__segment=session1_main__practice=0,1297167.654606300,1297167.654823800
dynamic_sart_stimulus_offset__v=1__trial=307__condition=go__digit=2__block=2__phase=support__segment=session1_main__practice=0,1297167.940352800,1297167.940584500
dynamic_sart_response_window_close__v=1__trial=307__condition=go__digit=2__block=2__phase=support__segment=session1_main__practice=0,1297169.264448100,1297169.264676900
dynamic_sart_trial_complete__v=1__trial=307__condition=go__digit=2__block=2__phase=support__segment=session1_main__practice=0,1297169.264448100,1297169.274108800
dynamic_sart_stimulus_onset__v=1__trial=308__condition=go__digit=7__block=2__phase=support__segment=session1_main__practice=0,1297169.342295000,1297169.342707800
dynamic_sart_stimulus_offset__v=1__trial=308__condition=go__digit=7__block=2__phase=support__segment=session1_main__practice=0,1297169.626700200,1297169.626930800
dynamic_sart_response_window_close__v=1__trial=308__condition=go__digit=7__block=2__phase=support__segment=session1_main__practice=0,1297170.953561100,1297170.953795700
dynamic_sart_trial_complete__v=1__trial=308__condition=go__digit=7__block=2__phase=support__segment=session1_main__practice=0,1297170.953561100,1297170.961575600
dynamic_sart_stimulus_onset__v=1__trial=309__condition=no_go__digit=3__block=2__phase=support__segment=session1_main__practice=0,1297171.038850300,1297171.039082000
dynamic_sart_stimulus_offset__v=1__trial=309__condition=no_go__digit=3__block=2__phase=support__segment=session1_main__practice=0,1297171.305227900,1297171.305374900
dynamic_sart_response_window_close__v=1__trial=309__condition=no_go__digit=3__block=2__phase=support__segment=session1_main__practice=0,1297172.638730200,1297172.639282300
dynamic_sart_trial_complete__v=1__trial=309__condition=no_go__digit=3__block=2__phase=support__segment=session1_main__practice=0,1297172.638730200,1297172.647059100
dynamic_sart_stimulus_onset__v=1__trial=310__condition=go__digit=0__block=2__phase=support__segment=session1_main__practice=0,1297172.717443000,1297172.717972100
dynamic_sart_stimulus_offset__v=1__trial=310__condition=go__digit=0__block=2__phase=support__segment=session1_main__practice=0,1297172.990027900,1297172.990336300
dynamic_sart_response_window_close__v=1__trial=310__condition=go__digit=0__block=2__phase=support__segment=session1_main__practice=0,1297174.310757000,1297174.311013700
dynamic_sart_trial_complete__v=1__trial=310__condition=go__digit=0__block=2__phase=support__segment=session1_main__practice=0,1297174.310757000,1297174.322523300
dynamic_sart_stimulus_onset__v=1__trial=311__condition=go__digit=6__block=2__phase=support__segment=session1_main__practice=0,1297174.390360000,1297174.390605500
dynamic_sart_stimulus_offset__v=1__trial=311__condition=go__digit=6__block=2__phase=support__segment=session1_main__practice=0,1297174.673072900,1297174.673237600
dynamic_sart_response_window_close__v=1__trial=311__condition=go__digit=6__block=2__phase=support__segment=session1_main__practice=0,1297175.998186700,1297175.998425300
dynamic_sart_trial_complete__v=1__trial=311__condition=go__digit=6__block=2__phase=support__segment=session1_main__practice=0,1297175.998186700,1297176.006377700
dynamic_sart_stimulus_onset__v=1__trial=312__condition=go__digit=5__block=2__phase=support__segment=session1_main__practice=0,1297176.073271600,1297176.073479300
dynamic_sart_stimulus_offset__v=1__trial=312__condition=go__digit=5__block=2__phase=support__segment=session1_main__practice=0,1297176.337790500,1297176.338027400
dynamic_sart_response_window_close__v=1__trial=312__condition=go__digit=5__block=2__phase=support__segment=session1_main__practice=0,1297177.669998900,1297177.670221400
dynamic_sart_trial_complete__v=1__trial=312__condition=go__digit=5__block=2__phase=support__segment=session1_main__practice=0,1297177.669998900,1297177.678330800
dynamic_sart_stimulus_onset__v=1__trial=313__condition=go__digit=8__block=2__phase=support__segment=session1_main__practice=0,1297177.757107100,1297177.757394600
dynamic_sart_stimulus_offset__v=1__trial=313__condition=go__digit=8__block=2__phase=support__segment=session1_main__practice=0,1297178.014401000,1297178.014605800
dynamic_sart_response_window_close__v=1__trial=313__condition=go__digit=8__block=2__phase=support__segment=session1_main__practice=0,1297179.358115800,1297179.358328100
dynamic_sart_trial_complete__v=1__trial=313__condition=go__digit=8__block=2__phase=support__segment=session1_main__practice=0,1297179.358115800,1297179.365934300
dynamic_sart_stimulus_onset__v=1__trial=314__condition=go__digit=7__block=2__phase=support__segment=session1_main__practice=0,1297179.425278000,1297179.425507300
dynamic_sart_stimulus_offset__v=1__trial=314__condition=go__digit=7__block=2__phase=support__segment=session1_main__practice=0,1297179.700332700,1297179.700614300
dynamic_sart_response_window_close__v=1__trial=314__condition=go__digit=7__block=2__phase=support__segment=session1_main__practice=0,1297181.030859400,1297181.031079100
dynamic_sart_trial_complete__v=1__trial=314__condition=go__digit=7__block=2__phase=support__segment=session1_main__practice=0,1297181.030859400,1297181.038412200
dynamic_sart_stimulus_onset__v=1__trial=315__condition=go__digit=0__block=2__phase=support__segment=session1_main__practice=0,1297181.090057000,1297181.090310400
dynamic_sart_stimulus_offset__v=1__trial=315__condition=go__digit=0__block=2__phase=support__segment=session1_main__practice=0,1297181.349145100,1297181.349356200
dynamic_sart_response_window_close__v=1__trial=315__condition=go__digit=0__block=2__phase=support__segment=session1_main__practice=0,1297182.686194900,1297182.686422300
dynamic_sart_trial_complete__v=1__trial=315__condition=go__digit=0__block=2__phase=support__segment=session1_main__practice=0,1297182.686194900,1297182.695176000
dynamic_sart_stimulus_onset__v=1__trial=316__condition=no_go__digit=3__block=2__phase=support__segment=session1_main__practice=0,1297182.750987900,1297182.751230400
dynamic_sart_stimulus_offset__v=1__trial=316__condition=no_go__digit=3__block=2__phase=support__segment=session1_main__practice=0,1297183.022275100,1297183.022508700
dynamic_sart_response_window_close__v=1__trial=316__condition=no_go__digit=3__block=2__phase=support__segment=session1_main__practice=0,1297184.358835600,1297184.359077200
dynamic_sart_trial_complete__v=1__trial=316__condition=no_go__digit=3__block=2__phase=support__segment=session1_main__practice=0,1297184.358835600,1297184.370262800
dynamic_sart_stimulus_onset__v=1__trial=317__condition=go__digit=2__block=2__phase=support__segment=session1_main__practice=0,1297184.458534200,1297184.458749600
dynamic_sart_stimulus_offset__v=1__trial=317__condition=go__digit=2__block=2__phase=support__segment=session1_main__practice=0,1297184.740035900,1297184.740286100
dynamic_sart_response_window_close__v=1__trial=317__condition=go__digit=2__block=2__phase=support__segment=session1_main__practice=0,1297186.061110100,1297186.061325100
dynamic_sart_trial_complete__v=1__trial=317__condition=go__digit=2__block=2__phase=support__segment=session1_main__practice=0,1297186.061110100,1297186.070325100
dynamic_sart_stimulus_onset__v=1__trial=318__condition=go__digit=5__block=2__phase=support__segment=session1_main__practice=0,1297186.139323600,1297186.139581900
dynamic_sart_stimulus_offset__v=1__trial=318__condition=go__digit=5__block=2__phase=support__segment=session1_main__practice=0,1297186.422852300,1297186.423078100
dynamic_sart_response_window_close__v=1__trial=318__condition=go__digit=5__block=2__phase=support__segment=session1_main__practice=0,1297187.749206900,1297187.749438600
dynamic_sart_trial_complete__v=1__trial=318__condition=go__digit=5__block=2__phase=support__segment=session1_main__practice=0,1297187.749206900,1297187.757567300
dynamic_sart_stimulus_onset__v=1__trial=319__condition=go__digit=1__block=2__phase=support__segment=session1_main__practice=0,1297187.835420500,1297187.835554400
dynamic_sart_stimulus_offset__v=1__trial=319__condition=go__digit=1__block=2__phase=support__segment=session1_main__practice=0,1297188.105228500,1297188.105443400
dynamic_sart_response_window_close__v=1__trial=319__condition=go__digit=1__block=2__phase=support__segment=session1_main__practice=0,1297189.436020600,1297189.436230200
dynamic_sart_trial_complete__v=1__trial=319__condition=go__digit=1__block=2__phase=support__segment=session1_main__practice=0,1297189.436020600,1297189.444196800
dynamic_sart_stimulus_onset__v=1__trial=320__condition=go__digit=8__block=2__phase=support__segment=session1_main__practice=0,1297189.521598800,1297189.521843500
dynamic_sart_stimulus_offset__v=1__trial=320__condition=go__digit=8__block=2__phase=support__segment=session1_main__practice=0,1297189.778404900,1297189.778618200
dynamic_sart_response_window_close__v=1__trial=320__condition=go__digit=8__block=2__phase=support__segment=session1_main__practice=0,1297191.124409500,1297191.124654800
dynamic_sart_trial_complete__v=1__trial=320__condition=go__digit=8__block=2__phase=support__segment=session1_main__practice=0,1297191.124409500,1297191.132197600
dynamic_sart_stimulus_onset__v=1__trial=321__condition=go__digit=4__block=2__phase=support__segment=session1_main__practice=0,1297191.192930900,1297191.193621700
dynamic_sart_stimulus_offset__v=1__trial=321__condition=go__digit=4__block=2__phase=support__segment=session1_main__practice=0,1297191.461233700,1297191.461429500
dynamic_sart_response_window_close__v=1__trial=321__condition=go__digit=4__block=2__phase=support__segment=session1_main__practice=0,1297192.794671600,1297192.794902000
dynamic_sart_trial_complete__v=1__trial=321__condition=go__digit=4__block=2__phase=support__segment=session1_main__practice=0,1297192.794671600,1297192.804413800
dynamic_sart_stimulus_onset__v=1__trial=322__condition=go__digit=6__block=2__phase=support__segment=session1_main__practice=0,1297192.873568000,1297192.873780300
dynamic_sart_stimulus_offset__v=1__trial=322__condition=go__digit=6__block=2__phase=support__segment=session1_main__practice=0,1297193.150833300,1297193.151398000
dynamic_sart_response_window_close__v=1__trial=322__condition=go__digit=6__block=2__phase=support__segment=session1_main__practice=0,1297194.482831300,1297194.483028200
dynamic_sart_trial_complete__v=1__trial=322__condition=go__digit=6__block=2__phase=support__segment=session1_main__practice=0,1297194.482831300,1297194.492417700
dynamic_sart_stimulus_onset__v=1__trial=323__condition=no_go__digit=3__block=2__phase=support__segment=session1_main__practice=0,1297194.578371100,1297194.578617800
dynamic_sart_stimulus_offset__v=1__trial=323__condition=no_go__digit=3__block=2__phase=support__segment=session1_main__practice=0,1297194.861578400,1297194.861743100
dynamic_sart_response_window_close__v=1__trial=323__condition=no_go__digit=3__block=2__phase=support__segment=session1_main__practice=0,1297196.186062400,1297196.186577000
dynamic_sart_trial_complete__v=1__trial=323__condition=no_go__digit=3__block=2__phase=support__segment=session1_main__practice=0,1297196.186062400,1297196.192690500
dynamic_sart_stimulus_onset__v=1__trial=324__condition=go__digit=9__block=2__phase=support__segment=session1_main__practice=0,1297196.277040700,1297196.277679000
dynamic_sart_stimulus_offset__v=1__trial=324__condition=go__digit=9__block=2__phase=support__segment=session1_main__practice=0,1297196.537598100,1297196.537815800
dynamic_sart_response_window_close__v=1__trial=324__condition=go__digit=9__block=2__phase=support__segment=session1_main__practice=0,1297197.873485300,1297197.873727500
dynamic_sart_trial_complete__v=1__trial=324__condition=go__digit=9__block=2__phase=support__segment=session1_main__practice=0,1297197.873485300,1297197.881191500
dynamic_sart_stimulus_onset__v=1__trial=325__condition=go__digit=4__block=2__phase=support__segment=session1_main__practice=0,1297197.949447400,1297197.949670900
dynamic_sart_stimulus_offset__v=1__trial=325__condition=go__digit=4__block=2__phase=support__segment=session1_main__practice=0,1297198.218000500,1297198.218138000
dynamic_sart_response_window_close__v=1__trial=325__condition=go__digit=4__block=2__phase=support__segment=session1_main__practice=0,1297199.545404200,1297199.545605400
dynamic_sart_trial_complete__v=1__trial=325__condition=go__digit=4__block=2__phase=support__segment=session1_main__practice=0,1297199.545404200,1297199.553472500
dynamic_sart_stimulus_onset__v=1__trial=326__condition=go__digit=1__block=2__phase=support__segment=session1_main__practice=0,1297199.618478100,1297199.618712300
dynamic_sart_stimulus_offset__v=1__trial=326__condition=go__digit=1__block=2__phase=support__segment=session1_main__practice=0,1297199.887801200,1297199.888029500
dynamic_sart_response_window_close__v=1__trial=326__condition=go__digit=1__block=2__phase=support__segment=session1_main__practice=0,1297201.218089100,1297201.218308100
dynamic_sart_trial_complete__v=1__trial=326__condition=go__digit=1__block=2__phase=support__segment=session1_main__practice=0,1297201.218089100,1297201.227856500
dynamic_sart_stimulus_onset__v=1__trial=327__condition=go__digit=2__block=2__phase=support__segment=session1_main__practice=0,1297201.289098600,1297201.289354000
dynamic_sart_stimulus_offset__v=1__trial=327__condition=go__digit=2__block=2__phase=support__segment=session1_main__practice=0,1297201.549918300,1297201.550035500
dynamic_sart_response_window_close__v=1__trial=327__condition=go__digit=2__block=2__phase=support__segment=session1_main__practice=0,1297202.890703200,1297202.890924400
dynamic_sart_trial_complete__v=1__trial=327__condition=go__digit=2__block=2__phase=support__segment=session1_main__practice=0,1297202.890703200,1297202.899176900
dynamic_sart_stimulus_onset__v=1__trial=328__condition=go__digit=6__block=2__phase=support__segment=session1_main__practice=0,1297202.975132900,1297202.975284400
dynamic_sart_stimulus_offset__v=1__trial=328__condition=go__digit=6__block=2__phase=support__segment=session1_main__practice=0,1297203.258272500,1297203.258519000
dynamic_sart_response_window_close__v=1__trial=328__condition=go__digit=6__block=2__phase=support__segment=session1_main__practice=0,1297204.577628500,1297204.577882200
dynamic_sart_trial_complete__v=1__trial=328__condition=go__digit=6__block=2__phase=support__segment=session1_main__practice=0,1297204.577628500,1297204.589848600
dynamic_sart_stimulus_onset__v=1__trial=329__condition=go__digit=8__block=2__phase=support__segment=session1_main__practice=0,1297204.651346500,1297204.651546900
dynamic_sart_stimulus_offset__v=1__trial=329__condition=go__digit=8__block=2__phase=support__segment=session1_main__practice=0,1297204.925834200,1297204.925977000
dynamic_sart_response_window_close__v=1__trial=329__condition=go__digit=8__block=2__phase=support__segment=session1_main__practice=0,1297206.248837000,1297206.249069400
dynamic_sart_trial_complete__v=1__trial=329__condition=go__digit=8__block=2__phase=support__segment=session1_main__practice=0,1297206.248837000,1297206.258941100
dynamic_sart_stimulus_onset__v=1__trial=330__condition=no_go__digit=3__block=2__phase=support__segment=session1_main__practice=0,1297206.318070100,1297206.318284000
dynamic_sart_stimulus_offset__v=1__trial=330__condition=no_go__digit=3__block=2__phase=support__segment=session1_main__practice=0,1297206.582381900,1297206.582604000
dynamic_sart_response_window_close__v=1__trial=330__condition=no_go__digit=3__block=2__phase=support__segment=session1_main__practice=0,1297207.920307600,1297207.920525400
dynamic_sart_trial_complete__v=1__trial=330__condition=no_go__digit=3__block=2__phase=support__segment=session1_main__practice=0,1297207.920307600,1297207.928631600
dynamic_sart_stimulus_onset__v=1__trial=331__condition=go__digit=0__block=2__phase=support__segment=session1_main__practice=0,1297207.988213700,1297207.988442700
dynamic_sart_stimulus_offset__v=1__trial=331__condition=go__digit=0__block=2__phase=support__segment=session1_main__practice=0,1297208.247656200,1297208.247845300
dynamic_sart_response_window_close__v=1__trial=331__condition=go__digit=0__block=2__phase=support__segment=session1_main__practice=0,1297209.592711200,1297209.592953000
dynamic_sart_trial_complete__v=1__trial=331__condition=go__digit=0__block=2__phase=support__segment=session1_main__practice=0,1297209.592711200,1297209.602046600
dynamic_sart_stimulus_onset__v=1__trial=332__condition=go__digit=7__block=2__phase=support__segment=session1_main__practice=0,1297209.650061400,1297209.650266200
dynamic_sart_stimulus_offset__v=1__trial=332__condition=go__digit=7__block=2__phase=support__segment=session1_main__practice=0,1297209.928994100,1297209.929272000
dynamic_sart_response_window_close__v=1__trial=332__condition=go__digit=7__block=2__phase=support__segment=session1_main__practice=0,1297211.248316100,1297211.248637600
dynamic_sart_trial_complete__v=1__trial=332__condition=go__digit=7__block=2__phase=support__segment=session1_main__practice=0,1297211.248316100,1297211.256316300
dynamic_sart_stimulus_onset__v=1__trial=333__condition=go__digit=5__block=2__phase=support__segment=session1_main__practice=0,1297211.318089500,1297211.318322100
dynamic_sart_stimulus_offset__v=1__trial=333__condition=go__digit=5__block=2__phase=support__segment=session1_main__practice=0,1297211.590188700,1297211.590435000
dynamic_sart_response_window_close__v=1__trial=333__condition=go__digit=5__block=2__phase=support__segment=session1_main__practice=0,1297212.920822600,1297212.921021600
dynamic_sart_trial_complete__v=1__trial=333__condition=go__digit=5__block=2__phase=support__segment=session1_main__practice=0,1297212.920822600,1297212.929188500
dynamic_sart_stimulus_onset__v=1__trial=334__condition=go__digit=9__block=2__phase=support__segment=session1_main__practice=0,1297212.992888200,1297212.993104800
dynamic_sart_stimulus_offset__v=1__trial=334__condition=go__digit=9__block=2__phase=support__segment=session1_main__practice=0,1297213.277570300,1297213.277800000
dynamic_sart_response_window_close__v=1__trial=334__condition=go__digit=9__block=2__phase=support__segment=session1_main__practice=0,1297214.593249400,1297214.593483300
dynamic_sart_trial_complete__v=1__trial=334__condition=go__digit=9__block=2__phase=support__segment=session1_main__practice=0,1297214.593249400,1297214.604614800
dynamic_sart_stimulus_onset__v=1__trial=335__condition=go__digit=2__block=2__phase=support__segment=session1_main__practice=0,1297214.664049300,1297214.664460300
dynamic_sart_stimulus_offset__v=1__trial=335__condition=go__digit=2__block=2__phase=support__segment=session1_main__practice=0,1297214.943748500,1297214.943977400
dynamic_sart_response_window_close__v=1__trial=335__condition=go__digit=2__block=2__phase=support__segment=session1_main__practice=0,1297216.264066600,1297216.264268300
dynamic_sart_trial_complete__v=1__trial=335__condition=go__digit=2__block=2__phase=support__segment=session1_main__practice=0,1297216.264066600,1297216.271613900
dynamic_sart_stimulus_onset__v=1__trial=336__condition=go__digit=9__block=2__phase=support__segment=session1_main__practice=0,1297216.341906300,1297216.342191400
dynamic_sart_stimulus_offset__v=1__trial=336__condition=go__digit=9__block=2__phase=support__segment=session1_main__practice=0,1297216.627668700,1297216.627903600
dynamic_sart_response_window_close__v=1__trial=336__condition=go__digit=9__block=2__phase=support__segment=session1_main__practice=0,1297217.952264100,1297217.952500400
dynamic_sart_trial_complete__v=1__trial=336__condition=go__digit=9__block=2__phase=support__segment=session1_main__practice=0,1297217.952264100,1297217.960873000
dynamic_sart_stimulus_onset__v=1__trial=337__condition=no_go__digit=3__block=2__phase=support__segment=session1_main__practice=0,1297218.024499300,1297218.024729600
dynamic_sart_stimulus_offset__v=1__trial=337__condition=no_go__digit=3__block=2__phase=support__segment=session1_main__practice=0,1297218.295271400,1297218.295508300
dynamic_sart_response_window_close__v=1__trial=337__condition=no_go__digit=3__block=2__phase=support__segment=session1_main__practice=0,1297219.623768700,1297219.623985000
dynamic_sart_trial_complete__v=1__trial=337__condition=no_go__digit=3__block=2__phase=support__segment=session1_main__practice=0,1297219.623768700,1297219.631986300
dynamic_sart_stimulus_onset__v=1__trial=338__condition=go__digit=1__block=2__phase=support__segment=session1_main__practice=0,1297219.695821100,1297219.696045600
dynamic_sart_stimulus_offset__v=1__trial=338__condition=go__digit=1__block=2__phase=support__segment=session1_main__practice=0,1297219.965226000,1297219.965607800
dynamic_sart_response_window_close__v=1__trial=338__condition=go__digit=1__block=2__phase=support__segment=session1_main__practice=0,1297221.298054900,1297221.298285500
dynamic_sart_trial_complete__v=1__trial=338__condition=go__digit=1__block=2__phase=support__segment=session1_main__practice=0,1297221.298054900,1297221.308202800
dynamic_sart_stimulus_onset__v=1__trial=339__condition=go__digit=5__block=2__phase=support__segment=session1_main__practice=0,1297221.359241400,1297221.359473400
dynamic_sart_stimulus_offset__v=1__trial=339__condition=go__digit=5__block=2__phase=support__segment=session1_main__practice=0,1297221.627620700,1297221.628186200
dynamic_sart_response_window_close__v=1__trial=339__condition=go__digit=5__block=2__phase=support__segment=session1_main__practice=0,1297222.967592800,1297222.967873600
dynamic_sart_trial_complete__v=1__trial=339__condition=go__digit=5__block=2__phase=support__segment=session1_main__practice=0,1297222.967592800,1297222.975801100
dynamic_sart_stimulus_onset__v=1__trial=340__condition=go__digit=0__block=2__phase=support__segment=session1_main__practice=0,1297223.032915400,1297223.033036500
dynamic_sart_stimulus_offset__v=1__trial=340__condition=go__digit=0__block=2__phase=support__segment=session1_main__practice=0,1297223.300990400,1297223.301220400
dynamic_sart_response_window_close__v=1__trial=340__condition=go__digit=0__block=2__phase=support__segment=session1_main__practice=0,1297224.638648700,1297224.638878100
dynamic_sart_trial_complete__v=1__trial=340__condition=go__digit=0__block=2__phase=support__segment=session1_main__practice=0,1297224.638648700,1297224.650429900
dynamic_sart_stimulus_onset__v=1__trial=341__condition=go__digit=4__block=2__phase=support__segment=session1_main__practice=0,1297224.743853100,1297224.744079000
dynamic_sart_stimulus_offset__v=1__trial=341__condition=go__digit=4__block=2__phase=support__segment=session1_main__practice=0,1297224.997408500,1297224.997618100
dynamic_sart_response_window_close__v=1__trial=341__condition=go__digit=4__block=2__phase=support__segment=session1_main__practice=0,1297226.341635400,1297226.341840700
dynamic_sart_trial_complete__v=1__trial=341__condition=go__digit=4__block=2__phase=support__segment=session1_main__practice=0,1297226.341635400,1297226.349137200
dynamic_sart_stimulus_onset__v=1__trial=342__condition=go__digit=7__block=2__phase=support__segment=session1_main__practice=0,1297226.416905600,1297226.417123700
dynamic_sart_stimulus_offset__v=1__trial=342__condition=go__digit=7__block=2__phase=support__segment=session1_main__practice=0,1297226.680829800,1297226.681090600
dynamic_sart_response_window_close__v=1__trial=342__condition=go__digit=7__block=2__phase=support__segment=session1_main__practice=0,1297228.015594600,1297228.015818100
dynamic_sart_trial_complete__v=1__trial=342__condition=go__digit=7__block=2__phase=support__segment=session1_main__practice=0,1297228.015594600,1297228.025185000
dynamic_sart_stimulus_onset__v=1__trial=343__condition=no_go__digit=3__block=2__phase=support__segment=session1_main__practice=0,1297228.086870100,1297228.087093200
dynamic_sart_stimulus_offset__v=1__trial=343__condition=no_go__digit=3__block=2__phase=support__segment=session1_main__practice=0,1297228.361380800,1297228.361614600
dynamic_sart_response_window_close__v=1__trial=343__condition=no_go__digit=3__block=2__phase=support__segment=session1_main__practice=0,1297229.686652400,1297229.686898000
dynamic_sart_trial_complete__v=1__trial=343__condition=no_go__digit=3__block=2__phase=support__segment=session1_main__practice=0,1297229.686652400,1297229.694899200
dynamic_sart_stimulus_onset__v=1__trial=344__condition=go__digit=6__block=2__phase=support__segment=session1_main__practice=0,1297229.784429300,1297229.784762400
dynamic_sart_stimulus_offset__v=1__trial=344__condition=go__digit=6__block=2__phase=support__segment=session1_main__practice=0,1297230.046827500,1297230.047167800
dynamic_sart_response_window_close__v=1__trial=344__condition=go__digit=6__block=2__phase=support__segment=session1_main__practice=0,1297231.390834300,1297231.391103900
dynamic_sart_trial_complete__v=1__trial=344__condition=go__digit=6__block=2__phase=support__segment=session1_main__practice=0,1297231.390834300,1297231.398418900
dynamic_sart_stimulus_onset__v=1__trial=345__condition=go__digit=8__block=2__phase=support__segment=session1_main__practice=0,1297231.468266700,1297231.468554500
dynamic_sart_stimulus_offset__v=1__trial=345__condition=go__digit=8__block=2__phase=support__segment=session1_main__practice=0,1297231.751180500,1297231.751520300
dynamic_sart_response_window_close__v=1__trial=345__condition=go__digit=8__block=2__phase=support__segment=session1_main__practice=0,1297233.078058700,1297233.078317500
dynamic_sart_trial_complete__v=1__trial=345__condition=go__digit=8__block=2__phase=support__segment=session1_main__practice=0,1297233.078058700,1297233.086212500
dynamic_sart_stimulus_onset__v=1__trial=346__condition=go__digit=2__block=2__phase=support__segment=session1_main__practice=0,1297233.151319600,1297233.151551300
dynamic_sart_stimulus_offset__v=1__trial=346__condition=go__digit=2__block=2__phase=support__segment=session1_main__practice=0,1297233.426012800,1297233.426235400
dynamic_sart_response_window_close__v=1__trial=346__condition=go__digit=2__block=2__phase=support__segment=session1_main__practice=0,1297234.747892400,1297234.748146300
dynamic_sart_trial_complete__v=1__trial=346__condition=go__digit=2__block=2__phase=support__segment=session1_main__practice=0,1297234.747892400,1297234.761412100
dynamic_sart_stimulus_onset__v=1__trial=347__condition=go__digit=6__block=2__phase=support__segment=session1_main__practice=0,1297234.832299000,1297234.832515400
dynamic_sart_stimulus_offset__v=1__trial=347__condition=go__digit=6__block=2__phase=support__segment=session1_main__practice=0,1297235.108753200,1297235.108931900
dynamic_sart_response_window_close__v=1__trial=347__condition=go__digit=6__block=2__phase=support__segment=session1_main__practice=0,1297236.438059300,1297236.438305500
dynamic_sart_trial_complete__v=1__trial=347__condition=go__digit=6__block=2__phase=support__segment=session1_main__practice=0,1297236.438059300,1297236.447454100
dynamic_sart_stimulus_onset__v=1__trial=348__condition=go__digit=0__block=2__phase=support__segment=session1_main__practice=0,1297236.500023900,1297236.500167600
dynamic_sart_stimulus_offset__v=1__trial=348__condition=go__digit=0__block=2__phase=support__segment=session1_main__practice=0,1297236.778850500,1297236.779072700
dynamic_sart_response_window_close__v=1__trial=348__condition=go__digit=0__block=2__phase=support__segment=session1_main__practice=0,1297238.107685300,1297238.107894200
dynamic_sart_trial_complete__v=1__trial=348__condition=go__digit=0__block=2__phase=support__segment=session1_main__practice=0,1297238.107685300,1297238.115642800
dynamic_sart_stimulus_onset__v=1__trial=349__condition=go__digit=5__block=2__phase=support__segment=session1_main__practice=0,1297238.175551000,1297238.175694600
dynamic_sart_stimulus_offset__v=1__trial=349__condition=go__digit=5__block=2__phase=support__segment=session1_main__practice=0,1297238.457421200,1297238.457569800
dynamic_sart_response_window_close__v=1__trial=349__condition=go__digit=5__block=2__phase=support__segment=session1_main__practice=0,1297239.779201700,1297239.779434300
dynamic_sart_trial_complete__v=1__trial=349__condition=go__digit=5__block=2__phase=support__segment=session1_main__practice=0,1297239.779201700,1297239.787329000
dynamic_sart_stimulus_onset__v=1__trial=350__condition=no_go__digit=3__block=2__phase=support__segment=session1_main__practice=0,1297239.835107500,1297239.835357200
dynamic_sart_stimulus_offset__v=1__trial=350__condition=no_go__digit=3__block=2__phase=support__segment=session1_main__practice=0,1297240.106121700,1297240.106355900
dynamic_sart_response_window_close__v=1__trial=350__condition=no_go__digit=3__block=2__phase=support__segment=session1_main__practice=0,1297241.437372800,1297241.437829400
dynamic_sart_trial_complete__v=1__trial=350__condition=no_go__digit=3__block=2__phase=support__segment=session1_main__practice=0,1297241.437372800,1297241.445141900
dynamic_sart_stimulus_onset__v=1__trial=351__condition=go__digit=8__block=2__phase=support__segment=session1_main__practice=0,1297241.507026800,1297241.507249500
dynamic_sart_stimulus_offset__v=1__trial=351__condition=go__digit=8__block=2__phase=support__segment=session1_main__practice=0,1297241.776098700,1297241.776548200
dynamic_sart_response_window_close__v=1__trial=351__condition=go__digit=8__block=2__phase=support__segment=session1_main__practice=0,1297243.107376000,1297243.107729300
dynamic_sart_trial_complete__v=1__trial=351__condition=go__digit=8__block=2__phase=support__segment=session1_main__practice=0,1297243.107376000,1297243.115459000
dynamic_sart_stimulus_onset__v=1__trial=352__condition=go__digit=9__block=2__phase=support__segment=session1_main__practice=0,1297243.187890500,1297243.188039800
dynamic_sart_stimulus_offset__v=1__trial=352__condition=go__digit=9__block=2__phase=support__segment=session1_main__practice=0,1297243.468112800,1297243.468380800
dynamic_sart_response_window_close__v=1__trial=352__condition=go__digit=9__block=2__phase=support__segment=session1_main__practice=0,1297244.795520600,1297244.795768000
dynamic_sart_trial_complete__v=1__trial=352__condition=go__digit=9__block=2__phase=support__segment=session1_main__practice=0,1297244.795520600,1297244.807491700
dynamic_sart_stimulus_onset__v=1__trial=353__condition=go__digit=4__block=2__phase=support__segment=session1_main__practice=0,1297244.864286000,1297244.864513400
dynamic_sart_stimulus_offset__v=1__trial=353__condition=go__digit=4__block=2__phase=support__segment=session1_main__practice=0,1297245.128331500,1297245.128564400
dynamic_sart_response_window_close__v=1__trial=353__condition=go__digit=4__block=2__phase=support__segment=session1_main__practice=0,1297246.467722300,1297246.467953400
dynamic_sart_trial_complete__v=1__trial=353__condition=go__digit=4__block=2__phase=support__segment=session1_main__practice=0,1297246.467722300,1297246.475891900
dynamic_sart_stimulus_onset__v=1__trial=354__condition=go__digit=1__block=2__phase=support__segment=session1_main__practice=0,1297246.539358900,1297246.539602900
dynamic_sart_stimulus_offset__v=1__trial=354__condition=go__digit=1__block=2__phase=support__segment=session1_main__practice=0,1297246.806177900,1297246.806507400
dynamic_sart_response_window_close__v=1__trial=354__condition=go__digit=1__block=2__phase=support__segment=session1_main__practice=0,1297248.140358800,1297248.140576200
dynamic_sart_trial_complete__v=1__trial=354__condition=go__digit=1__block=2__phase=support__segment=session1_main__practice=0,1297248.140358800,1297248.148895100
dynamic_sart_stimulus_onset__v=1__trial=355__condition=go__digit=7__block=2__phase=support__segment=session1_main__practice=0,1297248.198931100,1297248.199138200
dynamic_sart_stimulus_offset__v=1__trial=355__condition=go__digit=7__block=2__phase=support__segment=session1_main__practice=0,1297248.465453800,1297248.465598200
dynamic_sart_response_window_close__v=1__trial=355__condition=go__digit=7__block=2__phase=support__segment=session1_main__practice=0,1297249.795109500,1297249.795341700
dynamic_sart_trial_complete__v=1__trial=355__condition=go__digit=7__block=2__phase=support__segment=session1_main__practice=0,1297249.795109500,1297249.803494900
dynamic_sart_stimulus_onset__v=1__trial=356__condition=go__digit=8__block=2__phase=support__segment=session1_main__practice=0,1297249.880079800,1297249.880311100
dynamic_sart_stimulus_offset__v=1__trial=356__condition=go__digit=8__block=2__phase=support__segment=session1_main__practice=0,1297250.151536900,1297250.151774100
dynamic_sart_response_window_close__v=1__trial=356__condition=go__digit=8__block=2__phase=support__segment=session1_main__practice=0,1297251.482606500,1297251.482843900
dynamic_sart_trial_complete__v=1__trial=356__condition=go__digit=8__block=2__phase=support__segment=session1_main__practice=0,1297251.482606500,1297251.490620700
dynamic_sart_stimulus_onset__v=1__trial=357__condition=no_go__digit=3__block=2__phase=support__segment=session1_main__practice=0,1297251.551678700,1297251.551857300
dynamic_sart_stimulus_offset__v=1__trial=357__condition=no_go__digit=3__block=2__phase=support__segment=session1_main__practice=0,1297251.813587900,1297251.813719900
dynamic_sart_response_window_close__v=1__trial=357__condition=no_go__digit=3__block=2__phase=support__segment=session1_main__practice=0,1297253.154333800,1297253.154522700
dynamic_sart_trial_complete__v=1__trial=357__condition=no_go__digit=3__block=2__phase=support__segment=session1_main__practice=0,1297253.154333800,1297253.162086900
dynamic_sart_stimulus_onset__v=1__trial=358__condition=go__digit=2__block=2__phase=support__segment=session1_main__practice=0,1297253.228690000,1297253.228927500
dynamic_sart_stimulus_offset__v=1__trial=358__condition=go__digit=2__block=2__phase=support__segment=session1_main__practice=0,1297253.499434800,1297253.499620400
dynamic_sart_response_window_close__v=1__trial=358__condition=go__digit=2__block=2__phase=support__segment=session1_main__practice=0,1297254.827698800,1297254.827920900
dynamic_sart_trial_complete__v=1__trial=358__condition=go__digit=2__block=2__phase=support__segment=session1_main__practice=0,1297254.827698800,1297254.903572600
dynamic_sart_stimulus_onset__v=1__trial=359__condition=go__digit=9__block=2__phase=support__segment=session1_main__practice=0,1297254.962942800,1297254.963603500
dynamic_sart_stimulus_offset__v=1__trial=359__condition=go__digit=9__block=2__phase=support__segment=session1_main__practice=0,1297255.226699000,1297255.226915600
dynamic_sart_response_window_close__v=1__trial=359__condition=go__digit=9__block=2__phase=support__segment=session1_main__practice=0,1297256.560815900,1297256.561103200
dynamic_sart_trial_complete__v=1__trial=359__condition=go__digit=9__block=2__phase=support__segment=session1_main__practice=0,1297256.560815900,1297256.568941000
dynamic_sart_stimulus_onset__v=1__trial=360__condition=go__digit=5__block=2__phase=support__segment=session1_main__practice=0,1297256.640920600,1297256.641269900
dynamic_sart_stimulus_offset__v=1__trial=360__condition=go__digit=5__block=2__phase=support__segment=session1_main__practice=0,1297256.921386400,1297256.921615400
dynamic_sart_response_window_close__v=1__trial=360__condition=go__digit=5__block=2__phase=support__segment=session1_main__practice=0,1297258.250445000,1297258.250701800
dynamic_sart_trial_complete__v=1__trial=360__condition=go__digit=5__block=2__phase=support__segment=session1_main__practice=0,1297258.250445000,1297258.259595200
dynamic_sart_stimulus_onset__v=1__trial=361__condition=go__digit=7__block=2__phase=support__segment=session1_main__practice=0,1297258.313216600,1297258.313472900
dynamic_sart_stimulus_offset__v=1__trial=361__condition=go__digit=7__block=2__phase=support__segment=session1_main__practice=0,1297258.576675600,1297258.576962500
dynamic_sart_response_window_close__v=1__trial=361__condition=go__digit=7__block=2__phase=support__segment=session1_main__practice=0,1297259.920441600,1297259.920663600
dynamic_sart_trial_complete__v=1__trial=361__condition=go__digit=7__block=2__phase=support__segment=session1_main__practice=0,1297259.920441600,1297259.928505600
dynamic_sart_stimulus_onset__v=1__trial=362__condition=go__digit=4__block=2__phase=support__segment=session1_main__practice=0,1297259.993086200,1297259.993364800
dynamic_sart_stimulus_offset__v=1__trial=362__condition=go__digit=4__block=2__phase=support__segment=session1_main__practice=0,1297260.257929500,1297260.258157400
dynamic_sart_response_window_close__v=1__trial=362__condition=go__digit=4__block=2__phase=support__segment=session1_main__practice=0,1297261.593351600,1297261.593584500
dynamic_sart_trial_complete__v=1__trial=362__condition=go__digit=4__block=2__phase=support__segment=session1_main__practice=0,1297261.593351600,1297261.602185000
dynamic_sart_stimulus_onset__v=1__trial=363__condition=go__digit=6__block=2__phase=support__segment=session1_main__practice=0,1297261.658791900,1297261.658957500
dynamic_sart_stimulus_offset__v=1__trial=363__condition=go__digit=6__block=2__phase=support__segment=session1_main__practice=0,1297261.943316400,1297261.943537300
dynamic_sart_response_window_close__v=1__trial=363__condition=go__digit=6__block=2__phase=support__segment=session1_main__practice=0,1297263.265336500,1297263.265581600
dynamic_sart_trial_complete__v=1__trial=363__condition=go__digit=6__block=2__phase=support__segment=session1_main__practice=0,1297263.265336500,1297263.273394000
dynamic_sart_stimulus_onset__v=1__trial=364__condition=no_go__digit=3__block=2__phase=support__segment=session1_main__practice=0,1297263.341825000,1297263.342063700
dynamic_sart_stimulus_offset__v=1__trial=364__condition=no_go__digit=3__block=2__phase=support__segment=session1_main__practice=0,1297263.626899700,1297263.627430700
dynamic_sart_response_window_close__v=1__trial=364__condition=no_go__digit=3__block=2__phase=support__segment=session1_main__practice=0,1297264.953750900,1297264.953987800
dynamic_sart_trial_complete__v=1__trial=364__condition=no_go__digit=3__block=2__phase=support__segment=session1_main__practice=0,1297264.953750900,1297264.964913600
dynamic_sart_stimulus_onset__v=1__trial=365__condition=go__digit=0__block=2__phase=support__segment=session1_main__practice=0,1297265.016608200,1297265.016741500
dynamic_sart_stimulus_offset__v=1__trial=365__condition=go__digit=0__block=2__phase=support__segment=session1_main__practice=0,1297265.292989300,1297265.293238000
dynamic_sart_response_window_close__v=1__trial=365__condition=go__digit=0__block=2__phase=support__segment=session1_main__practice=0,1297266.625184400,1297266.625405900
dynamic_sart_trial_complete__v=1__trial=365__condition=go__digit=0__block=2__phase=support__segment=session1_main__practice=0,1297266.625184400,1297266.633129500
dynamic_sart_stimulus_onset__v=1__trial=366__condition=go__digit=1__block=2__phase=support__segment=session1_main__practice=0,1297266.693846500,1297266.694077600
dynamic_sart_stimulus_offset__v=1__trial=366__condition=go__digit=1__block=2__phase=support__segment=session1_main__practice=0,1297266.975062300,1297266.975283300
dynamic_sart_response_window_close__v=1__trial=366__condition=go__digit=1__block=2__phase=support__segment=session1_main__practice=0,1297268.296568800,1297268.296795400
dynamic_sart_trial_complete__v=1__trial=366__condition=go__digit=1__block=2__phase=support__segment=session1_main__practice=0,1297268.296568800,1297268.304976900
dynamic_sart_stimulus_onset__v=1__trial=367__condition=go__digit=5__block=2__phase=support__segment=session1_main__practice=0,1297268.375461000,1297268.375722700
dynamic_sart_stimulus_offset__v=1__trial=367__condition=go__digit=5__block=2__phase=support__segment=session1_main__practice=0,1297268.660476900,1297268.660774400
dynamic_sart_response_window_close__v=1__trial=367__condition=go__digit=5__block=2__phase=support__segment=session1_main__practice=0,1297269.982919600,1297269.983142100
dynamic_sart_trial_complete__v=1__trial=367__condition=go__digit=5__block=2__phase=support__segment=session1_main__practice=0,1297269.982919600,1297269.992714100
dynamic_sart_stimulus_onset__v=1__trial=368__condition=go__digit=4__block=2__phase=support__segment=session1_main__practice=0,1297270.063350700,1297270.063881500
dynamic_sart_stimulus_offset__v=1__trial=368__condition=go__digit=4__block=2__phase=support__segment=session1_main__practice=0,1297270.339839500,1297270.340100700
dynamic_sart_response_window_close__v=1__trial=368__condition=go__digit=4__block=2__phase=support__segment=session1_main__practice=0,1297271.669684300,1297271.669904400
dynamic_sart_trial_complete__v=1__trial=368__condition=go__digit=4__block=2__phase=support__segment=session1_main__practice=0,1297271.669684300,1297271.678373800
dynamic_sart_stimulus_onset__v=1__trial=369__condition=go__digit=8__block=2__phase=support__segment=session1_main__practice=0,1297271.731925700,1297271.732141100
dynamic_sart_stimulus_offset__v=1__trial=369__condition=go__digit=8__block=2__phase=support__segment=session1_main__practice=0,1297271.998436800,1297271.998759800
dynamic_sart_response_window_close__v=1__trial=369__condition=go__digit=8__block=2__phase=support__segment=session1_main__practice=0,1297273.327341500,1297273.327622300
dynamic_sart_trial_complete__v=1__trial=369__condition=go__digit=8__block=2__phase=support__segment=session1_main__practice=0,1297273.327341500,1297273.335573800
dynamic_sart_stimulus_onset__v=1__trial=370__condition=go__digit=2__block=2__phase=support__segment=session1_main__practice=0,1297273.401379900,1297273.401589900
dynamic_sart_stimulus_offset__v=1__trial=370__condition=go__digit=2__block=2__phase=support__segment=session1_main__practice=0,1297273.677392000,1297273.677621100
dynamic_sart_response_window_close__v=1__trial=370__condition=go__digit=2__block=2__phase=support__segment=session1_main__practice=0,1297274.998545500,1297274.998827800
dynamic_sart_trial_complete__v=1__trial=370__condition=go__digit=2__block=2__phase=support__segment=session1_main__practice=0,1297274.998545500,1297275.011060200
dynamic_sart_stimulus_onset__v=1__trial=371__condition=no_go__digit=3__block=2__phase=support__segment=session1_main__practice=0,1297275.067817100,1297275.068015700
dynamic_sart_stimulus_offset__v=1__trial=371__condition=no_go__digit=3__block=2__phase=support__segment=session1_main__practice=0,1297275.339467500,1297275.339706800
dynamic_sart_response_window_close__v=1__trial=371__condition=no_go__digit=3__block=2__phase=support__segment=session1_main__practice=0,1297276.671539200,1297276.671779300
dynamic_sart_trial_complete__v=1__trial=371__condition=no_go__digit=3__block=2__phase=support__segment=session1_main__practice=0,1297276.671539200,1297276.679594300
dynamic_sart_stimulus_onset__v=1__trial=372__condition=go__digit=7__block=2__phase=support__segment=session1_main__practice=0,1297276.751368800,1297276.751587300
dynamic_sart_stimulus_offset__v=1__trial=372__condition=go__digit=7__block=2__phase=support__segment=session1_main__practice=0,1297277.022029700,1297277.022186200
dynamic_sart_response_window_close__v=1__trial=372__condition=go__digit=7__block=2__phase=support__segment=session1_main__practice=0,1297278.357927000,1297278.358180000
dynamic_sart_trial_complete__v=1__trial=372__condition=go__digit=7__block=2__phase=support__segment=session1_main__practice=0,1297278.357927000,1297278.366192000
dynamic_sart_stimulus_onset__v=1__trial=373__condition=go__digit=9__block=2__phase=support__segment=session1_main__practice=0,1297278.443572600,1297278.443833200
dynamic_sart_stimulus_offset__v=1__trial=373__condition=go__digit=9__block=2__phase=support__segment=session1_main__practice=0,1297278.722242700,1297278.722481400
dynamic_sart_response_window_close__v=1__trial=373__condition=go__digit=9__block=2__phase=support__segment=session1_main__practice=0,1297280.046519100,1297280.046906500
dynamic_sart_trial_complete__v=1__trial=373__condition=go__digit=9__block=2__phase=support__segment=session1_main__practice=0,1297280.046519100,1297280.053205500
dynamic_sart_stimulus_onset__v=1__trial=374__condition=go__digit=6__block=2__phase=support__segment=session1_main__practice=0,1297280.101952500,1297280.102181900
dynamic_sart_stimulus_offset__v=1__trial=374__condition=go__digit=6__block=2__phase=support__segment=session1_main__practice=0,1297280.368828600,1297280.368946600
dynamic_sart_response_window_close__v=1__trial=374__condition=go__digit=6__block=2__phase=support__segment=session1_main__practice=0,1297281.702262300,1297281.702505800
dynamic_sart_trial_complete__v=1__trial=374__condition=go__digit=6__block=2__phase=support__segment=session1_main__practice=0,1297281.702262300,1297281.711954700
dynamic_sart_stimulus_onset__v=1__trial=375__condition=go__digit=1__block=2__phase=support__segment=session1_main__practice=0,1297281.774730800,1297281.774943200
dynamic_sart_stimulus_offset__v=1__trial=375__condition=go__digit=1__block=2__phase=support__segment=session1_main__practice=0,1297282.040114100,1297282.040385400
dynamic_sart_response_window_close__v=1__trial=375__condition=go__digit=1__block=2__phase=support__segment=session1_main__practice=0,1297283.374623100,1297283.375062900
dynamic_sart_trial_complete__v=1__trial=375__condition=go__digit=1__block=2__phase=support__segment=session1_main__practice=0,1297283.374623100,1297283.382629900
dynamic_sart_stimulus_onset__v=1__trial=376__condition=go__digit=0__block=2__phase=support__segment=session1_main__practice=0,1297283.434649000,1297283.434855700
dynamic_sart_stimulus_offset__v=1__trial=376__condition=go__digit=0__block=2__phase=support__segment=session1_main__practice=0,1297283.706490500,1297283.706720400
dynamic_sart_response_window_close__v=1__trial=376__condition=go__digit=0__block=2__phase=support__segment=session1_main__practice=0,1297285.030238800,1297285.030502300
dynamic_sart_trial_complete__v=1__trial=376__condition=go__digit=0__block=2__phase=support__segment=session1_main__practice=0,1297285.030238800,1297285.042204300
dynamic_sart_stimulus_onset__v=1__trial=377__condition=no_go__digit=3__block=2__phase=support__segment=session1_main__practice=0,1297285.110809800,1297285.111021000
dynamic_sart_stimulus_offset__v=1__trial=377__condition=no_go__digit=3__block=2__phase=support__segment=session1_main__practice=0,1297285.383580500,1297285.383792500
dynamic_sart_response_window_close__v=1__trial=377__condition=no_go__digit=3__block=2__phase=support__segment=session1_main__practice=0,1297286.718582100,1297286.718778200
dynamic_sart_trial_complete__v=1__trial=377__condition=no_go__digit=3__block=2__phase=support__segment=session1_main__practice=0,1297286.718582100,1297286.727029700
dynamic_sart_stimulus_onset__v=1__trial=378__condition=go__digit=6__block=2__phase=support__segment=session1_main__practice=0,1297286.790864400,1297286.791088600
dynamic_sart_stimulus_offset__v=1__trial=378__condition=go__digit=6__block=2__phase=support__segment=session1_main__practice=0,1297287.048842500,1297287.049016300
dynamic_sart_response_window_close__v=1__trial=378__condition=go__digit=6__block=2__phase=support__segment=session1_main__practice=0,1297288.391408000,1297288.391644700
dynamic_sart_trial_complete__v=1__trial=378__condition=go__digit=6__block=2__phase=support__segment=session1_main__practice=0,1297288.391408000,1297288.399727900
dynamic_sart_stimulus_onset__v=1__trial=379__condition=go__digit=7__block=2__phase=support__segment=session1_main__practice=0,1297288.458394000,1297288.458715800
dynamic_sart_stimulus_offset__v=1__trial=379__condition=go__digit=7__block=2__phase=support__segment=session1_main__practice=0,1297288.742294500,1297288.742534600
dynamic_sart_response_window_close__v=1__trial=379__condition=go__digit=7__block=2__phase=support__segment=session1_main__practice=0,1297290.060272800,1297290.060484400
dynamic_sart_trial_complete__v=1__trial=379__condition=go__digit=7__block=2__phase=support__segment=session1_main__practice=0,1297290.060272800,1297290.067953500
dynamic_sart_stimulus_onset__v=1__trial=380__condition=go__digit=1__block=2__phase=support__segment=session1_main__practice=0,1297290.147806600,1297290.148075900
dynamic_sart_stimulus_offset__v=1__trial=380__condition=go__digit=1__block=2__phase=support__segment=session1_main__practice=0,1297290.423431500,1297290.423752100
dynamic_sart_response_window_close__v=1__trial=380__condition=go__digit=1__block=2__phase=support__segment=session1_main__practice=0,1297291.749864600,1297291.750108300
dynamic_sart_trial_complete__v=1__trial=380__condition=go__digit=1__block=2__phase=support__segment=session1_main__practice=0,1297291.749864600,1297291.758042300
dynamic_sart_stimulus_onset__v=1__trial=381__condition=go__digit=8__block=2__phase=support__segment=session1_main__practice=0,1297291.822346800,1297291.822602800
dynamic_sart_stimulus_offset__v=1__trial=381__condition=go__digit=8__block=2__phase=support__segment=session1_main__practice=0,1297292.089079200,1297292.089299600
dynamic_sart_response_window_close__v=1__trial=381__condition=go__digit=8__block=2__phase=support__segment=session1_main__practice=0,1297293.421538600,1297293.421761800
dynamic_sart_trial_complete__v=1__trial=381__condition=go__digit=8__block=2__phase=support__segment=session1_main__practice=0,1297293.421538600,1297293.430415300
dynamic_sart_stimulus_onset__v=1__trial=382__condition=go__digit=2__block=2__phase=support__segment=session1_main__practice=0,1297293.506810300,1297293.507047200
dynamic_sart_stimulus_offset__v=1__trial=382__condition=go__digit=2__block=2__phase=support__segment=session1_main__practice=0,1297293.784940600,1297293.785170500
dynamic_sart_response_window_close__v=1__trial=382__condition=go__digit=2__block=2__phase=support__segment=session1_main__practice=0,1297295.107107000,1297295.107310300
dynamic_sart_trial_complete__v=1__trial=382__condition=go__digit=2__block=2__phase=support__segment=session1_main__practice=0,1297295.107107000,1297295.118317600
dynamic_sart_stimulus_onset__v=1__trial=383__condition=go__digit=5__block=2__phase=support__segment=session1_main__practice=0,1297295.188381100,1297295.188622700
dynamic_sart_stimulus_offset__v=1__trial=383__condition=go__digit=5__block=2__phase=support__segment=session1_main__practice=0,1297295.468479700,1297295.468712800
dynamic_sart_response_window_close__v=1__trial=383__condition=go__digit=5__block=2__phase=support__segment=session1_main__practice=0,1297296.796594300,1297296.796836600
dynamic_sart_trial_complete__v=1__trial=383__condition=go__digit=5__block=2__phase=support__segment=session1_main__practice=0,1297296.796594300,1297296.804881000
dynamic_sart_stimulus_onset__v=1__trial=384__condition=no_go__digit=3__block=2__phase=support__segment=session1_main__practice=0,1297296.873437200,1297296.873663700
dynamic_sart_stimulus_offset__v=1__trial=384__condition=no_go__digit=3__block=2__phase=support__segment=session1_main__practice=0,1297297.151163900,1297297.151389000
dynamic_sart_response_window_close__v=1__trial=384__condition=no_go__digit=3__block=2__phase=support__segment=session1_main__practice=0,1297298.483590100,1297298.483822600
dynamic_sart_trial_complete__v=1__trial=384__condition=no_go__digit=3__block=2__phase=support__segment=session1_main__practice=0,1297298.483590100,1297298.494004000
dynamic_sart_stimulus_onset__v=1__trial=385__condition=go__digit=4__block=2__phase=support__segment=session1_main__practice=0,1297298.551350800,1297298.551591300
dynamic_sart_stimulus_offset__v=1__trial=385__condition=go__digit=4__block=2__phase=support__segment=session1_main__practice=0,1297298.826785100,1297298.826997600
dynamic_sart_response_window_close__v=1__trial=385__condition=go__digit=4__block=2__phase=support__segment=session1_main__practice=0,1297300.155417600,1297300.155635700
dynamic_sart_trial_complete__v=1__trial=385__condition=go__digit=4__block=2__phase=support__segment=session1_main__practice=0,1297300.155417600,1297300.163397900
dynamic_sart_stimulus_onset__v=1__trial=386__condition=go__digit=0__block=2__phase=support__segment=session1_main__practice=0,1297300.223227800,1297300.223476600
dynamic_sart_stimulus_offset__v=1__trial=386__condition=go__digit=0__block=2__phase=support__segment=session1_main__practice=0,1297300.504470000,1297300.504707600
dynamic_sart_response_window_close__v=1__trial=386__condition=go__digit=0__block=2__phase=support__segment=session1_main__practice=0,1297301.827157500,1297301.827396800
dynamic_sart_trial_complete__v=1__trial=386__condition=go__digit=0__block=2__phase=support__segment=session1_main__practice=0,1297301.827157500,1297301.835190200
dynamic_sart_stimulus_onset__v=1__trial=387__condition=go__digit=9__block=2__phase=support__segment=session1_main__practice=0,1297301.884610300,1297301.884819800
dynamic_sart_stimulus_offset__v=1__trial=387__condition=go__digit=9__block=2__phase=support__segment=session1_main__practice=0,1297302.154834100,1297302.155144900
dynamic_sart_response_window_close__v=1__trial=387__condition=go__digit=9__block=2__phase=support__segment=session1_main__practice=0,1297303.482141900,1297303.482397000
dynamic_sart_trial_complete__v=1__trial=387__condition=go__digit=9__block=2__phase=support__segment=session1_main__practice=0,1297303.482141900,1297303.490204700
dynamic_sart_stimulus_onset__v=1__trial=388__condition=go__digit=5__block=2__phase=support__segment=session1_main__practice=0,1297303.554797200,1297303.555038500
dynamic_sart_stimulus_offset__v=1__trial=388__condition=go__digit=5__block=2__phase=support__segment=session1_main__practice=0,1297303.816544800,1297303.816707500
dynamic_sart_response_window_close__v=1__trial=388__condition=go__digit=5__block=2__phase=support__segment=session1_main__practice=0,1297305.156065300,1297305.156317700
dynamic_sart_trial_complete__v=1__trial=388__condition=go__digit=5__block=2__phase=support__segment=session1_main__practice=0,1297305.156065300,1297305.167849100
dynamic_sart_stimulus_onset__v=1__trial=389__condition=go__digit=9__block=2__phase=support__segment=session1_main__practice=0,1297305.212896100,1297305.213093900
dynamic_sart_stimulus_offset__v=1__trial=389__condition=go__digit=9__block=2__phase=support__segment=session1_main__practice=0,1297305.480828700,1297305.481066800
dynamic_sart_response_window_close__v=1__trial=389__condition=go__digit=9__block=2__phase=support__segment=session1_main__practice=0,1297306.811974600,1297306.812175100
dynamic_sart_trial_complete__v=1__trial=389__condition=go__digit=9__block=2__phase=support__segment=session1_main__practice=0,1297306.811974600,1297306.820344800
dynamic_sart_stimulus_onset__v=1__trial=390__condition=go__digit=7__block=2__phase=support__segment=session1_main__practice=0,1297306.890047700,1297306.890339100
dynamic_sart_stimulus_offset__v=1__trial=390__condition=go__digit=7__block=2__phase=support__segment=session1_main__practice=0,1297307.176641400,1297307.176852300
dynamic_sart_response_window_close__v=1__trial=390__condition=go__digit=7__block=2__phase=support__segment=session1_main__practice=0,1297308.498795300,1297308.499006800
dynamic_sart_trial_complete__v=1__trial=390__condition=go__digit=7__block=2__phase=support__segment=session1_main__practice=0,1297308.498795300,1297308.507174000
dynamic_sart_stimulus_onset__v=1__trial=391__condition=no_go__digit=3__block=2__phase=support__segment=session1_main__practice=0,1297308.567577100,1297308.567841300
dynamic_sart_stimulus_offset__v=1__trial=391__condition=no_go__digit=3__block=2__phase=support__segment=session1_main__practice=0,1297308.838067000,1297308.838404900
dynamic_sart_response_window_close__v=1__trial=391__condition=no_go__digit=3__block=2__phase=support__segment=session1_main__practice=0,1297310.171661000,1297310.171914600
dynamic_sart_trial_complete__v=1__trial=391__condition=no_go__digit=3__block=2__phase=support__segment=session1_main__practice=0,1297310.171661000,1297310.180265700
dynamic_sart_stimulus_onset__v=1__trial=392__condition=go__digit=0__block=2__phase=support__segment=session1_main__practice=0,1297310.231899000,1297310.232046000
dynamic_sart_stimulus_offset__v=1__trial=392__condition=go__digit=0__block=2__phase=support__segment=session1_main__practice=0,1297310.501495100,1297310.501866900
dynamic_sart_response_window_close__v=1__trial=392__condition=go__digit=0__block=2__phase=support__segment=session1_main__practice=0,1297311.826331500,1297311.826544100
dynamic_sart_trial_complete__v=1__trial=392__condition=go__digit=0__block=2__phase=support__segment=session1_main__practice=0,1297311.826331500,1297311.834206700
dynamic_sart_stimulus_onset__v=1__trial=393__condition=go__digit=6__block=2__phase=support__segment=session1_main__practice=0,1297311.884534300,1297311.884843600
dynamic_sart_stimulus_offset__v=1__trial=393__condition=go__digit=6__block=2__phase=support__segment=session1_main__practice=0,1297312.151251700,1297312.151499400
dynamic_sart_response_window_close__v=1__trial=393__condition=go__digit=6__block=2__phase=support__segment=session1_main__practice=0,1297313.483081200,1297313.483265400
dynamic_sart_trial_complete__v=1__trial=393__condition=go__digit=6__block=2__phase=support__segment=session1_main__practice=0,1297313.483081200,1297313.491282300
dynamic_sart_stimulus_onset__v=1__trial=394__condition=go__digit=1__block=2__phase=support__segment=session1_main__practice=0,1297313.548631800,1297313.548860000
dynamic_sart_stimulus_offset__v=1__trial=394__condition=go__digit=1__block=2__phase=support__segment=session1_main__practice=0,1297313.820993900,1297313.821306300
dynamic_sart_response_window_close__v=1__trial=394__condition=go__digit=1__block=2__phase=support__segment=session1_main__practice=0,1297315.155768100,1297315.156036700
dynamic_sart_trial_complete__v=1__trial=394__condition=go__digit=1__block=2__phase=support__segment=session1_main__practice=0,1297315.155768100,1297315.166681300
dynamic_sart_stimulus_onset__v=1__trial=395__condition=go__digit=8__block=2__phase=support__segment=session1_main__practice=0,1297315.273134000,1297315.273381900
dynamic_sart_stimulus_offset__v=1__trial=395__condition=go__digit=8__block=2__phase=support__segment=session1_main__practice=0,1297315.539716900,1297315.539974900
dynamic_sart_response_window_close__v=1__trial=395__condition=go__digit=8__block=2__phase=support__segment=session1_main__practice=0,1297316.874752400,1297316.874994200
dynamic_sart_trial_complete__v=1__trial=395__condition=go__digit=8__block=2__phase=support__segment=session1_main__practice=0,1297316.874752400,1297316.884173100
dynamic_sart_stimulus_onset__v=1__trial=396__condition=go__digit=4__block=2__phase=support__segment=session1_main__practice=0,1297316.959882600,1297316.960114100
dynamic_sart_stimulus_offset__v=1__trial=396__condition=go__digit=4__block=2__phase=support__segment=session1_main__practice=0,1297317.231577300,1297317.231810500
dynamic_sart_response_window_close__v=1__trial=396__condition=go__digit=4__block=2__phase=support__segment=session1_main__practice=0,1297318.561818600,1297318.562023300
dynamic_sart_trial_complete__v=1__trial=396__condition=go__digit=4__block=2__phase=support__segment=session1_main__practice=0,1297318.561818600,1297318.569876600
dynamic_sart_stimulus_onset__v=1__trial=397__condition=go__digit=2__block=2__phase=support__segment=session1_main__practice=0,1297318.637329800,1297318.637659300
dynamic_sart_stimulus_offset__v=1__trial=397__condition=go__digit=2__block=2__phase=support__segment=session1_main__practice=0,1297318.899998900,1297318.900214800
dynamic_sart_response_window_close__v=1__trial=397__condition=go__digit=2__block=2__phase=support__segment=session1_main__practice=0,1297320.234206600,1297320.234429700
dynamic_sart_trial_complete__v=1__trial=397__condition=go__digit=2__block=2__phase=support__segment=session1_main__practice=0,1297320.234206600,1297320.243013000
dynamic_sart_stimulus_onset__v=1__trial=398__condition=no_go__digit=3__block=2__phase=support__segment=session1_main__practice=0,1297320.321507900,1297320.321751900
dynamic_sart_stimulus_offset__v=1__trial=398__condition=no_go__digit=3__block=2__phase=support__segment=session1_main__practice=0,1297320.593407400,1297320.593690800
dynamic_sart_response_window_close__v=1__trial=398__condition=no_go__digit=3__block=2__phase=support__segment=session1_main__practice=0,1297321.919886000,1297321.920090700
dynamic_sart_trial_complete__v=1__trial=398__condition=no_go__digit=3__block=2__phase=support__segment=session1_main__practice=0,1297321.919886000,1297321.927906700
dynamic_sart_stimulus_onset__v=1__trial=399__condition=go__digit=9__block=2__phase=support__segment=session1_main__practice=0,1297322.008408100,1297322.008633300
dynamic_sart_stimulus_offset__v=1__trial=399__condition=go__digit=9__block=2__phase=support__segment=session1_main__practice=0,1297322.266037000,1297322.266200200
dynamic_sart_response_window_close__v=1__trial=399__condition=go__digit=9__block=2__phase=support__segment=session1_main__practice=0,1297323.608686800,1297323.608941900
dynamic_sart_trial_complete__v=1__trial=399__condition=go__digit=9__block=2__phase=support__segment=session1_main__practice=0,1297323.608686800,1297323.616210400
dynamic_sart_stimulus_onset__v=1__trial=400__condition=go__digit=7__block=2__phase=support__segment=session1_main__practice=0,1297323.690459400,1297323.690708100
dynamic_sart_stimulus_offset__v=1__trial=400__condition=go__digit=7__block=2__phase=support__segment=session1_main__practice=0,1297323.965736800,1297323.965955000
dynamic_sart_response_window_close__v=1__trial=400__condition=go__digit=7__block=2__phase=support__segment=session1_main__practice=0,1297325.297191700,1297325.297577200
dynamic_sart_trial_complete__v=1__trial=400__condition=go__digit=7__block=2__phase=support__segment=session1_main__practice=0,1297325.297191700,1297325.309526900
dynamic_sart_stimulus_onset__v=1__trial=401__condition=go__digit=1__block=2__phase=support__segment=session1_main__practice=0,1297325.397200700,1297325.397425800
dynamic_sart_stimulus_offset__v=1__trial=401__condition=go__digit=1__block=2__phase=support__segment=session1_main__practice=0,1297325.664127300,1297325.664337200
dynamic_sart_response_window_close__v=1__trial=401__condition=go__digit=1__block=2__phase=support__segment=session1_main__practice=0,1297326.998741800,1297326.998971900
dynamic_sart_trial_complete__v=1__trial=401__condition=go__digit=1__block=2__phase=support__segment=session1_main__practice=0,1297326.998741800,1297327.007019200
dynamic_sart_stimulus_onset__v=1__trial=402__condition=go__digit=8__block=2__phase=support__segment=session1_main__practice=0,1297327.090415800,1297327.090679500
dynamic_sart_stimulus_offset__v=1__trial=402__condition=go__digit=8__block=2__phase=support__segment=session1_main__practice=0,1297327.348167800,1297327.348324000
dynamic_sart_response_window_close__v=1__trial=402__condition=go__digit=8__block=2__phase=support__segment=session1_main__practice=0,1297328.686977100,1297328.687178300
dynamic_sart_trial_complete__v=1__trial=402__condition=go__digit=8__block=2__phase=support__segment=session1_main__practice=0,1297328.686977100,1297328.694880400
dynamic_sart_stimulus_onset__v=1__trial=403__condition=go__digit=4__block=2__phase=support__segment=session1_main__practice=0,1297328.756760400,1297328.756990300
dynamic_sart_stimulus_offset__v=1__trial=403__condition=go__digit=4__block=2__phase=support__segment=session1_main__practice=0,1297329.021317200,1297329.021542900
dynamic_sart_response_window_close__v=1__trial=403__condition=go__digit=4__block=2__phase=support__segment=session1_main__practice=0,1297330.358913800,1297330.359184900
dynamic_sart_trial_complete__v=1__trial=403__condition=go__digit=4__block=2__phase=support__segment=session1_main__practice=0,1297330.358913800,1297330.367782700
dynamic_sart_stimulus_onset__v=1__trial=404__condition=go__digit=0__block=2__phase=support__segment=session1_main__practice=0,1297330.430170200,1297330.430379600
dynamic_sart_stimulus_offset__v=1__trial=404__condition=go__digit=0__block=2__phase=support__segment=session1_main__practice=0,1297330.699368900,1297330.699606000
dynamic_sart_response_window_close__v=1__trial=404__condition=go__digit=0__block=2__phase=support__segment=session1_main__practice=0,1297332.029109800,1297332.029393300
dynamic_sart_trial_complete__v=1__trial=404__condition=go__digit=0__block=2__phase=support__segment=session1_main__practice=0,1297332.029109800,1297332.037037500
dynamic_sart_stimulus_onset__v=1__trial=405__condition=no_go__digit=3__block=2__phase=support__segment=session1_main__practice=0,1297332.107224300,1297332.107781900
dynamic_sart_stimulus_offset__v=1__trial=405__condition=no_go__digit=3__block=2__phase=support__segment=session1_main__practice=0,1297332.374463800,1297332.374645100
dynamic_sart_response_window_close__v=1__trial=405__condition=no_go__digit=3__block=2__phase=support__segment=session1_main__practice=0,1297333.701553000,1297333.701793600
dynamic_sart_trial_complete__v=1__trial=405__condition=no_go__digit=3__block=2__phase=support__segment=session1_main__practice=0,1297333.701553000,1297333.709679000
dynamic_sart_stimulus_onset__v=1__trial=406__condition=go__digit=6__block=2__phase=support__segment=session1_main__practice=0,1297333.774042000,1297333.774275700
dynamic_sart_stimulus_offset__v=1__trial=406__condition=go__digit=6__block=2__phase=support__segment=session1_main__practice=0,1297334.030486300,1297334.030615100
dynamic_sart_response_window_close__v=1__trial=406__condition=go__digit=6__block=2__phase=support__segment=session1_main__practice=0,1297335.374496500,1297335.374928700
dynamic_sart_trial_complete__v=1__trial=406__condition=go__digit=6__block=2__phase=support__segment=session1_main__practice=0,1297335.374496500,1297335.386048900
dynamic_sart_stimulus_onset__v=1__trial=407__condition=go__digit=2__block=2__phase=support__segment=session1_main__practice=0,1297335.465801500,1297335.466304100
dynamic_sart_stimulus_offset__v=1__trial=407__condition=go__digit=2__block=2__phase=support__segment=session1_main__practice=0,1297335.732360600,1297335.732611500
dynamic_sart_response_window_close__v=1__trial=407__condition=go__digit=2__block=2__phase=support__segment=session1_main__practice=0,1297337.061707500,1297337.061911500
dynamic_sart_trial_complete__v=1__trial=407__condition=go__digit=2__block=2__phase=support__segment=session1_main__practice=0,1297337.061707500,1297337.069663400
dynamic_sart_stimulus_onset__v=1__trial=408__condition=go__digit=5__block=2__phase=support__segment=session1_main__practice=0,1297337.148379200,1297337.148508700
dynamic_sart_stimulus_offset__v=1__trial=408__condition=go__digit=5__block=2__phase=support__segment=session1_main__practice=0,1297337.422575300,1297337.423028400
dynamic_sart_response_window_close__v=1__trial=408__condition=go__digit=5__block=2__phase=support__segment=session1_main__practice=0,1297338.748805300,1297338.749039800
dynamic_sart_trial_complete__v=1__trial=408__condition=go__digit=5__block=2__phase=support__segment=session1_main__practice=0,1297338.748805300,1297338.755501800
dynamic_sart_stimulus_onset__v=1__trial=409__condition=go__digit=9__block=2__phase=support__segment=session1_main__practice=0,1297338.823038500,1297338.823238800
dynamic_sart_stimulus_offset__v=1__trial=409__condition=go__digit=9__block=2__phase=support__segment=session1_main__practice=0,1297339.090271800,1297339.090481800
dynamic_sart_response_window_close__v=1__trial=409__condition=go__digit=9__block=2__phase=support__segment=session1_main__practice=0,1297340.422307500,1297340.422525000
dynamic_sart_trial_complete__v=1__trial=409__condition=go__digit=9__block=2__phase=support__segment=session1_main__practice=0,1297340.422307500,1297340.430940100
dynamic_sart_stimulus_onset__v=1__trial=410__condition=go__digit=1__block=2__phase=support__segment=session1_main__practice=0,1297340.481607300,1297340.481833000
dynamic_sart_stimulus_offset__v=1__trial=410__condition=go__digit=1__block=2__phase=support__segment=session1_main__practice=0,1297340.745022300,1297340.745255600
dynamic_sart_response_window_close__v=1__trial=410__condition=go__digit=1__block=2__phase=support__segment=session1_main__practice=0,1297342.076053400,1297342.076240400
dynamic_sart_trial_complete__v=1__trial=410__condition=go__digit=1__block=2__phase=support__segment=session1_main__practice=0,1297342.076053400,1297342.084934800
dynamic_sart_stimulus_onset__v=1__trial=411__condition=go__digit=5__block=2__phase=support__segment=session1_main__practice=0,1297342.160995000,1297342.161835100
dynamic_sart_stimulus_offset__v=1__trial=411__condition=go__digit=5__block=2__phase=support__segment=session1_main__practice=0,1297342.433628700,1297342.433947900
dynamic_sart_response_window_close__v=1__trial=411__condition=go__digit=5__block=2__phase=support__segment=session1_main__practice=0,1297343.766058000,1297343.766283600
dynamic_sart_trial_complete__v=1__trial=411__condition=go__digit=5__block=2__phase=support__segment=session1_main__practice=0,1297343.766058000,1297343.773933500
dynamic_sart_stimulus_onset__v=1__trial=412__condition=no_go__digit=3__block=2__phase=support__segment=session1_main__practice=0,1297343.845909800,1297343.846103000
dynamic_sart_stimulus_offset__v=1__trial=412__condition=no_go__digit=3__block=2__phase=support__segment=session1_main__practice=0,1297344.115968100,1297344.116195700
dynamic_sart_response_window_close__v=1__trial=412__condition=no_go__digit=3__block=2__phase=support__segment=session1_main__practice=0,1297345.452225300,1297345.452527600
dynamic_sart_trial_complete__v=1__trial=412__condition=no_go__digit=3__block=2__phase=support__segment=session1_main__practice=0,1297345.452225300,1297345.464284300
dynamic_sart_stimulus_onset__v=1__trial=413__condition=go__digit=6__block=2__phase=support__segment=session1_main__practice=0,1297345.530068200,1297345.530308400
dynamic_sart_stimulus_offset__v=1__trial=413__condition=go__digit=6__block=2__phase=support__segment=session1_main__practice=0,1297345.795486900,1297345.795709700
dynamic_sart_response_window_close__v=1__trial=413__condition=go__digit=6__block=2__phase=support__segment=session1_main__practice=0,1297347.140203800,1297347.140404000
dynamic_sart_trial_complete__v=1__trial=413__condition=go__digit=6__block=2__phase=support__segment=session1_main__practice=0,1297347.140203800,1297347.148268800
dynamic_sart_stimulus_onset__v=1__trial=414__condition=go__digit=2__block=2__phase=support__segment=session1_main__practice=0,1297347.207162900,1297347.207389200
dynamic_sart_stimulus_offset__v=1__trial=414__condition=go__digit=2__block=2__phase=support__segment=session1_main__practice=0,1297347.495966200,1297347.496302700
dynamic_sart_response_window_close__v=1__trial=414__condition=go__digit=2__block=2__phase=support__segment=session1_main__practice=0,1297348.811119800,1297348.811359400
dynamic_sart_trial_complete__v=1__trial=414__condition=go__digit=2__block=2__phase=support__segment=session1_main__practice=0,1297348.811119800,1297348.819229600
dynamic_sart_stimulus_onset__v=1__trial=415__condition=go__digit=8__block=2__phase=support__segment=session1_main__practice=0,1297348.881652100,1297348.881868500
dynamic_sart_stimulus_offset__v=1__trial=415__condition=go__digit=8__block=2__phase=support__segment=session1_main__practice=0,1297349.150319800,1297349.150565800
dynamic_sart_response_window_close__v=1__trial=415__condition=go__digit=8__block=2__phase=support__segment=session1_main__practice=0,1297350.483634100,1297350.483870800
dynamic_sart_trial_complete__v=1__trial=415__condition=go__digit=8__block=2__phase=support__segment=session1_main__practice=0,1297350.483634100,1297350.493108800
dynamic_sart_stimulus_onset__v=1__trial=416__condition=go__digit=7__block=2__phase=support__segment=session1_main__practice=0,1297350.562036700,1297350.562240400
dynamic_sart_stimulus_offset__v=1__trial=416__condition=go__digit=7__block=2__phase=support__segment=session1_main__practice=0,1297350.834906900,1297350.835161600
dynamic_sart_response_window_close__v=1__trial=416__condition=go__digit=7__block=2__phase=support__segment=session1_main__practice=0,1297352.171495300,1297352.171752100
dynamic_sart_trial_complete__v=1__trial=416__condition=go__digit=7__block=2__phase=support__segment=session1_main__practice=0,1297352.171495300,1297352.179978500
dynamic_sart_stimulus_onset__v=1__trial=417__condition=go__digit=0__block=2__phase=support__segment=session1_main__practice=0,1297352.233402300,1297352.233609300
dynamic_sart_stimulus_offset__v=1__trial=417__condition=go__digit=0__block=2__phase=support__segment=session1_main__practice=0,1297352.514273200,1297352.514559800
dynamic_sart_response_window_close__v=1__trial=417__condition=go__digit=0__block=2__phase=support__segment=session1_main__practice=0,1297353.841433700,1297353.841708600
dynamic_sart_trial_complete__v=1__trial=417__condition=go__digit=0__block=2__phase=support__segment=session1_main__practice=0,1297353.841433700,1297353.849362100
dynamic_sart_stimulus_onset__v=1__trial=418__condition=no_go__digit=3__block=2__phase=support__segment=session1_main__practice=0,1297353.906424100,1297353.906659800
dynamic_sart_stimulus_offset__v=1__trial=418__condition=no_go__digit=3__block=2__phase=support__segment=session1_main__practice=0,1297354.188513300,1297354.188776200
dynamic_sart_response_window_close__v=1__trial=418__condition=no_go__digit=3__block=2__phase=support__segment=session1_main__practice=0,1297355.514589800,1297355.514817900
dynamic_sart_trial_complete__v=1__trial=418__condition=no_go__digit=3__block=2__phase=support__segment=session1_main__practice=0,1297355.514589800,1297355.525675700
dynamic_sart_stimulus_onset__v=1__trial=419__condition=go__digit=4__block=2__phase=support__segment=session1_main__practice=0,1297355.604722400,1297355.604963600
dynamic_sart_stimulus_offset__v=1__trial=419__condition=go__digit=4__block=2__phase=support__segment=session1_main__practice=0,1297355.865896600,1297355.866123500
dynamic_sart_response_window_close__v=1__trial=419__condition=go__digit=4__block=2__phase=support__segment=session1_main__practice=0,1297357.201350500,1297357.201575400
dynamic_sart_trial_complete__v=1__trial=419__condition=go__digit=4__block=2__phase=support__segment=session1_main__practice=0,1297357.201350500,1297357.211080200
dynamic_sart_stimulus_onset__v=1__trial=420__condition=go__digit=9__block=2__phase=support__segment=session1_main__practice=0,1297357.261886500,1297357.262092400
dynamic_sart_stimulus_offset__v=1__trial=420__condition=go__digit=9__block=2__phase=support__segment=session1_main__practice=0,1297357.523993400,1297357.524211300
dynamic_sart_response_window_close__v=1__trial=420__condition=go__digit=9__block=2__phase=support__segment=session1_main__practice=0,1297358.858462100,1297358.858698800
dynamic_sart_trial_complete__v=1__trial=420__condition=go__digit=9__block=2__phase=support__segment=session1_main__practice=0,1297358.858462100,1297358.868176800
dynamic_sart_stimulus_onset__v=1__trial=421__condition=go__digit=1__block=2__phase=support__segment=session1_main__practice=0,1297358.931102700,1297358.931249600
dynamic_sart_stimulus_offset__v=1__trial=421__condition=go__digit=1__block=2__phase=support__segment=session1_main__practice=0,1297359.205553900,1297359.205863700
dynamic_sart_response_window_close__v=1__trial=421__condition=go__digit=1__block=2__phase=support__segment=session1_main__practice=0,1297360.529257500,1297360.529511100
dynamic_sart_trial_complete__v=1__trial=421__condition=go__digit=1__block=2__phase=support__segment=session1_main__practice=0,1297360.529257500,1297360.538571100
dynamic_sart_stimulus_onset__v=1__trial=422__condition=go__digit=4__block=2__phase=support__segment=session1_main__practice=0,1297360.606434100,1297360.606691500
dynamic_sart_stimulus_offset__v=1__trial=422__condition=go__digit=4__block=2__phase=support__segment=session1_main__practice=0,1297360.872864400,1297360.873089000
dynamic_sart_response_window_close__v=1__trial=422__condition=go__digit=4__block=2__phase=support__segment=session1_main__practice=0,1297362.201891100,1297362.202102800
dynamic_sart_trial_complete__v=1__trial=422__condition=go__digit=4__block=2__phase=support__segment=session1_main__practice=0,1297362.201891100,1297362.210056700
dynamic_sart_stimulus_onset__v=1__trial=423__condition=go__digit=0__block=2__phase=support__segment=session1_main__practice=0,1297362.272353500,1297362.272635300
dynamic_sart_stimulus_offset__v=1__trial=423__condition=go__digit=0__block=2__phase=support__segment=session1_main__practice=0,1297362.565341400,1297362.565555500
dynamic_sart_response_window_close__v=1__trial=423__condition=go__digit=0__block=2__phase=support__segment=session1_main__practice=0,1297363.874929900,1297363.875162200
dynamic_sart_trial_complete__v=1__trial=423__condition=go__digit=0__block=2__phase=support__segment=session1_main__practice=0,1297363.874929900,1297363.883741900
dynamic_sart_stimulus_onset__v=1__trial=424__condition=go__digit=7__block=2__phase=support__segment=session1_main__practice=0,1297363.949457800,1297363.949616200
dynamic_sart_stimulus_offset__v=1__trial=424__condition=go__digit=7__block=2__phase=support__segment=session1_main__practice=0,1297364.221814400,1297364.222050300
dynamic_sart_response_window_close__v=1__trial=424__condition=go__digit=7__block=2__phase=support__segment=session1_main__practice=0,1297365.547278600,1297365.547515400
dynamic_sart_trial_complete__v=1__trial=424__condition=go__digit=7__block=2__phase=support__segment=session1_main__practice=0,1297365.547278600,1297365.559578300
dynamic_sart_stimulus_onset__v=1__trial=425__condition=no_go__digit=3__block=2__phase=support__segment=session1_main__practice=0,1297365.624833000,1297365.625063300
dynamic_sart_stimulus_offset__v=1__trial=425__condition=no_go__digit=3__block=2__phase=support__segment=session1_main__practice=0,1297365.904429900,1297365.904664600
dynamic_sart_response_window_close__v=1__trial=425__condition=no_go__digit=3__block=2__phase=support__segment=session1_main__practice=0,1297367.234024900,1297367.234385400
dynamic_sart_trial_complete__v=1__trial=425__condition=no_go__digit=3__block=2__phase=support__segment=session1_main__practice=0,1297367.234024900,1297367.243268000
dynamic_sart_stimulus_onset__v=1__trial=426__condition=go__digit=5__block=2__phase=support__segment=session1_main__practice=0,1297367.298668900,1297367.298827200
dynamic_sart_stimulus_offset__v=1__trial=426__condition=go__digit=5__block=2__phase=support__segment=session1_main__practice=0,1297367.561127900,1297367.561346400
dynamic_sart_response_window_close__v=1__trial=426__condition=go__digit=5__block=2__phase=support__segment=session1_main__practice=0,1297368.905629600,1297368.905854500
dynamic_sart_trial_complete__v=1__trial=426__condition=go__digit=5__block=2__phase=support__segment=session1_main__practice=0,1297368.905629600,1297368.913796200
dynamic_sart_stimulus_onset__v=1__trial=427__condition=go__digit=2__block=2__phase=support__segment=session1_main__practice=0,1297368.979267100,1297368.979494100
dynamic_sart_stimulus_offset__v=1__trial=427__condition=go__digit=2__block=2__phase=support__segment=session1_main__practice=0,1297369.243806700,1297369.244135300
dynamic_sart_response_window_close__v=1__trial=427__condition=go__digit=2__block=2__phase=support__segment=session1_main__practice=0,1297370.578063400,1297370.578307300
dynamic_sart_trial_complete__v=1__trial=427__condition=go__digit=2__block=2__phase=support__segment=session1_main__practice=0,1297370.578063400,1297370.586165700
dynamic_sart_stimulus_onset__v=1__trial=428__condition=go__digit=6__block=2__phase=support__segment=session1_main__practice=0,1297370.656045000,1297370.656313300
dynamic_sart_stimulus_offset__v=1__trial=428__condition=go__digit=6__block=2__phase=support__segment=session1_main__practice=0,1297370.941483700,1297370.941718200
dynamic_sart_response_window_close__v=1__trial=428__condition=go__digit=6__block=2__phase=support__segment=session1_main__practice=0,1297372.266970600,1297372.267216400
dynamic_sart_trial_complete__v=1__trial=428__condition=go__digit=6__block=2__phase=support__segment=session1_main__practice=0,1297372.266970600,1297372.276029000
dynamic_sart_stimulus_onset__v=1__trial=429__condition=go__digit=8__block=2__phase=support__segment=session1_main__practice=0,1297372.333847800,1297372.334067200
dynamic_sart_stimulus_offset__v=1__trial=429__condition=go__digit=8__block=2__phase=support__segment=session1_main__practice=0,1297372.593754900,1297372.593954700
dynamic_sart_response_window_close__v=1__trial=429__condition=go__digit=8__block=2__phase=support__segment=session1_main__practice=0,1297373.935189400,1297373.935383100
dynamic_sart_trial_complete__v=1__trial=429__condition=go__digit=8__block=2__phase=support__segment=session1_main__practice=0,1297373.935189400,1297373.943090300
dynamic_sart_stimulus_onset__v=1__trial=430__condition=go__digit=9__block=2__phase=support__segment=session1_main__practice=0,1297373.992787500,1297373.993007500
dynamic_sart_stimulus_offset__v=1__trial=430__condition=go__digit=9__block=2__phase=support__segment=session1_main__practice=0,1297374.242022700,1297374.242230000
dynamic_sart_response_window_close__v=1__trial=430__condition=go__digit=9__block=2__phase=support__segment=session1_main__practice=0,1297375.592015700,1297375.592329400
dynamic_sart_trial_complete__v=1__trial=430__condition=go__digit=9__block=2__phase=support__segment=session1_main__practice=0,1297375.592015700,1297375.602786100
dynamic_sart_stimulus_onset__v=1__trial=431__condition=go__digit=8__block=2__phase=support__segment=session1_main__practice=0,1297375.659143900,1297375.659462700
dynamic_sart_stimulus_offset__v=1__trial=431__condition=go__digit=8__block=2__phase=support__segment=session1_main__practice=0,1297375.927014900,1297375.927226300
dynamic_sart_response_window_close__v=1__trial=431__condition=go__digit=8__block=2__phase=support__segment=session1_main__practice=0,1297377.265054500,1297377.265284000
dynamic_sart_trial_complete__v=1__trial=431__condition=go__digit=8__block=2__phase=support__segment=session1_main__practice=0,1297377.265054500,1297377.274111800
dynamic_sart_stimulus_onset__v=1__trial=432__condition=no_go__digit=3__block=2__phase=support__segment=session1_main__practice=0,1297377.339364700,1297377.339615300
dynamic_sart_stimulus_offset__v=1__trial=432__condition=no_go__digit=3__block=2__phase=support__segment=session1_main__practice=0,1297377.612056300,1297377.612276200
dynamic_sart_response_window_close__v=1__trial=432__condition=no_go__digit=3__block=2__phase=support__segment=session1_main__practice=0,1297378.935921900,1297378.936191600
dynamic_sart_trial_complete__v=1__trial=432__condition=no_go__digit=3__block=2__phase=support__segment=session1_main__practice=0,1297378.935921900,1297378.945100800
dynamic_sart_stimulus_onset__v=1__trial=433__condition=go__digit=1__block=2__phase=support__segment=session1_main__practice=0,1297378.999297500,1297378.999519300
dynamic_sart_stimulus_offset__v=1__trial=433__condition=go__digit=1__block=2__phase=support__segment=session1_main__practice=0,1297379.274430600,1297379.274584400
dynamic_sart_response_window_close__v=1__trial=433__condition=go__digit=1__block=2__phase=support__segment=session1_main__practice=0,1297380.607733200,1297380.607948300
dynamic_sart_trial_complete__v=1__trial=433__condition=go__digit=1__block=2__phase=support__segment=session1_main__practice=0,1297380.607733200,1297380.616741300
dynamic_sart_stimulus_onset__v=1__trial=434__condition=go__digit=7__block=2__phase=support__segment=session1_main__practice=0,1297380.666038100,1297380.666259700
dynamic_sart_stimulus_offset__v=1__trial=434__condition=go__digit=7__block=2__phase=support__segment=session1_main__practice=0,1297380.940366700,1297380.940580700
dynamic_sart_response_window_close__v=1__trial=434__condition=go__digit=7__block=2__phase=support__segment=session1_main__practice=0,1297382.265068100,1297382.265293400
dynamic_sart_trial_complete__v=1__trial=434__condition=go__digit=7__block=2__phase=support__segment=session1_main__practice=0,1297382.265068100,1297382.273356300
dynamic_sart_stimulus_onset__v=1__trial=435__condition=go__digit=6__block=2__phase=support__segment=session1_main__practice=0,1297382.341542700,1297382.341709700
dynamic_sart_stimulus_offset__v=1__trial=435__condition=go__digit=6__block=2__phase=support__segment=session1_main__practice=0,1297382.606907800,1297382.607115500
dynamic_sart_response_window_close__v=1__trial=435__condition=go__digit=6__block=2__phase=support__segment=session1_main__practice=0,1297383.935801500,1297383.936027600
dynamic_sart_trial_complete__v=1__trial=435__condition=go__digit=6__block=2__phase=support__segment=session1_main__practice=0,1297383.935801500,1297383.944099000
dynamic_sart_stimulus_onset__v=1__trial=436__condition=go__digit=2__block=2__phase=support__segment=session1_main__practice=0,1297384.016401100,1297384.016528300
dynamic_sart_stimulus_offset__v=1__trial=436__condition=go__digit=2__block=2__phase=support__segment=session1_main__practice=0,1297384.291208500,1297384.291449100
dynamic_sart_response_window_close__v=1__trial=436__condition=go__digit=2__block=2__phase=support__segment=session1_main__practice=0,1297385.623552500,1297385.623793200
dynamic_sart_trial_complete__v=1__trial=436__condition=go__digit=2__block=2__phase=support__segment=session1_main__practice=0,1297385.623552500,1297385.643709600
dynamic_sart_stimulus_onset__v=1__trial=437__condition=go__digit=5__block=2__phase=support__segment=session1_main__practice=0,1297385.723447100,1297385.723800200
dynamic_sart_stimulus_offset__v=1__trial=437__condition=go__digit=5__block=2__phase=support__segment=session1_main__practice=0,1297386.008174200,1297386.008339200
dynamic_sart_response_window_close__v=1__trial=437__condition=go__digit=5__block=2__phase=support__segment=session1_main__practice=0,1297387.326470200,1297387.326677900
dynamic_sart_trial_complete__v=1__trial=437__condition=go__digit=5__block=2__phase=support__segment=session1_main__practice=0,1297387.326470200,1297387.333416300
dynamic_sart_stimulus_onset__v=1__trial=438__condition=go__digit=0__block=2__phase=support__segment=session1_main__practice=0,1297387.408045400,1297387.408335400
dynamic_sart_stimulus_offset__v=1__trial=438__condition=go__digit=0__block=2__phase=support__segment=session1_main__practice=0,1297387.690783600,1297387.691015000
dynamic_sart_response_window_close__v=1__trial=438__condition=go__digit=0__block=2__phase=support__segment=session1_main__practice=0,1297389.014886200,1297389.015111700
dynamic_sart_trial_complete__v=1__trial=438__condition=go__digit=0__block=2__phase=support__segment=session1_main__practice=0,1297389.014886200,1297389.024929500
dynamic_sart_stimulus_onset__v=1__trial=439__condition=no_go__digit=3__block=2__phase=support__segment=session1_main__practice=0,1297389.088065600,1297389.088392700
dynamic_sart_stimulus_offset__v=1__trial=439__condition=no_go__digit=3__block=2__phase=support__segment=session1_main__practice=0,1297389.348802400,1297389.349014200
dynamic_sart_response_window_close__v=1__trial=439__condition=no_go__digit=3__block=2__phase=support__segment=session1_main__practice=0,1297390.686838200,1297390.687025400
dynamic_sart_trial_complete__v=1__trial=439__condition=no_go__digit=3__block=2__phase=support__segment=session1_main__practice=0,1297390.686838200,1297390.694379500
dynamic_sart_stimulus_onset__v=1__trial=440__condition=go__digit=4__block=2__phase=support__segment=session1_main__practice=0,1297390.748016800,1297390.748253500
dynamic_sart_stimulus_offset__v=1__trial=440__condition=go__digit=4__block=2__phase=support__segment=session1_main__practice=0,1297390.998293700,1297390.998514100
dynamic_sart_response_window_close__v=1__trial=440__condition=go__digit=4__block=2__phase=support__segment=session1_main__practice=0,1297392.341688800,1297392.341906900
dynamic_sart_trial_complete__v=1__trial=440__condition=go__digit=4__block=2__phase=support__segment=session1_main__practice=0,1297392.341688800,1297392.350302600
dynamic_sart_stimulus_onset__v=1__trial=441__condition=go__digit=9__block=2__phase=support__segment=session1_main__practice=0,1297392.418601800,1297392.418833400
dynamic_sart_stimulus_offset__v=1__trial=441__condition=go__digit=9__block=2__phase=support__segment=session1_main__practice=0,1297392.689531100,1297392.689744700
dynamic_sart_response_window_close__v=1__trial=441__condition=go__digit=9__block=2__phase=support__segment=session1_main__practice=0,1297394.014331700,1297394.015342000
dynamic_sart_trial_complete__v=1__trial=441__condition=go__digit=9__block=2__phase=support__segment=session1_main__practice=0,1297394.014331700,1297394.023562700
dynamic_sart_stimulus_onset__v=1__trial=442__condition=go__digit=0__block=2__phase=support__segment=session1_main__practice=0,1297394.094322200,1297394.094549000
dynamic_sart_stimulus_offset__v=1__trial=442__condition=go__digit=0__block=2__phase=support__segment=session1_main__practice=0,1297394.378882400,1297394.379126100
dynamic_sart_response_window_close__v=1__trial=442__condition=go__digit=0__block=2__phase=support__segment=session1_main__practice=0,1297395.702531500,1297395.702768300
dynamic_sart_trial_complete__v=1__trial=442__condition=go__digit=0__block=2__phase=support__segment=session1_main__practice=0,1297395.702531500,1297395.714123900
dynamic_sart_stimulus_onset__v=1__trial=443__condition=go__digit=1__block=2__phase=support__segment=session1_main__practice=0,1297395.801356700,1297395.801567800
dynamic_sart_stimulus_offset__v=1__trial=443__condition=go__digit=1__block=2__phase=support__segment=session1_main__practice=0,1297396.068219000,1297396.068408500
dynamic_sart_response_window_close__v=1__trial=443__condition=go__digit=1__block=2__phase=support__segment=session1_main__practice=0,1297397.404539700,1297397.404727500
dynamic_sart_trial_complete__v=1__trial=443__condition=go__digit=1__block=2__phase=support__segment=session1_main__practice=0,1297397.404539700,1297397.412558100
dynamic_sart_stimulus_onset__v=1__trial=444__condition=go__digit=2__block=2__phase=support__segment=session1_main__practice=0,1297397.475619900,1297397.475839000
dynamic_sart_stimulus_offset__v=1__trial=444__condition=go__digit=2__block=2__phase=support__segment=session1_main__practice=0,1297397.744977300,1297397.745206200
dynamic_sart_response_window_close__v=1__trial=444__condition=go__digit=2__block=2__phase=support__segment=session1_main__practice=0,1297399.076709400,1297399.076923700
dynamic_sart_trial_complete__v=1__trial=444__condition=go__digit=2__block=2__phase=support__segment=session1_main__practice=0,1297399.076709400,1297399.085973200
dynamic_sart_stimulus_onset__v=1__trial=445__condition=go__digit=8__block=2__phase=support__segment=session1_main__practice=0,1297399.148831000,1297399.149058400
dynamic_sart_stimulus_offset__v=1__trial=445__condition=go__digit=8__block=2__phase=support__segment=session1_main__practice=0,1297399.411599200,1297399.411828300
dynamic_sart_response_window_close__v=1__trial=445__condition=go__digit=8__block=2__phase=support__segment=session1_main__practice=0,1297400.749197600,1297400.749393400
dynamic_sart_trial_complete__v=1__trial=445__condition=go__digit=8__block=2__phase=support__segment=session1_main__practice=0,1297400.749197600,1297400.757731700
dynamic_sart_stimulus_onset__v=1__trial=446__condition=no_go__digit=3__block=2__phase=support__segment=session1_main__practice=0,1297400.832503600,1297400.832710400
dynamic_sart_stimulus_offset__v=1__trial=446__condition=no_go__digit=3__block=2__phase=support__segment=session1_main__practice=0,1297401.110572000,1297401.110892100
dynamic_sart_response_window_close__v=1__trial=446__condition=no_go__digit=3__block=2__phase=support__segment=session1_main__practice=0,1297402.437830800,1297402.438065100
dynamic_sart_trial_complete__v=1__trial=446__condition=no_go__digit=3__block=2__phase=support__segment=session1_main__practice=0,1297402.437830800,1297402.445502500
dynamic_sart_stimulus_onset__v=1__trial=447__condition=go__digit=5__block=2__phase=support__segment=session1_main__practice=0,1297402.492904400,1297402.493118900
dynamic_sart_stimulus_offset__v=1__trial=447__condition=go__digit=5__block=2__phase=support__segment=session1_main__practice=0,1297402.762427000,1297402.762660000
dynamic_sart_response_window_close__v=1__trial=447__condition=go__digit=5__block=2__phase=support__segment=session1_main__practice=0,1297404.091460200,1297404.091685800
dynamic_sart_trial_complete__v=1__trial=447__condition=go__digit=5__block=2__phase=support__segment=session1_main__practice=0,1297404.091460200,1297404.099505500
dynamic_sart_stimulus_onset__v=1__trial=448__condition=go__digit=4__block=2__phase=support__segment=session1_main__practice=0,1297404.158749400,1297404.158958500
dynamic_sart_stimulus_offset__v=1__trial=448__condition=go__digit=4__block=2__phase=support__segment=session1_main__practice=0,1297404.426616900,1297404.426835700
dynamic_sart_response_window_close__v=1__trial=448__condition=go__digit=4__block=2__phase=support__segment=session1_main__practice=0,1297405.764025900,1297405.764250400
dynamic_sart_trial_complete__v=1__trial=448__condition=go__digit=4__block=2__phase=support__segment=session1_main__practice=0,1297405.764025900,1297405.778530100
dynamic_sart_stimulus_onset__v=1__trial=449__condition=go__digit=7__block=2__phase=support__segment=session1_main__practice=0,1297405.826510000,1297405.826704200
dynamic_sart_stimulus_offset__v=1__trial=449__condition=go__digit=7__block=2__phase=support__segment=session1_main__practice=0,1297406.079722700,1297406.079941700
dynamic_sart_response_window_close__v=1__trial=449__condition=go__digit=7__block=2__phase=support__segment=session1_main__practice=0,1297407.421539800,1297407.421814100
dynamic_sart_trial_complete__v=1__trial=449__condition=go__digit=7__block=2__phase=support__segment=session1_main__practice=0,1297407.421539800,1297407.431024300
dynamic_sart_stimulus_onset__v=1__trial=450__condition=go__digit=6__block=2__phase=support__segment=session1_main__practice=0,1297407.476090600,1297407.476310600
dynamic_sart_stimulus_offset__v=1__trial=450__condition=go__digit=6__block=2__phase=support__segment=session1_main__practice=0,1297407.744620500,1297407.744840900
dynamic_sart_response_window_close__v=1__trial=450__condition=go__digit=6__block=2__phase=support__segment=session1_main__practice=0,1297409.077966100,1297409.078199700
dynamic_sart_trial_complete__v=1__trial=450__condition=go__digit=6__block=2__phase=support__segment=session1_main__practice=0,1297409.077966100,1297409.085977200
dynamic_sart_stimulus_onset__v=1__trial=451__condition=go__digit=1__block=2__phase=support__segment=session1_main__practice=0,1297409.142222800,1297409.142448600
dynamic_sart_stimulus_offset__v=1__trial=451__condition=go__digit=1__block=2__phase=support__segment=session1_main__practice=0,1297409.425146200,1297409.425296800
dynamic_sart_response_window_close__v=1__trial=451__condition=go__digit=1__block=2__phase=support__segment=session1_main__practice=0,1297410.748848000,1297410.749032800
dynamic_sart_trial_complete__v=1__trial=451__condition=go__digit=1__block=2__phase=support__segment=session1_main__practice=0,1297410.748848000,1297410.757203500
dynamic_sart_stimulus_onset__v=1__trial=452__condition=no_go__digit=3__block=2__phase=support__segment=session1_main__practice=0,1297410.819174500,1297410.819400600
dynamic_sart_stimulus_offset__v=1__trial=452__condition=no_go__digit=3__block=2__phase=support__segment=session1_main__practice=0,1297411.087557100,1297411.087771900
dynamic_sart_response_window_close__v=1__trial=452__condition=no_go__digit=3__block=2__phase=support__segment=session1_main__practice=0,1297412.420334600,1297412.420563900
dynamic_sart_trial_complete__v=1__trial=452__condition=no_go__digit=3__block=2__phase=support__segment=session1_main__practice=0,1297412.420334600,1297412.429531500
dynamic_sart_stimulus_onset__v=1__trial=453__condition=go__digit=6__block=2__phase=support__segment=session1_main__practice=0,1297412.490727400,1297412.490946700
dynamic_sart_stimulus_offset__v=1__trial=453__condition=go__digit=6__block=2__phase=support__segment=session1_main__practice=0,1297412.749225900,1297412.749442800
dynamic_sart_response_window_close__v=1__trial=453__condition=go__digit=6__block=2__phase=support__segment=session1_main__practice=0,1297414.091451600,1297414.091682900
dynamic_sart_trial_complete__v=1__trial=453__condition=go__digit=6__block=2__phase=support__segment=session1_main__practice=0,1297414.091451600,1297414.099718500
dynamic_sart_stimulus_onset__v=1__trial=454__condition=go__digit=9__block=2__phase=support__segment=session1_main__practice=0,1297414.151106500,1297414.151308600
dynamic_sart_stimulus_offset__v=1__trial=454__condition=go__digit=9__block=2__phase=support__segment=session1_main__practice=0,1297414.418238700,1297414.418454300
dynamic_sart_response_window_close__v=1__trial=454__condition=go__digit=9__block=2__phase=support__segment=session1_main__practice=0,1297415.749041400,1297415.749453400
dynamic_sart_trial_complete__v=1__trial=454__condition=go__digit=9__block=2__phase=support__segment=session1_main__practice=0,1297415.749041400,1297415.757426500
dynamic_sart_stimulus_onset__v=1__trial=455__condition=go__digit=4__block=2__phase=support__segment=session1_main__practice=0,1297415.827954200,1297415.828185700
dynamic_sart_stimulus_offset__v=1__trial=455__condition=go__digit=4__block=2__phase=support__segment=session1_main__practice=0,1297416.106109100,1297416.106376100
dynamic_sart_response_window_close__v=1__trial=455__condition=go__digit=4__block=2__phase=support__segment=session1_main__practice=0,1297417.435649400,1297417.435890700
dynamic_sart_trial_complete__v=1__trial=455__condition=go__digit=4__block=2__phase=support__segment=session1_main__practice=0,1297417.435649400,1297417.443789200
dynamic_sart_stimulus_onset__v=1__trial=456__condition=go__digit=0__block=2__phase=support__segment=session1_main__practice=0,1297417.521980300,1297417.522240100
dynamic_sart_stimulus_offset__v=1__trial=456__condition=go__digit=0__block=2__phase=support__segment=session1_main__practice=0,1297417.781648500,1297417.781873000
dynamic_sart_response_window_close__v=1__trial=456__condition=go__digit=0__block=2__phase=support__segment=session1_main__practice=0,1297419.124864500,1297419.125117700
dynamic_sart_trial_complete__v=1__trial=456__condition=go__digit=0__block=2__phase=support__segment=session1_main__practice=0,1297419.124864500,1297419.133266900
dynamic_sart_stimulus_onset__v=1__trial=457__condition=go__digit=2__block=2__phase=support__segment=session1_main__practice=0,1297419.204272500,1297419.204518100
dynamic_sart_stimulus_offset__v=1__trial=457__condition=go__digit=2__block=2__phase=support__segment=session1_main__practice=0,1297419.481756800,1297419.481982800
dynamic_sart_response_window_close__v=1__trial=457__condition=go__digit=2__block=2__phase=support__segment=session1_main__practice=0,1297420.811053900,1297420.811282000
dynamic_sart_trial_complete__v=1__trial=457__condition=go__digit=2__block=2__phase=support__segment=session1_main__practice=0,1297420.811053900,1297420.821116200
dynamic_sart_stimulus_onset__v=1__trial=458__condition=go__digit=5__block=2__phase=support__segment=session1_main__practice=0,1297420.868742300,1297420.868954000
dynamic_sart_stimulus_offset__v=1__trial=458__condition=go__digit=5__block=2__phase=support__segment=session1_main__practice=0,1297421.143204200,1297421.143423600
dynamic_sart_response_window_close__v=1__trial=458__condition=go__digit=5__block=2__phase=support__segment=session1_main__practice=0,1297422.468591200,1297422.468776700
dynamic_sart_trial_complete__v=1__trial=458__condition=go__digit=5__block=2__phase=support__segment=session1_main__practice=0,1297422.468591200,1297422.476483500
dynamic_sart_stimulus_onset__v=1__trial=459__condition=no_go__digit=3__block=2__phase=support__segment=session1_main__practice=0,1297422.539008700,1297422.539235800
dynamic_sart_stimulus_offset__v=1__trial=459__condition=no_go__digit=3__block=2__phase=support__segment=session1_main__practice=0,1297422.796926900,1297422.797152000
dynamic_sart_response_window_close__v=1__trial=459__condition=no_go__digit=3__block=2__phase=support__segment=session1_main__practice=0,1297424.139977200,1297424.140157800
dynamic_sart_trial_complete__v=1__trial=459__condition=no_go__digit=3__block=2__phase=support__segment=session1_main__practice=0,1297424.139977200,1297424.147834700
dynamic_sart_stimulus_onset__v=1__trial=460__condition=go__digit=7__block=2__phase=support__segment=session1_main__practice=0,1297424.206936900,1297424.207194300
dynamic_sart_stimulus_offset__v=1__trial=460__condition=go__digit=7__block=2__phase=support__segment=session1_main__practice=0,1297424.481824600,1297424.481992600
dynamic_sart_response_window_close__v=1__trial=460__condition=go__digit=7__block=2__phase=support__segment=session1_main__practice=0,1297425.810941500,1297425.811199000
dynamic_sart_trial_complete__v=1__trial=460__condition=go__digit=7__block=2__phase=support__segment=session1_main__practice=0,1297425.810941500,1297425.819282900
dynamic_sart_stimulus_onset__v=1__trial=461__condition=go__digit=8__block=2__phase=support__segment=session1_main__practice=0,1297425.865040600,1297425.865195600
dynamic_sart_stimulus_offset__v=1__trial=461__condition=go__digit=8__block=2__phase=support__segment=session1_main__practice=0,1297426.143494700,1297426.144103700
dynamic_sart_response_window_close__v=1__trial=461__condition=go__digit=8__block=2__phase=support__segment=session1_main__practice=0,1297427.467780200,1297427.467996800
dynamic_sart_trial_complete__v=1__trial=461__condition=go__digit=8__block=2__phase=support__segment=session1_main__practice=0,1297427.467780200,1297427.476435800
dynamic_sart_stimulus_onset__v=1__trial=462__condition=go__digit=2__block=2__phase=support__segment=session1_main__practice=0,1297427.543094900,1297427.543669500
dynamic_sart_stimulus_offset__v=1__trial=462__condition=go__digit=2__block=2__phase=support__segment=session1_main__practice=0,1297427.796416100,1297427.796893000
dynamic_sart_response_window_close__v=1__trial=462__condition=go__digit=2__block=2__phase=support__segment=session1_main__practice=0,1297429.140512700,1297429.140733000
dynamic_sart_trial_complete__v=1__trial=462__condition=go__digit=2__block=2__phase=support__segment=session1_main__practice=0,1297429.140512700,1297429.148650100
dynamic_sart_stimulus_onset__v=1__trial=463__condition=go__digit=8__block=2__phase=support__segment=session1_main__practice=0,1297429.209401600,1297429.209639600
dynamic_sart_stimulus_offset__v=1__trial=463__condition=go__digit=8__block=2__phase=support__segment=session1_main__practice=0,1297429.489632700,1297429.489861000
dynamic_sart_response_window_close__v=1__trial=463__condition=go__digit=8__block=2__phase=support__segment=session1_main__practice=0,1297430.810775000,1297430.811007800
dynamic_sart_trial_complete__v=1__trial=463__condition=go__digit=8__block=2__phase=support__segment=session1_main__practice=0,1297430.810775000,1297430.819539200
dynamic_sart_stimulus_onset__v=1__trial=464__condition=go__digit=7__block=2__phase=support__segment=session1_main__practice=0,1297430.899421600,1297430.899632000
dynamic_sart_stimulus_offset__v=1__trial=464__condition=go__digit=7__block=2__phase=support__segment=session1_main__practice=0,1297431.171473300,1297431.171704400
dynamic_sart_response_window_close__v=1__trial=464__condition=go__digit=7__block=2__phase=support__segment=session1_main__practice=0,1297432.500472900,1297432.500671500
dynamic_sart_trial_complete__v=1__trial=464__condition=go__digit=7__block=2__phase=support__segment=session1_main__practice=0,1297432.500472900,1297432.509219200
dynamic_sart_stimulus_onset__v=1__trial=465__condition=go__digit=4__block=2__phase=support__segment=session1_main__practice=0,1297432.570939400,1297432.571153800
dynamic_sart_stimulus_offset__v=1__trial=465__condition=go__digit=4__block=2__phase=support__segment=session1_main__practice=0,1297432.828140500,1297432.828335900
dynamic_sart_response_window_close__v=1__trial=465__condition=go__digit=4__block=2__phase=support__segment=session1_main__practice=0,1297434.172026300,1297434.172222400
dynamic_sart_trial_complete__v=1__trial=465__condition=go__digit=4__block=2__phase=support__segment=session1_main__practice=0,1297434.172026300,1297434.179757100
dynamic_sart_stimulus_onset__v=1__trial=466__condition=no_go__digit=3__block=2__phase=support__segment=session1_main__practice=0,1297434.241982100,1297434.242183800
dynamic_sart_stimulus_offset__v=1__trial=466__condition=no_go__digit=3__block=2__phase=support__segment=session1_main__practice=0,1297434.494121500,1297434.494318300
dynamic_sart_response_window_close__v=1__trial=466__condition=no_go__digit=3__block=2__phase=support__segment=session1_main__practice=0,1297435.843091200,1297435.843290800
dynamic_sart_trial_complete__v=1__trial=466__condition=no_go__digit=3__block=2__phase=support__segment=session1_main__practice=0,1297435.843091200,1297435.850434200
dynamic_sart_stimulus_onset__v=1__trial=467__condition=go__digit=6__block=2__phase=support__segment=session1_main__practice=0,1297435.916115100,1297435.916364300
dynamic_sart_stimulus_offset__v=1__trial=467__condition=go__digit=6__block=2__phase=support__segment=session1_main__practice=0,1297436.190549600,1297436.190781300
dynamic_sart_response_window_close__v=1__trial=467__condition=go__digit=6__block=2__phase=support__segment=session1_main__practice=0,1297437.515018000,1297437.515197100
dynamic_sart_trial_complete__v=1__trial=467__condition=go__digit=6__block=2__phase=support__segment=session1_main__practice=0,1297437.515018000,1297437.526257200
dynamic_sart_stimulus_onset__v=1__trial=468__condition=go__digit=9__block=2__phase=support__segment=session1_main__practice=0,1297437.589626700,1297437.589930100
dynamic_sart_stimulus_offset__v=1__trial=468__condition=go__digit=9__block=2__phase=support__segment=session1_main__practice=0,1297437.848062600,1297437.848272300
dynamic_sart_response_window_close__v=1__trial=468__condition=go__digit=9__block=2__phase=support__segment=session1_main__practice=0,1297439.185616100,1297439.185812900
dynamic_sart_trial_complete__v=1__trial=468__condition=go__digit=9__block=2__phase=support__segment=session1_main__practice=0,1297439.185616100,1297439.193668800
dynamic_sart_stimulus_onset__v=1__trial=469__condition=go__digit=1__block=2__phase=support__segment=session1_main__practice=0,1297439.253449100,1297439.253657200
dynamic_sart_stimulus_offset__v=1__trial=469__condition=go__digit=1__block=2__phase=support__segment=session1_main__practice=0,1297439.517699000,1297439.517907300
dynamic_sart_response_window_close__v=1__trial=469__condition=go__digit=1__block=2__phase=support__segment=session1_main__practice=0,1297440.858001600,1297440.858252500
dynamic_sart_trial_complete__v=1__trial=469__condition=go__digit=1__block=2__phase=support__segment=session1_main__practice=0,1297440.858001600,1297440.867819200
dynamic_sart_stimulus_onset__v=1__trial=470__condition=go__digit=0__block=2__phase=support__segment=session1_main__practice=0,1297440.936747200,1297440.937003800
dynamic_sart_stimulus_offset__v=1__trial=470__condition=go__digit=0__block=2__phase=support__segment=session1_main__practice=0,1297441.222423400,1297441.222647800
dynamic_sart_response_window_close__v=1__trial=470__condition=go__digit=0__block=2__phase=support__segment=session1_main__practice=0,1297442.546354200,1297442.546592000
dynamic_sart_trial_complete__v=1__trial=470__condition=go__digit=0__block=2__phase=support__segment=session1_main__practice=0,1297442.546354200,1297442.554877700
dynamic_sart_stimulus_onset__v=1__trial=471__condition=go__digit=5__block=2__phase=support__segment=session1_main__practice=0,1297442.637616100,1297442.637854200
dynamic_sart_stimulus_offset__v=1__trial=471__condition=go__digit=5__block=2__phase=support__segment=session1_main__practice=0,1297442.906578700,1297442.906789000
dynamic_sart_response_window_close__v=1__trial=471__condition=go__digit=5__block=2__phase=support__segment=session1_main__practice=0,1297444.233505600,1297444.233798400
dynamic_sart_trial_complete__v=1__trial=471__condition=go__digit=5__block=2__phase=support__segment=session1_main__practice=0,1297444.233505600,1297444.241933300
dynamic_sart_stimulus_onset__v=1__trial=472__condition=go__digit=2__block=2__phase=support__segment=session1_main__practice=0,1297444.309491500,1297444.309926000
dynamic_sart_stimulus_offset__v=1__trial=472__condition=go__digit=2__block=2__phase=support__segment=session1_main__practice=0,1297444.570338100,1297444.570546600
dynamic_sart_response_window_close__v=1__trial=472__condition=go__digit=2__block=2__phase=support__segment=session1_main__practice=0,1297445.905449200,1297445.905817000
dynamic_sart_trial_complete__v=1__trial=472__condition=go__digit=2__block=2__phase=support__segment=session1_main__practice=0,1297445.905449200,1297445.913513000
dynamic_sart_stimulus_onset__v=1__trial=473__condition=no_go__digit=3__block=2__phase=support__segment=session1_main__practice=0,1297445.984777600,1297445.984993200
dynamic_sart_stimulus_offset__v=1__trial=473__condition=no_go__digit=3__block=2__phase=support__segment=session1_main__practice=0,1297446.266180100,1297446.266310300
dynamic_sart_response_window_close__v=1__trial=473__condition=no_go__digit=3__block=2__phase=support__segment=session1_main__practice=0,1297447.591709100,1297447.591933200
dynamic_sart_trial_complete__v=1__trial=473__condition=no_go__digit=3__block=2__phase=support__segment=session1_main__practice=0,1297447.591709100,1297447.603522200
dynamic_sart_stimulus_onset__v=1__trial=474__condition=go__digit=4__block=2__phase=support__segment=session1_main__practice=0,1297447.676968800,1297447.677222500
dynamic_sart_stimulus_offset__v=1__trial=474__condition=go__digit=4__block=2__phase=support__segment=session1_main__practice=0,1297447.956336800,1297447.956586100
dynamic_sart_response_window_close__v=1__trial=474__condition=go__digit=4__block=2__phase=support__segment=session1_main__practice=0,1297449.280556500,1297449.280784900
dynamic_sart_trial_complete__v=1__trial=474__condition=go__digit=4__block=2__phase=support__segment=session1_main__practice=0,1297449.280556500,1297449.288872400
dynamic_sart_stimulus_onset__v=1__trial=475__condition=go__digit=6__block=2__phase=support__segment=session1_main__practice=0,1297449.356290200,1297449.356994700
dynamic_sart_stimulus_offset__v=1__trial=475__condition=go__digit=6__block=2__phase=support__segment=session1_main__practice=0,1297449.633519100,1297449.634046500
dynamic_sart_response_window_close__v=1__trial=475__condition=go__digit=6__block=2__phase=support__segment=session1_main__practice=0,1297450.953079800,1297450.953312700
dynamic_sart_trial_complete__v=1__trial=475__condition=go__digit=6__block=2__phase=support__segment=session1_main__practice=0,1297450.953079800,1297450.961275500
dynamic_sart_stimulus_onset__v=1__trial=476__condition=go__digit=9__block=2__phase=support__segment=session1_main__practice=0,1297451.034452100,1297451.035002800
dynamic_sart_stimulus_offset__v=1__trial=476__condition=go__digit=9__block=2__phase=support__segment=session1_main__practice=0,1297451.304859500,1297451.305080400
dynamic_sart_response_window_close__v=1__trial=476__condition=go__digit=9__block=2__phase=support__segment=session1_main__practice=0,1297452.640314300,1297452.640559500
dynamic_sart_trial_complete__v=1__trial=476__condition=go__digit=9__block=2__phase=support__segment=session1_main__practice=0,1297452.640314300,1297452.648411000
dynamic_sart_stimulus_onset__v=1__trial=477__condition=go__digit=7__block=2__phase=support__segment=session1_main__practice=0,1297452.722998900,1297452.723231200
dynamic_sart_stimulus_offset__v=1__trial=477__condition=go__digit=7__block=2__phase=support__segment=session1_main__practice=0,1297453.001254100,1297453.001590000
dynamic_sart_response_window_close__v=1__trial=477__condition=go__digit=7__block=2__phase=support__segment=session1_main__practice=0,1297454.326383100,1297454.326622500
dynamic_sart_trial_complete__v=1__trial=477__condition=go__digit=7__block=2__phase=support__segment=session1_main__practice=0,1297454.326383100,1297454.334726200
dynamic_sart_stimulus_onset__v=1__trial=478__condition=go__digit=0__block=2__phase=support__segment=session1_main__practice=0,1297454.397597200,1297454.397792200
dynamic_sart_stimulus_offset__v=1__trial=478__condition=go__digit=0__block=2__phase=support__segment=session1_main__practice=0,1297454.671414900,1297454.671649600
dynamic_sart_response_window_close__v=1__trial=478__condition=go__digit=0__block=2__phase=support__segment=session1_main__practice=0,1297456.000352800,1297456.000574600
dynamic_sart_trial_complete__v=1__trial=478__condition=go__digit=0__block=2__phase=support__segment=session1_main__practice=0,1297456.000352800,1297456.008895900
dynamic_sart_stimulus_onset__v=1__trial=479__condition=go__digit=1__block=2__phase=support__segment=session1_main__practice=0,1297456.089131600,1297456.089359000
dynamic_sart_stimulus_offset__v=1__trial=479__condition=go__digit=1__block=2__phase=support__segment=session1_main__practice=0,1297456.351004100,1297456.351526700
dynamic_sart_response_window_close__v=1__trial=479__condition=go__digit=1__block=2__phase=support__segment=session1_main__practice=0,1297457.686442300,1297457.686668600
dynamic_sart_trial_complete__v=1__trial=479__condition=go__digit=1__block=2__phase=support__segment=session1_main__practice=0,1297457.686442300,1297457.698493200
dynamic_sart_stimulus_onset__v=1__trial=480__condition=no_go__digit=3__block=2__phase=support__segment=session1_main__practice=0,1297457.768361400,1297457.768595000
dynamic_sart_stimulus_offset__v=1__trial=480__condition=no_go__digit=3__block=2__phase=support__segment=session1_main__practice=0,1297458.040349500,1297458.040583100
dynamic_sart_response_window_close__v=1__trial=480__condition=no_go__digit=3__block=2__phase=support__segment=session1_main__practice=0,1297459.373082200,1297459.373314500
dynamic_sart_trial_complete__v=1__trial=480__condition=no_go__digit=3__block=2__phase=support__segment=session1_main__practice=0,1297459.373082200,1297459.380968900
dynamic_sart_stimulus_onset__v=1__trial=481__condition=go__digit=5__block=2__phase=support__segment=session1_main__practice=0,1297459.459175500,1297459.459405700
dynamic_sart_stimulus_offset__v=1__trial=481__condition=go__digit=5__block=2__phase=support__segment=session1_main__practice=0,1297459.743719000,1297459.744193100
dynamic_sart_response_window_close__v=1__trial=481__condition=go__digit=5__block=2__phase=support__segment=session1_main__practice=0,1297461.061749400,1297461.062000800
dynamic_sart_trial_complete__v=1__trial=481__condition=go__digit=5__block=2__phase=support__segment=session1_main__practice=0,1297461.061749400,1297461.071717500
dynamic_sart_stimulus_onset__v=1__trial=482__condition=go__digit=8__block=2__phase=support__segment=session1_main__practice=0,1297461.141750200,1297461.141984700
dynamic_sart_stimulus_offset__v=1__trial=482__condition=go__digit=8__block=2__phase=support__segment=session1_main__practice=0,1297461.426491300,1297461.427420100
dynamic_sart_response_window_close__v=1__trial=482__condition=go__digit=8__block=2__phase=support__segment=session1_main__practice=0,1297462.748404400,1297462.748627900
dynamic_sart_trial_complete__v=1__trial=482__condition=go__digit=8__block=2__phase=support__segment=session1_main__practice=0,1297462.748404400,1297462.756706800
dynamic_sart_stimulus_onset__v=1__trial=483__condition=go__digit=9__block=2__phase=support__segment=session1_main__practice=0,1297462.824370900,1297462.824595900
dynamic_sart_stimulus_offset__v=1__trial=483__condition=go__digit=9__block=2__phase=support__segment=session1_main__practice=0,1297463.088179900,1297463.088417100
dynamic_sart_response_window_close__v=1__trial=483__condition=go__digit=9__block=2__phase=support__segment=session1_main__practice=0,1297464.420978200,1297464.421205900
dynamic_sart_trial_complete__v=1__trial=483__condition=go__digit=9__block=2__phase=support__segment=session1_main__practice=0,1297464.420978200,1297464.429802700
dynamic_sart_stimulus_onset__v=1__trial=484__condition=go__digit=4__block=2__phase=support__segment=session1_main__practice=0,1297464.509018800,1297464.509330500
dynamic_sart_stimulus_offset__v=1__trial=484__condition=go__digit=4__block=2__phase=support__segment=session1_main__practice=0,1297464.774331900,1297464.774562300
dynamic_sart_response_window_close__v=1__trial=484__condition=go__digit=4__block=2__phase=support__segment=session1_main__practice=0,1297466.108600400,1297466.108797400
dynamic_sart_trial_complete__v=1__trial=484__condition=go__digit=4__block=2__phase=support__segment=session1_main__practice=0,1297466.108600400,1297466.116633600
dynamic_sart_stimulus_onset__v=1__trial=485__condition=go__digit=6__block=2__phase=support__segment=session1_main__practice=0,1297466.181287600,1297466.181486700
dynamic_sart_stimulus_offset__v=1__trial=485__condition=go__digit=6__block=2__phase=support__segment=session1_main__practice=0,1297466.459473800,1297466.459783200
dynamic_sart_response_window_close__v=1__trial=485__condition=go__digit=6__block=2__phase=support__segment=session1_main__practice=0,1297467.780810900,1297467.781047400
dynamic_sart_trial_complete__v=1__trial=485__condition=go__digit=6__block=2__phase=support__segment=session1_main__practice=0,1297467.780810900,1297467.794099800
dynamic_sart_stimulus_onset__v=1__trial=486__condition=no_go__digit=3__block=2__phase=support__segment=session1_main__practice=0,1297467.875655500,1297467.875858200
dynamic_sart_stimulus_offset__v=1__trial=486__condition=no_go__digit=3__block=2__phase=support__segment=session1_main__practice=0,1297468.150411300,1297468.150620300
dynamic_sart_response_window_close__v=1__trial=486__condition=no_go__digit=3__block=2__phase=support__segment=session1_main__practice=0,1297469.482336500,1297469.482551900
dynamic_sart_trial_complete__v=1__trial=486__condition=no_go__digit=3__block=2__phase=support__segment=session1_main__practice=0,1297469.482336500,1297469.490637500
dynamic_sart_stimulus_onset__v=1__trial=487__condition=go__digit=5__block=2__phase=support__segment=session1_main__practice=0,1297469.577169100,1297469.577395100
dynamic_sart_stimulus_offset__v=1__trial=487__condition=go__digit=5__block=2__phase=support__segment=session1_main__practice=0,1297469.856524000,1297469.856744100
dynamic_sart_response_window_close__v=1__trial=487__condition=go__digit=5__block=2__phase=support__segment=session1_main__practice=0,1297471.187140200,1297471.187377800
dynamic_sart_trial_complete__v=1__trial=487__condition=go__digit=5__block=2__phase=support__segment=session1_main__practice=0,1297471.187140200,1297471.195638800
dynamic_sart_stimulus_onset__v=1__trial=488__condition=go__digit=2__block=2__phase=support__segment=session1_main__practice=0,1297471.273433300,1297471.273695100
dynamic_sart_stimulus_offset__v=1__trial=488__condition=go__digit=2__block=2__phase=support__segment=session1_main__practice=0,1297471.537138400,1297471.537373900
dynamic_sart_response_window_close__v=1__trial=488__condition=go__digit=2__block=2__phase=support__segment=session1_main__practice=0,1297472.872923900,1297472.873313600
dynamic_sart_trial_complete__v=1__trial=488__condition=go__digit=2__block=2__phase=support__segment=session1_main__practice=0,1297472.872923900,1297472.881584600
dynamic_sart_stimulus_onset__v=1__trial=489__condition=go__digit=1__block=2__phase=support__segment=session1_main__practice=0,1297472.948650000,1297472.948858700
dynamic_sart_stimulus_offset__v=1__trial=489__condition=go__digit=1__block=2__phase=support__segment=session1_main__practice=0,1297473.213069700,1297473.213275900
dynamic_sart_response_window_close__v=1__trial=489__condition=go__digit=1__block=2__phase=support__segment=session1_main__practice=0,1297474.545153700,1297474.545373600
dynamic_sart_trial_complete__v=1__trial=489__condition=go__digit=1__block=2__phase=support__segment=session1_main__practice=0,1297474.545153700,1297474.553972800
dynamic_sart_stimulus_onset__v=1__trial=490__condition=go__digit=8__block=2__phase=support__segment=session1_main__practice=0,1297474.616580600,1297474.616712000
dynamic_sart_stimulus_offset__v=1__trial=490__condition=go__digit=8__block=2__phase=support__segment=session1_main__practice=0,1297474.894525400,1297474.894778100
dynamic_sart_response_window_close__v=1__trial=490__condition=go__digit=8__block=2__phase=support__segment=session1_main__practice=0,1297476.216456800,1297476.216667700
dynamic_sart_trial_complete__v=1__trial=490__condition=go__digit=8__block=2__phase=support__segment=session1_main__practice=0,1297476.216456800,1297476.226552600
dynamic_sart_stimulus_onset__v=1__trial=491__condition=go__digit=7__block=2__phase=support__segment=session1_main__practice=0,1297476.289752800,1297476.290022500
dynamic_sart_stimulus_offset__v=1__trial=491__condition=go__digit=7__block=2__phase=support__segment=session1_main__practice=0,1297476.552545000,1297476.552863900
dynamic_sart_response_window_close__v=1__trial=491__condition=go__digit=7__block=2__phase=support__segment=session1_main__practice=0,1297477.891042900,1297477.891251100
dynamic_sart_trial_complete__v=1__trial=491__condition=go__digit=7__block=2__phase=support__segment=session1_main__practice=0,1297477.891042900,1297477.902761700
dynamic_sart_stimulus_onset__v=1__trial=492__condition=go__digit=0__block=2__phase=support__segment=session1_main__practice=0,1297477.972501300,1297477.972746800
dynamic_sart_stimulus_offset__v=1__trial=492__condition=go__digit=0__block=2__phase=support__segment=session1_main__practice=0,1297478.233507700,1297478.233795300
dynamic_sart_response_window_close__v=1__trial=492__condition=go__digit=0__block=2__phase=support__segment=session1_main__practice=0,1297479.576389100,1297479.576610500
dynamic_sart_trial_complete__v=1__trial=492__condition=go__digit=0__block=2__phase=support__segment=session1_main__practice=0,1297479.576389100,1297479.584800400
dynamic_sart_stimulus_onset__v=1__trial=493__condition=no_go__digit=3__block=2__phase=support__segment=session1_main__practice=0,1297479.631775400,1297479.631974400
dynamic_sart_stimulus_offset__v=1__trial=493__condition=no_go__digit=3__block=2__phase=support__segment=session1_main__practice=0,1297479.900909500,1297479.901142600
dynamic_sart_response_window_close__v=1__trial=493__condition=no_go__digit=3__block=2__phase=support__segment=session1_main__practice=0,1297481.234572300,1297481.234795200
dynamic_sart_trial_complete__v=1__trial=493__condition=no_go__digit=3__block=2__phase=support__segment=session1_main__practice=0,1297481.234572300,1297481.244776500
dynamic_sart_stimulus_onset__v=1__trial=494__condition=go__digit=6__block=2__phase=support__segment=session1_main__practice=0,1297481.298751900,1297481.298901200
dynamic_sart_stimulus_offset__v=1__trial=494__condition=go__digit=6__block=2__phase=support__segment=session1_main__practice=0,1297481.575567000,1297481.575768700
dynamic_sart_response_window_close__v=1__trial=494__condition=go__digit=6__block=2__phase=support__segment=session1_main__practice=0,1297482.906581700,1297482.906808000
dynamic_sart_trial_complete__v=1__trial=494__condition=go__digit=6__block=2__phase=support__segment=session1_main__practice=0,1297482.906581700,1297482.914570900
dynamic_sart_stimulus_onset__v=1__trial=495__condition=go__digit=7__block=2__phase=support__segment=session1_main__practice=0,1297482.972434800,1297482.972681700
dynamic_sart_stimulus_offset__v=1__trial=495__condition=go__digit=7__block=2__phase=support__segment=session1_main__practice=0,1297483.255235400,1297483.255707300
dynamic_sart_response_window_close__v=1__trial=495__condition=go__digit=7__block=2__phase=support__segment=session1_main__practice=0,1297484.577358600,1297484.577561300
dynamic_sart_trial_complete__v=1__trial=495__condition=go__digit=7__block=2__phase=support__segment=session1_main__practice=0,1297484.577358600,1297484.585661100
dynamic_sart_stimulus_onset__v=1__trial=496__condition=go__digit=9__block=2__phase=support__segment=session1_main__practice=0,1297484.634257900,1297484.634466300
dynamic_sart_stimulus_offset__v=1__trial=496__condition=go__digit=9__block=2__phase=support__segment=session1_main__practice=0,1297484.894509200,1297484.894807800
dynamic_sart_response_window_close__v=1__trial=496__condition=go__digit=9__block=2__phase=support__segment=session1_main__practice=0,1297486.232407600,1297486.232671400
dynamic_sart_trial_complete__v=1__trial=496__condition=go__digit=9__block=2__phase=support__segment=session1_main__practice=0,1297486.232407600,1297486.240893800
dynamic_sart_stimulus_onset__v=1__trial=497__condition=go__digit=4__block=2__phase=support__segment=session1_main__practice=0,1297486.296013100,1297486.296226800
dynamic_sart_stimulus_offset__v=1__trial=497__condition=go__digit=4__block=2__phase=support__segment=session1_main__practice=0,1297486.561160900,1297486.561477000
dynamic_sart_response_window_close__v=1__trial=497__condition=go__digit=4__block=2__phase=support__segment=session1_main__practice=0,1297487.906527800,1297487.906744700
dynamic_sart_trial_complete__v=1__trial=497__condition=go__digit=4__block=2__phase=support__segment=session1_main__practice=0,1297487.906527800,1297487.917774900
dynamic_sart_stimulus_onset__v=1__trial=498__condition=go__digit=8__block=2__phase=support__segment=session1_main__practice=0,1297487.981088900,1297487.981311900
dynamic_sart_stimulus_offset__v=1__trial=498__condition=go__digit=8__block=2__phase=support__segment=session1_main__practice=0,1297488.248386800,1297488.248626300
dynamic_sart_response_window_close__v=1__trial=498__condition=go__digit=8__block=2__phase=support__segment=session1_main__practice=0,1297489.575860700,1297489.576106000
dynamic_sart_trial_complete__v=1__trial=498__condition=go__digit=8__block=2__phase=support__segment=session1_main__practice=0,1297489.575860700,1297489.583892000
dynamic_sart_stimulus_onset__v=1__trial=499__condition=go__digit=1__block=2__phase=support__segment=session1_main__practice=0,1297489.633359400,1297489.633515800
dynamic_sart_stimulus_offset__v=1__trial=499__condition=go__digit=1__block=2__phase=support__segment=session1_main__practice=0,1297489.906043500,1297489.906293300
dynamic_sart_response_window_close__v=1__trial=499__condition=go__digit=1__block=2__phase=support__segment=session1_main__practice=0,1297491.232440000,1297491.232659600
dynamic_sart_trial_complete__v=1__trial=499__condition=go__digit=1__block=2__phase=support__segment=session1_main__practice=0,1297491.232440000,1297491.240871800
dynamic_sart_stimulus_onset__v=1__trial=500__condition=no_go__digit=3__block=2__phase=support__segment=session1_main__practice=0,1297491.295307100,1297491.295512300
dynamic_sart_stimulus_offset__v=1__trial=500__condition=no_go__digit=3__block=2__phase=support__segment=session1_main__practice=0,1297491.563497500,1297491.563782900
dynamic_sart_response_window_close__v=1__trial=500__condition=no_go__digit=3__block=2__phase=support__segment=session1_main__practice=0,1297492.904038300,1297492.904243700
dynamic_sart_trial_complete__v=1__trial=500__condition=no_go__digit=3__block=2__phase=support__segment=session1_main__practice=0,1297492.904038300,1297492.912311400
dynamic_sart_block_end__block=2__phase=support,1297492.916766300,1297492.916859100
dynamic_sart_support_complete,1297493.218337000,1297493.218533400
dynamic_sart_break_start__block=2,1297493.224937300,1297493.225137800
dynamic_sart_break_end__block=2,1297544.983204500,1297544.983350700
dynamic_sart_block_start__block=3__phase=query,1297544.991601100,1297544.991726000
dynamic_sart_stimulus_onset__v=1__trial=501__condition=go__digit=8__block=3__phase=query__segment=session1_main__practice=0,1297545.055386800,1297545.055624100
dynamic_sart_stimulus_offset__v=1__trial=501__condition=go__digit=8__block=3__phase=query__segment=session1_main__practice=0,1297545.316685100,1297545.317211100
dynamic_sart_response_window_close__v=1__trial=501__condition=go__digit=8__block=3__phase=query__segment=session1_main__practice=0,1297546.654966200,1297546.655170000
dynamic_sart_trial_complete__v=1__trial=501__condition=go__digit=8__block=3__phase=query__segment=session1_main__practice=0,1297546.654966200,1297546.662841500
dynamic_sart_stimulus_onset__v=1__trial=502__condition=go__digit=2__block=3__phase=query__segment=session1_main__practice=0,1297546.739094600,1297546.739320200
dynamic_sart_stimulus_offset__v=1__trial=502__condition=go__digit=2__block=3__phase=query__segment=session1_main__practice=0,1297547.024502600,1297547.024826700
dynamic_sart_response_window_close__v=1__trial=502__condition=go__digit=2__block=3__phase=query__segment=session1_main__practice=0,1297548.342918300,1297548.343158400
dynamic_sart_trial_complete__v=1__trial=502__condition=go__digit=2__block=3__phase=query__segment=session1_main__practice=0,1297548.342918300,1297548.352634700
dynamic_sart_stimulus_onset__v=1__trial=503__condition=go__digit=5__block=3__phase=query__segment=session1_main__practice=0,1297548.417332600,1297548.417715700
dynamic_sart_stimulus_offset__v=1__trial=503__condition=go__digit=5__block=3__phase=query__segment=session1_main__practice=0,1297548.691065500,1297548.691300100
dynamic_sart_response_window_close__v=1__trial=503__condition=go__digit=5__block=3__phase=query__segment=session1_main__practice=0,1297550.015781100,1297550.016000100
dynamic_sart_trial_complete__v=1__trial=503__condition=go__digit=5__block=3__phase=query__segment=session1_main__practice=0,1297550.015781100,1297550.024514500
dynamic_sart_stimulus_onset__v=1__trial=504__condition=go__digit=4__block=3__phase=query__segment=session1_main__practice=0,1297550.091734900,1297550.091965000
dynamic_sart_stimulus_offset__v=1__trial=504__condition=go__digit=4__block=3__phase=query__segment=session1_main__practice=0,1297550.384382000,1297550.384656400
dynamic_sart_response_window_close__v=1__trial=504__condition=go__digit=4__block=3__phase=query__segment=session1_main__practice=0,1297551.702318100,1297551.702529300
dynamic_sart_trial_complete__v=1__trial=504__condition=go__digit=4__block=3__phase=query__segment=session1_main__practice=0,1297551.702318100,1297551.710807600
dynamic_sart_stimulus_onset__v=1__trial=505__condition=no_go__digit=3__block=3__phase=query__segment=session1_main__practice=0,1297551.766276800,1297551.766503600
dynamic_sart_stimulus_offset__v=1__trial=505__condition=no_go__digit=3__block=3__phase=query__segment=session1_main__practice=0,1297552.034166000,1297552.034390400
dynamic_sart_response_window_close__v=1__trial=505__condition=no_go__digit=3__block=3__phase=query__segment=session1_main__practice=0,1297553.373232700,1297553.373446600
dynamic_sart_trial_complete__v=1__trial=505__condition=no_go__digit=3__block=3__phase=query__segment=session1_main__practice=0,1297553.373232700,1297553.382048100
dynamic_sart_stimulus_onset__v=1__trial=506__condition=go__digit=6__block=3__phase=query__segment=session1_main__practice=0,1297553.457294200,1297553.457520200
dynamic_sart_stimulus_offset__v=1__trial=506__condition=go__digit=6__block=3__phase=query__segment=session1_main__practice=0,1297553.743092500,1297553.743326500
dynamic_sart_response_window_close__v=1__trial=506__condition=go__digit=6__block=3__phase=query__segment=session1_main__practice=0,1297555.061627000,1297555.061854500
dynamic_sart_trial_complete__v=1__trial=506__condition=go__digit=6__block=3__phase=query__segment=session1_main__practice=0,1297555.061627000,1297555.073557600
dynamic_sart_stimulus_onset__v=1__trial=507__condition=go__digit=9__block=3__phase=query__segment=session1_main__practice=0,1297555.141718900,1297555.141949100
dynamic_sart_stimulus_offset__v=1__trial=507__condition=go__digit=9__block=3__phase=query__segment=session1_main__practice=0,1297555.412257900,1297555.412462000
dynamic_sart_response_window_close__v=1__trial=507__condition=go__digit=9__block=3__phase=query__segment=session1_main__practice=0,1297556.748609500,1297556.748859300
dynamic_sart_trial_complete__v=1__trial=507__condition=go__digit=9__block=3__phase=query__segment=session1_main__practice=0,1297556.748609500,1297556.757328000
dynamic_sart_stimulus_onset__v=1__trial=508__condition=go__digit=0__block=3__phase=query__segment=session1_main__practice=0,1297556.822956200,1297556.823727700
dynamic_sart_stimulus_offset__v=1__trial=508__condition=go__digit=0__block=3__phase=query__segment=session1_main__practice=0,1297557.094387800,1297557.094608700
dynamic_sart_response_window_close__v=1__trial=508__condition=go__digit=0__block=3__phase=query__segment=session1_main__practice=0,1297558.420535100,1297558.420902200
dynamic_sart_trial_complete__v=1__trial=508__condition=go__digit=0__block=3__phase=query__segment=session1_main__practice=0,1297558.420535100,1297558.428707100
dynamic_sart_stimulus_onset__v=1__trial=509__condition=go__digit=7__block=3__phase=query__segment=session1_main__practice=0,1297558.489948000,1297558.490191400
dynamic_sart_stimulus_offset__v=1__trial=509__condition=go__digit=7__block=3__phase=query__segment=session1_main__practice=0,1297558.776424900,1297558.776715600
dynamic_sart_response_window_close__v=1__trial=509__condition=go__digit=7__block=3__phase=query__segment=session1_main__practice=0,1297560.092618800,1297560.092894200
dynamic_sart_trial_complete__v=1__trial=509__condition=go__digit=7__block=3__phase=query__segment=session1_main__practice=0,1297560.092618800,1297560.101074800
dynamic_sart_stimulus_onset__v=1__trial=510__condition=go__digit=1__block=3__phase=query__segment=session1_main__practice=0,1297560.165020000,1297560.166156600
dynamic_sart_stimulus_offset__v=1__trial=510__condition=go__digit=1__block=3__phase=query__segment=session1_main__practice=0,1297560.431696600,1297560.432265800
dynamic_sart_response_window_close__v=1__trial=510__condition=go__digit=1__block=3__phase=query__segment=session1_main__practice=0,1297561.763672500,1297561.763906500
dynamic_sart_trial_complete__v=1__trial=510__condition=go__digit=1__block=3__phase=query__segment=session1_main__practice=0,1297561.763672500,1297561.771769700
dynamic_sart_stimulus_onset__v=1__trial=511__condition=go__digit=0__block=3__phase=query__segment=session1_main__practice=0,1297561.833942300,1297561.834143400
dynamic_sart_stimulus_offset__v=1__trial=511__condition=go__digit=0__block=3__phase=query__segment=session1_main__practice=0,1297562.107589800,1297562.107748200
dynamic_sart_response_window_close__v=1__trial=511__condition=go__digit=0__block=3__phase=query__segment=session1_main__practice=0,1297563.436752000,1297563.436977500
dynamic_sart_trial_complete__v=1__trial=511__condition=go__digit=0__block=3__phase=query__segment=session1_main__practice=0,1297563.436752000,1297563.445117600
dynamic_sart_stimulus_onset__v=1__trial=512__condition=no_go__digit=3__block=3__phase=query__segment=session1_main__practice=0,1297563.511592300,1297563.511924600
dynamic_sart_stimulus_offset__v=1__trial=512__condition=no_go__digit=3__block=3__phase=query__segment=session1_main__practice=0,1297563.777535000,1297563.777754500
dynamic_sart_response_window_close__v=1__trial=512__condition=no_go__digit=3__block=3__phase=query__segment=session1_main__practice=0,1297565.109555100,1297565.109784500
dynamic_sart_trial_complete__v=1__trial=512__condition=no_go__digit=3__block=3__phase=query__segment=session1_main__practice=0,1297565.109555100,1297565.123045800
dynamic_sart_stimulus_onset__v=1__trial=513__condition=go__digit=7__block=3__phase=query__segment=session1_main__practice=0,1297565.189398400,1297565.189622300
dynamic_sart_stimulus_offset__v=1__trial=513__condition=go__digit=7__block=3__phase=query__segment=session1_main__practice=0,1297565.463165400,1297565.463370400
dynamic_sart_response_window_close__v=1__trial=513__condition=go__digit=7__block=3__phase=query__segment=session1_main__practice=0,1297566.796171700,1297566.796349800
dynamic_sart_trial_complete__v=1__trial=513__condition=go__digit=7__block=3__phase=query__segment=session1_main__practice=0,1297566.796171700,1297566.804250000
dynamic_sart_stimulus_onset__v=1__trial=514__condition=go__digit=6__block=3__phase=query__segment=session1_main__practice=0,1297566.844063400,1297566.844254300
dynamic_sart_stimulus_offset__v=1__trial=514__condition=go__digit=6__block=3__phase=query__segment=session1_main__practice=0,1297567.111667400,1297567.111962200
dynamic_sart_response_window_close__v=1__trial=514__condition=go__digit=6__block=3__phase=query__segment=session1_main__practice=0,1297568.451630900,1297568.452013200
dynamic_sart_trial_complete__v=1__trial=514__condition=go__digit=6__block=3__phase=query__segment=session1_main__practice=0,1297568.451630900,1297568.459975800
dynamic_sart_stimulus_onset__v=1__trial=515__condition=go__digit=2__block=3__phase=query__segment=session1_main__practice=0,1297568.514984600,1297568.515105600
dynamic_sart_stimulus_offset__v=1__trial=515__condition=go__digit=2__block=3__phase=query__segment=session1_main__practice=0,1297568.783345100,1297568.783536100
dynamic_sart_response_window_close__v=1__trial=515__condition=go__digit=2__block=3__phase=query__segment=session1_main__practice=0,1297570.124183000,1297570.124403500
dynamic_sart_trial_complete__v=1__trial=515__condition=go__digit=2__block=3__phase=query__segment=session1_main__practice=0,1297570.124183000,1297570.132930700
dynamic_sart_stimulus_onset__v=1__trial=516__condition=go__digit=5__block=3__phase=query__segment=session1_main__practice=0,1297570.192359500,1297570.192577900
dynamic_sart_stimulus_offset__v=1__trial=516__condition=go__digit=5__block=3__phase=query__segment=session1_main__practice=0,1297570.476258700,1297570.476764600
dynamic_sart_response_window_close__v=1__trial=516__condition=go__digit=5__block=3__phase=query__segment=session1_main__practice=0,1297571.796141600,1297571.796566200
dynamic_sart_trial_complete__v=1__trial=516__condition=go__digit=5__block=3__phase=query__segment=session1_main__practice=0,1297571.796141600,1297571.804341400
dynamic_sart_stimulus_onset__v=1__trial=517__condition=go__digit=9__block=3__phase=query__segment=session1_main__practice=0,1297571.856289000,1297571.856494900
dynamic_sart_stimulus_offset__v=1__trial=517__condition=go__digit=9__block=3__phase=query__segment=session1_main__practice=0,1297572.126043900,1297572.126200100
dynamic_sart_response_window_close__v=1__trial=517__condition=go__digit=9__block=3__phase=query__segment=session1_main__practice=0,1297573.451578700,1297573.451815200
dynamic_sart_trial_complete__v=1__trial=517__condition=go__digit=9__block=3__phase=query__segment=session1_main__practice=0,1297573.451578700,1297573.459480500
dynamic_sart_stimulus_onset__v=1__trial=518__condition=no_go__digit=3__block=3__phase=query__segment=session1_main__practice=0,1297573.515181000,1297573.515335900
dynamic_sart_stimulus_offset__v=1__trial=518__condition=no_go__digit=3__block=3__phase=query__segment=session1_main__practice=0,1297573.780834600,1297573.781054900
dynamic_sart_response_window_close__v=1__trial=518__condition=no_go__digit=3__block=3__phase=query__segment=session1_main__practice=0,1297575.124690900,1297575.124919500
dynamic_sart_trial_complete__v=1__trial=518__condition=no_go__digit=3__block=3__phase=query__segment=session1_main__practice=0,1297575.124690900,1297575.136063000
dynamic_sart_stimulus_onset__v=1__trial=519__condition=go__digit=1__block=3__phase=query__segment=session1_main__practice=0,1297575.209111600,1297575.209342900
dynamic_sart_stimulus_offset__v=1__trial=519__condition=go__digit=1__block=3__phase=query__segment=session1_main__practice=0,1297575.484446700,1297575.484681000
dynamic_sart_response_window_close__v=1__trial=519__condition=go__digit=1__block=3__phase=query__segment=session1_main__practice=0,1297576.810719100,1297576.810946800
dynamic_sart_trial_complete__v=1__trial=519__condition=go__digit=1__block=3__phase=query__segment=session1_main__practice=0,1297576.810719100,1297576.818555900
dynamic_sart_stimulus_onset__v=1__trial=520__condition=go__digit=8__block=3__phase=query__segment=session1_main__practice=0,1297576.871005800,1297576.871236200
dynamic_sart_stimulus_offset__v=1__trial=520__condition=go__digit=8__block=3__phase=query__segment=session1_main__practice=0,1297577.141121800,1297577.141347900
dynamic_sart_response_window_close__v=1__trial=520__condition=go__digit=8__block=3__phase=query__segment=session1_main__practice=0,1297578.468223100,1297578.468444100
dynamic_sart_trial_complete__v=1__trial=520__condition=go__digit=8__block=3__phase=query__segment=session1_main__practice=0,1297578.468223100,1297578.474975100
dynamic_sart_stimulus_onset__v=1__trial=521__condition=go__digit=4__block=3__phase=query__segment=session1_main__practice=0,1297578.531111000,1297578.531377500
dynamic_sart_stimulus_offset__v=1__trial=521__condition=go__digit=4__block=3__phase=query__segment=session1_main__practice=0,1297578.806263300,1297578.806497800
dynamic_sart_response_window_close__v=1__trial=521__condition=go__digit=4__block=3__phase=query__segment=session1_main__practice=0,1297580.141001200,1297580.141240100
dynamic_sart_trial_complete__v=1__trial=521__condition=go__digit=4__block=3__phase=query__segment=session1_main__practice=0,1297580.141001200,1297580.148709400
dynamic_sart_stimulus_onset__v=1__trial=522__condition=go__digit=9__block=3__phase=query__segment=session1_main__practice=0,1297580.206250600,1297580.206470500
dynamic_sart_stimulus_offset__v=1__trial=522__condition=go__digit=9__block=3__phase=query__segment=session1_main__practice=0,1297580.489826200,1297580.490063800
dynamic_sart_response_window_close__v=1__trial=522__condition=go__digit=9__block=3__phase=query__segment=session1_main__practice=0,1297581.811426300,1297581.811681700
dynamic_sart_trial_complete__v=1__trial=522__condition=go__digit=9__block=3__phase=query__segment=session1_main__practice=0,1297581.811426300,1297581.819521100
dynamic_sart_stimulus_onset__v=1__trial=523__condition=go__digit=0__block=3__phase=query__segment=session1_main__practice=0,1297581.872935100,1297581.873446000
dynamic_sart_stimulus_offset__v=1__trial=523__condition=go__digit=0__block=3__phase=query__segment=session1_main__practice=0,1297582.140167000,1297582.140379400
dynamic_sart_response_window_close__v=1__trial=523__condition=go__digit=0__block=3__phase=query__segment=session1_main__practice=0,1297583.466831000,1297583.467092300
dynamic_sart_trial_complete__v=1__trial=523__condition=go__digit=0__block=3__phase=query__segment=session1_main__practice=0,1297583.466831000,1297583.475004700
dynamic_sart_stimulus_onset__v=1__trial=524__condition=go__digit=2__block=3__phase=query__segment=session1_main__practice=0,1297583.537878000,1297583.538175600
dynamic_sart_stimulus_offset__v=1__trial=524__condition=go__digit=2__block=3__phase=query__segment=session1_main__practice=0,1297583.793190000,1297583.793478800
dynamic_sart_response_window_close__v=1__trial=524__condition=go__digit=2__block=3__phase=query__segment=session1_main__practice=0,1297585.139629900,1297585.139853000
dynamic_sart_trial_complete__v=1__trial=524__condition=go__digit=2__block=3__phase=query__segment=session1_main__practice=0,1297585.139629900,1297585.152372100
dynamic_sart_stimulus_onset__v=1__trial=525__condition=no_go__digit=3__block=3__phase=query__segment=session1_main__practice=0,1297585.220652100,1297585.220873000
dynamic_sart_stimulus_offset__v=1__trial=525__condition=no_go__digit=3__block=3__phase=query__segment=session1_main__practice=0,1297585.505916700,1297585.506153800
dynamic_sart_response_window_close__v=1__trial=525__condition=no_go__digit=3__block=3__phase=query__segment=session1_main__practice=0,1297586.826892100,1297586.827128000
dynamic_sart_trial_complete__v=1__trial=525__condition=no_go__digit=3__block=3__phase=query__segment=session1_main__practice=0,1297586.826892100,1297586.835380200
dynamic_sart_stimulus_onset__v=1__trial=526__condition=go__digit=6__block=3__phase=query__segment=session1_main__practice=0,1297586.889591400,1297586.889824900
dynamic_sart_stimulus_offset__v=1__trial=526__condition=go__digit=6__block=3__phase=query__segment=session1_main__practice=0,1297587.175932600,1297587.176152800
dynamic_sart_response_window_close__v=1__trial=526__condition=go__digit=6__block=3__phase=query__segment=session1_main__practice=0,1297588.499756600,1297588.499986300
dynamic_sart_trial_complete__v=1__trial=526__condition=go__digit=6__block=3__phase=query__segment=session1_main__practice=0,1297588.499756600,1297588.508436000
dynamic_sart_stimulus_onset__v=1__trial=527__condition=go__digit=4__block=3__phase=query__segment=session1_main__practice=0,1297588.579844700,1297588.580071600
dynamic_sart_stimulus_offset__v=1__trial=527__condition=go__digit=4__block=3__phase=query__segment=session1_main__practice=0,1297588.848452500,1297588.848574700
dynamic_sart_response_window_close__v=1__trial=527__condition=go__digit=4__block=3__phase=query__segment=session1_main__practice=0,1297590.186946800,1297590.187177700
dynamic_sart_trial_complete__v=1__trial=527__condition=go__digit=4__block=3__phase=query__segment=session1_main__practice=0,1297590.186946800,1297590.194589600
dynamic_sart_stimulus_onset__v=1__trial=528__condition=go__digit=1__block=3__phase=query__segment=session1_main__practice=0,1297590.257577900,1297590.257817900
dynamic_sart_stimulus_offset__v=1__trial=528__condition=go__digit=1__block=3__phase=query__segment=session1_main__practice=0,1297590.518224400,1297590.519085900
dynamic_sart_response_window_close__v=1__trial=528__condition=go__digit=1__block=3__phase=query__segment=session1_main__practice=0,1297591.858202800,1297591.858453300
dynamic_sart_trial_complete__v=1__trial=528__condition=go__digit=1__block=3__phase=query__segment=session1_main__practice=0,1297591.858202800,1297591.865916500
dynamic_sart_stimulus_onset__v=1__trial=529__condition=go__digit=5__block=3__phase=query__segment=session1_main__practice=0,1297591.916456900,1297591.916615500
dynamic_sart_stimulus_offset__v=1__trial=529__condition=go__digit=5__block=3__phase=query__segment=session1_main__practice=0,1297592.188574000,1297592.188790400
dynamic_sart_response_window_close__v=1__trial=529__condition=go__digit=5__block=3__phase=query__segment=session1_main__practice=0,1297593.515815300,1297593.516133800
dynamic_sart_trial_complete__v=1__trial=529__condition=go__digit=5__block=3__phase=query__segment=session1_main__practice=0,1297593.515815300,1297593.525519600
dynamic_sart_stimulus_onset__v=1__trial=530__condition=go__digit=7__block=3__phase=query__segment=session1_main__practice=0,1297593.601707700,1297593.602335600
dynamic_sart_stimulus_offset__v=1__trial=530__condition=go__digit=7__block=3__phase=query__segment=session1_main__practice=0,1297593.864628300,1297593.864877400
dynamic_sart_response_window_close__v=1__trial=530__condition=go__digit=7__block=3__phase=query__segment=session1_main__practice=0,1297595.201234300,1297595.201459200
dynamic_sart_trial_complete__v=1__trial=530__condition=go__digit=7__block=3__phase=query__segment=session1_main__practice=0,1297595.201234300,1297595.212161600
dynamic_sart_stimulus_onset__v=1__trial=531__condition=no_go__digit=3__block=3__phase=query__segment=session1_main__practice=0,1297595.265376000,1297595.265506600
dynamic_sart_stimulus_offset__v=1__trial=531__condition=no_go__digit=3__block=3__phase=query__segment=session1_main__practice=0,1297595.542593700,1297595.542865800
dynamic_sart_response_window_close__v=1__trial=531__condition=no_go__digit=3__block=3__phase=query__segment=session1_main__practice=0,1297596.873172500,1297596.873410800
dynamic_sart_trial_complete__v=1__trial=531__condition=no_go__digit=3__block=3__phase=query__segment=session1_main__practice=0,1297596.873172500,1297596.880613200
dynamic_sart_stimulus_onset__v=1__trial=532__condition=go__digit=8__block=3__phase=query__segment=session1_main__practice=0,1297596.931177600,1297596.931416900
dynamic_sart_stimulus_offset__v=1__trial=532__condition=go__digit=8__block=3__phase=query__segment=session1_main__practice=0,1297597.192002600,1297597.192534500
dynamic_sart_response_window_close__v=1__trial=532__condition=go__digit=8__block=3__phase=query__segment=session1_main__practice=0,1297598.530813800,1297598.531031200
dynamic_sart_trial_complete__v=1__trial=532__condition=go__digit=8__block=3__phase=query__segment=session1_main__practice=0,1297598.530813800,1297598.539482200
dynamic_sart_stimulus_onset__v=1__trial=533__condition=go__digit=4__block=3__phase=query__segment=session1_main__practice=0,1297598.597584300,1297598.597809700
dynamic_sart_stimulus_offset__v=1__trial=533__condition=go__digit=4__block=3__phase=query__segment=session1_main__practice=0,1297598.871083800,1297598.871302300
dynamic_sart_response_window_close__v=1__trial=533__condition=go__digit=4__block=3__phase=query__segment=session1_main__practice=0,1297600.203286900,1297600.203524600
dynamic_sart_trial_complete__v=1__trial=533__condition=go__digit=4__block=3__phase=query__segment=session1_main__practice=0,1297600.203286900,1297600.211822500
dynamic_sart_stimulus_onset__v=1__trial=534__condition=go__digit=2__block=3__phase=query__segment=session1_main__practice=0,1297600.265581900,1297600.265727000
dynamic_sart_stimulus_offset__v=1__trial=534__condition=go__digit=2__block=3__phase=query__segment=session1_main__practice=0,1297600.540273800,1297600.540507300
dynamic_sart_response_window_close__v=1__trial=534__condition=go__digit=2__block=3__phase=query__segment=session1_main__practice=0,1297601.872767900,1297601.872974500
dynamic_sart_trial_complete__v=1__trial=534__condition=go__digit=2__block=3__phase=query__segment=session1_main__practice=0,1297601.872767900,1297601.881112200
dynamic_sart_stimulus_onset__v=1__trial=535__condition=go__digit=0__block=3__phase=query__segment=session1_main__practice=0,1297601.939943100,1297601.940175200
dynamic_sart_stimulus_offset__v=1__trial=535__condition=go__digit=0__block=3__phase=query__segment=session1_main__practice=0,1297602.227696100,1297602.227934500
dynamic_sart_response_window_close__v=1__trial=535__condition=go__digit=0__block=3__phase=query__segment=session1_main__practice=0,1297603.546676900,1297603.546899500
dynamic_sart_trial_complete__v=1__trial=535__condition=go__digit=0__block=3__phase=query__segment=session1_main__practice=0,1297603.546676900,1297603.555787700
dynamic_sart_stimulus_onset__v=1__trial=536__condition=go__digit=9__block=3__phase=query__segment=session1_main__practice=0,1297603.630652400,1297603.630879500
dynamic_sart_stimulus_offset__v=1__trial=536__condition=go__digit=9__block=3__phase=query__segment=session1_main__practice=0,1297603.909950400,1297603.910171500
dynamic_sart_response_window_close__v=1__trial=536__condition=go__digit=9__block=3__phase=query__segment=session1_main__practice=0,1297605.232387300,1297605.232741100
dynamic_sart_trial_complete__v=1__trial=536__condition=go__digit=9__block=3__phase=query__segment=session1_main__practice=0,1297605.232387300,1297605.243703700
dynamic_sart_stimulus_onset__v=1__trial=537__condition=go__digit=7__block=3__phase=query__segment=session1_main__practice=0,1297605.306074200,1297605.306328500
dynamic_sart_stimulus_offset__v=1__trial=537__condition=go__digit=7__block=3__phase=query__segment=session1_main__practice=0,1297605.572553000,1297605.572793000
dynamic_sart_response_window_close__v=1__trial=537__condition=go__digit=7__block=3__phase=query__segment=session1_main__practice=0,1297606.904646400,1297606.904887700
dynamic_sart_trial_complete__v=1__trial=537__condition=go__digit=7__block=3__phase=query__segment=session1_main__practice=0,1297606.904646400,1297606.912959400
dynamic_sart_stimulus_onset__v=1__trial=538__condition=no_go__digit=3__block=3__phase=query__segment=session1_main__practice=0,1297606.976034100,1297606.976258900
dynamic_sart_stimulus_offset__v=1__trial=538__condition=no_go__digit=3__block=3__phase=query__segment=session1_main__practice=0,1297607.256010500,1297607.256243600
dynamic_sart_response_window_close__v=1__trial=538__condition=no_go__digit=3__block=3__phase=query__segment=session1_main__practice=0,1297608.576803400,1297608.576981900
dynamic_sart_trial_complete__v=1__trial=538__condition=no_go__digit=3__block=3__phase=query__segment=session1_main__practice=0,1297608.576803400,1297608.584969100
dynamic_sart_stimulus_onset__v=1__trial=539__condition=go__digit=5__block=3__phase=query__segment=session1_main__practice=0,1297608.633097900,1297608.633308700
dynamic_sart_stimulus_offset__v=1__trial=539__condition=go__digit=5__block=3__phase=query__segment=session1_main__practice=0,1297608.902951000,1297608.903199200
dynamic_sart_response_window_close__v=1__trial=539__condition=go__digit=5__block=3__phase=query__segment=session1_main__practice=0,1297610.233248700,1297610.233450000
dynamic_sart_trial_complete__v=1__trial=539__condition=go__digit=5__block=3__phase=query__segment=session1_main__practice=0,1297610.233248700,1297610.241986900
dynamic_sart_stimulus_onset__v=1__trial=540__condition=go__digit=6__block=3__phase=query__segment=session1_main__practice=0,1297610.308433700,1297610.308647000
dynamic_sart_stimulus_offset__v=1__trial=540__condition=go__digit=6__block=3__phase=query__segment=session1_main__practice=0,1297610.571769800,1297610.571997000
dynamic_sart_response_window_close__v=1__trial=540__condition=go__digit=6__block=3__phase=query__segment=session1_main__practice=0,1297611.905229800,1297611.905507600
dynamic_sart_trial_complete__v=1__trial=540__condition=go__digit=6__block=3__phase=query__segment=session1_main__practice=0,1297611.905229800,1297611.913310700
dynamic_sart_stimulus_onset__v=1__trial=541__condition=go__digit=1__block=3__phase=query__segment=session1_main__practice=0,1297611.974588000,1297611.974831600
dynamic_sart_stimulus_offset__v=1__trial=541__condition=go__digit=1__block=3__phase=query__segment=session1_main__practice=0,1297612.254247200,1297612.254470600
dynamic_sart_response_window_close__v=1__trial=541__condition=go__digit=1__block=3__phase=query__segment=session1_main__practice=0,1297613.577529400,1297613.577741400
dynamic_sart_trial_complete__v=1__trial=541__condition=go__digit=1__block=3__phase=query__segment=session1_main__practice=0,1297613.577529400,1297613.585194900
dynamic_sart_stimulus_onset__v=1__trial=542__condition=go__digit=8__block=3__phase=query__segment=session1_main__practice=0,1297613.634305000,1297613.634519400
dynamic_sart_stimulus_offset__v=1__trial=542__condition=go__digit=8__block=3__phase=query__segment=session1_main__practice=0,1297613.900024500,1297613.900279900
dynamic_sart_response_window_close__v=1__trial=542__condition=go__digit=8__block=3__phase=query__segment=session1_main__practice=0,1297615.232551500,1297615.232769800
dynamic_sart_trial_complete__v=1__trial=542__condition=go__digit=8__block=3__phase=query__segment=session1_main__practice=0,1297615.232551500,1297615.242504700
dynamic_sart_stimulus_onset__v=1__trial=543__condition=go__digit=1__block=3__phase=query__segment=session1_main__practice=0,1297615.305939100,1297615.306187400
dynamic_sart_stimulus_offset__v=1__trial=543__condition=go__digit=1__block=3__phase=query__segment=session1_main__practice=0,1297615.576095300,1297615.576306600
dynamic_sart_response_window_close__v=1__trial=543__condition=go__digit=1__block=3__phase=query__segment=session1_main__practice=0,1297616.904659700,1297616.904906800
dynamic_sart_trial_complete__v=1__trial=543__condition=go__digit=1__block=3__phase=query__segment=session1_main__practice=0,1297616.904659700,1297616.913438600
dynamic_sart_stimulus_onset__v=1__trial=544__condition=go__digit=0__block=3__phase=query__segment=session1_main__practice=0,1297616.973516500,1297616.973761500
dynamic_sart_stimulus_offset__v=1__trial=544__condition=go__digit=0__block=3__phase=query__segment=session1_main__practice=0,1297617.256753300,1297617.257004100
dynamic_sart_response_window_close__v=1__trial=544__condition=go__digit=0__block=3__phase=query__segment=session1_main__practice=0,1297618.576794000,1297618.577028000
dynamic_sart_trial_complete__v=1__trial=544__condition=go__digit=0__block=3__phase=query__segment=session1_main__practice=0,1297618.576794000,1297618.584896800
dynamic_sart_stimulus_onset__v=1__trial=545__condition=no_go__digit=3__block=3__phase=query__segment=session1_main__practice=0,1297618.634580000,1297618.634844700
dynamic_sart_stimulus_offset__v=1__trial=545__condition=no_go__digit=3__block=3__phase=query__segment=session1_main__practice=0,1297618.900234200,1297618.900442700
dynamic_sart_response_window_close__v=1__trial=545__condition=no_go__digit=3__block=3__phase=query__segment=session1_main__practice=0,1297620.233467100,1297620.233685300
dynamic_sart_trial_complete__v=1__trial=545__condition=no_go__digit=3__block=3__phase=query__segment=session1_main__practice=0,1297620.233467100,1297620.241822500
dynamic_sart_stimulus_onset__v=1__trial=546__condition=go__digit=2__block=3__phase=query__segment=session1_main__practice=0,1297620.306424700,1297620.306666900
dynamic_sart_stimulus_offset__v=1__trial=546__condition=go__digit=2__block=3__phase=query__segment=session1_main__practice=0,1297620.564058000,1297620.564537700
dynamic_sart_response_window_close__v=1__trial=546__condition=go__digit=2__block=3__phase=query__segment=session1_main__practice=0,1297621.905564400,1297621.905794800
dynamic_sart_trial_complete__v=1__trial=546__condition=go__digit=2__block=3__phase=query__segment=session1_main__practice=0,1297621.905564400,1297621.915676500
dynamic_sart_stimulus_onset__v=1__trial=547__condition=go__digit=5__block=3__phase=query__segment=session1_main__practice=0,1297621.964837600,1297621.965041700
dynamic_sart_stimulus_offset__v=1__trial=547__condition=go__digit=5__block=3__phase=query__segment=session1_main__practice=0,1297622.234725900,1297622.234937900
dynamic_sart_response_window_close__v=1__trial=547__condition=go__digit=5__block=3__phase=query__segment=session1_main__practice=0,1297623.561441300,1297623.561659100
dynamic_sart_trial_complete__v=1__trial=547__condition=go__digit=5__block=3__phase=query__segment=session1_main__practice=0,1297623.561441300,1297623.569511500
dynamic_sart_stimulus_onset__v=1__trial=548__condition=go__digit=9__block=3__phase=query__segment=session1_main__practice=0,1297623.622642600,1297623.622883400
dynamic_sart_stimulus_offset__v=1__trial=548__condition=go__digit=9__block=3__phase=query__segment=session1_main__practice=0,1297623.883959200,1297623.884569900
dynamic_sart_response_window_close__v=1__trial=548__condition=go__digit=9__block=3__phase=query__segment=session1_main__practice=0,1297625.216918100,1297625.217141800
dynamic_sart_trial_complete__v=1__trial=548__condition=go__digit=9__block=3__phase=query__segment=session1_main__practice=0,1297625.216918100,1297625.225687300
dynamic_sart_stimulus_onset__v=1__trial=549__condition=go__digit=4__block=3__phase=query__segment=session1_main__practice=0,1297625.291252600,1297625.291475500
dynamic_sart_stimulus_offset__v=1__trial=549__condition=go__digit=4__block=3__phase=query__segment=session1_main__practice=0,1297625.555946800,1297625.556172300
dynamic_sart_response_window_close__v=1__trial=549__condition=go__digit=4__block=3__phase=query__segment=session1_main__practice=0,1297626.890970300,1297626.891235700
dynamic_sart_trial_complete__v=1__trial=549__condition=go__digit=4__block=3__phase=query__segment=session1_main__practice=0,1297626.890970300,1297626.899345400
dynamic_sart_stimulus_onset__v=1__trial=550__condition=go__digit=8__block=3__phase=query__segment=session1_main__practice=0,1297626.948160900,1297626.948357200
dynamic_sart_stimulus_offset__v=1__trial=550__condition=go__digit=8__block=3__phase=query__segment=session1_main__practice=0,1297627.213731000,1297627.213858100
dynamic_sart_response_window_close__v=1__trial=550__condition=go__digit=8__block=3__phase=query__segment=session1_main__practice=0,1297628.545670100,1297628.545910600
dynamic_sart_trial_complete__v=1__trial=550__condition=go__digit=8__block=3__phase=query__segment=session1_main__practice=0,1297628.545670100,1297628.555654200
dynamic_sart_stimulus_onset__v=1__trial=551__condition=no_go__digit=3__block=3__phase=query__segment=session1_main__practice=0,1297628.614891300,1297628.615038100
dynamic_sart_stimulus_offset__v=1__trial=551__condition=no_go__digit=3__block=3__phase=query__segment=session1_main__practice=0,1297628.887606100,1297628.887857500
dynamic_sart_response_window_close__v=1__trial=551__condition=no_go__digit=3__block=3__phase=query__segment=session1_main__practice=0,1297630.217416000,1297630.217651400
dynamic_sart_trial_complete__v=1__trial=551__condition=no_go__digit=3__block=3__phase=query__segment=session1_main__practice=0,1297630.217416000,1297630.225909700
dynamic_sart_stimulus_onset__v=1__trial=552__condition=go__digit=7__block=3__phase=query__segment=session1_main__practice=0,1297630.288476700,1297630.288697900
dynamic_sart_stimulus_offset__v=1__trial=552__condition=go__digit=7__block=3__phase=query__segment=session1_main__practice=0,1297630.548096400,1297630.548315900
dynamic_sart_response_window_close__v=1__trial=552__condition=go__digit=7__block=3__phase=query__segment=session1_main__practice=0,1297631.889630100,1297631.889894200
dynamic_sart_trial_complete__v=1__trial=552__condition=go__digit=7__block=3__phase=query__segment=session1_main__practice=0,1297631.889630100,1297631.899438100
dynamic_sart_stimulus_onset__v=1__trial=553__condition=go__digit=6__block=3__phase=query__segment=session1_main__practice=0,1297631.956014100,1297631.956250000
dynamic_sart_stimulus_offset__v=1__trial=553__condition=go__digit=6__block=3__phase=query__segment=session1_main__practice=0,1297632.236825400,1297632.237043600
dynamic_sart_response_window_close__v=1__trial=553__condition=go__digit=6__block=3__phase=query__segment=session1_main__practice=0,1297633.561245500,1297633.561728300
dynamic_sart_trial_complete__v=1__trial=553__condition=go__digit=6__block=3__phase=query__segment=session1_main__practice=0,1297633.561245500,1297633.569575300
dynamic_sart_stimulus_onset__v=1__trial=554__condition=go__digit=7__block=3__phase=query__segment=session1_main__practice=0,1297633.622597200,1297633.622809800
dynamic_sart_stimulus_offset__v=1__trial=554__condition=go__digit=7__block=3__phase=query__segment=session1_main__practice=0,1297633.880115200,1297633.880661600
dynamic_sart_response_window_close__v=1__trial=554__condition=go__digit=7__block=3__phase=query__segment=session1_main__practice=0,1297635.217680100,1297635.217917000
dynamic_sart_trial_complete__v=1__trial=554__condition=go__digit=7__block=3__phase=query__segment=session1_main__practice=0,1297635.217680100,1297635.225902600
dynamic_sart_stimulus_onset__v=1__trial=555__condition=go__digit=9__block=3__phase=query__segment=session1_main__practice=0,1297635.284789700,1297635.285197400
dynamic_sart_stimulus_offset__v=1__trial=555__condition=go__digit=9__block=3__phase=query__segment=session1_main__practice=0,1297635.543893700,1297635.544108100
dynamic_sart_response_window_close__v=1__trial=555__condition=go__digit=9__block=3__phase=query__segment=session1_main__practice=0,1297636.888410400,1297636.888593700
dynamic_sart_trial_complete__v=1__trial=555__condition=go__digit=9__block=3__phase=query__segment=session1_main__practice=0,1297636.888410400,1297636.896031000
dynamic_sart_stimulus_onset__v=1__trial=556__condition=go__digit=0__block=3__phase=query__segment=session1_main__practice=0,1297636.960819600,1297636.961048800
dynamic_sart_stimulus_offset__v=1__trial=556__condition=go__digit=0__block=3__phase=query__segment=session1_main__practice=0,1297637.228950900,1297637.229179800
dynamic_sart_response_window_close__v=1__trial=556__condition=go__digit=0__block=3__phase=query__segment=session1_main__practice=0,1297638.560764600,1297638.561063100
dynamic_sart_trial_complete__v=1__trial=556__condition=go__digit=0__block=3__phase=query__segment=session1_main__practice=0,1297638.560764600,1297638.568909200
dynamic_sart_stimulus_onset__v=1__trial=557__condition=go__digit=4__block=3__phase=query__segment=session1_main__practice=0,1297638.616807200,1297638.617002400
dynamic_sart_stimulus_offset__v=1__trial=557__condition=go__digit=4__block=3__phase=query__segment=session1_main__practice=0,1297638.896142100,1297638.896356200
dynamic_sart_response_window_close__v=1__trial=557__condition=go__digit=4__block=3__phase=query__segment=session1_main__practice=0,1297640.218314100,1297640.218523100
dynamic_sart_trial_complete__v=1__trial=557__condition=go__digit=4__block=3__phase=query__segment=session1_main__practice=0,1297640.218314100,1297640.226556500
dynamic_sart_stimulus_onset__v=1__trial=558__condition=no_go__digit=3__block=3__phase=query__segment=session1_main__practice=0,1297640.289897600,1297640.290131300
dynamic_sart_stimulus_offset__v=1__trial=558__condition=no_go__digit=3__block=3__phase=query__segment=session1_main__practice=0,1297640.552761000,1297640.552978800
dynamic_sart_response_window_close__v=1__trial=558__condition=no_go__digit=3__block=3__phase=query__segment=session1_main__practice=0,1297641.890333300,1297641.890542400
dynamic_sart_trial_complete__v=1__trial=558__condition=no_go__digit=3__block=3__phase=query__segment=session1_main__practice=0,1297641.890333300,1297641.898461200
dynamic_sart_stimulus_onset__v=1__trial=559__condition=go__digit=2__block=3__phase=query__segment=session1_main__practice=0,1297641.955914300,1297641.956138900
dynamic_sart_stimulus_offset__v=1__trial=559__condition=go__digit=2__block=3__phase=query__segment=session1_main__practice=0,1297642.243868900,1297642.244089900
dynamic_sart_response_window_close__v=1__trial=559__condition=go__digit=2__block=3__phase=query__segment=session1_main__practice=0,1297643.561541300,1297643.561730300
dynamic_sart_trial_complete__v=1__trial=559__condition=go__digit=2__block=3__phase=query__segment=session1_main__practice=0,1297643.561541300,1297643.569536100
dynamic_sart_stimulus_onset__v=1__trial=560__condition=go__digit=1__block=3__phase=query__segment=session1_main__practice=0,1297643.622469900,1297643.623315200
dynamic_sart_stimulus_offset__v=1__trial=560__condition=go__digit=1__block=3__phase=query__segment=session1_main__practice=0,1297643.880720400,1297643.880930500
dynamic_sart_response_window_close__v=1__trial=560__condition=go__digit=1__block=3__phase=query__segment=session1_main__practice=0,1297645.217683200,1297645.217962200
dynamic_sart_trial_complete__v=1__trial=560__condition=go__digit=1__block=3__phase=query__segment=session1_main__practice=0,1297645.217683200,1297645.226832100
dynamic_sart_stimulus_onset__v=1__trial=561__condition=go__digit=5__block=3__phase=query__segment=session1_main__practice=0,1297645.289588300,1297645.289815100
dynamic_sart_stimulus_offset__v=1__trial=561__condition=go__digit=5__block=3__phase=query__segment=session1_main__practice=0,1297645.553616000,1297645.553818300
dynamic_sart_response_window_close__v=1__trial=561__condition=go__digit=5__block=3__phase=query__segment=session1_main__practice=0,1297646.889211700,1297646.889444400
dynamic_sart_trial_complete__v=1__trial=561__condition=go__digit=5__block=3__phase=query__segment=session1_main__practice=0,1297646.889211700,1297646.897109100
dynamic_sart_stimulus_onset__v=1__trial=562__condition=go__digit=6__block=3__phase=query__segment=session1_main__practice=0,1297646.964120600,1297646.964332800
dynamic_sart_stimulus_offset__v=1__trial=562__condition=go__digit=6__block=3__phase=query__segment=session1_main__practice=0,1297647.232394100,1297647.232603000
dynamic_sart_response_window_close__v=1__trial=562__condition=go__digit=6__block=3__phase=query__segment=session1_main__practice=0,1297648.561306700,1297648.561540100
dynamic_sart_trial_complete__v=1__trial=562__condition=go__digit=6__block=3__phase=query__segment=session1_main__practice=0,1297648.561306700,1297648.570799000
dynamic_sart_stimulus_onset__v=1__trial=563__condition=go__digit=8__block=3__phase=query__segment=session1_main__practice=0,1297648.629901300,1297648.630113200
dynamic_sart_stimulus_offset__v=1__trial=563__condition=go__digit=8__block=3__phase=query__segment=session1_main__practice=0,1297648.900158500,1297648.900712400
dynamic_sart_response_window_close__v=1__trial=563__condition=go__digit=8__block=3__phase=query__segment=session1_main__practice=0,1297650.232465100,1297650.232714700
dynamic_sart_trial_complete__v=1__trial=563__condition=go__digit=8__block=3__phase=query__segment=session1_main__practice=0,1297650.232465100,1297650.240634800
dynamic_sart_stimulus_onset__v=1__trial=564__condition=go__digit=6__block=3__phase=query__segment=session1_main__practice=0,1297650.308566800,1297650.308707100
dynamic_sart_stimulus_offset__v=1__trial=564__condition=go__digit=6__block=3__phase=query__segment=session1_main__practice=0,1297650.572393600,1297650.572622600
dynamic_sart_response_window_close__v=1__trial=564__condition=go__digit=6__block=3__phase=query__segment=session1_main__practice=0,1297651.906208200,1297651.906409500
dynamic_sart_trial_complete__v=1__trial=564__condition=go__digit=6__block=3__phase=query__segment=session1_main__practice=0,1297651.906208200,1297651.914698500
dynamic_sart_stimulus_onset__v=1__trial=565__condition=no_go__digit=3__block=3__phase=query__segment=session1_main__practice=0,1297651.962427800,1297651.962644100
dynamic_sart_stimulus_offset__v=1__trial=565__condition=no_go__digit=3__block=3__phase=query__segment=session1_main__practice=0,1297652.227947300,1297652.228167300
dynamic_sart_response_window_close__v=1__trial=565__condition=no_go__digit=3__block=3__phase=query__segment=session1_main__practice=0,1297653.561168100,1297653.561421000
dynamic_sart_trial_complete__v=1__trial=565__condition=no_go__digit=3__block=3__phase=query__segment=session1_main__practice=0,1297653.561168100,1297653.569345700
dynamic_sart_stimulus_onset__v=1__trial=566__condition=go__digit=9__block=3__phase=query__segment=session1_main__practice=0,1297653.615694600,1297653.615822400
dynamic_sart_stimulus_offset__v=1__trial=566__condition=go__digit=9__block=3__phase=query__segment=session1_main__practice=0,1297653.894953900,1297653.895263400
dynamic_sart_response_window_close__v=1__trial=566__condition=go__digit=9__block=3__phase=query__segment=session1_main__practice=0,1297655.218115000,1297655.218336800
dynamic_sart_trial_complete__v=1__trial=566__condition=go__digit=9__block=3__phase=query__segment=session1_main__practice=0,1297655.218115000,1297655.226838500
dynamic_sart_stimulus_onset__v=1__trial=567__condition=go__digit=2__block=3__phase=query__segment=session1_main__practice=0,1297655.288202100,1297655.288421400
dynamic_sart_stimulus_offset__v=1__trial=567__condition=go__digit=2__block=3__phase=query__segment=session1_main__practice=0,1297655.575743000,1297655.575979300
dynamic_sart_response_window_close__v=1__trial=567__condition=go__digit=2__block=3__phase=query__segment=session1_main__practice=0,1297656.890661000,1297656.890899000
dynamic_sart_trial_complete__v=1__trial=567__condition=go__digit=2__block=3__phase=query__segment=session1_main__practice=0,1297656.890661000,1297656.902309700
dynamic_sart_stimulus_onset__v=1__trial=568__condition=go__digit=0__block=3__phase=query__segment=session1_main__practice=0,1297656.973101400,1297656.973332000
dynamic_sart_stimulus_offset__v=1__trial=568__condition=go__digit=0__block=3__phase=query__segment=session1_main__practice=0,1297657.242481900,1297657.242709400
dynamic_sart_response_window_close__v=1__trial=568__condition=go__digit=0__block=3__phase=query__segment=session1_main__practice=0,1297658.577518900,1297658.577741700
dynamic_sart_trial_complete__v=1__trial=568__condition=go__digit=0__block=3__phase=query__segment=session1_main__practice=0,1297658.577518900,1297658.585735600
dynamic_sart_stimulus_onset__v=1__trial=569__condition=go__digit=7__block=3__phase=query__segment=session1_main__practice=0,1297658.650703900,1297658.650925100
dynamic_sart_stimulus_offset__v=1__trial=569__condition=go__digit=7__block=3__phase=query__segment=session1_main__practice=0,1297658.920442500,1297658.920660600
dynamic_sart_response_window_close__v=1__trial=569__condition=go__digit=7__block=3__phase=query__segment=session1_main__practice=0,1297660.247947000,1297660.248182200
dynamic_sart_trial_complete__v=1__trial=569__condition=go__digit=7__block=3__phase=query__segment=session1_main__practice=0,1297660.247947000,1297660.256312800
dynamic_sart_stimulus_onset__v=1__trial=570__condition=go__digit=1__block=3__phase=query__segment=session1_main__practice=0,1297660.328114700,1297660.328344000
dynamic_sart_stimulus_offset__v=1__trial=570__condition=go__digit=1__block=3__phase=query__segment=session1_main__practice=0,1297660.599143100,1297660.599355500
dynamic_sart_response_window_close__v=1__trial=570__condition=go__digit=1__block=3__phase=query__segment=session1_main__practice=0,1297661.936373600,1297661.936579600
dynamic_sart_trial_complete__v=1__trial=570__condition=go__digit=1__block=3__phase=query__segment=session1_main__practice=0,1297661.936373600,1297661.945380800
dynamic_sart_stimulus_onset__v=1__trial=571__condition=no_go__digit=3__block=3__phase=query__segment=session1_main__practice=0,1297662.003768900,1297662.004025900
dynamic_sart_stimulus_offset__v=1__trial=571__condition=no_go__digit=3__block=3__phase=query__segment=session1_main__practice=0,1297662.287875800,1297662.288096700
dynamic_sart_response_window_close__v=1__trial=571__condition=no_go__digit=3__block=3__phase=query__segment=session1_main__practice=0,1297663.608092100,1297663.608307200
dynamic_sart_trial_complete__v=1__trial=571__condition=no_go__digit=3__block=3__phase=query__segment=session1_main__practice=0,1297663.608092100,1297663.616428600
dynamic_sart_stimulus_onset__v=1__trial=572__condition=go__digit=4__block=3__phase=query__segment=session1_main__practice=0,1297663.694326000,1297663.694524700
dynamic_sart_stimulus_offset__v=1__trial=572__condition=go__digit=4__block=3__phase=query__segment=session1_main__practice=0,1297663.976764800,1297663.976997000
dynamic_sart_response_window_close__v=1__trial=572__condition=go__digit=4__block=3__phase=query__segment=session1_main__practice=0,1297665.295060000,1297665.295280600
dynamic_sart_trial_complete__v=1__trial=572__condition=go__digit=4__block=3__phase=query__segment=session1_main__practice=0,1297665.295060000,1297665.305372200
dynamic_sart_stimulus_onset__v=1__trial=573__condition=go__digit=5__block=3__phase=query__segment=session1_main__practice=0,1297665.374875100,1297665.375084200
dynamic_sart_stimulus_offset__v=1__trial=573__condition=go__digit=5__block=3__phase=query__segment=session1_main__practice=0,1297665.659655400,1297665.659995100
dynamic_sart_response_window_close__v=1__trial=573__condition=go__digit=5__block=3__phase=query__segment=session1_main__practice=0,1297666.982877100,1297666.983090200
dynamic_sart_trial_complete__v=1__trial=573__condition=go__digit=5__block=3__phase=query__segment=session1_main__practice=0,1297666.982877100,1297667.000505000
dynamic_sart_stimulus_onset__v=1__trial=574__condition=go__digit=8__block=3__phase=query__segment=session1_main__practice=0,1297667.063638000,1297667.063881700
dynamic_sart_stimulus_offset__v=1__trial=574__condition=go__digit=8__block=3__phase=query__segment=session1_main__practice=0,1297667.342378000,1297667.342923000
dynamic_sart_response_window_close__v=1__trial=574__condition=go__digit=8__block=3__phase=query__segment=session1_main__practice=0,1297668.672088000,1297668.672325900
dynamic_sart_trial_complete__v=1__trial=574__condition=go__digit=8__block=3__phase=query__segment=session1_main__practice=0,1297668.672088000,1297668.678798900
dynamic_sart_stimulus_onset__v=1__trial=575__condition=go__digit=5__block=3__phase=query__segment=session1_main__practice=0,1297668.753594100,1297668.753813600
dynamic_sart_stimulus_offset__v=1__trial=575__condition=go__digit=5__block=3__phase=query__segment=session1_main__practice=0,1297669.015779400,1297669.015928600
dynamic_sart_response_window_close__v=1__trial=575__condition=go__digit=5__block=3__phase=query__segment=session1_main__practice=0,1297670.357655500,1297670.357895100
dynamic_sart_trial_complete__v=1__trial=575__condition=go__digit=5__block=3__phase=query__segment=session1_main__practice=0,1297670.357655500,1297670.366056000
dynamic_sart_stimulus_onset__v=1__trial=576__condition=go__digit=9__block=3__phase=query__segment=session1_main__practice=0,1297670.433204300,1297670.433412600
dynamic_sart_stimulus_offset__v=1__trial=576__condition=go__digit=9__block=3__phase=query__segment=session1_main__practice=0,1297670.699850000,1297670.700072500
dynamic_sart_response_window_close__v=1__trial=576__condition=go__digit=9__block=3__phase=query__segment=session1_main__practice=0,1297672.031107300,1297672.031332300
dynamic_sart_trial_complete__v=1__trial=576__condition=go__digit=9__block=3__phase=query__segment=session1_main__practice=0,1297672.031107300,1297672.040352900
dynamic_sart_stimulus_onset__v=1__trial=577__condition=go__digit=6__block=3__phase=query__segment=session1_main__practice=0,1297672.112053500,1297672.112268100
dynamic_sart_stimulus_offset__v=1__trial=577__condition=go__digit=6__block=3__phase=query__segment=session1_main__practice=0,1297672.378177000,1297672.378387900
dynamic_sart_response_window_close__v=1__trial=577__condition=go__digit=6__block=3__phase=query__segment=session1_main__practice=0,1297673.716920900,1297673.717172300
dynamic_sart_trial_complete__v=1__trial=577__condition=go__digit=6__block=3__phase=query__segment=session1_main__practice=0,1297673.716920900,1297673.726011200
dynamic_sart_stimulus_onset__v=1__trial=578__condition=no_go__digit=3__block=3__phase=query__segment=session1_main__practice=0,1297673.778005600,1297673.778224500
dynamic_sart_stimulus_offset__v=1__trial=578__condition=no_go__digit=3__block=3__phase=query__segment=session1_main__practice=0,1297674.028416800,1297674.028632500
dynamic_sart_response_window_close__v=1__trial=578__condition=no_go__digit=3__block=3__phase=query__segment=session1_main__practice=0,1297675.374871600,1297675.375265400
dynamic_sart_trial_complete__v=1__trial=578__condition=no_go__digit=3__block=3__phase=query__segment=session1_main__practice=0,1297675.374871600,1297675.383087500
dynamic_sart_stimulus_onset__v=1__trial=579__condition=go__digit=8__block=3__phase=query__segment=session1_main__practice=0,1297675.457957600,1297675.458534000
dynamic_sart_stimulus_offset__v=1__trial=579__condition=go__digit=8__block=3__phase=query__segment=session1_main__practice=0,1297675.734094000,1297675.734365000
dynamic_sart_response_window_close__v=1__trial=579__condition=go__digit=8__block=3__phase=query__segment=session1_main__practice=0,1297677.061158000,1297677.061391300
dynamic_sart_trial_complete__v=1__trial=579__condition=go__digit=8__block=3__phase=query__segment=session1_main__practice=0,1297677.061158000,1297677.073278900
dynamic_sart_stimulus_onset__v=1__trial=580__condition=go__digit=1__block=3__phase=query__segment=session1_main__practice=0,1297677.138720100,1297677.138990800
dynamic_sart_stimulus_offset__v=1__trial=580__condition=go__digit=1__block=3__phase=query__segment=session1_main__practice=0,1297677.400891500,1297677.401130400
dynamic_sart_response_window_close__v=1__trial=580__condition=go__digit=1__block=3__phase=query__segment=session1_main__practice=0,1297678.733019300,1297678.733252900
dynamic_sart_trial_complete__v=1__trial=580__condition=go__digit=1__block=3__phase=query__segment=session1_main__practice=0,1297678.733019300,1297678.741385600
dynamic_sart_stimulus_onset__v=1__trial=581__condition=go__digit=0__block=3__phase=query__segment=session1_main__practice=0,1297678.822587600,1297678.822804000
dynamic_sart_stimulus_offset__v=1__trial=581__condition=go__digit=0__block=3__phase=query__segment=session1_main__practice=0,1297679.083922200,1297679.084089400
dynamic_sart_response_window_close__v=1__trial=581__condition=go__digit=0__block=3__phase=query__segment=session1_main__practice=0,1297680.422511400,1297680.422756700
dynamic_sart_trial_complete__v=1__trial=581__condition=go__digit=0__block=3__phase=query__segment=session1_main__practice=0,1297680.422511400,1297680.432129500
dynamic_sart_stimulus_onset__v=1__trial=582__condition=go__digit=2__block=3__phase=query__segment=session1_main__practice=0,1297680.509299700,1297680.509541300
dynamic_sart_stimulus_offset__v=1__trial=582__condition=go__digit=2__block=3__phase=query__segment=session1_main__practice=0,1297680.776648300,1297680.776959200
dynamic_sart_response_window_close__v=1__trial=582__condition=go__digit=2__block=3__phase=query__segment=session1_main__practice=0,1297682.107886600,1297682.108106600
dynamic_sart_trial_complete__v=1__trial=582__condition=go__digit=2__block=3__phase=query__segment=session1_main__practice=0,1297682.107886600,1297682.115738800
dynamic_sart_stimulus_onset__v=1__trial=583__condition=go__digit=4__block=3__phase=query__segment=session1_main__practice=0,1297682.184822900,1297682.185208400
dynamic_sart_stimulus_offset__v=1__trial=583__condition=go__digit=4__block=3__phase=query__segment=session1_main__practice=0,1297682.446890500,1297682.447057900
dynamic_sart_response_window_close__v=1__trial=583__condition=go__digit=4__block=3__phase=query__segment=session1_main__practice=0,1297683.780504500,1297683.780733100
dynamic_sart_trial_complete__v=1__trial=583__condition=go__digit=4__block=3__phase=query__segment=session1_main__practice=0,1297683.780504500,1297683.789060000
dynamic_sart_stimulus_onset__v=1__trial=584__condition=no_go__digit=3__block=3__phase=query__segment=session1_main__practice=0,1297683.857695400,1297683.857928800
dynamic_sart_stimulus_offset__v=1__trial=584__condition=no_go__digit=3__block=3__phase=query__segment=session1_main__practice=0,1297684.122775200,1297684.122937600
dynamic_sart_response_window_close__v=1__trial=584__condition=no_go__digit=3__block=3__phase=query__segment=session1_main__practice=0,1297685.451493100,1297685.451736800
dynamic_sart_trial_complete__v=1__trial=584__condition=no_go__digit=3__block=3__phase=query__segment=session1_main__practice=0,1297685.451493100,1297685.460390900
dynamic_sart_stimulus_onset__v=1__trial=585__condition=go__digit=7__block=3__phase=query__segment=session1_main__practice=0,1297685.539386700,1297685.539617400
dynamic_sart_stimulus_offset__v=1__trial=585__condition=go__digit=7__block=3__phase=query__segment=session1_main__practice=0,1297685.807832100,1297685.807967500
dynamic_sart_response_window_close__v=1__trial=585__condition=go__digit=7__block=3__phase=query__segment=session1_main__practice=0,1297687.139283400,1297687.139521300
dynamic_sart_trial_complete__v=1__trial=585__condition=go__digit=7__block=3__phase=query__segment=session1_main__practice=0,1297687.139283400,1297687.153203600
dynamic_sart_stimulus_onset__v=1__trial=586__condition=go__digit=7__block=3__phase=query__segment=session1_main__practice=0,1297687.220786200,1297687.221033600
dynamic_sart_stimulus_offset__v=1__trial=586__condition=go__digit=7__block=3__phase=query__segment=session1_main__practice=0,1297687.499840900,1297687.500059100
dynamic_sart_response_window_close__v=1__trial=586__condition=go__digit=7__block=3__phase=query__segment=session1_main__practice=0,1297688.826247100,1297688.826485900
dynamic_sart_trial_complete__v=1__trial=586__condition=go__digit=7__block=3__phase=query__segment=session1_main__practice=0,1297688.826247100,1297688.834420600
dynamic_sart_stimulus_onset__v=1__trial=587__condition=go__digit=1__block=3__phase=query__segment=session1_main__practice=0,1297688.899203500,1297688.899331000
dynamic_sart_stimulus_offset__v=1__trial=587__condition=go__digit=1__block=3__phase=query__segment=session1_main__practice=0,1297689.169354300,1297689.169582900
dynamic_sart_response_window_close__v=1__trial=587__condition=go__digit=1__block=3__phase=query__segment=session1_main__practice=0,1297690.498832300,1297690.499205900
dynamic_sart_trial_complete__v=1__trial=587__condition=go__digit=1__block=3__phase=query__segment=session1_main__practice=0,1297690.498832300,1297690.507832800
dynamic_sart_stimulus_onset__v=1__trial=588__condition=go__digit=8__block=3__phase=query__segment=session1_main__practice=0,1297690.583261800,1297690.583475800
dynamic_sart_stimulus_offset__v=1__trial=588__condition=go__digit=8__block=3__phase=query__segment=session1_main__practice=0,1297690.848393200,1297690.848516500
dynamic_sart_response_window_close__v=1__trial=588__condition=go__digit=8__block=3__phase=query__segment=session1_main__practice=0,1297692.186998800,1297692.187250600
dynamic_sart_trial_complete__v=1__trial=588__condition=go__digit=8__block=3__phase=query__segment=session1_main__practice=0,1297692.186998800,1297692.195891600
dynamic_sart_stimulus_onset__v=1__trial=589__condition=go__digit=0__block=3__phase=query__segment=session1_main__practice=0,1297692.263510300,1297692.263642700
dynamic_sart_stimulus_offset__v=1__trial=589__condition=go__digit=0__block=3__phase=query__segment=session1_main__practice=0,1297692.512195600,1297692.512486600
dynamic_sart_response_window_close__v=1__trial=589__condition=go__digit=0__block=3__phase=query__segment=session1_main__practice=0,1297693.857505300,1297693.857916800
dynamic_sart_trial_complete__v=1__trial=589__condition=go__digit=0__block=3__phase=query__segment=session1_main__practice=0,1297693.857505300,1297693.865788500
dynamic_sart_stimulus_onset__v=1__trial=590__condition=go__digit=6__block=3__phase=query__segment=session1_main__practice=0,1297693.940525900,1297693.940730800
dynamic_sart_stimulus_offset__v=1__trial=590__condition=go__digit=6__block=3__phase=query__segment=session1_main__practice=0,1297694.220459800,1297694.220693000
dynamic_sart_response_window_close__v=1__trial=590__condition=go__digit=6__block=3__phase=query__segment=session1_main__practice=0,1297695.545195400,1297695.545411400
dynamic_sart_trial_complete__v=1__trial=590__condition=go__digit=6__block=3__phase=query__segment=session1_main__practice=0,1297695.545195400,1297695.553063500
dynamic_sart_stimulus_onset__v=1__trial=591__condition=no_go__digit=3__block=3__phase=query__segment=session1_main__practice=0,1297695.624468400,1297695.624687700
dynamic_sart_stimulus_offset__v=1__trial=591__condition=no_go__digit=3__block=3__phase=query__segment=session1_main__practice=0,1297695.905981400,1297695.906207300
dynamic_sart_response_window_close__v=1__trial=591__condition=no_go__digit=3__block=3__phase=query__segment=session1_main__practice=0,1297697.234158700,1297697.234394000
dynamic_sart_trial_complete__v=1__trial=591__condition=no_go__digit=3__block=3__phase=query__segment=session1_main__practice=0,1297697.234158700,1297697.247372500
dynamic_sart_stimulus_onset__v=1__trial=592__condition=go__digit=9__block=3__phase=query__segment=session1_main__practice=0,1297697.312106100,1297697.312302800
dynamic_sart_stimulus_offset__v=1__trial=592__condition=go__digit=9__block=3__phase=query__segment=session1_main__practice=0,1297697.578359500,1297697.578565600
dynamic_sart_response_window_close__v=1__trial=592__condition=go__digit=9__block=3__phase=query__segment=session1_main__practice=0,1297698.920012800,1297698.920220400
dynamic_sart_trial_complete__v=1__trial=592__condition=go__digit=9__block=3__phase=query__segment=session1_main__practice=0,1297698.920012800,1297698.928047400
dynamic_sart_stimulus_onset__v=1__trial=593__condition=go__digit=2__block=3__phase=query__segment=session1_main__practice=0,1297698.992887300,1297698.993298400
dynamic_sart_stimulus_offset__v=1__trial=593__condition=go__digit=2__block=3__phase=query__segment=session1_main__practice=0,1297699.242539900,1297699.242742900
dynamic_sart_response_window_close__v=1__trial=593__condition=go__digit=2__block=3__phase=query__segment=session1_main__practice=0,1297700.593647900,1297700.593898500
dynamic_sart_trial_complete__v=1__trial=593__condition=go__digit=2__block=3__phase=query__segment=session1_main__practice=0,1297700.593647900,1297700.601740100
dynamic_sart_stimulus_onset__v=1__trial=594__condition=go__digit=5__block=3__phase=query__segment=session1_main__practice=0,1297700.659818400,1297700.660543000
dynamic_sart_stimulus_offset__v=1__trial=594__condition=go__digit=5__block=3__phase=query__segment=session1_main__practice=0,1297700.928152500,1297700.928845300
dynamic_sart_response_window_close__v=1__trial=594__condition=go__digit=5__block=3__phase=query__segment=session1_main__practice=0,1297702.265138700,1297702.265370400
dynamic_sart_trial_complete__v=1__trial=594__condition=go__digit=5__block=3__phase=query__segment=session1_main__practice=0,1297702.265138700,1297702.274091900
dynamic_sart_stimulus_onset__v=1__trial=595__condition=go__digit=4__block=3__phase=query__segment=session1_main__practice=0,1297702.326753600,1297702.326979100
dynamic_sart_stimulus_offset__v=1__trial=595__condition=go__digit=4__block=3__phase=query__segment=session1_main__practice=0,1297702.594451500,1297702.594668300
dynamic_sart_response_window_close__v=1__trial=595__condition=go__digit=4__block=3__phase=query__segment=session1_main__practice=0,1297703.937251400,1297703.937474000
dynamic_sart_trial_complete__v=1__trial=595__condition=go__digit=4__block=3__phase=query__segment=session1_main__practice=0,1297703.937251400,1297703.945352700
dynamic_sart_stimulus_onset__v=1__trial=596__condition=go__digit=6__block=3__phase=query__segment=session1_main__practice=0,1297704.013079400,1297704.013235400
dynamic_sart_stimulus_offset__v=1__trial=596__condition=go__digit=6__block=3__phase=query__segment=session1_main__practice=0,1297704.260567500,1297704.260909100
dynamic_sart_response_window_close__v=1__trial=596__condition=go__digit=6__block=3__phase=query__segment=session1_main__practice=0,1297705.609055800,1297705.609312700
dynamic_sart_trial_complete__v=1__trial=596__condition=go__digit=6__block=3__phase=query__segment=session1_main__practice=0,1297705.609055800,1297705.617863000
dynamic_sart_stimulus_onset__v=1__trial=597__condition=go__digit=5__block=3__phase=query__segment=session1_main__practice=0,1297705.676108400,1297705.676346400
dynamic_sart_stimulus_offset__v=1__trial=597__condition=go__digit=5__block=3__phase=query__segment=session1_main__practice=0,1297705.943650600,1297705.943911700
dynamic_sart_response_window_close__v=1__trial=597__condition=go__digit=5__block=3__phase=query__segment=session1_main__practice=0,1297707.282286900,1297707.282501000
dynamic_sart_trial_complete__v=1__trial=597__condition=go__digit=5__block=3__phase=query__segment=session1_main__practice=0,1297707.282286900,1297707.294396100
dynamic_sart_stimulus_onset__v=1__trial=598__condition=no_go__digit=3__block=3__phase=query__segment=session1_main__practice=0,1297707.389280000,1297707.389518400
dynamic_sart_stimulus_offset__v=1__trial=598__condition=no_go__digit=3__block=3__phase=query__segment=session1_main__practice=0,1297707.662379200,1297707.662588900
dynamic_sart_response_window_close__v=1__trial=598__condition=no_go__digit=3__block=3__phase=query__segment=session1_main__practice=0,1297708.999929000,1297709.000189000
dynamic_sart_trial_complete__v=1__trial=598__condition=no_go__digit=3__block=3__phase=query__segment=session1_main__practice=0,1297708.999929000,1297709.008531500
dynamic_sart_stimulus_onset__v=1__trial=599__condition=go__digit=0__block=3__phase=query__segment=session1_main__practice=0,1297709.094106400,1297709.094343300
dynamic_sart_stimulus_offset__v=1__trial=599__condition=go__digit=0__block=3__phase=query__segment=session1_main__practice=0,1297709.372646600,1297709.373393900
dynamic_sart_response_window_close__v=1__trial=599__condition=go__digit=0__block=3__phase=query__segment=session1_main__practice=0,1297710.702829900,1297710.703086300
dynamic_sart_trial_complete__v=1__trial=599__condition=go__digit=0__block=3__phase=query__segment=session1_main__practice=0,1297710.702829900,1297710.710023400
dynamic_sart_stimulus_onset__v=1__trial=600__condition=go__digit=8__block=3__phase=query__segment=session1_main__practice=0,1297710.775907300,1297710.776156700
dynamic_sart_stimulus_offset__v=1__trial=600__condition=go__digit=8__block=3__phase=query__segment=session1_main__practice=0,1297711.033031600,1297711.033532800
dynamic_sart_response_window_close__v=1__trial=600__condition=go__digit=8__block=3__phase=query__segment=session1_main__practice=0,1297712.373875600,1297712.374132600
dynamic_sart_trial_complete__v=1__trial=600__condition=go__digit=8__block=3__phase=query__segment=session1_main__practice=0,1297712.373875600,1297712.382314500
dynamic_sart_stimulus_onset__v=1__trial=601__condition=go__digit=2__block=3__phase=query__segment=session1_main__practice=0,1297712.442161700,1297712.442385600
dynamic_sart_stimulus_offset__v=1__trial=601__condition=go__digit=2__block=3__phase=query__segment=session1_main__practice=0,1297712.717829300,1297712.718122300
dynamic_sart_response_window_close__v=1__trial=601__condition=go__digit=2__block=3__phase=query__segment=session1_main__practice=0,1297714.044731200,1297714.045078700
dynamic_sart_trial_complete__v=1__trial=601__condition=go__digit=2__block=3__phase=query__segment=session1_main__practice=0,1297714.044731200,1297714.053402900
dynamic_sart_stimulus_onset__v=1__trial=602__condition=go__digit=1__block=3__phase=query__segment=session1_main__practice=0,1297714.123671700,1297714.123897400
dynamic_sart_stimulus_offset__v=1__trial=602__condition=go__digit=1__block=3__phase=query__segment=session1_main__practice=0,1297714.405997600,1297714.406154200
dynamic_sart_response_window_close__v=1__trial=602__condition=go__digit=1__block=3__phase=query__segment=session1_main__practice=0,1297715.735347900,1297715.735580700
dynamic_sart_trial_complete__v=1__trial=602__condition=go__digit=1__block=3__phase=query__segment=session1_main__practice=0,1297715.735347900,1297715.742359200
dynamic_sart_stimulus_onset__v=1__trial=603__condition=go__digit=9__block=3__phase=query__segment=session1_main__practice=0,1297715.808940700,1297715.809167800
dynamic_sart_stimulus_offset__v=1__trial=603__condition=go__digit=9__block=3__phase=query__segment=session1_main__practice=0,1297716.073094300,1297716.073454700
dynamic_sart_response_window_close__v=1__trial=603__condition=go__digit=9__block=3__phase=query__segment=session1_main__practice=0,1297717.404782500,1297717.405055600
dynamic_sart_trial_complete__v=1__trial=603__condition=go__digit=9__block=3__phase=query__segment=session1_main__practice=0,1297717.404782500,1297717.417578400
dynamic_sart_stimulus_onset__v=1__trial=604__condition=no_go__digit=3__block=3__phase=query__segment=session1_main__practice=0,1297717.476419700,1297717.476933200
dynamic_sart_stimulus_offset__v=1__trial=604__condition=no_go__digit=3__block=3__phase=query__segment=session1_main__practice=0,1297717.744259300,1297717.744479100
dynamic_sart_response_window_close__v=1__trial=604__condition=no_go__digit=3__block=3__phase=query__segment=session1_main__practice=0,1297719.076950700,1297719.077170000
dynamic_sart_trial_complete__v=1__trial=604__condition=no_go__digit=3__block=3__phase=query__segment=session1_main__practice=0,1297719.076950700,1297719.084757700
dynamic_sart_stimulus_onset__v=1__trial=605__condition=go__digit=7__block=3__phase=query__segment=session1_main__practice=0,1297719.160761900,1297719.160964600
dynamic_sart_stimulus_offset__v=1__trial=605__condition=go__digit=7__block=3__phase=query__segment=session1_main__practice=0,1297719.439248900,1297719.439697400
dynamic_sart_response_window_close__v=1__trial=605__condition=go__digit=7__block=3__phase=query__segment=session1_main__practice=0,1297720.765741000,1297720.765951100
dynamic_sart_trial_complete__v=1__trial=605__condition=go__digit=7__block=3__phase=query__segment=session1_main__practice=0,1297720.765741000,1297720.774218700
dynamic_sart_stimulus_onset__v=1__trial=606__condition=go__digit=4__block=3__phase=query__segment=session1_main__practice=0,1297720.855523100,1297720.855812900
dynamic_sart_stimulus_offset__v=1__trial=606__condition=go__digit=4__block=3__phase=query__segment=session1_main__practice=0,1297721.122999700,1297721.123163900
dynamic_sart_response_window_close__v=1__trial=606__condition=go__digit=4__block=3__phase=query__segment=session1_main__practice=0,1297722.452291400,1297722.452490800
dynamic_sart_trial_complete__v=1__trial=606__condition=go__digit=4__block=3__phase=query__segment=session1_main__practice=0,1297722.452291400,1297722.461166800
dynamic_sart_stimulus_onset__v=1__trial=607__condition=go__digit=2__block=3__phase=query__segment=session1_main__practice=0,1297722.515223900,1297722.515436400
dynamic_sart_stimulus_offset__v=1__trial=607__condition=go__digit=2__block=3__phase=query__segment=session1_main__practice=0,1297722.777960200,1297722.778183400
dynamic_sart_response_window_close__v=1__trial=607__condition=go__digit=2__block=3__phase=query__segment=session1_main__practice=0,1297724.125318100,1297724.125557400
dynamic_sart_trial_complete__v=1__trial=607__condition=go__digit=2__block=3__phase=query__segment=session1_main__practice=0,1297724.125318100,1297724.133184500
dynamic_sart_stimulus_onset__v=1__trial=608__condition=go__digit=8__block=3__phase=query__segment=session1_main__practice=0,1297724.210474500,1297724.210691200
dynamic_sart_stimulus_offset__v=1__trial=608__condition=go__digit=8__block=3__phase=query__segment=session1_main__practice=0,1297724.487597800,1297724.487820800
dynamic_sart_response_window_close__v=1__trial=608__condition=go__digit=8__block=3__phase=query__segment=session1_main__practice=0,1297725.810767200,1297725.810954600
dynamic_sart_trial_complete__v=1__trial=608__condition=go__digit=8__block=3__phase=query__segment=session1_main__practice=0,1297725.810767200,1297725.819035000
dynamic_sart_stimulus_onset__v=1__trial=609__condition=go__digit=9__block=3__phase=query__segment=session1_main__practice=0,1297725.893863200,1297725.894087800
dynamic_sart_stimulus_offset__v=1__trial=609__condition=go__digit=9__block=3__phase=query__segment=session1_main__practice=0,1297726.169665400,1297726.169913400
dynamic_sart_response_window_close__v=1__trial=609__condition=go__digit=9__block=3__phase=query__segment=session1_main__practice=0,1297727.499530600,1297727.499734800
dynamic_sart_trial_complete__v=1__trial=609__condition=go__digit=9__block=3__phase=query__segment=session1_main__practice=0,1297727.499530600,1297727.511880100
dynamic_sart_stimulus_onset__v=1__trial=610__condition=go__digit=6__block=3__phase=query__segment=session1_main__practice=0,1297727.591293500,1297727.591536200
dynamic_sart_stimulus_offset__v=1__trial=610__condition=go__digit=6__block=3__phase=query__segment=session1_main__practice=0,1297727.857907200,1297727.858137800
dynamic_sart_response_window_close__v=1__trial=610__condition=go__digit=6__block=3__phase=query__segment=session1_main__practice=0,1297729.185660900,1297729.185887700
dynamic_sart_trial_complete__v=1__trial=610__condition=go__digit=6__block=3__phase=query__segment=session1_main__practice=0,1297729.185660900,1297729.193909900
dynamic_sart_stimulus_onset__v=1__trial=611__condition=no_go__digit=3__block=3__phase=query__segment=session1_main__practice=0,1297729.276131100,1297729.276798800
dynamic_sart_stimulus_offset__v=1__trial=611__condition=no_go__digit=3__block=3__phase=query__segment=session1_main__practice=0,1297729.533790100,1297729.533995000
dynamic_sart_response_window_close__v=1__trial=611__condition=no_go__digit=3__block=3__phase=query__segment=session1_main__practice=0,1297730.875067100,1297730.875264900
dynamic_sart_trial_complete__v=1__trial=611__condition=no_go__digit=3__block=3__phase=query__segment=session1_main__practice=0,1297730.875067100,1297730.883388800
dynamic_sart_stimulus_onset__v=1__trial=612__condition=go__digit=1__block=3__phase=query__segment=session1_main__practice=0,1297730.953237000,1297730.953449800
dynamic_sart_stimulus_offset__v=1__trial=612__condition=go__digit=1__block=3__phase=query__segment=session1_main__practice=0,1297731.229468600,1297731.229677500
dynamic_sart_response_window_close__v=1__trial=612__condition=go__digit=1__block=3__phase=query__segment=session1_main__practice=0,1297732.561487700,1297732.561731400
dynamic_sart_trial_complete__v=1__trial=612__condition=go__digit=1__block=3__phase=query__segment=session1_main__practice=0,1297732.561487700,1297732.570214300
dynamic_sart_stimulus_onset__v=1__trial=613__condition=go__digit=0__block=3__phase=query__segment=session1_main__practice=0,1297732.610289900,1297732.610490000
dynamic_sart_stimulus_offset__v=1__trial=613__condition=go__digit=0__block=3__phase=query__segment=session1_main__practice=0,1297732.874951300,1297732.875173600
dynamic_sart_response_window_close__v=1__trial=613__condition=go__digit=0__block=3__phase=query__segment=session1_main__practice=0,1297734.216430700,1297734.216660200
dynamic_sart_trial_complete__v=1__trial=613__condition=go__digit=0__block=3__phase=query__segment=session1_main__practice=0,1297734.216430700,1297734.225079700
dynamic_sart_stimulus_onset__v=1__trial=614__condition=go__digit=5__block=3__phase=query__segment=session1_main__practice=0,1297734.293416700,1297734.293630500
dynamic_sart_stimulus_offset__v=1__trial=614__condition=go__digit=5__block=3__phase=query__segment=session1_main__practice=0,1297734.554442500,1297734.554678000
dynamic_sart_response_window_close__v=1__trial=614__condition=go__digit=5__block=3__phase=query__segment=session1_main__practice=0,1297735.888559200,1297735.888795800
dynamic_sart_trial_complete__v=1__trial=614__condition=go__digit=5__block=3__phase=query__segment=session1_main__practice=0,1297735.888559200,1297735.897562600
dynamic_sart_stimulus_onset__v=1__trial=615__condition=go__digit=7__block=3__phase=query__segment=session1_main__practice=0,1297735.965482300,1297735.965682400
dynamic_sart_stimulus_offset__v=1__trial=615__condition=go__digit=7__block=3__phase=query__segment=session1_main__practice=0,1297736.239385500,1297736.239737200
dynamic_sart_response_window_close__v=1__trial=615__condition=go__digit=7__block=3__phase=query__segment=session1_main__practice=0,1297737.562255100,1297737.562473000
dynamic_sart_trial_complete__v=1__trial=615__condition=go__digit=7__block=3__phase=query__segment=session1_main__practice=0,1297737.562255100,1297737.573494200
dynamic_sart_stimulus_onset__v=1__trial=616__condition=go__digit=4__block=3__phase=query__segment=session1_main__practice=0,1297737.632920900,1297737.633116100
dynamic_sart_stimulus_offset__v=1__trial=616__condition=go__digit=4__block=3__phase=query__segment=session1_main__practice=0,1297737.900271900,1297737.900530300
dynamic_sart_response_window_close__v=1__trial=616__condition=go__digit=4__block=3__phase=query__segment=session1_main__practice=0,1297739.233969900,1297739.234226500
dynamic_sart_trial_complete__v=1__trial=616__condition=go__digit=4__block=3__phase=query__segment=session1_main__practice=0,1297739.233969900,1297739.242950400
dynamic_sart_stimulus_onset__v=1__trial=617__condition=go__digit=0__block=3__phase=query__segment=session1_main__practice=0,1297739.322711700,1297739.322938200
dynamic_sart_stimulus_offset__v=1__trial=617__condition=go__digit=0__block=3__phase=query__segment=session1_main__practice=0,1297739.584329000,1297739.584489200
dynamic_sart_response_window_close__v=1__trial=617__condition=go__digit=0__block=3__phase=query__segment=session1_main__practice=0,1297740.922273000,1297740.922602600
dynamic_sart_trial_complete__v=1__trial=617__condition=go__digit=0__block=3__phase=query__segment=session1_main__practice=0,1297740.922273000,1297740.930943500
dynamic_sart_stimulus_onset__v=1__trial=618__condition=no_go__digit=3__block=3__phase=query__segment=session1_main__practice=0,1297741.008519900,1297741.008787000
dynamic_sart_stimulus_offset__v=1__trial=618__condition=no_go__digit=3__block=3__phase=query__segment=session1_main__practice=0,1297741.263416200,1297741.263574200
dynamic_sart_response_window_close__v=1__trial=618__condition=no_go__digit=3__block=3__phase=query__segment=session1_main__practice=0,1297742.607786000,1297742.608008800
dynamic_sart_trial_complete__v=1__trial=618__condition=no_go__digit=3__block=3__phase=query__segment=session1_main__practice=0,1297742.607786000,1297742.616158600
dynamic_sart_stimulus_onset__v=1__trial=619__condition=go__digit=4__block=3__phase=query__segment=session1_main__practice=0,1297742.691247100,1297742.691485600
dynamic_sart_stimulus_offset__v=1__trial=619__condition=go__digit=4__block=3__phase=query__segment=session1_main__practice=0,1297742.973952500,1297742.974245800
dynamic_sart_response_window_close__v=1__trial=619__condition=go__digit=4__block=3__phase=query__segment=session1_main__practice=0,1297744.295681200,1297744.295899900
dynamic_sart_trial_complete__v=1__trial=619__condition=go__digit=4__block=3__phase=query__segment=session1_main__practice=0,1297744.295681200,1297744.303785700
dynamic_sart_stimulus_onset__v=1__trial=620__condition=go__digit=8__block=3__phase=query__segment=session1_main__practice=0,1297744.378725900,1297744.378945000
dynamic_sart_stimulus_offset__v=1__trial=620__condition=go__digit=8__block=3__phase=query__segment=session1_main__practice=0,1297744.654957200,1297744.655175800
dynamic_sart_response_window_close__v=1__trial=620__condition=go__digit=8__block=3__phase=query__segment=session1_main__practice=0,1297745.983779400,1297745.984004100
dynamic_sart_trial_complete__v=1__trial=620__condition=go__digit=8__block=3__phase=query__segment=session1_main__practice=0,1297745.983779400,1297745.992541100
dynamic_sart_stimulus_onset__v=1__trial=621__condition=go__digit=7__block=3__phase=query__segment=session1_main__practice=0,1297746.051215400,1297746.051740600
dynamic_sart_stimulus_offset__v=1__trial=621__condition=go__digit=7__block=3__phase=query__segment=session1_main__practice=0,1297746.323329100,1297746.323550400
dynamic_sart_response_window_close__v=1__trial=621__condition=go__digit=7__block=3__phase=query__segment=session1_main__practice=0,1297747.654894600,1297747.655150100
dynamic_sart_trial_complete__v=1__trial=621__condition=go__digit=7__block=3__phase=query__segment=session1_main__practice=0,1297747.654894600,1297747.666080100
dynamic_sart_stimulus_onset__v=1__trial=622__condition=go__digit=9__block=3__phase=query__segment=session1_main__practice=0,1297747.739173300,1297747.739399800
dynamic_sart_stimulus_offset__v=1__trial=622__condition=go__digit=9__block=3__phase=query__segment=session1_main__practice=0,1297748.022762600,1297748.023004200
dynamic_sart_response_window_close__v=1__trial=622__condition=go__digit=9__block=3__phase=query__segment=session1_main__practice=0,1297749.342224500,1297749.342463800
dynamic_sart_trial_complete__v=1__trial=622__condition=go__digit=9__block=3__phase=query__segment=session1_main__practice=0,1297749.342224500,1297749.352400400
dynamic_sart_stimulus_onset__v=1__trial=623__condition=go__digit=6__block=3__phase=query__segment=session1_main__practice=0,1297749.418176200,1297749.418389200
dynamic_sart_stimulus_offset__v=1__trial=623__condition=go__digit=6__block=3__phase=query__segment=session1_main__practice=0,1297749.691609500,1297749.691838700
dynamic_sart_response_window_close__v=1__trial=623__condition=go__digit=6__block=3__phase=query__segment=session1_main__practice=0,1297751.013716200,1297751.013945500
dynamic_sart_trial_complete__v=1__trial=623__condition=go__digit=6__block=3__phase=query__segment=session1_main__practice=0,1297751.013716200,1297751.022467200
dynamic_sart_stimulus_onset__v=1__trial=624__condition=no_go__digit=3__block=3__phase=query__segment=session1_main__practice=0,1297751.091243600,1297751.091468300
dynamic_sart_stimulus_offset__v=1__trial=624__condition=no_go__digit=3__block=3__phase=query__segment=session1_main__practice=0,1297751.351185200,1297751.351524600
dynamic_sart_response_window_close__v=1__trial=624__condition=no_go__digit=3__block=3__phase=query__segment=session1_main__practice=0,1297752.686413700,1297752.687106100
dynamic_sart_trial_complete__v=1__trial=624__condition=no_go__digit=3__block=3__phase=query__segment=session1_main__practice=0,1297752.686413700,1297752.695279300
dynamic_sart_stimulus_onset__v=1__trial=625__condition=go__digit=5__block=3__phase=query__segment=session1_main__practice=0,1297752.770166300,1297752.770385900
dynamic_sart_stimulus_offset__v=1__trial=625__condition=go__digit=5__block=3__phase=query__segment=session1_main__practice=0,1297753.037217300,1297753.037438000
dynamic_sart_response_window_close__v=1__trial=625__condition=go__digit=5__block=3__phase=query__segment=session1_main__practice=0,1297754.374502300,1297754.374744300
dynamic_sart_trial_complete__v=1__trial=625__condition=go__digit=5__block=3__phase=query__segment=session1_main__practice=0,1297754.374502300,1297754.382811700
dynamic_sart_stimulus_onset__v=1__trial=626__condition=go__digit=1__block=3__phase=query__segment=session1_main__practice=0,1297754.463750700,1297754.464007300
dynamic_sart_stimulus_offset__v=1__trial=626__condition=go__digit=1__block=3__phase=query__segment=session1_main__practice=0,1297754.733460000,1297754.733686600
dynamic_sart_response_window_close__v=1__trial=626__condition=go__digit=1__block=3__phase=query__segment=session1_main__practice=0,1297756.061737700,1297756.061961200
dynamic_sart_trial_complete__v=1__trial=626__condition=go__digit=1__block=3__phase=query__segment=session1_main__practice=0,1297756.061737700,1297756.071765100
dynamic_sart_stimulus_onset__v=1__trial=627__condition=go__digit=2__block=3__phase=query__segment=session1_main__practice=0,1297756.141097300,1297756.141323000
dynamic_sart_stimulus_offset__v=1__trial=627__condition=go__digit=2__block=3__phase=query__segment=session1_main__practice=0,1297756.417878700,1297756.418052700
dynamic_sart_response_window_close__v=1__trial=627__condition=go__digit=2__block=3__phase=query__segment=session1_main__practice=0,1297757.747835800,1297757.748085100
dynamic_sart_trial_complete__v=1__trial=627__condition=go__digit=2__block=3__phase=query__segment=session1_main__practice=0,1297757.747835800,1297757.759295400
dynamic_sart_stimulus_onset__v=1__trial=628__condition=go__digit=5__block=3__phase=query__segment=session1_main__practice=0,1297757.827367500,1297757.827591100
dynamic_sart_stimulus_offset__v=1__trial=628__condition=go__digit=5__block=3__phase=query__segment=session1_main__practice=0,1297758.098671300,1297758.098803900
dynamic_sart_response_window_close__v=1__trial=628__condition=go__digit=5__block=3__phase=query__segment=session1_main__practice=0,1297759.436643700,1297759.436847500
dynamic_sart_trial_complete__v=1__trial=628__condition=go__digit=5__block=3__phase=query__segment=session1_main__practice=0,1297759.436643700,1297759.445125700
dynamic_sart_stimulus_onset__v=1__trial=629__condition=go__digit=6__block=3__phase=query__segment=session1_main__practice=0,1297759.520036900,1297759.520250500
dynamic_sart_stimulus_offset__v=1__trial=629__condition=go__digit=6__block=3__phase=query__segment=session1_main__practice=0,1297759.784449600,1297759.784974100
dynamic_sart_response_window_close__v=1__trial=629__condition=go__digit=6__block=3__phase=query__segment=session1_main__practice=0,1297761.124748200,1297761.125204600
dynamic_sart_trial_complete__v=1__trial=629__condition=go__digit=6__block=3__phase=query__segment=session1_main__practice=0,1297761.124748200,1297761.133559100
dynamic_sart_stimulus_onset__v=1__trial=630__condition=go__digit=8__block=3__phase=query__segment=session1_main__practice=0,1297761.211008200,1297761.211271100
dynamic_sart_stimulus_offset__v=1__trial=630__condition=go__digit=8__block=3__phase=query__segment=session1_main__practice=0,1297761.479540800,1297761.479763200
dynamic_sart_response_window_close__v=1__trial=630__condition=go__digit=8__block=3__phase=query__segment=session1_main__practice=0,1297762.810769600,1297762.811003900
dynamic_sart_trial_complete__v=1__trial=630__condition=go__digit=8__block=3__phase=query__segment=session1_main__practice=0,1297762.810769600,1297762.821009100
dynamic_sart_stimulus_onset__v=1__trial=631__condition=no_go__digit=3__block=3__phase=query__segment=session1_main__practice=0,1297762.888797100,1297762.889031300
dynamic_sart_stimulus_offset__v=1__trial=631__condition=no_go__digit=3__block=3__phase=query__segment=session1_main__practice=0,1297763.153150800,1297763.153360300
dynamic_sart_response_window_close__v=1__trial=631__condition=no_go__digit=3__block=3__phase=query__segment=session1_main__practice=0,1297764.484443800,1297764.484695600
dynamic_sart_trial_complete__v=1__trial=631__condition=no_go__digit=3__block=3__phase=query__segment=session1_main__practice=0,1297764.484443800,1297764.492998500
dynamic_sart_stimulus_onset__v=1__trial=632__condition=go__digit=9__block=3__phase=query__segment=session1_main__practice=0,1297764.574203900,1297764.574439100
dynamic_sart_stimulus_offset__v=1__trial=632__condition=go__digit=9__block=3__phase=query__segment=session1_main__practice=0,1297764.840134400,1297764.840387300
dynamic_sart_response_window_close__v=1__trial=632__condition=go__digit=9__block=3__phase=query__segment=session1_main__practice=0,1297766.171712200,1297766.171942300
dynamic_sart_trial_complete__v=1__trial=632__condition=go__digit=9__block=3__phase=query__segment=session1_main__practice=0,1297766.171712200,1297766.180283500
dynamic_sart_stimulus_onset__v=1__trial=633__condition=go__digit=7__block=3__phase=query__segment=session1_main__practice=0,1297766.256056500,1297766.256280900
dynamic_sart_stimulus_offset__v=1__trial=633__condition=go__digit=7__block=3__phase=query__segment=session1_main__practice=0,1297766.540599700,1297766.540833700
dynamic_sart_response_window_close__v=1__trial=633__condition=go__digit=7__block=3__phase=query__segment=session1_main__practice=0,1297767.858989300,1297767.859211500
dynamic_sart_trial_complete__v=1__trial=633__condition=go__digit=7__block=3__phase=query__segment=session1_main__practice=0,1297767.858989300,1297767.871665400
dynamic_sart_stimulus_onset__v=1__trial=634__condition=go__digit=0__block=3__phase=query__segment=session1_main__practice=0,1297767.941731600,1297767.941938600
dynamic_sart_stimulus_offset__v=1__trial=634__condition=go__digit=0__block=3__phase=query__segment=session1_main__practice=0,1297768.214965500,1297768.215126600
dynamic_sart_response_window_close__v=1__trial=634__condition=go__digit=0__block=3__phase=query__segment=session1_main__practice=0,1297769.547246300,1297769.547436000
dynamic_sart_trial_complete__v=1__trial=634__condition=go__digit=0__block=3__phase=query__segment=session1_main__practice=0,1297769.547246300,1297769.555964500
dynamic_sart_stimulus_onset__v=1__trial=635__condition=go__digit=1__block=3__phase=query__segment=session1_main__practice=0,1297769.639797500,1297769.639942100
dynamic_sart_stimulus_offset__v=1__trial=635__condition=go__digit=1__block=3__phase=query__segment=session1_main__practice=0,1297769.926648600,1297769.926877100
dynamic_sart_response_window_close__v=1__trial=635__condition=go__digit=1__block=3__phase=query__segment=session1_main__practice=0,1297771.249324600,1297771.249522800
dynamic_sart_trial_complete__v=1__trial=635__condition=go__digit=1__block=3__phase=query__segment=session1_main__practice=0,1297771.249324600,1297771.257621300
dynamic_sart_stimulus_onset__v=1__trial=636__condition=go__digit=4__block=3__phase=query__segment=session1_main__practice=0,1297771.316375500,1297771.316905800
dynamic_sart_stimulus_offset__v=1__trial=636__condition=go__digit=4__block=3__phase=query__segment=session1_main__practice=0,1297771.588834000,1297771.589082600
dynamic_sart_response_window_close__v=1__trial=636__condition=go__digit=4__block=3__phase=query__segment=session1_main__practice=0,1297772.921094900,1297772.921321400
dynamic_sart_trial_complete__v=1__trial=636__condition=go__digit=4__block=3__phase=query__segment=session1_main__practice=0,1297772.921094900,1297772.929356900
dynamic_sart_stimulus_onset__v=1__trial=637__condition=no_go__digit=3__block=3__phase=query__segment=session1_main__practice=0,1297773.000585800,1297773.000773300
dynamic_sart_stimulus_offset__v=1__trial=637__condition=no_go__digit=3__block=3__phase=query__segment=session1_main__practice=0,1297773.267666300,1297773.267902200
dynamic_sart_response_window_close__v=1__trial=637__condition=no_go__digit=3__block=3__phase=query__segment=session1_main__practice=0,1297774.608691900,1297774.608955300
dynamic_sart_trial_complete__v=1__trial=637__condition=no_go__digit=3__block=3__phase=query__segment=session1_main__practice=0,1297774.608691900,1297774.617139000
dynamic_sart_stimulus_onset__v=1__trial=638__condition=go__digit=2__block=3__phase=query__segment=session1_main__practice=0,1297774.692352500,1297774.692591800
dynamic_sart_stimulus_offset__v=1__trial=638__condition=go__digit=2__block=3__phase=query__segment=session1_main__practice=0,1297774.971180200,1297774.971435000
dynamic_sart_response_window_close__v=1__trial=638__condition=go__digit=2__block=3__phase=query__segment=session1_main__practice=0,1297776.295816300,1297776.296036100
dynamic_sart_trial_complete__v=1__trial=638__condition=go__digit=2__block=3__phase=query__segment=session1_main__practice=0,1297776.295816300,1297776.304450800
dynamic_sart_stimulus_onset__v=1__trial=639__condition=go__digit=5__block=3__phase=query__segment=session1_main__practice=0,1297776.347797200,1297776.347942600
dynamic_sart_stimulus_offset__v=1__trial=639__condition=go__digit=5__block=3__phase=query__segment=session1_main__practice=0,1297776.627080200,1297776.627616400
dynamic_sart_response_window_close__v=1__trial=639__condition=go__digit=5__block=3__phase=query__segment=session1_main__practice=0,1297777.951438900,1297777.951688400
dynamic_sart_trial_complete__v=1__trial=639__condition=go__digit=5__block=3__phase=query__segment=session1_main__practice=0,1297777.951438900,1297777.963289200
dynamic_sart_stimulus_onset__v=1__trial=640__condition=go__digit=9__block=3__phase=query__segment=session1_main__practice=0,1297778.038276900,1297778.038512800
dynamic_sart_stimulus_offset__v=1__trial=640__condition=go__digit=9__block=3__phase=query__segment=session1_main__practice=0,1297778.304978900,1297778.305198000
dynamic_sart_response_window_close__v=1__trial=640__condition=go__digit=9__block=3__phase=query__segment=session1_main__practice=0,1297779.639594500,1297779.639977100
dynamic_sart_trial_complete__v=1__trial=640__condition=go__digit=9__block=3__phase=query__segment=session1_main__practice=0,1297779.639594500,1297779.647933800
dynamic_sart_stimulus_onset__v=1__trial=641__condition=go__digit=0__block=3__phase=query__segment=session1_main__practice=0,1297779.721504000,1297779.721742700
dynamic_sart_stimulus_offset__v=1__trial=641__condition=go__digit=0__block=3__phase=query__segment=session1_main__practice=0,1297779.999438300,1297779.999668300
dynamic_sart_response_window_close__v=1__trial=641__condition=go__digit=0__block=3__phase=query__segment=session1_main__practice=0,1297781.328683400,1297781.328915800
dynamic_sart_trial_complete__v=1__trial=641__condition=go__digit=0__block=3__phase=query__segment=session1_main__practice=0,1297781.328683400,1297781.337686800
dynamic_sart_stimulus_onset__v=1__trial=642__condition=go__digit=4__block=3__phase=query__segment=session1_main__practice=0,1297781.405585500,1297781.405813100
dynamic_sart_stimulus_offset__v=1__trial=642__condition=go__digit=4__block=3__phase=query__segment=session1_main__practice=0,1297781.686817900,1297781.687052700
dynamic_sart_response_window_close__v=1__trial=642__condition=go__digit=4__block=3__phase=query__segment=session1_main__practice=0,1297783.015456300,1297783.015700700
dynamic_sart_trial_complete__v=1__trial=642__condition=go__digit=4__block=3__phase=query__segment=session1_main__practice=0,1297783.015456300,1297783.024944400
dynamic_sart_stimulus_onset__v=1__trial=643__condition=go__digit=6__block=3__phase=query__segment=session1_main__practice=0,1297783.092075300,1297783.092306800
dynamic_sart_stimulus_offset__v=1__trial=643__condition=go__digit=6__block=3__phase=query__segment=session1_main__practice=0,1297783.355676400,1297783.355819100
dynamic_sart_response_window_close__v=1__trial=643__condition=go__digit=6__block=3__phase=query__segment=session1_main__practice=0,1297784.687559400,1297784.687796500
dynamic_sart_trial_complete__v=1__trial=643__condition=go__digit=6__block=3__phase=query__segment=session1_main__practice=0,1297784.687559400,1297784.696314800
dynamic_sart_stimulus_onset__v=1__trial=644__condition=no_go__digit=3__block=3__phase=query__segment=session1_main__practice=0,1297784.749855500,1297784.750062600
dynamic_sart_stimulus_offset__v=1__trial=644__condition=no_go__digit=3__block=3__phase=query__segment=session1_main__practice=0,1297785.016615100,1297785.016844600
dynamic_sart_response_window_close__v=1__trial=644__condition=no_go__digit=3__block=3__phase=query__segment=session1_main__practice=0,1297786.358976700,1297786.359201700
dynamic_sart_trial_complete__v=1__trial=644__condition=no_go__digit=3__block=3__phase=query__segment=session1_main__practice=0,1297786.358976700,1297786.367709700
dynamic_sart_stimulus_onset__v=1__trial=645__condition=go__digit=8__block=3__phase=query__segment=session1_main__practice=0,1297786.424490900,1297786.424725400
dynamic_sart_stimulus_offset__v=1__trial=645__condition=go__digit=8__block=3__phase=query__segment=session1_main__practice=0,1297786.699826000,1297786.700039700
dynamic_sart_response_window_close__v=1__trial=645__condition=go__digit=8__block=3__phase=query__segment=session1_main__practice=0,1297788.031650500,1297788.031915100
dynamic_sart_trial_complete__v=1__trial=645__condition=go__digit=8__block=3__phase=query__segment=session1_main__practice=0,1297788.031650500,1297788.043383200
dynamic_sart_stimulus_onset__v=1__trial=646__condition=go__digit=7__block=3__phase=query__segment=session1_main__practice=0,1297788.106162300,1297788.106368000
dynamic_sart_stimulus_offset__v=1__trial=646__condition=go__digit=7__block=3__phase=query__segment=session1_main__practice=0,1297788.373942600,1297788.374185500
dynamic_sart_response_window_close__v=1__trial=646__condition=go__digit=7__block=3__phase=query__segment=session1_main__practice=0,1297789.703178800,1297789.703414900
dynamic_sart_trial_complete__v=1__trial=646__condition=go__digit=7__block=3__phase=query__segment=session1_main__practice=0,1297789.703178800,1297789.711333100
dynamic_sart_stimulus_onset__v=1__trial=647__condition=go__digit=1__block=3__phase=query__segment=session1_main__practice=0,1297789.771358300,1297789.771597100
dynamic_sart_stimulus_offset__v=1__trial=647__condition=go__digit=1__block=3__phase=query__segment=session1_main__practice=0,1297790.029602800,1297790.029912500
dynamic_sart_response_window_close__v=1__trial=647__condition=go__digit=1__block=3__phase=query__segment=session1_main__practice=0,1297791.375691400,1297791.375915800
dynamic_sart_trial_complete__v=1__trial=647__condition=go__digit=1__block=3__phase=query__segment=session1_main__practice=0,1297791.375691400,1297791.383985400
dynamic_sart_stimulus_onset__v=1__trial=648__condition=go__digit=2__block=3__phase=query__segment=session1_main__practice=0,1297791.445248600,1297791.445468200
dynamic_sart_stimulus_offset__v=1__trial=648__condition=go__digit=2__block=3__phase=query__segment=session1_main__practice=0,1297791.711431400,1297791.711651200
dynamic_sart_response_window_close__v=1__trial=648__condition=go__digit=2__block=3__phase=query__segment=session1_main__practice=0,1297793.046287800,1297793.046525000
dynamic_sart_trial_complete__v=1__trial=648__condition=go__digit=2__block=3__phase=query__segment=session1_main__practice=0,1297793.046287800,1297793.054817900
dynamic_sart_stimulus_onset__v=1__trial=649__condition=go__digit=7__block=3__phase=query__segment=session1_main__practice=0,1297793.117112500,1297793.117323000
dynamic_sart_stimulus_offset__v=1__trial=649__condition=go__digit=7__block=3__phase=query__segment=session1_main__practice=0,1297793.387802900,1297793.388039500
dynamic_sart_response_window_close__v=1__trial=649__condition=go__digit=7__block=3__phase=query__segment=session1_main__practice=0,1297794.716604800,1297794.716855500
dynamic_sart_trial_complete__v=1__trial=649__condition=go__digit=7__block=3__phase=query__segment=session1_main__practice=0,1297794.716604800,1297794.724782000
dynamic_sart_stimulus_onset__v=1__trial=650__condition=go__digit=9__block=3__phase=query__segment=session1_main__practice=0,1297794.789403800,1297794.789619400
dynamic_sart_stimulus_offset__v=1__trial=650__condition=go__digit=9__block=3__phase=query__segment=session1_main__practice=0,1297795.055827900,1297795.056002000
dynamic_sart_response_window_close__v=1__trial=650__condition=go__digit=9__block=3__phase=query__segment=session1_main__practice=0,1297796.391262700,1297796.391485500
dynamic_sart_trial_complete__v=1__trial=650__condition=go__digit=9__block=3__phase=query__segment=session1_main__practice=0,1297796.391262700,1297796.399821100
dynamic_sart_stimulus_onset__v=1__trial=651__condition=no_go__digit=3__block=3__phase=query__segment=session1_main__practice=0,1297796.458822800,1297796.459046600
dynamic_sart_stimulus_offset__v=1__trial=651__condition=no_go__digit=3__block=3__phase=query__segment=session1_main__practice=0,1297796.739126700,1297796.739480000
dynamic_sart_response_window_close__v=1__trial=651__condition=no_go__digit=3__block=3__phase=query__segment=session1_main__practice=0,1297798.061627400,1297798.061812500
dynamic_sart_trial_complete__v=1__trial=651__condition=no_go__digit=3__block=3__phase=query__segment=session1_main__practice=0,1297798.061627400,1297798.073102700
dynamic_sart_stimulus_onset__v=1__trial=652__condition=go__digit=4__block=3__phase=query__segment=session1_main__practice=0,1297798.130150900,1297798.130296300
dynamic_sart_stimulus_offset__v=1__trial=652__condition=go__digit=4__block=3__phase=query__segment=session1_main__practice=0,1297798.400087300,1297798.400624800
dynamic_sart_response_window_close__v=1__trial=652__condition=go__digit=4__block=3__phase=query__segment=session1_main__practice=0,1297799.732874900,1297799.733091000
dynamic_sart_trial_complete__v=1__trial=652__condition=go__digit=4__block=3__phase=query__segment=session1_main__practice=0,1297799.732874900,1297799.741666800
dynamic_sart_stimulus_onset__v=1__trial=653__condition=go__digit=6__block=3__phase=query__segment=session1_main__practice=0,1297799.806428700,1297799.806984400
dynamic_sart_stimulus_offset__v=1__trial=653__condition=go__digit=6__block=3__phase=query__segment=session1_main__practice=0,1297800.065646000,1297800.065880900
dynamic_sart_response_window_close__v=1__trial=653__condition=go__digit=6__block=3__phase=query__segment=session1_main__practice=0,1297801.404509800,1297801.404754000
dynamic_sart_trial_complete__v=1__trial=653__condition=go__digit=6__block=3__phase=query__segment=session1_main__practice=0,1297801.404509800,1297801.412916600
dynamic_sart_stimulus_onset__v=1__trial=654__condition=go__digit=2__block=3__phase=query__segment=session1_main__practice=0,1297801.475684200,1297801.475926300
dynamic_sart_stimulus_offset__v=1__trial=654__condition=go__digit=2__block=3__phase=query__segment=session1_main__practice=0,1297801.749680100,1297801.749917600
dynamic_sart_response_window_close__v=1__trial=654__condition=go__digit=2__block=3__phase=query__segment=session1_main__practice=0,1297803.077127600,1297803.077382400
dynamic_sart_trial_complete__v=1__trial=654__condition=go__digit=2__block=3__phase=query__segment=session1_main__practice=0,1297803.077127600,1297803.085502800
dynamic_sart_stimulus_onset__v=1__trial=655__condition=go__digit=1__block=3__phase=query__segment=session1_main__practice=0,1297803.150426500,1297803.150673400
dynamic_sart_stimulus_offset__v=1__trial=655__condition=go__digit=1__block=3__phase=query__segment=session1_main__practice=0,1297803.426151300,1297803.426385000
dynamic_sart_response_window_close__v=1__trial=655__condition=go__digit=1__block=3__phase=query__segment=session1_main__practice=0,1297804.749107000,1297804.749337200
dynamic_sart_trial_complete__v=1__trial=655__condition=go__digit=1__block=3__phase=query__segment=session1_main__practice=0,1297804.749107000,1297804.757258000
dynamic_sart_stimulus_onset__v=1__trial=656__condition=go__digit=0__block=3__phase=query__segment=session1_main__practice=0,1297804.832936000,1297804.833151600
dynamic_sart_stimulus_offset__v=1__trial=656__condition=go__digit=0__block=3__phase=query__segment=session1_main__practice=0,1297805.097892100,1297805.098092700
dynamic_sart_response_window_close__v=1__trial=656__condition=go__digit=0__block=3__phase=query__segment=session1_main__practice=0,1297806.436410200,1297806.436617600
dynamic_sart_trial_complete__v=1__trial=656__condition=go__digit=0__block=3__phase=query__segment=session1_main__practice=0,1297806.436410200,1297806.444844200
dynamic_sart_stimulus_onset__v=1__trial=657__condition=no_go__digit=3__block=3__phase=query__segment=session1_main__practice=0,1297806.515154900,1297806.515396900
dynamic_sart_stimulus_offset__v=1__trial=657__condition=no_go__digit=3__block=3__phase=query__segment=session1_main__practice=0,1297806.783825900,1297806.784052300
dynamic_sart_response_window_close__v=1__trial=657__condition=no_go__digit=3__block=3__phase=query__segment=session1_main__practice=0,1297808.124546200,1297808.124763300
dynamic_sart_trial_complete__v=1__trial=657__condition=no_go__digit=3__block=3__phase=query__segment=session1_main__practice=0,1297808.124546200,1297808.139137000
dynamic_sart_stimulus_onset__v=1__trial=658__condition=go__digit=5__block=3__phase=query__segment=session1_main__practice=0,1297808.223811400,1297808.224038200
dynamic_sart_stimulus_offset__v=1__trial=658__condition=go__digit=5__block=3__phase=query__segment=session1_main__practice=0,1297808.506974800,1297808.507204500
dynamic_sart_response_window_close__v=1__trial=658__condition=go__digit=5__block=3__phase=query__segment=session1_main__practice=0,1297809.827374200,1297809.827618100
dynamic_sart_trial_complete__v=1__trial=658__condition=go__digit=5__block=3__phase=query__segment=session1_main__practice=0,1297809.827374200,1297809.835766700
dynamic_sart_stimulus_onset__v=1__trial=659__condition=go__digit=8__block=3__phase=query__segment=session1_main__practice=0,1297809.915308900,1297809.915508800
dynamic_sart_stimulus_offset__v=1__trial=659__condition=go__digit=8__block=3__phase=query__segment=session1_main__practice=0,1297810.181625300,1297810.181772300
dynamic_sart_response_window_close__v=1__trial=659__condition=go__digit=8__block=3__phase=query__segment=session1_main__practice=0,1297811.514277100,1297811.514518700
dynamic_sart_trial_complete__v=1__trial=659__condition=go__digit=8__block=3__phase=query__segment=session1_main__practice=0,1297811.514277100,1297811.522699200
dynamic_sart_stimulus_onset__v=1__trial=660__condition=go__digit=4__block=3__phase=query__segment=session1_main__practice=0,1297811.580437300,1297811.580679700
dynamic_sart_stimulus_offset__v=1__trial=660__condition=go__digit=4__block=3__phase=query__segment=session1_main__practice=0,1297811.848464900,1297811.848689200
dynamic_sart_response_window_close__v=1__trial=660__condition=go__digit=4__block=3__phase=query__segment=session1_main__practice=0,1297813.186567900,1297813.186787800
dynamic_sart_trial_complete__v=1__trial=660__condition=go__digit=4__block=3__phase=query__segment=session1_main__practice=0,1297813.186567900,1297813.194329400
dynamic_sart_stimulus_onset__v=1__trial=661__condition=go__digit=5__block=3__phase=query__segment=session1_main__practice=0,1297813.267238900,1297813.267635900
dynamic_sart_stimulus_offset__v=1__trial=661__condition=go__digit=5__block=3__phase=query__segment=session1_main__practice=0,1297813.542051100,1297813.542286600
dynamic_sart_response_window_close__v=1__trial=661__condition=go__digit=5__block=3__phase=query__segment=session1_main__practice=0,1297814.875292300,1297814.875532500
dynamic_sart_trial_complete__v=1__trial=661__condition=go__digit=5__block=3__phase=query__segment=session1_main__practice=0,1297814.875292300,1297814.883431800
dynamic_sart_stimulus_onset__v=1__trial=662__condition=go__digit=7__block=3__phase=query__segment=session1_main__practice=0,1297814.972970500,1297814.973205200
dynamic_sart_stimulus_offset__v=1__trial=662__condition=go__digit=7__block=3__phase=query__segment=session1_main__practice=0,1297815.259119100,1297815.259437400
dynamic_sart_response_window_close__v=1__trial=662__condition=go__digit=7__block=3__phase=query__segment=session1_main__practice=0,1297816.576121900,1297816.576377400
dynamic_sart_trial_complete__v=1__trial=662__condition=go__digit=7__block=3__phase=query__segment=session1_main__practice=0,1297816.576121900,1297816.584359700
dynamic_sart_stimulus_onset__v=1__trial=663__condition=go__digit=8__block=3__phase=query__segment=session1_main__practice=0,1297816.658856100,1297816.659084200
dynamic_sart_stimulus_offset__v=1__trial=663__condition=go__digit=8__block=3__phase=query__segment=session1_main__practice=0,1297816.938877300,1297816.939091700
dynamic_sart_response_window_close__v=1__trial=663__condition=go__digit=8__block=3__phase=query__segment=session1_main__practice=0,1297818.264377200,1297818.264608600
dynamic_sart_trial_complete__v=1__trial=663__condition=go__digit=8__block=3__phase=query__segment=session1_main__practice=0,1297818.264377200,1297818.276041400
dynamic_sart_stimulus_onset__v=1__trial=664__condition=no_go__digit=3__block=3__phase=query__segment=session1_main__practice=0,1297818.350606500,1297818.350829400
dynamic_sart_stimulus_offset__v=1__trial=664__condition=no_go__digit=3__block=3__phase=query__segment=session1_main__practice=0,1297818.614859300,1297818.615289800
dynamic_sart_response_window_close__v=1__trial=664__condition=no_go__digit=3__block=3__phase=query__segment=session1_main__practice=0,1297819.951042300,1297819.951268300
dynamic_sart_trial_complete__v=1__trial=664__condition=no_go__digit=3__block=3__phase=query__segment=session1_main__practice=0,1297819.951042300,1297819.959383200
dynamic_sart_stimulus_onset__v=1__trial=665__condition=go__digit=1__block=3__phase=query__segment=session1_main__practice=0,1297820.030241100,1297820.030411000
dynamic_sart_stimulus_offset__v=1__trial=665__condition=go__digit=1__block=3__phase=query__segment=session1_main__practice=0,1297820.296684500,1297820.296922900
dynamic_sart_response_window_close__v=1__trial=665__condition=go__digit=1__block=3__phase=query__segment=session1_main__practice=0,1297821.639823500,1297821.640068200
dynamic_sart_trial_complete__v=1__trial=665__condition=go__digit=1__block=3__phase=query__segment=session1_main__practice=0,1297821.639823500,1297821.648440700
dynamic_sart_stimulus_onset__v=1__trial=666__condition=go__digit=0__block=3__phase=query__segment=session1_main__practice=0,1297821.710754200,1297821.710940900
dynamic_sart_stimulus_offset__v=1__trial=666__condition=go__digit=0__block=3__phase=query__segment=session1_main__practice=0,1297821.978875500,1297821.979092100
dynamic_sart_response_window_close__v=1__trial=666__condition=go__digit=0__block=3__phase=query__segment=session1_main__practice=0,1297823.313080700,1297823.313313800
dynamic_sart_trial_complete__v=1__trial=666__condition=go__digit=0__block=3__phase=query__segment=session1_main__practice=0,1297823.313080700,1297823.321429100
dynamic_sart_stimulus_onset__v=1__trial=667__condition=go__digit=6__block=3__phase=query__segment=session1_main__practice=0,1297823.375100100,1297823.375336400
dynamic_sart_stimulus_offset__v=1__trial=667__condition=go__digit=6__block=3__phase=query__segment=session1_main__practice=0,1297823.652038600,1297823.652267500
dynamic_sart_response_window_close__v=1__trial=667__condition=go__digit=6__block=3__phase=query__segment=session1_main__practice=0,1297824.983487500,1297824.983828700
dynamic_sart_trial_complete__v=1__trial=667__condition=go__digit=6__block=3__phase=query__segment=session1_main__practice=0,1297824.983487500,1297824.993605900
dynamic_sart_stimulus_onset__v=1__trial=668__condition=go__digit=9__block=3__phase=query__segment=session1_main__practice=0,1297825.055735300,1297825.055988800
dynamic_sart_stimulus_offset__v=1__trial=668__condition=go__digit=9__block=3__phase=query__segment=session1_main__practice=0,1297825.324052200,1297825.324292900
dynamic_sart_response_window_close__v=1__trial=668__condition=go__digit=9__block=3__phase=query__segment=session1_main__practice=0,1297826.654093200,1297826.654333300
dynamic_sart_trial_complete__v=1__trial=668__condition=go__digit=9__block=3__phase=query__segment=session1_main__practice=0,1297826.654093200,1297826.662578400
dynamic_sart_stimulus_onset__v=1__trial=669__condition=go__digit=2__block=3__phase=query__segment=session1_main__practice=0,1297826.727109600,1297826.727346100
dynamic_sart_stimulus_offset__v=1__trial=669__condition=go__digit=2__block=3__phase=query__segment=session1_main__practice=0,1297826.998701600,1297826.998916500
dynamic_sart_response_window_close__v=1__trial=669__condition=go__digit=2__block=3__phase=query__segment=session1_main__practice=0,1297828.325907100,1297828.326128700
dynamic_sart_trial_complete__v=1__trial=669__condition=go__digit=2__block=3__phase=query__segment=session1_main__practice=0,1297828.325907100,1297828.339335000
dynamic_sart_stimulus_onset__v=1__trial=670__condition=go__digit=1__block=3__phase=query__segment=session1_main__practice=0,1297828.406180300,1297828.406415100
dynamic_sart_stimulus_offset__v=1__trial=670__condition=go__digit=1__block=3__phase=query__segment=session1_main__practice=0,1297828.678404100,1297828.678685000
dynamic_sart_response_window_close__v=1__trial=670__condition=go__digit=1__block=3__phase=query__segment=session1_main__practice=0,1297830.014510400,1297830.014717800
dynamic_sart_trial_complete__v=1__trial=670__condition=go__digit=1__block=3__phase=query__segment=session1_main__practice=0,1297830.014510400,1297830.023105600
dynamic_sart_stimulus_onset__v=1__trial=671__condition=no_go__digit=3__block=3__phase=query__segment=session1_main__practice=0,1297830.094218600,1297830.094444400
dynamic_sart_stimulus_offset__v=1__trial=671__condition=no_go__digit=3__block=3__phase=query__segment=session1_main__practice=0,1297830.360724800,1297830.360923900
dynamic_sart_response_window_close__v=1__trial=671__condition=no_go__digit=3__block=3__phase=query__segment=session1_main__practice=0,1297831.702454000,1297831.702689800
dynamic_sart_trial_complete__v=1__trial=671__condition=no_go__digit=3__block=3__phase=query__segment=session1_main__practice=0,1297831.702454000,1297831.710812700
dynamic_sart_stimulus_onset__v=1__trial=672__condition=go__digit=0__block=3__phase=query__segment=session1_main__practice=0,1297831.781947000,1297831.782170800
dynamic_sart_stimulus_offset__v=1__trial=672__condition=go__digit=0__block=3__phase=query__segment=session1_main__practice=0,1297832.054633900,1297832.054870300
dynamic_sart_response_window_close__v=1__trial=672__condition=go__digit=0__block=3__phase=query__segment=session1_main__practice=0,1297833.390223800,1297833.390424000
dynamic_sart_trial_complete__v=1__trial=672__condition=go__digit=0__block=3__phase=query__segment=session1_main__practice=0,1297833.390223800,1297833.398313900
dynamic_sart_stimulus_onset__v=1__trial=673__condition=go__digit=4__block=3__phase=query__segment=session1_main__practice=0,1297833.446097700,1297833.446287400
dynamic_sart_stimulus_offset__v=1__trial=673__condition=go__digit=4__block=3__phase=query__segment=session1_main__practice=0,1297833.709856600,1297833.710238800
dynamic_sart_response_window_close__v=1__trial=673__condition=go__digit=4__block=3__phase=query__segment=session1_main__practice=0,1297835.045480400,1297835.045731900
dynamic_sart_trial_complete__v=1__trial=673__condition=go__digit=4__block=3__phase=query__segment=session1_main__practice=0,1297835.045480400,1297835.054310400
dynamic_sart_stimulus_onset__v=1__trial=674__condition=go__digit=6__block=3__phase=query__segment=session1_main__practice=0,1297835.129123300,1297835.129317200
dynamic_sart_stimulus_offset__v=1__trial=674__condition=go__digit=6__block=3__phase=query__segment=session1_main__practice=0,1297835.401847100,1297835.402134300
dynamic_sart_response_window_close__v=1__trial=674__condition=go__digit=6__block=3__phase=query__segment=session1_main__practice=0,1297836.734263000,1297836.734478600
dynamic_sart_trial_complete__v=1__trial=674__condition=go__digit=6__block=3__phase=query__segment=session1_main__practice=0,1297836.734263000,1297836.742533800
dynamic_sart_stimulus_onset__v=1__trial=675__condition=go__digit=8__block=3__phase=query__segment=session1_main__practice=0,1297836.800669500,1297836.800859500
dynamic_sart_stimulus_offset__v=1__trial=675__condition=go__digit=8__block=3__phase=query__segment=session1_main__practice=0,1297837.071260500,1297837.071459200
dynamic_sart_response_window_close__v=1__trial=675__condition=go__digit=8__block=3__phase=query__segment=session1_main__practice=0,1297838.404980400,1297838.405192400
dynamic_sart_trial_complete__v=1__trial=675__condition=go__digit=8__block=3__phase=query__segment=session1_main__practice=0,1297838.404980400,1297838.417374800
dynamic_sart_stimulus_onset__v=1__trial=676__condition=go__digit=2__block=3__phase=query__segment=session1_main__practice=0,1297838.465680300,1297838.465797800
dynamic_sart_stimulus_offset__v=1__trial=676__condition=go__digit=2__block=3__phase=query__segment=session1_main__practice=0,1297838.730518900,1297838.730698100
dynamic_sart_response_window_close__v=1__trial=676__condition=go__digit=2__block=3__phase=query__segment=session1_main__practice=0,1297840.062146500,1297840.062371400
dynamic_sart_trial_complete__v=1__trial=676__condition=go__digit=2__block=3__phase=query__segment=session1_main__practice=0,1297840.062146500,1297840.070532100
dynamic_sart_stimulus_onset__v=1__trial=677__condition=no_go__digit=3__block=3__phase=query__segment=session1_main__practice=0,1297840.126350800,1297840.126557000
dynamic_sart_stimulus_offset__v=1__trial=677__condition=no_go__digit=3__block=3__phase=query__segment=session1_main__practice=0,1297840.391706800,1297840.391930900
dynamic_sart_response_window_close__v=1__trial=677__condition=no_go__digit=3__block=3__phase=query__segment=session1_main__practice=0,1297841.733228800,1297841.733454300
dynamic_sart_trial_complete__v=1__trial=677__condition=no_go__digit=3__block=3__phase=query__segment=session1_main__practice=0,1297841.733228800,1297841.742447100
dynamic_sart_stimulus_onset__v=1__trial=678__condition=go__digit=7__block=3__phase=query__segment=session1_main__practice=0,1297841.822486600,1297841.822736800
dynamic_sart_stimulus_offset__v=1__trial=678__condition=go__digit=7__block=3__phase=query__segment=session1_main__practice=0,1297842.085754500,1297842.085885000
dynamic_sart_response_window_close__v=1__trial=678__condition=go__digit=7__block=3__phase=query__segment=session1_main__practice=0,1297843.419881100,1297843.420121900
dynamic_sart_trial_complete__v=1__trial=678__condition=go__digit=7__block=3__phase=query__segment=session1_main__practice=0,1297843.419881100,1297843.429498600
dynamic_sart_stimulus_onset__v=1__trial=679__condition=go__digit=9__block=3__phase=query__segment=session1_main__practice=0,1297843.492400900,1297843.492625500
dynamic_sart_stimulus_offset__v=1__trial=679__condition=go__digit=9__block=3__phase=query__segment=session1_main__practice=0,1297843.749848800,1297843.750053900
dynamic_sart_response_window_close__v=1__trial=679__condition=go__digit=9__block=3__phase=query__segment=session1_main__practice=0,1297845.091917300,1297845.092105200
dynamic_sart_trial_complete__v=1__trial=679__condition=go__digit=9__block=3__phase=query__segment=session1_main__practice=0,1297845.091917300,1297845.100097000
dynamic_sart_stimulus_onset__v=1__trial=680__condition=go__digit=5__block=3__phase=query__segment=session1_main__practice=0,1297845.151116800,1297845.151425500
dynamic_sart_stimulus_offset__v=1__trial=680__condition=go__digit=5__block=3__phase=query__segment=session1_main__practice=0,1297845.415311200,1297845.415449500
dynamic_sart_response_window_close__v=1__trial=680__condition=go__digit=5__block=3__phase=query__segment=session1_main__practice=0,1297846.750400500,1297846.750635800
dynamic_sart_trial_complete__v=1__trial=680__condition=go__digit=5__block=3__phase=query__segment=session1_main__practice=0,1297846.750400500,1297846.759234200
dynamic_sart_stimulus_onset__v=1__trial=681__condition=go__digit=8__block=3__phase=query__segment=session1_main__practice=0,1297846.822591400,1297846.822813300
dynamic_sart_stimulus_offset__v=1__trial=681__condition=go__digit=8__block=3__phase=query__segment=session1_main__practice=0,1297847.094298200,1297847.094515700
dynamic_sart_response_window_close__v=1__trial=681__condition=go__digit=8__block=3__phase=query__segment=session1_main__practice=0,1297848.421171000,1297848.421509700
dynamic_sart_trial_complete__v=1__trial=681__condition=go__digit=8__block=3__phase=query__segment=session1_main__practice=0,1297848.421171000,1297848.432754800
dynamic_sart_stimulus_onset__v=1__trial=682__condition=go__digit=7__block=3__phase=query__segment=session1_main__practice=0,1297848.491474300,1297848.491695200
dynamic_sart_stimulus_offset__v=1__trial=682__condition=go__digit=7__block=3__phase=query__segment=session1_main__practice=0,1297848.772028300,1297848.772267800
dynamic_sart_response_window_close__v=1__trial=682__condition=go__digit=7__block=3__phase=query__segment=session1_main__practice=0,1297850.092181400,1297850.092422100
dynamic_sart_trial_complete__v=1__trial=682__condition=go__digit=7__block=3__phase=query__segment=session1_main__practice=0,1297850.092181400,1297850.100931400
dynamic_sart_stimulus_onset__v=1__trial=683__condition=go__digit=1__block=3__phase=query__segment=session1_main__practice=0,1297850.164261300,1297850.164394000
dynamic_sart_stimulus_offset__v=1__trial=683__condition=go__digit=1__block=3__phase=query__segment=session1_main__practice=0,1297850.440432400,1297850.440658600
dynamic_sart_response_window_close__v=1__trial=683__condition=go__digit=1__block=3__phase=query__segment=session1_main__practice=0,1297851.765891900,1297851.766123700
dynamic_sart_trial_complete__v=1__trial=683__condition=go__digit=1__block=3__phase=query__segment=session1_main__practice=0,1297851.765891900,1297851.774379000
dynamic_sart_stimulus_onset__v=1__trial=684__condition=no_go__digit=3__block=3__phase=query__segment=session1_main__practice=0,1297851.841352900,1297851.841592000
dynamic_sart_stimulus_offset__v=1__trial=684__condition=no_go__digit=3__block=3__phase=query__segment=session1_main__practice=0,1297852.105540700,1297852.105774800
dynamic_sart_response_window_close__v=1__trial=684__condition=no_go__digit=3__block=3__phase=query__segment=session1_main__practice=0,1297853.436162000,1297853.436425700
dynamic_sart_trial_complete__v=1__trial=684__condition=no_go__digit=3__block=3__phase=query__segment=session1_main__practice=0,1297853.436162000,1297853.444683000
dynamic_sart_stimulus_onset__v=1__trial=685__condition=go__digit=4__block=3__phase=query__segment=session1_main__practice=0,1297853.501076300,1297853.501598800
dynamic_sart_stimulus_offset__v=1__trial=685__condition=go__digit=4__block=3__phase=query__segment=session1_main__practice=0,1297853.770196200,1297853.770411100
dynamic_sart_response_window_close__v=1__trial=685__condition=go__digit=4__block=3__phase=query__segment=session1_main__practice=0,1297855.107602700,1297855.107820300
dynamic_sart_trial_complete__v=1__trial=685__condition=go__digit=4__block=3__phase=query__segment=session1_main__practice=0,1297855.107602700,1297855.115593900
dynamic_sart_stimulus_onset__v=1__trial=686__condition=go__digit=0__block=3__phase=query__segment=session1_main__practice=0,1297855.160933500,1297855.161145400
dynamic_sart_stimulus_offset__v=1__trial=686__condition=go__digit=0__block=3__phase=query__segment=session1_main__practice=0,1297855.432947100,1297855.433152500
dynamic_sart_response_window_close__v=1__trial=686__condition=go__digit=0__block=3__phase=query__segment=session1_main__practice=0,1297856.764018700,1297856.764584700
dynamic_sart_trial_complete__v=1__trial=686__condition=go__digit=0__block=3__phase=query__segment=session1_main__practice=0,1297856.764018700,1297856.771098800
dynamic_sart_stimulus_onset__v=1__trial=687__condition=go__digit=5__block=3__phase=query__segment=session1_main__practice=0,1297856.839246900,1297856.839581600
dynamic_sart_stimulus_offset__v=1__trial=687__condition=go__digit=5__block=3__phase=query__segment=session1_main__practice=0,1297857.109755600,1297857.110583300
dynamic_sart_response_window_close__v=1__trial=687__condition=go__digit=5__block=3__phase=query__segment=session1_main__practice=0,1297858.436737600,1297858.436963800
dynamic_sart_trial_complete__v=1__trial=687__condition=go__digit=5__block=3__phase=query__segment=session1_main__practice=0,1297858.436737600,1297858.448805600
dynamic_sart_stimulus_onset__v=1__trial=688__condition=go__digit=2__block=3__phase=query__segment=session1_main__practice=0,1297858.499153700,1297858.499298200
dynamic_sart_stimulus_offset__v=1__trial=688__condition=go__digit=2__block=3__phase=query__segment=session1_main__practice=0,1297858.781941300,1297858.782184900
dynamic_sart_response_window_close__v=1__trial=688__condition=go__digit=2__block=3__phase=query__segment=session1_main__practice=0,1297860.108916600,1297860.109101800
dynamic_sart_trial_complete__v=1__trial=688__condition=go__digit=2__block=3__phase=query__segment=session1_main__practice=0,1297860.108916600,1297860.117354300
dynamic_sart_stimulus_onset__v=1__trial=689__condition=go__digit=9__block=3__phase=query__segment=session1_main__practice=0,1297860.174407200,1297860.174620300
dynamic_sart_stimulus_offset__v=1__trial=689__condition=go__digit=9__block=3__phase=query__segment=session1_main__practice=0,1297860.455406900,1297860.455642000
dynamic_sart_response_window_close__v=1__trial=689__condition=go__digit=9__block=3__phase=query__segment=session1_main__practice=0,1297861.779753000,1297861.780008200
dynamic_sart_trial_complete__v=1__trial=689__condition=go__digit=9__block=3__phase=query__segment=session1_main__practice=0,1297861.779753000,1297861.790023900
dynamic_sart_stimulus_onset__v=1__trial=690__condition=no_go__digit=3__block=3__phase=query__segment=session1_main__practice=0,1297861.850715400,1297861.850964700
dynamic_sart_stimulus_offset__v=1__trial=690__condition=no_go__digit=3__block=3__phase=query__segment=session1_main__practice=0,1297862.124164400,1297862.124306000
dynamic_sart_response_window_close__v=1__trial=690__condition=no_go__digit=3__block=3__phase=query__segment=session1_main__practice=0,1297863.451219400,1297863.451465400
dynamic_sart_trial_complete__v=1__trial=690__condition=no_go__digit=3__block=3__phase=query__segment=session1_main__practice=0,1297863.451219400,1297863.459725100
dynamic_sart_stimulus_onset__v=1__trial=691__condition=go__digit=6__block=3__phase=query__segment=session1_main__practice=0,1297863.526161700,1297863.526368900
dynamic_sart_stimulus_offset__v=1__trial=691__condition=go__digit=6__block=3__phase=query__segment=session1_main__practice=0,1297863.775546200,1297863.775782000
dynamic_sart_response_window_close__v=1__trial=691__condition=go__digit=6__block=3__phase=query__segment=session1_main__practice=0,1297865.125301900,1297865.125529200
dynamic_sart_trial_complete__v=1__trial=691__condition=go__digit=6__block=3__phase=query__segment=session1_main__practice=0,1297865.125301900,1297865.132885400
dynamic_sart_stimulus_onset__v=1__trial=692__condition=go__digit=6__block=3__phase=query__segment=session1_main__practice=0,1297865.183704300,1297865.184596700
dynamic_sart_stimulus_offset__v=1__trial=692__condition=go__digit=6__block=3__phase=query__segment=session1_main__practice=0,1297865.459635400,1297865.459845200
dynamic_sart_response_window_close__v=1__trial=692__condition=go__digit=6__block=3__phase=query__segment=session1_main__practice=0,1297866.780266700,1297866.780510000
dynamic_sart_trial_complete__v=1__trial=692__condition=go__digit=6__block=3__phase=query__segment=session1_main__practice=0,1297866.780266700,1297866.788816000
dynamic_sart_stimulus_onset__v=1__trial=693__condition=go__digit=1__block=3__phase=query__segment=session1_main__practice=0,1297866.860118700,1297866.860369000
dynamic_sart_stimulus_offset__v=1__trial=693__condition=go__digit=1__block=3__phase=query__segment=session1_main__practice=0,1297867.134319900,1297867.134458600
dynamic_sart_response_window_close__v=1__trial=693__condition=go__digit=1__block=3__phase=query__segment=session1_main__practice=0,1297868.468581900,1297868.468781800
dynamic_sart_trial_complete__v=1__trial=693__condition=go__digit=1__block=3__phase=query__segment=session1_main__practice=0,1297868.468581900,1297868.480395400
dynamic_sart_stimulus_onset__v=1__trial=694__condition=go__digit=4__block=3__phase=query__segment=session1_main__practice=0,1297868.531784900,1297868.532111800
dynamic_sart_stimulus_offset__v=1__trial=694__condition=go__digit=4__block=3__phase=query__segment=session1_main__practice=0,1297868.811121600,1297868.811357700
dynamic_sart_response_window_close__v=1__trial=694__condition=go__digit=4__block=3__phase=query__segment=session1_main__practice=0,1297870.139673300,1297870.139885500
dynamic_sart_trial_complete__v=1__trial=694__condition=go__digit=4__block=3__phase=query__segment=session1_main__practice=0,1297870.139673300,1297870.147555300
dynamic_sart_stimulus_onset__v=1__trial=695__condition=go__digit=0__block=3__phase=query__segment=session1_main__practice=0,1297870.205361900,1297870.205625300
dynamic_sart_stimulus_offset__v=1__trial=695__condition=go__digit=0__block=3__phase=query__segment=session1_main__practice=0,1297870.493686800,1297870.493919100
dynamic_sart_response_window_close__v=1__trial=695__condition=go__digit=0__block=3__phase=query__segment=session1_main__practice=0,1297871.811724800,1297871.811967500
dynamic_sart_trial_complete__v=1__trial=695__condition=go__digit=0__block=3__phase=query__segment=session1_main__practice=0,1297871.811724800,1297871.820845000
dynamic_sart_stimulus_onset__v=1__trial=696__condition=go__digit=9__block=3__phase=query__segment=session1_main__practice=0,1297871.876897400,1297871.877095200
dynamic_sart_stimulus_offset__v=1__trial=696__condition=go__digit=9__block=3__phase=query__segment=session1_main__practice=0,1297872.150797000,1297872.151089300
dynamic_sart_response_window_close__v=1__trial=696__condition=go__digit=9__block=3__phase=query__segment=session1_main__practice=0,1297873.483885600,1297873.484070400
dynamic_sart_trial_complete__v=1__trial=696__condition=go__digit=9__block=3__phase=query__segment=session1_main__practice=0,1297873.483885600,1297873.492037500
dynamic_sart_stimulus_onset__v=1__trial=697__condition=no_go__digit=3__block=3__phase=query__segment=session1_main__practice=0,1297873.549189400,1297873.549386400
dynamic_sart_stimulus_offset__v=1__trial=697__condition=no_go__digit=3__block=3__phase=query__segment=session1_main__practice=0,1297873.814848600,1297873.814984100
dynamic_sart_response_window_close__v=1__trial=697__condition=no_go__digit=3__block=3__phase=query__segment=session1_main__practice=0,1297875.154166100,1297875.154399800
dynamic_sart_trial_complete__v=1__trial=697__condition=no_go__digit=3__block=3__phase=query__segment=session1_main__practice=0,1297875.154166100,1297875.162852100
dynamic_sart_stimulus_onset__v=1__trial=698__condition=go__digit=7__block=3__phase=query__segment=session1_main__practice=0,1297875.214407200,1297875.214599500
dynamic_sart_stimulus_offset__v=1__trial=698__condition=go__digit=7__block=3__phase=query__segment=session1_main__practice=0,1297875.493115800,1297875.493356100
dynamic_sart_response_window_close__v=1__trial=698__condition=go__digit=7__block=3__phase=query__segment=session1_main__practice=0,1297876.813538200,1297876.813770400
dynamic_sart_trial_complete__v=1__trial=698__condition=go__digit=7__block=3__phase=query__segment=session1_main__practice=0,1297876.813538200,1297876.822031900
dynamic_sart_stimulus_onset__v=1__trial=699__condition=go__digit=8__block=3__phase=query__segment=session1_main__practice=0,1297876.882370500,1297876.882576400
dynamic_sart_stimulus_offset__v=1__trial=699__condition=go__digit=8__block=3__phase=query__segment=session1_main__practice=0,1297877.151218100,1297877.151560400
dynamic_sart_response_window_close__v=1__trial=699__condition=go__digit=8__block=3__phase=query__segment=session1_main__practice=0,1297878.482333100,1297878.482530300
dynamic_sart_trial_complete__v=1__trial=699__condition=go__digit=8__block=3__phase=query__segment=session1_main__practice=0,1297878.482333100,1297878.494309900
dynamic_sart_stimulus_onset__v=1__trial=700__condition=go__digit=5__block=3__phase=query__segment=session1_main__practice=0,1297878.550383300,1297878.550586900
dynamic_sart_stimulus_offset__v=1__trial=700__condition=go__digit=5__block=3__phase=query__segment=session1_main__practice=0,1297878.818124300,1297878.818350900
dynamic_sart_response_window_close__v=1__trial=700__condition=go__digit=5__block=3__phase=query__segment=session1_main__practice=0,1297880.153956500,1297880.154152800
dynamic_sart_trial_complete__v=1__trial=700__condition=go__digit=5__block=3__phase=query__segment=session1_main__practice=0,1297880.153956500,1297880.162169700
dynamic_sart_stimulus_onset__v=1__trial=701__condition=go__digit=2__block=3__phase=query__segment=session1_main__practice=0,1297880.216936500,1297880.217144600
dynamic_sart_stimulus_offset__v=1__trial=701__condition=go__digit=2__block=3__phase=query__segment=session1_main__practice=0,1297880.498660600,1297880.498812200
dynamic_sart_response_window_close__v=1__trial=701__condition=go__digit=2__block=3__phase=query__segment=session1_main__practice=0,1297881.826365000,1297881.826584300
dynamic_sart_trial_complete__v=1__trial=701__condition=go__digit=2__block=3__phase=query__segment=session1_main__practice=0,1297881.826365000,1297881.834272400
dynamic_sart_stimulus_onset__v=1__trial=702__condition=go__digit=8__block=3__phase=query__segment=session1_main__practice=0,1297881.892220100,1297881.892515500
dynamic_sart_stimulus_offset__v=1__trial=702__condition=go__digit=8__block=3__phase=query__segment=session1_main__practice=0,1297882.173743800,1297882.173895800
dynamic_sart_response_window_close__v=1__trial=702__condition=go__digit=8__block=3__phase=query__segment=session1_main__practice=0,1297883.499224200,1297883.499479700
dynamic_sart_trial_complete__v=1__trial=702__condition=go__digit=8__block=3__phase=query__segment=session1_main__practice=0,1297883.499224200,1297883.509484700
dynamic_sart_stimulus_onset__v=1__trial=703__condition=go__digit=5__block=3__phase=query__segment=session1_main__practice=0,1297883.572496500,1297883.572728200
dynamic_sart_stimulus_offset__v=1__trial=703__condition=go__digit=5__block=3__phase=query__segment=session1_main__practice=0,1297883.833814100,1297883.834058900
dynamic_sart_response_window_close__v=1__trial=703__condition=go__digit=5__block=3__phase=query__segment=session1_main__practice=0,1297885.170256800,1297885.170470000
dynamic_sart_trial_complete__v=1__trial=703__condition=go__digit=5__block=3__phase=query__segment=session1_main__practice=0,1297885.170256800,1297885.178183400
dynamic_sart_stimulus_onset__v=1__trial=704__condition=no_go__digit=3__block=3__phase=query__segment=session1_main__practice=0,1297885.233569000,1297885.234105800
dynamic_sart_stimulus_offset__v=1__trial=704__condition=no_go__digit=3__block=3__phase=query__segment=session1_main__practice=0,1297885.524160700,1297885.524386000
dynamic_sart_response_window_close__v=1__trial=704__condition=no_go__digit=3__block=3__phase=query__segment=session1_main__practice=0,1297886.843913200,1297886.844205900
dynamic_sart_trial_complete__v=1__trial=704__condition=no_go__digit=3__block=3__phase=query__segment=session1_main__practice=0,1297886.843913200,1297886.852731800
dynamic_sart_stimulus_onset__v=1__trial=705__condition=go__digit=6__block=3__phase=query__segment=session1_main__practice=0,1297886.915195800,1297886.915330200
dynamic_sart_stimulus_offset__v=1__trial=705__condition=go__digit=6__block=3__phase=query__segment=session1_main__practice=0,1297887.178596900,1297887.178847600
dynamic_sart_response_window_close__v=1__trial=705__condition=go__digit=6__block=3__phase=query__segment=session1_main__practice=0,1297888.513901900,1297888.514156600
dynamic_sart_trial_complete__v=1__trial=705__condition=go__digit=6__block=3__phase=query__segment=session1_main__practice=0,1297888.513901900,1297888.524297100
dynamic_sart_stimulus_onset__v=1__trial=706__condition=go__digit=9__block=3__phase=query__segment=session1_main__practice=0,1297888.580738400,1297888.580911800
dynamic_sart_stimulus_offset__v=1__trial=706__condition=go__digit=9__block=3__phase=query__segment=session1_main__practice=0,1297888.853861800,1297888.854017800
dynamic_sart_response_window_close__v=1__trial=706__condition=go__digit=9__block=3__phase=query__segment=session1_main__practice=0,1297890.188451100,1297890.188676700
dynamic_sart_trial_complete__v=1__trial=706__condition=go__digit=9__block=3__phase=query__segment=session1_main__practice=0,1297890.188451100,1297890.198085500
dynamic_sart_stimulus_onset__v=1__trial=707__condition=go__digit=2__block=3__phase=query__segment=session1_main__practice=0,1297890.272612400,1297890.272827400
dynamic_sart_stimulus_offset__v=1__trial=707__condition=go__digit=2__block=3__phase=query__segment=session1_main__practice=0,1297890.532272900,1297890.532467100
dynamic_sart_response_window_close__v=1__trial=707__condition=go__digit=2__block=3__phase=query__segment=session1_main__practice=0,1297891.872922300,1297891.873169600
dynamic_sart_trial_complete__v=1__trial=707__condition=go__digit=2__block=3__phase=query__segment=session1_main__practice=0,1297891.872922300,1297891.881277600
dynamic_sart_stimulus_onset__v=1__trial=708__condition=go__digit=4__block=3__phase=query__segment=session1_main__practice=0,1297891.942773400,1297891.942978500
dynamic_sart_stimulus_offset__v=1__trial=708__condition=go__digit=4__block=3__phase=query__segment=session1_main__practice=0,1297892.225278100,1297892.225434700
dynamic_sart_response_window_close__v=1__trial=708__condition=go__digit=4__block=3__phase=query__segment=session1_main__practice=0,1297893.545061000,1297893.545286300
dynamic_sart_trial_complete__v=1__trial=708__condition=go__digit=4__block=3__phase=query__segment=session1_main__practice=0,1297893.545061000,1297893.553488700
dynamic_sart_stimulus_onset__v=1__trial=709__condition=go__digit=1__block=3__phase=query__segment=session1_main__practice=0,1297893.605044800,1297893.605257700
dynamic_sart_stimulus_offset__v=1__trial=709__condition=go__digit=1__block=3__phase=query__segment=session1_main__practice=0,1297893.875561600,1297893.875833200
dynamic_sart_response_window_close__v=1__trial=709__condition=go__digit=1__block=3__phase=query__segment=session1_main__practice=0,1297895.202865200,1297895.203108100
dynamic_sart_trial_complete__v=1__trial=709__condition=go__digit=1__block=3__phase=query__segment=session1_main__practice=0,1297895.202865200,1297895.211432300
dynamic_sart_stimulus_onset__v=1__trial=710__condition=no_go__digit=3__block=3__phase=query__segment=session1_main__practice=0,1297895.274289300,1297895.274523400
dynamic_sart_stimulus_offset__v=1__trial=710__condition=no_go__digit=3__block=3__phase=query__segment=session1_main__practice=0,1297895.527304700,1297895.527507000
dynamic_sart_response_window_close__v=1__trial=710__condition=no_go__digit=3__block=3__phase=query__segment=session1_main__practice=0,1297896.874878500,1297896.875123500
dynamic_sart_trial_complete__v=1__trial=710__condition=no_go__digit=3__block=3__phase=query__segment=session1_main__practice=0,1297896.874878500,1297896.883661600
dynamic_sart_stimulus_onset__v=1__trial=711__condition=go__digit=7__block=3__phase=query__segment=session1_main__practice=0,1297896.928561200,1297896.928744900
dynamic_sart_stimulus_offset__v=1__trial=711__condition=go__digit=7__block=3__phase=query__segment=session1_main__practice=0,1297897.198251500,1297897.198478000
dynamic_sart_response_window_close__v=1__trial=711__condition=go__digit=7__block=3__phase=query__segment=session1_main__practice=0,1297898.531661900,1297898.531899200
dynamic_sart_trial_complete__v=1__trial=711__condition=go__digit=7__block=3__phase=query__segment=session1_main__practice=0,1297898.531661900,1297898.543769500
dynamic_sart_stimulus_onset__v=1__trial=712__condition=go__digit=0__block=3__phase=query__segment=session1_main__practice=0,1297898.607797100,1297898.608056400
dynamic_sart_stimulus_offset__v=1__trial=712__condition=go__digit=0__block=3__phase=query__segment=session1_main__practice=0,1297898.891135400,1297898.891353000
dynamic_sart_response_window_close__v=1__trial=712__condition=go__digit=0__block=3__phase=query__segment=session1_main__practice=0,1297900.218612600,1297900.218844500
dynamic_sart_trial_complete__v=1__trial=712__condition=go__digit=0__block=3__phase=query__segment=session1_main__practice=0,1297900.218612600,1297900.227379400
dynamic_sart_stimulus_onset__v=1__trial=713__condition=go__digit=2__block=3__phase=query__segment=session1_main__practice=0,1297900.289942600,1297900.290171300
dynamic_sart_stimulus_offset__v=1__trial=713__condition=go__digit=2__block=3__phase=query__segment=session1_main__practice=0,1297900.557607500,1297900.557827700
dynamic_sart_response_window_close__v=1__trial=713__condition=go__digit=2__block=3__phase=query__segment=session1_main__practice=0,1297901.891382800,1297901.891623400
dynamic_sart_trial_complete__v=1__trial=713__condition=go__digit=2__block=3__phase=query__segment=session1_main__practice=0,1297901.891382800,1297901.900557100
dynamic_sart_stimulus_onset__v=1__trial=714__condition=go__digit=6__block=3__phase=query__segment=session1_main__practice=0,1297901.950821400,1297901.951039800
dynamic_sart_stimulus_offset__v=1__trial=714__condition=go__digit=6__block=3__phase=query__segment=session1_main__practice=0,1297902.215485200,1297902.215697000
dynamic_sart_response_window_close__v=1__trial=714__condition=go__digit=6__block=3__phase=query__segment=session1_main__practice=0,1297903.545928700,1297903.546164500
dynamic_sart_trial_complete__v=1__trial=714__condition=go__digit=6__block=3__phase=query__segment=session1_main__practice=0,1297903.545928700,1297903.555057800
dynamic_sart_stimulus_onset__v=1__trial=715__condition=go__digit=7__block=3__phase=query__segment=session1_main__practice=0,1297903.622489700,1297903.622716600
dynamic_sart_stimulus_offset__v=1__trial=715__condition=go__digit=7__block=3__phase=query__segment=session1_main__practice=0,1297903.890471300,1297903.890629600
dynamic_sart_response_window_close__v=1__trial=715__condition=go__digit=7__block=3__phase=query__segment=session1_main__practice=0,1297905.216723400,1297905.216982000
dynamic_sart_trial_complete__v=1__trial=715__condition=go__digit=7__block=3__phase=query__segment=session1_main__practice=0,1297905.216723400,1297905.224799900
dynamic_sart_stimulus_onset__v=1__trial=716__condition=go__digit=9__block=3__phase=query__segment=session1_main__practice=0,1297905.289077900,1297905.289641200
dynamic_sart_stimulus_offset__v=1__trial=716__condition=go__digit=9__block=3__phase=query__segment=session1_main__practice=0,1297905.549751600,1297905.549964600
dynamic_sart_response_window_close__v=1__trial=716__condition=go__digit=9__block=3__phase=query__segment=session1_main__practice=0,1297906.890964900,1297906.891197200
dynamic_sart_trial_complete__v=1__trial=716__condition=go__digit=9__block=3__phase=query__segment=session1_main__practice=0,1297906.890964900,1297906.899041000
dynamic_sart_stimulus_onset__v=1__trial=717__condition=no_go__digit=3__block=3__phase=query__segment=session1_main__practice=0,1297906.949649100,1297906.949859700
dynamic_sart_stimulus_offset__v=1__trial=717__condition=no_go__digit=3__block=3__phase=query__segment=session1_main__practice=0,1297907.211083100,1297907.211300300
dynamic_sart_response_window_close__v=1__trial=717__condition=no_go__digit=3__block=3__phase=query__segment=session1_main__practice=0,1297908.544739800,1297908.544981500
dynamic_sart_trial_complete__v=1__trial=717__condition=no_go__digit=3__block=3__phase=query__segment=session1_main__practice=0,1297908.544739800,1297908.556772300
dynamic_sart_stimulus_onset__v=1__trial=718__condition=go__digit=4__block=3__phase=query__segment=session1_main__practice=0,1297908.615201300,1297908.615425000
dynamic_sart_stimulus_offset__v=1__trial=718__condition=go__digit=4__block=3__phase=query__segment=session1_main__practice=0,1297908.882230200,1297908.882446700
dynamic_sart_response_window_close__v=1__trial=718__condition=go__digit=4__block=3__phase=query__segment=session1_main__practice=0,1297910.217108500,1297910.217306300
dynamic_sart_trial_complete__v=1__trial=718__condition=go__digit=4__block=3__phase=query__segment=session1_main__practice=0,1297910.217108500,1297910.225631200
dynamic_sart_stimulus_onset__v=1__trial=719__condition=go__digit=8__block=3__phase=query__segment=session1_main__practice=0,1297910.289392200,1297910.289615800
dynamic_sart_stimulus_offset__v=1__trial=719__condition=go__digit=8__block=3__phase=query__segment=session1_main__practice=0,1297910.555844600,1297910.556055800
dynamic_sart_response_window_close__v=1__trial=719__condition=go__digit=8__block=3__phase=query__segment=session1_main__practice=0,1297911.889287000,1297911.889495500
dynamic_sart_trial_complete__v=1__trial=719__condition=go__digit=8__block=3__phase=query__segment=session1_main__practice=0,1297911.889287000,1297911.897594800
dynamic_sart_stimulus_onset__v=1__trial=720__condition=go__digit=1__block=3__phase=query__segment=session1_main__practice=0,1297911.949190800,1297911.949401300
dynamic_sart_stimulus_offset__v=1__trial=720__condition=go__digit=1__block=3__phase=query__segment=session1_main__practice=0,1297912.225870500,1297912.226087100
dynamic_sart_response_window_close__v=1__trial=720__condition=go__digit=1__block=3__phase=query__segment=session1_main__practice=0,1297913.546704700,1297913.546986300
dynamic_sart_trial_complete__v=1__trial=720__condition=go__digit=1__block=3__phase=query__segment=session1_main__practice=0,1297913.546704700,1297913.555243200
dynamic_sart_stimulus_onset__v=1__trial=721__condition=go__digit=0__block=3__phase=query__segment=session1_main__practice=0,1297913.622449600,1297913.622694200
dynamic_sart_stimulus_offset__v=1__trial=721__condition=go__digit=0__block=3__phase=query__segment=session1_main__practice=0,1297913.908499700,1297913.908744200
dynamic_sart_response_window_close__v=1__trial=721__condition=go__digit=0__block=3__phase=query__segment=session1_main__practice=0,1297915.218471300,1297915.218707100
dynamic_sart_trial_complete__v=1__trial=721__condition=go__digit=0__block=3__phase=query__segment=session1_main__practice=0,1297915.218471300,1297915.226866500
dynamic_sart_stimulus_onset__v=1__trial=722__condition=go__digit=5__block=3__phase=query__segment=session1_main__practice=0,1297915.280658600,1297915.280885300
dynamic_sart_stimulus_offset__v=1__trial=722__condition=go__digit=5__block=3__phase=query__segment=session1_main__practice=0,1297915.550189300,1297915.550346900
dynamic_sart_response_window_close__v=1__trial=722__condition=go__digit=5__block=3__phase=query__segment=session1_main__practice=0,1297916.890210600,1297916.890430000
dynamic_sart_trial_complete__v=1__trial=722__condition=go__digit=5__block=3__phase=query__segment=session1_main__practice=0,1297916.890210600,1297916.898288400
dynamic_sart_stimulus_onset__v=1__trial=723__condition=go__digit=2__block=3__phase=query__segment=session1_main__practice=0,1297916.943904300,1297916.944093400
dynamic_sart_stimulus_offset__v=1__trial=723__condition=go__digit=2__block=3__phase=query__segment=session1_main__practice=0,1297917.210717800,1297917.210941800
dynamic_sart_response_window_close__v=1__trial=723__condition=go__digit=2__block=3__phase=query__segment=session1_main__practice=0,1297918.546537700,1297918.546803400
dynamic_sart_trial_complete__v=1__trial=723__condition=go__digit=2__block=3__phase=query__segment=session1_main__practice=0,1297918.546537700,1297918.558058600
dynamic_sart_stimulus_onset__v=1__trial=724__condition=no_go__digit=3__block=3__phase=query__segment=session1_main__practice=0,1297918.610598200,1297918.610807900
dynamic_sart_stimulus_offset__v=1__trial=724__condition=no_go__digit=3__block=3__phase=query__segment=session1_main__practice=0,1297918.881548200,1297918.881747600
dynamic_sart_response_window_close__v=1__trial=724__condition=no_go__digit=3__block=3__phase=query__segment=session1_main__practice=0,1297920.218289900,1297920.218487500
dynamic_sart_trial_complete__v=1__trial=724__condition=no_go__digit=3__block=3__phase=query__segment=session1_main__practice=0,1297920.218289900,1297920.226715000
dynamic_sart_stimulus_onset__v=1__trial=725__condition=go__digit=6__block=3__phase=query__segment=session1_main__practice=0,1297920.275477400,1297920.275686100
dynamic_sart_stimulus_offset__v=1__trial=725__condition=go__digit=6__block=3__phase=query__segment=session1_main__practice=0,1297920.526699600,1297920.526909000
dynamic_sart_response_window_close__v=1__trial=725__condition=go__digit=6__block=3__phase=query__segment=session1_main__practice=0,1297921.874029400,1297921.874240000
dynamic_sart_trial_complete__v=1__trial=725__condition=go__digit=6__block=3__phase=query__segment=session1_main__practice=0,1297921.874029400,1297921.883846100
dynamic_sart_stimulus_onset__v=1__trial=726__condition=go__digit=7__block=3__phase=query__segment=session1_main__practice=0,1297921.950238200,1297921.950459500
dynamic_sart_stimulus_offset__v=1__trial=726__condition=go__digit=7__block=3__phase=query__segment=session1_main__practice=0,1297922.224825900,1297922.225421800
dynamic_sart_response_window_close__v=1__trial=726__condition=go__digit=7__block=3__phase=query__segment=session1_main__practice=0,1297923.546046900,1297923.546275700
dynamic_sart_trial_complete__v=1__trial=726__condition=go__digit=7__block=3__phase=query__segment=session1_main__practice=0,1297923.546046900,1297923.554552900
dynamic_sart_stimulus_onset__v=1__trial=727__condition=go__digit=4__block=3__phase=query__segment=session1_main__practice=0,1297923.615603100,1297923.615766200
dynamic_sart_stimulus_offset__v=1__trial=727__condition=go__digit=4__block=3__phase=query__segment=session1_main__practice=0,1297923.890606600,1297923.890834300
dynamic_sart_response_window_close__v=1__trial=727__condition=go__digit=4__block=3__phase=query__segment=session1_main__practice=0,1297925.217846000,1297925.218257800
dynamic_sart_trial_complete__v=1__trial=727__condition=go__digit=4__block=3__phase=query__segment=session1_main__practice=0,1297925.217846000,1297925.226244800
dynamic_sart_stimulus_onset__v=1__trial=728__condition=go__digit=1__block=3__phase=query__segment=session1_main__practice=0,1297925.288413400,1297925.288648700
dynamic_sart_stimulus_offset__v=1__trial=728__condition=go__digit=1__block=3__phase=query__segment=session1_main__practice=0,1297925.564434700,1297925.564596100
dynamic_sart_response_window_close__v=1__trial=728__condition=go__digit=1__block=3__phase=query__segment=session1_main__practice=0,1297926.889677600,1297926.889909100
dynamic_sart_trial_complete__v=1__trial=728__condition=go__digit=1__block=3__phase=query__segment=session1_main__practice=0,1297926.889677600,1297926.898163200
dynamic_sart_stimulus_onset__v=1__trial=729__condition=go__digit=0__block=3__phase=query__segment=session1_main__practice=0,1297926.969748600,1297926.969946400
dynamic_sart_stimulus_offset__v=1__trial=729__condition=go__digit=0__block=3__phase=query__segment=session1_main__practice=0,1297927.243942800,1297927.244259400
dynamic_sart_response_window_close__v=1__trial=729__condition=go__digit=0__block=3__phase=query__segment=session1_main__practice=0,1297928.575966800,1297928.576138800
dynamic_sart_trial_complete__v=1__trial=729__condition=go__digit=0__block=3__phase=query__segment=session1_main__practice=0,1297928.575966800,1297928.588923600
dynamic_sart_stimulus_onset__v=1__trial=730__condition=no_go__digit=3__block=3__phase=query__segment=session1_main__practice=0,1297928.654842200,1297928.655063500
dynamic_sart_stimulus_offset__v=1__trial=730__condition=no_go__digit=3__block=3__phase=query__segment=session1_main__practice=0,1297928.943208200,1297928.943424200
dynamic_sart_response_window_close__v=1__trial=730__condition=no_go__digit=3__block=3__phase=query__segment=session1_main__practice=0,1297930.263801100,1297930.264035700
dynamic_sart_trial_complete__v=1__trial=730__condition=no_go__digit=3__block=3__phase=query__segment=session1_main__practice=0,1297930.263801100,1297930.272518100
dynamic_sart_stimulus_onset__v=1__trial=731__condition=go__digit=8__block=3__phase=query__segment=session1_main__practice=0,1297930.335558500,1297930.335777500
dynamic_sart_stimulus_offset__v=1__trial=731__condition=go__digit=8__block=3__phase=query__segment=session1_main__practice=0,1297930.603093900,1297930.603412600
dynamic_sart_response_window_close__v=1__trial=731__condition=go__digit=8__block=3__phase=query__segment=session1_main__practice=0,1297931.936330400,1297931.936574000
dynamic_sart_trial_complete__v=1__trial=731__condition=go__digit=8__block=3__phase=query__segment=session1_main__practice=0,1297931.936330400,1297931.946591500
dynamic_sart_stimulus_onset__v=1__trial=732__condition=go__digit=5__block=3__phase=query__segment=session1_main__practice=0,1297932.003262700,1297932.003471000
dynamic_sart_stimulus_offset__v=1__trial=732__condition=go__digit=5__block=3__phase=query__segment=session1_main__practice=0,1297932.277139900,1297932.277354500
dynamic_sart_response_window_close__v=1__trial=732__condition=go__digit=5__block=3__phase=query__segment=session1_main__practice=0,1297933.609553300,1297933.609791100
dynamic_sart_trial_complete__v=1__trial=732__condition=go__digit=5__block=3__phase=query__segment=session1_main__practice=0,1297933.609553300,1297933.618204700
dynamic_sart_stimulus_onset__v=1__trial=733__condition=go__digit=9__block=3__phase=query__segment=session1_main__practice=0,1297933.657854300,1297933.658056200
dynamic_sart_stimulus_offset__v=1__trial=733__condition=go__digit=9__block=3__phase=query__segment=session1_main__practice=0,1297933.925217300,1297933.925415700
dynamic_sart_response_window_close__v=1__trial=733__condition=go__digit=9__block=3__phase=query__segment=session1_main__practice=0,1297935.264246900,1297935.264478000
dynamic_sart_trial_complete__v=1__trial=733__condition=go__digit=9__block=3__phase=query__segment=session1_main__practice=0,1297935.264246900,1297935.272154700
dynamic_sart_stimulus_onset__v=1__trial=734__condition=go__digit=1__block=3__phase=query__segment=session1_main__practice=0,1297935.327914400,1297935.328119700
dynamic_sart_stimulus_offset__v=1__trial=734__condition=go__digit=1__block=3__phase=query__segment=session1_main__practice=0,1297935.595136700,1297935.595281000
dynamic_sart_response_window_close__v=1__trial=734__condition=go__digit=1__block=3__phase=query__segment=session1_main__practice=0,1297936.936545700,1297936.936809000
dynamic_sart_trial_complete__v=1__trial=734__condition=go__digit=1__block=3__phase=query__segment=session1_main__practice=0,1297936.936545700,1297936.944731100
dynamic_sart_stimulus_onset__v=1__trial=735__condition=go__digit=9__block=3__phase=query__segment=session1_main__practice=0,1297936.998378500,1297936.998593900
dynamic_sart_stimulus_offset__v=1__trial=735__condition=go__digit=9__block=3__phase=query__segment=session1_main__practice=0,1297937.258598400,1297937.258812200
dynamic_sart_response_window_close__v=1__trial=735__condition=go__digit=9__block=3__phase=query__segment=session1_main__practice=0,1297938.609414200,1297938.609638400
dynamic_sart_trial_complete__v=1__trial=735__condition=go__digit=9__block=3__phase=query__segment=session1_main__practice=0,1297938.609414200,1297938.623286500
dynamic_sart_stimulus_onset__v=1__trial=736__condition=go__digit=5__block=3__phase=query__segment=session1_main__practice=0,1297938.693488000,1297938.693823300
dynamic_sart_stimulus_offset__v=1__trial=736__condition=go__digit=5__block=3__phase=query__segment=session1_main__practice=0,1297938.975612400,1297938.975942100
dynamic_sart_response_window_close__v=1__trial=736__condition=go__digit=5__block=3__phase=query__segment=session1_main__practice=0,1297940.294991500,1297940.295225900
dynamic_sart_trial_complete__v=1__trial=736__condition=go__digit=5__block=3__phase=query__segment=session1_main__practice=0,1297940.294991500,1297940.305876500
dynamic_sart_stimulus_onset__v=1__trial=737__condition=no_go__digit=3__block=3__phase=query__segment=session1_main__practice=0,1297940.372826600,1297940.373048000
dynamic_sart_stimulus_offset__v=1__trial=737__condition=no_go__digit=3__block=3__phase=query__segment=session1_main__practice=0,1297940.639174100,1297940.639472000
dynamic_sart_response_window_close__v=1__trial=737__condition=no_go__digit=3__block=3__phase=query__segment=session1_main__practice=0,1297941.967244400,1297941.967428500
dynamic_sart_trial_complete__v=1__trial=737__condition=no_go__digit=3__block=3__phase=query__segment=session1_main__practice=0,1297941.967244400,1297941.975993500
dynamic_sart_stimulus_onset__v=1__trial=738__condition=go__digit=6__block=3__phase=query__segment=session1_main__practice=0,1297942.037776900,1297942.037988100
dynamic_sart_stimulus_offset__v=1__trial=738__condition=go__digit=6__block=3__phase=query__segment=session1_main__practice=0,1297942.303331300,1297942.303550200
dynamic_sart_response_window_close__v=1__trial=738__condition=go__digit=6__block=3__phase=query__segment=session1_main__practice=0,1297943.638676500,1297943.638913800
dynamic_sart_trial_complete__v=1__trial=738__condition=go__digit=6__block=3__phase=query__segment=session1_main__practice=0,1297943.638676500,1297943.647196900
dynamic_sart_stimulus_onset__v=1__trial=739__condition=go__digit=4__block=3__phase=query__segment=session1_main__practice=0,1297943.722427000,1297943.722669900
dynamic_sart_stimulus_offset__v=1__trial=739__condition=go__digit=4__block=3__phase=query__segment=session1_main__practice=0,1297944.000680700,1297944.000948800
dynamic_sart_response_window_close__v=1__trial=739__condition=go__digit=4__block=3__phase=query__segment=session1_main__practice=0,1297945.327516000,1297945.327718900
dynamic_sart_trial_complete__v=1__trial=739__condition=go__digit=4__block=3__phase=query__segment=session1_main__practice=0,1297945.327516000,1297945.335849300
dynamic_sart_stimulus_onset__v=1__trial=740__condition=go__digit=2__block=3__phase=query__segment=session1_main__practice=0,1297945.403340000,1297945.403562700
dynamic_sart_stimulus_offset__v=1__trial=740__condition=go__digit=2__block=3__phase=query__segment=session1_main__practice=0,1297945.676853300,1297945.677069800
dynamic_sart_response_window_close__v=1__trial=740__condition=go__digit=2__block=3__phase=query__segment=session1_main__practice=0,1297946.999409300,1297946.999632200
dynamic_sart_trial_complete__v=1__trial=740__condition=go__digit=2__block=3__phase=query__segment=session1_main__practice=0,1297946.999409300,1297947.007911900
dynamic_sart_stimulus_onset__v=1__trial=741__condition=go__digit=7__block=3__phase=query__segment=session1_main__practice=0,1297947.061602000,1297947.061793400
dynamic_sart_stimulus_offset__v=1__trial=741__condition=go__digit=7__block=3__phase=query__segment=session1_main__practice=0,1297947.332773600,1297947.333018700
dynamic_sart_response_window_close__v=1__trial=741__condition=go__digit=7__block=3__phase=query__segment=session1_main__practice=0,1297948.671301200,1297948.671496900
dynamic_sart_trial_complete__v=1__trial=741__condition=go__digit=7__block=3__phase=query__segment=session1_main__practice=0,1297948.671301200,1297948.682770300
dynamic_sart_stimulus_onset__v=1__trial=742__condition=go__digit=0__block=3__phase=query__segment=session1_main__practice=0,1297948.742091600,1297948.742447800
dynamic_sart_stimulus_offset__v=1__trial=742__condition=go__digit=0__block=3__phase=query__segment=session1_main__practice=0,1297949.024200800,1297949.024429900
dynamic_sart_response_window_close__v=1__trial=742__condition=go__digit=0__block=3__phase=query__segment=session1_main__practice=0,1297950.343715600,1297950.343953300
dynamic_sart_trial_complete__v=1__trial=742__condition=go__digit=0__block=3__phase=query__segment=session1_main__practice=0,1297950.343715600,1297950.351659200
dynamic_sart_stimulus_onset__v=1__trial=743__condition=no_go__digit=3__block=3__phase=query__segment=session1_main__practice=0,1297950.406247100,1297950.406470300
dynamic_sart_stimulus_offset__v=1__trial=743__condition=no_go__digit=3__block=3__phase=query__segment=session1_main__practice=0,1297950.686528800,1297950.686978200
dynamic_sart_response_window_close__v=1__trial=743__condition=no_go__digit=3__block=3__phase=query__segment=session1_main__practice=0,1297952.015634600,1297952.015933100
dynamic_sart_trial_complete__v=1__trial=743__condition=no_go__digit=3__block=3__phase=query__segment=session1_main__practice=0,1297952.015634600,1297952.024131400
dynamic_sart_stimulus_onset__v=1__trial=744__condition=go__digit=8__block=3__phase=query__segment=session1_main__practice=0,1297952.092895300,1297952.093128500
dynamic_sart_stimulus_offset__v=1__trial=744__condition=go__digit=8__block=3__phase=query__segment=session1_main__practice=0,1297952.360645700,1297952.360848100
dynamic_sart_response_window_close__v=1__trial=744__condition=go__digit=8__block=3__phase=query__segment=session1_main__practice=0,1297953.702625000,1297953.702871100
dynamic_sart_trial_complete__v=1__trial=744__condition=go__digit=8__block=3__phase=query__segment=session1_main__practice=0,1297953.702625000,1297953.711294800
dynamic_sart_stimulus_onset__v=1__trial=745__condition=go__digit=4__block=3__phase=query__segment=session1_main__practice=0,1297953.773642100,1297953.773868500
dynamic_sart_stimulus_offset__v=1__trial=745__condition=go__digit=4__block=3__phase=query__segment=session1_main__practice=0,1297954.054554000,1297954.054779300
dynamic_sart_response_window_close__v=1__trial=745__condition=go__digit=4__block=3__phase=query__segment=session1_main__practice=0,1297955.374393000,1297955.374623700
dynamic_sart_trial_complete__v=1__trial=745__condition=go__digit=4__block=3__phase=query__segment=session1_main__practice=0,1297955.374393000,1297955.382341700
dynamic_sart_stimulus_onset__v=1__trial=746__condition=go__digit=2__block=3__phase=query__segment=session1_main__practice=0,1297955.431905500,1297955.432128400
dynamic_sart_stimulus_offset__v=1__trial=746__condition=go__digit=2__block=3__phase=query__segment=session1_main__practice=0,1297955.705530700,1297955.705754000
dynamic_sart_response_window_close__v=1__trial=746__condition=go__digit=2__block=3__phase=query__segment=session1_main__practice=0,1297957.030322700,1297957.030550100
dynamic_sart_trial_complete__v=1__trial=746__condition=go__digit=2__block=3__phase=query__segment=session1_main__practice=0,1297957.030322700,1297957.038833500
dynamic_sart_stimulus_onset__v=1__trial=747__condition=go__digit=8__block=3__phase=query__segment=session1_main__practice=0,1297957.116391500,1297957.116608400
dynamic_sart_stimulus_offset__v=1__trial=747__condition=go__digit=8__block=3__phase=query__segment=session1_main__practice=0,1297957.379598900,1297957.379754300
dynamic_sart_response_window_close__v=1__trial=747__condition=go__digit=8__block=3__phase=query__segment=session1_main__practice=0,1297958.718424600,1297958.718667200
dynamic_sart_trial_complete__v=1__trial=747__condition=go__digit=8__block=3__phase=query__segment=session1_main__practice=0,1297958.718424600,1297958.730581300
dynamic_sart_stimulus_onset__v=1__trial=748__condition=go__digit=0__block=3__phase=query__segment=session1_main__practice=0,1297958.778403900,1297958.778547800
dynamic_sart_stimulus_offset__v=1__trial=748__condition=go__digit=0__block=3__phase=query__segment=session1_main__practice=0,1297959.038500000,1297959.038726800
dynamic_sart_response_window_close__v=1__trial=748__condition=go__digit=0__block=3__phase=query__segment=session1_main__practice=0,1297960.373651000,1297960.373882900
dynamic_sart_trial_complete__v=1__trial=748__condition=go__digit=0__block=3__phase=query__segment=session1_main__practice=0,1297960.373651000,1297960.381780800
dynamic_sart_stimulus_onset__v=1__trial=749__condition=go__digit=1__block=3__phase=query__segment=session1_main__practice=0,1297960.433720600,1297960.434007100
dynamic_sart_stimulus_offset__v=1__trial=749__condition=go__digit=1__block=3__phase=query__segment=session1_main__practice=0,1297960.700572700,1297960.701059000
dynamic_sart_response_window_close__v=1__trial=749__condition=go__digit=1__block=3__phase=query__segment=session1_main__practice=0,1297962.029398100,1297962.029628400
dynamic_sart_trial_complete__v=1__trial=749__condition=go__digit=1__block=3__phase=query__segment=session1_main__practice=0,1297962.029398100,1297962.038335000
dynamic_sart_stimulus_onset__v=1__trial=750__condition=no_go__digit=3__block=3__phase=query__segment=session1_main__practice=0,1297962.098663300,1297962.098823600
dynamic_sart_stimulus_offset__v=1__trial=750__condition=no_go__digit=3__block=3__phase=query__segment=session1_main__practice=0,1297962.372707400,1297962.372943900
dynamic_sart_response_window_close__v=1__trial=750__condition=no_go__digit=3__block=3__phase=query__segment=session1_main__practice=0,1297963.702768500,1297963.703105700
dynamic_sart_trial_complete__v=1__trial=750__condition=no_go__digit=3__block=3__phase=query__segment=session1_main__practice=0,1297963.702768500,1297963.711618400
dynamic_sart_block_end__block=3__phase=query,1297963.716881700,1297963.716972700
dynamic_sart_break_start__block=3,1297963.897251700,1297963.897426100
dynamic_sart_break_end__block=3,1298006.737061900,1298006.737195900
dynamic_sart_block_start__block=4__phase=query,1298006.744432400,1298006.744538100
dynamic_sart_stimulus_onset__v=1__trial=751__condition=go__digit=4__block=4__phase=query__segment=session1_main__practice=0,1298006.804132000,1298006.804600400
dynamic_sart_stimulus_offset__v=1__trial=751__condition=go__digit=4__block=4__phase=query__segment=session1_main__practice=0,1298007.067123800,1298007.067347200
dynamic_sart_response_window_close__v=1__trial=751__condition=go__digit=4__block=4__phase=query__segment=session1_main__practice=0,1298008.405880100,1298008.406136300
dynamic_sart_trial_complete__v=1__trial=751__condition=go__digit=4__block=4__phase=query__segment=session1_main__practice=0,1298008.405880100,1298008.414120500
dynamic_sart_stimulus_onset__v=1__trial=752__condition=go__digit=0__block=4__phase=query__segment=session1_main__practice=0,1298008.464269900,1298008.464485600
dynamic_sart_stimulus_offset__v=1__trial=752__condition=go__digit=0__block=4__phase=query__segment=session1_main__practice=0,1298008.738637000,1298008.738863000
dynamic_sart_response_window_close__v=1__trial=752__condition=go__digit=0__block=4__phase=query__segment=session1_main__practice=0,1298010.061924400,1298010.062152700
dynamic_sart_trial_complete__v=1__trial=752__condition=go__digit=0__block=4__phase=query__segment=session1_main__practice=0,1298010.061924400,1298010.070668500
dynamic_sart_stimulus_onset__v=1__trial=753__condition=go__digit=5__block=4__phase=query__segment=session1_main__practice=0,1298010.138926800,1298010.139142200
dynamic_sart_stimulus_offset__v=1__trial=753__condition=go__digit=5__block=4__phase=query__segment=session1_main__practice=0,1298010.426908200,1298010.427138200
dynamic_sart_response_window_close__v=1__trial=753__condition=go__digit=5__block=4__phase=query__segment=session1_main__practice=0,1298011.748993300,1298011.749223600
dynamic_sart_trial_complete__v=1__trial=753__condition=go__digit=5__block=4__phase=query__segment=session1_main__practice=0,1298011.748993300,1298011.757561100
dynamic_sart_stimulus_onset__v=1__trial=754__condition=go__digit=1__block=4__phase=query__segment=session1_main__practice=0,1298011.816453800,1298011.816681700
dynamic_sart_stimulus_offset__v=1__trial=754__condition=go__digit=1__block=4__phase=query__segment=session1_main__practice=0,1298012.086617700,1298012.086860300
dynamic_sart_response_window_close__v=1__trial=754__condition=go__digit=1__block=4__phase=query__segment=session1_main__practice=0,1298013.421311300,1298013.421521700
dynamic_sart_trial_complete__v=1__trial=754__condition=go__digit=1__block=4__phase=query__segment=session1_main__practice=0,1298013.421311300,1298013.429819300
dynamic_sart_stimulus_onset__v=1__trial=755__condition=no_go__digit=3__block=4__phase=query__segment=session1_main__practice=0,1298013.476551000,1298013.476806200
dynamic_sart_stimulus_offset__v=1__trial=755__condition=no_go__digit=3__block=4__phase=query__segment=session1_main__practice=0,1298013.745126000,1298013.745450300
dynamic_sart_response_window_close__v=1__trial=755__condition=no_go__digit=3__block=4__phase=query__segment=session1_main__practice=0,1298015.077719400,1298015.077959800
dynamic_sart_trial_complete__v=1__trial=755__condition=no_go__digit=3__block=4__phase=query__segment=session1_main__practice=0,1298015.077719400,1298015.085887800
dynamic_sart_stimulus_onset__v=1__trial=756__condition=go__digit=8__block=4__phase=query__segment=session1_main__practice=0,1298015.163989600,1298015.164217000
dynamic_sart_stimulus_offset__v=1__trial=756__condition=go__digit=8__block=4__phase=query__segment=session1_main__practice=0,1298015.430862800,1298015.431098100
dynamic_sart_response_window_close__v=1__trial=756__condition=go__digit=8__block=4__phase=query__segment=session1_main__practice=0,1298016.765726200,1298016.765950700
dynamic_sart_trial_complete__v=1__trial=756__condition=go__digit=8__block=4__phase=query__segment=session1_main__practice=0,1298016.765726200,1298016.779783800
dynamic_sart_stimulus_onset__v=1__trial=757__condition=go__digit=7__block=4__phase=query__segment=session1_main__practice=0,1298016.881982800,1298016.882215700
dynamic_sart_stimulus_offset__v=1__trial=757__condition=go__digit=7__block=4__phase=query__segment=session1_main__practice=0,1298017.149430200,1298017.149633300
dynamic_sart_response_window_close__v=1__trial=757__condition=go__digit=7__block=4__phase=query__segment=session1_main__practice=0,1298018.484370000,1298018.484566300
dynamic_sart_trial_complete__v=1__trial=757__condition=go__digit=7__block=4__phase=query__segment=session1_main__practice=0,1298018.484370000,1298018.492834000
dynamic_sart_stimulus_onset__v=1__trial=758__condition=go__digit=9__block=4__phase=query__segment=session1_main__practice=0,1298018.560322400,1298018.560543500
dynamic_sart_stimulus_offset__v=1__trial=758__condition=go__digit=9__block=4__phase=query__segment=session1_main__practice=0,1298018.810543000,1298018.810837700
dynamic_sart_response_window_close__v=1__trial=758__condition=go__digit=9__block=4__phase=query__segment=session1_main__practice=0,1298020.155772400,1298020.156036100
dynamic_sart_trial_complete__v=1__trial=758__condition=go__digit=9__block=4__phase=query__segment=session1_main__practice=0,1298020.155772400,1298020.163380400
dynamic_sart_stimulus_onset__v=1__trial=759__condition=go__digit=2__block=4__phase=query__segment=session1_main__practice=0,1298020.225047400,1298020.225257900
dynamic_sart_stimulus_offset__v=1__trial=759__condition=go__digit=2__block=4__phase=query__segment=session1_main__practice=0,1298020.500987800,1298020.501568700
dynamic_sart_response_window_close__v=1__trial=759__condition=go__digit=2__block=4__phase=query__segment=session1_main__practice=0,1298021.827068100,1298021.827297400
dynamic_sart_trial_complete__v=1__trial=759__condition=go__digit=2__block=4__phase=query__segment=session1_main__practice=0,1298021.827068100,1298021.835172900
dynamic_sart_stimulus_onset__v=1__trial=760__condition=go__digit=6__block=4__phase=query__segment=session1_main__practice=0,1298021.888836500,1298021.889064200
dynamic_sart_stimulus_offset__v=1__trial=760__condition=go__digit=6__block=4__phase=query__segment=session1_main__practice=0,1298022.153087100,1298022.153306200
dynamic_sart_response_window_close__v=1__trial=760__condition=go__digit=6__block=4__phase=query__segment=session1_main__practice=0,1298023.483019500,1298023.483294100
dynamic_sart_trial_complete__v=1__trial=760__condition=go__digit=6__block=4__phase=query__segment=session1_main__practice=0,1298023.483019500,1298023.491629600
dynamic_sart_stimulus_onset__v=1__trial=761__condition=go__digit=0__block=4__phase=query__segment=session1_main__practice=0,1298023.547593400,1298023.547766000
dynamic_sart_stimulus_offset__v=1__trial=761__condition=go__digit=0__block=4__phase=query__segment=session1_main__practice=0,1298023.815817700,1298023.817747600
dynamic_sart_response_window_close__v=1__trial=761__condition=go__digit=0__block=4__phase=query__segment=session1_main__practice=0,1298025.154215300,1298025.154414600
dynamic_sart_trial_complete__v=1__trial=761__condition=go__digit=0__block=4__phase=query__segment=session1_main__practice=0,1298025.154215300,1298025.162054700
dynamic_sart_stimulus_onset__v=1__trial=762__condition=no_go__digit=3__block=4__phase=query__segment=session1_main__practice=0,1298025.213839500,1298025.213972800
dynamic_sart_stimulus_offset__v=1__trial=762__condition=no_go__digit=3__block=4__phase=query__segment=session1_main__practice=0,1298025.484165300,1298025.484445900
dynamic_sart_response_window_close__v=1__trial=762__condition=no_go__digit=3__block=4__phase=query__segment=session1_main__practice=0,1298026.812907700,1298026.813134800
dynamic_sart_trial_complete__v=1__trial=762__condition=no_go__digit=3__block=4__phase=query__segment=session1_main__practice=0,1298026.812907700,1298026.825653300
dynamic_sart_stimulus_onset__v=1__trial=763__condition=go__digit=9__block=4__phase=query__segment=session1_main__practice=0,1298026.888806600,1298026.889039600
dynamic_sart_stimulus_offset__v=1__trial=763__condition=go__digit=9__block=4__phase=query__segment=session1_main__practice=0,1298027.149357500,1298027.149567800
dynamic_sart_response_window_close__v=1__trial=763__condition=go__digit=9__block=4__phase=query__segment=session1_main__practice=0,1298028.483847300,1298028.484087600
dynamic_sart_trial_complete__v=1__trial=763__condition=go__digit=9__block=4__phase=query__segment=session1_main__practice=0,1298028.483847300,1298028.492198900
dynamic_sart_stimulus_onset__v=1__trial=764__condition=go__digit=2__block=4__phase=query__segment=session1_main__practice=0,1298028.546101600,1298028.546350500
dynamic_sart_stimulus_offset__v=1__trial=764__condition=go__digit=2__block=4__phase=query__segment=session1_main__practice=0,1298028.814065800,1298028.814259500
dynamic_sart_response_window_close__v=1__trial=764__condition=go__digit=2__block=4__phase=query__segment=session1_main__practice=0,1298030.156212100,1298030.156423200
dynamic_sart_trial_complete__v=1__trial=764__condition=go__digit=2__block=4__phase=query__segment=session1_main__practice=0,1298030.156212100,1298030.164265900
dynamic_sart_stimulus_onset__v=1__trial=765__condition=go__digit=8__block=4__phase=query__segment=session1_main__practice=0,1298030.222972500,1298030.223172200
dynamic_sart_stimulus_offset__v=1__trial=765__condition=go__digit=8__block=4__phase=query__segment=session1_main__practice=0,1298030.503213400,1298030.503456900
dynamic_sart_response_window_close__v=1__trial=765__condition=go__digit=8__block=4__phase=query__segment=session1_main__practice=0,1298031.826839800,1298031.827044300
dynamic_sart_trial_complete__v=1__trial=765__condition=go__digit=8__block=4__phase=query__segment=session1_main__practice=0,1298031.826839800,1298031.835162700
dynamic_sart_stimulus_onset__v=1__trial=766__condition=go__digit=1__block=4__phase=query__segment=session1_main__practice=0,1298031.893383200,1298031.893623200
dynamic_sart_stimulus_offset__v=1__trial=766__condition=go__digit=1__block=4__phase=query__segment=session1_main__practice=0,1298032.171058100,1298032.171301900
dynamic_sart_response_window_close__v=1__trial=766__condition=go__digit=1__block=4__phase=query__segment=session1_main__practice=0,1298033.497739700,1298033.497942800
dynamic_sart_trial_complete__v=1__trial=766__condition=go__digit=1__block=4__phase=query__segment=session1_main__practice=0,1298033.497739700,1298033.506174000
dynamic_sart_stimulus_onset__v=1__trial=767__condition=go__digit=5__block=4__phase=query__segment=session1_main__practice=0,1298033.561834200,1298033.562157400
dynamic_sart_stimulus_offset__v=1__trial=767__condition=go__digit=5__block=4__phase=query__segment=session1_main__practice=0,1298033.838690200,1298033.839387300
dynamic_sart_response_window_close__v=1__trial=767__condition=go__digit=5__block=4__phase=query__segment=session1_main__practice=0,1298035.170160800,1298035.170354400
dynamic_sart_trial_complete__v=1__trial=767__condition=go__digit=5__block=4__phase=query__segment=session1_main__practice=0,1298035.170160800,1298035.178187100
dynamic_sart_stimulus_onset__v=1__trial=768__condition=go__digit=6__block=4__phase=query__segment=session1_main__practice=0,1298035.238852800,1298035.239056400
dynamic_sart_stimulus_offset__v=1__trial=768__condition=go__digit=6__block=4__phase=query__segment=session1_main__practice=0,1298035.515844600,1298035.516055500
dynamic_sart_response_window_close__v=1__trial=768__condition=go__digit=6__block=4__phase=query__segment=session1_main__practice=0,1298036.842826700,1298036.843081000
dynamic_sart_trial_complete__v=1__trial=768__condition=go__digit=6__block=4__phase=query__segment=session1_main__practice=0,1298036.842826700,1298036.854841300
dynamic_sart_stimulus_onset__v=1__trial=769__condition=no_go__digit=3__block=4__phase=query__segment=session1_main__practice=0,1298036.923874500,1298036.924123500
dynamic_sart_stimulus_offset__v=1__trial=769__condition=no_go__digit=3__block=4__phase=query__segment=session1_main__practice=0,1298037.210334900,1298037.210558300
dynamic_sart_response_window_close__v=1__trial=769__condition=no_go__digit=3__block=4__phase=query__segment=session1_main__practice=0,1298038.531818500,1298038.532079400
dynamic_sart_trial_complete__v=1__trial=769__condition=no_go__digit=3__block=4__phase=query__segment=session1_main__practice=0,1298038.531818500,1298038.540380100
dynamic_sart_stimulus_onset__v=1__trial=770__condition=go__digit=4__block=4__phase=query__segment=session1_main__practice=0,1298038.596526400,1298038.596937500
dynamic_sart_stimulus_offset__v=1__trial=770__condition=go__digit=4__block=4__phase=query__segment=session1_main__practice=0,1298038.865719500,1298038.865914700
dynamic_sart_response_window_close__v=1__trial=770__condition=go__digit=4__block=4__phase=query__segment=session1_main__practice=0,1298040.202088900,1298040.202334600
dynamic_sart_trial_complete__v=1__trial=770__condition=go__digit=4__block=4__phase=query__segment=session1_main__practice=0,1298040.202088900,1298040.210379400
dynamic_sart_stimulus_onset__v=1__trial=771__condition=go__digit=7__block=4__phase=query__segment=session1_main__practice=0,1298040.266953700,1298040.267169100
dynamic_sart_stimulus_offset__v=1__trial=771__condition=go__digit=7__block=4__phase=query__segment=session1_main__practice=0,1298040.537125100,1298040.537468900
dynamic_sart_response_window_close__v=1__trial=771__condition=go__digit=7__block=4__phase=query__segment=session1_main__practice=0,1298041.874291200,1298041.874497500
dynamic_sart_trial_complete__v=1__trial=771__condition=go__digit=7__block=4__phase=query__segment=session1_main__practice=0,1298041.874291200,1298041.882859200
dynamic_sart_stimulus_onset__v=1__trial=772__condition=go__digit=9__block=4__phase=query__segment=session1_main__practice=0,1298041.932898300,1298041.933120700
dynamic_sart_stimulus_offset__v=1__trial=772__condition=go__digit=9__block=4__phase=query__segment=session1_main__practice=0,1298042.198518700,1298042.198737300
dynamic_sart_response_window_close__v=1__trial=772__condition=go__digit=9__block=4__phase=query__segment=session1_main__practice=0,1298043.529150500,1298043.529385700
dynamic_sart_trial_complete__v=1__trial=772__condition=go__digit=9__block=4__phase=query__segment=session1_main__practice=0,1298043.529150500,1298043.537637600
dynamic_sart_stimulus_onset__v=1__trial=773__condition=go__digit=2__block=4__phase=query__segment=session1_main__practice=0,1298043.580998300,1298043.581394500
dynamic_sart_stimulus_offset__v=1__trial=773__condition=go__digit=2__block=4__phase=query__segment=session1_main__practice=0,1298043.851379800,1298043.851598700
dynamic_sart_response_window_close__v=1__trial=773__condition=go__digit=2__block=4__phase=query__segment=session1_main__practice=0,1298045.187192300,1298045.187390900
dynamic_sart_trial_complete__v=1__trial=773__condition=go__digit=2__block=4__phase=query__segment=session1_main__practice=0,1298045.187192300,1298045.194328400
dynamic_sart_stimulus_onset__v=1__trial=774__condition=go__digit=7__block=4__phase=query__segment=session1_main__practice=0,1298045.253767200,1298045.253987700
dynamic_sart_stimulus_offset__v=1__trial=774__condition=go__digit=7__block=4__phase=query__segment=session1_main__practice=0,1298045.512201000,1298045.512438600
dynamic_sart_response_window_close__v=1__trial=774__condition=go__digit=7__block=4__phase=query__segment=session1_main__practice=0,1298046.859785300,1298046.860019400
dynamic_sart_trial_complete__v=1__trial=774__condition=go__digit=7__block=4__phase=query__segment=session1_main__practice=0,1298046.859785300,1298046.871732300
dynamic_sart_stimulus_onset__v=1__trial=775__condition=no_go__digit=3__block=4__phase=query__segment=session1_main__practice=0,1298046.938483000,1298046.938705400
dynamic_sart_stimulus_offset__v=1__trial=775__condition=no_go__digit=3__block=4__phase=query__segment=session1_main__practice=0,1298047.210003100,1298047.210219800
dynamic_sart_response_window_close__v=1__trial=775__condition=no_go__digit=3__block=4__phase=query__segment=session1_main__practice=0,1298048.547655900,1298048.547911700
dynamic_sart_trial_complete__v=1__trial=775__condition=no_go__digit=3__block=4__phase=query__segment=session1_main__practice=0,1298048.547655900,1298048.557722500
dynamic_sart_stimulus_onset__v=1__trial=776__condition=go__digit=8__block=4__phase=query__segment=session1_main__practice=0,1298048.610739600,1298048.610970000
dynamic_sart_stimulus_offset__v=1__trial=776__condition=go__digit=8__block=4__phase=query__segment=session1_main__practice=0,1298048.883231700,1298048.883446100
dynamic_sart_response_window_close__v=1__trial=776__condition=go__digit=8__block=4__phase=query__segment=session1_main__practice=0,1298050.218218600,1298050.218474700
dynamic_sart_trial_complete__v=1__trial=776__condition=go__digit=8__block=4__phase=query__segment=session1_main__practice=0,1298050.218218600,1298050.226882300
dynamic_sart_stimulus_onset__v=1__trial=777__condition=go__digit=1__block=4__phase=query__segment=session1_main__practice=0,1298050.283519500,1298050.283742500
dynamic_sart_stimulus_offset__v=1__trial=777__condition=go__digit=1__block=4__phase=query__segment=session1_main__practice=0,1298050.548682900,1298050.548889300
dynamic_sart_response_window_close__v=1__trial=777__condition=go__digit=1__block=4__phase=query__segment=session1_main__practice=0,1298051.888346500,1298051.888580400
dynamic_sart_trial_complete__v=1__trial=777__condition=go__digit=1__block=4__phase=query__segment=session1_main__practice=0,1298051.888346500,1298051.896264900
dynamic_sart_stimulus_onset__v=1__trial=778__condition=go__digit=0__block=4__phase=query__segment=session1_main__practice=0,1298051.972703600,1298051.972968700
dynamic_sart_stimulus_offset__v=1__trial=778__condition=go__digit=0__block=4__phase=query__segment=session1_main__practice=0,1298052.254325500,1298052.254582700
dynamic_sart_response_window_close__v=1__trial=778__condition=go__digit=0__block=4__phase=query__segment=session1_main__practice=0,1298053.577585800,1298053.577870000
dynamic_sart_trial_complete__v=1__trial=778__condition=go__digit=0__block=4__phase=query__segment=session1_main__practice=0,1298053.577585800,1298053.586107500
dynamic_sart_stimulus_onset__v=1__trial=779__condition=go__digit=6__block=4__phase=query__segment=session1_main__practice=0,1298053.650423300,1298053.650623700
dynamic_sart_stimulus_offset__v=1__trial=779__condition=go__digit=6__block=4__phase=query__segment=session1_main__practice=0,1298053.915681200,1298053.915885600
dynamic_sart_response_window_close__v=1__trial=779__condition=go__digit=6__block=4__phase=query__segment=session1_main__practice=0,1298055.249706800,1298055.249975400
dynamic_sart_trial_complete__v=1__trial=779__condition=go__digit=6__block=4__phase=query__segment=session1_main__practice=0,1298055.249706800,1298055.258845200
dynamic_sart_stimulus_onset__v=1__trial=780__condition=go__digit=4__block=4__phase=query__segment=session1_main__practice=0,1298055.322750500,1298055.322973700
dynamic_sart_stimulus_offset__v=1__trial=780__condition=go__digit=4__block=4__phase=query__segment=session1_main__practice=0,1298055.586383900,1298055.586972600
dynamic_sart_response_window_close__v=1__trial=780__condition=go__digit=4__block=4__phase=query__segment=session1_main__practice=0,1298056.922720300,1298056.922928500
dynamic_sart_trial_complete__v=1__trial=780__condition=go__digit=4__block=4__phase=query__segment=session1_main__practice=0,1298056.922720300,1298056.934352500
dynamic_sart_stimulus_onset__v=1__trial=781__condition=go__digit=5__block=4__phase=query__segment=session1_main__practice=0,1298057.022372800,1298057.022596700
dynamic_sart_stimulus_offset__v=1__trial=781__condition=go__digit=5__block=4__phase=query__segment=session1_main__practice=0,1298057.290211300,1298057.290390500
dynamic_sart_response_window_close__v=1__trial=781__condition=go__digit=5__block=4__phase=query__segment=session1_main__practice=0,1298058.623794400,1298058.623989100
dynamic_sart_trial_complete__v=1__trial=781__condition=go__digit=5__block=4__phase=query__segment=session1_main__practice=0,1298058.623794400,1298058.631716200
dynamic_sart_stimulus_onset__v=1__trial=782__condition=no_go__digit=3__block=4__phase=query__segment=session1_main__practice=0,1298058.696720500,1298058.696861500
dynamic_sart_stimulus_offset__v=1__trial=782__condition=no_go__digit=3__block=4__phase=query__segment=session1_main__practice=0,1298058.972960000,1298058.973169900
dynamic_sart_response_window_close__v=1__trial=782__condition=no_go__digit=3__block=4__phase=query__segment=session1_main__practice=0,1298060.295742000,1298060.295951500
dynamic_sart_trial_complete__v=1__trial=782__condition=no_go__digit=3__block=4__phase=query__segment=session1_main__practice=0,1298060.295742000,1298060.302346100
dynamic_sart_stimulus_onset__v=1__trial=783__condition=go__digit=9__block=4__phase=query__segment=session1_main__practice=0,1298060.371932100,1298060.372154100
dynamic_sart_stimulus_offset__v=1__trial=783__condition=go__digit=9__block=4__phase=query__segment=session1_main__practice=0,1298060.647917800,1298060.648144200
dynamic_sart_response_window_close__v=1__trial=783__condition=go__digit=9__block=4__phase=query__segment=session1_main__practice=0,1298061.970024400,1298061.970233700
dynamic_sart_trial_complete__v=1__trial=783__condition=go__digit=9__block=4__phase=query__segment=session1_main__practice=0,1298061.970024400,1298061.978555100
dynamic_sart_stimulus_onset__v=1__trial=784__condition=go__digit=0__block=4__phase=query__segment=session1_main__practice=0,1298062.047790700,1298062.047941800
dynamic_sart_stimulus_offset__v=1__trial=784__condition=go__digit=0__block=4__phase=query__segment=session1_main__practice=0,1298062.316903300,1298062.317150400
dynamic_sart_response_window_close__v=1__trial=784__condition=go__digit=0__block=4__phase=query__segment=session1_main__practice=0,1298063.655728700,1298063.655940800
dynamic_sart_trial_complete__v=1__trial=784__condition=go__digit=0__block=4__phase=query__segment=session1_main__practice=0,1298063.655728700,1298063.665190100
dynamic_sart_stimulus_onset__v=1__trial=785__condition=go__digit=8__block=4__phase=query__segment=session1_main__practice=0,1298063.737703800,1298063.738078000
dynamic_sart_stimulus_offset__v=1__trial=785__condition=go__digit=8__block=4__phase=query__segment=session1_main__practice=0,1298064.020296900,1298064.020524100
dynamic_sart_response_window_close__v=1__trial=785__condition=go__digit=8__block=4__phase=query__segment=session1_main__practice=0,1298065.342429700,1298065.342653100
dynamic_sart_trial_complete__v=1__trial=785__condition=go__digit=8__block=4__phase=query__segment=session1_main__practice=0,1298065.342429700,1298065.350668000
dynamic_sart_stimulus_onset__v=1__trial=786__condition=go__digit=7__block=4__phase=query__segment=session1_main__practice=0,1298065.417402600,1298065.417624600
dynamic_sart_stimulus_offset__v=1__trial=786__condition=go__digit=7__block=4__phase=query__segment=session1_main__practice=0,1298065.680687100,1298065.680895900
dynamic_sart_response_window_close__v=1__trial=786__condition=go__digit=7__block=4__phase=query__segment=session1_main__practice=0,1298067.014737200,1298067.014919600
dynamic_sart_trial_complete__v=1__trial=786__condition=go__digit=7__block=4__phase=query__segment=session1_main__practice=0,1298067.014737200,1298067.030429800
dynamic_sart_stimulus_onset__v=1__trial=787__condition=go__digit=6__block=4__phase=query__segment=session1_main__practice=0,1298067.105266600,1298067.105494500
dynamic_sart_stimulus_offset__v=1__trial=787__condition=go__digit=6__block=4__phase=query__segment=session1_main__practice=0,1298067.375396300,1298067.375632800
dynamic_sart_response_window_close__v=1__trial=787__condition=go__digit=6__block=4__phase=query__segment=session1_main__practice=0,1298068.703694300,1298068.703921300
dynamic_sart_trial_complete__v=1__trial=787__condition=go__digit=6__block=4__phase=query__segment=session1_main__practice=0,1298068.703694300,1298068.711983800
dynamic_sart_stimulus_onset__v=1__trial=788__condition=go__digit=2__block=4__phase=query__segment=session1_main__practice=0,1298068.772002100,1298068.772217700
dynamic_sart_stimulus_offset__v=1__trial=788__condition=go__digit=2__block=4__phase=query__segment=session1_main__practice=0,1298069.059009500,1298069.059236100
dynamic_sart_response_window_close__v=1__trial=788__condition=go__digit=2__block=4__phase=query__segment=session1_main__practice=0,1298070.373002400,1298070.373236700
dynamic_sart_trial_complete__v=1__trial=788__condition=go__digit=2__block=4__phase=query__segment=session1_main__practice=0,1298070.373002400,1298070.381474000
dynamic_sart_stimulus_onset__v=1__trial=789__condition=no_go__digit=3__block=4__phase=query__segment=session1_main__practice=0,1298070.448456500,1298070.448595200
dynamic_sart_stimulus_offset__v=1__trial=789__condition=no_go__digit=3__block=4__phase=query__segment=session1_main__practice=0,1298070.729730400,1298070.729973600
dynamic_sart_response_window_close__v=1__trial=789__condition=no_go__digit=3__block=4__phase=query__segment=session1_main__practice=0,1298072.044627800,1298072.044858500
dynamic_sart_trial_complete__v=1__trial=789__condition=no_go__digit=3__block=4__phase=query__segment=session1_main__practice=0,1298072.044627800,1298072.053354000
dynamic_sart_stimulus_onset__v=1__trial=790__condition=go__digit=1__block=4__phase=query__segment=session1_main__practice=0,1298072.114239500,1298072.114443400
dynamic_sart_stimulus_offset__v=1__trial=790__condition=go__digit=1__block=4__phase=query__segment=session1_main__practice=0,1298072.379471600,1298072.379621100
dynamic_sart_response_window_close__v=1__trial=790__condition=go__digit=1__block=4__phase=query__segment=session1_main__practice=0,1298073.717256900,1298073.717501500
dynamic_sart_trial_complete__v=1__trial=790__condition=go__digit=1__block=4__phase=query__segment=session1_main__practice=0,1298073.717256900,1298073.727443700
dynamic_sart_stimulus_onset__v=1__trial=791__condition=go__digit=5__block=4__phase=query__segment=session1_main__practice=0,1298073.781854200,1298073.782311800
dynamic_sart_stimulus_offset__v=1__trial=791__condition=go__digit=5__block=4__phase=query__segment=session1_main__practice=0,1298074.054323000,1298074.054546900
dynamic_sart_response_window_close__v=1__trial=791__condition=go__digit=5__block=4__phase=query__segment=session1_main__practice=0,1298075.389242700,1298075.389479000
dynamic_sart_trial_complete__v=1__trial=791__condition=go__digit=5__block=4__phase=query__segment=session1_main__practice=0,1298075.389242700,1298075.398125100
dynamic_sart_stimulus_onset__v=1__trial=792__condition=go__digit=4__block=4__phase=query__segment=session1_main__practice=0,1298075.455227600,1298075.455537500
dynamic_sart_stimulus_offset__v=1__trial=792__condition=go__digit=4__block=4__phase=query__segment=session1_main__practice=0,1298075.746313100,1298075.746543100
dynamic_sart_response_window_close__v=1__trial=792__condition=go__digit=4__block=4__phase=query__segment=session1_main__practice=0,1298077.062713800,1298077.062938400
dynamic_sart_trial_complete__v=1__trial=792__condition=go__digit=4__block=4__phase=query__segment=session1_main__practice=0,1298077.062713800,1298077.074641500
dynamic_sart_stimulus_onset__v=1__trial=793__condition=go__digit=6__block=4__phase=query__segment=session1_main__practice=0,1298077.138709200,1298077.138926300
dynamic_sart_stimulus_offset__v=1__trial=793__condition=go__digit=6__block=4__phase=query__segment=session1_main__practice=0,1298077.409244200,1298077.409516800
dynamic_sart_response_window_close__v=1__trial=793__condition=go__digit=6__block=4__phase=query__segment=session1_main__practice=0,1298078.732462700,1298078.732732900
dynamic_sart_trial_complete__v=1__trial=793__condition=go__digit=6__block=4__phase=query__segment=session1_main__practice=0,1298078.732462700,1298078.740873500
dynamic_sart_stimulus_onset__v=1__trial=794__condition=go__digit=2__block=4__phase=query__segment=session1_main__practice=0,1298078.803979900,1298078.804198500
dynamic_sart_stimulus_offset__v=1__trial=794__condition=go__digit=2__block=4__phase=query__segment=session1_main__practice=0,1298079.070492300,1298079.070709100
dynamic_sart_response_window_close__v=1__trial=794__condition=go__digit=2__block=4__phase=query__segment=session1_main__practice=0,1298080.405890500,1298080.406120800
dynamic_sart_trial_complete__v=1__trial=794__condition=go__digit=2__block=4__phase=query__segment=session1_main__practice=0,1298080.405890500,1298080.414260200
dynamic_sart_stimulus_onset__v=1__trial=795__condition=go__digit=1__block=4__phase=query__segment=session1_main__practice=0,1298080.467335100,1298080.467660600
dynamic_sart_stimulus_offset__v=1__trial=795__condition=go__digit=1__block=4__phase=query__segment=session1_main__practice=0,1298080.749488300,1298080.749730100
dynamic_sart_response_window_close__v=1__trial=795__condition=go__digit=1__block=4__phase=query__segment=session1_main__practice=0,1298082.078184500,1298082.078395300
dynamic_sart_trial_complete__v=1__trial=795__condition=go__digit=1__block=4__phase=query__segment=session1_main__practice=0,1298082.078184500,1298082.085216200
dynamic_sart_stimulus_onset__v=1__trial=796__condition=no_go__digit=3__block=4__phase=query__segment=session1_main__practice=0,1298082.155515700,1298082.155743600
dynamic_sart_stimulus_offset__v=1__trial=796__condition=no_go__digit=3__block=4__phase=query__segment=session1_main__practice=0,1298082.436626400,1298082.436910700
dynamic_sart_response_window_close__v=1__trial=796__condition=no_go__digit=3__block=4__phase=query__segment=session1_main__practice=0,1298083.765200400,1298083.765409000
dynamic_sart_trial_complete__v=1__trial=796__condition=no_go__digit=3__block=4__phase=query__segment=session1_main__practice=0,1298083.765200400,1298083.773622400
dynamic_sart_stimulus_onset__v=1__trial=797__condition=go__digit=8__block=4__phase=query__segment=session1_main__practice=0,1298083.830777300,1298083.830923700
dynamic_sart_stimulus_offset__v=1__trial=797__condition=go__digit=8__block=4__phase=query__segment=session1_main__practice=0,1298084.100417700,1298084.100649900
dynamic_sart_response_window_close__v=1__trial=797__condition=go__digit=8__block=4__phase=query__segment=session1_main__practice=0,1298085.437541800,1298085.437916800
dynamic_sart_trial_complete__v=1__trial=797__condition=go__digit=8__block=4__phase=query__segment=session1_main__practice=0,1298085.437541800,1298085.446297400
dynamic_sart_stimulus_onset__v=1__trial=798__condition=go__digit=5__block=4__phase=query__segment=session1_main__practice=0,1298085.492847300,1298085.493063900
dynamic_sart_stimulus_offset__v=1__trial=798__condition=go__digit=5__block=4__phase=query__segment=session1_main__practice=0,1298085.774976500,1298085.775213800
dynamic_sart_response_window_close__v=1__trial=798__condition=go__digit=5__block=4__phase=query__segment=session1_main__practice=0,1298087.092620100,1298087.092830800
dynamic_sart_trial_complete__v=1__trial=798__condition=go__digit=5__block=4__phase=query__segment=session1_main__practice=0,1298087.092620100,1298087.106248900
dynamic_sart_stimulus_onset__v=1__trial=799__condition=go__digit=0__block=4__phase=query__segment=session1_main__practice=0,1298087.163793800,1298087.163934300
dynamic_sart_stimulus_offset__v=1__trial=799__condition=go__digit=0__block=4__phase=query__segment=session1_main__practice=0,1298087.431563200,1298087.431814000
dynamic_sart_response_window_close__v=1__trial=799__condition=go__digit=0__block=4__phase=query__segment=session1_main__practice=0,1298088.764741100,1298088.764985700
dynamic_sart_trial_complete__v=1__trial=799__condition=go__digit=0__block=4__phase=query__segment=session1_main__practice=0,1298088.764741100,1298088.773032000
dynamic_sart_stimulus_onset__v=1__trial=800__condition=go__digit=9__block=4__phase=query__segment=session1_main__practice=0,1298088.830491000,1298088.830622900
dynamic_sart_stimulus_offset__v=1__trial=800__condition=go__digit=9__block=4__phase=query__segment=session1_main__practice=0,1298089.098357100,1298089.098581600
dynamic_sart_response_window_close__v=1__trial=800__condition=go__digit=9__block=4__phase=query__segment=session1_main__practice=0,1298090.437661900,1298090.437931700
dynamic_sart_trial_complete__v=1__trial=800__condition=go__digit=9__block=4__phase=query__segment=session1_main__practice=0,1298090.437661900,1298090.446191400
dynamic_sart_stimulus_onset__v=1__trial=801__condition=go__digit=7__block=4__phase=query__segment=session1_main__practice=0,1298090.500734900,1298090.501059500
dynamic_sart_stimulus_offset__v=1__trial=801__condition=go__digit=7__block=4__phase=query__segment=session1_main__practice=0,1298090.782208200,1298090.782445400
dynamic_sart_response_window_close__v=1__trial=801__condition=go__digit=7__block=4__phase=query__segment=session1_main__practice=0,1298092.108123100,1298092.108358600
dynamic_sart_trial_complete__v=1__trial=801__condition=go__digit=7__block=4__phase=query__segment=session1_main__practice=0,1298092.108123100,1298092.118375900
dynamic_sart_stimulus_onset__v=1__trial=802__condition=go__digit=4__block=4__phase=query__segment=session1_main__practice=0,1298092.173164000,1298092.173389800
dynamic_sart_stimulus_offset__v=1__trial=802__condition=go__digit=4__block=4__phase=query__segment=session1_main__practice=0,1298092.456943900,1298092.457189500
dynamic_sart_response_window_close__v=1__trial=802__condition=go__digit=4__block=4__phase=query__segment=session1_main__practice=0,1298093.780875700,1298093.781109200
dynamic_sart_trial_complete__v=1__trial=802__condition=go__digit=4__block=4__phase=query__segment=session1_main__practice=0,1298093.780875700,1298093.789318100
dynamic_sart_stimulus_onset__v=1__trial=803__condition=no_go__digit=3__block=4__phase=query__segment=session1_main__practice=0,1298093.856324200,1298093.856573800
dynamic_sart_stimulus_offset__v=1__trial=803__condition=no_go__digit=3__block=4__phase=query__segment=session1_main__practice=0,1298094.115319300,1298094.115543000
dynamic_sart_response_window_close__v=1__trial=803__condition=no_go__digit=3__block=4__phase=query__segment=session1_main__practice=0,1298095.452852300,1298095.453135800
dynamic_sart_trial_complete__v=1__trial=803__condition=no_go__digit=3__block=4__phase=query__segment=session1_main__practice=0,1298095.452852300,1298095.462208200
dynamic_sart_stimulus_onset__v=1__trial=804__condition=go__digit=1__block=4__phase=query__segment=session1_main__practice=0,1298095.516899700,1298095.517157200
dynamic_sart_stimulus_offset__v=1__trial=804__condition=go__digit=1__block=4__phase=query__segment=session1_main__practice=0,1298095.781855300,1298095.782071300
dynamic_sart_response_window_close__v=1__trial=804__condition=go__digit=1__block=4__phase=query__segment=session1_main__practice=0,1298097.123873600,1298097.124088300
dynamic_sart_trial_complete__v=1__trial=804__condition=go__digit=1__block=4__phase=query__segment=session1_main__practice=0,1298097.123873600,1298097.135780300
dynamic_sart_stimulus_onset__v=1__trial=805__condition=go__digit=5__block=4__phase=query__segment=session1_main__practice=0,1298097.205714300,1298097.205955200
dynamic_sart_stimulus_offset__v=1__trial=805__condition=go__digit=5__block=4__phase=query__segment=session1_main__practice=0,1298097.488129600,1298097.488361800
dynamic_sart_response_window_close__v=1__trial=805__condition=go__digit=5__block=4__phase=query__segment=session1_main__practice=0,1298098.812790800,1298098.813024300
dynamic_sart_trial_complete__v=1__trial=805__condition=go__digit=5__block=4__phase=query__segment=session1_main__practice=0,1298098.812790800,1298098.821053400
dynamic_sart_stimulus_onset__v=1__trial=806__condition=go__digit=4__block=4__phase=query__segment=session1_main__practice=0,1298098.864587100,1298098.864736700
dynamic_sart_stimulus_offset__v=1__trial=806__condition=go__digit=4__block=4__phase=query__segment=session1_main__practice=0,1298099.141260400,1298099.141521300
dynamic_sart_response_window_close__v=1__trial=806__condition=go__digit=4__block=4__phase=query__segment=session1_main__practice=0,1298100.467663000,1298100.468507100
dynamic_sart_trial_complete__v=1__trial=806__condition=go__digit=4__block=4__phase=query__segment=session1_main__practice=0,1298100.467663000,1298100.475990500
dynamic_sart_stimulus_onset__v=1__trial=807__condition=go__digit=9__block=4__phase=query__segment=session1_main__practice=0,1298100.531232500,1298100.531393200
dynamic_sart_stimulus_offset__v=1__trial=807__condition=go__digit=9__block=4__phase=query__segment=session1_main__practice=0,1298100.795996500,1298100.796234700
dynamic_sart_response_window_close__v=1__trial=807__condition=go__digit=9__block=4__phase=query__segment=session1_main__practice=0,1298102.140718200,1298102.140948800
dynamic_sart_trial_complete__v=1__trial=807__condition=go__digit=9__block=4__phase=query__segment=session1_main__practice=0,1298102.140718200,1298102.149240600
dynamic_sart_stimulus_onset__v=1__trial=808__condition=go__digit=6__block=4__phase=query__segment=session1_main__practice=0,1298102.203250100,1298102.203459100
dynamic_sart_stimulus_offset__v=1__trial=808__condition=go__digit=6__block=4__phase=query__segment=session1_main__practice=0,1298102.488616200,1298102.488852400
dynamic_sart_response_window_close__v=1__trial=808__condition=go__digit=6__block=4__phase=query__segment=session1_main__practice=0,1298103.810893000,1298103.811121500
dynamic_sart_trial_complete__v=1__trial=808__condition=go__digit=6__block=4__phase=query__segment=session1_main__practice=0,1298103.810893000,1298103.821430100
dynamic_sart_stimulus_onset__v=1__trial=809__condition=no_go__digit=3__block=4__phase=query__segment=session1_main__practice=0,1298103.863597100,1298103.863760900
dynamic_sart_stimulus_offset__v=1__trial=809__condition=no_go__digit=3__block=4__phase=query__segment=session1_main__practice=0,1298104.127251100,1298104.127487700
dynamic_sart_response_window_close__v=1__trial=809__condition=no_go__digit=3__block=4__phase=query__segment=session1_main__practice=0,1298105.468700400,1298105.468929600
dynamic_sart_trial_complete__v=1__trial=809__condition=no_go__digit=3__block=4__phase=query__segment=session1_main__practice=0,1298105.468700400,1298105.477143400
dynamic_sart_stimulus_onset__v=1__trial=810__condition=go__digit=2__block=4__phase=query__segment=session1_main__practice=0,1298105.542453400,1298105.543174400
dynamic_sart_stimulus_offset__v=1__trial=810__condition=go__digit=2__block=4__phase=query__segment=session1_main__practice=0,1298105.804885600,1298105.805092100
dynamic_sart_response_window_close__v=1__trial=810__condition=go__digit=2__block=4__phase=query__segment=session1_main__practice=0,1298107.140172100,1298107.140416500
dynamic_sart_trial_complete__v=1__trial=810__condition=go__digit=2__block=4__phase=query__segment=session1_main__practice=0,1298107.140172100,1298107.152140800
dynamic_sart_stimulus_onset__v=1__trial=811__condition=go__digit=8__block=4__phase=query__segment=session1_main__practice=0,1298107.222786400,1298107.223015700
dynamic_sart_stimulus_offset__v=1__trial=811__condition=go__digit=8__block=4__phase=query__segment=session1_main__practice=0,1298107.503194300,1298107.503741300
dynamic_sart_response_window_close__v=1__trial=811__condition=go__digit=8__block=4__phase=query__segment=session1_main__practice=0,1298108.827325600,1298108.827610100
dynamic_sart_trial_complete__v=1__trial=811__condition=go__digit=8__block=4__phase=query__segment=session1_main__practice=0,1298108.827325600,1298108.835551500
dynamic_sart_stimulus_onset__v=1__trial=812__condition=go__digit=0__block=4__phase=query__segment=session1_main__practice=0,1298108.903606800,1298108.903938700
dynamic_sart_stimulus_offset__v=1__trial=812__condition=go__digit=0__block=4__phase=query__segment=session1_main__practice=0,1298109.171884600,1298109.172095100
dynamic_sart_response_window_close__v=1__trial=812__condition=go__digit=0__block=4__phase=query__segment=session1_main__practice=0,1298110.498245300,1298110.498481200
dynamic_sart_trial_complete__v=1__trial=812__condition=go__digit=0__block=4__phase=query__segment=session1_main__practice=0,1298110.498245300,1298110.507295900
dynamic_sart_stimulus_onset__v=1__trial=813__condition=go__digit=7__block=4__phase=query__segment=session1_main__practice=0,1298110.572252600,1298110.572477600
dynamic_sart_stimulus_offset__v=1__trial=813__condition=go__digit=7__block=4__phase=query__segment=session1_main__practice=0,1298110.836862000,1298110.837760400
dynamic_sart_response_window_close__v=1__trial=813__condition=go__digit=7__block=4__phase=query__segment=session1_main__practice=0,1298112.170385200,1298112.170599000
dynamic_sart_trial_complete__v=1__trial=813__condition=go__digit=7__block=4__phase=query__segment=session1_main__practice=0,1298112.170385200,1298112.179127000
dynamic_sart_stimulus_onset__v=1__trial=814__condition=go__digit=6__block=4__phase=query__segment=session1_main__practice=0,1298112.254328800,1298112.254557800
dynamic_sart_stimulus_offset__v=1__trial=814__condition=go__digit=6__block=4__phase=query__segment=session1_main__practice=0,1298112.538839000,1298112.539170200
dynamic_sart_response_window_close__v=1__trial=814__condition=go__digit=6__block=4__phase=query__segment=session1_main__practice=0,1298113.857610600,1298113.857883400
dynamic_sart_trial_complete__v=1__trial=814__condition=go__digit=6__block=4__phase=query__segment=session1_main__practice=0,1298113.857610600,1298113.865803000
dynamic_sart_stimulus_onset__v=1__trial=815__condition=go__digit=7__block=4__phase=query__segment=session1_main__practice=0,1298113.933417700,1298113.933541500
dynamic_sart_stimulus_offset__v=1__trial=815__condition=go__digit=7__block=4__phase=query__segment=session1_main__practice=0,1298114.204233300,1298114.204455300
dynamic_sart_response_window_close__v=1__trial=815__condition=go__digit=7__block=4__phase=query__segment=session1_main__practice=0,1298115.530713600,1298115.530923600
dynamic_sart_trial_complete__v=1__trial=815__condition=go__digit=7__block=4__phase=query__segment=session1_main__practice=0,1298115.530713600,1298115.539940400
dynamic_sart_stimulus_onset__v=1__trial=816__condition=no_go__digit=3__block=4__phase=query__segment=session1_main__practice=0,1298115.599104200,1298115.599323400
dynamic_sart_stimulus_offset__v=1__trial=816__condition=no_go__digit=3__block=4__phase=query__segment=session1_main__practice=0,1298115.869705200,1298115.869923600
dynamic_sart_response_window_close__v=1__trial=816__condition=no_go__digit=3__block=4__phase=query__segment=session1_main__practice=0,1298117.201128600,1298117.201333700
dynamic_sart_trial_complete__v=1__trial=816__condition=no_go__digit=3__block=4__phase=query__segment=session1_main__practice=0,1298117.201128600,1298117.213161300
dynamic_sart_stimulus_onset__v=1__trial=817__condition=go__digit=9__block=4__phase=query__segment=session1_main__practice=0,1298117.289521100,1298117.289759200
dynamic_sart_stimulus_offset__v=1__trial=817__condition=go__digit=9__block=4__phase=query__segment=session1_main__practice=0,1298117.548973700,1298117.549410200
dynamic_sart_response_window_close__v=1__trial=817__condition=go__digit=9__block=4__phase=query__segment=session1_main__practice=0,1298118.888570800,1298118.888812300
dynamic_sart_trial_complete__v=1__trial=817__condition=go__digit=9__block=4__phase=query__segment=session1_main__practice=0,1298118.888570800,1298118.897094300
dynamic_sart_stimulus_onset__v=1__trial=818__condition=go__digit=8__block=4__phase=query__segment=session1_main__practice=0,1298118.948014800,1298118.948232900
dynamic_sart_stimulus_offset__v=1__trial=818__condition=go__digit=8__block=4__phase=query__segment=session1_main__practice=0,1298119.219910800,1298119.220132700
dynamic_sart_response_window_close__v=1__trial=818__condition=go__digit=8__block=4__phase=query__segment=session1_main__practice=0,1298120.544947400,1298120.545195700
dynamic_sart_trial_complete__v=1__trial=818__condition=go__digit=8__block=4__phase=query__segment=session1_main__practice=0,1298120.544947400,1298120.553404600
dynamic_sart_stimulus_onset__v=1__trial=819__condition=go__digit=4__block=4__phase=query__segment=session1_main__practice=0,1298120.615222900,1298120.615350800
dynamic_sart_stimulus_offset__v=1__trial=819__condition=go__digit=4__block=4__phase=query__segment=session1_main__practice=0,1298120.883313900,1298120.883538600
dynamic_sart_response_window_close__v=1__trial=819__condition=go__digit=4__block=4__phase=query__segment=session1_main__practice=0,1298122.218980900,1298122.219257000
dynamic_sart_trial_complete__v=1__trial=819__condition=go__digit=4__block=4__phase=query__segment=session1_main__practice=0,1298122.218980900,1298122.228090400
dynamic_sart_stimulus_onset__v=1__trial=820__condition=go__digit=2__block=4__phase=query__segment=session1_main__practice=0,1298122.298793400,1298122.298960300
dynamic_sart_stimulus_offset__v=1__trial=820__condition=go__digit=2__block=4__phase=query__segment=session1_main__practice=0,1298122.564957300,1298122.565276200
dynamic_sart_response_window_close__v=1__trial=820__condition=go__digit=2__block=4__phase=query__segment=session1_main__practice=0,1298123.904666100,1298123.904911300
dynamic_sart_trial_complete__v=1__trial=820__condition=go__digit=2__block=4__phase=query__segment=session1_main__practice=0,1298123.904666100,1298123.914326800
dynamic_sart_stimulus_onset__v=1__trial=821__condition=go__digit=0__block=4__phase=query__segment=session1_main__practice=0,1298123.994696400,1298123.994913800
dynamic_sart_stimulus_offset__v=1__trial=821__condition=go__digit=0__block=4__phase=query__segment=session1_main__practice=0,1298124.262888600,1298124.263127800
dynamic_sart_response_window_close__v=1__trial=821__condition=go__digit=0__block=4__phase=query__segment=session1_main__practice=0,1298125.593473900,1298125.593710400
dynamic_sart_trial_complete__v=1__trial=821__condition=go__digit=0__block=4__phase=query__segment=session1_main__practice=0,1298125.593473900,1298125.601757300
dynamic_sart_stimulus_onset__v=1__trial=822__condition=go__digit=5__block=4__phase=query__segment=session1_main__practice=0,1298125.660044500,1298125.660259400
dynamic_sart_stimulus_offset__v=1__trial=822__condition=go__digit=5__block=4__phase=query__segment=session1_main__practice=0,1298125.925614500,1298125.925830400
dynamic_sart_response_window_close__v=1__trial=822__condition=go__digit=5__block=4__phase=query__segment=session1_main__practice=0,1298127.264778600,1298127.265024100
dynamic_sart_trial_complete__v=1__trial=822__condition=go__digit=5__block=4__phase=query__segment=session1_main__practice=0,1298127.264778600,1298127.276500800
dynamic_sart_stimulus_onset__v=1__trial=823__condition=no_go__digit=3__block=4__phase=query__segment=session1_main__practice=0,1298127.348872700,1298127.349089400
dynamic_sart_stimulus_offset__v=1__trial=823__condition=no_go__digit=3__block=4__phase=query__segment=session1_main__practice=0,1298127.624356500,1298127.624577300
dynamic_sart_response_window_close__v=1__trial=823__condition=no_go__digit=3__block=4__phase=query__segment=session1_main__practice=0,1298128.953687000,1298128.953922700
dynamic_sart_trial_complete__v=1__trial=823__condition=no_go__digit=3__block=4__phase=query__segment=session1_main__practice=0,1298128.953687000,1298128.962350600
dynamic_sart_stimulus_onset__v=1__trial=824__condition=go__digit=1__block=4__phase=query__segment=session1_main__practice=0,1298129.029444200,1298129.029666100
dynamic_sart_stimulus_offset__v=1__trial=824__condition=go__digit=1__block=4__phase=query__segment=session1_main__practice=0,1298129.295250300,1298129.295484700
dynamic_sart_response_window_close__v=1__trial=824__condition=go__digit=1__block=4__phase=query__segment=session1_main__practice=0,1298130.639173500,1298130.639372400
dynamic_sart_trial_complete__v=1__trial=824__condition=go__digit=1__block=4__phase=query__segment=session1_main__practice=0,1298130.639173500,1298130.647325200
dynamic_sart_stimulus_onset__v=1__trial=825__condition=go__digit=7__block=4__phase=query__segment=session1_main__practice=0,1298130.727346600,1298130.727583400
dynamic_sart_stimulus_offset__v=1__trial=825__condition=go__digit=7__block=4__phase=query__segment=session1_main__practice=0,1298131.010627400,1298131.011278700
dynamic_sart_response_window_close__v=1__trial=825__condition=go__digit=7__block=4__phase=query__segment=session1_main__practice=0,1298132.326587000,1298132.326992200
dynamic_sart_trial_complete__v=1__trial=825__condition=go__digit=7__block=4__phase=query__segment=session1_main__practice=0,1298132.326587000,1298132.335026600
dynamic_sart_stimulus_onset__v=1__trial=826__condition=go__digit=8__block=4__phase=query__segment=session1_main__practice=0,1298132.406241600,1298132.406471300
dynamic_sart_stimulus_offset__v=1__trial=826__condition=go__digit=8__block=4__phase=query__segment=session1_main__practice=0,1298132.687413200,1298132.687649000
dynamic_sart_response_window_close__v=1__trial=826__condition=go__digit=8__block=4__phase=query__segment=session1_main__practice=0,1298134.015222200,1298134.015469300
dynamic_sart_trial_complete__v=1__trial=826__condition=go__digit=8__block=4__phase=query__segment=session1_main__practice=0,1298134.015222200,1298134.023843400
dynamic_sart_stimulus_onset__v=1__trial=827__condition=go__digit=4__block=4__phase=query__segment=session1_main__practice=0,1298134.082648600,1298134.082930100
dynamic_sart_stimulus_offset__v=1__trial=827__condition=go__digit=4__block=4__phase=query__segment=session1_main__practice=0,1298134.357317700,1298134.357553700
dynamic_sart_response_window_close__v=1__trial=827__condition=go__digit=4__block=4__phase=query__segment=session1_main__practice=0,1298135.687149600,1298135.687364200
dynamic_sart_trial_complete__v=1__trial=827__condition=go__digit=4__block=4__phase=query__segment=session1_main__practice=0,1298135.687149600,1298135.696601800
dynamic_sart_stimulus_onset__v=1__trial=828__condition=go__digit=6__block=4__phase=query__segment=session1_main__practice=0,1298135.749891600,1298135.750106000
dynamic_sart_stimulus_offset__v=1__trial=828__condition=go__digit=6__block=4__phase=query__segment=session1_main__practice=0,1298136.013760200,1298136.014081300
dynamic_sart_response_window_close__v=1__trial=828__condition=go__digit=6__block=4__phase=query__segment=session1_main__practice=0,1298137.360026100,1298137.360234000
dynamic_sart_trial_complete__v=1__trial=828__condition=go__digit=6__block=4__phase=query__segment=session1_main__practice=0,1298137.360026100,1298137.371862100
dynamic_sart_stimulus_onset__v=1__trial=829__condition=go__digit=1__block=4__phase=query__segment=session1_main__practice=0,1298137.433791100,1298137.434027300
dynamic_sart_stimulus_offset__v=1__trial=829__condition=go__digit=1__block=4__phase=query__segment=session1_main__practice=0,1298137.696803300,1298137.697028800
dynamic_sart_response_window_close__v=1__trial=829__condition=go__digit=1__block=4__phase=query__segment=session1_main__practice=0,1298139.030855800,1298139.031089900
dynamic_sart_trial_complete__v=1__trial=829__condition=go__digit=1__block=4__phase=query__segment=session1_main__practice=0,1298139.030855800,1298139.039433700
dynamic_sart_stimulus_onset__v=1__trial=830__condition=no_go__digit=3__block=4__phase=query__segment=session1_main__practice=0,1298139.094933800,1298139.095180800
dynamic_sart_stimulus_offset__v=1__trial=830__condition=no_go__digit=3__block=4__phase=query__segment=session1_main__practice=0,1298139.360612800,1298139.360842500
dynamic_sart_response_window_close__v=1__trial=830__condition=no_go__digit=3__block=4__phase=query__segment=session1_main__practice=0,1298140.703149900,1298140.703413700
dynamic_sart_trial_complete__v=1__trial=830__condition=no_go__digit=3__block=4__phase=query__segment=session1_main__practice=0,1298140.703149900,1298140.711985800
dynamic_sart_stimulus_onset__v=1__trial=831__condition=go__digit=2__block=4__phase=query__segment=session1_main__practice=0,1298140.761258100,1298140.761777800
dynamic_sart_stimulus_offset__v=1__trial=831__condition=go__digit=2__block=4__phase=query__segment=session1_main__practice=0,1298141.036532900,1298141.036757600
dynamic_sart_response_window_close__v=1__trial=831__condition=go__digit=2__block=4__phase=query__segment=session1_main__practice=0,1298142.357993400,1298142.358194500
dynamic_sart_trial_complete__v=1__trial=831__condition=go__digit=2__block=4__phase=query__segment=session1_main__practice=0,1298142.357993400,1298142.365887600
dynamic_sart_stimulus_onset__v=1__trial=832__condition=go__digit=0__block=4__phase=query__segment=session1_main__practice=0,1298142.420976500,1298142.421287700
dynamic_sart_stimulus_offset__v=1__trial=832__condition=go__digit=0__block=4__phase=query__segment=session1_main__practice=0,1298142.705468400,1298142.705701400
dynamic_sart_response_window_close__v=1__trial=832__condition=go__digit=0__block=4__phase=query__segment=session1_main__practice=0,1298144.031294600,1298144.031530500
dynamic_sart_trial_complete__v=1__trial=832__condition=go__digit=0__block=4__phase=query__segment=session1_main__practice=0,1298144.031294600,1298144.040556300
dynamic_sart_stimulus_onset__v=1__trial=833__condition=go__digit=5__block=4__phase=query__segment=session1_main__practice=0,1298144.112591800,1298144.112802500
dynamic_sart_stimulus_offset__v=1__trial=833__condition=go__digit=5__block=4__phase=query__segment=session1_main__practice=0,1298144.380057400,1298144.380458500
dynamic_sart_response_window_close__v=1__trial=833__condition=go__digit=5__block=4__phase=query__segment=session1_main__practice=0,1298145.718008500,1298145.718257400
dynamic_sart_trial_complete__v=1__trial=833__condition=go__digit=5__block=4__phase=query__segment=session1_main__practice=0,1298145.718008500,1298145.727012000
dynamic_sart_stimulus_onset__v=1__trial=834__condition=go__digit=9__block=4__phase=query__segment=session1_main__practice=0,1298145.781121800,1298145.781261600
dynamic_sart_stimulus_offset__v=1__trial=834__condition=go__digit=9__block=4__phase=query__segment=session1_main__practice=0,1298146.053866700,1298146.054146500
dynamic_sart_response_window_close__v=1__trial=834__condition=go__digit=9__block=4__phase=query__segment=session1_main__practice=0,1298147.390933600,1298147.391169500
dynamic_sart_trial_complete__v=1__trial=834__condition=go__digit=9__block=4__phase=query__segment=session1_main__practice=0,1298147.390933600,1298147.405802400
dynamic_sart_stimulus_onset__v=1__trial=835__condition=go__digit=2__block=4__phase=query__segment=session1_main__practice=0,1298147.489035300,1298147.489267600
dynamic_sart_stimulus_offset__v=1__trial=835__condition=go__digit=2__block=4__phase=query__segment=session1_main__practice=0,1298147.766829200,1298147.767161300
dynamic_sart_response_window_close__v=1__trial=835__condition=go__digit=2__block=4__phase=query__segment=session1_main__practice=0,1298149.092310600,1298149.092543800
dynamic_sart_trial_complete__v=1__trial=835__condition=go__digit=2__block=4__phase=query__segment=session1_main__practice=0,1298149.092310600,1298149.100530100
dynamic_sart_stimulus_onset__v=1__trial=836__condition=go__digit=1__block=4__phase=query__segment=session1_main__practice=0,1298149.156641300,1298149.156865900
dynamic_sart_stimulus_offset__v=1__trial=836__condition=go__digit=1__block=4__phase=query__segment=session1_main__practice=0,1298149.432656500,1298149.432907800
dynamic_sart_response_window_close__v=1__trial=836__condition=go__digit=1__block=4__phase=query__segment=session1_main__practice=0,1298150.764026000,1298150.764265400
dynamic_sart_trial_complete__v=1__trial=836__condition=go__digit=1__block=4__phase=query__segment=session1_main__practice=0,1298150.764026000,1298150.773095100
dynamic_sart_stimulus_onset__v=1__trial=837__condition=no_go__digit=3__block=4__phase=query__segment=session1_main__practice=0,1298150.837678600,1298150.837915800
dynamic_sart_stimulus_offset__v=1__trial=837__condition=no_go__digit=3__block=4__phase=query__segment=session1_main__practice=0,1298151.098009800,1298151.098226700
dynamic_sart_response_window_close__v=1__trial=837__condition=no_go__digit=3__block=4__phase=query__segment=session1_main__practice=0,1298152.437286300,1298152.437529200
dynamic_sart_trial_complete__v=1__trial=837__condition=no_go__digit=3__block=4__phase=query__segment=session1_main__practice=0,1298152.437286300,1298152.446352700
dynamic_sart_stimulus_onset__v=1__trial=838__condition=go__digit=9__block=4__phase=query__segment=session1_main__practice=0,1298152.502877100,1298152.503095900
dynamic_sart_stimulus_offset__v=1__trial=838__condition=go__digit=9__block=4__phase=query__segment=session1_main__practice=0,1298152.763483100,1298152.763632900
dynamic_sart_response_window_close__v=1__trial=838__condition=go__digit=9__block=4__phase=query__segment=session1_main__practice=0,1298154.109798700,1298154.110030100
dynamic_sart_trial_complete__v=1__trial=838__condition=go__digit=9__block=4__phase=query__segment=session1_main__practice=0,1298154.109798700,1298154.118086100
dynamic_sart_stimulus_onset__v=1__trial=839__condition=go__digit=0__block=4__phase=query__segment=session1_main__practice=0,1298154.159879800,1298154.160174800
dynamic_sart_stimulus_offset__v=1__trial=839__condition=go__digit=0__block=4__phase=query__segment=session1_main__practice=0,1298154.426937500,1298154.427190200
dynamic_sart_response_window_close__v=1__trial=839__condition=go__digit=0__block=4__phase=query__segment=session1_main__practice=0,1298155.766577700,1298155.766819300
dynamic_sart_trial_complete__v=1__trial=839__condition=go__digit=0__block=4__phase=query__segment=session1_main__practice=0,1298155.766577700,1298155.775729000
dynamic_sart_stimulus_onset__v=1__trial=840__condition=go__digit=5__block=4__phase=query__segment=session1_main__practice=0,1298155.826547500,1298155.826804500
dynamic_sart_stimulus_offset__v=1__trial=840__condition=go__digit=5__block=4__phase=query__segment=session1_main__practice=0,1298156.092932300,1298156.093149600
dynamic_sart_response_window_close__v=1__trial=840__condition=go__digit=5__block=4__phase=query__segment=session1_main__practice=0,1298157.437342600,1298157.437589700
dynamic_sart_trial_complete__v=1__trial=840__condition=go__digit=5__block=4__phase=query__segment=session1_main__practice=0,1298157.437342600,1298157.448892200
dynamic_sart_stimulus_onset__v=1__trial=841__condition=go__digit=8__block=4__phase=query__segment=session1_main__practice=0,1298157.493866300,1298157.494051600
dynamic_sart_stimulus_offset__v=1__trial=841__condition=go__digit=8__block=4__phase=query__segment=session1_main__practice=0,1298157.760392300,1298157.760537100
dynamic_sart_response_window_close__v=1__trial=841__condition=go__digit=8__block=4__phase=query__segment=session1_main__practice=0,1298159.092486800,1298159.092756500
dynamic_sart_trial_complete__v=1__trial=841__condition=go__digit=8__block=4__phase=query__segment=session1_main__practice=0,1298159.092486800,1298159.101076200
dynamic_sart_stimulus_onset__v=1__trial=842__condition=go__digit=6__block=4__phase=query__segment=session1_main__practice=0,1298159.148030200,1298159.148203200
dynamic_sart_stimulus_offset__v=1__trial=842__condition=go__digit=6__block=4__phase=query__segment=session1_main__practice=0,1298159.412415200,1298159.412635300
dynamic_sart_response_window_close__v=1__trial=842__condition=go__digit=6__block=4__phase=query__segment=session1_main__practice=0,1298160.749794300,1298160.750028800
dynamic_sart_trial_complete__v=1__trial=842__condition=go__digit=6__block=4__phase=query__segment=session1_main__practice=0,1298160.749794300,1298160.758689800
dynamic_sart_stimulus_onset__v=1__trial=843__condition=no_go__digit=3__block=4__phase=query__segment=session1_main__practice=0,1298160.811223600,1298160.811456700
dynamic_sart_stimulus_offset__v=1__trial=843__condition=no_go__digit=3__block=4__phase=query__segment=session1_main__practice=0,1298161.076131200,1298161.076378800
dynamic_sart_response_window_close__v=1__trial=843__condition=no_go__digit=3__block=4__phase=query__segment=session1_main__practice=0,1298162.421456300,1298162.421693700
dynamic_sart_trial_complete__v=1__trial=843__condition=no_go__digit=3__block=4__phase=query__segment=session1_main__practice=0,1298162.421456300,1298162.430143600
dynamic_sart_stimulus_onset__v=1__trial=844__condition=go__digit=7__block=4__phase=query__segment=session1_main__practice=0,1298162.493832900,1298162.494066400
dynamic_sart_stimulus_offset__v=1__trial=844__condition=go__digit=7__block=4__phase=query__segment=session1_main__practice=0,1298162.776317800,1298162.776573200
dynamic_sart_response_window_close__v=1__trial=844__condition=go__digit=7__block=4__phase=query__segment=session1_main__practice=0,1298164.092087300,1298164.092287400
dynamic_sart_trial_complete__v=1__trial=844__condition=go__digit=7__block=4__phase=query__segment=session1_main__practice=0,1298164.092087300,1298164.100819700
dynamic_sart_stimulus_onset__v=1__trial=845__condition=go__digit=4__block=4__phase=query__segment=session1_main__practice=0,1298164.171331700,1298164.171605100
dynamic_sart_stimulus_offset__v=1__trial=845__condition=go__digit=4__block=4__phase=query__segment=session1_main__practice=0,1298164.459713900,1298164.460070800
dynamic_sart_response_window_close__v=1__trial=845__condition=go__digit=4__block=4__phase=query__segment=session1_main__practice=0,1298165.780611800,1298165.780845600
dynamic_sart_trial_complete__v=1__trial=845__condition=go__digit=4__block=4__phase=query__segment=session1_main__practice=0,1298165.780611800,1298165.789389400
dynamic_sart_stimulus_onset__v=1__trial=846__condition=go__digit=8__block=4__phase=query__segment=session1_main__practice=0,1298165.855700200,1298165.855919400
dynamic_sart_stimulus_offset__v=1__trial=846__condition=go__digit=8__block=4__phase=query__segment=session1_main__practice=0,1298166.119410800,1298166.119640100
dynamic_sart_response_window_close__v=1__trial=846__condition=go__digit=8__block=4__phase=query__segment=session1_main__practice=0,1298167.453211200,1298167.453433600
dynamic_sart_trial_complete__v=1__trial=846__condition=go__digit=8__block=4__phase=query__segment=session1_main__practice=0,1298167.453211200,1298167.465375400
dynamic_sart_stimulus_onset__v=1__trial=847__condition=go__digit=9__block=4__phase=query__segment=session1_main__practice=0,1298167.538669800,1298167.538907500
dynamic_sart_stimulus_offset__v=1__trial=847__condition=go__digit=9__block=4__phase=query__segment=session1_main__practice=0,1298167.804572300,1298167.804796700
dynamic_sart_response_window_close__v=1__trial=847__condition=go__digit=9__block=4__phase=query__segment=session1_main__practice=0,1298169.140885400,1298169.141123700
dynamic_sart_trial_complete__v=1__trial=847__condition=go__digit=9__block=4__phase=query__segment=session1_main__practice=0,1298169.140885400,1298169.148961000
dynamic_sart_stimulus_onset__v=1__trial=848__condition=go__digit=0__block=4__phase=query__segment=session1_main__practice=0,1298169.214960800,1298169.215102300
dynamic_sart_stimulus_offset__v=1__trial=848__condition=go__digit=0__block=4__phase=query__segment=session1_main__practice=0,1298169.494340100,1298169.494569900
dynamic_sart_response_window_close__v=1__trial=848__condition=go__digit=0__block=4__phase=query__segment=session1_main__practice=0,1298170.812395900,1298170.812638700
dynamic_sart_trial_complete__v=1__trial=848__condition=go__digit=0__block=4__phase=query__segment=session1_main__practice=0,1298170.812395900,1298170.822478100
dynamic_sart_stimulus_onset__v=1__trial=849__condition=go__digit=4__block=4__phase=query__segment=session1_main__practice=0,1298170.889446200,1298170.889732100
dynamic_sart_stimulus_offset__v=1__trial=849__condition=go__digit=4__block=4__phase=query__segment=session1_main__practice=0,1298171.175720300,1298171.175956500
dynamic_sart_response_window_close__v=1__trial=849__condition=go__digit=4__block=4__phase=query__segment=session1_main__practice=0,1298172.499575800,1298172.499807200
dynamic_sart_trial_complete__v=1__trial=849__condition=go__digit=4__block=4__phase=query__segment=session1_main__practice=0,1298172.499575800,1298172.508097300
dynamic_sart_stimulus_onset__v=1__trial=850__condition=no_go__digit=3__block=4__phase=query__segment=session1_main__practice=0,1298172.575059100,1298172.575223400
dynamic_sart_stimulus_offset__v=1__trial=850__condition=no_go__digit=3__block=4__phase=query__segment=session1_main__practice=0,1298172.841452200,1298172.841670400
dynamic_sart_response_window_close__v=1__trial=850__condition=no_go__digit=3__block=4__phase=query__segment=session1_main__practice=0,1298174.172157100,1298174.172376200
dynamic_sart_trial_complete__v=1__trial=850__condition=no_go__digit=3__block=4__phase=query__segment=session1_main__practice=0,1298174.172157100,1298174.178830800
dynamic_sart_stimulus_onset__v=1__trial=851__condition=go__digit=6__block=4__phase=query__segment=session1_main__practice=0,1298174.238076500,1298174.238312700
dynamic_sart_stimulus_offset__v=1__trial=851__condition=go__digit=6__block=4__phase=query__segment=session1_main__practice=0,1298174.522558600,1298174.522754500
dynamic_sart_response_window_close__v=1__trial=851__condition=go__digit=6__block=4__phase=query__segment=session1_main__practice=0,1298175.843641900,1298175.843861200
dynamic_sart_trial_complete__v=1__trial=851__condition=go__digit=6__block=4__phase=query__segment=session1_main__practice=0,1298175.843641900,1298175.854187100
dynamic_sart_stimulus_onset__v=1__trial=852__condition=go__digit=1__block=4__phase=query__segment=session1_main__practice=0,1298175.921576600,1298175.921813800
dynamic_sart_stimulus_offset__v=1__trial=852__condition=go__digit=1__block=4__phase=query__segment=session1_main__practice=0,1298176.205215500,1298176.205603000
dynamic_sart_response_window_close__v=1__trial=852__condition=go__digit=1__block=4__phase=query__segment=session1_main__practice=0,1298177.530413700,1298177.530832000
dynamic_sart_trial_complete__v=1__trial=852__condition=go__digit=1__block=4__phase=query__segment=session1_main__practice=0,1298177.530413700,1298177.546046300
dynamic_sart_stimulus_onset__v=1__trial=853__condition=go__digit=7__block=4__phase=query__segment=session1_main__practice=0,1298177.612712800,1298177.612869100
dynamic_sart_stimulus_offset__v=1__trial=853__condition=go__digit=7__block=4__phase=query__segment=session1_main__practice=0,1298177.878276900,1298177.878550100
dynamic_sart_response_window_close__v=1__trial=853__condition=go__digit=7__block=4__phase=query__segment=session1_main__practice=0,1298179.216748600,1298179.216945000
dynamic_sart_trial_complete__v=1__trial=853__condition=go__digit=7__block=4__phase=query__segment=session1_main__practice=0,1298179.216748600,1298179.225174800
dynamic_sart_stimulus_onset__v=1__trial=854__condition=go__digit=2__block=4__phase=query__segment=session1_main__practice=0,1298179.290075900,1298179.290288800
dynamic_sart_stimulus_offset__v=1__trial=854__condition=go__digit=2__block=4__phase=query__segment=session1_main__practice=0,1298179.542709500,1298179.542927000
dynamic_sart_response_window_close__v=1__trial=854__condition=go__digit=2__block=4__phase=query__segment=session1_main__practice=0,1298180.891038100,1298180.891273800
dynamic_sart_trial_complete__v=1__trial=854__condition=go__digit=2__block=4__phase=query__segment=session1_main__practice=0,1298180.891038100,1298180.899413800
dynamic_sart_stimulus_onset__v=1__trial=855__condition=go__digit=5__block=4__phase=query__segment=session1_main__practice=0,1298180.970933300,1298180.971167000
dynamic_sart_stimulus_offset__v=1__trial=855__condition=go__digit=5__block=4__phase=query__segment=session1_main__practice=0,1298181.246934400,1298181.247091800
dynamic_sart_response_window_close__v=1__trial=855__condition=go__digit=5__block=4__phase=query__segment=session1_main__practice=0,1298182.577504500,1298182.577729500
dynamic_sart_trial_complete__v=1__trial=855__condition=go__digit=5__block=4__phase=query__segment=session1_main__practice=0,1298182.577504500,1298182.587309200
dynamic_sart_stimulus_onset__v=1__trial=856__condition=go__digit=8__block=4__phase=query__segment=session1_main__practice=0,1298182.654460900,1298182.654711900
dynamic_sart_stimulus_offset__v=1__trial=856__condition=go__digit=8__block=4__phase=query__segment=session1_main__practice=0,1298182.941739600,1298182.941976000
dynamic_sart_response_window_close__v=1__trial=856__condition=go__digit=8__block=4__phase=query__segment=session1_main__practice=0,1298184.264812800,1298184.265040500
dynamic_sart_trial_complete__v=1__trial=856__condition=go__digit=8__block=4__phase=query__segment=session1_main__practice=0,1298184.264812800,1298184.273305700
dynamic_sart_stimulus_onset__v=1__trial=857__condition=no_go__digit=3__block=4__phase=query__segment=session1_main__practice=0,1298184.349037800,1298184.349272600
dynamic_sart_stimulus_offset__v=1__trial=857__condition=no_go__digit=3__block=4__phase=query__segment=session1_main__practice=0,1298184.613041200,1298184.613263000
dynamic_sart_response_window_close__v=1__trial=857__condition=no_go__digit=3__block=4__phase=query__segment=session1_main__practice=0,1298185.953417600,1298185.953644600
dynamic_sart_trial_complete__v=1__trial=857__condition=no_go__digit=3__block=4__phase=query__segment=session1_main__practice=0,1298185.953417600,1298185.962211100
dynamic_sart_stimulus_onset__v=1__trial=858__condition=go__digit=6__block=4__phase=query__segment=session1_main__practice=0,1298186.021787700,1298186.022029800
dynamic_sart_stimulus_offset__v=1__trial=858__condition=go__digit=6__block=4__phase=query__segment=session1_main__practice=0,1298186.299924600,1298186.300157800
dynamic_sart_response_window_close__v=1__trial=858__condition=go__digit=6__block=4__phase=query__segment=session1_main__practice=0,1298187.624156000,1298187.624364100
dynamic_sart_trial_complete__v=1__trial=858__condition=go__digit=6__block=4__phase=query__segment=session1_main__practice=0,1298187.624156000,1298187.637115100
dynamic_sart_stimulus_onset__v=1__trial=859__condition=go__digit=5__block=4__phase=query__segment=session1_main__practice=0,1298187.722626500,1298187.722983200
dynamic_sart_stimulus_offset__v=1__trial=859__condition=go__digit=5__block=4__phase=query__segment=session1_main__practice=0,1298187.999729700,1298188.000119400
dynamic_sart_response_window_close__v=1__trial=859__condition=go__digit=5__block=4__phase=query__segment=session1_main__practice=0,1298189.326735800,1298189.327035700
dynamic_sart_trial_complete__v=1__trial=859__condition=go__digit=5__block=4__phase=query__segment=session1_main__practice=0,1298189.326735800,1298189.336387200
dynamic_sart_stimulus_onset__v=1__trial=860__condition=go__digit=0__block=4__phase=query__segment=session1_main__practice=0,1298189.405553200,1298189.405783200
dynamic_sart_stimulus_offset__v=1__trial=860__condition=go__digit=0__block=4__phase=query__segment=session1_main__practice=0,1298189.687280600,1298189.687589000
dynamic_sart_response_window_close__v=1__trial=860__condition=go__digit=0__block=4__phase=query__segment=session1_main__practice=0,1298191.014518200,1298191.014744900
dynamic_sart_trial_complete__v=1__trial=860__condition=go__digit=0__block=4__phase=query__segment=session1_main__practice=0,1298191.014518200,1298191.023664600
dynamic_sart_stimulus_onset__v=1__trial=861__condition=go__digit=1__block=4__phase=query__segment=session1_main__practice=0,1298191.089526400,1298191.089757100
dynamic_sart_stimulus_offset__v=1__trial=861__condition=go__digit=1__block=4__phase=query__segment=session1_main__practice=0,1298191.367486600,1298191.367707700
dynamic_sart_response_window_close__v=1__trial=861__condition=go__digit=1__block=4__phase=query__segment=session1_main__practice=0,1298192.685962900,1298192.686185800
dynamic_sart_trial_complete__v=1__trial=861__condition=go__digit=1__block=4__phase=query__segment=session1_main__practice=0,1298192.685962900,1298192.694728900
dynamic_sart_stimulus_onset__v=1__trial=862__condition=go__digit=4__block=4__phase=query__segment=session1_main__practice=0,1298192.748296400,1298192.748529900
dynamic_sart_stimulus_offset__v=1__trial=862__condition=go__digit=4__block=4__phase=query__segment=session1_main__practice=0,1298193.013507400,1298193.013651900
dynamic_sart_response_window_close__v=1__trial=862__condition=go__digit=4__block=4__phase=query__segment=session1_main__practice=0,1298194.357967600,1298194.358271500
dynamic_sart_trial_complete__v=1__trial=862__condition=go__digit=4__block=4__phase=query__segment=session1_main__practice=0,1298194.357967600,1298194.366059500
dynamic_sart_stimulus_onset__v=1__trial=863__condition=go__digit=9__block=4__phase=query__segment=session1_main__practice=0,1298194.417276600,1298194.417510700
dynamic_sart_stimulus_offset__v=1__trial=863__condition=go__digit=9__block=4__phase=query__segment=session1_main__practice=0,1298194.686180200,1298194.686419100
dynamic_sart_response_window_close__v=1__trial=863__condition=go__digit=9__block=4__phase=query__segment=session1_main__practice=0,1298196.014815600,1298196.015063600
dynamic_sart_trial_complete__v=1__trial=863__condition=go__digit=9__block=4__phase=query__segment=session1_main__practice=0,1298196.014815600,1298196.023129100
dynamic_sart_stimulus_onset__v=1__trial=864__condition=no_go__digit=3__block=4__phase=query__segment=session1_main__practice=0,1298196.090239300,1298196.090466800
dynamic_sart_stimulus_offset__v=1__trial=864__condition=no_go__digit=3__block=4__phase=query__segment=session1_main__practice=0,1298196.348127200,1298196.348328600
dynamic_sart_response_window_close__v=1__trial=864__condition=no_go__digit=3__block=4__phase=query__segment=session1_main__practice=0,1298197.685602100,1298197.685823600
dynamic_sart_trial_complete__v=1__trial=864__condition=no_go__digit=3__block=4__phase=query__segment=session1_main__practice=0,1298197.685602100,1298197.697690700
dynamic_sart_stimulus_onset__v=1__trial=865__condition=go__digit=2__block=4__phase=query__segment=session1_main__practice=0,1298197.758976400,1298197.759180800
dynamic_sart_stimulus_offset__v=1__trial=865__condition=go__digit=2__block=4__phase=query__segment=session1_main__practice=0,1298198.027948300,1298198.028173900
dynamic_sart_response_window_close__v=1__trial=865__condition=go__digit=2__block=4__phase=query__segment=session1_main__practice=0,1298199.358091300,1298199.358299700
dynamic_sart_trial_complete__v=1__trial=865__condition=go__digit=2__block=4__phase=query__segment=session1_main__practice=0,1298199.358091300,1298199.366472200
dynamic_sart_stimulus_onset__v=1__trial=866__condition=go__digit=7__block=4__phase=query__segment=session1_main__practice=0,1298199.413488300,1298199.413694500
dynamic_sart_stimulus_offset__v=1__trial=866__condition=go__digit=7__block=4__phase=query__segment=session1_main__practice=0,1298199.690546200,1298199.690707600
dynamic_sart_response_window_close__v=1__trial=866__condition=go__digit=7__block=4__phase=query__segment=session1_main__practice=0,1298201.013877000,1298201.014069400
dynamic_sart_trial_complete__v=1__trial=866__condition=go__digit=7__block=4__phase=query__segment=session1_main__practice=0,1298201.013877000,1298201.022501000
dynamic_sart_stimulus_onset__v=1__trial=867__condition=go__digit=9__block=4__phase=query__segment=session1_main__practice=0,1298201.088477700,1298201.088714300
dynamic_sart_stimulus_offset__v=1__trial=867__condition=go__digit=9__block=4__phase=query__segment=session1_main__practice=0,1298201.350552600,1298201.351098200
dynamic_sart_response_window_close__v=1__trial=867__condition=go__digit=9__block=4__phase=query__segment=session1_main__practice=0,1298202.687936200,1298202.688147500
dynamic_sart_trial_complete__v=1__trial=867__condition=go__digit=9__block=4__phase=query__segment=session1_main__practice=0,1298202.687936200,1298202.697794000
dynamic_sart_stimulus_onset__v=1__trial=868__condition=go__digit=5__block=4__phase=query__segment=session1_main__practice=0,1298202.759818300,1298202.760033100
dynamic_sart_stimulus_offset__v=1__trial=868__condition=go__digit=5__block=4__phase=query__segment=session1_main__practice=0,1298203.033298800,1298203.033523500
dynamic_sart_response_window_close__v=1__trial=868__condition=go__digit=5__block=4__phase=query__segment=session1_main__practice=0,1298204.358437400,1298204.358649700
dynamic_sart_trial_complete__v=1__trial=868__condition=go__digit=5__block=4__phase=query__segment=session1_main__practice=0,1298204.358437400,1298204.366620900
dynamic_sart_stimulus_onset__v=1__trial=869__condition=go__digit=8__block=4__phase=query__segment=session1_main__practice=0,1298204.420083000,1298204.420313600
dynamic_sart_stimulus_offset__v=1__trial=869__condition=go__digit=8__block=4__phase=query__segment=session1_main__practice=0,1298204.686870900,1298204.687106300
dynamic_sart_response_window_close__v=1__trial=869__condition=go__digit=8__block=4__phase=query__segment=session1_main__practice=0,1298206.014035000,1298206.014260200
dynamic_sart_trial_complete__v=1__trial=869__condition=go__digit=8__block=4__phase=query__segment=session1_main__practice=0,1298206.014035000,1298206.025656000
dynamic_sart_stimulus_onset__v=1__trial=870__condition=go__digit=7__block=4__phase=query__segment=session1_main__practice=0,1298206.087671100,1298206.087913700
dynamic_sart_stimulus_offset__v=1__trial=870__condition=go__digit=7__block=4__phase=query__segment=session1_main__practice=0,1298206.346521400,1298206.346730000
dynamic_sart_response_window_close__v=1__trial=870__condition=go__digit=7__block=4__phase=query__segment=session1_main__practice=0,1298207.686636500,1298207.686860500
dynamic_sart_trial_complete__v=1__trial=870__condition=go__digit=7__block=4__phase=query__segment=session1_main__practice=0,1298207.686636500,1298207.697234400
dynamic_sart_stimulus_onset__v=1__trial=871__condition=no_go__digit=3__block=4__phase=query__segment=session1_main__practice=0,1298207.773670700,1298207.773895800
dynamic_sart_stimulus_offset__v=1__trial=871__condition=no_go__digit=3__block=4__phase=query__segment=session1_main__practice=0,1298208.033607800,1298208.034184000
dynamic_sart_response_window_close__v=1__trial=871__condition=no_go__digit=3__block=4__phase=query__segment=session1_main__practice=0,1298209.373778900,1298209.373999400
dynamic_sart_trial_complete__v=1__trial=871__condition=no_go__digit=3__block=4__phase=query__segment=session1_main__practice=0,1298209.373778900,1298209.382091400
dynamic_sart_stimulus_onset__v=1__trial=872__condition=go__digit=4__block=4__phase=query__segment=session1_main__practice=0,1298209.433213900,1298209.433443900
dynamic_sart_stimulus_offset__v=1__trial=872__condition=go__digit=4__block=4__phase=query__segment=session1_main__practice=0,1298209.697686200,1298209.697867700
dynamic_sart_response_window_close__v=1__trial=872__condition=go__digit=4__block=4__phase=query__segment=session1_main__practice=0,1298211.030235300,1298211.030455200
dynamic_sart_trial_complete__v=1__trial=872__condition=go__digit=4__block=4__phase=query__segment=session1_main__practice=0,1298211.030235300,1298211.040161900
dynamic_sart_stimulus_onset__v=1__trial=873__condition=go__digit=1__block=4__phase=query__segment=session1_main__practice=0,1298211.107311100,1298211.107476500
dynamic_sart_stimulus_offset__v=1__trial=873__condition=go__digit=1__block=4__phase=query__segment=session1_main__practice=0,1298211.369303400,1298211.369512900
dynamic_sart_response_window_close__v=1__trial=873__condition=go__digit=1__block=4__phase=query__segment=session1_main__practice=0,1298212.701599400,1298212.701822800
dynamic_sart_trial_complete__v=1__trial=873__condition=go__digit=1__block=4__phase=query__segment=session1_main__practice=0,1298212.701599400,1298212.710085100
dynamic_sart_stimulus_onset__v=1__trial=874__condition=go__digit=2__block=4__phase=query__segment=session1_main__practice=0,1298212.769526300,1298212.769737100
dynamic_sart_stimulus_offset__v=1__trial=874__condition=go__digit=2__block=4__phase=query__segment=session1_main__practice=0,1298213.055088200,1298213.055301500
dynamic_sart_response_window_close__v=1__trial=874__condition=go__digit=2__block=4__phase=query__segment=session1_main__practice=0,1298214.374767100,1298214.374989800
dynamic_sart_trial_complete__v=1__trial=874__condition=go__digit=2__block=4__phase=query__segment=session1_main__practice=0,1298214.374767100,1298214.384542700
dynamic_sart_stimulus_onset__v=1__trial=875__condition=go__digit=6__block=4__phase=query__segment=session1_main__practice=0,1298214.477879500,1298214.478136800
dynamic_sart_stimulus_offset__v=1__trial=875__condition=go__digit=6__block=4__phase=query__segment=session1_main__practice=0,1298214.743069000,1298214.743262000
dynamic_sart_response_window_close__v=1__trial=875__condition=go__digit=6__block=4__phase=query__segment=session1_main__practice=0,1298216.077030000,1298216.077251200
dynamic_sart_trial_complete__v=1__trial=875__condition=go__digit=6__block=4__phase=query__segment=session1_main__practice=0,1298216.077030000,1298216.085839500
dynamic_sart_stimulus_onset__v=1__trial=876__condition=go__digit=0__block=4__phase=query__segment=session1_main__practice=0,1298216.147751600,1298216.147993600
dynamic_sart_stimulus_offset__v=1__trial=876__condition=go__digit=0__block=4__phase=query__segment=session1_main__practice=0,1298216.425483000,1298216.425723700
dynamic_sart_response_window_close__v=1__trial=876__condition=go__digit=0__block=4__phase=query__segment=session1_main__practice=0,1298217.748683400,1298217.748917400
dynamic_sart_trial_complete__v=1__trial=876__condition=go__digit=0__block=4__phase=query__segment=session1_main__practice=0,1298217.748683400,1298217.760578000
dynamic_sart_stimulus_onset__v=1__trial=877__condition=no_go__digit=3__block=4__phase=query__segment=session1_main__practice=0,1298217.834473400,1298217.834691800
dynamic_sart_stimulus_offset__v=1__trial=877__condition=no_go__digit=3__block=4__phase=query__segment=session1_main__practice=0,1298218.100194100,1298218.100402200
dynamic_sart_response_window_close__v=1__trial=877__condition=no_go__digit=3__block=4__phase=query__segment=session1_main__practice=0,1298219.436719900,1298219.436904900
dynamic_sart_trial_complete__v=1__trial=877__condition=no_go__digit=3__block=4__phase=query__segment=session1_main__practice=0,1298219.436719900,1298219.444868800
dynamic_sart_stimulus_onset__v=1__trial=878__condition=go__digit=1__block=4__phase=query__segment=session1_main__practice=0,1298219.503436300,1298219.504008900
dynamic_sart_stimulus_offset__v=1__trial=878__condition=go__digit=1__block=4__phase=query__segment=session1_main__practice=0,1298219.781150600,1298219.781381100
dynamic_sart_response_window_close__v=1__trial=878__condition=go__digit=1__block=4__phase=query__segment=session1_main__practice=0,1298221.108179700,1298221.108392400
dynamic_sart_trial_complete__v=1__trial=878__condition=go__digit=1__block=4__phase=query__segment=session1_main__practice=0,1298221.108179700,1298221.118069200
dynamic_sart_stimulus_onset__v=1__trial=879__condition=go__digit=6__block=4__phase=query__segment=session1_main__practice=0,1298221.171844200,1298221.172097200
dynamic_sart_stimulus_offset__v=1__trial=879__condition=go__digit=6__block=4__phase=query__segment=session1_main__practice=0,1298221.446991200,1298221.447209800
dynamic_sart_response_window_close__v=1__trial=879__condition=go__digit=6__block=4__phase=query__segment=session1_main__practice=0,1298222.781843600,1298222.782053800
dynamic_sart_trial_complete__v=1__trial=879__condition=go__digit=6__block=4__phase=query__segment=session1_main__practice=0,1298222.781843600,1298222.790424200
dynamic_sart_stimulus_onset__v=1__trial=880__condition=go__digit=8__block=4__phase=query__segment=session1_main__practice=0,1298222.855057200,1298222.855280100
dynamic_sart_stimulus_offset__v=1__trial=880__condition=go__digit=8__block=4__phase=query__segment=session1_main__practice=0,1298223.126300100,1298223.126518300
dynamic_sart_response_window_close__v=1__trial=880__condition=go__digit=8__block=4__phase=query__segment=session1_main__practice=0,1298224.453425400,1298224.453660500
dynamic_sart_trial_complete__v=1__trial=880__condition=go__digit=8__block=4__phase=query__segment=session1_main__practice=0,1298224.453425400,1298224.461602800
dynamic_sart_stimulus_onset__v=1__trial=881__condition=go__digit=4__block=4__phase=query__segment=session1_main__practice=0,1298224.527084200,1298224.527332400
dynamic_sart_stimulus_offset__v=1__trial=881__condition=go__digit=4__block=4__phase=query__segment=session1_main__practice=0,1298224.778493200,1298224.778691900
dynamic_sart_response_window_close__v=1__trial=881__condition=go__digit=4__block=4__phase=query__segment=session1_main__practice=0,1298226.123050100,1298226.123271000
dynamic_sart_trial_complete__v=1__trial=881__condition=go__digit=4__block=4__phase=query__segment=session1_main__practice=0,1298226.123050100,1298226.131728400
dynamic_sart_stimulus_onset__v=1__trial=882__condition=go__digit=0__block=4__phase=query__segment=session1_main__practice=0,1298226.183222100,1298226.183417600
dynamic_sart_stimulus_offset__v=1__trial=882__condition=go__digit=0__block=4__phase=query__segment=session1_main__practice=0,1298226.458779200,1298226.459164000
dynamic_sart_response_window_close__v=1__trial=882__condition=go__digit=0__block=4__phase=query__segment=session1_main__practice=0,1298227.780697300,1298227.780902400
dynamic_sart_trial_complete__v=1__trial=882__condition=go__digit=0__block=4__phase=query__segment=session1_main__practice=0,1298227.780697300,1298227.792013800
dynamic_sart_stimulus_onset__v=1__trial=883__condition=go__digit=7__block=4__phase=query__segment=session1_main__practice=0,1298227.857244500,1298227.857474400
dynamic_sart_stimulus_offset__v=1__trial=883__condition=go__digit=7__block=4__phase=query__segment=session1_main__practice=0,1298228.121585000,1298228.121816000
dynamic_sart_response_window_close__v=1__trial=883__condition=go__digit=7__block=4__phase=query__segment=session1_main__practice=0,1298229.451689400,1298229.451929100
dynamic_sart_trial_complete__v=1__trial=883__condition=go__digit=7__block=4__phase=query__segment=session1_main__practice=0,1298229.451689400,1298229.460283600
dynamic_sart_stimulus_onset__v=1__trial=884__condition=no_go__digit=3__block=4__phase=query__segment=session1_main__practice=0,1298229.531618100,1298229.531858000
dynamic_sart_stimulus_offset__v=1__trial=884__condition=no_go__digit=3__block=4__phase=query__segment=session1_main__practice=0,1298229.799943300,1298229.800157100
dynamic_sart_response_window_close__v=1__trial=884__condition=no_go__digit=3__block=4__phase=query__segment=session1_main__practice=0,1298231.141943900,1298231.142170200
dynamic_sart_trial_complete__v=1__trial=884__condition=no_go__digit=3__block=4__phase=query__segment=session1_main__practice=0,1298231.141943900,1298231.151446000
dynamic_sart_stimulus_onset__v=1__trial=885__condition=go__digit=9__block=4__phase=query__segment=session1_main__practice=0,1298231.222255200,1298231.222477100
dynamic_sart_stimulus_offset__v=1__trial=885__condition=go__digit=9__block=4__phase=query__segment=session1_main__practice=0,1298231.508371100,1298231.508584800
dynamic_sart_response_window_close__v=1__trial=885__condition=go__digit=9__block=4__phase=query__segment=session1_main__practice=0,1298232.828350500,1298232.828581200
dynamic_sart_trial_complete__v=1__trial=885__condition=go__digit=9__block=4__phase=query__segment=session1_main__practice=0,1298232.828350500,1298232.836747000
dynamic_sart_stimulus_onset__v=1__trial=886__condition=go__digit=2__block=4__phase=query__segment=session1_main__practice=0,1298232.903091000,1298232.903323500
dynamic_sart_stimulus_offset__v=1__trial=886__condition=go__digit=2__block=4__phase=query__segment=session1_main__practice=0,1298233.171391900,1298233.171944900
dynamic_sart_response_window_close__v=1__trial=886__condition=go__digit=2__block=4__phase=query__segment=session1_main__practice=0,1298234.499225900,1298234.499460400
dynamic_sart_trial_complete__v=1__trial=886__condition=go__digit=2__block=4__phase=query__segment=session1_main__practice=0,1298234.499225900,1298234.507841300
dynamic_sart_stimulus_onset__v=1__trial=887__condition=go__digit=5__block=4__phase=query__segment=session1_main__practice=0,1298234.564807700,1298234.564933900
dynamic_sart_stimulus_offset__v=1__trial=887__condition=go__digit=5__block=4__phase=query__segment=session1_main__practice=0,1298234.828031000,1298234.828237500
dynamic_sart_response_window_close__v=1__trial=887__condition=go__digit=5__block=4__phase=query__segment=session1_main__practice=0,1298236.172050900,1298236.172313200
dynamic_sart_trial_complete__v=1__trial=887__condition=go__digit=5__block=4__phase=query__segment=session1_main__practice=0,1298236.172050900,1298236.180234700
dynamic_sart_stimulus_onset__v=1__trial=888__condition=go__digit=6__block=4__phase=query__segment=session1_main__practice=0,1298236.224641300,1298236.224852000
dynamic_sart_stimulus_offset__v=1__trial=888__condition=go__digit=6__block=4__phase=query__segment=session1_main__practice=0,1298236.495882100,1298236.496113900
dynamic_sart_response_window_close__v=1__trial=888__condition=go__digit=6__block=4__phase=query__segment=session1_main__practice=0,1298237.826440100,1298237.826677000
dynamic_sart_trial_complete__v=1__trial=888__condition=go__digit=6__block=4__phase=query__segment=session1_main__practice=0,1298237.826440100,1298237.838429100
dynamic_sart_stimulus_onset__v=1__trial=889__condition=go__digit=2__block=4__phase=query__segment=session1_main__practice=0,1298237.896167100,1298237.896367200
dynamic_sart_stimulus_offset__v=1__trial=889__condition=go__digit=2__block=4__phase=query__segment=session1_main__practice=0,1298238.176151700,1298238.176423900
dynamic_sart_response_window_close__v=1__trial=889__condition=go__digit=2__block=4__phase=query__segment=session1_main__practice=0,1298239.499568600,1298239.499880900
dynamic_sart_trial_complete__v=1__trial=889__condition=go__digit=2__block=4__phase=query__segment=session1_main__practice=0,1298239.499568600,1298239.508893300
dynamic_sart_stimulus_onset__v=1__trial=890__condition=go__digit=5__block=4__phase=query__segment=session1_main__practice=0,1298239.579453000,1298239.579659500
dynamic_sart_stimulus_offset__v=1__trial=890__condition=go__digit=5__block=4__phase=query__segment=session1_main__practice=0,1298239.855773400,1298239.855988100
dynamic_sart_response_window_close__v=1__trial=890__condition=go__digit=5__block=4__phase=query__segment=session1_main__practice=0,1298241.187134800,1298241.187363400
dynamic_sart_trial_complete__v=1__trial=890__condition=go__digit=5__block=4__phase=query__segment=session1_main__practice=0,1298241.187134800,1298241.196350000
dynamic_sart_stimulus_onset__v=1__trial=891__condition=no_go__digit=3__block=4__phase=query__segment=session1_main__practice=0,1298241.255013200,1298241.255224500
dynamic_sart_stimulus_offset__v=1__trial=891__condition=no_go__digit=3__block=4__phase=query__segment=session1_main__practice=0,1298241.540624700,1298241.540815700
dynamic_sart_response_window_close__v=1__trial=891__condition=no_go__digit=3__block=4__phase=query__segment=session1_main__practice=0,1298242.857401000,1298242.857734500
dynamic_sart_trial_complete__v=1__trial=891__condition=no_go__digit=3__block=4__phase=query__segment=session1_main__practice=0,1298242.857401000,1298242.865760400
dynamic_sart_stimulus_onset__v=1__trial=892__condition=go__digit=0__block=4__phase=query__segment=session1_main__practice=0,1298242.926042500,1298242.926276900
dynamic_sart_stimulus_offset__v=1__trial=892__condition=go__digit=0__block=4__phase=query__segment=session1_main__practice=0,1298243.200503400,1298243.201045400
dynamic_sart_response_window_close__v=1__trial=892__condition=go__digit=0__block=4__phase=query__segment=session1_main__practice=0,1298244.529518200,1298244.529733500
dynamic_sart_trial_complete__v=1__trial=892__condition=go__digit=0__block=4__phase=query__segment=session1_main__practice=0,1298244.529518200,1298244.539110900
dynamic_sart_stimulus_onset__v=1__trial=893__condition=go__digit=1__block=4__phase=query__segment=session1_main__practice=0,1298244.582228600,1298244.582431000
dynamic_sart_stimulus_offset__v=1__trial=893__condition=go__digit=1__block=4__phase=query__segment=session1_main__practice=0,1298244.858212300,1298244.858418300
dynamic_sart_response_window_close__v=1__trial=893__condition=go__digit=1__block=4__phase=query__segment=session1_main__practice=0,1298246.187736300,1298246.187951900
dynamic_sart_trial_complete__v=1__trial=893__condition=go__digit=1__block=4__phase=query__segment=session1_main__practice=0,1298246.187736300,1298246.196240500
dynamic_sart_stimulus_onset__v=1__trial=894__condition=go__digit=9__block=4__phase=query__segment=session1_main__practice=0,1298246.257160900,1298246.257382200
dynamic_sart_stimulus_offset__v=1__trial=894__condition=go__digit=9__block=4__phase=query__segment=session1_main__practice=0,1298246.530691900,1298246.530906900
dynamic_sart_response_window_close__v=1__trial=894__condition=go__digit=9__block=4__phase=query__segment=session1_main__practice=0,1298247.858975300,1298247.859187300
dynamic_sart_trial_complete__v=1__trial=894__condition=go__digit=9__block=4__phase=query__segment=session1_main__practice=0,1298247.858975300,1298247.870714100
dynamic_sart_stimulus_onset__v=1__trial=895__condition=go__digit=7__block=4__phase=query__segment=session1_main__practice=0,1298247.938330900,1298247.938557800
dynamic_sart_stimulus_offset__v=1__trial=895__condition=go__digit=7__block=4__phase=query__segment=session1_main__practice=0,1298248.217076100,1298248.217524900
dynamic_sart_response_window_close__v=1__trial=895__condition=go__digit=7__block=4__phase=query__segment=session1_main__practice=0,1298249.544646200,1298249.544912500
dynamic_sart_trial_complete__v=1__trial=895__condition=go__digit=7__block=4__phase=query__segment=session1_main__practice=0,1298249.544646200,1298249.553009300
dynamic_sart_stimulus_onset__v=1__trial=896__condition=go__digit=8__block=4__phase=query__segment=session1_main__practice=0,1298249.607506300,1298249.607780300
dynamic_sart_stimulus_offset__v=1__trial=896__condition=go__digit=8__block=4__phase=query__segment=session1_main__practice=0,1298249.889773400,1298249.889926700
dynamic_sart_response_window_close__v=1__trial=896__condition=go__digit=8__block=4__phase=query__segment=session1_main__practice=0,1298251.218416900,1298251.218685400
dynamic_sart_trial_complete__v=1__trial=896__condition=go__digit=8__block=4__phase=query__segment=session1_main__practice=0,1298251.218416900,1298251.227514500
dynamic_sart_stimulus_onset__v=1__trial=897__condition=go__digit=4__block=4__phase=query__segment=session1_main__practice=0,1298251.287661800,1298251.288274600
dynamic_sart_stimulus_offset__v=1__trial=897__condition=go__digit=4__block=4__phase=query__segment=session1_main__practice=0,1298251.545956900,1298251.546171900
dynamic_sart_response_window_close__v=1__trial=897__condition=go__digit=4__block=4__phase=query__segment=session1_main__practice=0,1298252.888530100,1298252.888759600
dynamic_sart_trial_complete__v=1__trial=897__condition=go__digit=4__block=4__phase=query__segment=session1_main__practice=0,1298252.888530100,1298252.896960600
dynamic_sart_stimulus_onset__v=1__trial=898__condition=no_go__digit=3__block=4__phase=query__segment=session1_main__practice=0,1298252.960030400,1298252.960274400
dynamic_sart_stimulus_offset__v=1__trial=898__condition=no_go__digit=3__block=4__phase=query__segment=session1_main__practice=0,1298253.235974100,1298253.236259400
dynamic_sart_response_window_close__v=1__trial=898__condition=no_go__digit=3__block=4__phase=query__segment=session1_main__practice=0,1298254.560381800,1298254.560651000
dynamic_sart_trial_complete__v=1__trial=898__condition=no_go__digit=3__block=4__phase=query__segment=session1_main__practice=0,1298254.560381800,1298254.568418200
dynamic_sart_stimulus_onset__v=1__trial=899__condition=go__digit=8__block=4__phase=query__segment=session1_main__practice=0,1298254.615680300,1298254.615885300
dynamic_sart_stimulus_offset__v=1__trial=899__condition=go__digit=8__block=4__phase=query__segment=session1_main__practice=0,1298254.883881600,1298254.884131000
dynamic_sart_response_window_close__v=1__trial=899__condition=go__digit=8__block=4__phase=query__segment=session1_main__practice=0,1298256.217347300,1298256.217627700
dynamic_sart_trial_complete__v=1__trial=899__condition=go__digit=8__block=4__phase=query__segment=session1_main__practice=0,1298256.217347300,1298256.226870500
dynamic_sart_stimulus_onset__v=1__trial=900__condition=go__digit=7__block=4__phase=query__segment=session1_main__practice=0,1298256.288775300,1298256.289373400
dynamic_sart_stimulus_offset__v=1__trial=900__condition=go__digit=7__block=4__phase=query__segment=session1_main__practice=0,1298256.548832100,1298256.549040100
dynamic_sart_response_window_close__v=1__trial=900__condition=go__digit=7__block=4__phase=query__segment=session1_main__practice=0,1298257.888637200,1298257.888854000
dynamic_sart_trial_complete__v=1__trial=900__condition=go__digit=7__block=4__phase=query__segment=session1_main__practice=0,1298257.888637200,1298257.898813100
dynamic_sart_stimulus_onset__v=1__trial=901__condition=go__digit=9__block=4__phase=query__segment=session1_main__practice=0,1298257.957583800,1298257.958114700
dynamic_sart_stimulus_offset__v=1__trial=901__condition=go__digit=9__block=4__phase=query__segment=session1_main__practice=0,1298258.225336000,1298258.225551400
dynamic_sart_response_window_close__v=1__trial=901__condition=go__digit=9__block=4__phase=query__segment=session1_main__practice=0,1298259.561865900,1298259.562119600
dynamic_sart_trial_complete__v=1__trial=901__condition=go__digit=9__block=4__phase=query__segment=session1_main__practice=0,1298259.561865900,1298259.570098400
dynamic_sart_stimulus_onset__v=1__trial=902__condition=go__digit=2__block=4__phase=query__segment=session1_main__practice=0,1298259.636820400,1298259.637397700
dynamic_sart_stimulus_offset__v=1__trial=902__condition=go__digit=2__block=4__phase=query__segment=session1_main__practice=0,1298259.897480000,1298259.897704100
dynamic_sart_response_window_close__v=1__trial=902__condition=go__digit=2__block=4__phase=query__segment=session1_main__practice=0,1298261.234396600,1298261.234638000
dynamic_sart_trial_complete__v=1__trial=902__condition=go__digit=2__block=4__phase=query__segment=session1_main__practice=0,1298261.234396600,1298261.244425800
dynamic_sart_stimulus_onset__v=1__trial=903__condition=go__digit=5__block=4__phase=query__segment=session1_main__practice=0,1298261.308866400,1298261.309082000
dynamic_sart_stimulus_offset__v=1__trial=903__condition=go__digit=5__block=4__phase=query__segment=session1_main__practice=0,1298261.572084200,1298261.572303800
dynamic_sart_response_window_close__v=1__trial=903__condition=go__digit=5__block=4__phase=query__segment=session1_main__practice=0,1298262.904337200,1298262.904601800
dynamic_sart_trial_complete__v=1__trial=903__condition=go__digit=5__block=4__phase=query__segment=session1_main__practice=0,1298262.904337200,1298262.912439800
dynamic_sart_stimulus_onset__v=1__trial=904__condition=go__digit=1__block=4__phase=query__segment=session1_main__practice=0,1298262.973413800,1298262.973799000
dynamic_sart_stimulus_offset__v=1__trial=904__condition=go__digit=1__block=4__phase=query__segment=session1_main__practice=0,1298263.247905300,1298263.248062100
dynamic_sart_response_window_close__v=1__trial=904__condition=go__digit=1__block=4__phase=query__segment=session1_main__practice=0,1298264.575870000,1298264.576079400
dynamic_sart_trial_complete__v=1__trial=904__condition=go__digit=1__block=4__phase=query__segment=session1_main__practice=0,1298264.575870000,1298264.584784200
dynamic_sart_stimulus_onset__v=1__trial=905__condition=no_go__digit=3__block=4__phase=query__segment=session1_main__practice=0,1298264.638237300,1298264.638504000
dynamic_sart_stimulus_offset__v=1__trial=905__condition=no_go__digit=3__block=4__phase=query__segment=session1_main__practice=0,1298264.898334800,1298264.898934800
dynamic_sart_response_window_close__v=1__trial=905__condition=no_go__digit=3__block=4__phase=query__segment=session1_main__practice=0,1298266.235152100,1298266.235496400
dynamic_sart_trial_complete__v=1__trial=905__condition=no_go__digit=3__block=4__phase=query__segment=session1_main__practice=0,1298266.235152100,1298266.244110500
dynamic_sart_stimulus_onset__v=1__trial=906__condition=go__digit=0__block=4__phase=query__segment=session1_main__practice=0,1298266.299670300,1298266.299875300
dynamic_sart_stimulus_offset__v=1__trial=906__condition=go__digit=0__block=4__phase=query__segment=session1_main__practice=0,1298266.571218200,1298266.571437800
dynamic_sart_response_window_close__v=1__trial=906__condition=go__digit=0__block=4__phase=query__segment=session1_main__practice=0,1298267.906041400,1298267.906265500
dynamic_sart_trial_complete__v=1__trial=906__condition=go__digit=0__block=4__phase=query__segment=session1_main__practice=0,1298267.906041400,1298267.917370500
dynamic_sart_stimulus_onset__v=1__trial=907__condition=go__digit=4__block=4__phase=query__segment=session1_main__practice=0,1298267.988700300,1298267.988924800
dynamic_sart_stimulus_offset__v=1__trial=907__condition=go__digit=4__block=4__phase=query__segment=session1_main__practice=0,1298268.266764900,1298268.266985600
dynamic_sart_response_window_close__v=1__trial=907__condition=go__digit=4__block=4__phase=query__segment=session1_main__practice=0,1298269.592540600,1298269.592779700
dynamic_sart_trial_complete__v=1__trial=907__condition=go__digit=4__block=4__phase=query__segment=session1_main__practice=0,1298269.592540600,1298269.601054000
dynamic_sart_stimulus_onset__v=1__trial=908__condition=go__digit=6__block=4__phase=query__segment=session1_main__practice=0,1298269.665454900,1298269.665679900
dynamic_sart_stimulus_offset__v=1__trial=908__condition=go__digit=6__block=4__phase=query__segment=session1_main__practice=0,1298269.934536200,1298269.934743400
dynamic_sart_response_window_close__v=1__trial=908__condition=go__digit=6__block=4__phase=query__segment=session1_main__practice=0,1298271.265501400,1298271.265741200
dynamic_sart_trial_complete__v=1__trial=908__condition=go__digit=6__block=4__phase=query__segment=session1_main__practice=0,1298271.265501400,1298271.275687600
dynamic_sart_stimulus_onset__v=1__trial=909__condition=go__digit=8__block=4__phase=query__segment=session1_main__practice=0,1298271.349817900,1298271.350014300
dynamic_sart_stimulus_offset__v=1__trial=909__condition=go__digit=8__block=4__phase=query__segment=session1_main__practice=0,1298271.610349000,1298271.610574900
dynamic_sart_response_window_close__v=1__trial=909__condition=go__digit=8__block=4__phase=query__segment=session1_main__practice=0,1298272.953205000,1298272.953438200
dynamic_sart_trial_complete__v=1__trial=909__condition=go__digit=8__block=4__phase=query__segment=session1_main__practice=0,1298272.953205000,1298272.961836200
dynamic_sart_stimulus_onset__v=1__trial=910__condition=go__digit=4__block=4__phase=query__segment=session1_main__practice=0,1298273.016521600,1298273.016729100
dynamic_sart_stimulus_offset__v=1__trial=910__condition=go__digit=4__block=4__phase=query__segment=session1_main__practice=0,1298273.292109000,1298273.292340500
dynamic_sart_response_window_close__v=1__trial=910__condition=go__digit=4__block=4__phase=query__segment=session1_main__practice=0,1298274.624327900,1298274.624578100
dynamic_sart_trial_complete__v=1__trial=910__condition=go__digit=4__block=4__phase=query__segment=session1_main__practice=0,1298274.624327900,1298274.632450100
dynamic_sart_stimulus_onset__v=1__trial=911__condition=go__digit=7__block=4__phase=query__segment=session1_main__practice=0,1298274.698025800,1298274.698206400
dynamic_sart_stimulus_offset__v=1__trial=911__condition=go__digit=7__block=4__phase=query__segment=session1_main__practice=0,1298274.974541900,1298274.974758500
dynamic_sart_response_window_close__v=1__trial=911__condition=go__digit=7__block=4__phase=query__segment=session1_main__practice=0,1298276.296403800,1298276.296650600
dynamic_sart_trial_complete__v=1__trial=911__condition=go__digit=7__block=4__phase=query__segment=session1_main__practice=0,1298276.296403800,1298276.304493700
dynamic_sart_stimulus_onset__v=1__trial=912__condition=no_go__digit=3__block=4__phase=query__segment=session1_main__practice=0,1298276.373550900,1298276.373810000
dynamic_sart_stimulus_offset__v=1__trial=912__condition=no_go__digit=3__block=4__phase=query__segment=session1_main__practice=0,1298276.661775300,1298276.662000100
dynamic_sart_response_window_close__v=1__trial=912__condition=no_go__digit=3__block=4__phase=query__segment=session1_main__practice=0,1298277.982813300,1298277.983033700
dynamic_sart_trial_complete__v=1__trial=912__condition=no_go__digit=3__block=4__phase=query__segment=session1_main__practice=0,1298277.982813300,1298277.994981900
dynamic_sart_stimulus_onset__v=1__trial=913__condition=go__digit=6__block=4__phase=query__segment=session1_main__practice=0,1298278.054298800,1298278.054522100
dynamic_sart_stimulus_offset__v=1__trial=913__condition=go__digit=6__block=4__phase=query__segment=session1_main__practice=0,1298278.325729500,1298278.326149600
dynamic_sart_response_window_close__v=1__trial=913__condition=go__digit=6__block=4__phase=query__segment=session1_main__practice=0,1298279.654195600,1298279.654403300
dynamic_sart_trial_complete__v=1__trial=913__condition=go__digit=6__block=4__phase=query__segment=session1_main__practice=0,1298279.654195600,1298279.663013300
dynamic_sart_stimulus_onset__v=1__trial=914__condition=go__digit=5__block=4__phase=query__segment=session1_main__practice=0,1298279.722447800,1298279.722672700
dynamic_sart_stimulus_offset__v=1__trial=914__condition=go__digit=5__block=4__phase=query__segment=session1_main__practice=0,1298280.003675800,1298280.003916000
dynamic_sart_response_window_close__v=1__trial=914__condition=go__digit=5__block=4__phase=query__segment=session1_main__practice=0,1298281.327681200,1298281.327914300
dynamic_sart_trial_complete__v=1__trial=914__condition=go__digit=5__block=4__phase=query__segment=session1_main__practice=0,1298281.327681200,1298281.336297800
dynamic_sart_stimulus_onset__v=1__trial=915__condition=go__digit=1__block=4__phase=query__segment=session1_main__practice=0,1298281.404218200,1298281.404495200
dynamic_sart_stimulus_offset__v=1__trial=915__condition=go__digit=1__block=4__phase=query__segment=session1_main__practice=0,1298281.683621500,1298281.683903000
dynamic_sart_response_window_close__v=1__trial=915__condition=go__digit=1__block=4__phase=query__segment=session1_main__practice=0,1298283.015366700,1298283.015595800
dynamic_sart_trial_complete__v=1__trial=915__condition=go__digit=1__block=4__phase=query__segment=session1_main__practice=0,1298283.015366700,1298283.023977800
dynamic_sart_stimulus_onset__v=1__trial=916__condition=go__digit=9__block=4__phase=query__segment=session1_main__practice=0,1298283.082337300,1298283.082913100
dynamic_sart_stimulus_offset__v=1__trial=916__condition=go__digit=9__block=4__phase=query__segment=session1_main__practice=0,1298283.348104900,1298283.348320000
dynamic_sart_response_window_close__v=1__trial=916__condition=go__digit=9__block=4__phase=query__segment=session1_main__practice=0,1298284.686316000,1298284.686518900
dynamic_sart_trial_complete__v=1__trial=916__condition=go__digit=9__block=4__phase=query__segment=session1_main__practice=0,1298284.686316000,1298284.694669500
dynamic_sart_stimulus_onset__v=1__trial=917__condition=go__digit=2__block=4__phase=query__segment=session1_main__practice=0,1298284.750108000,1298284.750329600
dynamic_sart_stimulus_offset__v=1__trial=917__condition=go__digit=2__block=4__phase=query__segment=session1_main__practice=0,1298285.033242600,1298285.033527500
dynamic_sart_response_window_close__v=1__trial=917__condition=go__digit=2__block=4__phase=query__segment=session1_main__practice=0,1298286.357295400,1298286.357530500
dynamic_sart_trial_complete__v=1__trial=917__condition=go__digit=2__block=4__phase=query__segment=session1_main__practice=0,1298286.357295400,1298286.366238400
dynamic_sart_stimulus_onset__v=1__trial=918__condition=no_go__digit=3__block=4__phase=query__segment=session1_main__practice=0,1298286.419851600,1298286.420077500
dynamic_sart_stimulus_offset__v=1__trial=918__condition=no_go__digit=3__block=4__phase=query__segment=session1_main__practice=0,1298286.680944200,1298286.681176300
dynamic_sart_response_window_close__v=1__trial=918__condition=no_go__digit=3__block=4__phase=query__segment=session1_main__practice=0,1298288.014649400,1298288.014887200
dynamic_sart_trial_complete__v=1__trial=918__condition=no_go__digit=3__block=4__phase=query__segment=session1_main__practice=0,1298288.014649400,1298288.027257300
dynamic_sart_stimulus_onset__v=1__trial=919__condition=go__digit=0__block=4__phase=query__segment=session1_main__practice=0,1298288.093030400,1298288.093274000
dynamic_sart_stimulus_offset__v=1__trial=919__condition=go__digit=0__block=4__phase=query__segment=session1_main__practice=0,1298288.363482000,1298288.363673400
dynamic_sart_response_window_close__v=1__trial=919__condition=go__digit=0__block=4__phase=query__segment=session1_main__practice=0,1298289.701104700,1298289.701319000
dynamic_sart_trial_complete__v=1__trial=919__condition=go__digit=0__block=4__phase=query__segment=session1_main__practice=0,1298289.701104700,1298289.709806400
dynamic_sart_stimulus_onset__v=1__trial=920__condition=go__digit=8__block=4__phase=query__segment=session1_main__practice=0,1298289.773655000,1298289.773892200
dynamic_sart_stimulus_offset__v=1__trial=920__condition=go__digit=8__block=4__phase=query__segment=session1_main__practice=0,1298290.029047100,1298290.029255100
dynamic_sart_response_window_close__v=1__trial=920__condition=go__digit=8__block=4__phase=query__segment=session1_main__practice=0,1298291.374798100,1298291.375011200
dynamic_sart_trial_complete__v=1__trial=920__condition=go__digit=8__block=4__phase=query__segment=session1_main__practice=0,1298291.374798100,1298291.383255600
dynamic_sart_stimulus_onset__v=1__trial=921__condition=go__digit=6__block=4__phase=query__segment=session1_main__practice=0,1298291.432977300,1298291.433186300
dynamic_sart_stimulus_offset__v=1__trial=921__condition=go__digit=6__block=4__phase=query__segment=session1_main__practice=0,1298291.699518400,1298291.699845500
dynamic_sart_response_window_close__v=1__trial=921__condition=go__digit=6__block=4__phase=query__segment=session1_main__practice=0,1298293.030395300,1298293.030635000
dynamic_sart_trial_complete__v=1__trial=921__condition=go__digit=6__block=4__phase=query__segment=session1_main__practice=0,1298293.030395300,1298293.040643700
dynamic_sart_stimulus_onset__v=1__trial=922__condition=go__digit=0__block=4__phase=query__segment=session1_main__practice=0,1298293.097403200,1298293.097552600
dynamic_sart_stimulus_offset__v=1__trial=922__condition=go__digit=0__block=4__phase=query__segment=session1_main__practice=0,1298293.376445400,1298293.376676300
dynamic_sart_response_window_close__v=1__trial=922__condition=go__digit=0__block=4__phase=query__segment=session1_main__practice=0,1298294.701206300,1298294.701405400
dynamic_sart_trial_complete__v=1__trial=922__condition=go__digit=0__block=4__phase=query__segment=session1_main__practice=0,1298294.701206300,1298294.709395700
dynamic_sart_stimulus_onset__v=1__trial=923__condition=go__digit=7__block=4__phase=query__segment=session1_main__practice=0,1298294.788366900,1298294.788592300
dynamic_sart_stimulus_offset__v=1__trial=923__condition=go__digit=7__block=4__phase=query__segment=session1_main__practice=0,1298295.055775000,1298295.056132100
dynamic_sart_response_window_close__v=1__trial=923__condition=go__digit=7__block=4__phase=query__segment=session1_main__practice=0,1298296.391526500,1298296.391785600
dynamic_sart_trial_complete__v=1__trial=923__condition=go__digit=7__block=4__phase=query__segment=session1_main__practice=0,1298296.391526500,1298296.398894600
dynamic_sart_stimulus_onset__v=1__trial=924__condition=go__digit=4__block=4__phase=query__segment=session1_main__practice=0,1298296.457424200,1298296.457698700
dynamic_sart_stimulus_offset__v=1__trial=924__condition=go__digit=4__block=4__phase=query__segment=session1_main__practice=0,1298296.729762500,1298296.730177200
dynamic_sart_response_window_close__v=1__trial=924__condition=go__digit=4__block=4__phase=query__segment=session1_main__practice=0,1298298.061089100,1298298.061320100
dynamic_sart_trial_complete__v=1__trial=924__condition=go__digit=4__block=4__phase=query__segment=session1_main__practice=0,1298298.061089100,1298298.076026400
dynamic_sart_stimulus_onset__v=1__trial=925__condition=no_go__digit=3__block=4__phase=query__segment=session1_main__practice=0,1298298.138251900,1298298.138471900
dynamic_sart_stimulus_offset__v=1__trial=925__condition=no_go__digit=3__block=4__phase=query__segment=session1_main__practice=0,1298298.402413300,1298298.402701400
dynamic_sart_response_window_close__v=1__trial=925__condition=no_go__digit=3__block=4__phase=query__segment=session1_main__practice=0,1298299.732737300,1298299.732922900
dynamic_sart_trial_complete__v=1__trial=925__condition=no_go__digit=3__block=4__phase=query__segment=session1_main__practice=0,1298299.732737300,1298299.742193200
dynamic_sart_stimulus_onset__v=1__trial=926__condition=go__digit=2__block=4__phase=query__segment=session1_main__practice=0,1298299.805313600,1298299.805569200
dynamic_sart_stimulus_offset__v=1__trial=926__condition=go__digit=2__block=4__phase=query__segment=session1_main__practice=0,1298300.071913000,1298300.072138800
dynamic_sart_response_window_close__v=1__trial=926__condition=go__digit=2__block=4__phase=query__segment=session1_main__practice=0,1298301.403958400,1298301.404164000
dynamic_sart_trial_complete__v=1__trial=926__condition=go__digit=2__block=4__phase=query__segment=session1_main__practice=0,1298301.403958400,1298301.412217200
dynamic_sart_stimulus_onset__v=1__trial=927__condition=go__digit=9__block=4__phase=query__segment=session1_main__practice=0,1298301.466474800,1298301.466718800
dynamic_sart_stimulus_offset__v=1__trial=927__condition=go__digit=9__block=4__phase=query__segment=session1_main__practice=0,1298301.733658000,1298301.733878000
dynamic_sart_response_window_close__v=1__trial=927__condition=go__digit=9__block=4__phase=query__segment=session1_main__practice=0,1298303.062642200,1298303.062870700
dynamic_sart_trial_complete__v=1__trial=927__condition=go__digit=9__block=4__phase=query__segment=session1_main__practice=0,1298303.062642200,1298303.071123600
dynamic_sart_stimulus_onset__v=1__trial=928__condition=go__digit=5__block=4__phase=query__segment=session1_main__practice=0,1298303.123635600,1298303.123871300
dynamic_sart_stimulus_offset__v=1__trial=928__condition=go__digit=5__block=4__phase=query__segment=session1_main__practice=0,1298303.405165200,1298303.405720700
dynamic_sart_response_window_close__v=1__trial=928__condition=go__digit=5__block=4__phase=query__segment=session1_main__practice=0,1298304.732482800,1298304.732682300
dynamic_sart_trial_complete__v=1__trial=928__condition=go__digit=5__block=4__phase=query__segment=session1_main__practice=0,1298304.732482800,1298304.741399400
dynamic_sart_stimulus_onset__v=1__trial=929__condition=go__digit=1__block=4__phase=query__segment=session1_main__practice=0,1298304.797867300,1298304.798098900
dynamic_sart_stimulus_offset__v=1__trial=929__condition=go__digit=1__block=4__phase=query__segment=session1_main__practice=0,1298305.066373400,1298305.066604400
dynamic_sart_response_window_close__v=1__trial=929__condition=go__digit=1__block=4__phase=query__segment=session1_main__practice=0,1298306.404441300,1298306.404697600
dynamic_sart_trial_complete__v=1__trial=929__condition=go__digit=1__block=4__phase=query__segment=session1_main__practice=0,1298306.404441300,1298306.412886900
dynamic_sart_stimulus_onset__v=1__trial=930__condition=go__digit=2__block=4__phase=query__segment=session1_main__practice=0,1298306.466476800,1298306.466715900
dynamic_sart_stimulus_offset__v=1__trial=930__condition=go__digit=2__block=4__phase=query__segment=session1_main__practice=0,1298306.740440700,1298306.740677500
dynamic_sart_response_window_close__v=1__trial=930__condition=go__digit=2__block=4__phase=query__segment=session1_main__practice=0,1298308.061429700,1298308.061659100
dynamic_sart_trial_complete__v=1__trial=930__condition=go__digit=2__block=4__phase=query__segment=session1_main__practice=0,1298308.061429700,1298308.069966800
dynamic_sart_stimulus_onset__v=1__trial=931__condition=go__digit=0__block=4__phase=query__segment=session1_main__practice=0,1298308.150403100,1298308.151242300
dynamic_sart_stimulus_offset__v=1__trial=931__condition=go__digit=0__block=4__phase=query__segment=session1_main__practice=0,1298308.419479000,1298308.419708000
dynamic_sart_response_window_close__v=1__trial=931__condition=go__digit=0__block=4__phase=query__segment=session1_main__practice=0,1298309.750545200,1298309.750765400
dynamic_sart_trial_complete__v=1__trial=931__condition=go__digit=0__block=4__phase=query__segment=session1_main__practice=0,1298309.750545200,1298309.759400200
dynamic_sart_stimulus_onset__v=1__trial=932__condition=no_go__digit=3__block=4__phase=query__segment=session1_main__practice=0,1298309.807639300,1298309.807832800
dynamic_sart_stimulus_offset__v=1__trial=932__condition=no_go__digit=3__block=4__phase=query__segment=session1_main__practice=0,1298310.060390900,1298310.060610600
dynamic_sart_response_window_close__v=1__trial=932__condition=no_go__digit=3__block=4__phase=query__segment=session1_main__practice=0,1298311.404652500,1298311.404846200
dynamic_sart_trial_complete__v=1__trial=932__condition=no_go__digit=3__block=4__phase=query__segment=session1_main__practice=0,1298311.404652500,1298311.414329400
dynamic_sart_stimulus_onset__v=1__trial=933__condition=go__digit=1__block=4__phase=query__segment=session1_main__practice=0,1298311.464218900,1298311.464422200
dynamic_sart_stimulus_offset__v=1__trial=933__condition=go__digit=1__block=4__phase=query__segment=session1_main__practice=0,1298311.736584500,1298311.736721500
dynamic_sart_response_window_close__v=1__trial=933__condition=go__digit=1__block=4__phase=query__segment=session1_main__practice=0,1298313.061529800,1298313.061764600
dynamic_sart_trial_complete__v=1__trial=933__condition=go__digit=1__block=4__phase=query__segment=session1_main__practice=0,1298313.061529800,1298313.070034900
dynamic_sart_stimulus_onset__v=1__trial=934__condition=go__digit=6__block=4__phase=query__segment=session1_main__practice=0,1298313.121488800,1298313.121718100
dynamic_sart_stimulus_offset__v=1__trial=934__condition=go__digit=6__block=4__phase=query__segment=session1_main__practice=0,1298313.388544000,1298313.388788500
dynamic_sart_response_window_close__v=1__trial=934__condition=go__digit=6__block=4__phase=query__segment=session1_main__practice=0,1298314.717816400,1298314.718046100
dynamic_sart_trial_complete__v=1__trial=934__condition=go__digit=6__block=4__phase=query__segment=session1_main__practice=0,1298314.717816400,1298314.727799400
dynamic_sart_stimulus_onset__v=1__trial=935__condition=go__digit=5__block=4__phase=query__segment=session1_main__practice=0,1298314.791684600,1298314.791997700
dynamic_sart_stimulus_offset__v=1__trial=935__condition=go__digit=5__block=4__phase=query__segment=session1_main__practice=0,1298315.046425600,1298315.046833200
dynamic_sart_response_window_close__v=1__trial=935__condition=go__digit=5__block=4__phase=query__segment=session1_main__practice=0,1298316.390337400,1298316.390568800
dynamic_sart_trial_complete__v=1__trial=935__condition=go__digit=5__block=4__phase=query__segment=session1_main__practice=0,1298316.390337400,1298316.398806900
dynamic_sart_stimulus_onset__v=1__trial=936__condition=go__digit=9__block=4__phase=query__segment=session1_main__practice=0,1298316.458041700,1298316.458261500
dynamic_sart_stimulus_offset__v=1__trial=936__condition=go__digit=9__block=4__phase=query__segment=session1_main__practice=0,1298316.740974900,1298316.741195500
dynamic_sart_response_window_close__v=1__trial=936__condition=go__digit=9__block=4__phase=query__segment=session1_main__practice=0,1298318.060195800,1298318.060421700
dynamic_sart_trial_complete__v=1__trial=936__condition=go__digit=9__block=4__phase=query__segment=session1_main__practice=0,1298318.060195800,1298318.068870900
dynamic_sart_stimulus_onset__v=1__trial=937__condition=go__digit=4__block=4__phase=query__segment=session1_main__practice=0,1298318.137982500,1298318.138205000
dynamic_sart_stimulus_offset__v=1__trial=937__condition=go__digit=4__block=4__phase=query__segment=session1_main__practice=0,1298318.403060900,1298318.403315600
dynamic_sart_response_window_close__v=1__trial=937__condition=go__digit=4__block=4__phase=query__segment=session1_main__practice=0,1298319.733963000,1298319.734395200
dynamic_sart_trial_complete__v=1__trial=937__condition=go__digit=4__block=4__phase=query__segment=session1_main__practice=0,1298319.733963000,1298319.742626000
dynamic_sart_stimulus_onset__v=1__trial=938__condition=go__digit=8__block=4__phase=query__segment=session1_main__practice=0,1298319.809462900,1298319.809684600
dynamic_sart_stimulus_offset__v=1__trial=938__condition=go__digit=8__block=4__phase=query__segment=session1_main__practice=0,1298320.066719900,1298320.066939200
dynamic_sart_response_window_close__v=1__trial=938__condition=go__digit=8__block=4__phase=query__segment=session1_main__practice=0,1298321.406114500,1298321.406357200
dynamic_sart_trial_complete__v=1__trial=938__condition=go__digit=8__block=4__phase=query__segment=session1_main__practice=0,1298321.406114500,1298321.415335800
dynamic_sart_stimulus_onset__v=1__trial=939__condition=no_go__digit=3__block=4__phase=query__segment=session1_main__practice=0,1298321.464342300,1298321.464488300
dynamic_sart_stimulus_offset__v=1__trial=939__condition=no_go__digit=3__block=4__phase=query__segment=session1_main__practice=0,1298321.737646400,1298321.737876200
dynamic_sart_response_window_close__v=1__trial=939__condition=no_go__digit=3__block=4__phase=query__segment=session1_main__practice=0,1298323.062106900,1298323.062315400
dynamic_sart_trial_complete__v=1__trial=939__condition=no_go__digit=3__block=4__phase=query__segment=session1_main__practice=0,1298323.062106900,1298323.071515700
dynamic_sart_stimulus_onset__v=1__trial=940__condition=go__digit=7__block=4__phase=query__segment=session1_main__practice=0,1298323.138288000,1298323.138530500
dynamic_sart_stimulus_offset__v=1__trial=940__condition=go__digit=7__block=4__phase=query__segment=session1_main__practice=0,1298323.409609800,1298323.409895000
dynamic_sart_response_window_close__v=1__trial=940__condition=go__digit=7__block=4__phase=query__segment=session1_main__practice=0,1298324.733068400,1298324.733290700
dynamic_sart_trial_complete__v=1__trial=940__condition=go__digit=7__block=4__phase=query__segment=session1_main__practice=0,1298324.733068400,1298324.742591600
dynamic_sart_stimulus_onset__v=1__trial=941__condition=go__digit=5__block=4__phase=query__segment=session1_main__practice=0,1298324.805594300,1298324.805906100
dynamic_sart_stimulus_offset__v=1__trial=941__condition=go__digit=5__block=4__phase=query__segment=session1_main__practice=0,1298325.071906500,1298325.072156600
dynamic_sart_response_window_close__v=1__trial=941__condition=go__digit=5__block=4__phase=query__segment=session1_main__practice=0,1298326.405179900,1298326.405415100
dynamic_sart_trial_complete__v=1__trial=941__condition=go__digit=5__block=4__phase=query__segment=session1_main__practice=0,1298326.405179900,1298326.415519700
dynamic_sart_stimulus_onset__v=1__trial=942__condition=go__digit=0__block=4__phase=query__segment=session1_main__practice=0,1298326.465545100,1298326.465799700
dynamic_sart_stimulus_offset__v=1__trial=942__condition=go__digit=0__block=4__phase=query__segment=session1_main__practice=0,1298326.741610100,1298326.741921400
dynamic_sart_response_window_close__v=1__trial=942__condition=go__digit=0__block=4__phase=query__segment=session1_main__practice=0,1298328.061132800,1298328.061340000
dynamic_sart_trial_complete__v=1__trial=942__condition=go__digit=0__block=4__phase=query__segment=session1_main__practice=0,1298328.061132800,1298328.071429200
dynamic_sart_stimulus_onset__v=1__trial=943__condition=go__digit=2__block=4__phase=query__segment=session1_main__practice=0,1298328.133915500,1298328.134063400
dynamic_sart_stimulus_offset__v=1__trial=943__condition=go__digit=2__block=4__phase=query__segment=session1_main__practice=0,1298328.397965400,1298328.398467500
dynamic_sart_response_window_close__v=1__trial=943__condition=go__digit=2__block=4__phase=query__segment=session1_main__practice=0,1298329.733532600,1298329.733790100
dynamic_sart_trial_complete__v=1__trial=943__condition=go__digit=2__block=4__phase=query__segment=session1_main__practice=0,1298329.733532600,1298329.745221800
dynamic_sart_stimulus_onset__v=1__trial=944__condition=go__digit=1__block=4__phase=query__segment=session1_main__practice=0,1298329.792471100,1298329.792675400
dynamic_sart_stimulus_offset__v=1__trial=944__condition=go__digit=1__block=4__phase=query__segment=session1_main__practice=0,1298330.042947100,1298330.043156100
dynamic_sart_response_window_close__v=1__trial=944__condition=go__digit=1__block=4__phase=query__segment=session1_main__practice=0,1298331.389475100,1298331.389677300
dynamic_sart_trial_complete__v=1__trial=944__condition=go__digit=1__block=4__phase=query__segment=session1_main__practice=0,1298331.389475100,1298331.397860000
dynamic_sart_stimulus_onset__v=1__trial=945__condition=go__digit=7__block=4__phase=query__segment=session1_main__practice=0,1298331.464905000,1298331.465055700
dynamic_sart_stimulus_offset__v=1__trial=945__condition=go__digit=7__block=4__phase=query__segment=session1_main__practice=0,1298331.740182700,1298331.740440100
dynamic_sart_response_window_close__v=1__trial=945__condition=go__digit=7__block=4__phase=query__segment=session1_main__practice=0,1298333.061222200,1298333.061455700
dynamic_sart_trial_complete__v=1__trial=945__condition=go__digit=7__block=4__phase=query__segment=session1_main__practice=0,1298333.061222200,1298333.070240800
dynamic_sart_stimulus_onset__v=1__trial=946__condition=no_go__digit=3__block=4__phase=query__segment=session1_main__practice=0,1298333.138409900,1298333.138628700
dynamic_sart_stimulus_offset__v=1__trial=946__condition=no_go__digit=3__block=4__phase=query__segment=session1_main__practice=0,1298333.410226300,1298333.410460200
dynamic_sart_response_window_close__v=1__trial=946__condition=no_go__digit=3__block=4__phase=query__segment=session1_main__practice=0,1298334.732396500,1298334.732611300
dynamic_sart_trial_complete__v=1__trial=946__condition=no_go__digit=3__block=4__phase=query__segment=session1_main__practice=0,1298334.732396500,1298334.741198600
dynamic_sart_stimulus_onset__v=1__trial=947__condition=go__digit=6__block=4__phase=query__segment=session1_main__practice=0,1298334.799231300,1298334.799530000
dynamic_sart_stimulus_offset__v=1__trial=947__condition=go__digit=6__block=4__phase=query__segment=session1_main__practice=0,1298335.066618100,1298335.066852800
dynamic_sart_response_window_close__v=1__trial=947__condition=go__digit=6__block=4__phase=query__segment=session1_main__practice=0,1298336.404094000,1298336.404303500
dynamic_sart_trial_complete__v=1__trial=947__condition=go__digit=6__block=4__phase=query__segment=session1_main__practice=0,1298336.404094000,1298336.412733500
dynamic_sart_stimulus_onset__v=1__trial=948__condition=go__digit=4__block=4__phase=query__segment=session1_main__practice=0,1298336.466580500,1298336.466790400
dynamic_sart_stimulus_offset__v=1__trial=948__condition=go__digit=4__block=4__phase=query__segment=session1_main__practice=0,1298336.733562000,1298336.733779600
dynamic_sart_response_window_close__v=1__trial=948__condition=go__digit=4__block=4__phase=query__segment=session1_main__practice=0,1298338.060979700,1298338.061199500
dynamic_sart_trial_complete__v=1__trial=948__condition=go__digit=4__block=4__phase=query__segment=session1_main__practice=0,1298338.060979700,1298338.071249700
dynamic_sart_stimulus_onset__v=1__trial=949__condition=go__digit=9__block=4__phase=query__segment=session1_main__practice=0,1298338.140996200,1298338.141300200
dynamic_sart_stimulus_offset__v=1__trial=949__condition=go__digit=9__block=4__phase=query__segment=session1_main__practice=0,1298338.421578200,1298338.421993200
dynamic_sart_response_window_close__v=1__trial=949__condition=go__digit=9__block=4__phase=query__segment=session1_main__practice=0,1298339.749086300,1298339.749348700
dynamic_sart_trial_complete__v=1__trial=949__condition=go__digit=9__block=4__phase=query__segment=session1_main__practice=0,1298339.749086300,1298339.760815700
dynamic_sart_stimulus_onset__v=1__trial=950__condition=go__digit=8__block=4__phase=query__segment=session1_main__practice=0,1298339.821811800,1298339.822051000
dynamic_sart_stimulus_offset__v=1__trial=950__condition=go__digit=8__block=4__phase=query__segment=session1_main__practice=0,1298340.086119900,1298340.086331900
dynamic_sart_response_window_close__v=1__trial=950__condition=go__digit=8__block=4__phase=query__segment=session1_main__practice=0,1298341.420202700,1298341.420495800
dynamic_sart_trial_complete__v=1__trial=950__condition=go__digit=8__block=4__phase=query__segment=session1_main__practice=0,1298341.420202700,1298341.428750800
dynamic_sart_stimulus_onset__v=1__trial=951__condition=go__digit=1__block=4__phase=query__segment=session1_main__practice=0,1298341.505212600,1298341.505462300
dynamic_sart_stimulus_offset__v=1__trial=951__condition=go__digit=1__block=4__phase=query__segment=session1_main__practice=0,1298341.783019600,1298341.783241100
dynamic_sart_response_window_close__v=1__trial=951__condition=go__digit=1__block=4__phase=query__segment=session1_main__practice=0,1298343.107818100,1298343.108089900
dynamic_sart_trial_complete__v=1__trial=951__condition=go__digit=1__block=4__phase=query__segment=session1_main__practice=0,1298343.107818100,1298343.116804700
dynamic_sart_stimulus_onset__v=1__trial=952__condition=no_go__digit=3__block=4__phase=query__segment=session1_main__practice=0,1298343.173514400,1298343.173738500
dynamic_sart_stimulus_offset__v=1__trial=952__condition=no_go__digit=3__block=4__phase=query__segment=session1_main__practice=0,1298343.452392200,1298343.452669200
dynamic_sart_response_window_close__v=1__trial=952__condition=no_go__digit=3__block=4__phase=query__segment=session1_main__practice=0,1298344.782020500,1298344.782250400
dynamic_sart_trial_complete__v=1__trial=952__condition=no_go__digit=3__block=4__phase=query__segment=session1_main__practice=0,1298344.782020500,1298344.792298800
dynamic_sart_stimulus_onset__v=1__trial=953__condition=go__digit=4__block=4__phase=query__segment=session1_main__practice=0,1298344.856690300,1298344.857135700
dynamic_sart_stimulus_offset__v=1__trial=953__condition=go__digit=4__block=4__phase=query__segment=session1_main__practice=0,1298345.116563000,1298345.116802100
dynamic_sart_response_window_close__v=1__trial=953__condition=go__digit=4__block=4__phase=query__segment=session1_main__practice=0,1298346.453917800,1298346.454127900
dynamic_sart_trial_complete__v=1__trial=953__condition=go__digit=4__block=4__phase=query__segment=session1_main__practice=0,1298346.453917800,1298346.462503800
dynamic_sart_stimulus_onset__v=1__trial=954__condition=go__digit=6__block=4__phase=query__segment=session1_main__practice=0,1298346.520118700,1298346.520498400
dynamic_sart_stimulus_offset__v=1__trial=954__condition=go__digit=6__block=4__phase=query__segment=session1_main__practice=0,1298346.780338500,1298346.780571600
dynamic_sart_response_window_close__v=1__trial=954__condition=go__digit=6__block=4__phase=query__segment=session1_main__practice=0,1298348.123103600,1298348.123349800
dynamic_sart_trial_complete__v=1__trial=954__condition=go__digit=6__block=4__phase=query__segment=session1_main__practice=0,1298348.123103600,1298348.132081800
dynamic_sart_stimulus_onset__v=1__trial=955__condition=go__digit=5__block=4__phase=query__segment=session1_main__practice=0,1298348.191344300,1298348.191918600
dynamic_sart_stimulus_offset__v=1__trial=955__condition=go__digit=5__block=4__phase=query__segment=session1_main__practice=0,1298348.469409700,1298348.469619400
dynamic_sart_response_window_close__v=1__trial=955__condition=go__digit=5__block=4__phase=query__segment=session1_main__practice=0,1298349.795437300,1298349.795675200
dynamic_sart_trial_complete__v=1__trial=955__condition=go__digit=5__block=4__phase=query__segment=session1_main__practice=0,1298349.795437300,1298349.811142700
dynamic_sart_stimulus_onset__v=1__trial=956__condition=go__digit=8__block=4__phase=query__segment=session1_main__practice=0,1298349.871561300,1298349.871783700
dynamic_sart_stimulus_offset__v=1__trial=956__condition=go__digit=8__block=4__phase=query__segment=session1_main__practice=0,1298350.133104400,1298350.133324900
dynamic_sart_response_window_close__v=1__trial=956__condition=go__digit=8__block=4__phase=query__segment=session1_main__practice=0,1298351.467951500,1298351.468348600
dynamic_sart_trial_complete__v=1__trial=956__condition=go__digit=8__block=4__phase=query__segment=session1_main__practice=0,1298351.467951500,1298351.476572100
dynamic_sart_stimulus_onset__v=1__trial=957__condition=go__digit=2__block=4__phase=query__segment=session1_main__practice=0,1298351.558174900,1298351.558411900
dynamic_sart_stimulus_offset__v=1__trial=957__condition=go__digit=2__block=4__phase=query__segment=session1_main__practice=0,1298351.809705700,1298351.809901800
dynamic_sart_response_window_close__v=1__trial=957__condition=go__digit=2__block=4__phase=query__segment=session1_main__practice=0,1298353.156513600,1298353.156760100
dynamic_sart_trial_complete__v=1__trial=957__condition=go__digit=2__block=4__phase=query__segment=session1_main__practice=0,1298353.156513600,1298353.164804000
dynamic_sart_stimulus_onset__v=1__trial=958__condition=go__digit=9__block=4__phase=query__segment=session1_main__practice=0,1298353.215548400,1298353.215681000
dynamic_sart_stimulus_offset__v=1__trial=958__condition=go__digit=9__block=4__phase=query__segment=session1_main__practice=0,1298353.488099200,1298353.488333700
dynamic_sart_response_window_close__v=1__trial=958__condition=go__digit=9__block=4__phase=query__segment=session1_main__practice=0,1298354.810898300,1298354.811084300
dynamic_sart_trial_complete__v=1__trial=958__condition=go__digit=9__block=4__phase=query__segment=session1_main__practice=0,1298354.810898300,1298354.819940400
dynamic_sart_stimulus_onset__v=1__trial=959__condition=no_go__digit=3__block=4__phase=query__segment=session1_main__practice=0,1298354.890422200,1298354.890655500
dynamic_sart_stimulus_offset__v=1__trial=959__condition=no_go__digit=3__block=4__phase=query__segment=session1_main__practice=0,1298355.163840700,1298355.164089700
dynamic_sart_response_window_close__v=1__trial=959__condition=no_go__digit=3__block=4__phase=query__segment=session1_main__practice=0,1298356.498081000,1298356.498320300
dynamic_sart_trial_complete__v=1__trial=959__condition=no_go__digit=3__block=4__phase=query__segment=session1_main__practice=0,1298356.498081000,1298356.506731300
dynamic_sart_stimulus_onset__v=1__trial=960__condition=go__digit=0__block=4__phase=query__segment=session1_main__practice=0,1298356.568855600,1298356.569062700
dynamic_sart_stimulus_offset__v=1__trial=960__condition=go__digit=0__block=4__phase=query__segment=session1_main__practice=0,1298356.832439400,1298356.832694900
dynamic_sart_response_window_close__v=1__trial=960__condition=go__digit=0__block=4__phase=query__segment=session1_main__practice=0,1298358.170930200,1298358.171193700
dynamic_sart_trial_complete__v=1__trial=960__condition=go__digit=0__block=4__phase=query__segment=session1_main__practice=0,1298358.170930200,1298358.178061700
dynamic_sart_stimulus_onset__v=1__trial=961__condition=go__digit=7__block=4__phase=query__segment=session1_main__practice=0,1298358.237017200,1298358.237262400
dynamic_sart_stimulus_offset__v=1__trial=961__condition=go__digit=7__block=4__phase=query__segment=session1_main__practice=0,1298358.515753800,1298358.515966500
dynamic_sart_response_window_close__v=1__trial=961__condition=go__digit=7__block=4__phase=query__segment=session1_main__practice=0,1298359.842139300,1298359.842327400
dynamic_sart_trial_complete__v=1__trial=961__condition=go__digit=7__block=4__phase=query__segment=session1_main__practice=0,1298359.842139300,1298359.854602900
dynamic_sart_stimulus_onset__v=1__trial=962__condition=go__digit=0__block=4__phase=query__segment=session1_main__practice=0,1298359.921811900,1298359.922032000
dynamic_sart_stimulus_offset__v=1__trial=962__condition=go__digit=0__block=4__phase=query__segment=session1_main__practice=0,1298360.199162600,1298360.199396400
dynamic_sart_response_window_close__v=1__trial=962__condition=go__digit=0__block=4__phase=query__segment=session1_main__practice=0,1298361.529213500,1298361.529498000
dynamic_sart_trial_complete__v=1__trial=962__condition=go__digit=0__block=4__phase=query__segment=session1_main__practice=0,1298361.529213500,1298361.538646500
dynamic_sart_stimulus_onset__v=1__trial=963__condition=go__digit=7__block=4__phase=query__segment=session1_main__practice=0,1298361.624742500,1298361.625004100
dynamic_sart_stimulus_offset__v=1__trial=963__condition=go__digit=7__block=4__phase=query__segment=session1_main__practice=0,1298361.900270400,1298361.900645000
dynamic_sart_response_window_close__v=1__trial=963__condition=go__digit=7__block=4__phase=query__segment=session1_main__practice=0,1298363.233355300,1298363.233593300
dynamic_sart_trial_complete__v=1__trial=963__condition=go__digit=7__block=4__phase=query__segment=session1_main__practice=0,1298363.233355300,1298363.242115100
dynamic_sart_stimulus_onset__v=1__trial=964__condition=go__digit=8__block=4__phase=query__segment=session1_main__practice=0,1298363.304761600,1298363.305000500
dynamic_sart_stimulus_offset__v=1__trial=964__condition=go__digit=8__block=4__phase=query__segment=session1_main__practice=0,1298363.573096900,1298363.573258600
dynamic_sart_response_window_close__v=1__trial=964__condition=go__digit=8__block=4__phase=query__segment=session1_main__practice=0,1298364.905915100,1298364.906124400
dynamic_sart_trial_complete__v=1__trial=964__condition=go__digit=8__block=4__phase=query__segment=session1_main__practice=0,1298364.905915100,1298364.914743800
dynamic_sart_stimulus_onset__v=1__trial=965__condition=go__digit=2__block=4__phase=query__segment=session1_main__practice=0,1298364.976405800,1298364.976805600
dynamic_sart_stimulus_offset__v=1__trial=965__condition=go__digit=2__block=4__phase=query__segment=session1_main__practice=0,1298365.247413900,1298365.247584900
dynamic_sart_response_window_close__v=1__trial=965__condition=go__digit=2__block=4__phase=query__segment=session1_main__practice=0,1298366.578330300,1298366.578570700
dynamic_sart_trial_complete__v=1__trial=965__condition=go__digit=2__block=4__phase=query__segment=session1_main__practice=0,1298366.578330300,1298366.587287500
dynamic_sart_stimulus_onset__v=1__trial=966__condition=no_go__digit=3__block=4__phase=query__segment=session1_main__practice=0,1298366.646990800,1298366.647139000
dynamic_sart_stimulus_offset__v=1__trial=966__condition=no_go__digit=3__block=4__phase=query__segment=session1_main__practice=0,1298366.919982100,1298366.920193900
dynamic_sart_response_window_close__v=1__trial=966__condition=no_go__digit=3__block=4__phase=query__segment=session1_main__practice=0,1298368.249327300,1298368.249563300
dynamic_sart_trial_complete__v=1__trial=966__condition=no_go__digit=3__block=4__phase=query__segment=session1_main__practice=0,1298368.249327300,1298368.257956200
dynamic_sart_stimulus_onset__v=1__trial=967__condition=go__digit=4__block=4__phase=query__segment=session1_main__practice=0,1298368.321750300,1298368.321991200
dynamic_sart_stimulus_offset__v=1__trial=967__condition=go__digit=4__block=4__phase=query__segment=session1_main__practice=0,1298368.581526700,1298368.581786800
dynamic_sart_response_window_close__v=1__trial=967__condition=go__digit=4__block=4__phase=query__segment=session1_main__practice=0,1298369.922207900,1298369.922431700
dynamic_sart_trial_complete__v=1__trial=967__condition=go__digit=4__block=4__phase=query__segment=session1_main__practice=0,1298369.922207900,1298369.934048000
dynamic_sart_stimulus_onset__v=1__trial=968__condition=go__digit=9__block=4__phase=query__segment=session1_main__practice=0,1298369.991965500,1298369.992255000
dynamic_sart_stimulus_offset__v=1__trial=968__condition=go__digit=9__block=4__phase=query__segment=session1_main__practice=0,1298370.260296300,1298370.260526700
dynamic_sart_response_window_close__v=1__trial=968__condition=go__digit=9__block=4__phase=query__segment=session1_main__practice=0,1298371.594407600,1298371.594608800
dynamic_sart_trial_complete__v=1__trial=968__condition=go__digit=9__block=4__phase=query__segment=session1_main__practice=0,1298371.594407600,1298371.603062000
dynamic_sart_stimulus_onset__v=1__trial=969__condition=go__digit=5__block=4__phase=query__segment=session1_main__practice=0,1298371.661805900,1298371.662002000
dynamic_sart_stimulus_offset__v=1__trial=969__condition=go__digit=5__block=4__phase=query__segment=session1_main__practice=0,1298371.941991300,1298371.942207000
dynamic_sart_response_window_close__v=1__trial=969__condition=go__digit=5__block=4__phase=query__segment=session1_main__practice=0,1298373.263851000,1298373.264123100
dynamic_sart_trial_complete__v=1__trial=969__condition=go__digit=5__block=4__phase=query__segment=session1_main__practice=0,1298373.263851000,1298373.272331500
dynamic_sart_stimulus_onset__v=1__trial=970__condition=go__digit=6__block=4__phase=query__segment=session1_main__practice=0,1298373.338675700,1298373.338904300
dynamic_sart_stimulus_offset__v=1__trial=970__condition=go__digit=6__block=4__phase=query__segment=session1_main__practice=0,1298373.610318500,1298373.610551000
dynamic_sart_response_window_close__v=1__trial=970__condition=go__digit=6__block=4__phase=query__segment=session1_main__practice=0,1298374.937452200,1298374.937712500
dynamic_sart_trial_complete__v=1__trial=970__condition=go__digit=6__block=4__phase=query__segment=session1_main__practice=0,1298374.937452200,1298374.946262700
dynamic_sart_stimulus_onset__v=1__trial=971__condition=go__digit=1__block=4__phase=query__segment=session1_main__practice=0,1298375.010952500,1298375.011173400
dynamic_sart_stimulus_offset__v=1__trial=971__condition=go__digit=1__block=4__phase=query__segment=session1_main__practice=0,1298375.277408600,1298375.277617100
dynamic_sart_response_window_close__v=1__trial=971__condition=go__digit=1__block=4__phase=query__segment=session1_main__practice=0,1298376.608834300,1298376.609068600
dynamic_sart_trial_complete__v=1__trial=971__condition=go__digit=1__block=4__phase=query__segment=session1_main__practice=0,1298376.608834300,1298376.617538500
dynamic_sart_stimulus_onset__v=1__trial=972__condition=go__digit=4__block=4__phase=query__segment=session1_main__practice=0,1298376.687554700,1298376.687786600
dynamic_sart_stimulus_offset__v=1__trial=972__condition=go__digit=4__block=4__phase=query__segment=session1_main__practice=0,1298376.975475200,1298376.976144000
dynamic_sart_response_window_close__v=1__trial=972__condition=go__digit=4__block=4__phase=query__segment=session1_main__practice=0,1298378.297048000,1298378.297293600
dynamic_sart_trial_complete__v=1__trial=972__condition=go__digit=4__block=4__phase=query__segment=session1_main__practice=0,1298378.297048000,1298378.306049700
dynamic_sart_recorder_warning__v=1__trial=973__condition=no_go__digit=3__block=4__phase=query__segment=session1_main__practice=0,1298378.310975700,1298378.311482800
dynamic_sart_stimulus_onset__v=1__trial=973__condition=no_go__digit=3__block=4__phase=query__segment=session1_main__practice=0,1298378.370637800,1298378.370878500
dynamic_sart_stimulus_offset__v=1__trial=973__condition=no_go__digit=3__block=4__phase=query__segment=session1_main__practice=0,1298378.641416100,1298378.641653700
dynamic_sart_response_window_close__v=1__trial=973__condition=no_go__digit=3__block=4__phase=query__segment=session1_main__practice=0,1298379.968089100,1298379.968286400
dynamic_sart_trial_complete__v=1__trial=973__condition=no_go__digit=3__block=4__phase=query__segment=session1_main__practice=0,1298379.968089100,1298379.979721000
dynamic_sart_stimulus_onset__v=1__trial=974__condition=go__digit=8__block=4__phase=query__segment=session1_main__practice=0,1298380.031155200,1298380.031363300
dynamic_sart_stimulus_offset__v=1__trial=974__condition=go__digit=8__block=4__phase=query__segment=session1_main__practice=0,1298380.304722000,1298380.304980600
dynamic_sart_response_window_close__v=1__trial=974__condition=go__digit=8__block=4__phase=query__segment=session1_main__practice=0,1298381.638843900,1298381.639037100
dynamic_sart_trial_complete__v=1__trial=974__condition=go__digit=8__block=4__phase=query__segment=session1_main__practice=0,1298381.638843900,1298381.646300200
dynamic_sart_stimulus_onset__v=1__trial=975__condition=go__digit=9__block=4__phase=query__segment=session1_main__practice=0,1298381.723332000,1298381.723552400
dynamic_sart_stimulus_offset__v=1__trial=975__condition=go__digit=9__block=4__phase=query__segment=session1_main__practice=0,1298382.005238500,1298382.005477000
dynamic_sart_response_window_close__v=1__trial=975__condition=go__digit=9__block=4__phase=query__segment=session1_main__practice=0,1298383.326811300,1298383.327042600
dynamic_sart_trial_complete__v=1__trial=975__condition=go__digit=9__block=4__phase=query__segment=session1_main__practice=0,1298383.326811300,1298383.335653800
dynamic_sart_stimulus_onset__v=1__trial=976__condition=go__digit=7__block=4__phase=query__segment=session1_main__practice=0,1298383.408146000,1298383.408321000
dynamic_sart_stimulus_offset__v=1__trial=976__condition=go__digit=7__block=4__phase=query__segment=session1_main__practice=0,1298383.691831100,1298383.692060100
dynamic_sart_response_window_close__v=1__trial=976__condition=go__digit=7__block=4__phase=query__segment=session1_main__practice=0,1298385.014316900,1298385.014518500
dynamic_sart_trial_complete__v=1__trial=976__condition=go__digit=7__block=4__phase=query__segment=session1_main__practice=0,1298385.014316900,1298385.022740100
dynamic_sart_stimulus_onset__v=1__trial=977__condition=go__digit=5__block=4__phase=query__segment=session1_main__practice=0,1298385.092678000,1298385.092910600
dynamic_sart_stimulus_offset__v=1__trial=977__condition=go__digit=5__block=4__phase=query__segment=session1_main__practice=0,1298385.372287200,1298385.372517800
dynamic_sart_response_window_close__v=1__trial=977__condition=go__digit=5__block=4__phase=query__segment=session1_main__practice=0,1298386.701091800,1298386.701331800
dynamic_sart_trial_complete__v=1__trial=977__condition=go__digit=5__block=4__phase=query__segment=session1_main__practice=0,1298386.701091800,1298386.710351000
dynamic_sart_stimulus_onset__v=1__trial=978__condition=go__digit=1__block=4__phase=query__segment=session1_main__practice=0,1298386.773671800,1298386.773884300
dynamic_sart_stimulus_offset__v=1__trial=978__condition=go__digit=1__block=4__phase=query__segment=session1_main__practice=0,1298387.038775800,1298387.039004500
dynamic_sart_response_window_close__v=1__trial=978__condition=go__digit=1__block=4__phase=query__segment=session1_main__practice=0,1298388.374360700,1298388.374640100
dynamic_sart_trial_complete__v=1__trial=978__condition=go__digit=1__block=4__phase=query__segment=session1_main__practice=0,1298388.374360700,1298388.382505700
dynamic_sart_stimulus_onset__v=1__trial=979__condition=go__digit=2__block=4__phase=query__segment=session1_main__practice=0,1298388.430261500,1298388.430461500
dynamic_sart_stimulus_offset__v=1__trial=979__condition=go__digit=2__block=4__phase=query__segment=session1_main__practice=0,1298388.696932400,1298388.697166500
dynamic_sart_response_window_close__v=1__trial=979__condition=go__digit=2__block=4__phase=query__segment=session1_main__practice=0,1298390.029720600,1298390.029952400
dynamic_sart_trial_complete__v=1__trial=979__condition=go__digit=2__block=4__phase=query__segment=session1_main__practice=0,1298390.029720600,1298390.042913400
dynamic_sart_stimulus_onset__v=1__trial=980__condition=no_go__digit=3__block=4__phase=query__segment=session1_main__practice=0,1298390.104719800,1298390.104933200
dynamic_sart_stimulus_offset__v=1__trial=980__condition=no_go__digit=3__block=4__phase=query__segment=session1_main__practice=0,1298390.374394000,1298390.374559400
dynamic_sart_response_window_close__v=1__trial=980__condition=no_go__digit=3__block=4__phase=query__segment=session1_main__practice=0,1298391.703122600,1298391.703362000
dynamic_sart_trial_complete__v=1__trial=980__condition=no_go__digit=3__block=4__phase=query__segment=session1_main__practice=0,1298391.703122600,1298391.711109200
dynamic_sart_stimulus_onset__v=1__trial=981__condition=go__digit=0__block=4__phase=query__segment=session1_main__practice=0,1298391.798220200,1298391.798399200
dynamic_sart_stimulus_offset__v=1__trial=981__condition=go__digit=0__block=4__phase=query__segment=session1_main__practice=0,1298392.066836300,1298392.067055100
dynamic_sart_response_window_close__v=1__trial=981__condition=go__digit=0__block=4__phase=query__segment=session1_main__practice=0,1298393.404630300,1298393.404832100
dynamic_sart_trial_complete__v=1__trial=981__condition=go__digit=0__block=4__phase=query__segment=session1_main__practice=0,1298393.404630300,1298393.413532000
dynamic_sart_stimulus_onset__v=1__trial=982__condition=go__digit=6__block=4__phase=query__segment=session1_main__practice=0,1298393.469751300,1298393.470166700
dynamic_sart_stimulus_offset__v=1__trial=982__condition=go__digit=6__block=4__phase=query__segment=session1_main__practice=0,1298393.745596100,1298393.745846500
dynamic_sart_response_window_close__v=1__trial=982__condition=go__digit=6__block=4__phase=query__segment=session1_main__practice=0,1298395.078058400,1298395.078289000
dynamic_sart_trial_complete__v=1__trial=982__condition=go__digit=6__block=4__phase=query__segment=session1_main__practice=0,1298395.078058400,1298395.085572300
dynamic_sart_stimulus_onset__v=1__trial=983__condition=go__digit=1__block=4__phase=query__segment=session1_main__practice=0,1298395.144481800,1298395.144699400
dynamic_sart_stimulus_offset__v=1__trial=983__condition=go__digit=1__block=4__phase=query__segment=session1_main__practice=0,1298395.412584700,1298395.413111200
dynamic_sart_response_window_close__v=1__trial=983__condition=go__digit=1__block=4__phase=query__segment=session1_main__practice=0,1298396.749036600,1298396.749452200
dynamic_sart_trial_complete__v=1__trial=983__condition=go__digit=1__block=4__phase=query__segment=session1_main__practice=0,1298396.749036600,1298396.758373400
dynamic_sart_stimulus_onset__v=1__trial=984__condition=go__digit=2__block=4__phase=query__segment=session1_main__practice=0,1298396.821962400,1298396.822233200
dynamic_sart_stimulus_offset__v=1__trial=984__condition=go__digit=2__block=4__phase=query__segment=session1_main__practice=0,1298397.092896000,1298397.093149200
dynamic_sart_response_window_close__v=1__trial=984__condition=go__digit=2__block=4__phase=query__segment=session1_main__practice=0,1298398.421167900,1298398.421390700
dynamic_sart_trial_complete__v=1__trial=984__condition=go__digit=2__block=4__phase=query__segment=session1_main__practice=0,1298398.421167900,1298398.429889500
dynamic_sart_stimulus_onset__v=1__trial=985__condition=go__digit=6__block=4__phase=query__segment=session1_main__practice=0,1298398.488212300,1298398.488447900
dynamic_sart_stimulus_offset__v=1__trial=985__condition=go__digit=6__block=4__phase=query__segment=session1_main__practice=0,1298398.764117600,1298398.764335100
dynamic_sart_response_window_close__v=1__trial=985__condition=go__digit=6__block=4__phase=query__segment=session1_main__practice=0,1298400.093328600,1298400.093548600
dynamic_sart_trial_complete__v=1__trial=985__condition=go__digit=6__block=4__phase=query__segment=session1_main__practice=0,1298400.093328600,1298400.106424000
dynamic_sart_stimulus_onset__v=1__trial=986__condition=no_go__digit=3__block=4__phase=query__segment=session1_main__practice=0,1298400.166811900,1298400.167046100
dynamic_sart_stimulus_offset__v=1__trial=986__condition=no_go__digit=3__block=4__phase=query__segment=session1_main__practice=0,1298400.427812600,1298400.428068900
dynamic_sart_response_window_close__v=1__trial=986__condition=no_go__digit=3__block=4__phase=query__segment=session1_main__practice=0,1298401.764519100,1298401.764756500
dynamic_sart_trial_complete__v=1__trial=986__condition=no_go__digit=3__block=4__phase=query__segment=session1_main__practice=0,1298401.764519100,1298401.773532700
dynamic_sart_stimulus_onset__v=1__trial=987__condition=go__digit=4__block=4__phase=query__segment=session1_main__practice=0,1298401.844031300,1298401.844230700
dynamic_sart_stimulus_offset__v=1__trial=987__condition=go__digit=4__block=4__phase=query__segment=session1_main__practice=0,1298402.126870200,1298402.127111400
dynamic_sart_response_window_close__v=1__trial=987__condition=go__digit=4__block=4__phase=query__segment=session1_main__practice=0,1298403.453029100,1298403.453226800
dynamic_sart_trial_complete__v=1__trial=987__condition=go__digit=4__block=4__phase=query__segment=session1_main__practice=0,1298403.453029100,1298403.461725000
dynamic_sart_stimulus_onset__v=1__trial=988__condition=go__digit=7__block=4__phase=query__segment=session1_main__practice=0,1298403.522324400,1298403.522557200
dynamic_sart_stimulus_offset__v=1__trial=988__condition=go__digit=7__block=4__phase=query__segment=session1_main__practice=0,1298403.782924200,1298403.783133800
dynamic_sart_response_window_close__v=1__trial=988__condition=go__digit=7__block=4__phase=query__segment=session1_main__practice=0,1298405.124865400,1298405.125090600
dynamic_sart_trial_complete__v=1__trial=988__condition=go__digit=7__block=4__phase=query__segment=session1_main__practice=0,1298405.124865400,1298405.134752900
dynamic_sart_stimulus_onset__v=1__trial=989__condition=go__digit=5__block=4__phase=query__segment=session1_main__practice=0,1298405.203157800,1298405.203380500
dynamic_sart_stimulus_offset__v=1__trial=989__condition=go__digit=5__block=4__phase=query__segment=session1_main__practice=0,1298405.486359200,1298405.486601700
dynamic_sart_response_window_close__v=1__trial=989__condition=go__digit=5__block=4__phase=query__segment=session1_main__practice=0,1298406.810909400,1298406.811177700
dynamic_sart_trial_complete__v=1__trial=989__condition=go__digit=5__block=4__phase=query__segment=session1_main__practice=0,1298406.810909400,1298406.819756000
dynamic_sart_stimulus_onset__v=1__trial=990__condition=go__digit=0__block=4__phase=query__segment=session1_main__practice=0,1298406.890045400,1298406.890297300
dynamic_sart_stimulus_offset__v=1__trial=990__condition=go__digit=0__block=4__phase=query__segment=session1_main__practice=0,1298407.174465800,1298407.174699000
dynamic_sart_response_window_close__v=1__trial=990__condition=go__digit=0__block=4__phase=query__segment=session1_main__practice=0,1298408.498830900,1298408.499056500
dynamic_sart_trial_complete__v=1__trial=990__condition=go__digit=0__block=4__phase=query__segment=session1_main__practice=0,1298408.498830900,1298408.508075500
dynamic_sart_stimulus_onset__v=1__trial=991__condition=go__digit=8__block=4__phase=query__segment=session1_main__practice=0,1298408.573246300,1298408.573504100
dynamic_sart_stimulus_offset__v=1__trial=991__condition=go__digit=8__block=4__phase=query__segment=session1_main__practice=0,1298408.832020500,1298408.832550400
dynamic_sart_response_window_close__v=1__trial=991__condition=go__digit=8__block=4__phase=query__segment=session1_main__practice=0,1298410.170739800,1298410.170999800
dynamic_sart_trial_complete__v=1__trial=991__condition=go__digit=8__block=4__phase=query__segment=session1_main__practice=0,1298410.170739800,1298410.182664200
dynamic_sart_stimulus_onset__v=1__trial=992__condition=go__digit=9__block=4__phase=query__segment=session1_main__practice=0,1298410.247975400,1298410.248263800
dynamic_sart_stimulus_offset__v=1__trial=992__condition=go__digit=9__block=4__phase=query__segment=session1_main__practice=0,1298410.513024700,1298410.513175200
dynamic_sart_response_window_close__v=1__trial=992__condition=go__digit=9__block=4__phase=query__segment=session1_main__practice=0,1298411.841853600,1298411.842084800
dynamic_sart_trial_complete__v=1__trial=992__condition=go__digit=9__block=4__phase=query__segment=session1_main__practice=0,1298411.841853600,1298411.850401900
dynamic_sart_stimulus_onset__v=1__trial=993__condition=no_go__digit=3__block=4__phase=query__segment=session1_main__practice=0,1298411.909299200,1298411.909515900
dynamic_sart_stimulus_offset__v=1__trial=993__condition=no_go__digit=3__block=4__phase=query__segment=session1_main__practice=0,1298412.181712700,1298412.181938700
dynamic_sart_response_window_close__v=1__trial=993__condition=no_go__digit=3__block=4__phase=query__segment=session1_main__practice=0,1298413.513765600,1298413.514017100
dynamic_sart_trial_complete__v=1__trial=993__condition=no_go__digit=3__block=4__phase=query__segment=session1_main__practice=0,1298413.513765600,1298413.524097500
dynamic_sart_stimulus_onset__v=1__trial=994__condition=go__digit=5__block=4__phase=query__segment=session1_main__practice=0,1298413.582944400,1298413.583149100
dynamic_sart_stimulus_offset__v=1__trial=994__condition=go__digit=5__block=4__phase=query__segment=session1_main__practice=0,1298413.856814600,1298413.857568000
dynamic_sart_response_window_close__v=1__trial=994__condition=go__digit=5__block=4__phase=query__segment=session1_main__practice=0,1298415.185422100,1298415.185630000
dynamic_sart_trial_complete__v=1__trial=994__condition=go__digit=5__block=4__phase=query__segment=session1_main__practice=0,1298415.185422100,1298415.193926900
dynamic_sart_stimulus_onset__v=1__trial=995__condition=go__digit=7__block=4__phase=query__segment=session1_main__practice=0,1298415.257613500,1298415.257834700
dynamic_sart_stimulus_offset__v=1__trial=995__condition=go__digit=7__block=4__phase=query__segment=session1_main__practice=0,1298415.537214000,1298415.537440600
dynamic_sart_response_window_close__v=1__trial=995__condition=go__digit=7__block=4__phase=query__segment=session1_main__practice=0,1298416.857720200,1298416.857957500
dynamic_sart_trial_complete__v=1__trial=995__condition=go__digit=7__block=4__phase=query__segment=session1_main__practice=0,1298416.857720200,1298416.866466200
dynamic_sart_stimulus_onset__v=1__trial=996__condition=go__digit=2__block=4__phase=query__segment=session1_main__practice=0,1298416.938053500,1298416.938290300
dynamic_sart_stimulus_offset__v=1__trial=996__condition=go__digit=2__block=4__phase=query__segment=session1_main__practice=0,1298417.221218800,1298417.221444100
dynamic_sart_response_window_close__v=1__trial=996__condition=go__digit=2__block=4__phase=query__segment=session1_main__practice=0,1298418.544720200,1298418.544960700
dynamic_sart_trial_complete__v=1__trial=996__condition=go__digit=2__block=4__phase=query__segment=session1_main__practice=0,1298418.544720200,1298418.553572800
dynamic_sart_stimulus_onset__v=1__trial=997__condition=go__digit=9__block=4__phase=query__segment=session1_main__practice=0,1298418.611719800,1298418.611870600
dynamic_sart_stimulus_offset__v=1__trial=997__condition=go__digit=9__block=4__phase=query__segment=session1_main__practice=0,1298418.876767700,1298418.877008500
dynamic_sart_response_window_close__v=1__trial=997__condition=go__digit=9__block=4__phase=query__segment=session1_main__practice=0,1298420.219261700,1298420.219487000
dynamic_sart_trial_complete__v=1__trial=997__condition=go__digit=9__block=4__phase=query__segment=session1_main__practice=0,1298420.219261700,1298420.231598200
dynamic_sart_stimulus_onset__v=1__trial=998__condition=go__digit=8__block=4__phase=query__segment=session1_main__practice=0,1298420.290094300,1298420.290324300
dynamic_sart_stimulus_offset__v=1__trial=998__condition=go__digit=8__block=4__phase=query__segment=session1_main__practice=0,1298420.548154000,1298420.548504800
dynamic_sart_response_window_close__v=1__trial=998__condition=go__digit=8__block=4__phase=query__segment=session1_main__practice=0,1298421.890356300,1298421.890648200
dynamic_sart_trial_complete__v=1__trial=998__condition=go__digit=8__block=4__phase=query__segment=session1_main__practice=0,1298421.890356300,1298421.897809800
dynamic_sart_stimulus_onset__v=1__trial=999__condition=go__digit=4__block=4__phase=query__segment=session1_main__practice=0,1298421.973281800,1298421.973517100
dynamic_sart_stimulus_offset__v=1__trial=999__condition=go__digit=4__block=4__phase=query__segment=session1_main__practice=0,1298422.258309100,1298422.258569600
dynamic_sart_response_window_close__v=1__trial=999__condition=go__digit=4__block=4__phase=query__segment=session1_main__practice=0,1298423.578268100,1298423.578501600
dynamic_sart_trial_complete__v=1__trial=999__condition=go__digit=4__block=4__phase=query__segment=session1_main__practice=0,1298423.578268100,1298423.586958700
dynamic_sart_stimulus_onset__v=1__trial=1000__condition=no_go__digit=3__block=4__phase=query__segment=session1_main__practice=0,1298423.654136900,1298423.654364400
dynamic_sart_stimulus_offset__v=1__trial=1000__condition=no_go__digit=3__block=4__phase=query__segment=session1_main__practice=0,1298423.921757500,1298423.921907000
dynamic_sart_response_window_close__v=1__trial=1000__condition=no_go__digit=3__block=4__phase=query__segment=session1_main__practice=0,1298425.248125800,1298425.248360400
dynamic_sart_trial_complete__v=1__trial=1000__condition=no_go__digit=3__block=4__phase=query__segment=session1_main__practice=0,1298425.248125800,1298425.257524900
dynamic_sart_block_end__block=4__phase=query,1298425.262037800,1298425.262164600
dynamic_sart_task_end,1298425.445915300,1298425.446604200
