trial,label,event_type,timestamp,value,metadata
,task_start,SYSTEM,503995.984,,"{""lsl_timestamp"": 503996.0068349, ""marker_push_latency_ms"": 0.0, ""mode"": ""psychopy"", ""task"": ""go_nogo""}"
-2,go_nogo_stimulus_onset_-2_nogo_x_white,EVENT,503997.406,,"{""color"": ""white"", ""expected_frame_interval_ms"": 16.670639999210835, ""expected_refresh_rate_hz"": 60.0, ""expected_visual_onset_lsl_timestamp"": 503997.4420592, ""expected_visual_onset_monotonic"": 503997.406, ""expected_visual_onset_uncertainty_ms"": 8.335319999605417, ""fixed_display_latency_ms"": 0.0, ""flip_lsl_timestamp"": 503997.4420592, ""flip_monotonic"": 503997.406, ""is_no_go"": true, ""lsl_timestamp"": 503997.4420592, ""marker_push_latency_ms"": 0.0, ""measured_refresh_rate_hz"": 59.98569941210048, ""photodiode_verification_enabled"": false, ""scheduled_on_flip"": true, ""shape"": ""x"", ""timing_model"": ""psychopy_callOnFlip_plus_fixed_display_latency""}"
-2,go_nogo_stimulus_offset_-2_nogo_x_white,EVENT,503998.218,,"{""color"": ""white"", ""expected_frame_interval_ms"": 16.670639999210835, ""expected_refresh_rate_hz"": 60.0, ""expected_visual_onset_lsl_timestamp"": 503998.2509962, ""expected_visual_onset_monotonic"": 503998.218, ""expected_visual_onset_uncertainty_ms"": 8.335319999605417, ""fixed_display_latency_ms"": 0.0, ""flip_lsl_timestamp"": 503998.2509962, ""flip_monotonic"": 503998.218, ""is_no_go"": true, ""lsl_timestamp"": 503998.2509962, ""marker_push_latency_ms"": 0.0, ""measured_refresh_rate_hz"": 59.98569941210048, ""photodiode_verification_enabled"": false, ""scheduled_on_flip"": true, ""shape"": ""x"", ""timing_model"": ""psychopy_callOnFlip_plus_fixed_display_latency""}"
-1,go_nogo_stimulus_onset_-1_go_star_blue,EVENT,504000.734,,"{""color"": ""blue"", ""expected_frame_interval_ms"": 16.670639999210835, ""expected_refresh_rate_hz"": 60.0, ""expected_visual_onset_lsl_timestamp"": 504000.7594306, ""expected_visual_onset_monotonic"": 504000.734, ""expected_visual_onset_uncertainty_ms"": 8.335319999605417, ""fixed_display_latency_ms"": 0.0, ""flip_lsl_timestamp"": 504000.7594306, ""flip_monotonic"": 504000.734, ""is_no_go"": false, ""lsl_timestamp"": 504000.7594306, ""marker_push_latency_ms"": 0.0, ""measured_refresh_rate_hz"": 59.98569941210048, ""photodiode_verification_enabled"": false, ""scheduled_on_flip"": true, ""shape"": ""star"", ""timing_model"": ""psychopy_callOnFlip_plus_fixed_display_latency""}"
-1,button_press,EVENT,504001.4441147,space,"{""is_response_key"": true, ""lsl_timestamp"": 504001.4695453, ""marker_push_latency_ms"": 0.0, ""rt_from_flip_seconds"": 0.7101147000212222, ""rt_seconds"": 0.7101147000212222}"
-1,go_nogo_stimulus_offset_-1_go_star_blue,EVENT,504001.531,,"{""color"": ""blue"", ""expected_frame_interval_ms"": 16.670639999210835, ""expected_refresh_rate_hz"": 60.0, ""expected_visual_onset_lsl_timestamp"": 504001.5670613, ""expected_visual_onset_monotonic"": 504001.531, ""expected_visual_onset_uncertainty_ms"": 8.335319999605417, ""fixed_display_latency_ms"": 0.0, ""flip_lsl_timestamp"": 504001.5670613, ""flip_monotonic"": 504001.531, ""is_no_go"": false, ""lsl_timestamp"": 504001.5670613, ""marker_push_latency_ms"": 0.0, ""measured_refresh_rate_hz"": 59.98569941210048, ""photodiode_verification_enabled"": false, ""scheduled_on_flip"": true, ""shape"": ""star"", ""timing_model"": ""psychopy_callOnFlip_plus_fixed_display_latency""}"
,countdown_3,SYSTEM,504003.359,,"{""expected_frame_interval_ms"": 16.670639999210835, ""expected_refresh_rate_hz"": 60.0, ""expected_visual_onset_lsl_timestamp"": 504003.3864984, ""expected_visual_onset_monotonic"": 504003.359, ""expected_visual_onset_uncertainty_ms"": 8.335319999605417, ""fixed_display_latency_ms"": 0.0, ""flip_lsl_timestamp"": 504003.3864984, ""flip_monotonic"": 504003.359, ""lsl_timestamp"": 504003.3864984, ""marker_push_latency_ms"": 0.0, ""measured_refresh_rate_hz"": 59.98569941210048, ""photodiode_verification_enabled"": false, ""scheduled_on_flip"": true, ""task"": ""go_nogo"", ""timing_model"": ""psychopy_callOnFlip_plus_fixed_display_latency""}"
,countdown_2,SYSTEM,504004.375,,"{""expected_frame_interval_ms"": 16.670639999210835, ""expected_refresh_rate_hz"": 60.0, ""expected_visual_onset_lsl_timestamp"": 504004.399429, ""expected_visual_onset_monotonic"": 504004.375, ""expected_visual_onset_uncertainty_ms"": 8.335319999605417, ""fixed_display_latency_ms"": 0.0, ""flip_lsl_timestamp"": 504004.399429, ""flip_monotonic"": 504004.375, ""lsl_timestamp"": 504004.399429, ""marker_push_latency_ms"": 0.0, ""measured_refresh_rate_hz"": 59.98569941210048, ""photodiode_verification_enabled"": false, ""scheduled_on_flip"": true, ""task"": ""go_nogo"", ""timing_model"": ""psychopy_callOnFlip_plus_fixed_display_latency""}"
,countdown_1,SYSTEM,504005.39,,"{""expected_frame_interval_ms"": 16.670639999210835, ""expected_refresh_rate_hz"": 60.0, ""expected_visual_onset_lsl_timestamp"": 504005.4164705, ""expected_visual_onset_monotonic"": 504005.39, ""expected_visual_onset_uncertainty_ms"": 8.335319999605417, ""fixed_display_latency_ms"": 0.0, ""flip_lsl_timestamp"": 504005.4164705, ""flip_monotonic"": 504005.39, ""lsl_timestamp"": 504005.4164705, ""marker_push_latency_ms"": 0.0, ""measured_refresh_rate_hz"": 59.98569941210048, ""photodiode_verification_enabled"": false, ""scheduled_on_flip"": true, ""task"": ""go_nogo"", ""timing_model"": ""psychopy_callOnFlip_plus_fixed_display_latency""}"
,countdown_go,SYSTEM,504006.406,,"{""expected_frame_interval_ms"": 16.670639999210835, ""expected_refresh_rate_hz"": 60.0, ""expected_visual_onset_lsl_timestamp"": 504006.4315059, ""expected_visual_onset_monotonic"": 504006.406, ""expected_visual_onset_uncertainty_ms"": 8.335319999605417, ""fixed_display_latency_ms"": 0.0, ""flip_lsl_timestamp"": 504006.4315059, ""flip_monotonic"": 504006.406, ""lsl_timestamp"": 504006.4315059, ""marker_push_latency_ms"": 0.0, ""measured_refresh_rate_hz"": 59.98569941210048, ""photodiode_verification_enabled"": false, ""scheduled_on_flip"": true, ""task"": ""go_nogo"", ""timing_model"": ""psychopy_callOnFlip_plus_fixed_display_latency""}"
1,go_nogo_stimulus_onset_1_nogo_x_white,EVENT,504006.921,,"{""color"": ""white"", ""expected_frame_interval_ms"": 16.670639999210835, ""expected_refresh_rate_hz"": 60.0, ""expected_visual_onset_lsl_timestamp"": 504006.951977, ""expected_visual_onset_monotonic"": 504006.921, ""expected_visual_onset_uncertainty_ms"": 8.335319999605417, ""fixed_display_latency_ms"": 0.0, ""flip_lsl_timestamp"": 504006.951977, ""flip_monotonic"": 504006.921, ""is_no_go"": true, ""lsl_timestamp"": 504006.951977, ""marker_push_latency_ms"": 0.0, ""measured_refresh_rate_hz"": 59.98569941210048, ""photodiode_verification_enabled"": false, ""scheduled_on_flip"": true, ""shape"": ""x"", ""timing_model"": ""psychopy_callOnFlip_plus_fixed_display_latency""}"
1,go_nogo_stimulus_offset_1_nogo_x_white,EVENT,504007.734,,"{""color"": ""white"", ""expected_frame_interval_ms"": 16.670639999210835, ""expected_refresh_rate_hz"": 60.0, ""expected_visual_onset_lsl_timestamp"": 504007.7606466, ""expected_visual_onset_monotonic"": 504007.734, ""expected_visual_onset_uncertainty_ms"": 8.335319999605417, ""fixed_display_latency_ms"": 0.0, ""flip_lsl_timestamp"": 504007.7606466, ""flip_monotonic"": 504007.734, ""is_no_go"": true, ""lsl_timestamp"": 504007.7606466, ""marker_push_latency_ms"": 0.0, ""measured_refresh_rate_hz"": 59.98569941210048, ""photodiode_verification_enabled"": false, ""scheduled_on_flip"": true, ""shape"": ""x"", ""timing_model"": ""psychopy_callOnFlip_plus_fixed_display_latency""}"
1,go_nogo_trial_complete,EVENT,504007.734,,"{""attention_challenge"": {""enabled"": false, ""expected_state"": ""normal"", ""is_cue_trial"": false}, ""button_press_count"": 0, ""commission_error"": 0, ""condition"": ""no_go"", ""correct"": true, ""correct_press"": 1, ""event_type_name"": ""go_nogo_trial_complete"", ""is_no_go"": true, ""omission_error"": 0, ""practice"": false, ""reaction_time_seconds"": null, ""schema_version"": 1, ""session_dir"": ""C:\\Users\\Surettej\\Documents\\Codespace\\eegle\\data\\participants\\sub-001-calibration\\sessions\\2026-07-14\\attention_lapse_go_nogo8_observe_only\\go_nogo\\run-20260714T125304"", ""source"": ""task.go_nogo"", ""stimulus_offset_lsl_timestamp"": 504007.7606466, ""stimulus_offset_monotonic"": 504007.734, ""stimulus_onset_lsl_timestamp"": 504006.951977, ""stimulus_onset_monotonic"": 504006.921, ""task"": ""go_nogo""}"
2,go_nogo_stimulus_onset_2_go_square_red,EVENT,504008.453,,"{""color"": ""red"", ""expected_frame_interval_ms"": 16.670639999210835, ""expected_refresh_rate_hz"": 60.0, ""expected_visual_onset_lsl_timestamp"": 504008.4835249, ""expected_visual_onset_monotonic"": 504008.453, ""expected_visual_onset_uncertainty_ms"": 8.335319999605417, ""fixed_display_latency_ms"": 0.0, ""flip_lsl_timestamp"": 504008.4835249, ""flip_monotonic"": 504008.453, ""is_no_go"": false, ""lsl_timestamp"": 504008.4835249, ""marker_push_latency_ms"": 0.0, ""measured_refresh_rate_hz"": 59.98569941210048, ""photodiode_verification_enabled"": false, ""scheduled_on_flip"": true, ""shape"": ""square"", ""timing_model"": ""psychopy_callOnFlip_plus_fixed_display_latency""}"
2,button_press,EVENT,504008.83761299995,space,"{""is_response_key"": true, ""lsl_timestamp"": 504008.86813789996, ""marker_push_latency_ms"": 0.0, ""rt_from_flip_seconds"": 0.38461299997288734, ""rt_seconds"": 0.38461299997288734}"
2,go_nogo_stimulus_offset_2_go_square_red,EVENT,504009.281,,"{""color"": ""red"", ""expected_frame_interval_ms"": 16.670639999210835, ""expected_refresh_rate_hz"": 60.0, ""expected_visual_onset_lsl_timestamp"": 504009.3020482, ""expected_visual_onset_monotonic"": 504009.281, ""expected_visual_onset_uncertainty_ms"": 8.335319999605417, ""fixed_display_latency_ms"": 0.0, ""flip_lsl_timestamp"": 504009.3020482, ""flip_monotonic"": 504009.281, ""is_no_go"": false, ""lsl_timestamp"": 504009.3020482, ""marker_push_latency_ms"": 0.0, ""measured_refresh_rate_hz"": 59.98569941210048, ""photodiode_verification_enabled"": false, ""scheduled_on_flip"": true, ""shape"": ""square"", ""timing_model"": ""psychopy_callOnFlip_plus_fixed_display_latency""}"
2,go_nogo_trial_complete,EVENT,504009.281,,"{""attention_challenge"": {""enabled"": false, ""expected_state"": ""normal"", ""is_cue_trial"": false}, ""button_press_count"": 1, ""commission_error"": 0, ""condition"": ""go"", ""correct"": true, ""correct_press"": 1, ""event_type_name"": ""go_nogo_trial_complete"", ""is_no_go"": false, ""omission_error"": 0, ""practice"": false, ""reaction_time_seconds"": 0.38461299997288734, ""schema_version"": 1, ""session_dir"": ""C:\\Users\\Surettej\\Documents\\Codespace\\eegle\\data\\participants\\sub-001-calibration\\sessions\\2026-07-14\\attention_lapse_go_nogo8_observe_only\\go_nogo\\run-20260714T125304"", ""source"": ""task.go_nogo"", ""stimulus_offset_lsl_timestamp"": 504009.3020482, ""stimulus_offset_monotonic"": 504009.281, ""stimulus_onset_lsl_timestamp"": 504008.4835249, ""stimulus_onset_monotonic"": 504008.453, ""task"": ""go_nogo""}"
3,go_nogo_stimulus_onset_3_go_triangle_green,EVENT,504010.0,,"{""color"": ""green"", ""expected_frame_interval_ms"": 16.670639999210835, ""expected_refresh_rate_hz"": 60.0, ""expected_visual_onset_lsl_timestamp"": 504010.0354053, ""expected_visual_onset_monotonic"": 504010.0, ""expected_visual_onset_uncertainty_ms"": 8.335319999605417, ""fixed_display_latency_ms"": 0.0, ""flip_lsl_timestamp"": 504010.0354053, ""flip_monotonic"": 504010.0, ""is_no_go"": false, ""lsl_timestamp"": 504010.0354053, ""marker_push_latency_ms"": 0.0, ""measured_refresh_rate_hz"": 59.98569941210048, ""photodiode_verification_enabled"": false, ""scheduled_on_flip"": true, ""shape"": ""triangle"", ""timing_model"": ""psychopy_callOnFlip_plus_fixed_display_latency""}"
3,button_press,EVENT,504010.3945191,space,"{""is_response_key"": true, ""lsl_timestamp"": 504010.4299244, ""marker_push_latency_ms"": 0.0, ""rt_from_flip_seconds"": 0.3945191000238992, ""rt_seconds"": 0.3945191000238992}"
3,go_nogo_stimulus_offset_3_go_triangle_green,EVENT,504010.812,,"{""color"": ""green"", ""expected_frame_interval_ms"": 16.670639999210835, ""expected_refresh_rate_hz"": 60.0, ""expected_visual_onset_lsl_timestamp"": 504010.843855, ""expected_visual_onset_monotonic"": 504010.812, ""expected_visual_onset_uncertainty_ms"": 8.335319999605417, ""fixed_display_latency_ms"": 0.0, ""flip_lsl_timestamp"": 504010.843855, ""flip_monotonic"": 504010.812, ""is_no_go"": false, ""lsl_timestamp"": 504010.843855, ""marker_push_latency_ms"": 0.0, ""measured_refresh_rate_hz"": 59.98569941210048, ""photodiode_verification_enabled"": false, ""scheduled_on_flip"": true, ""shape"": ""triangle"", ""timing_model"": ""psychopy_callOnFlip_plus_fixed_display_latency""}"
3,go_nogo_trial_complete,EVENT,504010.828,,"{""attention_challenge"": {""enabled"": false, ""expected_state"": ""normal"", ""is_cue_trial"": false}, ""button_press_count"": 1, ""commission_error"": 0, ""condition"": ""go"", ""correct"": true, ""correct_press"": 1, ""event_type_name"": ""go_nogo_trial_complete"", ""is_no_go"": false, ""omission_error"": 0, ""practice"": false, ""reaction_time_seconds"": 0.3945191000238992, ""schema_version"": 1, ""session_dir"": ""C:\\Users\\Surettej\\Documents\\Codespace\\eegle\\data\\participants\\sub-001-calibration\\sessions\\2026-07-14\\attention_lapse_go_nogo8_observe_only\\go_nogo\\run-20260714T125304"", ""source"": ""task.go_nogo"", ""stimulus_offset_lsl_timestamp"": 504010.843855, ""stimulus_offset_monotonic"": 504010.812, ""stimulus_onset_lsl_timestamp"": 504010.0354053, ""stimulus_onset_monotonic"": 504010.0, ""task"": ""go_nogo""}"
4,go_nogo_stimulus_onset_4_nogo_x_white,EVENT,504011.562,,"{""color"": ""white"", ""expected_frame_interval_ms"": 16.670639999210835, ""expected_refresh_rate_hz"": 60.0, ""expected_visual_onset_lsl_timestamp"": 504011.5860952, ""expected_visual_onset_monotonic"": 504011.562, ""expected_visual_onset_uncertainty_ms"": 8.335319999605417, ""fixed_display_latency_ms"": 0.0, ""flip_lsl_timestamp"": 504011.5860952, ""flip_monotonic"": 504011.562, ""is_no_go"": true, ""lsl_timestamp"": 504011.5860952, ""marker_push_latency_ms"": 0.0, ""measured_refresh_rate_hz"": 59.98569941210048, ""photodiode_verification_enabled"": false, ""scheduled_on_flip"": true, ""shape"": ""x"", ""timing_model"": ""psychopy_callOnFlip_plus_fixed_display_latency""}"
4,go_nogo_stimulus_offset_4_nogo_x_white,EVENT,504012.359,,"{""color"": ""white"", ""expected_frame_interval_ms"": 16.670639999210835, ""expected_refresh_rate_hz"": 60.0, ""expected_visual_onset_lsl_timestamp"": 504012.3946114, ""expected_visual_onset_monotonic"": 504012.359, ""expected_visual_onset_uncertainty_ms"": 8.335319999605417, ""fixed_display_latency_ms"": 0.0, ""flip_lsl_timestamp"": 504012.3946114, ""flip_monotonic"": 504012.359, ""is_no_go"": true, ""lsl_timestamp"": 504012.3946114, ""marker_push_latency_ms"": 0.0, ""measured_refresh_rate_hz"": 59.98569941210048, ""photodiode_verification_enabled"": false, ""scheduled_on_flip"": true, ""shape"": ""x"", ""timing_model"": ""psychopy_callOnFlip_plus_fixed_display_latency""}"
4,go_nogo_trial_complete,EVENT,504012.375,,"{""attention_challenge"": {""enabled"": false, ""expected_state"": ""normal"", ""is_cue_trial"": false}, ""button_press_count"": 0, ""commission_error"": 0, ""condition"": ""no_go"", ""correct"": true, ""correct_press"": 1, ""event_type_name"": ""go_nogo_trial_complete"", ""is_no_go"": true, ""omission_error"": 0, ""practice"": false, ""reaction_time_seconds"": null, ""schema_version"": 1, ""session_dir"": ""C:\\Users\\Surettej\\Documents\\Codespace\\eegle\\data\\participants\\sub-001-calibration\\sessions\\2026-07-14\\attention_lapse_go_nogo8_observe_only\\go_nogo\\run-20260714T125304"", ""source"": ""task.go_nogo"", ""stimulus_offset_lsl_timestamp"": 504012.3946114, ""stimulus_offset_monotonic"": 504012.359, ""stimulus_onset_lsl_timestamp"": 504011.5860952, ""stimulus_onset_monotonic"": 504011.562, ""task"": ""go_nogo""}"
5,go_nogo_stimulus_onset_5_go_triangle_yellow,EVENT,504013.093,,"{""color"": ""yellow"", ""expected_frame_interval_ms"": 16.670639999210835, ""expected_refresh_rate_hz"": 60.0, ""expected_visual_onset_lsl_timestamp"": 504013.1161506, ""expected_visual_onset_monotonic"": 504013.093, ""expected_visual_onset_uncertainty_ms"": 8.335319999605417, ""fixed_display_latency_ms"": 0.0, ""flip_lsl_timestamp"": 504013.1161506, ""flip_monotonic"": 504013.093, ""is_no_go"": false, ""lsl_timestamp"": 504013.1161506, ""marker_push_latency_ms"": 0.0, ""measured_refresh_rate_hz"": 59.98569941210048, ""photodiode_verification_enabled"": false, ""scheduled_on_flip"": true, ""shape"": ""triangle"", ""timing_model"": ""psychopy_callOnFlip_plus_fixed_display_latency""}"
5,button_press,EVENT,504013.5677174,space,"{""is_response_key"": true, ""lsl_timestamp"": 504013.590868, ""marker_push_latency_ms"": 0.0, ""rt_from_flip_seconds"": 0.47471739997854456, ""rt_seconds"": 0.47471739997854456}"
5,go_nogo_stimulus_offset_5_go_triangle_yellow,EVENT,504013.89,,"{""color"": ""yellow"", ""expected_frame_interval_ms"": 16.670639999210835, ""expected_refresh_rate_hz"": 60.0, ""expected_visual_onset_lsl_timestamp"": 504013.9248296, ""expected_visual_onset_monotonic"": 504013.89, ""expected_visual_onset_uncertainty_ms"": 8.335319999605417, ""fixed_display_latency_ms"": 0.0, ""flip_lsl_timestamp"": 504013.9248296, ""flip_monotonic"": 504013.89, ""is_no_go"": false, ""lsl_timestamp"": 504013.9248296, ""marker_push_latency_ms"": 0.0, ""measured_refresh_rate_hz"": 59.98569941210048, ""photodiode_verification_enabled"": false, ""scheduled_on_flip"": true, ""shape"": ""triangle"", ""timing_model"": ""psychopy_callOnFlip_plus_fixed_display_latency""}"
5,go_nogo_trial_complete,EVENT,504013.906,,"{""attention_challenge"": {""enabled"": false, ""expected_state"": ""normal"", ""is_cue_trial"": false}, ""button_press_count"": 1, ""commission_error"": 0, ""condition"": ""go"", ""correct"": true, ""correct_press"": 1, ""event_type_name"": ""go_nogo_trial_complete"", ""is_no_go"": false, ""omission_error"": 0, ""practice"": false, ""reaction_time_seconds"": 0.47471739997854456, ""schema_version"": 1, ""session_dir"": ""C:\\Users\\Surettej\\Documents\\Codespace\\eegle\\data\\participants\\sub-001-calibration\\sessions\\2026-07-14\\attention_lapse_go_nogo8_observe_only\\go_nogo\\run-20260714T125304"", ""source"": ""task.go_nogo"", ""stimulus_offset_lsl_timestamp"": 504013.9248296, ""stimulus_offset_monotonic"": 504013.89, ""stimulus_onset_lsl_timestamp"": 504013.1161506, ""stimulus_onset_monotonic"": 504013.093, ""task"": ""go_nogo""}"
6,go_nogo_stimulus_onset_6_go_hexagon_magenta,EVENT,504014.625,,"{""color"": ""magenta"", ""expected_frame_interval_ms"": 16.670639999210835, ""expected_refresh_rate_hz"": 60.0, ""expected_visual_onset_lsl_timestamp"": 504014.6491069, ""expected_visual_onset_monotonic"": 504014.625, ""expected_visual_onset_uncertainty_ms"": 8.335319999605417, ""fixed_display_latency_ms"": 0.0, ""flip_lsl_timestamp"": 504014.6491069, ""flip_monotonic"": 504014.625, ""is_no_go"": false, ""lsl_timestamp"": 504014.6491069, ""marker_push_latency_ms"": 0.0, ""measured_refresh_rate_hz"": 59.98569941210048, ""photodiode_verification_enabled"": false, ""scheduled_on_flip"": true, ""shape"": ""hexagon"", ""timing_model"": ""psychopy_callOnFlip_plus_fixed_display_latency""}"
6,button_press,EVENT,504015.1578878,space,"{""is_response_key"": true, ""lsl_timestamp"": 504015.1819947, ""marker_push_latency_ms"": 0.0, ""rt_from_flip_seconds"": 0.5328878000145778, ""rt_seconds"": 0.5328878000145778}"
6,go_nogo_stimulus_offset_6_go_hexagon_magenta,EVENT,504015.421,,"{""color"": ""magenta"", ""expected_frame_interval_ms"": 16.670639999210835, ""expected_refresh_rate_hz"": 60.0, ""expected_visual_onset_lsl_timestamp"": 504015.4569478, ""expected_visual_onset_monotonic"": 504015.421, ""expected_visual_onset_uncertainty_ms"": 8.335319999605417, ""fixed_display_latency_ms"": 0.0, ""flip_lsl_timestamp"": 504015.4569478, ""flip_monotonic"": 504015.421, ""is_no_go"": false, ""lsl_timestamp"": 504015.4569478, ""marker_push_latency_ms"": 0.0, ""measured_refresh_rate_hz"": 59.98569941210048, ""photodiode_verification_enabled"": false, ""scheduled_on_flip"": true, ""shape"": ""hexagon"", ""timing_model"": ""psychopy_callOnFlip_plus_fixed_display_latency""}"
6,go_nogo_trial_complete,EVENT,504015.437,,"{""attention_challenge"": {""enabled"": false, ""expected_state"": ""normal"", ""is_cue_trial"": false}, ""button_press_count"": 1, ""commission_error"": 0, ""condition"": ""go"", ""correct"": true, ""correct_press"": 1, ""event_type_name"": ""go_nogo_trial_complete"", ""is_no_go"": false, ""omission_error"": 0, ""practice"": false, ""reaction_time_seconds"": 0.5328878000145778, ""schema_version"": 1, ""session_dir"": ""C:\\Users\\Surettej\\Documents\\Codespace\\eegle\\data\\participants\\sub-001-calibration\\sessions\\2026-07-14\\attention_lapse_go_nogo8_observe_only\\go_nogo\\run-20260714T125304"", ""source"": ""task.go_nogo"", ""stimulus_offset_lsl_timestamp"": 504015.4569478, ""stimulus_offset_monotonic"": 504015.421, ""stimulus_onset_lsl_timestamp"": 504014.6491069, ""stimulus_onset_monotonic"": 504014.625, ""task"": ""go_nogo""}"
7,go_nogo_stimulus_onset_7_nogo_x_white,EVENT,504016.156,,"{""color"": ""white"", ""expected_frame_interval_ms"": 16.670639999210835, ""expected_refresh_rate_hz"": 60.0, ""expected_visual_onset_lsl_timestamp"": 504016.1880565, ""expected_visual_onset_monotonic"": 504016.156, ""expected_visual_onset_uncertainty_ms"": 8.335319999605417, ""fixed_display_latency_ms"": 0.0, ""flip_lsl_timestamp"": 504016.1880565, ""flip_monotonic"": 504016.156, ""is_no_go"": true, ""lsl_timestamp"": 504016.1880565, ""marker_push_latency_ms"": 0.0, ""measured_refresh_rate_hz"": 59.98569941210048, ""photodiode_verification_enabled"": false, ""scheduled_on_flip"": true, ""shape"": ""x"", ""timing_model"": ""psychopy_callOnFlip_plus_fixed_display_latency""}"
7,go_nogo_stimulus_offset_7_nogo_x_white,EVENT,504016.968,,"{""color"": ""white"", ""expected_frame_interval_ms"": 16.670639999210835, ""expected_refresh_rate_hz"": 60.0, ""expected_visual_onset_lsl_timestamp"": 504016.9966661, ""expected_visual_onset_monotonic"": 504016.968, ""expected_visual_onset_uncertainty_ms"": 8.335319999605417, ""fixed_display_latency_ms"": 0.0, ""flip_lsl_timestamp"": 504016.9966661, ""flip_monotonic"": 504016.968, ""is_no_go"": true, ""lsl_timestamp"": 504016.9966661, ""marker_push_latency_ms"": 0.0, ""measured_refresh_rate_hz"": 59.98569941210048, ""photodiode_verification_enabled"": false, ""scheduled_on_flip"": true, ""shape"": ""x"", ""timing_model"": ""psychopy_callOnFlip_plus_fixed_display_latency""}"
7,go_nogo_trial_complete,EVENT,504016.968,,"{""attention_challenge"": {""enabled"": false, ""expected_state"": ""normal"", ""is_cue_trial"": false}, ""button_press_count"": 0, ""commission_error"": 0, ""condition"": ""no_go"", ""correct"": true, ""correct_press"": 1, ""event_type_name"": ""go_nogo_trial_complete"", ""is_no_go"": true, ""omission_error"": 0, ""practice"": false, ""reaction_time_seconds"": null, ""schema_version"": 1, ""session_dir"": ""C:\\Users\\Surettej\\Documents\\Codespace\\eegle\\data\\participants\\sub-001-calibration\\sessions\\2026-07-14\\attention_lapse_go_nogo8_observe_only\\go_nogo\\run-20260714T125304"", ""source"": ""task.go_nogo"", ""stimulus_offset_lsl_timestamp"": 504016.9966661, ""stimulus_offset_monotonic"": 504016.968, ""stimulus_onset_lsl_timestamp"": 504016.1880565, ""stimulus_onset_monotonic"": 504016.156, ""task"": ""go_nogo""}"
8,go_nogo_stimulus_onset_8_nogo_x_white,EVENT,504017.703,,"{""color"": ""white"", ""expected_frame_interval_ms"": 16.670639999210835, ""expected_refresh_rate_hz"": 60.0, ""expected_visual_onset_lsl_timestamp"": 504017.7259483, ""expected_visual_onset_monotonic"": 504017.703, ""expected_visual_onset_uncertainty_ms"": 8.335319999605417, ""fixed_display_latency_ms"": 0.0, ""flip_lsl_timestamp"": 504017.7259483, ""flip_monotonic"": 504017.703, ""is_no_go"": true, ""lsl_timestamp"": 504017.7259483, ""marker_push_latency_ms"": 0.0, ""measured_refresh_rate_hz"": 59.98569941210048, ""photodiode_verification_enabled"": false, ""scheduled_on_flip"": true, ""shape"": ""x"", ""timing_model"": ""psychopy_callOnFlip_plus_fixed_display_latency""}"
8,go_nogo_stimulus_offset_8_nogo_x_white,EVENT,504018.5,,"{""color"": ""white"", ""expected_frame_interval_ms"": 16.670639999210835, ""expected_refresh_rate_hz"": 60.0, ""expected_visual_onset_lsl_timestamp"": 504018.5348042, ""expected_visual_onset_monotonic"": 504018.5, ""expected_visual_onset_uncertainty_ms"": 8.335319999605417, ""fixed_display_latency_ms"": 0.0, ""flip_lsl_timestamp"": 504018.5348042, ""flip_monotonic"": 504018.5, ""is_no_go"": true, ""lsl_timestamp"": 504018.5348042, ""marker_push_latency_ms"": 0.0, ""measured_refresh_rate_hz"": 59.98569941210048, ""photodiode_verification_enabled"": false, ""scheduled_on_flip"": true, ""shape"": ""x"", ""timing_model"": ""psychopy_callOnFlip_plus_fixed_display_latency""}"
8,go_nogo_trial_complete,EVENT,504018.515,,"{""attention_challenge"": {""enabled"": false, ""expected_state"": ""normal"", ""is_cue_trial"": false}, ""button_press_count"": 0, ""commission_error"": 0, ""condition"": ""no_go"", ""correct"": true, ""correct_press"": 1, ""event_type_name"": ""go_nogo_trial_complete"", ""is_no_go"": true, ""omission_error"": 0, ""practice"": false, ""reaction_time_seconds"": null, ""schema_version"": 1, ""session_dir"": ""C:\\Users\\Surettej\\Documents\\Codespace\\eegle\\data\\participants\\sub-001-calibration\\sessions\\2026-07-14\\attention_lapse_go_nogo8_observe_only\\go_nogo\\run-20260714T125304"", ""source"": ""task.go_nogo"", ""stimulus_offset_lsl_timestamp"": 504018.5348042, ""stimulus_offset_monotonic"": 504018.5, ""stimulus_onset_lsl_timestamp"": 504017.7259483, ""stimulus_onset_monotonic"": 504017.703, ""task"": ""go_nogo""}"
9,go_nogo_stimulus_onset_9_go_circle_blue,EVENT,504019.25,,"{""color"": ""blue"", ""expected_frame_interval_ms"": 16.670639999210835, ""expected_refresh_rate_hz"": 60.0, ""expected_visual_onset_lsl_timestamp"": 504019.277953, ""expected_visual_onset_monotonic"": 504019.25, ""expected_visual_onset_uncertainty_ms"": 8.335319999605417, ""fixed_display_latency_ms"": 0.0, ""flip_lsl_timestamp"": 504019.277953, ""flip_monotonic"": 504019.25, ""is_no_go"": false, ""lsl_timestamp"": 504019.277953, ""marker_push_latency_ms"": 0.0, ""measured_refresh_rate_hz"": 59.98569941210048, ""photodiode_verification_enabled"": false, ""scheduled_on_flip"": true, ""shape"": ""circle"", ""timing_model"": ""psychopy_callOnFlip_plus_fixed_display_latency""}"
9,button_press,EVENT,504019.6099568,space,"{""is_response_key"": true, ""lsl_timestamp"": 504019.6379098, ""marker_push_latency_ms"": 0.0, ""rt_from_flip_seconds"": 0.35995680000633, ""rt_seconds"": 0.35995680000633}"
9,go_nogo_stimulus_offset_9_go_circle_blue,EVENT,504020.062,,"{""color"": ""blue"", ""expected_frame_interval_ms"": 16.670639999210835, ""expected_refresh_rate_hz"": 60.0, ""expected_visual_onset_lsl_timestamp"": 504020.0848767, ""expected_visual_onset_monotonic"": 504020.062, ""expected_visual_onset_uncertainty_ms"": 8.335319999605417, ""fixed_display_latency_ms"": 0.0, ""flip_lsl_timestamp"": 504020.0848767, ""flip_monotonic"": 504020.062, ""is_no_go"": false, ""lsl_timestamp"": 504020.0848767, ""marker_push_latency_ms"": 0.0, ""measured_refresh_rate_hz"": 59.98569941210048, ""photodiode_verification_enabled"": false, ""scheduled_on_flip"": true, ""shape"": ""circle"", ""timing_model"": ""psychopy_callOnFlip_plus_fixed_display_latency""}"
9,go_nogo_trial_complete,EVENT,504020.062,,"{""attention_challenge"": {""enabled"": false, ""expected_state"": ""normal"", ""is_cue_trial"": false}, ""button_press_count"": 1, ""commission_error"": 0, ""condition"": ""go"", ""correct"": true, ""correct_press"": 1, ""event_type_name"": ""go_nogo_trial_complete"", ""is_no_go"": false, ""omission_error"": 0, ""practice"": false, ""reaction_time_seconds"": 0.35995680000633, ""schema_version"": 1, ""session_dir"": ""C:\\Users\\Surettej\\Documents\\Codespace\\eegle\\data\\participants\\sub-001-calibration\\sessions\\2026-07-14\\attention_lapse_go_nogo8_observe_only\\go_nogo\\run-20260714T125304"", ""source"": ""task.go_nogo"", ""stimulus_offset_lsl_timestamp"": 504020.0848767, ""stimulus_offset_monotonic"": 504020.062, ""stimulus_onset_lsl_timestamp"": 504019.277953, ""stimulus_onset_monotonic"": 504019.25, ""task"": ""go_nogo""}"
10,go_nogo_stimulus_onset_10_go_hexagon_yellow,EVENT,504020.781,,"{""color"": ""yellow"", ""expected_frame_interval_ms"": 16.670639999210835, ""expected_refresh_rate_hz"": 60.0, ""expected_visual_onset_lsl_timestamp"": 504020.8092178, ""expected_visual_onset_monotonic"": 504020.781, ""expected_visual_onset_uncertainty_ms"": 8.335319999605417, ""fixed_display_latency_ms"": 0.0, ""flip_lsl_timestamp"": 504020.8092178, ""flip_monotonic"": 504020.781, ""is_no_go"": false, ""lsl_timestamp"": 504020.8092178, ""marker_push_latency_ms"": 0.0, ""measured_refresh_rate_hz"": 59.98569941210048, ""photodiode_verification_enabled"": false, ""scheduled_on_flip"": true, ""shape"": ""hexagon"", ""timing_model"": ""psychopy_callOnFlip_plus_fixed_display_latency""}"
10,button_press,EVENT,504021.1530111,space,"{""is_response_key"": true, ""lsl_timestamp"": 504021.1812289, ""marker_push_latency_ms"": 0.0, ""rt_from_flip_seconds"": 0.3720111000002362, ""rt_seconds"": 0.3720111000002362}"
10,go_nogo_stimulus_offset_10_go_hexagon_yellow,EVENT,504021.593,,"{""color"": ""yellow"", ""expected_frame_interval_ms"": 16.670639999210835, ""expected_refresh_rate_hz"": 60.0, ""expected_visual_onset_lsl_timestamp"": 504021.6240916, ""expected_visual_onset_monotonic"": 504021.593, ""expected_visual_onset_uncertainty_ms"": 8.335319999605417, ""fixed_display_latency_ms"": 0.0, ""flip_lsl_timestamp"": 504021.6240916, ""flip_monotonic"": 504021.593, ""is_no_go"": false, ""lsl_timestamp"": 504021.6240916, ""marker_push_latency_ms"": 0.0, ""measured_refresh_rate_hz"": 59.98569941210048, ""photodiode_verification_enabled"": false, ""scheduled_on_flip"": true, ""shape"": ""hexagon"", ""timing_model"": ""psychopy_callOnFlip_plus_fixed_display_latency""}"
10,go_nogo_trial_complete,EVENT,504021.609,,"{""attention_challenge"": {""enabled"": false, ""expected_state"": ""normal"", ""is_cue_trial"": false}, ""button_press_count"": 1, ""commission_error"": 0, ""condition"": ""go"", ""correct"": true, ""correct_press"": 1, ""event_type_name"": ""go_nogo_trial_complete"", ""is_no_go"": false, ""omission_error"": 0, ""practice"": false, ""reaction_time_seconds"": 0.3720111000002362, ""schema_version"": 1, ""session_dir"": ""C:\\Users\\Surettej\\Documents\\Codespace\\eegle\\data\\participants\\sub-001-calibration\\sessions\\2026-07-14\\attention_lapse_go_nogo8_observe_only\\go_nogo\\run-20260714T125304"", ""source"": ""task.go_nogo"", ""stimulus_offset_lsl_timestamp"": 504021.6240916, ""stimulus_offset_monotonic"": 504021.593, ""stimulus_onset_lsl_timestamp"": 504020.8092178, ""stimulus_onset_monotonic"": 504020.781, ""task"": ""go_nogo""}"
11,go_nogo_stimulus_onset_11_go_triangle_blue,EVENT,504022.312,,"{""color"": ""blue"", ""expected_frame_interval_ms"": 16.670639999210835, ""expected_refresh_rate_hz"": 60.0, ""expected_visual_onset_lsl_timestamp"": 504022.3479511, ""expected_visual_onset_monotonic"": 504022.312, ""expected_visual_onset_uncertainty_ms"": 8.335319999605417, ""fixed_display_latency_ms"": 0.0, ""flip_lsl_timestamp"": 504022.3479511, ""flip_monotonic"": 504022.312, ""is_no_go"": false, ""lsl_timestamp"": 504022.3479511, ""marker_push_latency_ms"": 0.0, ""measured_refresh_rate_hz"": 59.98569941210048, ""photodiode_verification_enabled"": false, ""scheduled_on_flip"": true, ""shape"": ""triangle"", ""timing_model"": ""psychopy_callOnFlip_plus_fixed_display_latency""}"
11,button_press,EVENT,504022.8019891,space,"{""is_response_key"": true, ""lsl_timestamp"": 504022.8379402, ""marker_push_latency_ms"": 0.0, ""rt_from_flip_seconds"": 0.4899891000241041, ""rt_seconds"": 0.4899891000241041}"
11,go_nogo_stimulus_offset_11_go_triangle_blue,EVENT,504023.125,,"{""color"": ""blue"", ""expected_frame_interval_ms"": 16.670639999210835, ""expected_refresh_rate_hz"": 60.0, ""expected_visual_onset_lsl_timestamp"": 504023.1579997, ""expected_visual_onset_monotonic"": 504023.125, ""expected_visual_onset_uncertainty_ms"": 8.335319999605417, ""fixed_display_latency_ms"": 0.0, ""flip_lsl_timestamp"": 504023.1579997, ""flip_monotonic"": 504023.125, ""is_no_go"": false, ""lsl_timestamp"": 504023.1579997, ""marker_push_latency_ms"": 0.0, ""measured_refresh_rate_hz"": 59.98569941210048, ""photodiode_verification_enabled"": false, ""scheduled_on_flip"": true, ""shape"": ""triangle"", ""timing_model"": ""psychopy_callOnFlip_plus_fixed_display_latency""}"
11,go_nogo_trial_complete,EVENT,504023.14,,"{""attention_challenge"": {""enabled"": false, ""expected_state"": ""normal"", ""is_cue_trial"": false}, ""button_press_count"": 1, ""commission_error"": 0, ""condition"": ""go"", ""correct"": true, ""correct_press"": 1, ""event_type_name"": ""go_nogo_trial_complete"", ""is_no_go"": false, ""omission_error"": 0, ""practice"": false, ""reaction_time_seconds"": 0.4899891000241041, ""schema_version"": 1, ""session_dir"": ""C:\\Users\\Surettej\\Documents\\Codespace\\eegle\\data\\participants\\sub-001-calibration\\sessions\\2026-07-14\\attention_lapse_go_nogo8_observe_only\\go_nogo\\run-20260714T125304"", ""source"": ""task.go_nogo"", ""stimulus_offset_lsl_timestamp"": 504023.1579997, ""stimulus_offset_monotonic"": 504023.125, ""stimulus_onset_lsl_timestamp"": 504022.3479511, ""stimulus_onset_monotonic"": 504022.312, ""task"": ""go_nogo""}"
12,go_nogo_stimulus_onset_12_go_circle_blue,EVENT,504023.875,,"{""color"": ""blue"", ""expected_frame_interval_ms"": 16.670639999210835, ""expected_refresh_rate_hz"": 60.0, ""expected_visual_onset_lsl_timestamp"": 504023.9023705, ""expected_visual_onset_monotonic"": 504023.875, ""expected_visual_onset_uncertainty_ms"": 8.335319999605417, ""fixed_display_latency_ms"": 0.0, ""flip_lsl_timestamp"": 504023.9023705, ""flip_monotonic"": 504023.875, ""is_no_go"": false, ""lsl_timestamp"": 504023.9023705, ""marker_push_latency_ms"": 0.0, ""measured_refresh_rate_hz"": 59.98569941210048, ""photodiode_verification_enabled"": false, ""scheduled_on_flip"": true, ""shape"": ""circle"", ""timing_model"": ""psychopy_callOnFlip_plus_fixed_display_latency""}"
12,button_press,EVENT,504024.31303009996,space,"{""is_response_key"": true, ""lsl_timestamp"": 504024.3404006, ""marker_push_latency_ms"": 0.0, ""rt_from_flip_seconds"": 0.43803009996190667, ""rt_seconds"": 0.43803009996190667}"
12,go_nogo_stimulus_offset_12_go_circle_blue,EVENT,504024.687,,"{""color"": ""blue"", ""expected_frame_interval_ms"": 16.670639999210835, ""expected_refresh_rate_hz"": 60.0, ""expected_visual_onset_lsl_timestamp"": 504024.7089258, ""expected_visual_onset_monotonic"": 504024.687, ""expected_visual_onset_uncertainty_ms"": 8.335319999605417, ""fixed_display_latency_ms"": 0.0, ""flip_lsl_timestamp"": 504024.7089258, ""flip_monotonic"": 504024.687, ""is_no_go"": false, ""lsl_timestamp"": 504024.7089258, ""marker_push_latency_ms"": 0.0, ""measured_refresh_rate_hz"": 59.98569941210048, ""photodiode_verification_enabled"": false, ""scheduled_on_flip"": true, ""shape"": ""circle"", ""timing_model"": ""psychopy_callOnFlip_plus_fixed_display_latency""}"
12,go_nogo_trial_complete,EVENT,504024.687,,"{""attention_challenge"": {""enabled"": false, ""expected_state"": ""normal"", ""is_cue_trial"": false}, ""button_press_count"": 1, ""commission_error"": 0, ""condition"": ""go"", ""correct"": true, ""correct_press"": 1, ""event_type_name"": ""go_nogo_trial_complete"", ""is_no_go"": false, ""omission_error"": 0, ""practice"": false, ""reaction_time_seconds"": 0.43803009996190667, ""schema_version"": 1, ""session_dir"": ""C:\\Users\\Surettej\\Documents\\Codespace\\eegle\\data\\participants\\sub-001-calibration\\sessions\\2026-07-14\\attention_lapse_go_nogo8_observe_only\\go_nogo\\run-20260714T125304"", ""source"": ""task.go_nogo"", ""stimulus_offset_lsl_timestamp"": 504024.7089258, ""stimulus_offset_monotonic"": 504024.687, ""stimulus_onset_lsl_timestamp"": 504023.9023705, ""stimulus_onset_monotonic"": 504023.875, ""task"": ""go_nogo""}"
13,go_nogo_stimulus_onset_13_go_hexagon_yellow,EVENT,504025.406,,"{""color"": ""yellow"", ""expected_frame_interval_ms"": 16.670639999210835, ""expected_refresh_rate_hz"": 60.0, ""expected_visual_onset_lsl_timestamp"": 504025.4314, ""expected_visual_onset_monotonic"": 504025.406, ""expected_visual_onset_uncertainty_ms"": 8.335319999605417, ""fixed_display_latency_ms"": 0.0, ""flip_lsl_timestamp"": 504025.4314, ""flip_monotonic"": 504025.406, ""is_no_go"": false, ""lsl_timestamp"": 504025.4314, ""marker_push_latency_ms"": 0.0, ""measured_refresh_rate_hz"": 59.98569941210048, ""photodiode_verification_enabled"": false, ""scheduled_on_flip"": true, ""shape"": ""hexagon"", ""timing_model"": ""psychopy_callOnFlip_plus_fixed_display_latency""}"
13,button_press,EVENT,504025.95484310004,space,"{""is_response_key"": true, ""lsl_timestamp"": 504025.9802431, ""marker_push_latency_ms"": 0.0, ""rt_from_flip_seconds"": 0.5488431000267155, ""rt_seconds"": 0.5488431000267155}"
13,go_nogo_stimulus_offset_13_go_hexagon_yellow,EVENT,504026.218,,"{""color"": ""yellow"", ""expected_frame_interval_ms"": 16.670639999210835, ""expected_refresh_rate_hz"": 60.0, ""expected_visual_onset_lsl_timestamp"": 504026.2422457, ""expected_visual_onset_monotonic"": 504026.218, ""expected_visual_onset_uncertainty_ms"": 8.335319999605417, ""fixed_display_latency_ms"": 0.0, ""flip_lsl_timestamp"": 504026.2422457, ""flip_monotonic"": 504026.218, ""is_no_go"": false, ""lsl_timestamp"": 504026.2422457, ""marker_push_latency_ms"": 0.0, ""measured_refresh_rate_hz"": 59.98569941210048, ""photodiode_verification_enabled"": false, ""scheduled_on_flip"": true, ""shape"": ""hexagon"", ""timing_model"": ""psychopy_callOnFlip_plus_fixed_display_latency""}"
13,go_nogo_trial_complete,EVENT,504026.218,,"{""attention_challenge"": {""enabled"": false, ""expected_state"": ""normal"", ""is_cue_trial"": false}, ""button_press_count"": 1, ""commission_error"": 0, ""condition"": ""go"", ""correct"": true, ""correct_press"": 1, ""event_type_name"": ""go_nogo_trial_complete"", ""is_no_go"": false, ""omission_error"": 0, ""practice"": false, ""reaction_time_seconds"": 0.5488431000267155, ""schema_version"": 1, ""session_dir"": ""C:\\Users\\Surettej\\Documents\\Codespace\\eegle\\data\\participants\\sub-001-calibration\\sessions\\2026-07-14\\attention_lapse_go_nogo8_observe_only\\go_nogo\\run-20260714T125304"", ""source"": ""task.go_nogo"", ""stimulus_offset_lsl_timestamp"": 504026.2422457, ""stimulus_offset_monotonic"": 504026.218, ""stimulus_onset_lsl_timestamp"": 504025.4314, ""stimulus_onset_monotonic"": 504025.406, ""task"": ""go_nogo""}"
14,go_nogo_stimulus_onset_14_nogo_x_white,EVENT,504026.937,,"{""color"": ""white"", ""expected_frame_interval_ms"": 16.670639999210835, ""expected_refresh_rate_hz"": 60.0, ""expected_visual_onset_lsl_timestamp"": 504026.970643, ""expected_visual_onset_monotonic"": 504026.937, ""expected_visual_onset_uncertainty_ms"": 8.335319999605417, ""fixed_display_latency_ms"": 0.0, ""flip_lsl_timestamp"": 504026.970643, ""flip_monotonic"": 504026.937, ""is_no_go"": true, ""lsl_timestamp"": 504026.970643, ""marker_push_latency_ms"": 0.0, ""measured_refresh_rate_hz"": 59.98569941210048, ""photodiode_verification_enabled"": false, ""scheduled_on_flip"": true, ""shape"": ""x"", ""timing_model"": ""psychopy_callOnFlip_plus_fixed_display_latency""}"
14,button_press,EVENT,504027.5085666,space,"{""is_response_key"": true, ""lsl_timestamp"": 504027.5422096, ""marker_push_latency_ms"": 0.0, ""rt_from_flip_seconds"": 0.5715666000032797, ""rt_seconds"": 0.5715666000032797}"
14,go_nogo_stimulus_offset_14_nogo_x_white,EVENT,504027.765,,"{""color"": ""white"", ""expected_frame_interval_ms"": 16.670639999210835, ""expected_refresh_rate_hz"": 60.0, ""expected_visual_onset_lsl_timestamp"": 504027.7929754, ""expected_visual_onset_monotonic"": 504027.765, ""expected_visual_onset_uncertainty_ms"": 8.335319999605417, ""fixed_display_latency_ms"": 0.0, ""flip_lsl_timestamp"": 504027.7929754, ""flip_monotonic"": 504027.765, ""is_no_go"": true, ""lsl_timestamp"": 504027.7929754, ""marker_push_latency_ms"": 0.0, ""measured_refresh_rate_hz"": 59.98569941210048, ""photodiode_verification_enabled"": false, ""scheduled_on_flip"": true, ""shape"": ""x"", ""timing_model"": ""psychopy_callOnFlip_plus_fixed_display_latency""}"
14,go_nogo_trial_complete,EVENT,504027.765,,"{""attention_challenge"": {""enabled"": false, ""expected_state"": ""normal"", ""is_cue_trial"": false}, ""button_press_count"": 1, ""commission_error"": 1, ""condition"": ""no_go"", ""correct"": false, ""correct_press"": 0, ""event_type_name"": ""go_nogo_trial_complete"", ""is_no_go"": true, ""omission_error"": 0, ""practice"": false, ""reaction_time_seconds"": 0.5715666000032797, ""schema_version"": 1, ""session_dir"": ""C:\\Users\\Surettej\\Documents\\Codespace\\eegle\\data\\participants\\sub-001-calibration\\sessions\\2026-07-14\\attention_lapse_go_nogo8_observe_only\\go_nogo\\run-20260714T125304"", ""source"": ""task.go_nogo"", ""stimulus_offset_lsl_timestamp"": 504027.7929754, ""stimulus_offset_monotonic"": 504027.765, ""stimulus_onset_lsl_timestamp"": 504026.970643, ""stimulus_onset_monotonic"": 504026.937, ""task"": ""go_nogo""}"
15,go_nogo_stimulus_onset_15_nogo_x_white,EVENT,504028.5,,"{""color"": ""white"", ""expected_frame_interval_ms"": 16.670639999210835, ""expected_refresh_rate_hz"": 60.0, ""expected_visual_onset_lsl_timestamp"": 504028.5267139, ""expected_visual_onset_monotonic"": 504028.5, ""expected_visual_onset_uncertainty_ms"": 8.335319999605417, ""fixed_display_latency_ms"": 0.0, ""flip_lsl_timestamp"": 504028.5267139, ""flip_monotonic"": 504028.5, ""is_no_go"": true, ""lsl_timestamp"": 504028.5267139, ""marker_push_latency_ms"": 0.0, ""measured_refresh_rate_hz"": 59.98569941210048, ""photodiode_verification_enabled"": false, ""scheduled_on_flip"": true, ""shape"": ""x"", ""timing_model"": ""psychopy_callOnFlip_plus_fixed_display_latency""}"
15,go_nogo_stimulus_offset_15_nogo_x_white,EVENT,504029.312,,"{""color"": ""white"", ""expected_frame_interval_ms"": 16.670639999210835, ""expected_refresh_rate_hz"": 60.0, ""expected_visual_onset_lsl_timestamp"": 504029.3347218, ""expected_visual_onset_monotonic"": 504029.312, ""expected_visual_onset_uncertainty_ms"": 8.335319999605417, ""fixed_display_latency_ms"": 0.0, ""flip_lsl_timestamp"": 504029.3347218, ""flip_monotonic"": 504029.312, ""is_no_go"": true, ""lsl_timestamp"": 504029.3347218, ""marker_push_latency_ms"": 0.0, ""measured_refresh_rate_hz"": 59.98569941210048, ""photodiode_verification_enabled"": false, ""scheduled_on_flip"": true, ""shape"": ""x"", ""timing_model"": ""psychopy_callOnFlip_plus_fixed_display_latency""}"
15,go_nogo_trial_complete,EVENT,504029.312,,"{""attention_challenge"": {""enabled"": false, ""expected_state"": ""normal"", ""is_cue_trial"": false}, ""button_press_count"": 0, ""commission_error"": 0, ""condition"": ""no_go"", ""correct"": true, ""correct_press"": 1, ""event_type_name"": ""go_nogo_trial_complete"", ""is_no_go"": true, ""omission_error"": 0, ""practice"": false, ""reaction_time_seconds"": null, ""schema_version"": 1, ""session_dir"": ""C:\\Users\\Surettej\\Documents\\Codespace\\eegle\\data\\participants\\sub-001-calibration\\sessions\\2026-07-14\\attention_lapse_go_nogo8_observe_only\\go_nogo\\run-20260714T125304"", ""source"": ""task.go_nogo"", ""stimulus_offset_lsl_timestamp"": 504029.3347218, ""stimulus_offset_monotonic"": 504029.312, ""stimulus_onset_lsl_timestamp"": 504028.5267139, ""stimulus_onset_monotonic"": 504028.5, ""task"": ""go_nogo""}"
16,go_nogo_stimulus_onset_16_go_star_magenta,EVENT,504030.031,,"{""color"": ""magenta"", ""expected_frame_interval_ms"": 16.670639999210835, ""expected_refresh_rate_hz"": 60.0, ""expected_visual_onset_lsl_timestamp"": 504030.0600718, ""expected_visual_onset_monotonic"": 504030.031, ""expected_visual_onset_uncertainty_ms"": 8.335319999605417, ""fixed_display_latency_ms"": 0.0, ""flip_lsl_timestamp"": 504030.0600718, ""flip_monotonic"": 504030.031, ""is_no_go"": false, ""lsl_timestamp"": 504030.0600718, ""marker_push_latency_ms"": 0.0, ""measured_refresh_rate_hz"": 59.98569941210048, ""photodiode_verification_enabled"": false, ""scheduled_on_flip"": true, ""shape"": ""star"", ""timing_model"": ""psychopy_callOnFlip_plus_fixed_display_latency""}"
16,go_nogo_stimulus_offset_16_go_star_magenta,EVENT,504030.843,,"{""color"": ""magenta"", ""expected_frame_interval_ms"": 16.670639999210835, ""expected_refresh_rate_hz"": 60.0, ""expected_visual_onset_lsl_timestamp"": 504030.867765, ""expected_visual_onset_monotonic"": 504030.843, ""expected_visual_onset_uncertainty_ms"": 8.335319999605417, ""fixed_display_latency_ms"": 0.0, ""flip_lsl_timestamp"": 504030.867765, ""flip_monotonic"": 504030.843, ""is_no_go"": false, ""lsl_timestamp"": 504030.867765, ""marker_push_latency_ms"": 0.0, ""measured_refresh_rate_hz"": 59.98569941210048, ""photodiode_verification_enabled"": false, ""scheduled_on_flip"": true, ""shape"": ""star"", ""timing_model"": ""psychopy_callOnFlip_plus_fixed_display_latency""}"
16,go_nogo_trial_complete,EVENT,504030.843,,"{""attention_challenge"": {""enabled"": false, ""expected_state"": ""normal"", ""is_cue_trial"": false}, ""button_press_count"": 0, ""commission_error"": 0, ""condition"": ""go"", ""correct"": false, ""correct_press"": 0, ""event_type_name"": ""go_nogo_trial_complete"", ""is_no_go"": false, ""omission_error"": 1, ""practice"": false, ""reaction_time_seconds"": null, ""schema_version"": 1, ""session_dir"": ""C:\\Users\\Surettej\\Documents\\Codespace\\eegle\\data\\participants\\sub-001-calibration\\sessions\\2026-07-14\\attention_lapse_go_nogo8_observe_only\\go_nogo\\run-20260714T125304"", ""source"": ""task.go_nogo"", ""stimulus_offset_lsl_timestamp"": 504030.867765, ""stimulus_offset_monotonic"": 504030.843, ""stimulus_onset_lsl_timestamp"": 504030.0600718, ""stimulus_onset_monotonic"": 504030.031, ""task"": ""go_nogo""}"
17,go_nogo_stimulus_onset_17_go_square_green,EVENT,504031.562,,"{""color"": ""green"", ""expected_frame_interval_ms"": 16.670639999210835, ""expected_refresh_rate_hz"": 60.0, ""expected_visual_onset_lsl_timestamp"": 504031.5973961, ""expected_visual_onset_monotonic"": 504031.562, ""expected_visual_onset_uncertainty_ms"": 8.335319999605417, ""fixed_display_latency_ms"": 0.0, ""flip_lsl_timestamp"": 504031.5973961, ""flip_monotonic"": 504031.562, ""is_no_go"": false, ""lsl_timestamp"": 504031.5973961, ""marker_push_latency_ms"": 0.0, ""measured_refresh_rate_hz"": 59.98569941210048, ""photodiode_verification_enabled"": false, ""scheduled_on_flip"": true, ""shape"": ""square"", ""timing_model"": ""psychopy_callOnFlip_plus_fixed_display_latency""}"
17,go_nogo_stimulus_offset_17_go_square_green,EVENT,504032.375,,"{""color"": ""green"", ""expected_frame_interval_ms"": 16.670639999210835, ""expected_refresh_rate_hz"": 60.0, ""expected_visual_onset_lsl_timestamp"": 504032.4054575, ""expected_visual_onset_monotonic"": 504032.375, ""expected_visual_onset_uncertainty_ms"": 8.335319999605417, ""fixed_display_latency_ms"": 0.0, ""flip_lsl_timestamp"": 504032.4054575, ""flip_monotonic"": 504032.375, ""is_no_go"": false, ""lsl_timestamp"": 504032.4054575, ""marker_push_latency_ms"": 0.0, ""measured_refresh_rate_hz"": 59.98569941210048, ""photodiode_verification_enabled"": false, ""scheduled_on_flip"": true, ""shape"": ""square"", ""timing_model"": ""psychopy_callOnFlip_plus_fixed_display_latency""}"
17,go_nogo_trial_complete,EVENT,504032.39,,"{""attention_challenge"": {""enabled"": false, ""expected_state"": ""normal"", ""is_cue_trial"": false}, ""button_press_count"": 0, ""commission_error"": 0, ""condition"": ""go"", ""correct"": false, ""correct_press"": 0, ""event_type_name"": ""go_nogo_trial_complete"", ""is_no_go"": false, ""omission_error"": 1, ""practice"": false, ""reaction_time_seconds"": null, ""schema_version"": 1, ""session_dir"": ""C:\\Users\\Surettej\\Documents\\Codespace\\eegle\\data\\participants\\sub-001-calibration\\sessions\\2026-07-14\\attention_lapse_go_nogo8_observe_only\\go_nogo\\run-20260714T125304"", ""source"": ""task.go_nogo"", ""stimulus_offset_lsl_timestamp"": 504032.4054575, ""stimulus_offset_monotonic"": 504032.375, ""stimulus_onset_lsl_timestamp"": 504031.5973961, ""stimulus_onset_monotonic"": 504031.562, ""task"": ""go_nogo""}"
18,go_nogo_stimulus_onset_18_go_hexagon_red,EVENT,504033.109,,"{""color"": ""red"", ""expected_frame_interval_ms"": 16.670639999210835, ""expected_refresh_rate_hz"": 60.0, ""expected_visual_onset_lsl_timestamp"": 504033.1306697, ""expected_visual_onset_monotonic"": 504033.109, ""expected_visual_onset_uncertainty_ms"": 8.335319999605417, ""fixed_display_latency_ms"": 0.0, ""flip_lsl_timestamp"": 504033.1306697, ""flip_monotonic"": 504033.109, ""is_no_go"": false, ""lsl_timestamp"": 504033.1306697, ""marker_push_latency_ms"": 0.0, ""measured_refresh_rate_hz"": 59.98569941210048, ""photodiode_verification_enabled"": false, ""scheduled_on_flip"": true, ""shape"": ""hexagon"", ""timing_model"": ""psychopy_callOnFlip_plus_fixed_display_latency""}"
18,button_press,EVENT,504033.5113382,space,"{""is_response_key"": true, ""lsl_timestamp"": 504033.5330079, ""marker_push_latency_ms"": 0.0, ""rt_from_flip_seconds"": 0.4023382000159472, ""rt_seconds"": 0.4023382000159472}"
18,go_nogo_stimulus_offset_18_go_hexagon_red,EVENT,504033.921,,"{""color"": ""red"", ""expected_frame_interval_ms"": 16.670639999210835, ""expected_refresh_rate_hz"": 60.0, ""expected_visual_onset_lsl_timestamp"": 504033.9462479, ""expected_visual_onset_monotonic"": 504033.921, ""expected_visual_onset_uncertainty_ms"": 8.335319999605417, ""fixed_display_latency_ms"": 0.0, ""flip_lsl_timestamp"": 504033.9462479, ""flip_monotonic"": 504033.921, ""is_no_go"": false, ""lsl_timestamp"": 504033.9462479, ""marker_push_latency_ms"": 0.0, ""measured_refresh_rate_hz"": 59.98569941210048, ""photodiode_verification_enabled"": false, ""scheduled_on_flip"": true, ""shape"": ""hexagon"", ""timing_model"": ""psychopy_callOnFlip_plus_fixed_display_latency""}"
18,go_nogo_trial_complete,EVENT,504033.921,,"{""attention_challenge"": {""enabled"": false, ""expected_state"": ""normal"", ""is_cue_trial"": false}, ""button_press_count"": 1, ""commission_error"": 0, ""condition"": ""go"", ""correct"": true, ""correct_press"": 1, ""event_type_name"": ""go_nogo_trial_complete"", ""is_no_go"": false, ""omission_error"": 0, ""practice"": false, ""reaction_time_seconds"": 0.4023382000159472, ""schema_version"": 1, ""session_dir"": ""C:\\Users\\Surettej\\Documents\\Codespace\\eegle\\data\\participants\\sub-001-calibration\\sessions\\2026-07-14\\attention_lapse_go_nogo8_observe_only\\go_nogo\\run-20260714T125304"", ""source"": ""task.go_nogo"", ""stimulus_offset_lsl_timestamp"": 504033.9462479, ""stimulus_offset_monotonic"": 504033.921, ""stimulus_onset_lsl_timestamp"": 504033.1306697, ""stimulus_onset_monotonic"": 504033.109, ""task"": ""go_nogo""}"
19,go_nogo_stimulus_onset_19_go_triangle_blue,EVENT,504034.656,,"{""color"": ""blue"", ""expected_frame_interval_ms"": 16.670639999210835, ""expected_refresh_rate_hz"": 60.0, ""expected_visual_onset_lsl_timestamp"": 504034.6828343, ""expected_visual_onset_monotonic"": 504034.656, ""expected_visual_onset_uncertainty_ms"": 8.335319999605417, ""fixed_display_latency_ms"": 0.0, ""flip_lsl_timestamp"": 504034.6828343, ""flip_monotonic"": 504034.656, ""is_no_go"": false, ""lsl_timestamp"": 504034.6828343, ""marker_push_latency_ms"": 0.0, ""measured_refresh_rate_hz"": 59.98569941210048, ""photodiode_verification_enabled"": false, ""scheduled_on_flip"": true, ""shape"": ""triangle"", ""timing_model"": ""psychopy_callOnFlip_plus_fixed_display_latency""}"
19,go_nogo_stimulus_offset_19_go_triangle_blue,EVENT,504035.468,,"{""color"": ""blue"", ""expected_frame_interval_ms"": 16.670639999210835, ""expected_refresh_rate_hz"": 60.0, ""expected_visual_onset_lsl_timestamp"": 504035.4968572, ""expected_visual_onset_monotonic"": 504035.468, ""expected_visual_onset_uncertainty_ms"": 8.335319999605417, ""fixed_display_latency_ms"": 0.0, ""flip_lsl_timestamp"": 504035.4968572, ""flip_monotonic"": 504035.468, ""is_no_go"": false, ""lsl_timestamp"": 504035.4968572, ""marker_push_latency_ms"": 0.0, ""measured_refresh_rate_hz"": 59.98569941210048, ""photodiode_verification_enabled"": false, ""scheduled_on_flip"": true, ""shape"": ""triangle"", ""timing_model"": ""psychopy_callOnFlip_plus_fixed_display_latency""}"
19,go_nogo_trial_complete,EVENT,504035.468,,"{""attention_challenge"": {""enabled"": false, ""expected_state"": ""normal"", ""is_cue_trial"": false}, ""button_press_count"": 0, ""commission_error"": 0, ""condition"": ""go"", ""correct"": false, ""correct_press"": 0, ""event_type_name"": ""go_nogo_trial_complete"", ""is_no_go"": false, ""omission_error"": 1, ""practice"": false, ""reaction_time_seconds"": null, ""schema_version"": 1, ""session_dir"": ""C:\\Users\\Surettej\\Documents\\Codespace\\eegle\\data\\participants\\sub-001-calibration\\sessions\\2026-07-14\\attention_lapse_go_nogo8_observe_only\\go_nogo\\run-20260714T125304"", ""source"": ""task.go_nogo"", ""stimulus_offset_lsl_timestamp"": 504035.4968572, ""stimulus_offset_monotonic"": 504035.468, ""stimulus_onset_lsl_timestamp"": 504034.6828343, ""stimulus_onset_monotonic"": 504034.656, ""task"": ""go_nogo""}"
20,go_nogo_stimulus_onset_20_go_circle_green,EVENT,504036.203,,"{""color"": ""green"", ""expected_frame_interval_ms"": 16.670639999210835, ""expected_refresh_rate_hz"": 60.0, ""expected_visual_onset_lsl_timestamp"": 504036.2380307, ""expected_visual_onset_monotonic"": 504036.203, ""expected_visual_onset_uncertainty_ms"": 8.335319999605417, ""fixed_display_latency_ms"": 0.0, ""flip_lsl_timestamp"": 504036.2380307, ""flip_monotonic"": 504036.203, ""is_no_go"": false, ""lsl_timestamp"": 504036.2380307, ""marker_push_latency_ms"": 0.0, ""measured_refresh_rate_hz"": 59.98569941210048, ""photodiode_verification_enabled"": false, ""scheduled_on_flip"": true, ""shape"": ""circle"", ""timing_model"": ""psychopy_callOnFlip_plus_fixed_display_latency""}"
20,button_press,EVENT,504036.82545219996,space,"{""is_response_key"": true, ""lsl_timestamp"": 504036.8604829, ""marker_push_latency_ms"": 0.0, ""rt_from_flip_seconds"": 0.6224521999829449, ""rt_seconds"": 0.6224521999829449}"
20,go_nogo_stimulus_offset_20_go_circle_green,EVENT,504037.015,,"{""color"": ""green"", ""expected_frame_interval_ms"": 16.670639999210835, ""expected_refresh_rate_hz"": 60.0, ""expected_visual_onset_lsl_timestamp"": 504037.0476827, ""expected_visual_onset_monotonic"": 504037.015, ""expected_visual_onset_uncertainty_ms"": 8.335319999605417, ""fixed_display_latency_ms"": 0.0, ""flip_lsl_timestamp"": 504037.0476827, ""flip_monotonic"": 504037.015, ""is_no_go"": false, ""lsl_timestamp"": 504037.0476827, ""marker_push_latency_ms"": 0.0, ""measured_refresh_rate_hz"": 59.98569941210048, ""photodiode_verification_enabled"": false, ""scheduled_on_flip"": true, ""shape"": ""circle"", ""timing_model"": ""psychopy_callOnFlip_plus_fixed_display_latency""}"
20,go_nogo_trial_complete,EVENT,504037.031,,"{""attention_challenge"": {""enabled"": false, ""expected_state"": ""normal"", ""is_cue_trial"": false}, ""button_press_count"": 1, ""commission_error"": 0, ""condition"": ""go"", ""correct"": true, ""correct_press"": 1, ""event_type_name"": ""go_nogo_trial_complete"", ""is_no_go"": false, ""omission_error"": 0, ""practice"": false, ""reaction_time_seconds"": 0.6224521999829449, ""schema_version"": 1, ""session_dir"": ""C:\\Users\\Surettej\\Documents\\Codespace\\eegle\\data\\participants\\sub-001-calibration\\sessions\\2026-07-14\\attention_lapse_go_nogo8_observe_only\\go_nogo\\run-20260714T125304"", ""source"": ""task.go_nogo"", ""stimulus_offset_lsl_timestamp"": 504037.0476827, ""stimulus_offset_monotonic"": 504037.015, ""stimulus_onset_lsl_timestamp"": 504036.2380307, ""stimulus_onset_monotonic"": 504036.203, ""task"": ""go_nogo""}"
21,go_nogo_stimulus_onset_21_go_hexagon_red,EVENT,504037.75,,"{""color"": ""red"", ""expected_frame_interval_ms"": 16.670639999210835, ""expected_refresh_rate_hz"": 60.0, ""expected_visual_onset_lsl_timestamp"": 504037.7732682, ""expected_visual_onset_monotonic"": 504037.75, ""expected_visual_onset_uncertainty_ms"": 8.335319999605417, ""fixed_display_latency_ms"": 0.0, ""flip_lsl_timestamp"": 504037.7732682, ""flip_monotonic"": 504037.75, ""is_no_go"": false, ""lsl_timestamp"": 504037.7732682, ""marker_push_latency_ms"": 0.0, ""measured_refresh_rate_hz"": 59.98569941210048, ""photodiode_verification_enabled"": false, ""scheduled_on_flip"": true, ""shape"": ""hexagon"", ""timing_model"": ""psychopy_callOnFlip_plus_fixed_display_latency""}"
21,button_press,EVENT,504038.17347810004,space,"{""is_response_key"": true, ""lsl_timestamp"": 504038.19674630003, ""marker_push_latency_ms"": 0.0, ""rt_from_flip_seconds"": 0.4234781000413932, ""rt_seconds"": 0.4234781000413932}"
21,go_nogo_stimulus_offset_21_go_hexagon_red,EVENT,504038.546,,"{""color"": ""red"", ""expected_frame_interval_ms"": 16.670639999210835, ""expected_refresh_rate_hz"": 60.0, ""expected_visual_onset_lsl_timestamp"": 504038.5817024, ""expected_visual_onset_monotonic"": 504038.546, ""expected_visual_onset_uncertainty_ms"": 8.335319999605417, ""fixed_display_latency_ms"": 0.0, ""flip_lsl_timestamp"": 504038.5817024, ""flip_monotonic"": 504038.546, ""is_no_go"": false, ""lsl_timestamp"": 504038.5817024, ""marker_push_latency_ms"": 0.0, ""measured_refresh_rate_hz"": 59.98569941210048, ""photodiode_verification_enabled"": false, ""scheduled_on_flip"": true, ""shape"": ""hexagon"", ""timing_model"": ""psychopy_callOnFlip_plus_fixed_display_latency""}"
21,go_nogo_trial_complete,EVENT,504038.562,,"{""attention_challenge"": {""enabled"": false, ""expected_state"": ""normal"", ""is_cue_trial"": false}, ""button_press_count"": 1, ""commission_error"": 0, ""condition"": ""go"", ""correct"": true, ""correct_press"": 1, ""event_type_name"": ""go_nogo_trial_complete"", ""is_no_go"": false, ""omission_error"": 0, ""practice"": false, ""reaction_time_seconds"": 0.4234781000413932, ""schema_version"": 1, ""session_dir"": ""C:\\Users\\Surettej\\Documents\\Codespace\\eegle\\data\\participants\\sub-001-calibration\\sessions\\2026-07-14\\attention_lapse_go_nogo8_observe_only\\go_nogo\\run-20260714T125304"", ""source"": ""task.go_nogo"", ""stimulus_offset_lsl_timestamp"": 504038.5817024, ""stimulus_offset_monotonic"": 504038.546, ""stimulus_onset_lsl_timestamp"": 504037.7732682, ""stimulus_onset_monotonic"": 504037.75, ""task"": ""go_nogo""}"
22,go_nogo_stimulus_onset_22_go_square_red,EVENT,504039.281,,"{""color"": ""red"", ""expected_frame_interval_ms"": 16.670639999210835, ""expected_refresh_rate_hz"": 60.0, ""expected_visual_onset_lsl_timestamp"": 504039.3053645, ""expected_visual_onset_monotonic"": 504039.281, ""expected_visual_onset_uncertainty_ms"": 8.335319999605417, ""fixed_display_latency_ms"": 0.0, ""flip_lsl_timestamp"": 504039.3053645, ""flip_monotonic"": 504039.281, ""is_no_go"": false, ""lsl_timestamp"": 504039.3053645, ""marker_push_latency_ms"": 0.0, ""measured_refresh_rate_hz"": 59.98569941210048, ""photodiode_verification_enabled"": false, ""scheduled_on_flip"": true, ""shape"": ""square"", ""timing_model"": ""psychopy_callOnFlip_plus_fixed_display_latency""}"
22,button_press,EVENT,504039.6124023,space,"{""is_response_key"": true, ""lsl_timestamp"": 504039.63676679996, ""marker_push_latency_ms"": 0.0, ""rt_from_flip_seconds"": 0.3314022999838926, ""rt_seconds"": 0.3314022999838926}"
22,go_nogo_stimulus_offset_22_go_square_red,EVENT,504040.093,,"{""color"": ""red"", ""expected_frame_interval_ms"": 16.670639999210835, ""expected_refresh_rate_hz"": 60.0, ""expected_visual_onset_lsl_timestamp"": 504040.1179492, ""expected_visual_onset_monotonic"": 504040.093, ""expected_visual_onset_uncertainty_ms"": 8.335319999605417, ""fixed_display_latency_ms"": 0.0, ""flip_lsl_timestamp"": 504040.1179492, ""flip_monotonic"": 504040.093, ""is_no_go"": false, ""lsl_timestamp"": 504040.1179492, ""marker_push_latency_ms"": 0.0, ""measured_refresh_rate_hz"": 59.98569941210048, ""photodiode_verification_enabled"": false, ""scheduled_on_flip"": true, ""shape"": ""square"", ""timing_model"": ""psychopy_callOnFlip_plus_fixed_display_latency""}"
22,go_nogo_trial_complete,EVENT,504040.093,,"{""attention_challenge"": {""enabled"": false, ""expected_state"": ""normal"", ""is_cue_trial"": false}, ""button_press_count"": 1, ""commission_error"": 0, ""condition"": ""go"", ""correct"": true, ""correct_press"": 1, ""event_type_name"": ""go_nogo_trial_complete"", ""is_no_go"": false, ""omission_error"": 0, ""practice"": false, ""reaction_time_seconds"": 0.3314022999838926, ""schema_version"": 1, ""session_dir"": ""C:\\Users\\Surettej\\Documents\\Codespace\\eegle\\data\\participants\\sub-001-calibration\\sessions\\2026-07-14\\attention_lapse_go_nogo8_observe_only\\go_nogo\\run-20260714T125304"", ""source"": ""task.go_nogo"", ""stimulus_offset_lsl_timestamp"": 504040.1179492, ""stimulus_offset_monotonic"": 504040.093, ""stimulus_onset_lsl_timestamp"": 504039.3053645, ""stimulus_onset_monotonic"": 504039.281, ""task"": ""go_nogo""}"
23,go_nogo_stimulus_onset_23_go_square_red,EVENT,504040.828,,"{""color"": ""red"", ""expected_frame_interval_ms"": 16.670639999210835, ""expected_refresh_rate_hz"": 60.0, ""expected_visual_onset_lsl_timestamp"": 504040.8495391, ""expected_visual_onset_monotonic"": 504040.828, ""expected_visual_onset_uncertainty_ms"": 8.335319999605417, ""fixed_display_latency_ms"": 0.0, ""flip_lsl_timestamp"": 504040.8495391, ""flip_monotonic"": 504040.828, ""is_no_go"": false, ""lsl_timestamp"": 504040.8495391, ""marker_push_latency_ms"": 0.0, ""measured_refresh_rate_hz"": 59.98569941210048, ""photodiode_verification_enabled"": false, ""scheduled_on_flip"": true, ""shape"": ""square"", ""timing_model"": ""psychopy_callOnFlip_plus_fixed_display_latency""}"
23,button_press,EVENT,504041.1599021,space,"{""is_response_key"": true, ""lsl_timestamp"": 504041.1814412, ""marker_push_latency_ms"": 0.0, ""rt_from_flip_seconds"": 0.3319021000061184, ""rt_seconds"": 0.3319021000061184}"
23,go_nogo_stimulus_offset_23_go_square_red,EVENT,504041.64,,"{""color"": ""red"", ""expected_frame_interval_ms"": 16.670639999210835, ""expected_refresh_rate_hz"": 60.0, ""expected_visual_onset_lsl_timestamp"": 504041.666345, ""expected_visual_onset_monotonic"": 504041.64, ""expected_visual_onset_uncertainty_ms"": 8.335319999605417, ""fixed_display_latency_ms"": 0.0, ""flip_lsl_timestamp"": 504041.666345, ""flip_monotonic"": 504041.64, ""is_no_go"": false, ""lsl_timestamp"": 504041.666345, ""marker_push_latency_ms"": 0.0, ""measured_refresh_rate_hz"": 59.98569941210048, ""photodiode_verification_enabled"": false, ""scheduled_on_flip"": true, ""shape"": ""square"", ""timing_model"": ""psychopy_callOnFlip_plus_fixed_display_latency""}"
23,go_nogo_trial_complete,EVENT,504041.64,,"{""attention_challenge"": {""enabled"": false, ""expected_state"": ""normal"", ""is_cue_trial"": false}, ""button_press_count"": 1, ""commission_error"": 0, ""condition"": ""go"", ""correct"": true, ""correct_press"": 1, ""event_type_name"": ""go_nogo_trial_complete"", ""is_no_go"": false, ""omission_error"": 0, ""practice"": false, ""reaction_time_seconds"": 0.3319021000061184, ""schema_version"": 1, ""session_dir"": ""C:\\Users\\Surettej\\Documents\\Codespace\\eegle\\data\\participants\\sub-001-calibration\\sessions\\2026-07-14\\attention_lapse_go_nogo8_observe_only\\go_nogo\\run-20260714T125304"", ""source"": ""task.go_nogo"", ""stimulus_offset_lsl_timestamp"": 504041.666345, ""stimulus_offset_monotonic"": 504041.64, ""stimulus_onset_lsl_timestamp"": 504040.8495391, ""stimulus_onset_monotonic"": 504040.828, ""task"": ""go_nogo""}"
24,go_nogo_stimulus_onset_24_nogo_x_white,EVENT,504042.375,,"{""color"": ""white"", ""expected_frame_interval_ms"": 16.670639999210835, ""expected_refresh_rate_hz"": 60.0, ""expected_visual_onset_lsl_timestamp"": 504042.401433, ""expected_visual_onset_monotonic"": 504042.375, ""expected_visual_onset_uncertainty_ms"": 8.335319999605417, ""fixed_display_latency_ms"": 0.0, ""flip_lsl_timestamp"": 504042.401433, ""flip_monotonic"": 504042.375, ""is_no_go"": true, ""lsl_timestamp"": 504042.401433, ""marker_push_latency_ms"": 0.0, ""measured_refresh_rate_hz"": 59.98569941210048, ""photodiode_verification_enabled"": false, ""scheduled_on_flip"": true, ""shape"": ""x"", ""timing_model"": ""psychopy_callOnFlip_plus_fixed_display_latency""}"
24,go_nogo_stimulus_offset_24_nogo_x_white,EVENT,504043.187,,"{""color"": ""white"", ""expected_frame_interval_ms"": 16.670639999210835, ""expected_refresh_rate_hz"": 60.0, ""expected_visual_onset_lsl_timestamp"": 504043.2171224, ""expected_visual_onset_monotonic"": 504043.187, ""expected_visual_onset_uncertainty_ms"": 8.335319999605417, ""fixed_display_latency_ms"": 0.0, ""flip_lsl_timestamp"": 504043.2171224, ""flip_monotonic"": 504043.187, ""is_no_go"": true, ""lsl_timestamp"": 504043.2171224, ""marker_push_latency_ms"": 0.0, ""measured_refresh_rate_hz"": 59.98569941210048, ""photodiode_verification_enabled"": false, ""scheduled_on_flip"": true, ""shape"": ""x"", ""timing_model"": ""psychopy_callOnFlip_plus_fixed_display_latency""}"
24,go_nogo_trial_complete,EVENT,504043.187,,"{""attention_challenge"": {""enabled"": false, ""expected_state"": ""normal"", ""is_cue_trial"": false}, ""button_press_count"": 0, ""commission_error"": 0, ""condition"": ""no_go"", ""correct"": true, ""correct_press"": 1, ""event_type_name"": ""go_nogo_trial_complete"", ""is_no_go"": true, ""omission_error"": 0, ""practice"": false, ""reaction_time_seconds"": null, ""schema_version"": 1, ""session_dir"": ""C:\\Users\\Surettej\\Documents\\Codespace\\eegle\\data\\participants\\sub-001-calibration\\sessions\\2026-07-14\\attention_lapse_go_nogo8_observe_only\\go_nogo\\run-20260714T125304"", ""source"": ""task.go_nogo"", ""stimulus_offset_lsl_timestamp"": 504043.2171224, ""stimulus_offset_monotonic"": 504043.187, ""stimulus_onset_lsl_timestamp"": 504042.401433, ""stimulus_onset_monotonic"": 504042.375, ""task"": ""go_nogo""}"
25,go_nogo_stimulus_onset_25_go_circle_blue,EVENT,504043.937,,"{""color"": ""blue"", ""expected_frame_interval_ms"": 16.670639999210835, ""expected_refresh_rate_hz"": 60.0, ""expected_visual_onset_lsl_timestamp"": 504043.9592419, ""expected_visual_onset_monotonic"": 504043.937, ""expected_visual_onset_uncertainty_ms"": 8.335319999605417, ""fixed_display_latency_ms"": 0.0, ""flip_lsl_timestamp"": 504043.9592419, ""flip_monotonic"": 504043.937, ""is_no_go"": false, ""lsl_timestamp"": 504043.9592419, ""marker_push_latency_ms"": 0.0, ""measured_refresh_rate_hz"": 59.98569941210048, ""photodiode_verification_enabled"": false, ""scheduled_on_flip"": true, ""shape"": ""circle"", ""timing_model"": ""psychopy_callOnFlip_plus_fixed_display_latency""}"
25,button_press,EVENT,504044.3188502,space,"{""is_response_key"": true, ""lsl_timestamp"": 504044.3410921, ""marker_push_latency_ms"": 0.0, ""rt_from_flip_seconds"": 0.3818502000067383, ""rt_seconds"": 0.3818502000067383}"
25,go_nogo_stimulus_offset_25_go_circle_blue,EVENT,504044.734,,"{""color"": ""blue"", ""expected_frame_interval_ms"": 16.670639999210835, ""expected_refresh_rate_hz"": 60.0, ""expected_visual_onset_lsl_timestamp"": 504044.7690799, ""expected_visual_onset_monotonic"": 504044.734, ""expected_visual_onset_uncertainty_ms"": 8.335319999605417, ""fixed_display_latency_ms"": 0.0, ""flip_lsl_timestamp"": 504044.7690799, ""flip_monotonic"": 504044.734, ""is_no_go"": false, ""lsl_timestamp"": 504044.7690799, ""marker_push_latency_ms"": 0.0, ""measured_refresh_rate_hz"": 59.98569941210048, ""photodiode_verification_enabled"": false, ""scheduled_on_flip"": true, ""shape"": ""circle"", ""timing_model"": ""psychopy_callOnFlip_plus_fixed_display_latency""}"
25,go_nogo_trial_complete,EVENT,504044.75,,"{""attention_challenge"": {""enabled"": false, ""expected_state"": ""normal"", ""is_cue_trial"": false}, ""button_press_count"": 1, ""commission_error"": 0, ""condition"": ""go"", ""correct"": true, ""correct_press"": 1, ""event_type_name"": ""go_nogo_trial_complete"", ""is_no_go"": false, ""omission_error"": 0, ""practice"": false, ""reaction_time_seconds"": 0.3818502000067383, ""schema_version"": 1, ""session_dir"": ""C:\\Users\\Surettej\\Documents\\Codespace\\eegle\\data\\participants\\sub-001-calibration\\sessions\\2026-07-14\\attention_lapse_go_nogo8_observe_only\\go_nogo\\run-20260714T125304"", ""source"": ""task.go_nogo"", ""stimulus_offset_lsl_timestamp"": 504044.7690799, ""stimulus_offset_monotonic"": 504044.734, ""stimulus_onset_lsl_timestamp"": 504043.9592419, ""stimulus_onset_monotonic"": 504043.937, ""task"": ""go_nogo""}"
26,go_nogo_stimulus_onset_26_go_hexagon_magenta,EVENT,504045.468,,"{""color"": ""magenta"", ""expected_frame_interval_ms"": 16.670639999210835, ""expected_refresh_rate_hz"": 60.0, ""expected_visual_onset_lsl_timestamp"": 504045.5014777, ""expected_visual_onset_monotonic"": 504045.468, ""expected_visual_onset_uncertainty_ms"": 8.335319999605417, ""fixed_display_latency_ms"": 0.0, ""flip_lsl_timestamp"": 504045.5014777, ""flip_monotonic"": 504045.468, ""is_no_go"": false, ""lsl_timestamp"": 504045.5014777, ""marker_push_latency_ms"": 0.0, ""measured_refresh_rate_hz"": 59.98569941210048, ""photodiode_verification_enabled"": false, ""scheduled_on_flip"": true, ""shape"": ""hexagon"", ""timing_model"": ""psychopy_callOnFlip_plus_fixed_display_latency""}"
26,button_press,EVENT,504045.8766146,space,"{""is_response_key"": true, ""lsl_timestamp"": 504045.91009230004, ""marker_push_latency_ms"": 0.0, ""rt_from_flip_seconds"": 0.4086146000190638, ""rt_seconds"": 0.4086146000190638}"
26,go_nogo_stimulus_offset_26_go_hexagon_magenta,EVENT,504046.281,,"{""color"": ""magenta"", ""expected_frame_interval_ms"": 16.670639999210835, ""expected_refresh_rate_hz"": 60.0, ""expected_visual_onset_lsl_timestamp"": 504046.309505, ""expected_visual_onset_monotonic"": 504046.281, ""expected_visual_onset_uncertainty_ms"": 8.335319999605417, ""fixed_display_latency_ms"": 0.0, ""flip_lsl_timestamp"": 504046.309505, ""flip_monotonic"": 504046.281, ""is_no_go"": false, ""lsl_timestamp"": 504046.309505, ""marker_push_latency_ms"": 0.0, ""measured_refresh_rate_hz"": 59.98569941210048, ""photodiode_verification_enabled"": false, ""scheduled_on_flip"": true, ""shape"": ""hexagon"", ""timing_model"": ""psychopy_callOnFlip_plus_fixed_display_latency""}"
26,go_nogo_trial_complete,EVENT,504046.281,,"{""attention_challenge"": {""enabled"": false, ""expected_state"": ""normal"", ""is_cue_trial"": false}, ""button_press_count"": 1, ""commission_error"": 0, ""condition"": ""go"", ""correct"": true, ""correct_press"": 1, ""event_type_name"": ""go_nogo_trial_complete"", ""is_no_go"": false, ""omission_error"": 0, ""practice"": false, ""reaction_time_seconds"": 0.4086146000190638, ""schema_version"": 1, ""session_dir"": ""C:\\Users\\Surettej\\Documents\\Codespace\\eegle\\data\\participants\\sub-001-calibration\\sessions\\2026-07-14\\attention_lapse_go_nogo8_observe_only\\go_nogo\\run-20260714T125304"", ""source"": ""task.go_nogo"", ""stimulus_offset_lsl_timestamp"": 504046.309505, ""stimulus_offset_monotonic"": 504046.281, ""stimulus_onset_lsl_timestamp"": 504045.5014777, ""stimulus_onset_monotonic"": 504045.468, ""task"": ""go_nogo""}"
27,go_nogo_stimulus_onset_27_go_triangle_green,EVENT,504047.015,,"{""color"": ""green"", ""expected_frame_interval_ms"": 16.670639999210835, ""expected_refresh_rate_hz"": 60.0, ""expected_visual_onset_lsl_timestamp"": 504047.0376956, ""expected_visual_onset_monotonic"": 504047.015, ""expected_visual_onset_uncertainty_ms"": 8.335319999605417, ""fixed_display_latency_ms"": 0.0, ""flip_lsl_timestamp"": 504047.0376956, ""flip_monotonic"": 504047.015, ""is_no_go"": false, ""lsl_timestamp"": 504047.0376956, ""marker_push_latency_ms"": 0.0, ""measured_refresh_rate_hz"": 59.98569941210048, ""photodiode_verification_enabled"": false, ""scheduled_on_flip"": true, ""shape"": ""triangle"", ""timing_model"": ""psychopy_callOnFlip_plus_fixed_display_latency""}"
27,button_press,EVENT,504047.43736220006,space,"{""is_response_key"": true, ""lsl_timestamp"": 504047.46005780005, ""marker_push_latency_ms"": 0.0, ""rt_from_flip_seconds"": 0.42236220004269853, ""rt_seconds"": 0.42236220004269853}"
27,go_nogo_stimulus_offset_27_go_triangle_green,EVENT,504047.812,,"{""color"": ""green"", ""expected_frame_interval_ms"": 16.670639999210835, ""expected_refresh_rate_hz"": 60.0, ""expected_visual_onset_lsl_timestamp"": 504047.8454554, ""expected_visual_onset_monotonic"": 504047.812, ""expected_visual_onset_uncertainty_ms"": 8.335319999605417, ""fixed_display_latency_ms"": 0.0, ""flip_lsl_timestamp"": 504047.8454554, ""flip_monotonic"": 504047.812, ""is_no_go"": false, ""lsl_timestamp"": 504047.8454554, ""marker_push_latency_ms"": 0.0, ""measured_refresh_rate_hz"": 59.98569941210048, ""photodiode_verification_enabled"": false, ""scheduled_on_flip"": true, ""shape"": ""triangle"", ""timing_model"": ""psychopy_callOnFlip_plus_fixed_display_latency""}"
27,go_nogo_trial_complete,EVENT,504047.828,,"{""attention_challenge"": {""enabled"": false, ""expected_state"": ""normal"", ""is_cue_trial"": false}, ""button_press_count"": 1, ""commission_error"": 0, ""condition"": ""go"", ""correct"": true, ""correct_press"": 1, ""event_type_name"": ""go_nogo_trial_complete"", ""is_no_go"": false, ""omission_error"": 0, ""practice"": false, ""reaction_time_seconds"": 0.42236220004269853, ""schema_version"": 1, ""session_dir"": ""C:\\Users\\Surettej\\Documents\\Codespace\\eegle\\data\\participants\\sub-001-calibration\\sessions\\2026-07-14\\attention_lapse_go_nogo8_observe_only\\go_nogo\\run-20260714T125304"", ""source"": ""task.go_nogo"", ""stimulus_offset_lsl_timestamp"": 504047.8454554, ""stimulus_offset_monotonic"": 504047.812, ""stimulus_onset_lsl_timestamp"": 504047.0376956, ""stimulus_onset_monotonic"": 504047.015, ""task"": ""go_nogo""}"
28,go_nogo_stimulus_onset_28_go_hexagon_green,EVENT,504048.546,,"{""color"": ""green"", ""expected_frame_interval_ms"": 16.670639999210835, ""expected_refresh_rate_hz"": 60.0, ""expected_visual_onset_lsl_timestamp"": 504048.5717596, ""expected_visual_onset_monotonic"": 504048.546, ""expected_visual_onset_uncertainty_ms"": 8.335319999605417, ""fixed_display_latency_ms"": 0.0, ""flip_lsl_timestamp"": 504048.5717596, ""flip_monotonic"": 504048.546, ""is_no_go"": false, ""lsl_timestamp"": 504048.5717596, ""marker_push_latency_ms"": 0.0, ""measured_refresh_rate_hz"": 59.98569941210048, ""photodiode_verification_enabled"": false, ""scheduled_on_flip"": true, ""shape"": ""hexagon"", ""timing_model"": ""psychopy_callOnFlip_plus_fixed_display_latency""}"
28,go_nogo_stimulus_offset_28_go_hexagon_green,EVENT,504049.359,,"{""color"": ""green"", ""expected_frame_interval_ms"": 16.670639999210835, ""expected_refresh_rate_hz"": 60.0, ""expected_visual_onset_lsl_timestamp"": 504049.3819364, ""expected_visual_onset_monotonic"": 504049.359, ""expected_visual_onset_uncertainty_ms"": 8.335319999605417, ""fixed_display_latency_ms"": 0.0, ""flip_lsl_timestamp"": 504049.3819364, ""flip_monotonic"": 504049.359, ""is_no_go"": false, ""lsl_timestamp"": 504049.3819364, ""marker_push_latency_ms"": 0.0, ""measured_refresh_rate_hz"": 59.98569941210048, ""photodiode_verification_enabled"": false, ""scheduled_on_flip"": true, ""shape"": ""hexagon"", ""timing_model"": ""psychopy_callOnFlip_plus_fixed_display_latency""}"
28,go_nogo_trial_complete,EVENT,504049.359,,"{""attention_challenge"": {""enabled"": false, ""expected_state"": ""normal"", ""is_cue_trial"": false}, ""button_press_count"": 0, ""commission_error"": 0, ""condition"": ""go"", ""correct"": false, ""correct_press"": 0, ""event_type_name"": ""go_nogo_trial_complete"", ""is_no_go"": false, ""omission_error"": 1, ""practice"": false, ""reaction_time_seconds"": null, ""schema_version"": 1, ""session_dir"": ""C:\\Users\\Surettej\\Documents\\Codespace\\eegle\\data\\participants\\sub-001-calibration\\sessions\\2026-07-14\\attention_lapse_go_nogo8_observe_only\\go_nogo\\run-20260714T125304"", ""source"": ""task.go_nogo"", ""stimulus_offset_lsl_timestamp"": 504049.3819364, ""stimulus_offset_monotonic"": 504049.359, ""stimulus_onset_lsl_timestamp"": 504048.5717596, ""stimulus_onset_monotonic"": 504048.546, ""task"": ""go_nogo""}"
29,go_nogo_stimulus_onset_29_go_star_blue,EVENT,504050.093,,"{""color"": ""blue"", ""expected_frame_interval_ms"": 16.670639999210835, ""expected_refresh_rate_hz"": 60.0, ""expected_visual_onset_lsl_timestamp"": 504050.1205861, ""expected_visual_onset_monotonic"": 504050.093, ""expected_visual_onset_uncertainty_ms"": 8.335319999605417, ""fixed_display_latency_ms"": 0.0, ""flip_lsl_timestamp"": 504050.1205861, ""flip_monotonic"": 504050.093, ""is_no_go"": false, ""lsl_timestamp"": 504050.1205861, ""marker_push_latency_ms"": 0.0, ""measured_refresh_rate_hz"": 59.98569941210048, ""photodiode_verification_enabled"": false, ""scheduled_on_flip"": true, ""shape"": ""star"", ""timing_model"": ""psychopy_callOnFlip_plus_fixed_display_latency""}"
29,button_press,EVENT,504050.7872772,space,"{""is_response_key"": true, ""lsl_timestamp"": 504050.8148633, ""marker_push_latency_ms"": 0.0, ""rt_from_flip_seconds"": 0.6942772000329569, ""rt_seconds"": 0.6942772000329569}"
29,go_nogo_stimulus_offset_29_go_star_blue,EVENT,504050.906,,"{""color"": ""blue"", ""expected_frame_interval_ms"": 16.670639999210835, ""expected_refresh_rate_hz"": 60.0, ""expected_visual_onset_lsl_timestamp"": 504050.9302063, ""expected_visual_onset_monotonic"": 504050.906, ""expected_visual_onset_uncertainty_ms"": 8.335319999605417, ""fixed_display_latency_ms"": 0.0, ""flip_lsl_timestamp"": 504050.9302063, ""flip_monotonic"": 504050.906, ""is_no_go"": false, ""lsl_timestamp"": 504050.9302063, ""marker_push_latency_ms"": 0.0, ""measured_refresh_rate_hz"": 59.98569941210048, ""photodiode_verification_enabled"": false, ""scheduled_on_flip"": true, ""shape"": ""star"", ""timing_model"": ""psychopy_callOnFlip_plus_fixed_display_latency""}"
29,go_nogo_trial_complete,EVENT,504050.906,,"{""attention_challenge"": {""enabled"": false, ""expected_state"": ""normal"", ""is_cue_trial"": false}, ""button_press_count"": 1, ""commission_error"": 0, ""condition"": ""go"", ""correct"": true, ""correct_press"": 1, ""event_type_name"": ""go_nogo_trial_complete"", ""is_no_go"": false, ""omission_error"": 0, ""practice"": false, ""reaction_time_seconds"": 0.6942772000329569, ""schema_version"": 1, ""session_dir"": ""C:\\Users\\Surettej\\Documents\\Codespace\\eegle\\data\\participants\\sub-001-calibration\\sessions\\2026-07-14\\attention_lapse_go_nogo8_observe_only\\go_nogo\\run-20260714T125304"", ""source"": ""task.go_nogo"", ""stimulus_offset_lsl_timestamp"": 504050.9302063, ""stimulus_offset_monotonic"": 504050.906, ""stimulus_onset_lsl_timestamp"": 504050.1205861, ""stimulus_onset_monotonic"": 504050.093, ""task"": ""go_nogo""}"
30,go_nogo_stimulus_onset_30_nogo_x_white,EVENT,504051.64,,"{""color"": ""white"", ""expected_frame_interval_ms"": 16.670639999210835, ""expected_refresh_rate_hz"": 60.0, ""expected_visual_onset_lsl_timestamp"": 504051.6614633, ""expected_visual_onset_monotonic"": 504051.64, ""expected_visual_onset_uncertainty_ms"": 8.335319999605417, ""fixed_display_latency_ms"": 0.0, ""flip_lsl_timestamp"": 504051.6614633, ""flip_monotonic"": 504051.64, ""is_no_go"": true, ""lsl_timestamp"": 504051.6614633, ""marker_push_latency_ms"": 0.0, ""measured_refresh_rate_hz"": 59.98569941210048, ""photodiode_verification_enabled"": false, ""scheduled_on_flip"": true, ""shape"": ""x"", ""timing_model"": ""psychopy_callOnFlip_plus_fixed_display_latency""}"
30,go_nogo_stimulus_offset_30_nogo_x_white,EVENT,504052.437,,"{""color"": ""white"", ""expected_frame_interval_ms"": 16.670639999210835, ""expected_refresh_rate_hz"": 60.0, ""expected_visual_onset_lsl_timestamp"": 504052.4707978, ""expected_visual_onset_monotonic"": 504052.437, ""expected_visual_onset_uncertainty_ms"": 8.335319999605417, ""fixed_display_latency_ms"": 0.0, ""flip_lsl_timestamp"": 504052.4707978, ""flip_monotonic"": 504052.437, ""is_no_go"": true, ""lsl_timestamp"": 504052.4707978, ""marker_push_latency_ms"": 0.0, ""measured_refresh_rate_hz"": 59.98569941210048, ""photodiode_verification_enabled"": false, ""scheduled_on_flip"": true, ""shape"": ""x"", ""timing_model"": ""psychopy_callOnFlip_plus_fixed_display_latency""}"
30,go_nogo_trial_complete,EVENT,504052.453,,"{""attention_challenge"": {""enabled"": false, ""expected_state"": ""normal"", ""is_cue_trial"": false}, ""button_press_count"": 0, ""commission_error"": 0, ""condition"": ""no_go"", ""correct"": true, ""correct_press"": 1, ""event_type_name"": ""go_nogo_trial_complete"", ""is_no_go"": true, ""omission_error"": 0, ""practice"": false, ""reaction_time_seconds"": null, ""schema_version"": 1, ""session_dir"": ""C:\\Users\\Surettej\\Documents\\Codespace\\eegle\\data\\participants\\sub-001-calibration\\sessions\\2026-07-14\\attention_lapse_go_nogo8_observe_only\\go_nogo\\run-20260714T125304"", ""source"": ""task.go_nogo"", ""stimulus_offset_lsl_timestamp"": 504052.4707978, ""stimulus_offset_monotonic"": 504052.437, ""stimulus_onset_lsl_timestamp"": 504051.6614633, ""stimulus_onset_monotonic"": 504051.64, ""task"": ""go_nogo""}"
31,go_nogo_stimulus_onset_31_nogo_x_white,EVENT,504053.171,,"{""color"": ""white"", ""expected_frame_interval_ms"": 16.670639999210835, ""expected_refresh_rate_hz"": 60.0, ""expected_visual_onset_lsl_timestamp"": 504053.2047907, ""expected_visual_onset_monotonic"": 504053.171, ""expected_visual_onset_uncertainty_ms"": 8.335319999605417, ""fixed_display_latency_ms"": 0.0, ""flip_lsl_timestamp"": 504053.2047907, ""flip_monotonic"": 504053.171, ""is_no_go"": true, ""lsl_timestamp"": 504053.2047907, ""marker_push_latency_ms"": 0.0, ""measured_refresh_rate_hz"": 59.98569941210048, ""photodiode_verification_enabled"": false, ""scheduled_on_flip"": true, ""shape"": ""x"", ""timing_model"": ""psychopy_callOnFlip_plus_fixed_display_latency""}"
31,go_nogo_stimulus_offset_31_nogo_x_white,EVENT,504054.0,,"{""color"": ""white"", ""expected_frame_interval_ms"": 16.670639999210835, ""expected_refresh_rate_hz"": 60.0, ""expected_visual_onset_lsl_timestamp"": 504054.0219893, ""expected_visual_onset_monotonic"": 504054.0, ""expected_visual_onset_uncertainty_ms"": 8.335319999605417, ""fixed_display_latency_ms"": 0.0, ""flip_lsl_timestamp"": 504054.0219893, ""flip_monotonic"": 504054.0, ""is_no_go"": true, ""lsl_timestamp"": 504054.0219893, ""marker_push_latency_ms"": 0.0, ""measured_refresh_rate_hz"": 59.98569941210048, ""photodiode_verification_enabled"": false, ""scheduled_on_flip"": true, ""shape"": ""x"", ""timing_model"": ""psychopy_callOnFlip_plus_fixed_display_latency""}"
31,go_nogo_trial_complete,EVENT,504054.0,,"{""attention_challenge"": {""enabled"": false, ""expected_state"": ""normal"", ""is_cue_trial"": false}, ""button_press_count"": 0, ""commission_error"": 0, ""condition"": ""no_go"", ""correct"": true, ""correct_press"": 1, ""event_type_name"": ""go_nogo_trial_complete"", ""is_no_go"": true, ""omission_error"": 0, ""practice"": false, ""reaction_time_seconds"": null, ""schema_version"": 1, ""session_dir"": ""C:\\Users\\Surettej\\Documents\\Codespace\\eegle\\data\\participants\\sub-001-calibration\\sessions\\2026-07-14\\attention_lapse_go_nogo8_observe_only\\go_nogo\\run-20260714T125304"", ""source"": ""task.go_nogo"", ""stimulus_offset_lsl_timestamp"": 504054.0219893, ""stimulus_offset_monotonic"": 504054.0, ""stimulus_onset_lsl_timestamp"": 504053.2047907, ""stimulus_onset_monotonic"": 504053.171, ""task"": ""go_nogo""}"
32,go_nogo_stimulus_onset_32_go_triangle_blue,EVENT,504054.718,,"{""color"": ""blue"", ""expected_frame_interval_ms"": 16.670639999210835, ""expected_refresh_rate_hz"": 60.0, ""expected_visual_onset_lsl_timestamp"": 504054.7481316, ""expected_visual_onset_monotonic"": 504054.718, ""expected_visual_onset_uncertainty_ms"": 8.335319999605417, ""fixed_display_latency_ms"": 0.0, ""flip_lsl_timestamp"": 504054.7481316, ""flip_monotonic"": 504054.718, ""is_no_go"": false, ""lsl_timestamp"": 504054.7481316, ""marker_push_latency_ms"": 0.0, ""measured_refresh_rate_hz"": 59.98569941210048, ""photodiode_verification_enabled"": false, ""scheduled_on_flip"": true, ""shape"": ""triangle"", ""timing_model"": ""psychopy_callOnFlip_plus_fixed_display_latency""}"
32,button_press,EVENT,504055.2566425,space,"{""is_response_key"": true, ""lsl_timestamp"": 504055.2867741, ""marker_push_latency_ms"": 0.0, ""rt_from_flip_seconds"": 0.5386425000033341, ""rt_seconds"": 0.5386425000033341}"
32,go_nogo_stimulus_offset_32_go_triangle_blue,EVENT,504055.531,,"{""color"": ""blue"", ""expected_frame_interval_ms"": 16.670639999210835, ""expected_refresh_rate_hz"": 60.0, ""expected_visual_onset_lsl_timestamp"": 504055.5577717, ""expected_visual_onset_monotonic"": 504055.531, ""expected_visual_onset_uncertainty_ms"": 8.335319999605417, ""fixed_display_latency_ms"": 0.0, ""flip_lsl_timestamp"": 504055.5577717, ""flip_monotonic"": 504055.531, ""is_no_go"": false, ""lsl_timestamp"": 504055.5577717, ""marker_push_latency_ms"": 0.0, ""measured_refresh_rate_hz"": 59.98569941210048, ""photodiode_verification_enabled"": false, ""scheduled_on_flip"": true, ""shape"": ""triangle"", ""timing_model"": ""psychopy_callOnFlip_plus_fixed_display_latency""}"
32,go_nogo_trial_complete,EVENT,504055.531,,"{""attention_challenge"": {""enabled"": false, ""expected_state"": ""normal"", ""is_cue_trial"": false}, ""button_press_count"": 1, ""commission_error"": 0, ""condition"": ""go"", ""correct"": true, ""correct_press"": 1, ""event_type_name"": ""go_nogo_trial_complete"", ""is_no_go"": false, ""omission_error"": 0, ""practice"": false, ""reaction_time_seconds"": 0.5386425000033341, ""schema_version"": 1, ""session_dir"": ""C:\\Users\\Surettej\\Documents\\Codespace\\eegle\\data\\participants\\sub-001-calibration\\sessions\\2026-07-14\\attention_lapse_go_nogo8_observe_only\\go_nogo\\run-20260714T125304"", ""source"": ""task.go_nogo"", ""stimulus_offset_lsl_timestamp"": 504055.5577717, ""stimulus_offset_monotonic"": 504055.531, ""stimulus_onset_lsl_timestamp"": 504054.7481316, ""stimulus_onset_monotonic"": 504054.718, ""task"": ""go_nogo""}"
33,go_nogo_stimulus_onset_33_go_square_magenta,EVENT,504056.265,,"{""color"": ""magenta"", ""expected_frame_interval_ms"": 16.670639999210835, ""expected_refresh_rate_hz"": 60.0, ""expected_visual_onset_lsl_timestamp"": 504056.2897848, ""expected_visual_onset_monotonic"": 504056.265, ""expected_visual_onset_uncertainty_ms"": 8.335319999605417, ""fixed_display_latency_ms"": 0.0, ""flip_lsl_timestamp"": 504056.2897848, ""flip_monotonic"": 504056.265, ""is_no_go"": false, ""lsl_timestamp"": 504056.2897848, ""marker_push_latency_ms"": 0.0, ""measured_refresh_rate_hz"": 59.98569941210048, ""photodiode_verification_enabled"": false, ""scheduled_on_flip"": true, ""shape"": ""square"", ""timing_model"": ""psychopy_callOnFlip_plus_fixed_display_latency""}"
33,button_press,EVENT,504056.9484801,space,"{""is_response_key"": true, ""lsl_timestamp"": 504056.97326490004, ""marker_push_latency_ms"": 0.0, ""rt_from_flip_seconds"": 0.6834801000077277, ""rt_seconds"": 0.6834801000077277}"
33,go_nogo_stimulus_offset_33_go_square_magenta,EVENT,504057.078,,"{""color"": ""magenta"", ""expected_frame_interval_ms"": 16.670639999210835, ""expected_refresh_rate_hz"": 60.0, ""expected_visual_onset_lsl_timestamp"": 504057.1068706, ""expected_visual_onset_monotonic"": 504057.078, ""expected_visual_onset_uncertainty_ms"": 8.335319999605417, ""fixed_display_latency_ms"": 0.0, ""flip_lsl_timestamp"": 504057.1068706, ""flip_monotonic"": 504057.078, ""is_no_go"": false, ""lsl_timestamp"": 504057.1068706, ""marker_push_latency_ms"": 0.0, ""measured_refresh_rate_hz"": 59.98569941210048, ""photodiode_verification_enabled"": false, ""scheduled_on_flip"": true, ""shape"": ""square"", ""timing_model"": ""psychopy_callOnFlip_plus_fixed_display_latency""}"
33,go_nogo_trial_complete,EVENT,504057.078,,"{""attention_challenge"": {""enabled"": false, ""expected_state"": ""normal"", ""is_cue_trial"": false}, ""button_press_count"": 1, ""commission_error"": 0, ""condition"": ""go"", ""correct"": true, ""correct_press"": 1, ""event_type_name"": ""go_nogo_trial_complete"", ""is_no_go"": false, ""omission_error"": 0, ""practice"": false, ""reaction_time_seconds"": 0.6834801000077277, ""schema_version"": 1, ""session_dir"": ""C:\\Users\\Surettej\\Documents\\Codespace\\eegle\\data\\participants\\sub-001-calibration\\sessions\\2026-07-14\\attention_lapse_go_nogo8_observe_only\\go_nogo\\run-20260714T125304"", ""source"": ""task.go_nogo"", ""stimulus_offset_lsl_timestamp"": 504057.1068706, ""stimulus_offset_monotonic"": 504057.078, ""stimulus_onset_lsl_timestamp"": 504056.2897848, ""stimulus_onset_monotonic"": 504056.265, ""task"": ""go_nogo""}"
34,go_nogo_stimulus_onset_34_go_circle_blue,EVENT,504057.828,,"{""color"": ""blue"", ""expected_frame_interval_ms"": 16.670639999210835, ""expected_refresh_rate_hz"": 60.0, ""expected_visual_onset_lsl_timestamp"": 504057.8498381, ""expected_visual_onset_monotonic"": 504057.828, ""expected_visual_onset_uncertainty_ms"": 8.335319999605417, ""fixed_display_latency_ms"": 0.0, ""flip_lsl_timestamp"": 504057.8498381, ""flip_monotonic"": 504057.828, ""is_no_go"": false, ""lsl_timestamp"": 504057.8498381, ""marker_push_latency_ms"": 0.0, ""measured_refresh_rate_hz"": 59.98569941210048, ""photodiode_verification_enabled"": false, ""scheduled_on_flip"": true, ""shape"": ""circle"", ""timing_model"": ""psychopy_callOnFlip_plus_fixed_display_latency""}"
34,button_press,EVENT,504058.36855669995,space,"{""is_response_key"": true, ""lsl_timestamp"": 504058.3903948, ""marker_push_latency_ms"": 0.0, ""rt_from_flip_seconds"": 0.5405566999688745, ""rt_seconds"": 0.5405566999688745}"
34,go_nogo_stimulus_offset_34_go_circle_blue,EVENT,504058.625,,"{""color"": ""blue"", ""expected_frame_interval_ms"": 16.670639999210835, ""expected_refresh_rate_hz"": 60.0, ""expected_visual_onset_lsl_timestamp"": 504058.659745, ""expected_visual_onset_monotonic"": 504058.625, ""expected_visual_onset_uncertainty_ms"": 8.335319999605417, ""fixed_display_latency_ms"": 0.0, ""flip_lsl_timestamp"": 504058.659745, ""flip_monotonic"": 504058.625, ""is_no_go"": false, ""lsl_timestamp"": 504058.659745, ""marker_push_latency_ms"": 0.0, ""measured_refresh_rate_hz"": 59.98569941210048, ""photodiode_verification_enabled"": false, ""scheduled_on_flip"": true, ""shape"": ""circle"", ""timing_model"": ""psychopy_callOnFlip_plus_fixed_display_latency""}"
34,go_nogo_trial_complete,EVENT,504058.64,,"{""attention_challenge"": {""enabled"": false, ""expected_state"": ""normal"", ""is_cue_trial"": false}, ""button_press_count"": 1, ""commission_error"": 0, ""condition"": ""go"", ""correct"": true, ""correct_press"": 1, ""event_type_name"": ""go_nogo_trial_complete"", ""is_no_go"": false, ""omission_error"": 0, ""practice"": false, ""reaction_time_seconds"": 0.5405566999688745, ""schema_version"": 1, ""session_dir"": ""C:\\Users\\Surettej\\Documents\\Codespace\\eegle\\data\\participants\\sub-001-calibration\\sessions\\2026-07-14\\attention_lapse_go_nogo8_observe_only\\go_nogo\\run-20260714T125304"", ""source"": ""task.go_nogo"", ""stimulus_offset_lsl_timestamp"": 504058.659745, ""stimulus_offset_monotonic"": 504058.625, ""stimulus_onset_lsl_timestamp"": 504057.8498381, ""stimulus_onset_monotonic"": 504057.828, ""task"": ""go_nogo""}"
35,go_nogo_stimulus_onset_35_go_triangle_red,EVENT,504059.359,,"{""color"": ""red"", ""expected_frame_interval_ms"": 16.670639999210835, ""expected_refresh_rate_hz"": 60.0, ""expected_visual_onset_lsl_timestamp"": 504059.3865507, ""expected_visual_onset_monotonic"": 504059.359, ""expected_visual_onset_uncertainty_ms"": 8.335319999605417, ""fixed_display_latency_ms"": 0.0, ""flip_lsl_timestamp"": 504059.3865507, ""flip_monotonic"": 504059.359, ""is_no_go"": false, ""lsl_timestamp"": 504059.3865507, ""marker_push_latency_ms"": 0.0, ""measured_refresh_rate_hz"": 59.98569941210048, ""photodiode_verification_enabled"": false, ""scheduled_on_flip"": true, ""shape"": ""triangle"", ""timing_model"": ""psychopy_callOnFlip_plus_fixed_display_latency""}"
35,button_press,EVENT,504059.81664459995,space,"{""is_response_key"": true, ""lsl_timestamp"": 504059.84419529996, ""marker_push_latency_ms"": 0.0, ""rt_from_flip_seconds"": 0.457644599955529, ""rt_seconds"": 0.457644599955529}"
35,go_nogo_stimulus_offset_35_go_triangle_red,EVENT,504060.171,,"{""color"": ""red"", ""expected_frame_interval_ms"": 16.670639999210835, ""expected_refresh_rate_hz"": 60.0, ""expected_visual_onset_lsl_timestamp"": 504060.194498, ""expected_visual_onset_monotonic"": 504060.171, ""expected_visual_onset_uncertainty_ms"": 8.335319999605417, ""fixed_display_latency_ms"": 0.0, ""flip_lsl_timestamp"": 504060.194498, ""flip_monotonic"": 504060.171, ""is_no_go"": false, ""lsl_timestamp"": 504060.194498, ""marker_push_latency_ms"": 0.0, ""measured_refresh_rate_hz"": 59.98569941210048, ""photodiode_verification_enabled"": false, ""scheduled_on_flip"": true, ""shape"": ""triangle"", ""timing_model"": ""psychopy_callOnFlip_plus_fixed_display_latency""}"
35,go_nogo_trial_complete,EVENT,504060.171,,"{""attention_challenge"": {""enabled"": false, ""expected_state"": ""normal"", ""is_cue_trial"": false}, ""button_press_count"": 1, ""commission_error"": 0, ""condition"": ""go"", ""correct"": true, ""correct_press"": 1, ""event_type_name"": ""go_nogo_trial_complete"", ""is_no_go"": false, ""omission_error"": 0, ""practice"": false, ""reaction_time_seconds"": 0.457644599955529, ""schema_version"": 1, ""session_dir"": ""C:\\Users\\Surettej\\Documents\\Codespace\\eegle\\data\\participants\\sub-001-calibration\\sessions\\2026-07-14\\attention_lapse_go_nogo8_observe_only\\go_nogo\\run-20260714T125304"", ""source"": ""task.go_nogo"", ""stimulus_offset_lsl_timestamp"": 504060.194498, ""stimulus_offset_monotonic"": 504060.171, ""stimulus_onset_lsl_timestamp"": 504059.3865507, ""stimulus_onset_monotonic"": 504059.359, ""task"": ""go_nogo""}"
36,go_nogo_stimulus_onset_36_go_circle_red,EVENT,504060.906,,"{""color"": ""red"", ""expected_frame_interval_ms"": 16.670639999210835, ""expected_refresh_rate_hz"": 60.0, ""expected_visual_onset_lsl_timestamp"": 504060.9420202, ""expected_visual_onset_monotonic"": 504060.906, ""expected_visual_onset_uncertainty_ms"": 8.335319999605417, ""fixed_display_latency_ms"": 0.0, ""flip_lsl_timestamp"": 504060.9420202, ""flip_monotonic"": 504060.906, ""is_no_go"": false, ""lsl_timestamp"": 504060.9420202, ""marker_push_latency_ms"": 0.0, ""measured_refresh_rate_hz"": 59.98569941210048, ""photodiode_verification_enabled"": false, ""scheduled_on_flip"": true, ""shape"": ""circle"", ""timing_model"": ""psychopy_callOnFlip_plus_fixed_display_latency""}"
36,button_press,EVENT,504061.46634210006,space,"{""is_response_key"": true, ""lsl_timestamp"": 504061.50236230006, ""marker_push_latency_ms"": 0.0, ""rt_from_flip_seconds"": 0.5603421000414528, ""rt_seconds"": 0.5603421000414528}"
36,go_nogo_stimulus_offset_36_go_circle_red,EVENT,504061.734,,"{""color"": ""red"", ""expected_frame_interval_ms"": 16.670639999210835, ""expected_refresh_rate_hz"": 60.0, ""expected_visual_onset_lsl_timestamp"": 504061.7590087, ""expected_visual_onset_monotonic"": 504061.734, ""expected_visual_onset_uncertainty_ms"": 8.335319999605417, ""fixed_display_latency_ms"": 0.0, ""flip_lsl_timestamp"": 504061.7590087, ""flip_monotonic"": 504061.734, ""is_no_go"": false, ""lsl_timestamp"": 504061.7590087, ""marker_push_latency_ms"": 0.0, ""measured_refresh_rate_hz"": 59.98569941210048, ""photodiode_verification_enabled"": false, ""scheduled_on_flip"": true, ""shape"": ""circle"", ""timing_model"": ""psychopy_callOnFlip_plus_fixed_display_latency""}"
36,go_nogo_trial_complete,EVENT,504061.734,,"{""attention_challenge"": {""enabled"": false, ""expected_state"": ""normal"", ""is_cue_trial"": false}, ""button_press_count"": 1, ""commission_error"": 0, ""condition"": ""go"", ""correct"": true, ""correct_press"": 1, ""event_type_name"": ""go_nogo_trial_complete"", ""is_no_go"": false, ""omission_error"": 0, ""practice"": false, ""reaction_time_seconds"": 0.5603421000414528, ""schema_version"": 1, ""session_dir"": ""C:\\Users\\Surettej\\Documents\\Codespace\\eegle\\data\\participants\\sub-001-calibration\\sessions\\2026-07-14\\attention_lapse_go_nogo8_observe_only\\go_nogo\\run-20260714T125304"", ""source"": ""task.go_nogo"", ""stimulus_offset_lsl_timestamp"": 504061.7590087, ""stimulus_offset_monotonic"": 504061.734, ""stimulus_onset_lsl_timestamp"": 504060.9420202, ""stimulus_onset_monotonic"": 504060.906, ""task"": ""go_nogo""}"
37,go_nogo_stimulus_onset_37_go_circle_magenta,EVENT,504062.484,,"{""color"": ""magenta"", ""expected_frame_interval_ms"": 16.670639999210835, ""expected_refresh_rate_hz"": 60.0, ""expected_visual_onset_lsl_timestamp"": 504062.5094106, ""expected_visual_onset_monotonic"": 504062.484, ""expected_visual_onset_uncertainty_ms"": 8.335319999605417, ""fixed_display_latency_ms"": 0.0, ""flip_lsl_timestamp"": 504062.5094106, ""flip_monotonic"": 504062.484, ""is_no_go"": false, ""lsl_timestamp"": 504062.5094106, ""marker_push_latency_ms"": 0.0, ""measured_refresh_rate_hz"": 59.98569941210048, ""photodiode_verification_enabled"": false, ""scheduled_on_flip"": true, ""shape"": ""circle"", ""timing_model"": ""psychopy_callOnFlip_plus_fixed_display_latency""}"
37,button_press,EVENT,504063.0591374,space,"{""is_response_key"": true, ""lsl_timestamp"": 504063.084548, ""marker_push_latency_ms"": 0.0, ""rt_from_flip_seconds"": 0.575137400010135, ""rt_seconds"": 0.575137400010135}"
37,go_nogo_stimulus_offset_37_go_circle_magenta,EVENT,504063.296,,"{""color"": ""magenta"", ""expected_frame_interval_ms"": 16.670639999210835, ""expected_refresh_rate_hz"": 60.0, ""expected_visual_onset_lsl_timestamp"": 504063.3191497, ""expected_visual_onset_monotonic"": 504063.296, ""expected_visual_onset_uncertainty_ms"": 8.335319999605417, ""fixed_display_latency_ms"": 0.0, ""flip_lsl_timestamp"": 504063.3191497, ""flip_monotonic"": 504063.296, ""is_no_go"": false, ""lsl_timestamp"": 504063.3191497, ""marker_push_latency_ms"": 0.0, ""measured_refresh_rate_hz"": 59.98569941210048, ""photodiode_verification_enabled"": false, ""scheduled_on_flip"": true, ""shape"": ""circle"", ""timing_model"": ""psychopy_callOnFlip_plus_fixed_display_latency""}"
37,go_nogo_trial_complete,EVENT,504063.296,,"{""attention_challenge"": {""enabled"": false, ""expected_state"": ""normal"", ""is_cue_trial"": false}, ""button_press_count"": 1, ""commission_error"": 0, ""condition"": ""go"", ""correct"": true, ""correct_press"": 1, ""event_type_name"": ""go_nogo_trial_complete"", ""is_no_go"": false, ""omission_error"": 0, ""practice"": false, ""reaction_time_seconds"": 0.575137400010135, ""schema_version"": 1, ""session_dir"": ""C:\\Users\\Surettej\\Documents\\Codespace\\eegle\\data\\participants\\sub-001-calibration\\sessions\\2026-07-14\\attention_lapse_go_nogo8_observe_only\\go_nogo\\run-20260714T125304"", ""source"": ""task.go_nogo"", ""stimulus_offset_lsl_timestamp"": 504063.3191497, ""stimulus_offset_monotonic"": 504063.296, ""stimulus_onset_lsl_timestamp"": 504062.5094106, ""stimulus_onset_monotonic"": 504062.484, ""task"": ""go_nogo""}"
38,go_nogo_stimulus_onset_38_nogo_x_white,EVENT,504064.015,,"{""color"": ""white"", ""expected_frame_interval_ms"": 16.670639999210835, ""expected_refresh_rate_hz"": 60.0, ""expected_visual_onset_lsl_timestamp"": 504064.0513031, ""expected_visual_onset_monotonic"": 504064.015, ""expected_visual_onset_uncertainty_ms"": 8.335319999605417, ""fixed_display_latency_ms"": 0.0, ""flip_lsl_timestamp"": 504064.0513031, ""flip_monotonic"": 504064.015, ""is_no_go"": true, ""lsl_timestamp"": 504064.0513031, ""marker_push_latency_ms"": 0.0, ""measured_refresh_rate_hz"": 59.98569941210048, ""photodiode_verification_enabled"": false, ""scheduled_on_flip"": true, ""shape"": ""x"", ""timing_model"": ""psychopy_callOnFlip_plus_fixed_display_latency""}"
38,go_nogo_stimulus_offset_38_nogo_x_white,EVENT,504064.828,,"{""color"": ""white"", ""expected_frame_interval_ms"": 16.670639999210835, ""expected_refresh_rate_hz"": 60.0, ""expected_visual_onset_lsl_timestamp"": 504064.861957, ""expected_visual_onset_monotonic"": 504064.828, ""expected_visual_onset_uncertainty_ms"": 8.335319999605417, ""fixed_display_latency_ms"": 0.0, ""flip_lsl_timestamp"": 504064.861957, ""flip_monotonic"": 504064.828, ""is_no_go"": true, ""lsl_timestamp"": 504064.861957, ""marker_push_latency_ms"": 0.0, ""measured_refresh_rate_hz"": 59.98569941210048, ""photodiode_verification_enabled"": false, ""scheduled_on_flip"": true, ""shape"": ""x"", ""timing_model"": ""psychopy_callOnFlip_plus_fixed_display_latency""}"
38,go_nogo_trial_complete,EVENT,504064.843,,"{""attention_challenge"": {""enabled"": false, ""expected_state"": ""normal"", ""is_cue_trial"": false}, ""button_press_count"": 0, ""commission_error"": 0, ""condition"": ""no_go"", ""correct"": true, ""correct_press"": 1, ""event_type_name"": ""go_nogo_trial_complete"", ""is_no_go"": true, ""omission_error"": 0, ""practice"": false, ""reaction_time_seconds"": null, ""schema_version"": 1, ""session_dir"": ""C:\\Users\\Surettej\\Documents\\Codespace\\eegle\\data\\participants\\sub-001-calibration\\sessions\\2026-07-14\\attention_lapse_go_nogo8_observe_only\\go_nogo\\run-20260714T125304"", ""source"": ""task.go_nogo"", ""stimulus_offset_lsl_timestamp"": 504064.861957, ""stimulus_offset_monotonic"": 504064.828, ""stimulus_onset_lsl_timestamp"": 504064.0513031, ""stimulus_onset_monotonic"": 504064.015, ""task"": ""go_nogo""}"
39,go_nogo_stimulus_onset_39_go_star_yellow,EVENT,504065.562,,"{""color"": ""yellow"", ""expected_frame_interval_ms"": 16.670639999210835, ""expected_refresh_rate_hz"": 60.0, ""expected_visual_onset_lsl_timestamp"": 504065.5870792, ""expected_visual_onset_monotonic"": 504065.562, ""expected_visual_onset_uncertainty_ms"": 8.335319999605417, ""fixed_display_latency_ms"": 0.0, ""flip_lsl_timestamp"": 504065.5870792, ""flip_monotonic"": 504065.562, ""is_no_go"": false, ""lsl_timestamp"": 504065.5870792, ""marker_push_latency_ms"": 0.0, ""measured_refresh_rate_hz"": 59.98569941210048, ""photodiode_verification_enabled"": false, ""scheduled_on_flip"": true, ""shape"": ""star"", ""timing_model"": ""psychopy_callOnFlip_plus_fixed_display_latency""}"
39,button_press,EVENT,504065.9871881,space,"{""is_response_key"": true, ""lsl_timestamp"": 504066.01226730004, ""marker_push_latency_ms"": 0.0, ""rt_from_flip_seconds"": 0.4251881000236608, ""rt_seconds"": 0.4251881000236608}"
39,go_nogo_stimulus_offset_39_go_star_yellow,EVENT,504066.359,,"{""color"": ""yellow"", ""expected_frame_interval_ms"": 16.670639999210835, ""expected_refresh_rate_hz"": 60.0, ""expected_visual_onset_lsl_timestamp"": 504066.3944308, ""expected_visual_onset_monotonic"": 504066.359, ""expected_visual_onset_uncertainty_ms"": 8.335319999605417, ""fixed_display_latency_ms"": 0.0, ""flip_lsl_timestamp"": 504066.3944308, ""flip_monotonic"": 504066.359, ""is_no_go"": false, ""lsl_timestamp"": 504066.3944308, ""marker_push_latency_ms"": 0.0, ""measured_refresh_rate_hz"": 59.98569941210048, ""photodiode_verification_enabled"": false, ""scheduled_on_flip"": true, ""shape"": ""star"", ""timing_model"": ""psychopy_callOnFlip_plus_fixed_display_latency""}"
39,go_nogo_trial_complete,EVENT,504066.375,,"{""attention_challenge"": {""enabled"": false, ""expected_state"": ""normal"", ""is_cue_trial"": false}, ""button_press_count"": 1, ""commission_error"": 0, ""condition"": ""go"", ""correct"": true, ""correct_press"": 1, ""event_type_name"": ""go_nogo_trial_complete"", ""is_no_go"": false, ""omission_error"": 0, ""practice"": false, ""reaction_time_seconds"": 0.4251881000236608, ""schema_version"": 1, ""session_dir"": ""C:\\Users\\Surettej\\Documents\\Codespace\\eegle\\data\\participants\\sub-001-calibration\\sessions\\2026-07-14\\attention_lapse_go_nogo8_observe_only\\go_nogo\\run-20260714T125304"", ""source"": ""task.go_nogo"", ""stimulus_offset_lsl_timestamp"": 504066.3944308, ""stimulus_offset_monotonic"": 504066.359, ""stimulus_onset_lsl_timestamp"": 504065.5870792, ""stimulus_onset_monotonic"": 504065.562, ""task"": ""go_nogo""}"
40,go_nogo_stimulus_onset_40_go_hexagon_green,EVENT,504067.093,,"{""color"": ""green"", ""expected_frame_interval_ms"": 16.670639999210835, ""expected_refresh_rate_hz"": 60.0, ""expected_visual_onset_lsl_timestamp"": 504067.1217707, ""expected_visual_onset_monotonic"": 504067.093, ""expected_visual_onset_uncertainty_ms"": 8.335319999605417, ""fixed_display_latency_ms"": 0.0, ""flip_lsl_timestamp"": 504067.1217707, ""flip_monotonic"": 504067.093, ""is_no_go"": false, ""lsl_timestamp"": 504067.1217707, ""marker_push_latency_ms"": 0.0, ""measured_refresh_rate_hz"": 59.98569941210048, ""photodiode_verification_enabled"": false, ""scheduled_on_flip"": true, ""shape"": ""hexagon"", ""timing_model"": ""psychopy_callOnFlip_plus_fixed_display_latency""}"
40,button_press,EVENT,504067.8167268,space,"{""is_response_key"": true, ""lsl_timestamp"": 504067.8454975, ""marker_push_latency_ms"": 0.0, ""rt_from_flip_seconds"": 0.7237268000026233, ""rt_seconds"": 0.7237268000026233}"
40,go_nogo_stimulus_offset_40_go_hexagon_green,EVENT,504067.906,,"{""color"": ""green"", ""expected_frame_interval_ms"": 16.670639999210835, ""expected_refresh_rate_hz"": 60.0, ""expected_visual_onset_lsl_timestamp"": 504067.9304422, ""expected_visual_onset_monotonic"": 504067.906, ""expected_visual_onset_uncertainty_ms"": 8.335319999605417, ""fixed_display_latency_ms"": 0.0, ""flip_lsl_timestamp"": 504067.9304422, ""flip_monotonic"": 504067.906, ""is_no_go"": false, ""lsl_timestamp"": 504067.9304422, ""marker_push_latency_ms"": 0.0, ""measured_refresh_rate_hz"": 59.98569941210048, ""photodiode_verification_enabled"": false, ""scheduled_on_flip"": true, ""shape"": ""hexagon"", ""timing_model"": ""psychopy_callOnFlip_plus_fixed_display_latency""}"
40,go_nogo_trial_complete,EVENT,504067.906,,"{""attention_challenge"": {""enabled"": false, ""expected_state"": ""normal"", ""is_cue_trial"": false}, ""button_press_count"": 1, ""commission_error"": 0, ""condition"": ""go"", ""correct"": true, ""correct_press"": 1, ""event_type_name"": ""go_nogo_trial_complete"", ""is_no_go"": false, ""omission_error"": 0, ""practice"": false, ""reaction_time_seconds"": 0.7237268000026233, ""schema_version"": 1, ""session_dir"": ""C:\\Users\\Surettej\\Documents\\Codespace\\eegle\\data\\participants\\sub-001-calibration\\sessions\\2026-07-14\\attention_lapse_go_nogo8_observe_only\\go_nogo\\run-20260714T125304"", ""source"": ""task.go_nogo"", ""stimulus_offset_lsl_timestamp"": 504067.9304422, ""stimulus_offset_monotonic"": 504067.906, ""stimulus_onset_lsl_timestamp"": 504067.1217707, ""stimulus_onset_monotonic"": 504067.093, ""task"": ""go_nogo""}"
41,go_nogo_stimulus_onset_41_go_circle_green,EVENT,504068.656,,"{""color"": ""green"", ""expected_frame_interval_ms"": 16.670639999210835, ""expected_refresh_rate_hz"": 60.0, ""expected_visual_onset_lsl_timestamp"": 504068.6788699, ""expected_visual_onset_monotonic"": 504068.656, ""expected_visual_onset_uncertainty_ms"": 8.335319999605417, ""fixed_display_latency_ms"": 0.0, ""flip_lsl_timestamp"": 504068.6788699, ""flip_monotonic"": 504068.656, ""is_no_go"": false, ""lsl_timestamp"": 504068.6788699, ""marker_push_latency_ms"": 0.0, ""measured_refresh_rate_hz"": 59.98569941210048, ""photodiode_verification_enabled"": false, ""scheduled_on_flip"": true, ""shape"": ""circle"", ""timing_model"": ""psychopy_callOnFlip_plus_fixed_display_latency""}"
41,go_nogo_stimulus_offset_41_go_circle_green,EVENT,504069.453,,"{""color"": ""green"", ""expected_frame_interval_ms"": 16.670639999210835, ""expected_refresh_rate_hz"": 60.0, ""expected_visual_onset_lsl_timestamp"": 504069.4884659, ""expected_visual_onset_monotonic"": 504069.453, ""expected_visual_onset_uncertainty_ms"": 8.335319999605417, ""fixed_display_latency_ms"": 0.0, ""flip_lsl_timestamp"": 504069.4884659, ""flip_monotonic"": 504069.453, ""is_no_go"": false, ""lsl_timestamp"": 504069.4884659, ""marker_push_latency_ms"": 0.0, ""measured_refresh_rate_hz"": 59.98569941210048, ""photodiode_verification_enabled"": false, ""scheduled_on_flip"": true, ""shape"": ""circle"", ""timing_model"": ""psychopy_callOnFlip_plus_fixed_display_latency""}"
41,go_nogo_trial_complete,EVENT,504069.468,,"{""attention_challenge"": {""enabled"": false, ""expected_state"": ""normal"", ""is_cue_trial"": false}, ""button_press_count"": 0, ""commission_error"": 0, ""condition"": ""go"", ""correct"": false, ""correct_press"": 0, ""event_type_name"": ""go_nogo_trial_complete"", ""is_no_go"": false, ""omission_error"": 1, ""practice"": false, ""reaction_time_seconds"": null, ""schema_version"": 1, ""session_dir"": ""C:\\Users\\Surettej\\Documents\\Codespace\\eegle\\data\\participants\\sub-001-calibration\\sessions\\2026-07-14\\attention_lapse_go_nogo8_observe_only\\go_nogo\\run-20260714T125304"", ""source"": ""task.go_nogo"", ""stimulus_offset_lsl_timestamp"": 504069.4884659, ""stimulus_offset_monotonic"": 504069.453, ""stimulus_onset_lsl_timestamp"": 504068.6788699, ""stimulus_onset_monotonic"": 504068.656, ""task"": ""go_nogo""}"
42,go_nogo_stimulus_onset_42_nogo_x_white,EVENT,504070.203,,"{""color"": ""white"", ""expected_frame_interval_ms"": 16.670639999210835, ""expected_refresh_rate_hz"": 60.0, ""expected_visual_onset_lsl_timestamp"": 504070.2247979, ""expected_visual_onset_monotonic"": 504070.203, ""expected_visual_onset_uncertainty_ms"": 8.335319999605417, ""fixed_display_latency_ms"": 0.0, ""flip_lsl_timestamp"": 504070.2247979, ""flip_monotonic"": 504070.203, ""is_no_go"": true, ""lsl_timestamp"": 504070.2247979, ""marker_push_latency_ms"": 0.0, ""measured_refresh_rate_hz"": 59.98569941210048, ""photodiode_verification_enabled"": false, ""scheduled_on_flip"": true, ""shape"": ""x"", ""timing_model"": ""psychopy_callOnFlip_plus_fixed_display_latency""}"
42,go_nogo_stimulus_offset_42_nogo_x_white,EVENT,504071.015,,"{""color"": ""white"", ""expected_frame_interval_ms"": 16.670639999210835, ""expected_refresh_rate_hz"": 60.0, ""expected_visual_onset_lsl_timestamp"": 504071.0466404, ""expected_visual_onset_monotonic"": 504071.015, ""expected_visual_onset_uncertainty_ms"": 8.335319999605417, ""fixed_display_latency_ms"": 0.0, ""flip_lsl_timestamp"": 504071.0466404, ""flip_monotonic"": 504071.015, ""is_no_go"": true, ""lsl_timestamp"": 504071.0466404, ""marker_push_latency_ms"": 0.0, ""measured_refresh_rate_hz"": 59.98569941210048, ""photodiode_verification_enabled"": false, ""scheduled_on_flip"": true, ""shape"": ""x"", ""timing_model"": ""psychopy_callOnFlip_plus_fixed_display_latency""}"
42,go_nogo_trial_complete,EVENT,504071.031,,"{""attention_challenge"": {""enabled"": false, ""expected_state"": ""normal"", ""is_cue_trial"": false}, ""button_press_count"": 0, ""commission_error"": 0, ""condition"": ""no_go"", ""correct"": true, ""correct_press"": 1, ""event_type_name"": ""go_nogo_trial_complete"", ""is_no_go"": true, ""omission_error"": 0, ""practice"": false, ""reaction_time_seconds"": null, ""schema_version"": 1, ""session_dir"": ""C:\\Users\\Surettej\\Documents\\Codespace\\eegle\\data\\participants\\sub-001-calibration\\sessions\\2026-07-14\\attention_lapse_go_nogo8_observe_only\\go_nogo\\run-20260714T125304"", ""source"": ""task.go_nogo"", ""stimulus_offset_lsl_timestamp"": 504071.0466404, ""stimulus_offset_monotonic"": 504071.015, ""stimulus_onset_lsl_timestamp"": 504070.2247979, ""stimulus_onset_monotonic"": 504070.203, ""task"": ""go_nogo""}"
43,go_nogo_stimulus_onset_43_go_star_red,EVENT,504071.75,,"{""color"": ""red"", ""expected_frame_interval_ms"": 16.670639999210835, ""expected_refresh_rate_hz"": 60.0, ""expected_visual_onset_lsl_timestamp"": 504071.7802221, ""expected_visual_onset_monotonic"": 504071.75, ""expected_visual_onset_uncertainty_ms"": 8.335319999605417, ""fixed_display_latency_ms"": 0.0, ""flip_lsl_timestamp"": 504071.7802221, ""flip_monotonic"": 504071.75, ""is_no_go"": false, ""lsl_timestamp"": 504071.7802221, ""marker_push_latency_ms"": 0.0, ""measured_refresh_rate_hz"": 59.98569941210048, ""photodiode_verification_enabled"": false, ""scheduled_on_flip"": true, ""shape"": ""star"", ""timing_model"": ""psychopy_callOnFlip_plus_fixed_display_latency""}"
43,go_nogo_stimulus_offset_43_go_star_red,EVENT,504072.562,,"{""color"": ""red"", ""expected_frame_interval_ms"": 16.670639999210835, ""expected_refresh_rate_hz"": 60.0, ""expected_visual_onset_lsl_timestamp"": 504072.5908098, ""expected_visual_onset_monotonic"": 504072.562, ""expected_visual_onset_uncertainty_ms"": 8.335319999605417, ""fixed_display_latency_ms"": 0.0, ""flip_lsl_timestamp"": 504072.5908098, ""flip_monotonic"": 504072.562, ""is_no_go"": false, ""lsl_timestamp"": 504072.5908098, ""marker_push_latency_ms"": 0.0, ""measured_refresh_rate_hz"": 59.98569941210048, ""photodiode_verification_enabled"": false, ""scheduled_on_flip"": true, ""shape"": ""star"", ""timing_model"": ""psychopy_callOnFlip_plus_fixed_display_latency""}"
43,go_nogo_trial_complete,EVENT,504072.562,,"{""attention_challenge"": {""enabled"": false, ""expected_state"": ""normal"", ""is_cue_trial"": false}, ""button_press_count"": 0, ""commission_error"": 0, ""condition"": ""go"", ""correct"": false, ""correct_press"": 0, ""event_type_name"": ""go_nogo_trial_complete"", ""is_no_go"": false, ""omission_error"": 1, ""practice"": false, ""reaction_time_seconds"": null, ""schema_version"": 1, ""session_dir"": ""C:\\Users\\Surettej\\Documents\\Codespace\\eegle\\data\\participants\\sub-001-calibration\\sessions\\2026-07-14\\attention_lapse_go_nogo8_observe_only\\go_nogo\\run-20260714T125304"", ""source"": ""task.go_nogo"", ""stimulus_offset_lsl_timestamp"": 504072.5908098, ""stimulus_offset_monotonic"": 504072.562, ""stimulus_onset_lsl_timestamp"": 504071.7802221, ""stimulus_onset_monotonic"": 504071.75, ""task"": ""go_nogo""}"
44,go_nogo_stimulus_onset_44_nogo_x_white,EVENT,504073.296,,"{""color"": ""white"", ""expected_frame_interval_ms"": 16.670639999210835, ""expected_refresh_rate_hz"": 60.0, ""expected_visual_onset_lsl_timestamp"": 504073.3249029, ""expected_visual_onset_monotonic"": 504073.296, ""expected_visual_onset_uncertainty_ms"": 8.335319999605417, ""fixed_display_latency_ms"": 0.0, ""flip_lsl_timestamp"": 504073.3249029, ""flip_monotonic"": 504073.296, ""is_no_go"": true, ""lsl_timestamp"": 504073.3249029, ""marker_push_latency_ms"": 0.0, ""measured_refresh_rate_hz"": 59.98569941210048, ""photodiode_verification_enabled"": false, ""scheduled_on_flip"": true, ""shape"": ""x"", ""timing_model"": ""psychopy_callOnFlip_plus_fixed_display_latency""}"
44,go_nogo_stimulus_offset_44_nogo_x_white,EVENT,504074.109,,"{""color"": ""white"", ""expected_frame_interval_ms"": 16.670639999210835, ""expected_refresh_rate_hz"": 60.0, ""expected_visual_onset_lsl_timestamp"": 504074.1323811, ""expected_visual_onset_monotonic"": 504074.109, ""expected_visual_onset_uncertainty_ms"": 8.335319999605417, ""fixed_display_latency_ms"": 0.0, ""flip_lsl_timestamp"": 504074.1323811, ""flip_monotonic"": 504074.109, ""is_no_go"": true, ""lsl_timestamp"": 504074.1323811, ""marker_push_latency_ms"": 0.0, ""measured_refresh_rate_hz"": 59.98569941210048, ""photodiode_verification_enabled"": false, ""scheduled_on_flip"": true, ""shape"": ""x"", ""timing_model"": ""psychopy_callOnFlip_plus_fixed_display_latency""}"
44,go_nogo_trial_complete,EVENT,504074.109,,"{""attention_challenge"": {""enabled"": false, ""expected_state"": ""normal"", ""is_cue_trial"": false}, ""button_press_count"": 0, ""commission_error"": 0, ""condition"": ""no_go"", ""correct"": true, ""correct_press"": 1, ""event_type_name"": ""go_nogo_trial_complete"", ""is_no_go"": true, ""omission_error"": 0, ""practice"": false, ""reaction_time_seconds"": null, ""schema_version"": 1, ""session_dir"": ""C:\\Users\\Surettej\\Documents\\Codespace\\eegle\\data\\participants\\sub-001-calibration\\sessions\\2026-07-14\\attention_lapse_go_nogo8_observe_only\\go_nogo\\run-20260714T125304"", ""source"": ""task.go_nogo"", ""stimulus_offset_lsl_timestamp"": 504074.1323811, ""stimulus_offset_monotonic"": 504074.109, ""stimulus_onset_lsl_timestamp"": 504073.3249029, ""stimulus_onset_monotonic"": 504073.296, ""task"": ""go_nogo""}"
45,go_nogo_stimulus_onset_45_go_square_red,EVENT,504074.828,,"{""color"": ""red"", ""expected_frame_interval_ms"": 16.670639999210835, ""expected_refresh_rate_hz"": 60.0, ""expected_visual_onset_lsl_timestamp"": 504074.860071, ""expected_visual_onset_monotonic"": 504074.828, ""expected_visual_onset_uncertainty_ms"": 8.335319999605417, ""fixed_display_latency_ms"": 0.0, ""flip_lsl_timestamp"": 504074.860071, ""flip_monotonic"": 504074.828, ""is_no_go"": false, ""lsl_timestamp"": 504074.860071, ""marker_push_latency_ms"": 0.0, ""measured_refresh_rate_hz"": 59.98569941210048, ""photodiode_verification_enabled"": false, ""scheduled_on_flip"": true, ""shape"": ""square"", ""timing_model"": ""psychopy_callOnFlip_plus_fixed_display_latency""}"
45,button_press,EVENT,504075.12580660003,space,"{""is_response_key"": true, ""lsl_timestamp"": 504075.15787760005, ""marker_push_latency_ms"": 0.0, ""rt_from_flip_seconds"": 0.29780660005053505, ""rt_seconds"": 0.29780660005053505}"
45,go_nogo_stimulus_offset_45_go_square_red,EVENT,504075.64,,"{""color"": ""red"", ""expected_frame_interval_ms"": 16.670639999210835, ""expected_refresh_rate_hz"": 60.0, ""expected_visual_onset_lsl_timestamp"": 504075.6725691, ""expected_visual_onset_monotonic"": 504075.64, ""expected_visual_onset_uncertainty_ms"": 8.335319999605417, ""fixed_display_latency_ms"": 0.0, ""flip_lsl_timestamp"": 504075.6725691, ""flip_monotonic"": 504075.64, ""is_no_go"": false, ""lsl_timestamp"": 504075.6725691, ""marker_push_latency_ms"": 0.0, ""measured_refresh_rate_hz"": 59.98569941210048, ""photodiode_verification_enabled"": false, ""scheduled_on_flip"": true, ""shape"": ""square"", ""timing_model"": ""psychopy_callOnFlip_plus_fixed_display_latency""}"
45,go_nogo_trial_complete,EVENT,504075.656,,"{""attention_challenge"": {""enabled"": false, ""expected_state"": ""normal"", ""is_cue_trial"": false}, ""button_press_count"": 1, ""commission_error"": 0, ""condition"": ""go"", ""correct"": true, ""correct_press"": 1, ""event_type_name"": ""go_nogo_trial_complete"", ""is_no_go"": false, ""omission_error"": 0, ""practice"": false, ""reaction_time_seconds"": 0.29780660005053505, ""schema_version"": 1, ""session_dir"": ""C:\\Users\\Surettej\\Documents\\Codespace\\eegle\\data\\participants\\sub-001-calibration\\sessions\\2026-07-14\\attention_lapse_go_nogo8_observe_only\\go_nogo\\run-20260714T125304"", ""source"": ""task.go_nogo"", ""stimulus_offset_lsl_timestamp"": 504075.6725691, ""stimulus_offset_monotonic"": 504075.64, ""stimulus_onset_lsl_timestamp"": 504074.860071, ""stimulus_onset_monotonic"": 504074.828, ""task"": ""go_nogo""}"
46,go_nogo_stimulus_onset_46_nogo_x_white,EVENT,504076.375,,"{""color"": ""white"", ""expected_frame_interval_ms"": 16.670639999210835, ""expected_refresh_rate_hz"": 60.0, ""expected_visual_onset_lsl_timestamp"": 504076.40598, ""expected_visual_onset_monotonic"": 504076.375, ""expected_visual_onset_uncertainty_ms"": 8.335319999605417, ""fixed_display_latency_ms"": 0.0, ""flip_lsl_timestamp"": 504076.40598, ""flip_monotonic"": 504076.375, ""is_no_go"": true, ""lsl_timestamp"": 504076.40598, ""marker_push_latency_ms"": 0.0, ""measured_refresh_rate_hz"": 59.98569941210048, ""photodiode_verification_enabled"": false, ""scheduled_on_flip"": true, ""shape"": ""x"", ""timing_model"": ""psychopy_callOnFlip_plus_fixed_display_latency""}"
46,go_nogo_stimulus_offset_46_nogo_x_white,EVENT,504077.187,,"{""color"": ""white"", ""expected_frame_interval_ms"": 16.670639999210835, ""expected_refresh_rate_hz"": 60.0, ""expected_visual_onset_lsl_timestamp"": 504077.2141966, ""expected_visual_onset_monotonic"": 504077.187, ""expected_visual_onset_uncertainty_ms"": 8.335319999605417, ""fixed_display_latency_ms"": 0.0, ""flip_lsl_timestamp"": 504077.2141966, ""flip_monotonic"": 504077.187, ""is_no_go"": true, ""lsl_timestamp"": 504077.2141966, ""marker_push_latency_ms"": 0.0, ""measured_refresh_rate_hz"": 59.98569941210048, ""photodiode_verification_enabled"": false, ""scheduled_on_flip"": true, ""shape"": ""x"", ""timing_model"": ""psychopy_callOnFlip_plus_fixed_display_latency""}"
46,go_nogo_trial_complete,EVENT,504077.187,,"{""attention_challenge"": {""enabled"": false, ""expected_state"": ""normal"", ""is_cue_trial"": false}, ""button_press_count"": 0, ""commission_error"": 0, ""condition"": ""no_go"", ""correct"": true, ""correct_press"": 1, ""event_type_name"": ""go_nogo_trial_complete"", ""is_no_go"": true, ""omission_error"": 0, ""practice"": false, ""reaction_time_seconds"": null, ""schema_version"": 1, ""session_dir"": ""C:\\Users\\Surettej\\Documents\\Codespace\\eegle\\data\\participants\\sub-001-calibration\\sessions\\2026-07-14\\attention_lapse_go_nogo8_observe_only\\go_nogo\\run-20260714T125304"", ""source"": ""task.go_nogo"", ""stimulus_offset_lsl_timestamp"": 504077.2141966, ""stimulus_offset_monotonic"": 504077.187, ""stimulus_onset_lsl_timestamp"": 504076.40598, ""stimulus_onset_monotonic"": 504076.375, ""task"": ""go_nogo""}"
47,go_nogo_stimulus_onset_47_nogo_x_white,EVENT,504077.921,,"{""color"": ""white"", ""expected_frame_interval_ms"": 16.670639999210835, ""expected_refresh_rate_hz"": 60.0, ""expected_visual_onset_lsl_timestamp"": 504077.9507389, ""expected_visual_onset_monotonic"": 504077.921, ""expected_visual_onset_uncertainty_ms"": 8.335319999605417, ""fixed_display_latency_ms"": 0.0, ""flip_lsl_timestamp"": 504077.9507389, ""flip_monotonic"": 504077.921, ""is_no_go"": true, ""lsl_timestamp"": 504077.9507389, ""marker_push_latency_ms"": 0.0, ""measured_refresh_rate_hz"": 59.98569941210048, ""photodiode_verification_enabled"": false, ""scheduled_on_flip"": true, ""shape"": ""x"", ""timing_model"": ""psychopy_callOnFlip_plus_fixed_display_latency""}"
47,go_nogo_stimulus_offset_47_nogo_x_white,EVENT,504078.734,,"{""color"": ""white"", ""expected_frame_interval_ms"": 16.670639999210835, ""expected_refresh_rate_hz"": 60.0, ""expected_visual_onset_lsl_timestamp"": 504078.75893, ""expected_visual_onset_monotonic"": 504078.734, ""expected_visual_onset_uncertainty_ms"": 8.335319999605417, ""fixed_display_latency_ms"": 0.0, ""flip_lsl_timestamp"": 504078.75893, ""flip_monotonic"": 504078.734, ""is_no_go"": true, ""lsl_timestamp"": 504078.75893, ""marker_push_latency_ms"": 0.0, ""measured_refresh_rate_hz"": 59.98569941210048, ""photodiode_verification_enabled"": false, ""scheduled_on_flip"": true, ""shape"": ""x"", ""timing_model"": ""psychopy_callOnFlip_plus_fixed_display_latency""}"
47,go_nogo_trial_complete,EVENT,504078.734,,"{""attention_challenge"": {""enabled"": false, ""expected_state"": ""normal"", ""is_cue_trial"": false}, ""button_press_count"": 0, ""commission_error"": 0, ""condition"": ""no_go"", ""correct"": true, ""correct_press"": 1, ""event_type_name"": ""go_nogo_trial_complete"", ""is_no_go"": true, ""omission_error"": 0, ""practice"": false, ""reaction_time_seconds"": null, ""schema_version"": 1, ""session_dir"": ""C:\\Users\\Surettej\\Documents\\Codespace\\eegle\\data\\participants\\sub-001-calibration\\sessions\\2026-07-14\\attention_lapse_go_nogo8_observe_only\\go_nogo\\run-20260714T125304"", ""source"": ""task.go_nogo"", ""stimulus_offset_lsl_timestamp"": 504078.75893, ""stimulus_offset_monotonic"": 504078.734, ""stimulus_onset_lsl_timestamp"": 504077.9507389, ""stimulus_onset_monotonic"": 504077.921, ""task"": ""go_nogo""}"
48,go_nogo_stimulus_onset_48_nogo_x_white,EVENT,504079.468,,"{""color"": ""white"", ""expected_frame_interval_ms"": 16.670639999210835, ""expected_refresh_rate_hz"": 60.0, ""expected_visual_onset_lsl_timestamp"": 504079.5001518, ""expected_visual_onset_monotonic"": 504079.468, ""expected_visual_onset_uncertainty_ms"": 8.335319999605417, ""fixed_display_latency_ms"": 0.0, ""flip_lsl_timestamp"": 504079.5001518, ""flip_monotonic"": 504079.468, ""is_no_go"": true, ""lsl_timestamp"": 504079.5001518, ""marker_push_latency_ms"": 0.0, ""measured_refresh_rate_hz"": 59.98569941210048, ""photodiode_verification_enabled"": false, ""scheduled_on_flip"": true, ""shape"": ""x"", ""timing_model"": ""psychopy_callOnFlip_plus_fixed_display_latency""}"
48,go_nogo_stimulus_offset_48_nogo_x_white,EVENT,504080.281,,"{""color"": ""white"", ""expected_frame_interval_ms"": 16.670639999210835, ""expected_refresh_rate_hz"": 60.0, ""expected_visual_onset_lsl_timestamp"": 504080.3108453, ""expected_visual_onset_monotonic"": 504080.281, ""expected_visual_onset_uncertainty_ms"": 8.335319999605417, ""fixed_display_latency_ms"": 0.0, ""flip_lsl_timestamp"": 504080.3108453, ""flip_monotonic"": 504080.281, ""is_no_go"": true, ""lsl_timestamp"": 504080.3108453, ""marker_push_latency_ms"": 0.0, ""measured_refresh_rate_hz"": 59.98569941210048, ""photodiode_verification_enabled"": false, ""scheduled_on_flip"": true, ""shape"": ""x"", ""timing_model"": ""psychopy_callOnFlip_plus_fixed_display_latency""}"
48,go_nogo_trial_complete,EVENT,504080.281,,"{""attention_challenge"": {""enabled"": false, ""expected_state"": ""normal"", ""is_cue_trial"": false}, ""button_press_count"": 0, ""commission_error"": 0, ""condition"": ""no_go"", ""correct"": true, ""correct_press"": 1, ""event_type_name"": ""go_nogo_trial_complete"", ""is_no_go"": true, ""omission_error"": 0, ""practice"": false, ""reaction_time_seconds"": null, ""schema_version"": 1, ""session_dir"": ""C:\\Users\\Surettej\\Documents\\Codespace\\eegle\\data\\participants\\sub-001-calibration\\sessions\\2026-07-14\\attention_lapse_go_nogo8_observe_only\\go_nogo\\run-20260714T125304"", ""source"": ""task.go_nogo"", ""stimulus_offset_lsl_timestamp"": 504080.3108453, ""stimulus_offset_monotonic"": 504080.281, ""stimulus_onset_lsl_timestamp"": 504079.5001518, ""stimulus_onset_monotonic"": 504079.468, ""task"": ""go_nogo""}"
49,go_nogo_stimulus_onset_49_go_triangle_yellow,EVENT,504081.015,,"{""color"": ""yellow"", ""expected_frame_interval_ms"": 16.670639999210835, ""expected_refresh_rate_hz"": 60.0, ""expected_visual_onset_lsl_timestamp"": 504081.0401768, ""expected_visual_onset_monotonic"": 504081.015, ""expected_visual_onset_uncertainty_ms"": 8.335319999605417, ""fixed_display_latency_ms"": 0.0, ""flip_lsl_timestamp"": 504081.0401768, ""flip_monotonic"": 504081.015, ""is_no_go"": false, ""lsl_timestamp"": 504081.0401768, ""marker_push_latency_ms"": 0.0, ""measured_refresh_rate_hz"": 59.98569941210048, ""photodiode_verification_enabled"": false, ""scheduled_on_flip"": true, ""shape"": ""triangle"", ""timing_model"": ""psychopy_callOnFlip_plus_fixed_display_latency""}"
49,button_press,EVENT,504081.6917981,space,"{""is_response_key"": true, ""lsl_timestamp"": 504081.7169749, ""marker_push_latency_ms"": 0.0, ""rt_from_flip_seconds"": 0.6767981000011787, ""rt_seconds"": 0.6767981000011787}"
49,go_nogo_stimulus_offset_49_go_triangle_yellow,EVENT,504081.812,,"{""color"": ""yellow"", ""expected_frame_interval_ms"": 16.670639999210835, ""expected_refresh_rate_hz"": 60.0, ""expected_visual_onset_lsl_timestamp"": 504081.8481905, ""expected_visual_onset_monotonic"": 504081.812, ""expected_visual_onset_uncertainty_ms"": 8.335319999605417, ""fixed_display_latency_ms"": 0.0, ""flip_lsl_timestamp"": 504081.8481905, ""flip_monotonic"": 504081.812, ""is_no_go"": false, ""lsl_timestamp"": 504081.8481905, ""marker_push_latency_ms"": 0.0, ""measured_refresh_rate_hz"": 59.98569941210048, ""photodiode_verification_enabled"": false, ""scheduled_on_flip"": true, ""shape"": ""triangle"", ""timing_model"": ""psychopy_callOnFlip_plus_fixed_display_latency""}"
49,go_nogo_trial_complete,EVENT,504081.828,,"{""attention_challenge"": {""enabled"": false, ""expected_state"": ""normal"", ""is_cue_trial"": false}, ""button_press_count"": 1, ""commission_error"": 0, ""condition"": ""go"", ""correct"": true, ""correct_press"": 1, ""event_type_name"": ""go_nogo_trial_complete"", ""is_no_go"": false, ""omission_error"": 0, ""practice"": false, ""reaction_time_seconds"": 0.6767981000011787, ""schema_version"": 1, ""session_dir"": ""C:\\Users\\Surettej\\Documents\\Codespace\\eegle\\data\\participants\\sub-001-calibration\\sessions\\2026-07-14\\attention_lapse_go_nogo8_observe_only\\go_nogo\\run-20260714T125304"", ""source"": ""task.go_nogo"", ""stimulus_offset_lsl_timestamp"": 504081.8481905, ""stimulus_offset_monotonic"": 504081.812, ""stimulus_onset_lsl_timestamp"": 504081.0401768, ""stimulus_onset_monotonic"": 504081.015, ""task"": ""go_nogo""}"
50,go_nogo_stimulus_onset_50_nogo_x_white,EVENT,504082.546,,"{""color"": ""white"", ""expected_frame_interval_ms"": 16.670639999210835, ""expected_refresh_rate_hz"": 60.0, ""expected_visual_onset_lsl_timestamp"": 504082.5827335, ""expected_visual_onset_monotonic"": 504082.546, ""expected_visual_onset_uncertainty_ms"": 8.335319999605417, ""fixed_display_latency_ms"": 0.0, ""flip_lsl_timestamp"": 504082.5827335, ""flip_monotonic"": 504082.546, ""is_no_go"": true, ""lsl_timestamp"": 504082.5827335, ""marker_push_latency_ms"": 0.0, ""measured_refresh_rate_hz"": 59.98569941210048, ""photodiode_verification_enabled"": false, ""scheduled_on_flip"": true, ""shape"": ""x"", ""timing_model"": ""psychopy_callOnFlip_plus_fixed_display_latency""}"
50,go_nogo_stimulus_offset_50_nogo_x_white,EVENT,504083.375,,"{""color"": ""white"", ""expected_frame_interval_ms"": 16.670639999210835, ""expected_refresh_rate_hz"": 60.0, ""expected_visual_onset_lsl_timestamp"": 504083.4081264, ""expected_visual_onset_monotonic"": 504083.375, ""expected_visual_onset_uncertainty_ms"": 8.335319999605417, ""fixed_display_latency_ms"": 0.0, ""flip_lsl_timestamp"": 504083.4081264, ""flip_monotonic"": 504083.375, ""is_no_go"": true, ""lsl_timestamp"": 504083.4081264, ""marker_push_latency_ms"": 0.0, ""measured_refresh_rate_hz"": 59.98569941210048, ""photodiode_verification_enabled"": false, ""scheduled_on_flip"": true, ""shape"": ""x"", ""timing_model"": ""psychopy_callOnFlip_plus_fixed_display_latency""}"
50,go_nogo_trial_complete,EVENT,504083.39,,"{""attention_challenge"": {""enabled"": false, ""expected_state"": ""normal"", ""is_cue_trial"": false}, ""button_press_count"": 0, ""commission_error"": 0, ""condition"": ""no_go"", ""correct"": true, ""correct_press"": 1, ""event_type_name"": ""go_nogo_trial_complete"", ""is_no_go"": true, ""omission_error"": 0, ""practice"": false, ""reaction_time_seconds"": null, ""schema_version"": 1, ""session_dir"": ""C:\\Users\\Surettej\\Documents\\Codespace\\eegle\\data\\participants\\sub-001-calibration\\sessions\\2026-07-14\\attention_lapse_go_nogo8_observe_only\\go_nogo\\run-20260714T125304"", ""source"": ""task.go_nogo"", ""stimulus_offset_lsl_timestamp"": 504083.4081264, ""stimulus_offset_monotonic"": 504083.375, ""stimulus_onset_lsl_timestamp"": 504082.5827335, ""stimulus_onset_monotonic"": 504082.546, ""task"": ""go_nogo""}"
51,go_nogo_stimulus_onset_51_go_square_blue,EVENT,504084.109,,"{""color"": ""blue"", ""expected_frame_interval_ms"": 16.670639999210835, ""expected_refresh_rate_hz"": 60.0, ""expected_visual_onset_lsl_timestamp"": 504084.1378199, ""expected_visual_onset_monotonic"": 504084.109, ""expected_visual_onset_uncertainty_ms"": 8.335319999605417, ""fixed_display_latency_ms"": 0.0, ""flip_lsl_timestamp"": 504084.1378199, ""flip_monotonic"": 504084.109, ""is_no_go"": false, ""lsl_timestamp"": 504084.1378199, ""marker_push_latency_ms"": 0.0, ""measured_refresh_rate_hz"": 59.98569941210048, ""photodiode_verification_enabled"": false, ""scheduled_on_flip"": true, ""shape"": ""square"", ""timing_model"": ""psychopy_callOnFlip_plus_fixed_display_latency""}"
51,button_press,EVENT,504084.5610394,space,"{""is_response_key"": true, ""lsl_timestamp"": 504084.5898593, ""marker_push_latency_ms"": 0.0, ""rt_from_flip_seconds"": 0.45203939999919385, ""rt_seconds"": 0.45203939999919385}"
51,go_nogo_stimulus_offset_51_go_square_blue,EVENT,504084.921,,"{""color"": ""blue"", ""expected_frame_interval_ms"": 16.670639999210835, ""expected_refresh_rate_hz"": 60.0, ""expected_visual_onset_lsl_timestamp"": 504084.9492133, ""expected_visual_onset_monotonic"": 504084.921, ""expected_visual_onset_uncertainty_ms"": 8.335319999605417, ""fixed_display_latency_ms"": 0.0, ""flip_lsl_timestamp"": 504084.9492133, ""flip_monotonic"": 504084.921, ""is_no_go"": false, ""lsl_timestamp"": 504084.9492133, ""marker_push_latency_ms"": 0.0, ""measured_refresh_rate_hz"": 59.98569941210048, ""photodiode_verification_enabled"": false, ""scheduled_on_flip"": true, ""shape"": ""square"", ""timing_model"": ""psychopy_callOnFlip_plus_fixed_display_latency""}"
51,go_nogo_trial_complete,EVENT,504084.921,,"{""attention_challenge"": {""enabled"": false, ""expected_state"": ""normal"", ""is_cue_trial"": false}, ""button_press_count"": 1, ""commission_error"": 0, ""condition"": ""go"", ""correct"": true, ""correct_press"": 1, ""event_type_name"": ""go_nogo_trial_complete"", ""is_no_go"": false, ""omission_error"": 0, ""practice"": false, ""reaction_time_seconds"": 0.45203939999919385, ""schema_version"": 1, ""session_dir"": ""C:\\Users\\Surettej\\Documents\\Codespace\\eegle\\data\\participants\\sub-001-calibration\\sessions\\2026-07-14\\attention_lapse_go_nogo8_observe_only\\go_nogo\\run-20260714T125304"", ""source"": ""task.go_nogo"", ""stimulus_offset_lsl_timestamp"": 504084.9492133, ""stimulus_offset_monotonic"": 504084.921, ""stimulus_onset_lsl_timestamp"": 504084.1378199, ""stimulus_onset_monotonic"": 504084.109, ""task"": ""go_nogo""}"
52,go_nogo_stimulus_onset_52_go_hexagon_green,EVENT,504085.656,,"{""color"": ""green"", ""expected_frame_interval_ms"": 16.670639999210835, ""expected_refresh_rate_hz"": 60.0, ""expected_visual_onset_lsl_timestamp"": 504085.6865337, ""expected_visual_onset_monotonic"": 504085.656, ""expected_visual_onset_uncertainty_ms"": 8.335319999605417, ""fixed_display_latency_ms"": 0.0, ""flip_lsl_timestamp"": 504085.6865337, ""flip_monotonic"": 504085.656, ""is_no_go"": false, ""lsl_timestamp"": 504085.6865337, ""marker_push_latency_ms"": 0.0, ""measured_refresh_rate_hz"": 59.98569941210048, ""photodiode_verification_enabled"": false, ""scheduled_on_flip"": true, ""shape"": ""hexagon"", ""timing_model"": ""psychopy_callOnFlip_plus_fixed_display_latency""}"
52,button_press,EVENT,504086.09549740003,space,"{""is_response_key"": true, ""lsl_timestamp"": 504086.1260311, ""marker_push_latency_ms"": 0.0, ""rt_from_flip_seconds"": 0.43949740001698956, ""rt_seconds"": 0.43949740001698956}"
52,go_nogo_stimulus_offset_52_go_hexagon_green,EVENT,504086.468,,"{""color"": ""green"", ""expected_frame_interval_ms"": 16.670639999210835, ""expected_refresh_rate_hz"": 60.0, ""expected_visual_onset_lsl_timestamp"": 504086.4951663, ""expected_visual_onset_monotonic"": 504086.468, ""expected_visual_onset_uncertainty_ms"": 8.335319999605417, ""fixed_display_latency_ms"": 0.0, ""flip_lsl_timestamp"": 504086.4951663, ""flip_monotonic"": 504086.468, ""is_no_go"": false, ""lsl_timestamp"": 504086.4951663, ""marker_push_latency_ms"": 0.0, ""measured_refresh_rate_hz"": 59.98569941210048, ""photodiode_verification_enabled"": false, ""scheduled_on_flip"": true, ""shape"": ""hexagon"", ""timing_model"": ""psychopy_callOnFlip_plus_fixed_display_latency""}"
52,go_nogo_trial_complete,EVENT,504086.468,,"{""attention_challenge"": {""enabled"": false, ""expected_state"": ""normal"", ""is_cue_trial"": false}, ""button_press_count"": 1, ""commission_error"": 0, ""condition"": ""go"", ""correct"": true, ""correct_press"": 1, ""event_type_name"": ""go_nogo_trial_complete"", ""is_no_go"": false, ""omission_error"": 0, ""practice"": false, ""reaction_time_seconds"": 0.43949740001698956, ""schema_version"": 1, ""session_dir"": ""C:\\Users\\Surettej\\Documents\\Codespace\\eegle\\data\\participants\\sub-001-calibration\\sessions\\2026-07-14\\attention_lapse_go_nogo8_observe_only\\go_nogo\\run-20260714T125304"", ""source"": ""task.go_nogo"", ""stimulus_offset_lsl_timestamp"": 504086.4951663, ""stimulus_offset_monotonic"": 504086.468, ""stimulus_onset_lsl_timestamp"": 504085.6865337, ""stimulus_onset_monotonic"": 504085.656, ""task"": ""go_nogo""}"
53,go_nogo_stimulus_onset_53_go_star_yellow,EVENT,504087.203,,"{""color"": ""yellow"", ""expected_frame_interval_ms"": 16.670639999210835, ""expected_refresh_rate_hz"": 60.0, ""expected_visual_onset_lsl_timestamp"": 504087.2250242, ""expected_visual_onset_monotonic"": 504087.203, ""expected_visual_onset_uncertainty_ms"": 8.335319999605417, ""fixed_display_latency_ms"": 0.0, ""flip_lsl_timestamp"": 504087.2250242, ""flip_monotonic"": 504087.203, ""is_no_go"": false, ""lsl_timestamp"": 504087.2250242, ""marker_push_latency_ms"": 0.0, ""measured_refresh_rate_hz"": 59.98569941210048, ""photodiode_verification_enabled"": false, ""scheduled_on_flip"": true, ""shape"": ""star"", ""timing_model"": ""psychopy_callOnFlip_plus_fixed_display_latency""}"
53,button_press,EVENT,504087.6405258,space,"{""is_response_key"": true, ""lsl_timestamp"": 504087.66255, ""marker_push_latency_ms"": 0.0, ""rt_from_flip_seconds"": 0.43752580002183095, ""rt_seconds"": 0.43752580002183095}"
53,go_nogo_stimulus_offset_53_go_star_yellow,EVENT,504088.0,,"{""color"": ""yellow"", ""expected_frame_interval_ms"": 16.670639999210835, ""expected_refresh_rate_hz"": 60.0, ""expected_visual_onset_lsl_timestamp"": 504088.0338496, ""expected_visual_onset_monotonic"": 504088.0, ""expected_visual_onset_uncertainty_ms"": 8.335319999605417, ""fixed_display_latency_ms"": 0.0, ""flip_lsl_timestamp"": 504088.0338496, ""flip_monotonic"": 504088.0, ""is_no_go"": false, ""lsl_timestamp"": 504088.0338496, ""marker_push_latency_ms"": 0.0, ""measured_refresh_rate_hz"": 59.98569941210048, ""photodiode_verification_enabled"": false, ""scheduled_on_flip"": true, ""shape"": ""star"", ""timing_model"": ""psychopy_callOnFlip_plus_fixed_display_latency""}"
53,go_nogo_trial_complete,EVENT,504088.015,,"{""attention_challenge"": {""enabled"": false, ""expected_state"": ""normal"", ""is_cue_trial"": false}, ""button_press_count"": 1, ""commission_error"": 0, ""condition"": ""go"", ""correct"": true, ""correct_press"": 1, ""event_type_name"": ""go_nogo_trial_complete"", ""is_no_go"": false, ""omission_error"": 0, ""practice"": false, ""reaction_time_seconds"": 0.43752580002183095, ""schema_version"": 1, ""session_dir"": ""C:\\Users\\Surettej\\Documents\\Codespace\\eegle\\data\\participants\\sub-001-calibration\\sessions\\2026-07-14\\attention_lapse_go_nogo8_observe_only\\go_nogo\\run-20260714T125304"", ""source"": ""task.go_nogo"", ""stimulus_offset_lsl_timestamp"": 504088.0338496, ""stimulus_offset_monotonic"": 504088.0, ""stimulus_onset_lsl_timestamp"": 504087.2250242, ""stimulus_onset_monotonic"": 504087.203, ""task"": ""go_nogo""}"
54,go_nogo_stimulus_onset_54_nogo_x_white,EVENT,504088.734,,"{""color"": ""white"", ""expected_frame_interval_ms"": 16.670639999210835, ""expected_refresh_rate_hz"": 60.0, ""expected_visual_onset_lsl_timestamp"": 504088.7689023, ""expected_visual_onset_monotonic"": 504088.734, ""expected_visual_onset_uncertainty_ms"": 8.335319999605417, ""fixed_display_latency_ms"": 0.0, ""flip_lsl_timestamp"": 504088.7689023, ""flip_monotonic"": 504088.734, ""is_no_go"": true, ""lsl_timestamp"": 504088.7689023, ""marker_push_latency_ms"": 0.0, ""measured_refresh_rate_hz"": 59.98569941210048, ""photodiode_verification_enabled"": false, ""scheduled_on_flip"": true, ""shape"": ""x"", ""timing_model"": ""psychopy_callOnFlip_plus_fixed_display_latency""}"
54,button_press,EVENT,504089.0980544,space,"{""is_response_key"": true, ""lsl_timestamp"": 504089.1329567, ""marker_push_latency_ms"": 0.0, ""rt_from_flip_seconds"": 0.3640544000081718, ""rt_seconds"": 0.3640544000081718}"
54,go_nogo_stimulus_offset_54_nogo_x_white,EVENT,504089.546,,"{""color"": ""white"", ""expected_frame_interval_ms"": 16.670639999210835, ""expected_refresh_rate_hz"": 60.0, ""expected_visual_onset_lsl_timestamp"": 504089.577472, ""expected_visual_onset_monotonic"": 504089.546, ""expected_visual_onset_uncertainty_ms"": 8.335319999605417, ""fixed_display_latency_ms"": 0.0, ""flip_lsl_timestamp"": 504089.577472, ""flip_monotonic"": 504089.546, ""is_no_go"": true, ""lsl_timestamp"": 504089.577472, ""marker_push_latency_ms"": 0.0, ""measured_refresh_rate_hz"": 59.98569941210048, ""photodiode_verification_enabled"": false, ""scheduled_on_flip"": true, ""shape"": ""x"", ""timing_model"": ""psychopy_callOnFlip_plus_fixed_display_latency""}"
54,go_nogo_trial_complete,EVENT,504089.562,,"{""attention_challenge"": {""enabled"": false, ""expected_state"": ""normal"", ""is_cue_trial"": false}, ""button_press_count"": 1, ""commission_error"": 1, ""condition"": ""no_go"", ""correct"": false, ""correct_press"": 0, ""event_type_name"": ""go_nogo_trial_complete"", ""is_no_go"": true, ""omission_error"": 0, ""practice"": false, ""reaction_time_seconds"": 0.3640544000081718, ""schema_version"": 1, ""session_dir"": ""C:\\Users\\Surettej\\Documents\\Codespace\\eegle\\data\\participants\\sub-001-calibration\\sessions\\2026-07-14\\attention_lapse_go_nogo8_observe_only\\go_nogo\\run-20260714T125304"", ""source"": ""task.go_nogo"", ""stimulus_offset_lsl_timestamp"": 504089.577472, ""stimulus_offset_monotonic"": 504089.546, ""stimulus_onset_lsl_timestamp"": 504088.7689023, ""stimulus_onset_monotonic"": 504088.734, ""task"": ""go_nogo""}"
55,go_nogo_stimulus_onset_55_nogo_x_white,EVENT,504090.296,,"{""color"": ""white"", ""expected_frame_interval_ms"": 16.670639999210835, ""expected_refresh_rate_hz"": 60.0, ""expected_visual_onset_lsl_timestamp"": 504090.3216875, ""expected_visual_onset_monotonic"": 504090.296, ""expected_visual_onset_uncertainty_ms"": 8.335319999605417, ""fixed_display_latency_ms"": 0.0, ""flip_lsl_timestamp"": 504090.3216875, ""flip_monotonic"": 504090.296, ""is_no_go"": true, ""lsl_timestamp"": 504090.3216875, ""marker_push_latency_ms"": 0.0, ""measured_refresh_rate_hz"": 59.98569941210048, ""photodiode_verification_enabled"": false, ""scheduled_on_flip"": true, ""shape"": ""x"", ""timing_model"": ""psychopy_callOnFlip_plus_fixed_display_latency""}"
55,go_nogo_stimulus_offset_55_nogo_x_white,EVENT,504091.109,,"{""color"": ""white"", ""expected_frame_interval_ms"": 16.670639999210835, ""expected_refresh_rate_hz"": 60.0, ""expected_visual_onset_lsl_timestamp"": 504091.1389401, ""expected_visual_onset_monotonic"": 504091.109, ""expected_visual_onset_uncertainty_ms"": 8.335319999605417, ""fixed_display_latency_ms"": 0.0, ""flip_lsl_timestamp"": 504091.1389401, ""flip_monotonic"": 504091.109, ""is_no_go"": true, ""lsl_timestamp"": 504091.1389401, ""marker_push_latency_ms"": 0.0, ""measured_refresh_rate_hz"": 59.98569941210048, ""photodiode_verification_enabled"": false, ""scheduled_on_flip"": true, ""shape"": ""x"", ""timing_model"": ""psychopy_callOnFlip_plus_fixed_display_latency""}"
55,go_nogo_trial_complete,EVENT,504091.109,,"{""attention_challenge"": {""enabled"": false, ""expected_state"": ""normal"", ""is_cue_trial"": false}, ""button_press_count"": 0, ""commission_error"": 0, ""condition"": ""no_go"", ""correct"": true, ""correct_press"": 1, ""event_type_name"": ""go_nogo_trial_complete"", ""is_no_go"": true, ""omission_error"": 0, ""practice"": false, ""reaction_time_seconds"": null, ""schema_version"": 1, ""session_dir"": ""C:\\Users\\Surettej\\Documents\\Codespace\\eegle\\data\\participants\\sub-001-calibration\\sessions\\2026-07-14\\attention_lapse_go_nogo8_observe_only\\go_nogo\\run-20260714T125304"", ""source"": ""task.go_nogo"", ""stimulus_offset_lsl_timestamp"": 504091.1389401, ""stimulus_offset_monotonic"": 504091.109, ""stimulus_onset_lsl_timestamp"": 504090.3216875, ""stimulus_onset_monotonic"": 504090.296, ""task"": ""go_nogo""}"
56,go_nogo_stimulus_onset_56_go_square_blue,EVENT,504091.843,,"{""color"": ""blue"", ""expected_frame_interval_ms"": 16.670639999210835, ""expected_refresh_rate_hz"": 60.0, ""expected_visual_onset_lsl_timestamp"": 504091.8686047, ""expected_visual_onset_monotonic"": 504091.843, ""expected_visual_onset_uncertainty_ms"": 8.335319999605417, ""fixed_display_latency_ms"": 0.0, ""flip_lsl_timestamp"": 504091.8686047, ""flip_monotonic"": 504091.843, ""is_no_go"": false, ""lsl_timestamp"": 504091.8686047, ""marker_push_latency_ms"": 0.0, ""measured_refresh_rate_hz"": 59.98569941210048, ""photodiode_verification_enabled"": false, ""scheduled_on_flip"": true, ""shape"": ""square"", ""timing_model"": ""psychopy_callOnFlip_plus_fixed_display_latency""}"
56,button_press,EVENT,504092.4363816,space,"{""is_response_key"": true, ""lsl_timestamp"": 504092.4619863, ""marker_push_latency_ms"": 0.0, ""rt_from_flip_seconds"": 0.5933815999887884, ""rt_seconds"": 0.5933815999887884}"
56,go_nogo_stimulus_offset_56_go_square_blue,EVENT,504092.656,,"{""color"": ""blue"", ""expected_frame_interval_ms"": 16.670639999210835, ""expected_refresh_rate_hz"": 60.0, ""expected_visual_onset_lsl_timestamp"": 504092.689632, ""expected_visual_onset_monotonic"": 504092.656, ""expected_visual_onset_uncertainty_ms"": 8.335319999605417, ""fixed_display_latency_ms"": 0.0, ""flip_lsl_timestamp"": 504092.689632, ""flip_monotonic"": 504092.656, ""is_no_go"": false, ""lsl_timestamp"": 504092.689632, ""marker_push_latency_ms"": 0.0, ""measured_refresh_rate_hz"": 59.98569941210048, ""photodiode_verification_enabled"": false, ""scheduled_on_flip"": true, ""shape"": ""square"", ""timing_model"": ""psychopy_callOnFlip_plus_fixed_display_latency""}"
56,go_nogo_trial_complete,EVENT,504092.671,,"{""attention_challenge"": {""enabled"": false, ""expected_state"": ""normal"", ""is_cue_trial"": false}, ""button_press_count"": 1, ""commission_error"": 0, ""condition"": ""go"", ""correct"": true, ""correct_press"": 1, ""event_type_name"": ""go_nogo_trial_complete"", ""is_no_go"": false, ""omission_error"": 0, ""practice"": false, ""reaction_time_seconds"": 0.5933815999887884, ""schema_version"": 1, ""session_dir"": ""C:\\Users\\Surettej\\Documents\\Codespace\\eegle\\data\\participants\\sub-001-calibration\\sessions\\2026-07-14\\attention_lapse_go_nogo8_observe_only\\go_nogo\\run-20260714T125304"", ""source"": ""task.go_nogo"", ""stimulus_offset_lsl_timestamp"": 504092.689632, ""stimulus_offset_monotonic"": 504092.656, ""stimulus_onset_lsl_timestamp"": 504091.8686047, ""stimulus_onset_monotonic"": 504091.843, ""task"": ""go_nogo""}"
57,go_nogo_stimulus_onset_57_go_triangle_magenta,EVENT,504093.39,,"{""color"": ""magenta"", ""expected_frame_interval_ms"": 16.670639999210835, ""expected_refresh_rate_hz"": 60.0, ""expected_visual_onset_lsl_timestamp"": 504093.4193716, ""expected_visual_onset_monotonic"": 504093.39, ""expected_visual_onset_uncertainty_ms"": 8.335319999605417, ""fixed_display_latency_ms"": 0.0, ""flip_lsl_timestamp"": 504093.4193716, ""flip_monotonic"": 504093.39, ""is_no_go"": false, ""lsl_timestamp"": 504093.4193716, ""marker_push_latency_ms"": 0.0, ""measured_refresh_rate_hz"": 59.98569941210048, ""photodiode_verification_enabled"": false, ""scheduled_on_flip"": true, ""shape"": ""triangle"", ""timing_model"": ""psychopy_callOnFlip_plus_fixed_display_latency""}"
57,button_press,EVENT,504093.7530842,space,"{""is_response_key"": true, ""lsl_timestamp"": 504093.7824558, ""marker_push_latency_ms"": 0.0, ""rt_from_flip_seconds"": 0.36308420001296327, ""rt_seconds"": 0.36308420001296327}"
57,go_nogo_stimulus_offset_57_go_triangle_magenta,EVENT,504094.203,,"{""color"": ""magenta"", ""expected_frame_interval_ms"": 16.670639999210835, ""expected_refresh_rate_hz"": 60.0, ""expected_visual_onset_lsl_timestamp"": 504094.227665, ""expected_visual_onset_monotonic"": 504094.203, ""expected_visual_onset_uncertainty_ms"": 8.335319999605417, ""fixed_display_latency_ms"": 0.0, ""flip_lsl_timestamp"": 504094.227665, ""flip_monotonic"": 504094.203, ""is_no_go"": false, ""lsl_timestamp"": 504094.227665, ""marker_push_latency_ms"": 0.0, ""measured_refresh_rate_hz"": 59.98569941210048, ""photodiode_verification_enabled"": false, ""scheduled_on_flip"": true, ""shape"": ""triangle"", ""timing_model"": ""psychopy_callOnFlip_plus_fixed_display_latency""}"
57,go_nogo_trial_complete,EVENT,504094.203,,"{""attention_challenge"": {""enabled"": false, ""expected_state"": ""normal"", ""is_cue_trial"": false}, ""button_press_count"": 1, ""commission_error"": 0, ""condition"": ""go"", ""correct"": true, ""correct_press"": 1, ""event_type_name"": ""go_nogo_trial_complete"", ""is_no_go"": false, ""omission_error"": 0, ""practice"": false, ""reaction_time_seconds"": 0.36308420001296327, ""schema_version"": 1, ""session_dir"": ""C:\\Users\\Surettej\\Documents\\Codespace\\eegle\\data\\participants\\sub-001-calibration\\sessions\\2026-07-14\\attention_lapse_go_nogo8_observe_only\\go_nogo\\run-20260714T125304"", ""source"": ""task.go_nogo"", ""stimulus_offset_lsl_timestamp"": 504094.227665, ""stimulus_offset_monotonic"": 504094.203, ""stimulus_onset_lsl_timestamp"": 504093.4193716, ""stimulus_onset_monotonic"": 504093.39, ""task"": ""go_nogo""}"
58,go_nogo_stimulus_onset_58_nogo_x_white,EVENT,504094.937,,"{""color"": ""white"", ""expected_frame_interval_ms"": 16.670639999210835, ""expected_refresh_rate_hz"": 60.0, ""expected_visual_onset_lsl_timestamp"": 504094.9690427, ""expected_visual_onset_monotonic"": 504094.937, ""expected_visual_onset_uncertainty_ms"": 8.335319999605417, ""fixed_display_latency_ms"": 0.0, ""flip_lsl_timestamp"": 504094.9690427, ""flip_monotonic"": 504094.937, ""is_no_go"": true, ""lsl_timestamp"": 504094.9690427, ""marker_push_latency_ms"": 0.0, ""measured_refresh_rate_hz"": 59.98569941210048, ""photodiode_verification_enabled"": false, ""scheduled_on_flip"": true, ""shape"": ""x"", ""timing_model"": ""psychopy_callOnFlip_plus_fixed_display_latency""}"
58,go_nogo_stimulus_offset_58_nogo_x_white,EVENT,504095.75,,"{""color"": ""white"", ""expected_frame_interval_ms"": 16.670639999210835, ""expected_refresh_rate_hz"": 60.0, ""expected_visual_onset_lsl_timestamp"": 504095.7785235, ""expected_visual_onset_monotonic"": 504095.75, ""expected_visual_onset_uncertainty_ms"": 8.335319999605417, ""fixed_display_latency_ms"": 0.0, ""flip_lsl_timestamp"": 504095.7785235, ""flip_monotonic"": 504095.75, ""is_no_go"": true, ""lsl_timestamp"": 504095.7785235, ""marker_push_latency_ms"": 0.0, ""measured_refresh_rate_hz"": 59.98569941210048, ""photodiode_verification_enabled"": false, ""scheduled_on_flip"": true, ""shape"": ""x"", ""timing_model"": ""psychopy_callOnFlip_plus_fixed_display_latency""}"
58,go_nogo_trial_complete,EVENT,504095.75,,"{""attention_challenge"": {""enabled"": false, ""expected_state"": ""normal"", ""is_cue_trial"": false}, ""button_press_count"": 0, ""commission_error"": 0, ""condition"": ""no_go"", ""correct"": true, ""correct_press"": 1, ""event_type_name"": ""go_nogo_trial_complete"", ""is_no_go"": true, ""omission_error"": 0, ""practice"": false, ""reaction_time_seconds"": null, ""schema_version"": 1, ""session_dir"": ""C:\\Users\\Surettej\\Documents\\Codespace\\eegle\\data\\participants\\sub-001-calibration\\sessions\\2026-07-14\\attention_lapse_go_nogo8_observe_only\\go_nogo\\run-20260714T125304"", ""source"": ""task.go_nogo"", ""stimulus_offset_lsl_timestamp"": 504095.7785235, ""stimulus_offset_monotonic"": 504095.75, ""stimulus_onset_lsl_timestamp"": 504094.9690427, ""stimulus_onset_monotonic"": 504094.937, ""task"": ""go_nogo""}"
59,go_nogo_stimulus_onset_59_nogo_x_white,EVENT,504096.5,,"{""color"": ""white"", ""expected_frame_interval_ms"": 16.670639999210835, ""expected_refresh_rate_hz"": 60.0, ""expected_visual_onset_lsl_timestamp"": 504096.5245066, ""expected_visual_onset_monotonic"": 504096.5, ""expected_visual_onset_uncertainty_ms"": 8.335319999605417, ""fixed_display_latency_ms"": 0.0, ""flip_lsl_timestamp"": 504096.5245066, ""flip_monotonic"": 504096.5, ""is_no_go"": true, ""lsl_timestamp"": 504096.5245066, ""marker_push_latency_ms"": 0.0, ""measured_refresh_rate_hz"": 59.98569941210048, ""photodiode_verification_enabled"": false, ""scheduled_on_flip"": true, ""shape"": ""x"", ""timing_model"": ""psychopy_callOnFlip_plus_fixed_display_latency""}"
59,button_press,EVENT,504097.1975283,space,"{""is_response_key"": true, ""lsl_timestamp"": 504097.2220349, ""marker_push_latency_ms"": 0.0, ""rt_from_flip_seconds"": 0.6975282999919727, ""rt_seconds"": 0.6975282999919727}"
59,go_nogo_stimulus_offset_59_nogo_x_white,EVENT,504097.312,,"{""color"": ""white"", ""expected_frame_interval_ms"": 16.670639999210835, ""expected_refresh_rate_hz"": 60.0, ""expected_visual_onset_lsl_timestamp"": 504097.3417456, ""expected_visual_onset_monotonic"": 504097.312, ""expected_visual_onset_uncertainty_ms"": 8.335319999605417, ""fixed_display_latency_ms"": 0.0, ""flip_lsl_timestamp"": 504097.3417456, ""flip_monotonic"": 504097.312, ""is_no_go"": true, ""lsl_timestamp"": 504097.3417456, ""marker_push_latency_ms"": 0.0, ""measured_refresh_rate_hz"": 59.98569941210048, ""photodiode_verification_enabled"": false, ""scheduled_on_flip"": true, ""shape"": ""x"", ""timing_model"": ""psychopy_callOnFlip_plus_fixed_display_latency""}"
59,go_nogo_trial_complete,EVENT,504097.312,,"{""attention_challenge"": {""enabled"": false, ""expected_state"": ""normal"", ""is_cue_trial"": false}, ""button_press_count"": 1, ""commission_error"": 1, ""condition"": ""no_go"", ""correct"": false, ""correct_press"": 0, ""event_type_name"": ""go_nogo_trial_complete"", ""is_no_go"": true, ""omission_error"": 0, ""practice"": false, ""reaction_time_seconds"": 0.6975282999919727, ""schema_version"": 1, ""session_dir"": ""C:\\Users\\Surettej\\Documents\\Codespace\\eegle\\data\\participants\\sub-001-calibration\\sessions\\2026-07-14\\attention_lapse_go_nogo8_observe_only\\go_nogo\\run-20260714T125304"", ""source"": ""task.go_nogo"", ""stimulus_offset_lsl_timestamp"": 504097.3417456, ""stimulus_offset_monotonic"": 504097.312, ""stimulus_onset_lsl_timestamp"": 504096.5245066, ""stimulus_onset_monotonic"": 504096.5, ""task"": ""go_nogo""}"
60,go_nogo_stimulus_onset_60_go_triangle_blue,EVENT,504098.046,,"{""color"": ""blue"", ""expected_frame_interval_ms"": 16.670639999210835, ""expected_refresh_rate_hz"": 60.0, ""expected_visual_onset_lsl_timestamp"": 504098.0701311, ""expected_visual_onset_monotonic"": 504098.046, ""expected_visual_onset_uncertainty_ms"": 8.335319999605417, ""fixed_display_latency_ms"": 0.0, ""flip_lsl_timestamp"": 504098.0701311, ""flip_monotonic"": 504098.046, ""is_no_go"": false, ""lsl_timestamp"": 504098.0701311, ""marker_push_latency_ms"": 0.0, ""measured_refresh_rate_hz"": 59.98569941210048, ""photodiode_verification_enabled"": false, ""scheduled_on_flip"": true, ""shape"": ""triangle"", ""timing_model"": ""psychopy_callOnFlip_plus_fixed_display_latency""}"
60,button_press,EVENT,504098.5880167,space,"{""is_response_key"": true, ""lsl_timestamp"": 504098.61214780004, ""marker_push_latency_ms"": 0.0, ""rt_from_flip_seconds"": 0.5420167000265792, ""rt_seconds"": 0.5420167000265792}"
60,go_nogo_stimulus_offset_60_go_triangle_blue,EVENT,504098.843,,"{""color"": ""blue"", ""expected_frame_interval_ms"": 16.670639999210835, ""expected_refresh_rate_hz"": 60.0, ""expected_visual_onset_lsl_timestamp"": 504098.8792238, ""expected_visual_onset_monotonic"": 504098.843, ""expected_visual_onset_uncertainty_ms"": 8.335319999605417, ""fixed_display_latency_ms"": 0.0, ""flip_lsl_timestamp"": 504098.8792238, ""flip_monotonic"": 504098.843, ""is_no_go"": false, ""lsl_timestamp"": 504098.8792238, ""marker_push_latency_ms"": 0.0, ""measured_refresh_rate_hz"": 59.98569941210048, ""photodiode_verification_enabled"": false, ""scheduled_on_flip"": true, ""shape"": ""triangle"", ""timing_model"": ""psychopy_callOnFlip_plus_fixed_display_latency""}"
60,go_nogo_trial_complete,EVENT,504098.859,,"{""attention_challenge"": {""enabled"": false, ""expected_state"": ""normal"", ""is_cue_trial"": false}, ""button_press_count"": 1, ""commission_error"": 0, ""condition"": ""go"", ""correct"": true, ""correct_press"": 1, ""event_type_name"": ""go_nogo_trial_complete"", ""is_no_go"": false, ""omission_error"": 0, ""practice"": false, ""reaction_time_seconds"": 0.5420167000265792, ""schema_version"": 1, ""session_dir"": ""C:\\Users\\Surettej\\Documents\\Codespace\\eegle\\data\\participants\\sub-001-calibration\\sessions\\2026-07-14\\attention_lapse_go_nogo8_observe_only\\go_nogo\\run-20260714T125304"", ""source"": ""task.go_nogo"", ""stimulus_offset_lsl_timestamp"": 504098.8792238, ""stimulus_offset_monotonic"": 504098.843, ""stimulus_onset_lsl_timestamp"": 504098.0701311, ""stimulus_onset_monotonic"": 504098.046, ""task"": ""go_nogo""}"
61,go_nogo_stimulus_onset_61_go_hexagon_magenta,EVENT,504099.578,,"{""color"": ""magenta"", ""expected_frame_interval_ms"": 16.670639999210835, ""expected_refresh_rate_hz"": 60.0, ""expected_visual_onset_lsl_timestamp"": 504099.609437, ""expected_visual_onset_monotonic"": 504099.578, ""expected_visual_onset_uncertainty_ms"": 8.335319999605417, ""fixed_display_latency_ms"": 0.0, ""flip_lsl_timestamp"": 504099.609437, ""flip_monotonic"": 504099.578, ""is_no_go"": false, ""lsl_timestamp"": 504099.609437, ""marker_push_latency_ms"": 0.0, ""measured_refresh_rate_hz"": 59.98569941210048, ""photodiode_verification_enabled"": false, ""scheduled_on_flip"": true, ""shape"": ""hexagon"", ""timing_model"": ""psychopy_callOnFlip_plus_fixed_display_latency""}"
61,button_press,EVENT,504100.27002,space,"{""is_response_key"": true, ""lsl_timestamp"": 504100.301457, ""marker_push_latency_ms"": 0.0, ""rt_from_flip_seconds"": 0.6920200000167824, ""rt_seconds"": 0.6920200000167824}"
61,go_nogo_stimulus_offset_61_go_hexagon_magenta,EVENT,504100.39,,"{""color"": ""magenta"", ""expected_frame_interval_ms"": 16.670639999210835, ""expected_refresh_rate_hz"": 60.0, ""expected_visual_onset_lsl_timestamp"": 504100.4177191, ""expected_visual_onset_monotonic"": 504100.39, ""expected_visual_onset_uncertainty_ms"": 8.335319999605417, ""fixed_display_latency_ms"": 0.0, ""flip_lsl_timestamp"": 504100.4177191, ""flip_monotonic"": 504100.39, ""is_no_go"": false, ""lsl_timestamp"": 504100.4177191, ""marker_push_latency_ms"": 0.0, ""measured_refresh_rate_hz"": 59.98569941210048, ""photodiode_verification_enabled"": false, ""scheduled_on_flip"": true, ""shape"": ""hexagon"", ""timing_model"": ""psychopy_callOnFlip_plus_fixed_display_latency""}"
61,go_nogo_trial_complete,EVENT,504100.39,,"{""attention_challenge"": {""enabled"": false, ""expected_state"": ""normal"", ""is_cue_trial"": false}, ""button_press_count"": 1, ""commission_error"": 0, ""condition"": ""go"", ""correct"": true, ""correct_press"": 1, ""event_type_name"": ""go_nogo_trial_complete"", ""is_no_go"": false, ""omission_error"": 0, ""practice"": false, ""reaction_time_seconds"": 0.6920200000167824, ""schema_version"": 1, ""session_dir"": ""C:\\Users\\Surettej\\Documents\\Codespace\\eegle\\data\\participants\\sub-001-calibration\\sessions\\2026-07-14\\attention_lapse_go_nogo8_observe_only\\go_nogo\\run-20260714T125304"", ""source"": ""task.go_nogo"", ""stimulus_offset_lsl_timestamp"": 504100.4177191, ""stimulus_offset_monotonic"": 504100.39, ""stimulus_onset_lsl_timestamp"": 504099.609437, ""stimulus_onset_monotonic"": 504099.578, ""task"": ""go_nogo""}"
62,go_nogo_stimulus_onset_62_go_star_blue,EVENT,504101.125,,"{""color"": ""blue"", ""expected_frame_interval_ms"": 16.670639999210835, ""expected_refresh_rate_hz"": 60.0, ""expected_visual_onset_lsl_timestamp"": 504101.1601239, ""expected_visual_onset_monotonic"": 504101.125, ""expected_visual_onset_uncertainty_ms"": 8.335319999605417, ""fixed_display_latency_ms"": 0.0, ""flip_lsl_timestamp"": 504101.1601239, ""flip_monotonic"": 504101.125, ""is_no_go"": false, ""lsl_timestamp"": 504101.1601239, ""marker_push_latency_ms"": 0.0, ""measured_refresh_rate_hz"": 59.98569941210048, ""photodiode_verification_enabled"": false, ""scheduled_on_flip"": true, ""shape"": ""star"", ""timing_model"": ""psychopy_callOnFlip_plus_fixed_display_latency""}"
62,button_press,EVENT,504101.5547969,space,"{""is_response_key"": true, ""lsl_timestamp"": 504101.5899208, ""marker_push_latency_ms"": 0.0, ""rt_from_flip_seconds"": 0.4297969000181183, ""rt_seconds"": 0.4297969000181183}"
62,go_nogo_stimulus_offset_62_go_star_blue,EVENT,504101.937,,"{""color"": ""blue"", ""expected_frame_interval_ms"": 16.670639999210835, ""expected_refresh_rate_hz"": 60.0, ""expected_visual_onset_lsl_timestamp"": 504101.9693494, ""expected_visual_onset_monotonic"": 504101.937, ""expected_visual_onset_uncertainty_ms"": 8.335319999605417, ""fixed_display_latency_ms"": 0.0, ""flip_lsl_timestamp"": 504101.9693494, ""flip_monotonic"": 504101.937, ""is_no_go"": false, ""lsl_timestamp"": 504101.9693494, ""marker_push_latency_ms"": 0.0, ""measured_refresh_rate_hz"": 59.98569941210048, ""photodiode_verification_enabled"": false, ""scheduled_on_flip"": true, ""shape"": ""star"", ""timing_model"": ""psychopy_callOnFlip_plus_fixed_display_latency""}"
62,go_nogo_trial_complete,EVENT,504101.953,,"{""attention_challenge"": {""enabled"": false, ""expected_state"": ""normal"", ""is_cue_trial"": false}, ""button_press_count"": 1, ""commission_error"": 0, ""condition"": ""go"", ""correct"": true, ""correct_press"": 1, ""event_type_name"": ""go_nogo_trial_complete"", ""is_no_go"": false, ""omission_error"": 0, ""practice"": false, ""reaction_time_seconds"": 0.4297969000181183, ""schema_version"": 1, ""session_dir"": ""C:\\Users\\Surettej\\Documents\\Codespace\\eegle\\data\\participants\\sub-001-calibration\\sessions\\2026-07-14\\attention_lapse_go_nogo8_observe_only\\go_nogo\\run-20260714T125304"", ""source"": ""task.go_nogo"", ""stimulus_offset_lsl_timestamp"": 504101.9693494, ""stimulus_offset_monotonic"": 504101.937, ""stimulus_onset_lsl_timestamp"": 504101.1601239, ""stimulus_onset_monotonic"": 504101.125, ""task"": ""go_nogo""}"
63,go_nogo_stimulus_onset_63_go_triangle_red,EVENT,504102.671,,"{""color"": ""red"", ""expected_frame_interval_ms"": 16.670639999210835, ""expected_refresh_rate_hz"": 60.0, ""expected_visual_onset_lsl_timestamp"": 504102.7019448, ""expected_visual_onset_monotonic"": 504102.671, ""expected_visual_onset_uncertainty_ms"": 8.335319999605417, ""fixed_display_latency_ms"": 0.0, ""flip_lsl_timestamp"": 504102.7019448, ""flip_monotonic"": 504102.671, ""is_no_go"": false, ""lsl_timestamp"": 504102.7019448, ""marker_push_latency_ms"": 0.0, ""measured_refresh_rate_hz"": 59.98569941210048, ""photodiode_verification_enabled"": false, ""scheduled_on_flip"": true, ""shape"": ""triangle"", ""timing_model"": ""psychopy_callOnFlip_plus_fixed_display_latency""}"
63,button_press,EVENT,504103.07800529996,space,"{""is_response_key"": true, ""lsl_timestamp"": 504103.10895009997, ""marker_push_latency_ms"": 0.0, ""rt_from_flip_seconds"": 0.4070052999886684, ""rt_seconds"": 0.4070052999886684}"
63,go_nogo_stimulus_offset_63_go_triangle_red,EVENT,504103.484,,"{""color"": ""red"", ""expected_frame_interval_ms"": 16.670639999210835, ""expected_refresh_rate_hz"": 60.0, ""expected_visual_onset_lsl_timestamp"": 504103.5105922, ""expected_visual_onset_monotonic"": 504103.484, ""expected_visual_onset_uncertainty_ms"": 8.335319999605417, ""fixed_display_latency_ms"": 0.0, ""flip_lsl_timestamp"": 504103.5105922, ""flip_monotonic"": 504103.484, ""is_no_go"": false, ""lsl_timestamp"": 504103.5105922, ""marker_push_latency_ms"": 0.0, ""measured_refresh_rate_hz"": 59.98569941210048, ""photodiode_verification_enabled"": false, ""scheduled_on_flip"": true, ""shape"": ""triangle"", ""timing_model"": ""psychopy_callOnFlip_plus_fixed_display_latency""}"
63,go_nogo_trial_complete,EVENT,504103.484,,"{""attention_challenge"": {""enabled"": false, ""expected_state"": ""normal"", ""is_cue_trial"": false}, ""button_press_count"": 1, ""commission_error"": 0, ""condition"": ""go"", ""correct"": true, ""correct_press"": 1, ""event_type_name"": ""go_nogo_trial_complete"", ""is_no_go"": false, ""omission_error"": 0, ""practice"": false, ""reaction_time_seconds"": 0.4070052999886684, ""schema_version"": 1, ""session_dir"": ""C:\\Users\\Surettej\\Documents\\Codespace\\eegle\\data\\participants\\sub-001-calibration\\sessions\\2026-07-14\\attention_lapse_go_nogo8_observe_only\\go_nogo\\run-20260714T125304"", ""source"": ""task.go_nogo"", ""stimulus_offset_lsl_timestamp"": 504103.5105922, ""stimulus_offset_monotonic"": 504103.484, ""stimulus_onset_lsl_timestamp"": 504102.7019448, ""stimulus_onset_monotonic"": 504102.671, ""task"": ""go_nogo""}"
64,go_nogo_stimulus_onset_64_go_circle_green,EVENT,504104.234,,"{""color"": ""green"", ""expected_frame_interval_ms"": 16.670639999210835, ""expected_refresh_rate_hz"": 60.0, ""expected_visual_onset_lsl_timestamp"": 504104.2615895, ""expected_visual_onset_monotonic"": 504104.234, ""expected_visual_onset_uncertainty_ms"": 8.335319999605417, ""fixed_display_latency_ms"": 0.0, ""flip_lsl_timestamp"": 504104.2615895, ""flip_monotonic"": 504104.234, ""is_no_go"": false, ""lsl_timestamp"": 504104.2615895, ""marker_push_latency_ms"": 0.0, ""measured_refresh_rate_hz"": 59.98569941210048, ""photodiode_verification_enabled"": false, ""scheduled_on_flip"": true, ""shape"": ""circle"", ""timing_model"": ""psychopy_callOnFlip_plus_fixed_display_latency""}"
64,button_press,EVENT,504104.92952209996,space,"{""is_response_key"": true, ""lsl_timestamp"": 504104.9571116, ""marker_push_latency_ms"": 0.0, ""rt_from_flip_seconds"": 0.6955220999661833, ""rt_seconds"": 0.6955220999661833}"
64,go_nogo_stimulus_offset_64_go_circle_green,EVENT,504105.046,,"{""color"": ""green"", ""expected_frame_interval_ms"": 16.670639999210835, ""expected_refresh_rate_hz"": 60.0, ""expected_visual_onset_lsl_timestamp"": 504105.0695347, ""expected_visual_onset_monotonic"": 504105.046, ""expected_visual_onset_uncertainty_ms"": 8.335319999605417, ""fixed_display_latency_ms"": 0.0, ""flip_lsl_timestamp"": 504105.0695347, ""flip_monotonic"": 504105.046, ""is_no_go"": false, ""lsl_timestamp"": 504105.0695347, ""marker_push_latency_ms"": 0.0, ""measured_refresh_rate_hz"": 59.98569941210048, ""photodiode_verification_enabled"": false, ""scheduled_on_flip"": true, ""shape"": ""circle"", ""timing_model"": ""psychopy_callOnFlip_plus_fixed_display_latency""}"
64,go_nogo_trial_complete,EVENT,504105.046,,"{""attention_challenge"": {""enabled"": false, ""expected_state"": ""normal"", ""is_cue_trial"": false}, ""button_press_count"": 1, ""commission_error"": 0, ""condition"": ""go"", ""correct"": true, ""correct_press"": 1, ""event_type_name"": ""go_nogo_trial_complete"", ""is_no_go"": false, ""omission_error"": 0, ""practice"": false, ""reaction_time_seconds"": 0.6955220999661833, ""schema_version"": 1, ""session_dir"": ""C:\\Users\\Surettej\\Documents\\Codespace\\eegle\\data\\participants\\sub-001-calibration\\sessions\\2026-07-14\\attention_lapse_go_nogo8_observe_only\\go_nogo\\run-20260714T125304"", ""source"": ""task.go_nogo"", ""stimulus_offset_lsl_timestamp"": 504105.0695347, ""stimulus_offset_monotonic"": 504105.046, ""stimulus_onset_lsl_timestamp"": 504104.2615895, ""stimulus_onset_monotonic"": 504104.234, ""task"": ""go_nogo""}"
65,go_nogo_stimulus_onset_65_go_circle_blue,EVENT,504105.781,,"{""color"": ""blue"", ""expected_frame_interval_ms"": 16.670639999210835, ""expected_refresh_rate_hz"": 60.0, ""expected_visual_onset_lsl_timestamp"": 504105.8174603, ""expected_visual_onset_monotonic"": 504105.781, ""expected_visual_onset_uncertainty_ms"": 8.335319999605417, ""fixed_display_latency_ms"": 0.0, ""flip_lsl_timestamp"": 504105.8174603, ""flip_monotonic"": 504105.781, ""is_no_go"": false, ""lsl_timestamp"": 504105.8174603, ""marker_push_latency_ms"": 0.0, ""measured_refresh_rate_hz"": 59.98569941210048, ""photodiode_verification_enabled"": false, ""scheduled_on_flip"": true, ""shape"": ""circle"", ""timing_model"": ""psychopy_callOnFlip_plus_fixed_display_latency""}"
65,button_press,EVENT,504106.1368113,space,"{""is_response_key"": true, ""lsl_timestamp"": 504106.1732716, ""marker_push_latency_ms"": 0.0, ""rt_from_flip_seconds"": 0.35581129998899996, ""rt_seconds"": 0.35581129998899996}"
65,go_nogo_stimulus_offset_65_go_circle_blue,EVENT,504106.593,,"{""color"": ""blue"", ""expected_frame_interval_ms"": 16.670639999210835, ""expected_refresh_rate_hz"": 60.0, ""expected_visual_onset_lsl_timestamp"": 504106.6292354, ""expected_visual_onset_monotonic"": 504106.593, ""expected_visual_onset_uncertainty_ms"": 8.335319999605417, ""fixed_display_latency_ms"": 0.0, ""flip_lsl_timestamp"": 504106.6292354, ""flip_monotonic"": 504106.593, ""is_no_go"": false, ""lsl_timestamp"": 504106.6292354, ""marker_push_latency_ms"": 0.0, ""measured_refresh_rate_hz"": 59.98569941210048, ""photodiode_verification_enabled"": false, ""scheduled_on_flip"": true, ""shape"": ""circle"", ""timing_model"": ""psychopy_callOnFlip_plus_fixed_display_latency""}"
65,go_nogo_trial_complete,EVENT,504106.609,,"{""attention_challenge"": {""enabled"": false, ""expected_state"": ""normal"", ""is_cue_trial"": false}, ""button_press_count"": 1, ""commission_error"": 0, ""condition"": ""go"", ""correct"": true, ""correct_press"": 1, ""event_type_name"": ""go_nogo_trial_complete"", ""is_no_go"": false, ""omission_error"": 0, ""practice"": false, ""reaction_time_seconds"": 0.35581129998899996, ""schema_version"": 1, ""session_dir"": ""C:\\Users\\Surettej\\Documents\\Codespace\\eegle\\data\\participants\\sub-001-calibration\\sessions\\2026-07-14\\attention_lapse_go_nogo8_observe_only\\go_nogo\\run-20260714T125304"", ""source"": ""task.go_nogo"", ""stimulus_offset_lsl_timestamp"": 504106.6292354, ""stimulus_offset_monotonic"": 504106.593, ""stimulus_onset_lsl_timestamp"": 504105.8174603, ""stimulus_onset_monotonic"": 504105.781, ""task"": ""go_nogo""}"
66,go_nogo_stimulus_onset_66_go_triangle_green,EVENT,504107.328,,"{""color"": ""green"", ""expected_frame_interval_ms"": 16.670639999210835, ""expected_refresh_rate_hz"": 60.0, ""expected_visual_onset_lsl_timestamp"": 504107.3615472, ""expected_visual_onset_monotonic"": 504107.328, ""expected_visual_onset_uncertainty_ms"": 8.335319999605417, ""fixed_display_latency_ms"": 0.0, ""flip_lsl_timestamp"": 504107.3615472, ""flip_monotonic"": 504107.328, ""is_no_go"": false, ""lsl_timestamp"": 504107.3615472, ""marker_push_latency_ms"": 0.0, ""measured_refresh_rate_hz"": 59.98569941210048, ""photodiode_verification_enabled"": false, ""scheduled_on_flip"": true, ""shape"": ""triangle"", ""timing_model"": ""psychopy_callOnFlip_plus_fixed_display_latency""}"
66,button_press,EVENT,504107.7242798,space,"{""is_response_key"": true, ""lsl_timestamp"": 504107.75782700005, ""marker_push_latency_ms"": 0.0, ""rt_from_flip_seconds"": 0.3962798000429757, ""rt_seconds"": 0.3962798000429757}"
66,go_nogo_stimulus_offset_66_go_triangle_green,EVENT,504108.14,,"{""color"": ""green"", ""expected_frame_interval_ms"": 16.670639999210835, ""expected_refresh_rate_hz"": 60.0, ""expected_visual_onset_lsl_timestamp"": 504108.1745021, ""expected_visual_onset_monotonic"": 504108.14, ""expected_visual_onset_uncertainty_ms"": 8.335319999605417, ""fixed_display_latency_ms"": 0.0, ""flip_lsl_timestamp"": 504108.1745021, ""flip_monotonic"": 504108.14, ""is_no_go"": false, ""lsl_timestamp"": 504108.1745021, ""marker_push_latency_ms"": 0.0, ""measured_refresh_rate_hz"": 59.98569941210048, ""photodiode_verification_enabled"": false, ""scheduled_on_flip"": true, ""shape"": ""triangle"", ""timing_model"": ""psychopy_callOnFlip_plus_fixed_display_latency""}"
66,go_nogo_trial_complete,EVENT,504108.156,,"{""attention_challenge"": {""enabled"": false, ""expected_state"": ""normal"", ""is_cue_trial"": false}, ""button_press_count"": 1, ""commission_error"": 0, ""condition"": ""go"", ""correct"": true, ""correct_press"": 1, ""event_type_name"": ""go_nogo_trial_complete"", ""is_no_go"": false, ""omission_error"": 0, ""practice"": false, ""reaction_time_seconds"": 0.3962798000429757, ""schema_version"": 1, ""session_dir"": ""C:\\Users\\Surettej\\Documents\\Codespace\\eegle\\data\\participants\\sub-001-calibration\\sessions\\2026-07-14\\attention_lapse_go_nogo8_observe_only\\go_nogo\\run-20260714T125304"", ""source"": ""task.go_nogo"", ""stimulus_offset_lsl_timestamp"": 504108.1745021, ""stimulus_offset_monotonic"": 504108.14, ""stimulus_onset_lsl_timestamp"": 504107.3615472, ""stimulus_onset_monotonic"": 504107.328, ""task"": ""go_nogo""}"
67,go_nogo_stimulus_onset_67_go_star_green,EVENT,504108.89,,"{""color"": ""green"", ""expected_frame_interval_ms"": 16.670639999210835, ""expected_refresh_rate_hz"": 60.0, ""expected_visual_onset_lsl_timestamp"": 504108.9136975, ""expected_visual_onset_monotonic"": 504108.89, ""expected_visual_onset_uncertainty_ms"": 8.335319999605417, ""fixed_display_latency_ms"": 0.0, ""flip_lsl_timestamp"": 504108.9136975, ""flip_monotonic"": 504108.89, ""is_no_go"": false, ""lsl_timestamp"": 504108.9136975, ""marker_push_latency_ms"": 0.0, ""measured_refresh_rate_hz"": 59.98569941210048, ""photodiode_verification_enabled"": false, ""scheduled_on_flip"": true, ""shape"": ""star"", ""timing_model"": ""psychopy_callOnFlip_plus_fixed_display_latency""}"
67,button_press,EVENT,504109.2396113,space,"{""is_response_key"": true, ""lsl_timestamp"": 504109.2633088, ""marker_push_latency_ms"": 0.0, ""rt_from_flip_seconds"": 0.34961129998555407, ""rt_seconds"": 0.34961129998555407}"
67,go_nogo_stimulus_offset_67_go_star_green,EVENT,504109.687,,"{""color"": ""green"", ""expected_frame_interval_ms"": 16.670639999210835, ""expected_refresh_rate_hz"": 60.0, ""expected_visual_onset_lsl_timestamp"": 504109.7234836, ""expected_visual_onset_monotonic"": 504109.687, ""expected_visual_onset_uncertainty_ms"": 8.335319999605417, ""fixed_display_latency_ms"": 0.0, ""flip_lsl_timestamp"": 504109.7234836, ""flip_monotonic"": 504109.687, ""is_no_go"": false, ""lsl_timestamp"": 504109.7234836, ""marker_push_latency_ms"": 0.0, ""measured_refresh_rate_hz"": 59.98569941210048, ""photodiode_verification_enabled"": false, ""scheduled_on_flip"": true, ""shape"": ""star"", ""timing_model"": ""psychopy_callOnFlip_plus_fixed_display_latency""}"
67,go_nogo_trial_complete,EVENT,504109.703,,"{""attention_challenge"": {""enabled"": false, ""expected_state"": ""normal"", ""is_cue_trial"": false}, ""button_press_count"": 1, ""commission_error"": 0, ""condition"": ""go"", ""correct"": true, ""correct_press"": 1, ""event_type_name"": ""go_nogo_trial_complete"", ""is_no_go"": false, ""omission_error"": 0, ""practice"": false, ""reaction_time_seconds"": 0.34961129998555407, ""schema_version"": 1, ""session_dir"": ""C:\\Users\\Surettej\\Documents\\Codespace\\eegle\\data\\participants\\sub-001-calibration\\sessions\\2026-07-14\\attention_lapse_go_nogo8_observe_only\\go_nogo\\run-20260714T125304"", ""source"": ""task.go_nogo"", ""stimulus_offset_lsl_timestamp"": 504109.7234836, ""stimulus_offset_monotonic"": 504109.687, ""stimulus_onset_lsl_timestamp"": 504108.9136975, ""stimulus_onset_monotonic"": 504108.89, ""task"": ""go_nogo""}"
68,go_nogo_stimulus_onset_68_go_circle_yellow,EVENT,504110.453,,"{""color"": ""yellow"", ""expected_frame_interval_ms"": 16.670639999210835, ""expected_refresh_rate_hz"": 60.0, ""expected_visual_onset_lsl_timestamp"": 504110.4787435, ""expected_visual_onset_monotonic"": 504110.453, ""expected_visual_onset_uncertainty_ms"": 8.335319999605417, ""fixed_display_latency_ms"": 0.0, ""flip_lsl_timestamp"": 504110.4787435, ""flip_monotonic"": 504110.453, ""is_no_go"": false, ""lsl_timestamp"": 504110.4787435, ""marker_push_latency_ms"": 0.0, ""measured_refresh_rate_hz"": 59.98569941210048, ""photodiode_verification_enabled"": false, ""scheduled_on_flip"": true, ""shape"": ""circle"", ""timing_model"": ""psychopy_callOnFlip_plus_fixed_display_latency""}"
68,button_press,EVENT,504110.8193137,space,"{""is_response_key"": true, ""lsl_timestamp"": 504110.84505720006, ""marker_push_latency_ms"": 0.0, ""rt_from_flip_seconds"": 0.3663137000403367, ""rt_seconds"": 0.3663137000403367}"
68,go_nogo_stimulus_offset_68_go_circle_yellow,EVENT,504111.25,,"{""color"": ""yellow"", ""expected_frame_interval_ms"": 16.670639999210835, ""expected_refresh_rate_hz"": 60.0, ""expected_visual_onset_lsl_timestamp"": 504111.2856737, ""expected_visual_onset_monotonic"": 504111.25, ""expected_visual_onset_uncertainty_ms"": 8.335319999605417, ""fixed_display_latency_ms"": 0.0, ""flip_lsl_timestamp"": 504111.2856737, ""flip_monotonic"": 504111.25, ""is_no_go"": false, ""lsl_timestamp"": 504111.2856737, ""marker_push_latency_ms"": 0.0, ""measured_refresh_rate_hz"": 59.98569941210048, ""photodiode_verification_enabled"": false, ""scheduled_on_flip"": true, ""shape"": ""circle"", ""timing_model"": ""psychopy_callOnFlip_plus_fixed_display_latency""}"
68,go_nogo_trial_complete,EVENT,504111.265,,"{""attention_challenge"": {""enabled"": false, ""expected_state"": ""normal"", ""is_cue_trial"": false}, ""button_press_count"": 1, ""commission_error"": 0, ""condition"": ""go"", ""correct"": true, ""correct_press"": 1, ""event_type_name"": ""go_nogo_trial_complete"", ""is_no_go"": false, ""omission_error"": 0, ""practice"": false, ""reaction_time_seconds"": 0.3663137000403367, ""schema_version"": 1, ""session_dir"": ""C:\\Users\\Surettej\\Documents\\Codespace\\eegle\\data\\participants\\sub-001-calibration\\sessions\\2026-07-14\\attention_lapse_go_nogo8_observe_only\\go_nogo\\run-20260714T125304"", ""source"": ""task.go_nogo"", ""stimulus_offset_lsl_timestamp"": 504111.2856737, ""stimulus_offset_monotonic"": 504111.25, ""stimulus_onset_lsl_timestamp"": 504110.4787435, ""stimulus_onset_monotonic"": 504110.453, ""task"": ""go_nogo""}"
69,go_nogo_stimulus_onset_69_go_triangle_magenta,EVENT,504111.984,,"{""color"": ""magenta"", ""expected_frame_interval_ms"": 16.670639999210835, ""expected_refresh_rate_hz"": 60.0, ""expected_visual_onset_lsl_timestamp"": 504112.0163011, ""expected_visual_onset_monotonic"": 504111.984, ""expected_visual_onset_uncertainty_ms"": 8.335319999605417, ""fixed_display_latency_ms"": 0.0, ""flip_lsl_timestamp"": 504112.0163011, ""flip_monotonic"": 504111.984, ""is_no_go"": false, ""lsl_timestamp"": 504112.0163011, ""marker_push_latency_ms"": 0.0, ""measured_refresh_rate_hz"": 59.98569941210048, ""photodiode_verification_enabled"": false, ""scheduled_on_flip"": true, ""shape"": ""triangle"", ""timing_model"": ""psychopy_callOnFlip_plus_fixed_display_latency""}"
69,button_press,EVENT,504112.2938688,space,"{""is_response_key"": true, ""lsl_timestamp"": 504112.3261699, ""marker_push_latency_ms"": 0.0, ""rt_from_flip_seconds"": 0.3098687999881804, ""rt_seconds"": 0.3098687999881804}"
69,go_nogo_stimulus_offset_69_go_triangle_magenta,EVENT,504112.796,,"{""color"": ""magenta"", ""expected_frame_interval_ms"": 16.670639999210835, ""expected_refresh_rate_hz"": 60.0, ""expected_visual_onset_lsl_timestamp"": 504112.8247131, ""expected_visual_onset_monotonic"": 504112.796, ""expected_visual_onset_uncertainty_ms"": 8.335319999605417, ""fixed_display_latency_ms"": 0.0, ""flip_lsl_timestamp"": 504112.8247131, ""flip_monotonic"": 504112.796, ""is_no_go"": false, ""lsl_timestamp"": 504112.8247131, ""marker_push_latency_ms"": 0.0, ""measured_refresh_rate_hz"": 59.98569941210048, ""photodiode_verification_enabled"": false, ""scheduled_on_flip"": true, ""shape"": ""triangle"", ""timing_model"": ""psychopy_callOnFlip_plus_fixed_display_latency""}"
69,go_nogo_trial_complete,EVENT,504112.796,,"{""attention_challenge"": {""enabled"": false, ""expected_state"": ""normal"", ""is_cue_trial"": false}, ""button_press_count"": 1, ""commission_error"": 0, ""condition"": ""go"", ""correct"": true, ""correct_press"": 1, ""event_type_name"": ""go_nogo_trial_complete"", ""is_no_go"": false, ""omission_error"": 0, ""practice"": false, ""reaction_time_seconds"": 0.3098687999881804, ""schema_version"": 1, ""session_dir"": ""C:\\Users\\Surettej\\Documents\\Codespace\\eegle\\data\\participants\\sub-001-calibration\\sessions\\2026-07-14\\attention_lapse_go_nogo8_observe_only\\go_nogo\\run-20260714T125304"", ""source"": ""task.go_nogo"", ""stimulus_offset_lsl_timestamp"": 504112.8247131, ""stimulus_offset_monotonic"": 504112.796, ""stimulus_onset_lsl_timestamp"": 504112.0163011, ""stimulus_onset_monotonic"": 504111.984, ""task"": ""go_nogo""}"
70,go_nogo_stimulus_onset_70_go_hexagon_red,EVENT,504113.531,,"{""color"": ""red"", ""expected_frame_interval_ms"": 16.670639999210835, ""expected_refresh_rate_hz"": 60.0, ""expected_visual_onset_lsl_timestamp"": 504113.5561727, ""expected_visual_onset_monotonic"": 504113.531, ""expected_visual_onset_uncertainty_ms"": 8.335319999605417, ""fixed_display_latency_ms"": 0.0, ""flip_lsl_timestamp"": 504113.5561727, ""flip_monotonic"": 504113.531, ""is_no_go"": false, ""lsl_timestamp"": 504113.5561727, ""marker_push_latency_ms"": 0.0, ""measured_refresh_rate_hz"": 59.98569941210048, ""photodiode_verification_enabled"": false, ""scheduled_on_flip"": true, ""shape"": ""hexagon"", ""timing_model"": ""psychopy_callOnFlip_plus_fixed_display_latency""}"
70,button_press,EVENT,504113.9319906,space,"{""is_response_key"": true, ""lsl_timestamp"": 504113.9571633, ""marker_push_latency_ms"": 0.0, ""rt_from_flip_seconds"": 0.4009905999992043, ""rt_seconds"": 0.4009905999992043}"
70,go_nogo_stimulus_offset_70_go_hexagon_red,EVENT,504114.328,,"{""color"": ""red"", ""expected_frame_interval_ms"": 16.670639999210835, ""expected_refresh_rate_hz"": 60.0, ""expected_visual_onset_lsl_timestamp"": 504114.3641373, ""expected_visual_onset_monotonic"": 504114.328, ""expected_visual_onset_uncertainty_ms"": 8.335319999605417, ""fixed_display_latency_ms"": 0.0, ""flip_lsl_timestamp"": 504114.3641373, ""flip_monotonic"": 504114.328, ""is_no_go"": false, ""lsl_timestamp"": 504114.3641373, ""marker_push_latency_ms"": 0.0, ""measured_refresh_rate_hz"": 59.98569941210048, ""photodiode_verification_enabled"": false, ""scheduled_on_flip"": true, ""shape"": ""hexagon"", ""timing_model"": ""psychopy_callOnFlip_plus_fixed_display_latency""}"
70,go_nogo_trial_complete,EVENT,504114.343,,"{""attention_challenge"": {""enabled"": false, ""expected_state"": ""normal"", ""is_cue_trial"": false}, ""button_press_count"": 1, ""commission_error"": 0, ""condition"": ""go"", ""correct"": true, ""correct_press"": 1, ""event_type_name"": ""go_nogo_trial_complete"", ""is_no_go"": false, ""omission_error"": 0, ""practice"": false, ""reaction_time_seconds"": 0.4009905999992043, ""schema_version"": 1, ""session_dir"": ""C:\\Users\\Surettej\\Documents\\Codespace\\eegle\\data\\participants\\sub-001-calibration\\sessions\\2026-07-14\\attention_lapse_go_nogo8_observe_only\\go_nogo\\run-20260714T125304"", ""source"": ""task.go_nogo"", ""stimulus_offset_lsl_timestamp"": 504114.3641373, ""stimulus_offset_monotonic"": 504114.328, ""stimulus_onset_lsl_timestamp"": 504113.5561727, ""stimulus_onset_monotonic"": 504113.531, ""task"": ""go_nogo""}"
71,go_nogo_stimulus_onset_71_go_hexagon_green,EVENT,504115.062,,"{""color"": ""green"", ""expected_frame_interval_ms"": 16.670639999210835, ""expected_refresh_rate_hz"": 60.0, ""expected_visual_onset_lsl_timestamp"": 504115.0967081, ""expected_visual_onset_monotonic"": 504115.062, ""expected_visual_onset_uncertainty_ms"": 8.335319999605417, ""fixed_display_latency_ms"": 0.0, ""flip_lsl_timestamp"": 504115.0967081, ""flip_monotonic"": 504115.062, ""is_no_go"": false, ""lsl_timestamp"": 504115.0967081, ""marker_push_latency_ms"": 0.0, ""measured_refresh_rate_hz"": 59.98569941210048, ""photodiode_verification_enabled"": false, ""scheduled_on_flip"": true, ""shape"": ""hexagon"", ""timing_model"": ""psychopy_callOnFlip_plus_fixed_display_latency""}"
71,button_press,EVENT,504115.4745294,space,"{""is_response_key"": true, ""lsl_timestamp"": 504115.5092375, ""marker_push_latency_ms"": 0.0, ""rt_from_flip_seconds"": 0.41252940002596006, ""rt_seconds"": 0.41252940002596006}"
71,go_nogo_stimulus_offset_71_go_hexagon_green,EVENT,504115.875,,"{""color"": ""green"", ""expected_frame_interval_ms"": 16.670639999210835, ""expected_refresh_rate_hz"": 60.0, ""expected_visual_onset_lsl_timestamp"": 504115.9039649, ""expected_visual_onset_monotonic"": 504115.875, ""expected_visual_onset_uncertainty_ms"": 8.335319999605417, ""fixed_display_latency_ms"": 0.0, ""flip_lsl_timestamp"": 504115.9039649, ""flip_monotonic"": 504115.875, ""is_no_go"": false, ""lsl_timestamp"": 504115.9039649, ""marker_push_latency_ms"": 0.0, ""measured_refresh_rate_hz"": 59.98569941210048, ""photodiode_verification_enabled"": false, ""scheduled_on_flip"": true, ""shape"": ""hexagon"", ""timing_model"": ""psychopy_callOnFlip_plus_fixed_display_latency""}"
71,go_nogo_trial_complete,EVENT,504115.875,,"{""attention_challenge"": {""enabled"": false, ""expected_state"": ""normal"", ""is_cue_trial"": false}, ""button_press_count"": 1, ""commission_error"": 0, ""condition"": ""go"", ""correct"": true, ""correct_press"": 1, ""event_type_name"": ""go_nogo_trial_complete"", ""is_no_go"": false, ""omission_error"": 0, ""practice"": false, ""reaction_time_seconds"": 0.41252940002596006, ""schema_version"": 1, ""session_dir"": ""C:\\Users\\Surettej\\Documents\\Codespace\\eegle\\data\\participants\\sub-001-calibration\\sessions\\2026-07-14\\attention_lapse_go_nogo8_observe_only\\go_nogo\\run-20260714T125304"", ""source"": ""task.go_nogo"", ""stimulus_offset_lsl_timestamp"": 504115.9039649, ""stimulus_offset_monotonic"": 504115.875, ""stimulus_onset_lsl_timestamp"": 504115.0967081, ""stimulus_onset_monotonic"": 504115.062, ""task"": ""go_nogo""}"
72,go_nogo_stimulus_onset_72_nogo_x_white,EVENT,504116.609,,"{""color"": ""white"", ""expected_frame_interval_ms"": 16.670639999210835, ""expected_refresh_rate_hz"": 60.0, ""expected_visual_onset_lsl_timestamp"": 504116.6417053, ""expected_visual_onset_monotonic"": 504116.609, ""expected_visual_onset_uncertainty_ms"": 8.335319999605417, ""fixed_display_latency_ms"": 0.0, ""flip_lsl_timestamp"": 504116.6417053, ""flip_monotonic"": 504116.609, ""is_no_go"": true, ""lsl_timestamp"": 504116.6417053, ""marker_push_latency_ms"": 0.0, ""measured_refresh_rate_hz"": 59.98569941210048, ""photodiode_verification_enabled"": false, ""scheduled_on_flip"": true, ""shape"": ""x"", ""timing_model"": ""psychopy_callOnFlip_plus_fixed_display_latency""}"
72,go_nogo_stimulus_offset_72_nogo_x_white,EVENT,504117.421,,"{""color"": ""white"", ""expected_frame_interval_ms"": 16.670639999210835, ""expected_refresh_rate_hz"": 60.0, ""expected_visual_onset_lsl_timestamp"": 504117.449686, ""expected_visual_onset_monotonic"": 504117.421, ""expected_visual_onset_uncertainty_ms"": 8.335319999605417, ""fixed_display_latency_ms"": 0.0, ""flip_lsl_timestamp"": 504117.449686, ""flip_monotonic"": 504117.421, ""is_no_go"": true, ""lsl_timestamp"": 504117.449686, ""marker_push_latency_ms"": 0.0, ""measured_refresh_rate_hz"": 59.98569941210048, ""photodiode_verification_enabled"": false, ""scheduled_on_flip"": true, ""shape"": ""x"", ""timing_model"": ""psychopy_callOnFlip_plus_fixed_display_latency""}"
72,go_nogo_trial_complete,EVENT,504117.421,,"{""attention_challenge"": {""enabled"": false, ""expected_state"": ""normal"", ""is_cue_trial"": false}, ""button_press_count"": 0, ""commission_error"": 0, ""condition"": ""no_go"", ""correct"": true, ""correct_press"": 1, ""event_type_name"": ""go_nogo_trial_complete"", ""is_no_go"": true, ""omission_error"": 0, ""practice"": false, ""reaction_time_seconds"": null, ""schema_version"": 1, ""session_dir"": ""C:\\Users\\Surettej\\Documents\\Codespace\\eegle\\data\\participants\\sub-001-calibration\\sessions\\2026-07-14\\attention_lapse_go_nogo8_observe_only\\go_nogo\\run-20260714T125304"", ""source"": ""task.go_nogo"", ""stimulus_offset_lsl_timestamp"": 504117.449686, ""stimulus_offset_monotonic"": 504117.421, ""stimulus_onset_lsl_timestamp"": 504116.6417053, ""stimulus_onset_monotonic"": 504116.609, ""task"": ""go_nogo""}"
73,go_nogo_stimulus_onset_73_go_triangle_red,EVENT,504118.156,,"{""color"": ""red"", ""expected_frame_interval_ms"": 16.670639999210835, ""expected_refresh_rate_hz"": 60.0, ""expected_visual_onset_lsl_timestamp"": 504118.1827076, ""expected_visual_onset_monotonic"": 504118.156, ""expected_visual_onset_uncertainty_ms"": 8.335319999605417, ""fixed_display_latency_ms"": 0.0, ""flip_lsl_timestamp"": 504118.1827076, ""flip_monotonic"": 504118.156, ""is_no_go"": false, ""lsl_timestamp"": 504118.1827076, ""marker_push_latency_ms"": 0.0, ""measured_refresh_rate_hz"": 59.98569941210048, ""photodiode_verification_enabled"": false, ""scheduled_on_flip"": true, ""shape"": ""triangle"", ""timing_model"": ""psychopy_callOnFlip_plus_fixed_display_latency""}"
73,button_press,EVENT,504118.58691,space,"{""is_response_key"": true, ""lsl_timestamp"": 504118.6136176, ""marker_push_latency_ms"": 0.0, ""rt_from_flip_seconds"": 0.4309099999954924, ""rt_seconds"": 0.4309099999954924}"
73,go_nogo_stimulus_offset_73_go_triangle_red,EVENT,504118.968,,"{""color"": ""red"", ""expected_frame_interval_ms"": 16.670639999210835, ""expected_refresh_rate_hz"": 60.0, ""expected_visual_onset_lsl_timestamp"": 504118.9906509, ""expected_visual_onset_monotonic"": 504118.968, ""expected_visual_onset_uncertainty_ms"": 8.335319999605417, ""fixed_display_latency_ms"": 0.0, ""flip_lsl_timestamp"": 504118.9906509, ""flip_monotonic"": 504118.968, ""is_no_go"": false, ""lsl_timestamp"": 504118.9906509, ""marker_push_latency_ms"": 0.0, ""measured_refresh_rate_hz"": 59.98569941210048, ""photodiode_verification_enabled"": false, ""scheduled_on_flip"": true, ""shape"": ""triangle"", ""timing_model"": ""psychopy_callOnFlip_plus_fixed_display_latency""}"
73,go_nogo_trial_complete,EVENT,504118.968,,"{""attention_challenge"": {""enabled"": false, ""expected_state"": ""normal"", ""is_cue_trial"": false}, ""button_press_count"": 1, ""commission_error"": 0, ""condition"": ""go"", ""correct"": true, ""correct_press"": 1, ""event_type_name"": ""go_nogo_trial_complete"", ""is_no_go"": false, ""omission_error"": 0, ""practice"": false, ""reaction_time_seconds"": 0.4309099999954924, ""schema_version"": 1, ""session_dir"": ""C:\\Users\\Surettej\\Documents\\Codespace\\eegle\\data\\participants\\sub-001-calibration\\sessions\\2026-07-14\\attention_lapse_go_nogo8_observe_only\\go_nogo\\run-20260714T125304"", ""source"": ""task.go_nogo"", ""stimulus_offset_lsl_timestamp"": 504118.9906509, ""stimulus_offset_monotonic"": 504118.968, ""stimulus_onset_lsl_timestamp"": 504118.1827076, ""stimulus_onset_monotonic"": 504118.156, ""task"": ""go_nogo""}"
74,go_nogo_stimulus_onset_74_nogo_x_white,EVENT,504119.703,,"{""color"": ""white"", ""expected_frame_interval_ms"": 16.670639999210835, ""expected_refresh_rate_hz"": 60.0, ""expected_visual_onset_lsl_timestamp"": 504119.7283755, ""expected_visual_onset_monotonic"": 504119.703, ""expected_visual_onset_uncertainty_ms"": 8.335319999605417, ""fixed_display_latency_ms"": 0.0, ""flip_lsl_timestamp"": 504119.7283755, ""flip_monotonic"": 504119.703, ""is_no_go"": true, ""lsl_timestamp"": 504119.7283755, ""marker_push_latency_ms"": 0.0, ""measured_refresh_rate_hz"": 59.98569941210048, ""photodiode_verification_enabled"": false, ""scheduled_on_flip"": true, ""shape"": ""x"", ""timing_model"": ""psychopy_callOnFlip_plus_fixed_display_latency""}"
74,go_nogo_stimulus_offset_74_nogo_x_white,EVENT,504120.5,,"{""color"": ""white"", ""expected_frame_interval_ms"": 16.670639999210835, ""expected_refresh_rate_hz"": 60.0, ""expected_visual_onset_lsl_timestamp"": 504120.535765, ""expected_visual_onset_monotonic"": 504120.5, ""expected_visual_onset_uncertainty_ms"": 8.335319999605417, ""fixed_display_latency_ms"": 0.0, ""flip_lsl_timestamp"": 504120.535765, ""flip_monotonic"": 504120.5, ""is_no_go"": true, ""lsl_timestamp"": 504120.535765, ""marker_push_latency_ms"": 0.0, ""measured_refresh_rate_hz"": 59.98569941210048, ""photodiode_verification_enabled"": false, ""scheduled_on_flip"": true, ""shape"": ""x"", ""timing_model"": ""psychopy_callOnFlip_plus_fixed_display_latency""}"
74,go_nogo_trial_complete,EVENT,504120.515,,"{""attention_challenge"": {""enabled"": false, ""expected_state"": ""normal"", ""is_cue_trial"": false}, ""button_press_count"": 0, ""commission_error"": 0, ""condition"": ""no_go"", ""correct"": true, ""correct_press"": 1, ""event_type_name"": ""go_nogo_trial_complete"", ""is_no_go"": true, ""omission_error"": 0, ""practice"": false, ""reaction_time_seconds"": null, ""schema_version"": 1, ""session_dir"": ""C:\\Users\\Surettej\\Documents\\Codespace\\eegle\\data\\participants\\sub-001-calibration\\sessions\\2026-07-14\\attention_lapse_go_nogo8_observe_only\\go_nogo\\run-20260714T125304"", ""source"": ""task.go_nogo"", ""stimulus_offset_lsl_timestamp"": 504120.535765, ""stimulus_offset_monotonic"": 504120.5, ""stimulus_onset_lsl_timestamp"": 504119.7283755, ""stimulus_onset_monotonic"": 504119.703, ""task"": ""go_nogo""}"
75,go_nogo_stimulus_onset_75_go_hexagon_blue,EVENT,504121.234,,"{""color"": ""blue"", ""expected_frame_interval_ms"": 16.670639999210835, ""expected_refresh_rate_hz"": 60.0, ""expected_visual_onset_lsl_timestamp"": 504121.2692539, ""expected_visual_onset_monotonic"": 504121.234, ""expected_visual_onset_uncertainty_ms"": 8.335319999605417, ""fixed_display_latency_ms"": 0.0, ""flip_lsl_timestamp"": 504121.2692539, ""flip_monotonic"": 504121.234, ""is_no_go"": false, ""lsl_timestamp"": 504121.2692539, ""marker_push_latency_ms"": 0.0, ""measured_refresh_rate_hz"": 59.98569941210048, ""photodiode_verification_enabled"": false, ""scheduled_on_flip"": true, ""shape"": ""hexagon"", ""timing_model"": ""psychopy_callOnFlip_plus_fixed_display_latency""}"
75,button_press,EVENT,504121.7848359,space,"{""is_response_key"": true, ""lsl_timestamp"": 504121.8200898, ""marker_push_latency_ms"": 0.0, ""rt_from_flip_seconds"": 0.5508359000086784, ""rt_seconds"": 0.5508359000086784}"
75,go_nogo_stimulus_offset_75_go_hexagon_blue,EVENT,504122.046,,"{""color"": ""blue"", ""expected_frame_interval_ms"": 16.670639999210835, ""expected_refresh_rate_hz"": 60.0, ""expected_visual_onset_lsl_timestamp"": 504122.0778356, ""expected_visual_onset_monotonic"": 504122.046, ""expected_visual_onset_uncertainty_ms"": 8.335319999605417, ""fixed_display_latency_ms"": 0.0, ""flip_lsl_timestamp"": 504122.0778356, ""flip_monotonic"": 504122.046, ""is_no_go"": false, ""lsl_timestamp"": 504122.0778356, ""marker_push_latency_ms"": 0.0, ""measured_refresh_rate_hz"": 59.98569941210048, ""photodiode_verification_enabled"": false, ""scheduled_on_flip"": true, ""shape"": ""hexagon"", ""timing_model"": ""psychopy_callOnFlip_plus_fixed_display_latency""}"
75,go_nogo_trial_complete,EVENT,504122.062,,"{""attention_challenge"": {""enabled"": false, ""expected_state"": ""normal"", ""is_cue_trial"": false}, ""button_press_count"": 1, ""commission_error"": 0, ""condition"": ""go"", ""correct"": true, ""correct_press"": 1, ""event_type_name"": ""go_nogo_trial_complete"", ""is_no_go"": false, ""omission_error"": 0, ""practice"": false, ""reaction_time_seconds"": 0.5508359000086784, ""schema_version"": 1, ""session_dir"": ""C:\\Users\\Surettej\\Documents\\Codespace\\eegle\\data\\participants\\sub-001-calibration\\sessions\\2026-07-14\\attention_lapse_go_nogo8_observe_only\\go_nogo\\run-20260714T125304"", ""source"": ""task.go_nogo"", ""stimulus_offset_lsl_timestamp"": 504122.0778356, ""stimulus_offset_monotonic"": 504122.046, ""stimulus_onset_lsl_timestamp"": 504121.2692539, ""stimulus_onset_monotonic"": 504121.234, ""task"": ""go_nogo""}"
76,go_nogo_stimulus_onset_76_go_triangle_red,EVENT,504122.781,,"{""color"": ""red"", ""expected_frame_interval_ms"": 16.670639999210835, ""expected_refresh_rate_hz"": 60.0, ""expected_visual_onset_lsl_timestamp"": 504122.8115032, ""expected_visual_onset_monotonic"": 504122.781, ""expected_visual_onset_uncertainty_ms"": 8.335319999605417, ""fixed_display_latency_ms"": 0.0, ""flip_lsl_timestamp"": 504122.8115032, ""flip_monotonic"": 504122.781, ""is_no_go"": false, ""lsl_timestamp"": 504122.8115032, ""marker_push_latency_ms"": 0.0, ""measured_refresh_rate_hz"": 59.98569941210048, ""photodiode_verification_enabled"": false, ""scheduled_on_flip"": true, ""shape"": ""triangle"", ""timing_model"": ""psychopy_callOnFlip_plus_fixed_display_latency""}"
76,button_press,EVENT,504123.15118690004,space,"{""is_response_key"": true, ""lsl_timestamp"": 504123.1816901, ""marker_push_latency_ms"": 0.0, ""rt_from_flip_seconds"": 0.37018690002150834, ""rt_seconds"": 0.37018690002150834}"
76,go_nogo_stimulus_offset_76_go_triangle_red,EVENT,504123.593,,"{""color"": ""red"", ""expected_frame_interval_ms"": 16.670639999210835, ""expected_refresh_rate_hz"": 60.0, ""expected_visual_onset_lsl_timestamp"": 504123.6191116, ""expected_visual_onset_monotonic"": 504123.593, ""expected_visual_onset_uncertainty_ms"": 8.335319999605417, ""fixed_display_latency_ms"": 0.0, ""flip_lsl_timestamp"": 504123.6191116, ""flip_monotonic"": 504123.593, ""is_no_go"": false, ""lsl_timestamp"": 504123.6191116, ""marker_push_latency_ms"": 0.0, ""measured_refresh_rate_hz"": 59.98569941210048, ""photodiode_verification_enabled"": false, ""scheduled_on_flip"": true, ""shape"": ""triangle"", ""timing_model"": ""psychopy_callOnFlip_plus_fixed_display_latency""}"
76,go_nogo_trial_complete,EVENT,504123.593,,"{""attention_challenge"": {""enabled"": false, ""expected_state"": ""normal"", ""is_cue_trial"": false}, ""button_press_count"": 1, ""commission_error"": 0, ""condition"": ""go"", ""correct"": true, ""correct_press"": 1, ""event_type_name"": ""go_nogo_trial_complete"", ""is_no_go"": false, ""omission_error"": 0, ""practice"": false, ""reaction_time_seconds"": 0.37018690002150834, ""schema_version"": 1, ""session_dir"": ""C:\\Users\\Surettej\\Documents\\Codespace\\eegle\\data\\participants\\sub-001-calibration\\sessions\\2026-07-14\\attention_lapse_go_nogo8_observe_only\\go_nogo\\run-20260714T125304"", ""source"": ""task.go_nogo"", ""stimulus_offset_lsl_timestamp"": 504123.6191116, ""stimulus_offset_monotonic"": 504123.593, ""stimulus_onset_lsl_timestamp"": 504122.8115032, ""stimulus_onset_monotonic"": 504122.781, ""task"": ""go_nogo""}"
77,go_nogo_stimulus_onset_77_go_star_red,EVENT,504124.328,,"{""color"": ""red"", ""expected_frame_interval_ms"": 16.670639999210835, ""expected_refresh_rate_hz"": 60.0, ""expected_visual_onset_lsl_timestamp"": 504124.3540785, ""expected_visual_onset_monotonic"": 504124.328, ""expected_visual_onset_uncertainty_ms"": 8.335319999605417, ""fixed_display_latency_ms"": 0.0, ""flip_lsl_timestamp"": 504124.3540785, ""flip_monotonic"": 504124.328, ""is_no_go"": false, ""lsl_timestamp"": 504124.3540785, ""marker_push_latency_ms"": 0.0, ""measured_refresh_rate_hz"": 59.98569941210048, ""photodiode_verification_enabled"": false, ""scheduled_on_flip"": true, ""shape"": ""star"", ""timing_model"": ""psychopy_callOnFlip_plus_fixed_display_latency""}"
77,button_press,EVENT,504124.7545513,space,"{""is_response_key"": true, ""lsl_timestamp"": 504124.78062980005, ""marker_push_latency_ms"": 0.0, ""rt_from_flip_seconds"": 0.42655130004277453, ""rt_seconds"": 0.42655130004277453}"
77,go_nogo_stimulus_offset_77_go_star_red,EVENT,504125.14,,"{""color"": ""red"", ""expected_frame_interval_ms"": 16.670639999210835, ""expected_refresh_rate_hz"": 60.0, ""expected_visual_onset_lsl_timestamp"": 504125.1632537, ""expected_visual_onset_monotonic"": 504125.14, ""expected_visual_onset_uncertainty_ms"": 8.335319999605417, ""fixed_display_latency_ms"": 0.0, ""flip_lsl_timestamp"": 504125.1632537, ""flip_monotonic"": 504125.14, ""is_no_go"": false, ""lsl_timestamp"": 504125.1632537, ""marker_push_latency_ms"": 0.0, ""measured_refresh_rate_hz"": 59.98569941210048, ""photodiode_verification_enabled"": false, ""scheduled_on_flip"": true, ""shape"": ""star"", ""timing_model"": ""psychopy_callOnFlip_plus_fixed_display_latency""}"
77,go_nogo_trial_complete,EVENT,504125.14,,"{""attention_challenge"": {""enabled"": false, ""expected_state"": ""normal"", ""is_cue_trial"": false}, ""button_press_count"": 1, ""commission_error"": 0, ""condition"": ""go"", ""correct"": true, ""correct_press"": 1, ""event_type_name"": ""go_nogo_trial_complete"", ""is_no_go"": false, ""omission_error"": 0, ""practice"": false, ""reaction_time_seconds"": 0.42655130004277453, ""schema_version"": 1, ""session_dir"": ""C:\\Users\\Surettej\\Documents\\Codespace\\eegle\\data\\participants\\sub-001-calibration\\sessions\\2026-07-14\\attention_lapse_go_nogo8_observe_only\\go_nogo\\run-20260714T125304"", ""source"": ""task.go_nogo"", ""stimulus_offset_lsl_timestamp"": 504125.1632537, ""stimulus_offset_monotonic"": 504125.14, ""stimulus_onset_lsl_timestamp"": 504124.3540785, ""stimulus_onset_monotonic"": 504124.328, ""task"": ""go_nogo""}"
78,go_nogo_stimulus_onset_78_go_triangle_red,EVENT,504125.875,,"{""color"": ""red"", ""expected_frame_interval_ms"": 16.670639999210835, ""expected_refresh_rate_hz"": 60.0, ""expected_visual_onset_lsl_timestamp"": 504125.9046895, ""expected_visual_onset_monotonic"": 504125.875, ""expected_visual_onset_uncertainty_ms"": 8.335319999605417, ""fixed_display_latency_ms"": 0.0, ""flip_lsl_timestamp"": 504125.9046895, ""flip_monotonic"": 504125.875, ""is_no_go"": false, ""lsl_timestamp"": 504125.9046895, ""marker_push_latency_ms"": 0.0, ""measured_refresh_rate_hz"": 59.98569941210048, ""photodiode_verification_enabled"": false, ""scheduled_on_flip"": true, ""shape"": ""triangle"", ""timing_model"": ""psychopy_callOnFlip_plus_fixed_display_latency""}"
78,button_press,EVENT,504126.2882308,space,"{""is_response_key"": true, ""lsl_timestamp"": 504126.3179203, ""marker_push_latency_ms"": 0.0, ""rt_from_flip_seconds"": 0.4132308000116609, ""rt_seconds"": 0.4132308000116609}"
78,go_nogo_stimulus_offset_78_go_triangle_red,EVENT,504126.687,,"{""color"": ""red"", ""expected_frame_interval_ms"": 16.670639999210835, ""expected_refresh_rate_hz"": 60.0, ""expected_visual_onset_lsl_timestamp"": 504126.7144252, ""expected_visual_onset_monotonic"": 504126.687, ""expected_visual_onset_uncertainty_ms"": 8.335319999605417, ""fixed_display_latency_ms"": 0.0, ""flip_lsl_timestamp"": 504126.7144252, ""flip_monotonic"": 504126.687, ""is_no_go"": false, ""lsl_timestamp"": 504126.7144252, ""marker_push_latency_ms"": 0.0, ""measured_refresh_rate_hz"": 59.98569941210048, ""photodiode_verification_enabled"": false, ""scheduled_on_flip"": true, ""shape"": ""triangle"", ""timing_model"": ""psychopy_callOnFlip_plus_fixed_display_latency""}"
78,go_nogo_trial_complete,EVENT,504126.687,,"{""attention_challenge"": {""enabled"": false, ""expected_state"": ""normal"", ""is_cue_trial"": false}, ""button_press_count"": 1, ""commission_error"": 0, ""condition"": ""go"", ""correct"": true, ""correct_press"": 1, ""event_type_name"": ""go_nogo_trial_complete"", ""is_no_go"": false, ""omission_error"": 0, ""practice"": false, ""reaction_time_seconds"": 0.4132308000116609, ""schema_version"": 1, ""session_dir"": ""C:\\Users\\Surettej\\Documents\\Codespace\\eegle\\data\\participants\\sub-001-calibration\\sessions\\2026-07-14\\attention_lapse_go_nogo8_observe_only\\go_nogo\\run-20260714T125304"", ""source"": ""task.go_nogo"", ""stimulus_offset_lsl_timestamp"": 504126.7144252, ""stimulus_offset_monotonic"": 504126.687, ""stimulus_onset_lsl_timestamp"": 504125.9046895, ""stimulus_onset_monotonic"": 504125.875, ""task"": ""go_nogo""}"
79,go_nogo_stimulus_onset_79_nogo_x_white,EVENT,504127.421,,"{""color"": ""white"", ""expected_frame_interval_ms"": 16.670639999210835, ""expected_refresh_rate_hz"": 60.0, ""expected_visual_onset_lsl_timestamp"": 504127.4552011, ""expected_visual_onset_monotonic"": 504127.421, ""expected_visual_onset_uncertainty_ms"": 8.335319999605417, ""fixed_display_latency_ms"": 0.0, ""flip_lsl_timestamp"": 504127.4552011, ""flip_monotonic"": 504127.421, ""is_no_go"": true, ""lsl_timestamp"": 504127.4552011, ""marker_push_latency_ms"": 0.0, ""measured_refresh_rate_hz"": 59.98569941210048, ""photodiode_verification_enabled"": false, ""scheduled_on_flip"": true, ""shape"": ""x"", ""timing_model"": ""psychopy_callOnFlip_plus_fixed_display_latency""}"
79,go_nogo_stimulus_offset_79_nogo_x_white,EVENT,504128.25,,"{""color"": ""white"", ""expected_frame_interval_ms"": 16.670639999210835, ""expected_refresh_rate_hz"": 60.0, ""expected_visual_onset_lsl_timestamp"": 504128.2723721, ""expected_visual_onset_monotonic"": 504128.25, ""expected_visual_onset_uncertainty_ms"": 8.335319999605417, ""fixed_display_latency_ms"": 0.0, ""flip_lsl_timestamp"": 504128.2723721, ""flip_monotonic"": 504128.25, ""is_no_go"": true, ""lsl_timestamp"": 504128.2723721, ""marker_push_latency_ms"": 0.0, ""measured_refresh_rate_hz"": 59.98569941210048, ""photodiode_verification_enabled"": false, ""scheduled_on_flip"": true, ""shape"": ""x"", ""timing_model"": ""psychopy_callOnFlip_plus_fixed_display_latency""}"
79,go_nogo_trial_complete,EVENT,504128.25,,"{""attention_challenge"": {""enabled"": false, ""expected_state"": ""normal"", ""is_cue_trial"": false}, ""button_press_count"": 0, ""commission_error"": 0, ""condition"": ""no_go"", ""correct"": true, ""correct_press"": 1, ""event_type_name"": ""go_nogo_trial_complete"", ""is_no_go"": true, ""omission_error"": 0, ""practice"": false, ""reaction_time_seconds"": null, ""schema_version"": 1, ""session_dir"": ""C:\\Users\\Surettej\\Documents\\Codespace\\eegle\\data\\participants\\sub-001-calibration\\sessions\\2026-07-14\\attention_lapse_go_nogo8_observe_only\\go_nogo\\run-20260714T125304"", ""source"": ""task.go_nogo"", ""stimulus_offset_lsl_timestamp"": 504128.2723721, ""stimulus_offset_monotonic"": 504128.25, ""stimulus_onset_lsl_timestamp"": 504127.4552011, ""stimulus_onset_monotonic"": 504127.421, ""task"": ""go_nogo""}"
80,go_nogo_stimulus_onset_80_go_square_blue,EVENT,504128.968,,"{""color"": ""blue"", ""expected_frame_interval_ms"": 16.670639999210835, ""expected_refresh_rate_hz"": 60.0, ""expected_visual_onset_lsl_timestamp"": 504129.003011, ""expected_visual_onset_monotonic"": 504128.968, ""expected_visual_onset_uncertainty_ms"": 8.335319999605417, ""fixed_display_latency_ms"": 0.0, ""flip_lsl_timestamp"": 504129.003011, ""flip_monotonic"": 504128.968, ""is_no_go"": false, ""lsl_timestamp"": 504129.003011, ""marker_push_latency_ms"": 0.0, ""measured_refresh_rate_hz"": 59.98569941210048, ""photodiode_verification_enabled"": false, ""scheduled_on_flip"": true, ""shape"": ""square"", ""timing_model"": ""psychopy_callOnFlip_plus_fixed_display_latency""}"
80,button_press,EVENT,504129.370062,space,"{""is_response_key"": true, ""lsl_timestamp"": 504129.405073, ""marker_push_latency_ms"": 0.0, ""rt_from_flip_seconds"": 0.40206200000829995, ""rt_seconds"": 0.40206200000829995}"
80,go_nogo_stimulus_offset_80_go_square_blue,EVENT,504129.796,,"{""color"": ""blue"", ""expected_frame_interval_ms"": 16.670639999210835, ""expected_refresh_rate_hz"": 60.0, ""expected_visual_onset_lsl_timestamp"": 504129.8199664, ""expected_visual_onset_monotonic"": 504129.796, ""expected_visual_onset_uncertainty_ms"": 8.335319999605417, ""fixed_display_latency_ms"": 0.0, ""flip_lsl_timestamp"": 504129.8199664, ""flip_monotonic"": 504129.796, ""is_no_go"": false, ""lsl_timestamp"": 504129.8199664, ""marker_push_latency_ms"": 0.0, ""measured_refresh_rate_hz"": 59.98569941210048, ""photodiode_verification_enabled"": false, ""scheduled_on_flip"": true, ""shape"": ""square"", ""timing_model"": ""psychopy_callOnFlip_plus_fixed_display_latency""}"
80,go_nogo_trial_complete,EVENT,504129.796,,"{""attention_challenge"": {""enabled"": false, ""expected_state"": ""normal"", ""is_cue_trial"": false}, ""button_press_count"": 1, ""commission_error"": 0, ""condition"": ""go"", ""correct"": true, ""correct_press"": 1, ""event_type_name"": ""go_nogo_trial_complete"", ""is_no_go"": false, ""omission_error"": 0, ""practice"": false, ""reaction_time_seconds"": 0.40206200000829995, ""schema_version"": 1, ""session_dir"": ""C:\\Users\\Surettej\\Documents\\Codespace\\eegle\\data\\participants\\sub-001-calibration\\sessions\\2026-07-14\\attention_lapse_go_nogo8_observe_only\\go_nogo\\run-20260714T125304"", ""source"": ""task.go_nogo"", ""stimulus_offset_lsl_timestamp"": 504129.8199664, ""stimulus_offset_monotonic"": 504129.796, ""stimulus_onset_lsl_timestamp"": 504129.003011, ""stimulus_onset_monotonic"": 504128.968, ""task"": ""go_nogo""}"
81,go_nogo_stimulus_onset_81_go_hexagon_blue,EVENT,504130.531,,"{""color"": ""blue"", ""expected_frame_interval_ms"": 16.670639999210835, ""expected_refresh_rate_hz"": 60.0, ""expected_visual_onset_lsl_timestamp"": 504130.5530823, ""expected_visual_onset_monotonic"": 504130.531, ""expected_visual_onset_uncertainty_ms"": 8.335319999605417, ""fixed_display_latency_ms"": 0.0, ""flip_lsl_timestamp"": 504130.5530823, ""flip_monotonic"": 504130.531, ""is_no_go"": false, ""lsl_timestamp"": 504130.5530823, ""marker_push_latency_ms"": 0.0, ""measured_refresh_rate_hz"": 59.98569941210048, ""photodiode_verification_enabled"": false, ""scheduled_on_flip"": true, ""shape"": ""hexagon"", ""timing_model"": ""psychopy_callOnFlip_plus_fixed_display_latency""}"
81,button_press,EVENT,504131.0226029,space,"{""is_response_key"": true, ""lsl_timestamp"": 504131.0446852, ""marker_push_latency_ms"": 0.0, ""rt_from_flip_seconds"": 0.4916028999723494, ""rt_seconds"": 0.4916028999723494}"
81,button_press,EVENT,504131.1269938,space,"{""is_response_key"": true, ""lsl_timestamp"": 504131.1490761, ""marker_push_latency_ms"": 0.0, ""rt_from_flip_seconds"": 0.5959937999723479, ""rt_seconds"": 0.5959937999723479}"
81,go_nogo_stimulus_offset_81_go_hexagon_blue,EVENT,504131.343,,"{""color"": ""blue"", ""expected_frame_interval_ms"": 16.670639999210835, ""expected_refresh_rate_hz"": 60.0, ""expected_visual_onset_lsl_timestamp"": 504131.3738344, ""expected_visual_onset_monotonic"": 504131.343, ""expected_visual_onset_uncertainty_ms"": 8.335319999605417, ""fixed_display_latency_ms"": 0.0, ""flip_lsl_timestamp"": 504131.3738344, ""flip_monotonic"": 504131.343, ""is_no_go"": false, ""lsl_timestamp"": 504131.3738344, ""marker_push_latency_ms"": 0.0, ""measured_refresh_rate_hz"": 59.98569941210048, ""photodiode_verification_enabled"": false, ""scheduled_on_flip"": true, ""shape"": ""hexagon"", ""timing_model"": ""psychopy_callOnFlip_plus_fixed_display_latency""}"
81,go_nogo_trial_complete,EVENT,504131.359,,"{""attention_challenge"": {""enabled"": false, ""expected_state"": ""normal"", ""is_cue_trial"": false}, ""button_press_count"": 2, ""commission_error"": 0, ""condition"": ""go"", ""correct"": true, ""correct_press"": 1, ""event_type_name"": ""go_nogo_trial_complete"", ""is_no_go"": false, ""omission_error"": 0, ""practice"": false, ""reaction_time_seconds"": 0.4916028999723494, ""schema_version"": 1, ""session_dir"": ""C:\\Users\\Surettej\\Documents\\Codespace\\eegle\\data\\participants\\sub-001-calibration\\sessions\\2026-07-14\\attention_lapse_go_nogo8_observe_only\\go_nogo\\run-20260714T125304"", ""source"": ""task.go_nogo"", ""stimulus_offset_lsl_timestamp"": 504131.3738344, ""stimulus_offset_monotonic"": 504131.343, ""stimulus_onset_lsl_timestamp"": 504130.5530823, ""stimulus_onset_monotonic"": 504130.531, ""task"": ""go_nogo""}"
82,go_nogo_stimulus_onset_82_nogo_x_white,EVENT,504132.078,,"{""color"": ""white"", ""expected_frame_interval_ms"": 16.670639999210835, ""expected_refresh_rate_hz"": 60.0, ""expected_visual_onset_lsl_timestamp"": 504132.1134407, ""expected_visual_onset_monotonic"": 504132.078, ""expected_visual_onset_uncertainty_ms"": 8.335319999605417, ""fixed_display_latency_ms"": 0.0, ""flip_lsl_timestamp"": 504132.1134407, ""flip_monotonic"": 504132.078, ""is_no_go"": true, ""lsl_timestamp"": 504132.1134407, ""marker_push_latency_ms"": 0.0, ""measured_refresh_rate_hz"": 59.98569941210048, ""photodiode_verification_enabled"": false, ""scheduled_on_flip"": true, ""shape"": ""x"", ""timing_model"": ""psychopy_callOnFlip_plus_fixed_display_latency""}"
82,go_nogo_stimulus_offset_82_nogo_x_white,EVENT,504132.89,,"{""color"": ""white"", ""expected_frame_interval_ms"": 16.670639999210835, ""expected_refresh_rate_hz"": 60.0, ""expected_visual_onset_lsl_timestamp"": 504132.9245394, ""expected_visual_onset_monotonic"": 504132.89, ""expected_visual_onset_uncertainty_ms"": 8.335319999605417, ""fixed_display_latency_ms"": 0.0, ""flip_lsl_timestamp"": 504132.9245394, ""flip_monotonic"": 504132.89, ""is_no_go"": true, ""lsl_timestamp"": 504132.9245394, ""marker_push_latency_ms"": 0.0, ""measured_refresh_rate_hz"": 59.98569941210048, ""photodiode_verification_enabled"": false, ""scheduled_on_flip"": true, ""shape"": ""x"", ""timing_model"": ""psychopy_callOnFlip_plus_fixed_display_latency""}"
82,go_nogo_trial_complete,EVENT,504132.906,,"{""attention_challenge"": {""enabled"": false, ""expected_state"": ""normal"", ""is_cue_trial"": false}, ""button_press_count"": 0, ""commission_error"": 0, ""condition"": ""no_go"", ""correct"": true, ""correct_press"": 1, ""event_type_name"": ""go_nogo_trial_complete"", ""is_no_go"": true, ""omission_error"": 0, ""practice"": false, ""reaction_time_seconds"": null, ""schema_version"": 1, ""session_dir"": ""C:\\Users\\Surettej\\Documents\\Codespace\\eegle\\data\\participants\\sub-001-calibration\\sessions\\2026-07-14\\attention_lapse_go_nogo8_observe_only\\go_nogo\\run-20260714T125304"", ""source"": ""task.go_nogo"", ""stimulus_offset_lsl_timestamp"": 504132.9245394, ""stimulus_offset_monotonic"": 504132.89, ""stimulus_onset_lsl_timestamp"": 504132.1134407, ""stimulus_onset_monotonic"": 504132.078, ""task"": ""go_nogo""}"
83,go_nogo_stimulus_onset_83_nogo_x_white,EVENT,504133.625,,"{""color"": ""white"", ""expected_frame_interval_ms"": 16.670639999210835, ""expected_refresh_rate_hz"": 60.0, ""expected_visual_onset_lsl_timestamp"": 504133.6606605, ""expected_visual_onset_monotonic"": 504133.625, ""expected_visual_onset_uncertainty_ms"": 8.335319999605417, ""fixed_display_latency_ms"": 0.0, ""flip_lsl_timestamp"": 504133.6606605, ""flip_monotonic"": 504133.625, ""is_no_go"": true, ""lsl_timestamp"": 504133.6606605, ""marker_push_latency_ms"": 0.0, ""measured_refresh_rate_hz"": 59.98569941210048, ""photodiode_verification_enabled"": false, ""scheduled_on_flip"": true, ""shape"": ""x"", ""timing_model"": ""psychopy_callOnFlip_plus_fixed_display_latency""}"
83,go_nogo_stimulus_offset_83_nogo_x_white,EVENT,504134.437,,"{""color"": ""white"", ""expected_frame_interval_ms"": 16.670639999210835, ""expected_refresh_rate_hz"": 60.0, ""expected_visual_onset_lsl_timestamp"": 504134.4685892, ""expected_visual_onset_monotonic"": 504134.437, ""expected_visual_onset_uncertainty_ms"": 8.335319999605417, ""fixed_display_latency_ms"": 0.0, ""flip_lsl_timestamp"": 504134.4685892, ""flip_monotonic"": 504134.437, ""is_no_go"": true, ""lsl_timestamp"": 504134.4685892, ""marker_push_latency_ms"": 0.0, ""measured_refresh_rate_hz"": 59.98569941210048, ""photodiode_verification_enabled"": false, ""scheduled_on_flip"": true, ""shape"": ""x"", ""timing_model"": ""psychopy_callOnFlip_plus_fixed_display_latency""}"
83,go_nogo_trial_complete,EVENT,504134.453,,"{""attention_challenge"": {""enabled"": false, ""expected_state"": ""normal"", ""is_cue_trial"": false}, ""button_press_count"": 0, ""commission_error"": 0, ""condition"": ""no_go"", ""correct"": true, ""correct_press"": 1, ""event_type_name"": ""go_nogo_trial_complete"", ""is_no_go"": true, ""omission_error"": 0, ""practice"": false, ""reaction_time_seconds"": null, ""schema_version"": 1, ""session_dir"": ""C:\\Users\\Surettej\\Documents\\Codespace\\eegle\\data\\participants\\sub-001-calibration\\sessions\\2026-07-14\\attention_lapse_go_nogo8_observe_only\\go_nogo\\run-20260714T125304"", ""source"": ""task.go_nogo"", ""stimulus_offset_lsl_timestamp"": 504134.4685892, ""stimulus_offset_monotonic"": 504134.437, ""stimulus_onset_lsl_timestamp"": 504133.6606605, ""stimulus_onset_monotonic"": 504133.625, ""task"": ""go_nogo""}"
84,go_nogo_stimulus_onset_84_go_square_blue,EVENT,504135.171,,"{""color"": ""blue"", ""expected_frame_interval_ms"": 16.670639999210835, ""expected_refresh_rate_hz"": 60.0, ""expected_visual_onset_lsl_timestamp"": 504135.2018045, ""expected_visual_onset_monotonic"": 504135.171, ""expected_visual_onset_uncertainty_ms"": 8.335319999605417, ""fixed_display_latency_ms"": 0.0, ""flip_lsl_timestamp"": 504135.2018045, ""flip_monotonic"": 504135.171, ""is_no_go"": false, ""lsl_timestamp"": 504135.2018045, ""marker_push_latency_ms"": 0.0, ""measured_refresh_rate_hz"": 59.98569941210048, ""photodiode_verification_enabled"": false, ""scheduled_on_flip"": true, ""shape"": ""square"", ""timing_model"": ""psychopy_callOnFlip_plus_fixed_display_latency""}"
84,go_nogo_stimulus_offset_84_go_square_blue,EVENT,504135.984,,"{""color"": ""blue"", ""expected_frame_interval_ms"": 16.670639999210835, ""expected_refresh_rate_hz"": 60.0, ""expected_visual_onset_lsl_timestamp"": 504136.0104525, ""expected_visual_onset_monotonic"": 504135.984, ""expected_visual_onset_uncertainty_ms"": 8.335319999605417, ""fixed_display_latency_ms"": 0.0, ""flip_lsl_timestamp"": 504136.0104525, ""flip_monotonic"": 504135.984, ""is_no_go"": false, ""lsl_timestamp"": 504136.0104525, ""marker_push_latency_ms"": 0.0, ""measured_refresh_rate_hz"": 59.98569941210048, ""photodiode_verification_enabled"": false, ""scheduled_on_flip"": true, ""shape"": ""square"", ""timing_model"": ""psychopy_callOnFlip_plus_fixed_display_latency""}"
84,go_nogo_trial_complete,EVENT,504135.984,,"{""attention_challenge"": {""enabled"": false, ""expected_state"": ""normal"", ""is_cue_trial"": false}, ""button_press_count"": 0, ""commission_error"": 0, ""condition"": ""go"", ""correct"": false, ""correct_press"": 0, ""event_type_name"": ""go_nogo_trial_complete"", ""is_no_go"": false, ""omission_error"": 1, ""practice"": false, ""reaction_time_seconds"": null, ""schema_version"": 1, ""session_dir"": ""C:\\Users\\Surettej\\Documents\\Codespace\\eegle\\data\\participants\\sub-001-calibration\\sessions\\2026-07-14\\attention_lapse_go_nogo8_observe_only\\go_nogo\\run-20260714T125304"", ""source"": ""task.go_nogo"", ""stimulus_offset_lsl_timestamp"": 504136.0104525, ""stimulus_offset_monotonic"": 504135.984, ""stimulus_onset_lsl_timestamp"": 504135.2018045, ""stimulus_onset_monotonic"": 504135.171, ""task"": ""go_nogo""}"
85,go_nogo_stimulus_onset_85_nogo_x_white,EVENT,504136.718,,"{""color"": ""white"", ""expected_frame_interval_ms"": 16.670639999210835, ""expected_refresh_rate_hz"": 60.0, ""expected_visual_onset_lsl_timestamp"": 504136.7468166, ""expected_visual_onset_monotonic"": 504136.718, ""expected_visual_onset_uncertainty_ms"": 8.335319999605417, ""fixed_display_latency_ms"": 0.0, ""flip_lsl_timestamp"": 504136.7468166, ""flip_monotonic"": 504136.718, ""is_no_go"": true, ""lsl_timestamp"": 504136.7468166, ""marker_push_latency_ms"": 0.0, ""measured_refresh_rate_hz"": 59.98569941210048, ""photodiode_verification_enabled"": false, ""scheduled_on_flip"": true, ""shape"": ""x"", ""timing_model"": ""psychopy_callOnFlip_plus_fixed_display_latency""}"
85,go_nogo_stimulus_offset_85_nogo_x_white,EVENT,504137.531,,"{""color"": ""white"", ""expected_frame_interval_ms"": 16.670639999210835, ""expected_refresh_rate_hz"": 60.0, ""expected_visual_onset_lsl_timestamp"": 504137.556295, ""expected_visual_onset_monotonic"": 504137.531, ""expected_visual_onset_uncertainty_ms"": 8.335319999605417, ""fixed_display_latency_ms"": 0.0, ""flip_lsl_timestamp"": 504137.556295, ""flip_monotonic"": 504137.531, ""is_no_go"": true, ""lsl_timestamp"": 504137.556295, ""marker_push_latency_ms"": 0.0, ""measured_refresh_rate_hz"": 59.98569941210048, ""photodiode_verification_enabled"": false, ""scheduled_on_flip"": true, ""shape"": ""x"", ""timing_model"": ""psychopy_callOnFlip_plus_fixed_display_latency""}"
85,go_nogo_trial_complete,EVENT,504137.531,,"{""attention_challenge"": {""enabled"": false, ""expected_state"": ""normal"", ""is_cue_trial"": false}, ""button_press_count"": 0, ""commission_error"": 0, ""condition"": ""no_go"", ""correct"": true, ""correct_press"": 1, ""event_type_name"": ""go_nogo_trial_complete"", ""is_no_go"": true, ""omission_error"": 0, ""practice"": false, ""reaction_time_seconds"": null, ""schema_version"": 1, ""session_dir"": ""C:\\Users\\Surettej\\Documents\\Codespace\\eegle\\data\\participants\\sub-001-calibration\\sessions\\2026-07-14\\attention_lapse_go_nogo8_observe_only\\go_nogo\\run-20260714T125304"", ""source"": ""task.go_nogo"", ""stimulus_offset_lsl_timestamp"": 504137.556295, ""stimulus_offset_monotonic"": 504137.531, ""stimulus_onset_lsl_timestamp"": 504136.7468166, ""stimulus_onset_monotonic"": 504136.718, ""task"": ""go_nogo""}"
86,go_nogo_stimulus_onset_86_go_triangle_red,EVENT,504138.265,,"{""color"": ""red"", ""expected_frame_interval_ms"": 16.670639999210835, ""expected_refresh_rate_hz"": 60.0, ""expected_visual_onset_lsl_timestamp"": 504138.2894529, ""expected_visual_onset_monotonic"": 504138.265, ""expected_visual_onset_uncertainty_ms"": 8.335319999605417, ""fixed_display_latency_ms"": 0.0, ""flip_lsl_timestamp"": 504138.2894529, ""flip_monotonic"": 504138.265, ""is_no_go"": false, ""lsl_timestamp"": 504138.2894529, ""marker_push_latency_ms"": 0.0, ""measured_refresh_rate_hz"": 59.98569941210048, ""photodiode_verification_enabled"": false, ""scheduled_on_flip"": true, ""shape"": ""triangle"", ""timing_model"": ""psychopy_callOnFlip_plus_fixed_display_latency""}"
86,button_press,EVENT,504138.6846503,space,"{""is_response_key"": true, ""lsl_timestamp"": 504138.7091032, ""marker_push_latency_ms"": 0.0, ""rt_from_flip_seconds"": 0.4196502999984659, ""rt_seconds"": 0.4196502999984659}"
86,go_nogo_stimulus_offset_86_go_triangle_red,EVENT,504139.078,,"{""color"": ""red"", ""expected_frame_interval_ms"": 16.670639999210835, ""expected_refresh_rate_hz"": 60.0, ""expected_visual_onset_lsl_timestamp"": 504139.1105613, ""expected_visual_onset_monotonic"": 504139.078, ""expected_visual_onset_uncertainty_ms"": 8.335319999605417, ""fixed_display_latency_ms"": 0.0, ""flip_lsl_timestamp"": 504139.1105613, ""flip_monotonic"": 504139.078, ""is_no_go"": false, ""lsl_timestamp"": 504139.1105613, ""marker_push_latency_ms"": 0.0, ""measured_refresh_rate_hz"": 59.98569941210048, ""photodiode_verification_enabled"": false, ""scheduled_on_flip"": true, ""shape"": ""triangle"", ""timing_model"": ""psychopy_callOnFlip_plus_fixed_display_latency""}"
86,go_nogo_trial_complete,EVENT,504139.093,,"{""attention_challenge"": {""enabled"": false, ""expected_state"": ""normal"", ""is_cue_trial"": false}, ""button_press_count"": 1, ""commission_error"": 0, ""condition"": ""go"", ""correct"": true, ""correct_press"": 1, ""event_type_name"": ""go_nogo_trial_complete"", ""is_no_go"": false, ""omission_error"": 0, ""practice"": false, ""reaction_time_seconds"": 0.4196502999984659, ""schema_version"": 1, ""session_dir"": ""C:\\Users\\Surettej\\Documents\\Codespace\\eegle\\data\\participants\\sub-001-calibration\\sessions\\2026-07-14\\attention_lapse_go_nogo8_observe_only\\go_nogo\\run-20260714T125304"", ""source"": ""task.go_nogo"", ""stimulus_offset_lsl_timestamp"": 504139.1105613, ""stimulus_offset_monotonic"": 504139.078, ""stimulus_onset_lsl_timestamp"": 504138.2894529, ""stimulus_onset_monotonic"": 504138.265, ""task"": ""go_nogo""}"
87,go_nogo_stimulus_onset_87_go_triangle_yellow,EVENT,504139.812,,"{""color"": ""yellow"", ""expected_frame_interval_ms"": 16.670639999210835, ""expected_refresh_rate_hz"": 60.0, ""expected_visual_onset_lsl_timestamp"": 504139.844319, ""expected_visual_onset_monotonic"": 504139.812, ""expected_visual_onset_uncertainty_ms"": 8.335319999605417, ""fixed_display_latency_ms"": 0.0, ""flip_lsl_timestamp"": 504139.844319, ""flip_monotonic"": 504139.812, ""is_no_go"": false, ""lsl_timestamp"": 504139.844319, ""marker_push_latency_ms"": 0.0, ""measured_refresh_rate_hz"": 59.98569941210048, ""photodiode_verification_enabled"": false, ""scheduled_on_flip"": true, ""shape"": ""triangle"", ""timing_model"": ""psychopy_callOnFlip_plus_fixed_display_latency""}"
87,button_press,EVENT,504140.17312269995,space,"{""is_response_key"": true, ""lsl_timestamp"": 504140.2054417, ""marker_push_latency_ms"": 0.0, ""rt_from_flip_seconds"": 0.3611226999782957, ""rt_seconds"": 0.3611226999782957}"
87,go_nogo_stimulus_offset_87_go_triangle_yellow,EVENT,504140.64,,"{""color"": ""yellow"", ""expected_frame_interval_ms"": 16.670639999210835, ""expected_refresh_rate_hz"": 60.0, ""expected_visual_onset_lsl_timestamp"": 504140.6613214, ""expected_visual_onset_monotonic"": 504140.64, ""expected_visual_onset_uncertainty_ms"": 8.335319999605417, ""fixed_display_latency_ms"": 0.0, ""flip_lsl_timestamp"": 504140.6613214, ""flip_monotonic"": 504140.64, ""is_no_go"": false, ""lsl_timestamp"": 504140.6613214, ""marker_push_latency_ms"": 0.0, ""measured_refresh_rate_hz"": 59.98569941210048, ""photodiode_verification_enabled"": false, ""scheduled_on_flip"": true, ""shape"": ""triangle"", ""timing_model"": ""psychopy_callOnFlip_plus_fixed_display_latency""}"
87,go_nogo_trial_complete,EVENT,504140.64,,"{""attention_challenge"": {""enabled"": false, ""expected_state"": ""normal"", ""is_cue_trial"": false}, ""button_press_count"": 1, ""commission_error"": 0, ""condition"": ""go"", ""correct"": true, ""correct_press"": 1, ""event_type_name"": ""go_nogo_trial_complete"", ""is_no_go"": false, ""omission_error"": 0, ""practice"": false, ""reaction_time_seconds"": 0.3611226999782957, ""schema_version"": 1, ""session_dir"": ""C:\\Users\\Surettej\\Documents\\Codespace\\eegle\\data\\participants\\sub-001-calibration\\sessions\\2026-07-14\\attention_lapse_go_nogo8_observe_only\\go_nogo\\run-20260714T125304"", ""source"": ""task.go_nogo"", ""stimulus_offset_lsl_timestamp"": 504140.6613214, ""stimulus_offset_monotonic"": 504140.64, ""stimulus_onset_lsl_timestamp"": 504139.844319, ""stimulus_onset_monotonic"": 504139.812, ""task"": ""go_nogo""}"
88,go_nogo_stimulus_onset_88_nogo_x_white,EVENT,504141.39,,"{""color"": ""white"", ""expected_frame_interval_ms"": 16.670639999210835, ""expected_refresh_rate_hz"": 60.0, ""expected_visual_onset_lsl_timestamp"": 504141.4114956, ""expected_visual_onset_monotonic"": 504141.39, ""expected_visual_onset_uncertainty_ms"": 8.335319999605417, ""fixed_display_latency_ms"": 0.0, ""flip_lsl_timestamp"": 504141.4114956, ""flip_monotonic"": 504141.39, ""is_no_go"": true, ""lsl_timestamp"": 504141.4114956, ""marker_push_latency_ms"": 0.0, ""measured_refresh_rate_hz"": 59.98569941210048, ""photodiode_verification_enabled"": false, ""scheduled_on_flip"": true, ""shape"": ""x"", ""timing_model"": ""psychopy_callOnFlip_plus_fixed_display_latency""}"
88,go_nogo_stimulus_offset_88_nogo_x_white,EVENT,504142.187,,"{""color"": ""white"", ""expected_frame_interval_ms"": 16.670639999210835, ""expected_refresh_rate_hz"": 60.0, ""expected_visual_onset_lsl_timestamp"": 504142.2215601, ""expected_visual_onset_monotonic"": 504142.187, ""expected_visual_onset_uncertainty_ms"": 8.335319999605417, ""fixed_display_latency_ms"": 0.0, ""flip_lsl_timestamp"": 504142.2215601, ""flip_monotonic"": 504142.187, ""is_no_go"": true, ""lsl_timestamp"": 504142.2215601, ""marker_push_latency_ms"": 0.0, ""measured_refresh_rate_hz"": 59.98569941210048, ""photodiode_verification_enabled"": false, ""scheduled_on_flip"": true, ""shape"": ""x"", ""timing_model"": ""psychopy_callOnFlip_plus_fixed_display_latency""}"
88,go_nogo_trial_complete,EVENT,504142.203,,"{""attention_challenge"": {""enabled"": false, ""expected_state"": ""normal"", ""is_cue_trial"": false}, ""button_press_count"": 0, ""commission_error"": 0, ""condition"": ""no_go"", ""correct"": true, ""correct_press"": 1, ""event_type_name"": ""go_nogo_trial_complete"", ""is_no_go"": true, ""omission_error"": 0, ""practice"": false, ""reaction_time_seconds"": null, ""schema_version"": 1, ""session_dir"": ""C:\\Users\\Surettej\\Documents\\Codespace\\eegle\\data\\participants\\sub-001-calibration\\sessions\\2026-07-14\\attention_lapse_go_nogo8_observe_only\\go_nogo\\run-20260714T125304"", ""source"": ""task.go_nogo"", ""stimulus_offset_lsl_timestamp"": 504142.2215601, ""stimulus_offset_monotonic"": 504142.187, ""stimulus_onset_lsl_timestamp"": 504141.4114956, ""stimulus_onset_monotonic"": 504141.39, ""task"": ""go_nogo""}"
89,go_nogo_stimulus_onset_89_go_triangle_red,EVENT,504142.937,,"{""color"": ""red"", ""expected_frame_interval_ms"": 16.670639999210835, ""expected_refresh_rate_hz"": 60.0, ""expected_visual_onset_lsl_timestamp"": 504142.9623685, ""expected_visual_onset_monotonic"": 504142.937, ""expected_visual_onset_uncertainty_ms"": 8.335319999605417, ""fixed_display_latency_ms"": 0.0, ""flip_lsl_timestamp"": 504142.9623685, ""flip_monotonic"": 504142.937, ""is_no_go"": false, ""lsl_timestamp"": 504142.9623685, ""marker_push_latency_ms"": 0.0, ""measured_refresh_rate_hz"": 59.98569941210048, ""photodiode_verification_enabled"": false, ""scheduled_on_flip"": true, ""shape"": ""triangle"", ""timing_model"": ""psychopy_callOnFlip_plus_fixed_display_latency""}"
89,button_press,EVENT,504143.3167244,space,"{""is_response_key"": true, ""lsl_timestamp"": 504143.3420929, ""marker_push_latency_ms"": 0.0, ""rt_from_flip_seconds"": 0.37972440000157803, ""rt_seconds"": 0.37972440000157803}"
89,go_nogo_stimulus_offset_89_go_triangle_red,EVENT,504143.75,,"{""color"": ""red"", ""expected_frame_interval_ms"": 16.670639999210835, ""expected_refresh_rate_hz"": 60.0, ""expected_visual_onset_lsl_timestamp"": 504143.7712105, ""expected_visual_onset_monotonic"": 504143.75, ""expected_visual_onset_uncertainty_ms"": 8.335319999605417, ""fixed_display_latency_ms"": 0.0, ""flip_lsl_timestamp"": 504143.7712105, ""flip_monotonic"": 504143.75, ""is_no_go"": false, ""lsl_timestamp"": 504143.7712105, ""marker_push_latency_ms"": 0.0, ""measured_refresh_rate_hz"": 59.98569941210048, ""photodiode_verification_enabled"": false, ""scheduled_on_flip"": true, ""shape"": ""triangle"", ""timing_model"": ""psychopy_callOnFlip_plus_fixed_display_latency""}"
89,go_nogo_trial_complete,EVENT,504143.75,,"{""attention_challenge"": {""enabled"": false, ""expected_state"": ""normal"", ""is_cue_trial"": false}, ""button_press_count"": 1, ""commission_error"": 0, ""condition"": ""go"", ""correct"": true, ""correct_press"": 1, ""event_type_name"": ""go_nogo_trial_complete"", ""is_no_go"": false, ""omission_error"": 0, ""practice"": false, ""reaction_time_seconds"": 0.37972440000157803, ""schema_version"": 1, ""session_dir"": ""C:\\Users\\Surettej\\Documents\\Codespace\\eegle\\data\\participants\\sub-001-calibration\\sessions\\2026-07-14\\attention_lapse_go_nogo8_observe_only\\go_nogo\\run-20260714T125304"", ""source"": ""task.go_nogo"", ""stimulus_offset_lsl_timestamp"": 504143.7712105, ""stimulus_offset_monotonic"": 504143.75, ""stimulus_onset_lsl_timestamp"": 504142.9623685, ""stimulus_onset_monotonic"": 504142.937, ""task"": ""go_nogo""}"
90,go_nogo_stimulus_onset_90_go_hexagon_green,EVENT,504144.468,,"{""color"": ""green"", ""expected_frame_interval_ms"": 16.670639999210835, ""expected_refresh_rate_hz"": 60.0, ""expected_visual_onset_lsl_timestamp"": 504144.504549, ""expected_visual_onset_monotonic"": 504144.468, ""expected_visual_onset_uncertainty_ms"": 8.335319999605417, ""fixed_display_latency_ms"": 0.0, ""flip_lsl_timestamp"": 504144.504549, ""flip_monotonic"": 504144.468, ""is_no_go"": false, ""lsl_timestamp"": 504144.504549, ""marker_push_latency_ms"": 0.0, ""measured_refresh_rate_hz"": 59.98569941210048, ""photodiode_verification_enabled"": false, ""scheduled_on_flip"": true, ""shape"": ""hexagon"", ""timing_model"": ""psychopy_callOnFlip_plus_fixed_display_latency""}"
90,button_press,EVENT,504144.9368044,space,"{""is_response_key"": true, ""lsl_timestamp"": 504144.9733534, ""marker_push_latency_ms"": 0.0, ""rt_from_flip_seconds"": 0.4688044000067748, ""rt_seconds"": 0.4688044000067748}"
90,go_nogo_stimulus_offset_90_go_hexagon_green,EVENT,504145.281,,"{""color"": ""green"", ""expected_frame_interval_ms"": 16.670639999210835, ""expected_refresh_rate_hz"": 60.0, ""expected_visual_onset_lsl_timestamp"": 504145.3166112, ""expected_visual_onset_monotonic"": 504145.281, ""expected_visual_onset_uncertainty_ms"": 8.335319999605417, ""fixed_display_latency_ms"": 0.0, ""flip_lsl_timestamp"": 504145.3166112, ""flip_monotonic"": 504145.281, ""is_no_go"": false, ""lsl_timestamp"": 504145.3166112, ""marker_push_latency_ms"": 0.0, ""measured_refresh_rate_hz"": 59.98569941210048, ""photodiode_verification_enabled"": false, ""scheduled_on_flip"": true, ""shape"": ""hexagon"", ""timing_model"": ""psychopy_callOnFlip_plus_fixed_display_latency""}"
90,go_nogo_trial_complete,EVENT,504145.296,,"{""attention_challenge"": {""enabled"": false, ""expected_state"": ""normal"", ""is_cue_trial"": false}, ""button_press_count"": 1, ""commission_error"": 0, ""condition"": ""go"", ""correct"": true, ""correct_press"": 1, ""event_type_name"": ""go_nogo_trial_complete"", ""is_no_go"": false, ""omission_error"": 0, ""practice"": false, ""reaction_time_seconds"": 0.4688044000067748, ""schema_version"": 1, ""session_dir"": ""C:\\Users\\Surettej\\Documents\\Codespace\\eegle\\data\\participants\\sub-001-calibration\\sessions\\2026-07-14\\attention_lapse_go_nogo8_observe_only\\go_nogo\\run-20260714T125304"", ""source"": ""task.go_nogo"", ""stimulus_offset_lsl_timestamp"": 504145.3166112, ""stimulus_offset_monotonic"": 504145.281, ""stimulus_onset_lsl_timestamp"": 504144.504549, ""stimulus_onset_monotonic"": 504144.468, ""task"": ""go_nogo""}"
91,go_nogo_stimulus_onset_91_nogo_x_white,EVENT,504146.031,,"{""color"": ""white"", ""expected_frame_interval_ms"": 16.670639999210835, ""expected_refresh_rate_hz"": 60.0, ""expected_visual_onset_lsl_timestamp"": 504146.063893, ""expected_visual_onset_monotonic"": 504146.031, ""expected_visual_onset_uncertainty_ms"": 8.335319999605417, ""fixed_display_latency_ms"": 0.0, ""flip_lsl_timestamp"": 504146.063893, ""flip_monotonic"": 504146.031, ""is_no_go"": true, ""lsl_timestamp"": 504146.063893, ""marker_push_latency_ms"": 0.0, ""measured_refresh_rate_hz"": 59.98569941210048, ""photodiode_verification_enabled"": false, ""scheduled_on_flip"": true, ""shape"": ""x"", ""timing_model"": ""psychopy_callOnFlip_plus_fixed_display_latency""}"
91,button_press,EVENT,504146.4769967,space,"{""is_response_key"": true, ""lsl_timestamp"": 504146.5098897, ""marker_push_latency_ms"": 0.0, ""rt_from_flip_seconds"": 0.4459966999711469, ""rt_seconds"": 0.4459966999711469}"
91,go_nogo_stimulus_offset_91_nogo_x_white,EVENT,504146.843,,"{""color"": ""white"", ""expected_frame_interval_ms"": 16.670639999210835, ""expected_refresh_rate_hz"": 60.0, ""expected_visual_onset_lsl_timestamp"": 504146.873161, ""expected_visual_onset_monotonic"": 504146.843, ""expected_visual_onset_uncertainty_ms"": 8.335319999605417, ""fixed_display_latency_ms"": 0.0, ""flip_lsl_timestamp"": 504146.873161, ""flip_monotonic"": 504146.843, ""is_no_go"": true, ""lsl_timestamp"": 504146.873161, ""marker_push_latency_ms"": 0.0, ""measured_refresh_rate_hz"": 59.98569941210048, ""photodiode_verification_enabled"": false, ""scheduled_on_flip"": true, ""shape"": ""x"", ""timing_model"": ""psychopy_callOnFlip_plus_fixed_display_latency""}"
91,go_nogo_trial_complete,EVENT,504146.843,,"{""attention_challenge"": {""enabled"": false, ""expected_state"": ""normal"", ""is_cue_trial"": false}, ""button_press_count"": 1, ""commission_error"": 1, ""condition"": ""no_go"", ""correct"": false, ""correct_press"": 0, ""event_type_name"": ""go_nogo_trial_complete"", ""is_no_go"": true, ""omission_error"": 0, ""practice"": false, ""reaction_time_seconds"": 0.4459966999711469, ""schema_version"": 1, ""session_dir"": ""C:\\Users\\Surettej\\Documents\\Codespace\\eegle\\data\\participants\\sub-001-calibration\\sessions\\2026-07-14\\attention_lapse_go_nogo8_observe_only\\go_nogo\\run-20260714T125304"", ""source"": ""task.go_nogo"", ""stimulus_offset_lsl_timestamp"": 504146.873161, ""stimulus_offset_monotonic"": 504146.843, ""stimulus_onset_lsl_timestamp"": 504146.063893, ""stimulus_onset_monotonic"": 504146.031, ""task"": ""go_nogo""}"
92,go_nogo_stimulus_onset_92_nogo_x_white,EVENT,504147.593,,"{""color"": ""white"", ""expected_frame_interval_ms"": 16.670639999210835, ""expected_refresh_rate_hz"": 60.0, ""expected_visual_onset_lsl_timestamp"": 504147.6142999, ""expected_visual_onset_monotonic"": 504147.593, ""expected_visual_onset_uncertainty_ms"": 8.335319999605417, ""fixed_display_latency_ms"": 0.0, ""flip_lsl_timestamp"": 504147.6142999, ""flip_monotonic"": 504147.593, ""is_no_go"": true, ""lsl_timestamp"": 504147.6142999, ""marker_push_latency_ms"": 0.0, ""measured_refresh_rate_hz"": 59.98569941210048, ""photodiode_verification_enabled"": false, ""scheduled_on_flip"": true, ""shape"": ""x"", ""timing_model"": ""psychopy_callOnFlip_plus_fixed_display_latency""}"
92,go_nogo_stimulus_offset_92_nogo_x_white,EVENT,504148.39,,"{""color"": ""white"", ""expected_frame_interval_ms"": 16.670639999210835, ""expected_refresh_rate_hz"": 60.0, ""expected_visual_onset_lsl_timestamp"": 504148.4228312, ""expected_visual_onset_monotonic"": 504148.39, ""expected_visual_onset_uncertainty_ms"": 8.335319999605417, ""fixed_display_latency_ms"": 0.0, ""flip_lsl_timestamp"": 504148.4228312, ""flip_monotonic"": 504148.39, ""is_no_go"": true, ""lsl_timestamp"": 504148.4228312, ""marker_push_latency_ms"": 0.0, ""measured_refresh_rate_hz"": 59.98569941210048, ""photodiode_verification_enabled"": false, ""scheduled_on_flip"": true, ""shape"": ""x"", ""timing_model"": ""psychopy_callOnFlip_plus_fixed_display_latency""}"
92,go_nogo_trial_complete,EVENT,504148.406,,"{""attention_challenge"": {""enabled"": false, ""expected_state"": ""normal"", ""is_cue_trial"": false}, ""button_press_count"": 0, ""commission_error"": 0, ""condition"": ""no_go"", ""correct"": true, ""correct_press"": 1, ""event_type_name"": ""go_nogo_trial_complete"", ""is_no_go"": true, ""omission_error"": 0, ""practice"": false, ""reaction_time_seconds"": null, ""schema_version"": 1, ""session_dir"": ""C:\\Users\\Surettej\\Documents\\Codespace\\eegle\\data\\participants\\sub-001-calibration\\sessions\\2026-07-14\\attention_lapse_go_nogo8_observe_only\\go_nogo\\run-20260714T125304"", ""source"": ""task.go_nogo"", ""stimulus_offset_lsl_timestamp"": 504148.4228312, ""stimulus_offset_monotonic"": 504148.39, ""stimulus_onset_lsl_timestamp"": 504147.6142999, ""stimulus_onset_monotonic"": 504147.593, ""task"": ""go_nogo""}"
93,go_nogo_stimulus_onset_93_go_circle_magenta,EVENT,504149.14,,"{""color"": ""magenta"", ""expected_frame_interval_ms"": 16.670639999210835, ""expected_refresh_rate_hz"": 60.0, ""expected_visual_onset_lsl_timestamp"": 504149.1696297, ""expected_visual_onset_monotonic"": 504149.14, ""expected_visual_onset_uncertainty_ms"": 8.335319999605417, ""fixed_display_latency_ms"": 0.0, ""flip_lsl_timestamp"": 504149.1696297, ""flip_monotonic"": 504149.14, ""is_no_go"": false, ""lsl_timestamp"": 504149.1696297, ""marker_push_latency_ms"": 0.0, ""measured_refresh_rate_hz"": 59.98569941210048, ""photodiode_verification_enabled"": false, ""scheduled_on_flip"": true, ""shape"": ""circle"", ""timing_model"": ""psychopy_callOnFlip_plus_fixed_display_latency""}"
93,button_press,EVENT,504149.5361473,space,"{""is_response_key"": true, ""lsl_timestamp"": 504149.565777, ""marker_push_latency_ms"": 0.0, ""rt_from_flip_seconds"": 0.3961472999653779, ""rt_seconds"": 0.3961472999653779}"
93,go_nogo_stimulus_offset_93_go_circle_magenta,EVENT,504149.953,,"{""color"": ""magenta"", ""expected_frame_interval_ms"": 16.670639999210835, ""expected_refresh_rate_hz"": 60.0, ""expected_visual_onset_lsl_timestamp"": 504149.9822319, ""expected_visual_onset_monotonic"": 504149.953, ""expected_visual_onset_uncertainty_ms"": 8.335319999605417, ""fixed_display_latency_ms"": 0.0, ""flip_lsl_timestamp"": 504149.9822319, ""flip_monotonic"": 504149.953, ""is_no_go"": false, ""lsl_timestamp"": 504149.9822319, ""marker_push_latency_ms"": 0.0, ""measured_refresh_rate_hz"": 59.98569941210048, ""photodiode_verification_enabled"": false, ""scheduled_on_flip"": true, ""shape"": ""circle"", ""timing_model"": ""psychopy_callOnFlip_plus_fixed_display_latency""}"
93,go_nogo_trial_complete,EVENT,504149.953,,"{""attention_challenge"": {""enabled"": false, ""expected_state"": ""normal"", ""is_cue_trial"": false}, ""button_press_count"": 1, ""commission_error"": 0, ""condition"": ""go"", ""correct"": true, ""correct_press"": 1, ""event_type_name"": ""go_nogo_trial_complete"", ""is_no_go"": false, ""omission_error"": 0, ""practice"": false, ""reaction_time_seconds"": 0.3961472999653779, ""schema_version"": 1, ""session_dir"": ""C:\\Users\\Surettej\\Documents\\Codespace\\eegle\\data\\participants\\sub-001-calibration\\sessions\\2026-07-14\\attention_lapse_go_nogo8_observe_only\\go_nogo\\run-20260714T125304"", ""source"": ""task.go_nogo"", ""stimulus_offset_lsl_timestamp"": 504149.9822319, ""stimulus_offset_monotonic"": 504149.953, ""stimulus_onset_lsl_timestamp"": 504149.1696297, ""stimulus_onset_monotonic"": 504149.14, ""task"": ""go_nogo""}"
94,go_nogo_stimulus_onset_94_go_triangle_yellow,EVENT,504150.687,,"{""color"": ""yellow"", ""expected_frame_interval_ms"": 16.670639999210835, ""expected_refresh_rate_hz"": 60.0, ""expected_visual_onset_lsl_timestamp"": 504150.7144485, ""expected_visual_onset_monotonic"": 504150.687, ""expected_visual_onset_uncertainty_ms"": 8.335319999605417, ""fixed_display_latency_ms"": 0.0, ""flip_lsl_timestamp"": 504150.7144485, ""flip_monotonic"": 504150.687, ""is_no_go"": false, ""lsl_timestamp"": 504150.7144485, ""marker_push_latency_ms"": 0.0, ""measured_refresh_rate_hz"": 59.98569941210048, ""photodiode_verification_enabled"": false, ""scheduled_on_flip"": true, ""shape"": ""triangle"", ""timing_model"": ""psychopy_callOnFlip_plus_fixed_display_latency""}"
94,button_press,EVENT,504151.0887062,space,"{""is_response_key"": true, ""lsl_timestamp"": 504151.11615470005, ""marker_push_latency_ms"": 0.0, ""rt_from_flip_seconds"": 0.40170620003482327, ""rt_seconds"": 0.40170620003482327}"
94,go_nogo_stimulus_offset_94_go_triangle_yellow,EVENT,504151.5,,"{""color"": ""yellow"", ""expected_frame_interval_ms"": 16.670639999210835, ""expected_refresh_rate_hz"": 60.0, ""expected_visual_onset_lsl_timestamp"": 504151.5228662, ""expected_visual_onset_monotonic"": 504151.5, ""expected_visual_onset_uncertainty_ms"": 8.335319999605417, ""fixed_display_latency_ms"": 0.0, ""flip_lsl_timestamp"": 504151.5228662, ""flip_monotonic"": 504151.5, ""is_no_go"": false, ""lsl_timestamp"": 504151.5228662, ""marker_push_latency_ms"": 0.0, ""measured_refresh_rate_hz"": 59.98569941210048, ""photodiode_verification_enabled"": false, ""scheduled_on_flip"": true, ""shape"": ""triangle"", ""timing_model"": ""psychopy_callOnFlip_plus_fixed_display_latency""}"
94,go_nogo_trial_complete,EVENT,504151.5,,"{""attention_challenge"": {""enabled"": false, ""expected_state"": ""normal"", ""is_cue_trial"": false}, ""button_press_count"": 1, ""commission_error"": 0, ""condition"": ""go"", ""correct"": true, ""correct_press"": 1, ""event_type_name"": ""go_nogo_trial_complete"", ""is_no_go"": false, ""omission_error"": 0, ""practice"": false, ""reaction_time_seconds"": 0.40170620003482327, ""schema_version"": 1, ""session_dir"": ""C:\\Users\\Surettej\\Documents\\Codespace\\eegle\\data\\participants\\sub-001-calibration\\sessions\\2026-07-14\\attention_lapse_go_nogo8_observe_only\\go_nogo\\run-20260714T125304"", ""source"": ""task.go_nogo"", ""stimulus_offset_lsl_timestamp"": 504151.5228662, ""stimulus_offset_monotonic"": 504151.5, ""stimulus_onset_lsl_timestamp"": 504150.7144485, ""stimulus_onset_monotonic"": 504150.687, ""task"": ""go_nogo""}"
95,go_nogo_stimulus_onset_95_nogo_x_white,EVENT,504152.234,,"{""color"": ""white"", ""expected_frame_interval_ms"": 16.670639999210835, ""expected_refresh_rate_hz"": 60.0, ""expected_visual_onset_lsl_timestamp"": 504152.2646208, ""expected_visual_onset_monotonic"": 504152.234, ""expected_visual_onset_uncertainty_ms"": 8.335319999605417, ""fixed_display_latency_ms"": 0.0, ""flip_lsl_timestamp"": 504152.2646208, ""flip_monotonic"": 504152.234, ""is_no_go"": true, ""lsl_timestamp"": 504152.2646208, ""marker_push_latency_ms"": 0.0, ""measured_refresh_rate_hz"": 59.98569941210048, ""photodiode_verification_enabled"": false, ""scheduled_on_flip"": true, ""shape"": ""x"", ""timing_model"": ""psychopy_callOnFlip_plus_fixed_display_latency""}"
95,go_nogo_stimulus_offset_95_nogo_x_white,EVENT,504153.062,,"{""color"": ""white"", ""expected_frame_interval_ms"": 16.670639999210835, ""expected_refresh_rate_hz"": 60.0, ""expected_visual_onset_lsl_timestamp"": 504153.083658, ""expected_visual_onset_monotonic"": 504153.062, ""expected_visual_onset_uncertainty_ms"": 8.335319999605417, ""fixed_display_latency_ms"": 0.0, ""flip_lsl_timestamp"": 504153.083658, ""flip_monotonic"": 504153.062, ""is_no_go"": true, ""lsl_timestamp"": 504153.083658, ""marker_push_latency_ms"": 0.0, ""measured_refresh_rate_hz"": 59.98569941210048, ""photodiode_verification_enabled"": false, ""scheduled_on_flip"": true, ""shape"": ""x"", ""timing_model"": ""psychopy_callOnFlip_plus_fixed_display_latency""}"
95,go_nogo_trial_complete,EVENT,504153.062,,"{""attention_challenge"": {""enabled"": false, ""expected_state"": ""normal"", ""is_cue_trial"": false}, ""button_press_count"": 0, ""commission_error"": 0, ""condition"": ""no_go"", ""correct"": true, ""correct_press"": 1, ""event_type_name"": ""go_nogo_trial_complete"", ""is_no_go"": true, ""omission_error"": 0, ""practice"": false, ""reaction_time_seconds"": null, ""schema_version"": 1, ""session_dir"": ""C:\\Users\\Surettej\\Documents\\Codespace\\eegle\\data\\participants\\sub-001-calibration\\sessions\\2026-07-14\\attention_lapse_go_nogo8_observe_only\\go_nogo\\run-20260714T125304"", ""source"": ""task.go_nogo"", ""stimulus_offset_lsl_timestamp"": 504153.083658, ""stimulus_offset_monotonic"": 504153.062, ""stimulus_onset_lsl_timestamp"": 504152.2646208, ""stimulus_onset_monotonic"": 504152.234, ""task"": ""go_nogo""}"
96,go_nogo_stimulus_onset_96_nogo_x_white,EVENT,504153.812,,"{""color"": ""white"", ""expected_frame_interval_ms"": 16.670639999210835, ""expected_refresh_rate_hz"": 60.0, ""expected_visual_onset_lsl_timestamp"": 504153.8338456, ""expected_visual_onset_monotonic"": 504153.812, ""expected_visual_onset_uncertainty_ms"": 8.335319999605417, ""fixed_display_latency_ms"": 0.0, ""flip_lsl_timestamp"": 504153.8338456, ""flip_monotonic"": 504153.812, ""is_no_go"": true, ""lsl_timestamp"": 504153.8338456, ""marker_push_latency_ms"": 0.0, ""measured_refresh_rate_hz"": 59.98569941210048, ""photodiode_verification_enabled"": false, ""scheduled_on_flip"": true, ""shape"": ""x"", ""timing_model"": ""psychopy_callOnFlip_plus_fixed_display_latency""}"
96,go_nogo_stimulus_offset_96_nogo_x_white,EVENT,504154.609,,"{""color"": ""white"", ""expected_frame_interval_ms"": 16.670639999210835, ""expected_refresh_rate_hz"": 60.0, ""expected_visual_onset_lsl_timestamp"": 504154.6426912, ""expected_visual_onset_monotonic"": 504154.609, ""expected_visual_onset_uncertainty_ms"": 8.335319999605417, ""fixed_display_latency_ms"": 0.0, ""flip_lsl_timestamp"": 504154.6426912, ""flip_monotonic"": 504154.609, ""is_no_go"": true, ""lsl_timestamp"": 504154.6426912, ""marker_push_latency_ms"": 0.0, ""measured_refresh_rate_hz"": 59.98569941210048, ""photodiode_verification_enabled"": false, ""scheduled_on_flip"": true, ""shape"": ""x"", ""timing_model"": ""psychopy_callOnFlip_plus_fixed_display_latency""}"
96,go_nogo_trial_complete,EVENT,504154.625,,"{""attention_challenge"": {""enabled"": false, ""expected_state"": ""normal"", ""is_cue_trial"": false}, ""button_press_count"": 0, ""commission_error"": 0, ""condition"": ""no_go"", ""correct"": true, ""correct_press"": 1, ""event_type_name"": ""go_nogo_trial_complete"", ""is_no_go"": true, ""omission_error"": 0, ""practice"": false, ""reaction_time_seconds"": null, ""schema_version"": 1, ""session_dir"": ""C:\\Users\\Surettej\\Documents\\Codespace\\eegle\\data\\participants\\sub-001-calibration\\sessions\\2026-07-14\\attention_lapse_go_nogo8_observe_only\\go_nogo\\run-20260714T125304"", ""source"": ""task.go_nogo"", ""stimulus_offset_lsl_timestamp"": 504154.6426912, ""stimulus_offset_monotonic"": 504154.609, ""stimulus_onset_lsl_timestamp"": 504153.8338456, ""stimulus_onset_monotonic"": 504153.812, ""task"": ""go_nogo""}"
97,go_nogo_stimulus_onset_97_go_triangle_magenta,EVENT,504155.343,,"{""color"": ""magenta"", ""expected_frame_interval_ms"": 16.670639999210835, ""expected_refresh_rate_hz"": 60.0, ""expected_visual_onset_lsl_timestamp"": 504155.3770867, ""expected_visual_onset_monotonic"": 504155.343, ""expected_visual_onset_uncertainty_ms"": 8.335319999605417, ""fixed_display_latency_ms"": 0.0, ""flip_lsl_timestamp"": 504155.3770867, ""flip_monotonic"": 504155.343, ""is_no_go"": false, ""lsl_timestamp"": 504155.3770867, ""marker_push_latency_ms"": 0.0, ""measured_refresh_rate_hz"": 59.98569941210048, ""photodiode_verification_enabled"": false, ""scheduled_on_flip"": true, ""shape"": ""triangle"", ""timing_model"": ""psychopy_callOnFlip_plus_fixed_display_latency""}"
97,button_press,EVENT,504155.6747861,space,"{""is_response_key"": true, ""lsl_timestamp"": 504155.7088728, ""marker_push_latency_ms"": 0.0, ""rt_from_flip_seconds"": 0.3317860999959521, ""rt_seconds"": 0.3317860999959521}"
97,go_nogo_stimulus_offset_97_go_triangle_magenta,EVENT,504156.156,,"{""color"": ""magenta"", ""expected_frame_interval_ms"": 16.670639999210835, ""expected_refresh_rate_hz"": 60.0, ""expected_visual_onset_lsl_timestamp"": 504156.1872851, ""expected_visual_onset_monotonic"": 504156.156, ""expected_visual_onset_uncertainty_ms"": 8.335319999605417, ""fixed_display_latency_ms"": 0.0, ""flip_lsl_timestamp"": 504156.1872851, ""flip_monotonic"": 504156.156, ""is_no_go"": false, ""lsl_timestamp"": 504156.1872851, ""marker_push_latency_ms"": 0.0, ""measured_refresh_rate_hz"": 59.98569941210048, ""photodiode_verification_enabled"": false, ""scheduled_on_flip"": true, ""shape"": ""triangle"", ""timing_model"": ""psychopy_callOnFlip_plus_fixed_display_latency""}"
97,go_nogo_trial_complete,EVENT,504156.171,,"{""attention_challenge"": {""enabled"": false, ""expected_state"": ""normal"", ""is_cue_trial"": false}, ""button_press_count"": 1, ""commission_error"": 0, ""condition"": ""go"", ""correct"": true, ""correct_press"": 1, ""event_type_name"": ""go_nogo_trial_complete"", ""is_no_go"": false, ""omission_error"": 0, ""practice"": false, ""reaction_time_seconds"": 0.3317860999959521, ""schema_version"": 1, ""session_dir"": ""C:\\Users\\Surettej\\Documents\\Codespace\\eegle\\data\\participants\\sub-001-calibration\\sessions\\2026-07-14\\attention_lapse_go_nogo8_observe_only\\go_nogo\\run-20260714T125304"", ""source"": ""task.go_nogo"", ""stimulus_offset_lsl_timestamp"": 504156.1872851, ""stimulus_offset_monotonic"": 504156.156, ""stimulus_onset_lsl_timestamp"": 504155.3770867, ""stimulus_onset_monotonic"": 504155.343, ""task"": ""go_nogo""}"
98,go_nogo_stimulus_onset_98_go_star_yellow,EVENT,504156.89,,"{""color"": ""yellow"", ""expected_frame_interval_ms"": 16.670639999210835, ""expected_refresh_rate_hz"": 60.0, ""expected_visual_onset_lsl_timestamp"": 504156.9214313, ""expected_visual_onset_monotonic"": 504156.89, ""expected_visual_onset_uncertainty_ms"": 8.335319999605417, ""fixed_display_latency_ms"": 0.0, ""flip_lsl_timestamp"": 504156.9214313, ""flip_monotonic"": 504156.89, ""is_no_go"": false, ""lsl_timestamp"": 504156.9214313, ""marker_push_latency_ms"": 0.0, ""measured_refresh_rate_hz"": 59.98569941210048, ""photodiode_verification_enabled"": false, ""scheduled_on_flip"": true, ""shape"": ""star"", ""timing_model"": ""psychopy_callOnFlip_plus_fixed_display_latency""}"
98,button_press,EVENT,504157.2307395,space,"{""is_response_key"": true, ""lsl_timestamp"": 504157.2621708, ""marker_push_latency_ms"": 0.0, ""rt_from_flip_seconds"": 0.3407395000103861, ""rt_seconds"": 0.3407395000103861}"
98,go_nogo_stimulus_offset_98_go_star_yellow,EVENT,504157.703,,"{""color"": ""yellow"", ""expected_frame_interval_ms"": 16.670639999210835, ""expected_refresh_rate_hz"": 60.0, ""expected_visual_onset_lsl_timestamp"": 504157.7295856, ""expected_visual_onset_monotonic"": 504157.703, ""expected_visual_onset_uncertainty_ms"": 8.335319999605417, ""fixed_display_latency_ms"": 0.0, ""flip_lsl_timestamp"": 504157.7295856, ""flip_monotonic"": 504157.703, ""is_no_go"": false, ""lsl_timestamp"": 504157.7295856, ""marker_push_latency_ms"": 0.0, ""measured_refresh_rate_hz"": 59.98569941210048, ""photodiode_verification_enabled"": false, ""scheduled_on_flip"": true, ""shape"": ""star"", ""timing_model"": ""psychopy_callOnFlip_plus_fixed_display_latency""}"
98,go_nogo_trial_complete,EVENT,504157.703,,"{""attention_challenge"": {""enabled"": false, ""expected_state"": ""normal"", ""is_cue_trial"": false}, ""button_press_count"": 1, ""commission_error"": 0, ""condition"": ""go"", ""correct"": true, ""correct_press"": 1, ""event_type_name"": ""go_nogo_trial_complete"", ""is_no_go"": false, ""omission_error"": 0, ""practice"": false, ""reaction_time_seconds"": 0.3407395000103861, ""schema_version"": 1, ""session_dir"": ""C:\\Users\\Surettej\\Documents\\Codespace\\eegle\\data\\participants\\sub-001-calibration\\sessions\\2026-07-14\\attention_lapse_go_nogo8_observe_only\\go_nogo\\run-20260714T125304"", ""source"": ""task.go_nogo"", ""stimulus_offset_lsl_timestamp"": 504157.7295856, ""stimulus_offset_monotonic"": 504157.703, ""stimulus_onset_lsl_timestamp"": 504156.9214313, ""stimulus_onset_monotonic"": 504156.89, ""task"": ""go_nogo""}"
99,go_nogo_stimulus_onset_99_go_triangle_blue,EVENT,504158.437,,"{""color"": ""blue"", ""expected_frame_interval_ms"": 16.670639999210835, ""expected_refresh_rate_hz"": 60.0, ""expected_visual_onset_lsl_timestamp"": 504158.4719821, ""expected_visual_onset_monotonic"": 504158.437, ""expected_visual_onset_uncertainty_ms"": 8.335319999605417, ""fixed_display_latency_ms"": 0.0, ""flip_lsl_timestamp"": 504158.4719821, ""flip_monotonic"": 504158.437, ""is_no_go"": false, ""lsl_timestamp"": 504158.4719821, ""marker_push_latency_ms"": 0.0, ""measured_refresh_rate_hz"": 59.98569941210048, ""photodiode_verification_enabled"": false, ""scheduled_on_flip"": true, ""shape"": ""triangle"", ""timing_model"": ""psychopy_callOnFlip_plus_fixed_display_latency""}"
99,button_press,EVENT,504158.7699196,space,"{""is_response_key"": true, ""lsl_timestamp"": 504158.8049017, ""marker_push_latency_ms"": 0.0, ""rt_from_flip_seconds"": 0.3329196000122465, ""rt_seconds"": 0.3329196000122465}"
99,go_nogo_stimulus_offset_99_go_triangle_blue,EVENT,504159.265,,"{""color"": ""blue"", ""expected_frame_interval_ms"": 16.670639999210835, ""expected_refresh_rate_hz"": 60.0, ""expected_visual_onset_lsl_timestamp"": 504159.2882076, ""expected_visual_onset_monotonic"": 504159.265, ""expected_visual_onset_uncertainty_ms"": 8.335319999605417, ""fixed_display_latency_ms"": 0.0, ""flip_lsl_timestamp"": 504159.2882076, ""flip_monotonic"": 504159.265, ""is_no_go"": false, ""lsl_timestamp"": 504159.2882076, ""marker_push_latency_ms"": 0.0, ""measured_refresh_rate_hz"": 59.98569941210048, ""photodiode_verification_enabled"": false, ""scheduled_on_flip"": true, ""shape"": ""triangle"", ""timing_model"": ""psychopy_callOnFlip_plus_fixed_display_latency""}"
99,go_nogo_trial_complete,EVENT,504159.265,,"{""attention_challenge"": {""enabled"": false, ""expected_state"": ""normal"", ""is_cue_trial"": false}, ""button_press_count"": 1, ""commission_error"": 0, ""condition"": ""go"", ""correct"": true, ""correct_press"": 1, ""event_type_name"": ""go_nogo_trial_complete"", ""is_no_go"": false, ""omission_error"": 0, ""practice"": false, ""reaction_time_seconds"": 0.3329196000122465, ""schema_version"": 1, ""session_dir"": ""C:\\Users\\Surettej\\Documents\\Codespace\\eegle\\data\\participants\\sub-001-calibration\\sessions\\2026-07-14\\attention_lapse_go_nogo8_observe_only\\go_nogo\\run-20260714T125304"", ""source"": ""task.go_nogo"", ""stimulus_offset_lsl_timestamp"": 504159.2882076, ""stimulus_offset_monotonic"": 504159.265, ""stimulus_onset_lsl_timestamp"": 504158.4719821, ""stimulus_onset_monotonic"": 504158.437, ""task"": ""go_nogo""}"
100,go_nogo_stimulus_onset_100_go_square_yellow,EVENT,504160.0,,"{""color"": ""yellow"", ""expected_frame_interval_ms"": 16.670639999210835, ""expected_refresh_rate_hz"": 60.0, ""expected_visual_onset_lsl_timestamp"": 504160.0240256, ""expected_visual_onset_monotonic"": 504160.0, ""expected_visual_onset_uncertainty_ms"": 8.335319999605417, ""fixed_display_latency_ms"": 0.0, ""flip_lsl_timestamp"": 504160.0240256, ""flip_monotonic"": 504160.0, ""is_no_go"": false, ""lsl_timestamp"": 504160.0240256, ""marker_push_latency_ms"": 0.0, ""measured_refresh_rate_hz"": 59.98569941210048, ""photodiode_verification_enabled"": false, ""scheduled_on_flip"": true, ""shape"": ""square"", ""timing_model"": ""psychopy_callOnFlip_plus_fixed_display_latency""}"
100,button_press,EVENT,504160.3401642,space,"{""is_response_key"": true, ""lsl_timestamp"": 504160.3641898, ""marker_push_latency_ms"": 0.0, ""rt_from_flip_seconds"": 0.34016419999534264, ""rt_seconds"": 0.34016419999534264}"
100,go_nogo_stimulus_offset_100_go_square_yellow,EVENT,504160.812,,"{""color"": ""yellow"", ""expected_frame_interval_ms"": 16.670639999210835, ""expected_refresh_rate_hz"": 60.0, ""expected_visual_onset_lsl_timestamp"": 504160.8341802, ""expected_visual_onset_monotonic"": 504160.812, ""expected_visual_onset_uncertainty_ms"": 8.335319999605417, ""fixed_display_latency_ms"": 0.0, ""flip_lsl_timestamp"": 504160.8341802, ""flip_monotonic"": 504160.812, ""is_no_go"": false, ""lsl_timestamp"": 504160.8341802, ""marker_push_latency_ms"": 0.0, ""measured_refresh_rate_hz"": 59.98569941210048, ""photodiode_verification_enabled"": false, ""scheduled_on_flip"": true, ""shape"": ""square"", ""timing_model"": ""psychopy_callOnFlip_plus_fixed_display_latency""}"
100,go_nogo_trial_complete,EVENT,504160.812,,"{""attention_challenge"": {""enabled"": false, ""expected_state"": ""normal"", ""is_cue_trial"": false}, ""button_press_count"": 1, ""commission_error"": 0, ""condition"": ""go"", ""correct"": true, ""correct_press"": 1, ""event_type_name"": ""go_nogo_trial_complete"", ""is_no_go"": false, ""omission_error"": 0, ""practice"": false, ""reaction_time_seconds"": 0.34016419999534264, ""schema_version"": 1, ""session_dir"": ""C:\\Users\\Surettej\\Documents\\Codespace\\eegle\\data\\participants\\sub-001-calibration\\sessions\\2026-07-14\\attention_lapse_go_nogo8_observe_only\\go_nogo\\run-20260714T125304"", ""source"": ""task.go_nogo"", ""stimulus_offset_lsl_timestamp"": 504160.8341802, ""stimulus_offset_monotonic"": 504160.812, ""stimulus_onset_lsl_timestamp"": 504160.0240256, ""stimulus_onset_monotonic"": 504160.0, ""task"": ""go_nogo""}"
101,go_nogo_stimulus_onset_101_go_hexagon_yellow,EVENT,504161.546,,"{""color"": ""yellow"", ""expected_frame_interval_ms"": 16.670639999210835, ""expected_refresh_rate_hz"": 60.0, ""expected_visual_onset_lsl_timestamp"": 504161.5708306, ""expected_visual_onset_monotonic"": 504161.546, ""expected_visual_onset_uncertainty_ms"": 8.335319999605417, ""fixed_display_latency_ms"": 0.0, ""flip_lsl_timestamp"": 504161.5708306, ""flip_monotonic"": 504161.546, ""is_no_go"": false, ""lsl_timestamp"": 504161.5708306, ""marker_push_latency_ms"": 0.0, ""measured_refresh_rate_hz"": 59.98569941210048, ""photodiode_verification_enabled"": false, ""scheduled_on_flip"": true, ""shape"": ""hexagon"", ""timing_model"": ""psychopy_callOnFlip_plus_fixed_display_latency""}"
101,button_press,EVENT,504161.83536679996,space,"{""is_response_key"": true, ""lsl_timestamp"": 504161.8601974, ""marker_push_latency_ms"": 0.0, ""rt_from_flip_seconds"": 0.2893667999887839, ""rt_seconds"": 0.2893667999887839}"
101,go_nogo_stimulus_offset_101_go_hexagon_yellow,EVENT,504162.343,,"{""color"": ""yellow"", ""expected_frame_interval_ms"": 16.670639999210835, ""expected_refresh_rate_hz"": 60.0, ""expected_visual_onset_lsl_timestamp"": 504162.378884, ""expected_visual_onset_monotonic"": 504162.343, ""expected_visual_onset_uncertainty_ms"": 8.335319999605417, ""fixed_display_latency_ms"": 0.0, ""flip_lsl_timestamp"": 504162.378884, ""flip_monotonic"": 504162.343, ""is_no_go"": false, ""lsl_timestamp"": 504162.378884, ""marker_push_latency_ms"": 0.0, ""measured_refresh_rate_hz"": 59.98569941210048, ""photodiode_verification_enabled"": false, ""scheduled_on_flip"": true, ""shape"": ""hexagon"", ""timing_model"": ""psychopy_callOnFlip_plus_fixed_display_latency""}"
101,go_nogo_trial_complete,EVENT,504162.359,,"{""attention_challenge"": {""enabled"": false, ""expected_state"": ""normal"", ""is_cue_trial"": false}, ""button_press_count"": 1, ""commission_error"": 0, ""condition"": ""go"", ""correct"": true, ""correct_press"": 1, ""event_type_name"": ""go_nogo_trial_complete"", ""is_no_go"": false, ""omission_error"": 0, ""practice"": false, ""reaction_time_seconds"": 0.2893667999887839, ""schema_version"": 1, ""session_dir"": ""C:\\Users\\Surettej\\Documents\\Codespace\\eegle\\data\\participants\\sub-001-calibration\\sessions\\2026-07-14\\attention_lapse_go_nogo8_observe_only\\go_nogo\\run-20260714T125304"", ""source"": ""task.go_nogo"", ""stimulus_offset_lsl_timestamp"": 504162.378884, ""stimulus_offset_monotonic"": 504162.343, ""stimulus_onset_lsl_timestamp"": 504161.5708306, ""stimulus_onset_monotonic"": 504161.546, ""task"": ""go_nogo""}"
102,go_nogo_stimulus_onset_102_go_triangle_red,EVENT,504163.093,,"{""color"": ""red"", ""expected_frame_interval_ms"": 16.670639999210835, ""expected_refresh_rate_hz"": 60.0, ""expected_visual_onset_lsl_timestamp"": 504163.121556, ""expected_visual_onset_monotonic"": 504163.093, ""expected_visual_onset_uncertainty_ms"": 8.335319999605417, ""fixed_display_latency_ms"": 0.0, ""flip_lsl_timestamp"": 504163.121556, ""flip_monotonic"": 504163.093, ""is_no_go"": false, ""lsl_timestamp"": 504163.121556, ""marker_push_latency_ms"": 0.0, ""measured_refresh_rate_hz"": 59.98569941210048, ""photodiode_verification_enabled"": false, ""scheduled_on_flip"": true, ""shape"": ""triangle"", ""timing_model"": ""psychopy_callOnFlip_plus_fixed_display_latency""}"
102,button_press,EVENT,504163.4876381,space,"{""is_response_key"": true, ""lsl_timestamp"": 504163.5161941, ""marker_push_latency_ms"": 0.0, ""rt_from_flip_seconds"": 0.39463809999870136, ""rt_seconds"": 0.39463809999870136}"
102,go_nogo_stimulus_offset_102_go_triangle_red,EVENT,504163.906,,"{""color"": ""red"", ""expected_frame_interval_ms"": 16.670639999210835, ""expected_refresh_rate_hz"": 60.0, ""expected_visual_onset_lsl_timestamp"": 504163.9304425, ""expected_visual_onset_monotonic"": 504163.906, ""expected_visual_onset_uncertainty_ms"": 8.335319999605417, ""fixed_display_latency_ms"": 0.0, ""flip_lsl_timestamp"": 504163.9304425, ""flip_monotonic"": 504163.906, ""is_no_go"": false, ""lsl_timestamp"": 504163.9304425, ""marker_push_latency_ms"": 0.0, ""measured_refresh_rate_hz"": 59.98569941210048, ""photodiode_verification_enabled"": false, ""scheduled_on_flip"": true, ""shape"": ""triangle"", ""timing_model"": ""psychopy_callOnFlip_plus_fixed_display_latency""}"
102,go_nogo_trial_complete,EVENT,504163.906,,"{""attention_challenge"": {""enabled"": false, ""expected_state"": ""normal"", ""is_cue_trial"": false}, ""button_press_count"": 1, ""commission_error"": 0, ""condition"": ""go"", ""correct"": true, ""correct_press"": 1, ""event_type_name"": ""go_nogo_trial_complete"", ""is_no_go"": false, ""omission_error"": 0, ""practice"": false, ""reaction_time_seconds"": 0.39463809999870136, ""schema_version"": 1, ""session_dir"": ""C:\\Users\\Surettej\\Documents\\Codespace\\eegle\\data\\participants\\sub-001-calibration\\sessions\\2026-07-14\\attention_lapse_go_nogo8_observe_only\\go_nogo\\run-20260714T125304"", ""source"": ""task.go_nogo"", ""stimulus_offset_lsl_timestamp"": 504163.9304425, ""stimulus_offset_monotonic"": 504163.906, ""stimulus_onset_lsl_timestamp"": 504163.121556, ""stimulus_onset_monotonic"": 504163.093, ""task"": ""go_nogo""}"
103,go_nogo_stimulus_onset_103_nogo_x_white,EVENT,504164.64,,"{""color"": ""white"", ""expected_frame_interval_ms"": 16.670639999210835, ""expected_refresh_rate_hz"": 60.0, ""expected_visual_onset_lsl_timestamp"": 504164.6736218, ""expected_visual_onset_monotonic"": 504164.64, ""expected_visual_onset_uncertainty_ms"": 8.335319999605417, ""fixed_display_latency_ms"": 0.0, ""flip_lsl_timestamp"": 504164.6736218, ""flip_monotonic"": 504164.64, ""is_no_go"": true, ""lsl_timestamp"": 504164.6736218, ""marker_push_latency_ms"": 0.0, ""measured_refresh_rate_hz"": 59.98569941210048, ""photodiode_verification_enabled"": false, ""scheduled_on_flip"": true, ""shape"": ""x"", ""timing_model"": ""psychopy_callOnFlip_plus_fixed_display_latency""}"
103,go_nogo_stimulus_offset_103_nogo_x_white,EVENT,504165.453,,"{""color"": ""white"", ""expected_frame_interval_ms"": 16.670639999210835, ""expected_refresh_rate_hz"": 60.0, ""expected_visual_onset_lsl_timestamp"": 504165.4836965, ""expected_visual_onset_monotonic"": 504165.453, ""expected_visual_onset_uncertainty_ms"": 8.335319999605417, ""fixed_display_latency_ms"": 0.0, ""flip_lsl_timestamp"": 504165.4836965, ""flip_monotonic"": 504165.453, ""is_no_go"": true, ""lsl_timestamp"": 504165.4836965, ""marker_push_latency_ms"": 0.0, ""measured_refresh_rate_hz"": 59.98569941210048, ""photodiode_verification_enabled"": false, ""scheduled_on_flip"": true, ""shape"": ""x"", ""timing_model"": ""psychopy_callOnFlip_plus_fixed_display_latency""}"
103,go_nogo_trial_complete,EVENT,504165.468,,"{""attention_challenge"": {""enabled"": false, ""expected_state"": ""normal"", ""is_cue_trial"": false}, ""button_press_count"": 0, ""commission_error"": 0, ""condition"": ""no_go"", ""correct"": true, ""correct_press"": 1, ""event_type_name"": ""go_nogo_trial_complete"", ""is_no_go"": true, ""omission_error"": 0, ""practice"": false, ""reaction_time_seconds"": null, ""schema_version"": 1, ""session_dir"": ""C:\\Users\\Surettej\\Documents\\Codespace\\eegle\\data\\participants\\sub-001-calibration\\sessions\\2026-07-14\\attention_lapse_go_nogo8_observe_only\\go_nogo\\run-20260714T125304"", ""source"": ""task.go_nogo"", ""stimulus_offset_lsl_timestamp"": 504165.4836965, ""stimulus_offset_monotonic"": 504165.453, ""stimulus_onset_lsl_timestamp"": 504164.6736218, ""stimulus_onset_monotonic"": 504164.64, ""task"": ""go_nogo""}"
104,go_nogo_stimulus_onset_104_go_square_magenta,EVENT,504166.187,,"{""color"": ""magenta"", ""expected_frame_interval_ms"": 16.670639999210835, ""expected_refresh_rate_hz"": 60.0, ""expected_visual_onset_lsl_timestamp"": 504166.219375, ""expected_visual_onset_monotonic"": 504166.187, ""expected_visual_onset_uncertainty_ms"": 8.335319999605417, ""fixed_display_latency_ms"": 0.0, ""flip_lsl_timestamp"": 504166.219375, ""flip_monotonic"": 504166.187, ""is_no_go"": false, ""lsl_timestamp"": 504166.219375, ""marker_push_latency_ms"": 0.0, ""measured_refresh_rate_hz"": 59.98569941210048, ""photodiode_verification_enabled"": false, ""scheduled_on_flip"": true, ""shape"": ""square"", ""timing_model"": ""psychopy_callOnFlip_plus_fixed_display_latency""}"
104,button_press,EVENT,504166.8537095,space,"{""is_response_key"": true, ""lsl_timestamp"": 504166.8860845, ""marker_push_latency_ms"": 0.0, ""rt_from_flip_seconds"": 0.6667095000157133, ""rt_seconds"": 0.6667095000157133}"
104,go_nogo_stimulus_offset_104_go_square_magenta,EVENT,504167.0,,"{""color"": ""magenta"", ""expected_frame_interval_ms"": 16.670639999210835, ""expected_refresh_rate_hz"": 60.0, ""expected_visual_onset_lsl_timestamp"": 504167.0293521, ""expected_visual_onset_monotonic"": 504167.0, ""expected_visual_onset_uncertainty_ms"": 8.335319999605417, ""fixed_display_latency_ms"": 0.0, ""flip_lsl_timestamp"": 504167.0293521, ""flip_monotonic"": 504167.0, ""is_no_go"": false, ""lsl_timestamp"": 504167.0293521, ""marker_push_latency_ms"": 0.0, ""measured_refresh_rate_hz"": 59.98569941210048, ""photodiode_verification_enabled"": false, ""scheduled_on_flip"": true, ""shape"": ""square"", ""timing_model"": ""psychopy_callOnFlip_plus_fixed_display_latency""}"
104,go_nogo_trial_complete,EVENT,504167.0,,"{""attention_challenge"": {""enabled"": false, ""expected_state"": ""normal"", ""is_cue_trial"": false}, ""button_press_count"": 1, ""commission_error"": 0, ""condition"": ""go"", ""correct"": true, ""correct_press"": 1, ""event_type_name"": ""go_nogo_trial_complete"", ""is_no_go"": false, ""omission_error"": 0, ""practice"": false, ""reaction_time_seconds"": 0.6667095000157133, ""schema_version"": 1, ""session_dir"": ""C:\\Users\\Surettej\\Documents\\Codespace\\eegle\\data\\participants\\sub-001-calibration\\sessions\\2026-07-14\\attention_lapse_go_nogo8_observe_only\\go_nogo\\run-20260714T125304"", ""source"": ""task.go_nogo"", ""stimulus_offset_lsl_timestamp"": 504167.0293521, ""stimulus_offset_monotonic"": 504167.0, ""stimulus_onset_lsl_timestamp"": 504166.219375, ""stimulus_onset_monotonic"": 504166.187, ""task"": ""go_nogo""}"
105,go_nogo_stimulus_onset_105_go_square_yellow,EVENT,504167.734,,"{""color"": ""yellow"", ""expected_frame_interval_ms"": 16.670639999210835, ""expected_refresh_rate_hz"": 60.0, ""expected_visual_onset_lsl_timestamp"": 504167.7637854, ""expected_visual_onset_monotonic"": 504167.734, ""expected_visual_onset_uncertainty_ms"": 8.335319999605417, ""fixed_display_latency_ms"": 0.0, ""flip_lsl_timestamp"": 504167.7637854, ""flip_monotonic"": 504167.734, ""is_no_go"": false, ""lsl_timestamp"": 504167.7637854, ""marker_push_latency_ms"": 0.0, ""measured_refresh_rate_hz"": 59.98569941210048, ""photodiode_verification_enabled"": false, ""scheduled_on_flip"": true, ""shape"": ""square"", ""timing_model"": ""psychopy_callOnFlip_plus_fixed_display_latency""}"
105,button_press,EVENT,504168.18235230003,space,"{""is_response_key"": true, ""lsl_timestamp"": 504168.21213770006, ""marker_push_latency_ms"": 0.0, ""rt_from_flip_seconds"": 0.44835230003809556, ""rt_seconds"": 0.44835230003809556}"
105,go_nogo_stimulus_offset_105_go_square_yellow,EVENT,504168.546,,"{""color"": ""yellow"", ""expected_frame_interval_ms"": 16.670639999210835, ""expected_refresh_rate_hz"": 60.0, ""expected_visual_onset_lsl_timestamp"": 504168.5722057, ""expected_visual_onset_monotonic"": 504168.546, ""expected_visual_onset_uncertainty_ms"": 8.335319999605417, ""fixed_display_latency_ms"": 0.0, ""flip_lsl_timestamp"": 504168.5722057, ""flip_monotonic"": 504168.546, ""is_no_go"": false, ""lsl_timestamp"": 504168.5722057, ""marker_push_latency_ms"": 0.0, ""measured_refresh_rate_hz"": 59.98569941210048, ""photodiode_verification_enabled"": false, ""scheduled_on_flip"": true, ""shape"": ""square"", ""timing_model"": ""psychopy_callOnFlip_plus_fixed_display_latency""}"
105,go_nogo_trial_complete,EVENT,504168.546,,"{""attention_challenge"": {""enabled"": false, ""expected_state"": ""normal"", ""is_cue_trial"": false}, ""button_press_count"": 1, ""commission_error"": 0, ""condition"": ""go"", ""correct"": true, ""correct_press"": 1, ""event_type_name"": ""go_nogo_trial_complete"", ""is_no_go"": false, ""omission_error"": 0, ""practice"": false, ""reaction_time_seconds"": 0.44835230003809556, ""schema_version"": 1, ""session_dir"": ""C:\\Users\\Surettej\\Documents\\Codespace\\eegle\\data\\participants\\sub-001-calibration\\sessions\\2026-07-14\\attention_lapse_go_nogo8_observe_only\\go_nogo\\run-20260714T125304"", ""source"": ""task.go_nogo"", ""stimulus_offset_lsl_timestamp"": 504168.5722057, ""stimulus_offset_monotonic"": 504168.546, ""stimulus_onset_lsl_timestamp"": 504167.7637854, ""stimulus_onset_monotonic"": 504167.734, ""task"": ""go_nogo""}"
106,go_nogo_stimulus_onset_106_go_square_red,EVENT,504169.281,,"{""color"": ""red"", ""expected_frame_interval_ms"": 16.670639999210835, ""expected_refresh_rate_hz"": 60.0, ""expected_visual_onset_lsl_timestamp"": 504169.3077027, ""expected_visual_onset_monotonic"": 504169.281, ""expected_visual_onset_uncertainty_ms"": 8.335319999605417, ""fixed_display_latency_ms"": 0.0, ""flip_lsl_timestamp"": 504169.3077027, ""flip_monotonic"": 504169.281, ""is_no_go"": false, ""lsl_timestamp"": 504169.3077027, ""marker_push_latency_ms"": 0.0, ""measured_refresh_rate_hz"": 59.98569941210048, ""photodiode_verification_enabled"": false, ""scheduled_on_flip"": true, ""shape"": ""square"", ""timing_model"": ""psychopy_callOnFlip_plus_fixed_display_latency""}"
106,button_press,EVENT,504169.6666795,space,"{""is_response_key"": true, ""lsl_timestamp"": 504169.6933822, ""marker_push_latency_ms"": 0.0, ""rt_from_flip_seconds"": 0.38567950000287965, ""rt_seconds"": 0.38567950000287965}"
106,go_nogo_stimulus_offset_106_go_square_red,EVENT,504170.093,,"{""color"": ""red"", ""expected_frame_interval_ms"": 16.670639999210835, ""expected_refresh_rate_hz"": 60.0, ""expected_visual_onset_lsl_timestamp"": 504170.1246814, ""expected_visual_onset_monotonic"": 504170.093, ""expected_visual_onset_uncertainty_ms"": 8.335319999605417, ""fixed_display_latency_ms"": 0.0, ""flip_lsl_timestamp"": 504170.1246814, ""flip_monotonic"": 504170.093, ""is_no_go"": false, ""lsl_timestamp"": 504170.1246814, ""marker_push_latency_ms"": 0.0, ""measured_refresh_rate_hz"": 59.98569941210048, ""photodiode_verification_enabled"": false, ""scheduled_on_flip"": true, ""shape"": ""square"", ""timing_model"": ""psychopy_callOnFlip_plus_fixed_display_latency""}"
106,go_nogo_trial_complete,EVENT,504170.109,,"{""attention_challenge"": {""enabled"": false, ""expected_state"": ""normal"", ""is_cue_trial"": false}, ""button_press_count"": 1, ""commission_error"": 0, ""condition"": ""go"", ""correct"": true, ""correct_press"": 1, ""event_type_name"": ""go_nogo_trial_complete"", ""is_no_go"": false, ""omission_error"": 0, ""practice"": false, ""reaction_time_seconds"": 0.38567950000287965, ""schema_version"": 1, ""session_dir"": ""C:\\Users\\Surettej\\Documents\\Codespace\\eegle\\data\\participants\\sub-001-calibration\\sessions\\2026-07-14\\attention_lapse_go_nogo8_observe_only\\go_nogo\\run-20260714T125304"", ""source"": ""task.go_nogo"", ""stimulus_offset_lsl_timestamp"": 504170.1246814, ""stimulus_offset_monotonic"": 504170.093, ""stimulus_onset_lsl_timestamp"": 504169.3077027, ""stimulus_onset_monotonic"": 504169.281, ""task"": ""go_nogo""}"
107,go_nogo_stimulus_onset_107_go_star_green,EVENT,504170.828,,"{""color"": ""green"", ""expected_frame_interval_ms"": 16.670639999210835, ""expected_refresh_rate_hz"": 60.0, ""expected_visual_onset_lsl_timestamp"": 504170.8599053, ""expected_visual_onset_monotonic"": 504170.828, ""expected_visual_onset_uncertainty_ms"": 8.335319999605417, ""fixed_display_latency_ms"": 0.0, ""flip_lsl_timestamp"": 504170.8599053, ""flip_monotonic"": 504170.828, ""is_no_go"": false, ""lsl_timestamp"": 504170.8599053, ""marker_push_latency_ms"": 0.0, ""measured_refresh_rate_hz"": 59.98569941210048, ""photodiode_verification_enabled"": false, ""scheduled_on_flip"": true, ""shape"": ""star"", ""timing_model"": ""psychopy_callOnFlip_plus_fixed_display_latency""}"
107,button_press,EVENT,504171.3333996,space,"{""is_response_key"": true, ""lsl_timestamp"": 504171.36530490004, ""marker_push_latency_ms"": 0.0, ""rt_from_flip_seconds"": 0.5053996000206098, ""rt_seconds"": 0.5053996000206098}"
107,go_nogo_stimulus_offset_107_go_star_green,EVENT,504171.64,,"{""color"": ""green"", ""expected_frame_interval_ms"": 16.670639999210835, ""expected_refresh_rate_hz"": 60.0, ""expected_visual_onset_lsl_timestamp"": 504171.669496, ""expected_visual_onset_monotonic"": 504171.64, ""expected_visual_onset_uncertainty_ms"": 8.335319999605417, ""fixed_display_latency_ms"": 0.0, ""flip_lsl_timestamp"": 504171.669496, ""flip_monotonic"": 504171.64, ""is_no_go"": false, ""lsl_timestamp"": 504171.669496, ""marker_push_latency_ms"": 0.0, ""measured_refresh_rate_hz"": 59.98569941210048, ""photodiode_verification_enabled"": false, ""scheduled_on_flip"": true, ""shape"": ""star"", ""timing_model"": ""psychopy_callOnFlip_plus_fixed_display_latency""}"
107,go_nogo_trial_complete,EVENT,504171.656,,"{""attention_challenge"": {""enabled"": false, ""expected_state"": ""normal"", ""is_cue_trial"": false}, ""button_press_count"": 1, ""commission_error"": 0, ""condition"": ""go"", ""correct"": true, ""correct_press"": 1, ""event_type_name"": ""go_nogo_trial_complete"", ""is_no_go"": false, ""omission_error"": 0, ""practice"": false, ""reaction_time_seconds"": 0.5053996000206098, ""schema_version"": 1, ""session_dir"": ""C:\\Users\\Surettej\\Documents\\Codespace\\eegle\\data\\participants\\sub-001-calibration\\sessions\\2026-07-14\\attention_lapse_go_nogo8_observe_only\\go_nogo\\run-20260714T125304"", ""source"": ""task.go_nogo"", ""stimulus_offset_lsl_timestamp"": 504171.669496, ""stimulus_offset_monotonic"": 504171.64, ""stimulus_onset_lsl_timestamp"": 504170.8599053, ""stimulus_onset_monotonic"": 504170.828, ""task"": ""go_nogo""}"
108,go_nogo_stimulus_onset_108_go_square_green,EVENT,504172.39,,"{""color"": ""green"", ""expected_frame_interval_ms"": 16.670639999210835, ""expected_refresh_rate_hz"": 60.0, ""expected_visual_onset_lsl_timestamp"": 504172.4127663, ""expected_visual_onset_monotonic"": 504172.39, ""expected_visual_onset_uncertainty_ms"": 8.335319999605417, ""fixed_display_latency_ms"": 0.0, ""flip_lsl_timestamp"": 504172.4127663, ""flip_monotonic"": 504172.39, ""is_no_go"": false, ""lsl_timestamp"": 504172.4127663, ""marker_push_latency_ms"": 0.0, ""measured_refresh_rate_hz"": 59.98569941210048, ""photodiode_verification_enabled"": false, ""scheduled_on_flip"": true, ""shape"": ""square"", ""timing_model"": ""psychopy_callOnFlip_plus_fixed_display_latency""}"
108,button_press,EVENT,504172.71192910004,space,"{""is_response_key"": true, ""lsl_timestamp"": 504172.73469540005, ""marker_push_latency_ms"": 0.0, ""rt_from_flip_seconds"": 0.32192910002777353, ""rt_seconds"": 0.32192910002777353}"
108,go_nogo_stimulus_offset_108_go_square_green,EVENT,504173.187,,"{""color"": ""green"", ""expected_frame_interval_ms"": 16.670639999210835, ""expected_refresh_rate_hz"": 60.0, ""expected_visual_onset_lsl_timestamp"": 504173.2205804, ""expected_visual_onset_monotonic"": 504173.187, ""expected_visual_onset_uncertainty_ms"": 8.335319999605417, ""fixed_display_latency_ms"": 0.0, ""flip_lsl_timestamp"": 504173.2205804, ""flip_monotonic"": 504173.187, ""is_no_go"": false, ""lsl_timestamp"": 504173.2205804, ""marker_push_latency_ms"": 0.0, ""measured_refresh_rate_hz"": 59.98569941210048, ""photodiode_verification_enabled"": false, ""scheduled_on_flip"": true, ""shape"": ""square"", ""timing_model"": ""psychopy_callOnFlip_plus_fixed_display_latency""}"
108,go_nogo_trial_complete,EVENT,504173.203,,"{""attention_challenge"": {""enabled"": false, ""expected_state"": ""normal"", ""is_cue_trial"": false}, ""button_press_count"": 1, ""commission_error"": 0, ""condition"": ""go"", ""correct"": true, ""correct_press"": 1, ""event_type_name"": ""go_nogo_trial_complete"", ""is_no_go"": false, ""omission_error"": 0, ""practice"": false, ""reaction_time_seconds"": 0.32192910002777353, ""schema_version"": 1, ""session_dir"": ""C:\\Users\\Surettej\\Documents\\Codespace\\eegle\\data\\participants\\sub-001-calibration\\sessions\\2026-07-14\\attention_lapse_go_nogo8_observe_only\\go_nogo\\run-20260714T125304"", ""source"": ""task.go_nogo"", ""stimulus_offset_lsl_timestamp"": 504173.2205804, ""stimulus_offset_monotonic"": 504173.187, ""stimulus_onset_lsl_timestamp"": 504172.4127663, ""stimulus_onset_monotonic"": 504172.39, ""task"": ""go_nogo""}"
109,go_nogo_stimulus_onset_109_go_star_red,EVENT,504173.921,,"{""color"": ""red"", ""expected_frame_interval_ms"": 16.670639999210835, ""expected_refresh_rate_hz"": 60.0, ""expected_visual_onset_lsl_timestamp"": 504173.9573356, ""expected_visual_onset_monotonic"": 504173.921, ""expected_visual_onset_uncertainty_ms"": 8.335319999605417, ""fixed_display_latency_ms"": 0.0, ""flip_lsl_timestamp"": 504173.9573356, ""flip_monotonic"": 504173.921, ""is_no_go"": false, ""lsl_timestamp"": 504173.9573356, ""marker_push_latency_ms"": 0.0, ""measured_refresh_rate_hz"": 59.98569941210048, ""photodiode_verification_enabled"": false, ""scheduled_on_flip"": true, ""shape"": ""star"", ""timing_model"": ""psychopy_callOnFlip_plus_fixed_display_latency""}"
109,button_press,EVENT,504174.30613989994,space,"{""is_response_key"": true, ""lsl_timestamp"": 504174.34247549996, ""marker_push_latency_ms"": 0.0, ""rt_from_flip_seconds"": 0.3851398999686353, ""rt_seconds"": 0.3851398999686353}"
109,go_nogo_stimulus_offset_109_go_star_red,EVENT,504174.75,,"{""color"": ""red"", ""expected_frame_interval_ms"": 16.670639999210835, ""expected_refresh_rate_hz"": 60.0, ""expected_visual_onset_lsl_timestamp"": 504174.7767986, ""expected_visual_onset_monotonic"": 504174.75, ""expected_visual_onset_uncertainty_ms"": 8.335319999605417, ""fixed_display_latency_ms"": 0.0, ""flip_lsl_timestamp"": 504174.7767986, ""flip_monotonic"": 504174.75, ""is_no_go"": false, ""lsl_timestamp"": 504174.7767986, ""marker_push_latency_ms"": 0.0, ""measured_refresh_rate_hz"": 59.98569941210048, ""photodiode_verification_enabled"": false, ""scheduled_on_flip"": true, ""shape"": ""star"", ""timing_model"": ""psychopy_callOnFlip_plus_fixed_display_latency""}"
109,go_nogo_trial_complete,EVENT,504174.75,,"{""attention_challenge"": {""enabled"": false, ""expected_state"": ""normal"", ""is_cue_trial"": false}, ""button_press_count"": 1, ""commission_error"": 0, ""condition"": ""go"", ""correct"": true, ""correct_press"": 1, ""event_type_name"": ""go_nogo_trial_complete"", ""is_no_go"": false, ""omission_error"": 0, ""practice"": false, ""reaction_time_seconds"": 0.3851398999686353, ""schema_version"": 1, ""session_dir"": ""C:\\Users\\Surettej\\Documents\\Codespace\\eegle\\data\\participants\\sub-001-calibration\\sessions\\2026-07-14\\attention_lapse_go_nogo8_observe_only\\go_nogo\\run-20260714T125304"", ""source"": ""task.go_nogo"", ""stimulus_offset_lsl_timestamp"": 504174.7767986, ""stimulus_offset_monotonic"": 504174.75, ""stimulus_onset_lsl_timestamp"": 504173.9573356, ""stimulus_onset_monotonic"": 504173.921, ""task"": ""go_nogo""}"
110,go_nogo_stimulus_onset_110_nogo_x_white,EVENT,504175.5,,"{""color"": ""white"", ""expected_frame_interval_ms"": 16.670639999210835, ""expected_refresh_rate_hz"": 60.0, ""expected_visual_onset_lsl_timestamp"": 504175.526952, ""expected_visual_onset_monotonic"": 504175.5, ""expected_visual_onset_uncertainty_ms"": 8.335319999605417, ""fixed_display_latency_ms"": 0.0, ""flip_lsl_timestamp"": 504175.526952, ""flip_monotonic"": 504175.5, ""is_no_go"": true, ""lsl_timestamp"": 504175.526952, ""marker_push_latency_ms"": 0.0, ""measured_refresh_rate_hz"": 59.98569941210048, ""photodiode_verification_enabled"": false, ""scheduled_on_flip"": true, ""shape"": ""x"", ""timing_model"": ""psychopy_callOnFlip_plus_fixed_display_latency""}"
110,go_nogo_stimulus_offset_110_nogo_x_white,EVENT,504176.312,,"{""color"": ""white"", ""expected_frame_interval_ms"": 16.670639999210835, ""expected_refresh_rate_hz"": 60.0, ""expected_visual_onset_lsl_timestamp"": 504176.3441346, ""expected_visual_onset_monotonic"": 504176.312, ""expected_visual_onset_uncertainty_ms"": 8.335319999605417, ""fixed_display_latency_ms"": 0.0, ""flip_lsl_timestamp"": 504176.3441346, ""flip_monotonic"": 504176.312, ""is_no_go"": true, ""lsl_timestamp"": 504176.3441346, ""marker_push_latency_ms"": 0.0, ""measured_refresh_rate_hz"": 59.98569941210048, ""photodiode_verification_enabled"": false, ""scheduled_on_flip"": true, ""shape"": ""x"", ""timing_model"": ""psychopy_callOnFlip_plus_fixed_display_latency""}"
110,go_nogo_trial_complete,EVENT,504176.328,,"{""attention_challenge"": {""enabled"": false, ""expected_state"": ""normal"", ""is_cue_trial"": false}, ""button_press_count"": 0, ""commission_error"": 0, ""condition"": ""no_go"", ""correct"": true, ""correct_press"": 1, ""event_type_name"": ""go_nogo_trial_complete"", ""is_no_go"": true, ""omission_error"": 0, ""practice"": false, ""reaction_time_seconds"": null, ""schema_version"": 1, ""session_dir"": ""C:\\Users\\Surettej\\Documents\\Codespace\\eegle\\data\\participants\\sub-001-calibration\\sessions\\2026-07-14\\attention_lapse_go_nogo8_observe_only\\go_nogo\\run-20260714T125304"", ""source"": ""task.go_nogo"", ""stimulus_offset_lsl_timestamp"": 504176.3441346, ""stimulus_offset_monotonic"": 504176.312, ""stimulus_onset_lsl_timestamp"": 504175.526952, ""stimulus_onset_monotonic"": 504175.5, ""task"": ""go_nogo""}"
111,go_nogo_stimulus_onset_111_nogo_x_white,EVENT,504177.062,,"{""color"": ""white"", ""expected_frame_interval_ms"": 16.670639999210835, ""expected_refresh_rate_hz"": 60.0, ""expected_visual_onset_lsl_timestamp"": 504177.0865877, ""expected_visual_onset_monotonic"": 504177.062, ""expected_visual_onset_uncertainty_ms"": 8.335319999605417, ""fixed_display_latency_ms"": 0.0, ""flip_lsl_timestamp"": 504177.0865877, ""flip_monotonic"": 504177.062, ""is_no_go"": true, ""lsl_timestamp"": 504177.0865877, ""marker_push_latency_ms"": 0.0, ""measured_refresh_rate_hz"": 59.98569941210048, ""photodiode_verification_enabled"": false, ""scheduled_on_flip"": true, ""shape"": ""x"", ""timing_model"": ""psychopy_callOnFlip_plus_fixed_display_latency""}"
111,go_nogo_stimulus_offset_111_nogo_x_white,EVENT,504177.875,,"{""color"": ""white"", ""expected_frame_interval_ms"": 16.670639999210835, ""expected_refresh_rate_hz"": 60.0, ""expected_visual_onset_lsl_timestamp"": 504177.8963526, ""expected_visual_onset_monotonic"": 504177.875, ""expected_visual_onset_uncertainty_ms"": 8.335319999605417, ""fixed_display_latency_ms"": 0.0, ""flip_lsl_timestamp"": 504177.8963526, ""flip_monotonic"": 504177.875, ""is_no_go"": true, ""lsl_timestamp"": 504177.8963526, ""marker_push_latency_ms"": 0.0, ""measured_refresh_rate_hz"": 59.98569941210048, ""photodiode_verification_enabled"": false, ""scheduled_on_flip"": true, ""shape"": ""x"", ""timing_model"": ""psychopy_callOnFlip_plus_fixed_display_latency""}"
111,go_nogo_trial_complete,EVENT,504177.875,,"{""attention_challenge"": {""enabled"": false, ""expected_state"": ""normal"", ""is_cue_trial"": false}, ""button_press_count"": 0, ""commission_error"": 0, ""condition"": ""no_go"", ""correct"": true, ""correct_press"": 1, ""event_type_name"": ""go_nogo_trial_complete"", ""is_no_go"": true, ""omission_error"": 0, ""practice"": false, ""reaction_time_seconds"": null, ""schema_version"": 1, ""session_dir"": ""C:\\Users\\Surettej\\Documents\\Codespace\\eegle\\data\\participants\\sub-001-calibration\\sessions\\2026-07-14\\attention_lapse_go_nogo8_observe_only\\go_nogo\\run-20260714T125304"", ""source"": ""task.go_nogo"", ""stimulus_offset_lsl_timestamp"": 504177.8963526, ""stimulus_offset_monotonic"": 504177.875, ""stimulus_onset_lsl_timestamp"": 504177.0865877, ""stimulus_onset_monotonic"": 504177.062, ""task"": ""go_nogo""}"
112,go_nogo_stimulus_onset_112_go_square_magenta,EVENT,504178.593,,"{""color"": ""magenta"", ""expected_frame_interval_ms"": 16.670639999210835, ""expected_refresh_rate_hz"": 60.0, ""expected_visual_onset_lsl_timestamp"": 504178.6303011, ""expected_visual_onset_monotonic"": 504178.593, ""expected_visual_onset_uncertainty_ms"": 8.335319999605417, ""fixed_display_latency_ms"": 0.0, ""flip_lsl_timestamp"": 504178.6303011, ""flip_monotonic"": 504178.593, ""is_no_go"": false, ""lsl_timestamp"": 504178.6303011, ""marker_push_latency_ms"": 0.0, ""measured_refresh_rate_hz"": 59.98569941210048, ""photodiode_verification_enabled"": false, ""scheduled_on_flip"": true, ""shape"": ""square"", ""timing_model"": ""psychopy_callOnFlip_plus_fixed_display_latency""}"
112,go_nogo_stimulus_offset_112_go_square_magenta,EVENT,504179.406,,"{""color"": ""magenta"", ""expected_frame_interval_ms"": 16.670639999210835, ""expected_refresh_rate_hz"": 60.0, ""expected_visual_onset_lsl_timestamp"": 504179.4399576, ""expected_visual_onset_monotonic"": 504179.406, ""expected_visual_onset_uncertainty_ms"": 8.335319999605417, ""fixed_display_latency_ms"": 0.0, ""flip_lsl_timestamp"": 504179.4399576, ""flip_monotonic"": 504179.406, ""is_no_go"": false, ""lsl_timestamp"": 504179.4399576, ""marker_push_latency_ms"": 0.0, ""measured_refresh_rate_hz"": 59.98569941210048, ""photodiode_verification_enabled"": false, ""scheduled_on_flip"": true, ""shape"": ""square"", ""timing_model"": ""psychopy_callOnFlip_plus_fixed_display_latency""}"
112,go_nogo_trial_complete,EVENT,504179.421,,"{""attention_challenge"": {""enabled"": false, ""expected_state"": ""normal"", ""is_cue_trial"": false}, ""button_press_count"": 0, ""commission_error"": 0, ""condition"": ""go"", ""correct"": false, ""correct_press"": 0, ""event_type_name"": ""go_nogo_trial_complete"", ""is_no_go"": false, ""omission_error"": 1, ""practice"": false, ""reaction_time_seconds"": null, ""schema_version"": 1, ""session_dir"": ""C:\\Users\\Surettej\\Documents\\Codespace\\eegle\\data\\participants\\sub-001-calibration\\sessions\\2026-07-14\\attention_lapse_go_nogo8_observe_only\\go_nogo\\run-20260714T125304"", ""source"": ""task.go_nogo"", ""stimulus_offset_lsl_timestamp"": 504179.4399576, ""stimulus_offset_monotonic"": 504179.406, ""stimulus_onset_lsl_timestamp"": 504178.6303011, ""stimulus_onset_monotonic"": 504178.593, ""task"": ""go_nogo""}"
113,go_nogo_stimulus_onset_113_go_circle_yellow,EVENT,504180.171,,"{""color"": ""yellow"", ""expected_frame_interval_ms"": 16.670639999210835, ""expected_refresh_rate_hz"": 60.0, ""expected_visual_onset_lsl_timestamp"": 504180.1941823, ""expected_visual_onset_monotonic"": 504180.171, ""expected_visual_onset_uncertainty_ms"": 8.335319999605417, ""fixed_display_latency_ms"": 0.0, ""flip_lsl_timestamp"": 504180.1941823, ""flip_monotonic"": 504180.171, ""is_no_go"": false, ""lsl_timestamp"": 504180.1941823, ""marker_push_latency_ms"": 0.0, ""measured_refresh_rate_hz"": 59.98569941210048, ""photodiode_verification_enabled"": false, ""scheduled_on_flip"": true, ""shape"": ""circle"", ""timing_model"": ""psychopy_callOnFlip_plus_fixed_display_latency""}"
113,button_press,EVENT,504180.51950759994,space,"{""is_response_key"": true, ""lsl_timestamp"": 504180.5426899, ""marker_push_latency_ms"": 0.0, ""rt_from_flip_seconds"": 0.3485075999633409, ""rt_seconds"": 0.3485075999633409}"
113,go_nogo_stimulus_offset_113_go_circle_yellow,EVENT,504180.968,,"{""color"": ""yellow"", ""expected_frame_interval_ms"": 16.670639999210835, ""expected_refresh_rate_hz"": 60.0, ""expected_visual_onset_lsl_timestamp"": 504181.0040562, ""expected_visual_onset_monotonic"": 504180.968, ""expected_visual_onset_uncertainty_ms"": 8.335319999605417, ""fixed_display_latency_ms"": 0.0, ""flip_lsl_timestamp"": 504181.0040562, ""flip_monotonic"": 504180.968, ""is_no_go"": false, ""lsl_timestamp"": 504181.0040562, ""marker_push_latency_ms"": 0.0, ""measured_refresh_rate_hz"": 59.98569941210048, ""photodiode_verification_enabled"": false, ""scheduled_on_flip"": true, ""shape"": ""circle"", ""timing_model"": ""psychopy_callOnFlip_plus_fixed_display_latency""}"
113,go_nogo_trial_complete,EVENT,504180.984,,"{""attention_challenge"": {""enabled"": false, ""expected_state"": ""normal"", ""is_cue_trial"": false}, ""button_press_count"": 1, ""commission_error"": 0, ""condition"": ""go"", ""correct"": true, ""correct_press"": 1, ""event_type_name"": ""go_nogo_trial_complete"", ""is_no_go"": false, ""omission_error"": 0, ""practice"": false, ""reaction_time_seconds"": 0.3485075999633409, ""schema_version"": 1, ""session_dir"": ""C:\\Users\\Surettej\\Documents\\Codespace\\eegle\\data\\participants\\sub-001-calibration\\sessions\\2026-07-14\\attention_lapse_go_nogo8_observe_only\\go_nogo\\run-20260714T125304"", ""source"": ""task.go_nogo"", ""stimulus_offset_lsl_timestamp"": 504181.0040562, ""stimulus_offset_monotonic"": 504180.968, ""stimulus_onset_lsl_timestamp"": 504180.1941823, ""stimulus_onset_monotonic"": 504180.171, ""task"": ""go_nogo""}"
114,go_nogo_stimulus_onset_114_go_square_magenta,EVENT,504181.718,,"{""color"": ""magenta"", ""expected_frame_interval_ms"": 16.670639999210835, ""expected_refresh_rate_hz"": 60.0, ""expected_visual_onset_lsl_timestamp"": 504181.7397592, ""expected_visual_onset_monotonic"": 504181.718, ""expected_visual_onset_uncertainty_ms"": 8.335319999605417, ""fixed_display_latency_ms"": 0.0, ""flip_lsl_timestamp"": 504181.7397592, ""flip_monotonic"": 504181.718, ""is_no_go"": false, ""lsl_timestamp"": 504181.7397592, ""marker_push_latency_ms"": 0.0, ""measured_refresh_rate_hz"": 59.98569941210048, ""photodiode_verification_enabled"": false, ""scheduled_on_flip"": true, ""shape"": ""square"", ""timing_model"": ""psychopy_callOnFlip_plus_fixed_display_latency""}"
114,button_press,EVENT,504182.1032763,space,"{""is_response_key"": true, ""lsl_timestamp"": 504182.12503550004, ""marker_push_latency_ms"": 0.0, ""rt_from_flip_seconds"": 0.38527630001772195, ""rt_seconds"": 0.38527630001772195}"
114,go_nogo_stimulus_offset_114_go_square_magenta,EVENT,504182.515,,"{""color"": ""magenta"", ""expected_frame_interval_ms"": 16.670639999210835, ""expected_refresh_rate_hz"": 60.0, ""expected_visual_onset_lsl_timestamp"": 504182.549034, ""expected_visual_onset_monotonic"": 504182.515, ""expected_visual_onset_uncertainty_ms"": 8.335319999605417, ""fixed_display_latency_ms"": 0.0, ""flip_lsl_timestamp"": 504182.549034, ""flip_monotonic"": 504182.515, ""is_no_go"": false, ""lsl_timestamp"": 504182.549034, ""marker_push_latency_ms"": 0.0, ""measured_refresh_rate_hz"": 59.98569941210048, ""photodiode_verification_enabled"": false, ""scheduled_on_flip"": true, ""shape"": ""square"", ""timing_model"": ""psychopy_callOnFlip_plus_fixed_display_latency""}"
114,go_nogo_trial_complete,EVENT,504182.531,,"{""attention_challenge"": {""enabled"": false, ""expected_state"": ""normal"", ""is_cue_trial"": false}, ""button_press_count"": 1, ""commission_error"": 0, ""condition"": ""go"", ""correct"": true, ""correct_press"": 1, ""event_type_name"": ""go_nogo_trial_complete"", ""is_no_go"": false, ""omission_error"": 0, ""practice"": false, ""reaction_time_seconds"": 0.38527630001772195, ""schema_version"": 1, ""session_dir"": ""C:\\Users\\Surettej\\Documents\\Codespace\\eegle\\data\\participants\\sub-001-calibration\\sessions\\2026-07-14\\attention_lapse_go_nogo8_observe_only\\go_nogo\\run-20260714T125304"", ""source"": ""task.go_nogo"", ""stimulus_offset_lsl_timestamp"": 504182.549034, ""stimulus_offset_monotonic"": 504182.515, ""stimulus_onset_lsl_timestamp"": 504181.7397592, ""stimulus_onset_monotonic"": 504181.718, ""task"": ""go_nogo""}"
115,go_nogo_stimulus_onset_115_go_hexagon_green,EVENT,504183.265,,"{""color"": ""green"", ""expected_frame_interval_ms"": 16.670639999210835, ""expected_refresh_rate_hz"": 60.0, ""expected_visual_onset_lsl_timestamp"": 504183.2973341, ""expected_visual_onset_monotonic"": 504183.265, ""expected_visual_onset_uncertainty_ms"": 8.335319999605417, ""fixed_display_latency_ms"": 0.0, ""flip_lsl_timestamp"": 504183.2973341, ""flip_monotonic"": 504183.265, ""is_no_go"": false, ""lsl_timestamp"": 504183.2973341, ""marker_push_latency_ms"": 0.0, ""measured_refresh_rate_hz"": 59.98569941210048, ""photodiode_verification_enabled"": false, ""scheduled_on_flip"": true, ""shape"": ""hexagon"", ""timing_model"": ""psychopy_callOnFlip_plus_fixed_display_latency""}"
115,button_press,EVENT,504183.62095340004,space,"{""is_response_key"": true, ""lsl_timestamp"": 504183.6532875, ""marker_push_latency_ms"": 0.0, ""rt_from_flip_seconds"": 0.3559534000232816, ""rt_seconds"": 0.3559534000232816}"
115,go_nogo_stimulus_offset_115_go_hexagon_green,EVENT,504184.078,,"{""color"": ""green"", ""expected_frame_interval_ms"": 16.670639999210835, ""expected_refresh_rate_hz"": 60.0, ""expected_visual_onset_lsl_timestamp"": 504184.1054604, ""expected_visual_onset_monotonic"": 504184.078, ""expected_visual_onset_uncertainty_ms"": 8.335319999605417, ""fixed_display_latency_ms"": 0.0, ""flip_lsl_timestamp"": 504184.1054604, ""flip_monotonic"": 504184.078, ""is_no_go"": false, ""lsl_timestamp"": 504184.1054604, ""marker_push_latency_ms"": 0.0, ""measured_refresh_rate_hz"": 59.98569941210048, ""photodiode_verification_enabled"": false, ""scheduled_on_flip"": true, ""shape"": ""hexagon"", ""timing_model"": ""psychopy_callOnFlip_plus_fixed_display_latency""}"
115,go_nogo_trial_complete,EVENT,504184.078,,"{""attention_challenge"": {""enabled"": false, ""expected_state"": ""normal"", ""is_cue_trial"": false}, ""button_press_count"": 1, ""commission_error"": 0, ""condition"": ""go"", ""correct"": true, ""correct_press"": 1, ""event_type_name"": ""go_nogo_trial_complete"", ""is_no_go"": false, ""omission_error"": 0, ""practice"": false, ""reaction_time_seconds"": 0.3559534000232816, ""schema_version"": 1, ""session_dir"": ""C:\\Users\\Surettej\\Documents\\Codespace\\eegle\\data\\participants\\sub-001-calibration\\sessions\\2026-07-14\\attention_lapse_go_nogo8_observe_only\\go_nogo\\run-20260714T125304"", ""source"": ""task.go_nogo"", ""stimulus_offset_lsl_timestamp"": 504184.1054604, ""stimulus_offset_monotonic"": 504184.078, ""stimulus_onset_lsl_timestamp"": 504183.2973341, ""stimulus_onset_monotonic"": 504183.265, ""task"": ""go_nogo""}"
116,go_nogo_stimulus_onset_116_nogo_x_white,EVENT,504184.828,,"{""color"": ""white"", ""expected_frame_interval_ms"": 16.670639999210835, ""expected_refresh_rate_hz"": 60.0, ""expected_visual_onset_lsl_timestamp"": 504184.8488553, ""expected_visual_onset_monotonic"": 504184.828, ""expected_visual_onset_uncertainty_ms"": 8.335319999605417, ""fixed_display_latency_ms"": 0.0, ""flip_lsl_timestamp"": 504184.8488553, ""flip_monotonic"": 504184.828, ""is_no_go"": true, ""lsl_timestamp"": 504184.8488553, ""marker_push_latency_ms"": 0.0, ""measured_refresh_rate_hz"": 59.98569941210048, ""photodiode_verification_enabled"": false, ""scheduled_on_flip"": true, ""shape"": ""x"", ""timing_model"": ""psychopy_callOnFlip_plus_fixed_display_latency""}"
116,go_nogo_stimulus_offset_116_nogo_x_white,EVENT,504185.625,,"{""color"": ""white"", ""expected_frame_interval_ms"": 16.670639999210835, ""expected_refresh_rate_hz"": 60.0, ""expected_visual_onset_lsl_timestamp"": 504185.6589689, ""expected_visual_onset_monotonic"": 504185.625, ""expected_visual_onset_uncertainty_ms"": 8.335319999605417, ""fixed_display_latency_ms"": 0.0, ""flip_lsl_timestamp"": 504185.6589689, ""flip_monotonic"": 504185.625, ""is_no_go"": true, ""lsl_timestamp"": 504185.6589689, ""marker_push_latency_ms"": 0.0, ""measured_refresh_rate_hz"": 59.98569941210048, ""photodiode_verification_enabled"": false, ""scheduled_on_flip"": true, ""shape"": ""x"", ""timing_model"": ""psychopy_callOnFlip_plus_fixed_display_latency""}"
116,go_nogo_trial_complete,EVENT,504185.64,,"{""attention_challenge"": {""enabled"": false, ""expected_state"": ""normal"", ""is_cue_trial"": false}, ""button_press_count"": 0, ""commission_error"": 0, ""condition"": ""no_go"", ""correct"": true, ""correct_press"": 1, ""event_type_name"": ""go_nogo_trial_complete"", ""is_no_go"": true, ""omission_error"": 0, ""practice"": false, ""reaction_time_seconds"": null, ""schema_version"": 1, ""session_dir"": ""C:\\Users\\Surettej\\Documents\\Codespace\\eegle\\data\\participants\\sub-001-calibration\\sessions\\2026-07-14\\attention_lapse_go_nogo8_observe_only\\go_nogo\\run-20260714T125304"", ""source"": ""task.go_nogo"", ""stimulus_offset_lsl_timestamp"": 504185.6589689, ""stimulus_offset_monotonic"": 504185.625, ""stimulus_onset_lsl_timestamp"": 504184.8488553, ""stimulus_onset_monotonic"": 504184.828, ""task"": ""go_nogo""}"
117,go_nogo_stimulus_onset_117_go_triangle_yellow,EVENT,504186.375,,"{""color"": ""yellow"", ""expected_frame_interval_ms"": 16.670639999210835, ""expected_refresh_rate_hz"": 60.0, ""expected_visual_onset_lsl_timestamp"": 504186.3967869, ""expected_visual_onset_monotonic"": 504186.375, ""expected_visual_onset_uncertainty_ms"": 8.335319999605417, ""fixed_display_latency_ms"": 0.0, ""flip_lsl_timestamp"": 504186.3967869, ""flip_monotonic"": 504186.375, ""is_no_go"": false, ""lsl_timestamp"": 504186.3967869, ""marker_push_latency_ms"": 0.0, ""measured_refresh_rate_hz"": 59.98569941210048, ""photodiode_verification_enabled"": false, ""scheduled_on_flip"": true, ""shape"": ""triangle"", ""timing_model"": ""psychopy_callOnFlip_plus_fixed_display_latency""}"
117,button_press,EVENT,504186.71044349996,space,"{""is_response_key"": true, ""lsl_timestamp"": 504186.73223039997, ""marker_push_latency_ms"": 0.0, ""rt_from_flip_seconds"": 0.3354434999637306, ""rt_seconds"": 0.3354434999637306}"
117,go_nogo_stimulus_offset_117_go_triangle_yellow,EVENT,504187.171,,"{""color"": ""yellow"", ""expected_frame_interval_ms"": 16.670639999210835, ""expected_refresh_rate_hz"": 60.0, ""expected_visual_onset_lsl_timestamp"": 504187.2056799, ""expected_visual_onset_monotonic"": 504187.171, ""expected_visual_onset_uncertainty_ms"": 8.335319999605417, ""fixed_display_latency_ms"": 0.0, ""flip_lsl_timestamp"": 504187.2056799, ""flip_monotonic"": 504187.171, ""is_no_go"": false, ""lsl_timestamp"": 504187.2056799, ""marker_push_latency_ms"": 0.0, ""measured_refresh_rate_hz"": 59.98569941210048, ""photodiode_verification_enabled"": false, ""scheduled_on_flip"": true, ""shape"": ""triangle"", ""timing_model"": ""psychopy_callOnFlip_plus_fixed_display_latency""}"
117,go_nogo_trial_complete,EVENT,504187.187,,"{""attention_challenge"": {""enabled"": false, ""expected_state"": ""normal"", ""is_cue_trial"": false}, ""button_press_count"": 1, ""commission_error"": 0, ""condition"": ""go"", ""correct"": true, ""correct_press"": 1, ""event_type_name"": ""go_nogo_trial_complete"", ""is_no_go"": false, ""omission_error"": 0, ""practice"": false, ""reaction_time_seconds"": 0.3354434999637306, ""schema_version"": 1, ""session_dir"": ""C:\\Users\\Surettej\\Documents\\Codespace\\eegle\\data\\participants\\sub-001-calibration\\sessions\\2026-07-14\\attention_lapse_go_nogo8_observe_only\\go_nogo\\run-20260714T125304"", ""source"": ""task.go_nogo"", ""stimulus_offset_lsl_timestamp"": 504187.2056799, ""stimulus_offset_monotonic"": 504187.171, ""stimulus_onset_lsl_timestamp"": 504186.3967869, ""stimulus_onset_monotonic"": 504186.375, ""task"": ""go_nogo""}"
118,go_nogo_stimulus_onset_118_go_hexagon_blue,EVENT,504187.921,,"{""color"": ""blue"", ""expected_frame_interval_ms"": 16.670639999210835, ""expected_refresh_rate_hz"": 60.0, ""expected_visual_onset_lsl_timestamp"": 504187.9445663, ""expected_visual_onset_monotonic"": 504187.921, ""expected_visual_onset_uncertainty_ms"": 8.335319999605417, ""fixed_display_latency_ms"": 0.0, ""flip_lsl_timestamp"": 504187.9445663, ""flip_monotonic"": 504187.921, ""is_no_go"": false, ""lsl_timestamp"": 504187.9445663, ""marker_push_latency_ms"": 0.0, ""measured_refresh_rate_hz"": 59.98569941210048, ""photodiode_verification_enabled"": false, ""scheduled_on_flip"": true, ""shape"": ""hexagon"", ""timing_model"": ""psychopy_callOnFlip_plus_fixed_display_latency""}"
118,button_press,EVENT,504188.50259449997,space,"{""is_response_key"": true, ""lsl_timestamp"": 504188.5261608, ""marker_push_latency_ms"": 0.0, ""rt_from_flip_seconds"": 0.5815944999922067, ""rt_seconds"": 0.5815944999922067}"
118,go_nogo_stimulus_offset_118_go_hexagon_blue,EVENT,504188.718,,"{""color"": ""blue"", ""expected_frame_interval_ms"": 16.670639999210835, ""expected_refresh_rate_hz"": 60.0, ""expected_visual_onset_lsl_timestamp"": 504188.752565, ""expected_visual_onset_monotonic"": 504188.718, ""expected_visual_onset_uncertainty_ms"": 8.335319999605417, ""fixed_display_latency_ms"": 0.0, ""flip_lsl_timestamp"": 504188.752565, ""flip_monotonic"": 504188.718, ""is_no_go"": false, ""lsl_timestamp"": 504188.752565, ""marker_push_latency_ms"": 0.0, ""measured_refresh_rate_hz"": 59.98569941210048, ""photodiode_verification_enabled"": false, ""scheduled_on_flip"": true, ""shape"": ""hexagon"", ""timing_model"": ""psychopy_callOnFlip_plus_fixed_display_latency""}"
118,go_nogo_trial_complete,EVENT,504188.734,,"{""attention_challenge"": {""enabled"": false, ""expected_state"": ""normal"", ""is_cue_trial"": false}, ""button_press_count"": 1, ""commission_error"": 0, ""condition"": ""go"", ""correct"": true, ""correct_press"": 1, ""event_type_name"": ""go_nogo_trial_complete"", ""is_no_go"": false, ""omission_error"": 0, ""practice"": false, ""reaction_time_seconds"": 0.5815944999922067, ""schema_version"": 1, ""session_dir"": ""C:\\Users\\Surettej\\Documents\\Codespace\\eegle\\data\\participants\\sub-001-calibration\\sessions\\2026-07-14\\attention_lapse_go_nogo8_observe_only\\go_nogo\\run-20260714T125304"", ""source"": ""task.go_nogo"", ""stimulus_offset_lsl_timestamp"": 504188.752565, ""stimulus_offset_monotonic"": 504188.718, ""stimulus_onset_lsl_timestamp"": 504187.9445663, ""stimulus_onset_monotonic"": 504187.921, ""task"": ""go_nogo""}"
119,go_nogo_stimulus_onset_119_go_triangle_green,EVENT,504189.468,,"{""color"": ""green"", ""expected_frame_interval_ms"": 16.670639999210835, ""expected_refresh_rate_hz"": 60.0, ""expected_visual_onset_lsl_timestamp"": 504189.4908383, ""expected_visual_onset_monotonic"": 504189.468, ""expected_visual_onset_uncertainty_ms"": 8.335319999605417, ""fixed_display_latency_ms"": 0.0, ""flip_lsl_timestamp"": 504189.4908383, ""flip_monotonic"": 504189.468, ""is_no_go"": false, ""lsl_timestamp"": 504189.4908383, ""marker_push_latency_ms"": 0.0, ""measured_refresh_rate_hz"": 59.98569941210048, ""photodiode_verification_enabled"": false, ""scheduled_on_flip"": true, ""shape"": ""triangle"", ""timing_model"": ""psychopy_callOnFlip_plus_fixed_display_latency""}"
119,button_press,EVENT,504189.8932577,space,"{""is_response_key"": true, ""lsl_timestamp"": 504189.916096, ""marker_push_latency_ms"": 0.0, ""rt_from_flip_seconds"": 0.4252577000297606, ""rt_seconds"": 0.4252577000297606}"
119,go_nogo_stimulus_offset_119_go_triangle_green,EVENT,504190.265,,"{""color"": ""green"", ""expected_frame_interval_ms"": 16.670639999210835, ""expected_refresh_rate_hz"": 60.0, ""expected_visual_onset_lsl_timestamp"": 504190.2987019, ""expected_visual_onset_monotonic"": 504190.265, ""expected_visual_onset_uncertainty_ms"": 8.335319999605417, ""fixed_display_latency_ms"": 0.0, ""flip_lsl_timestamp"": 504190.2987019, ""flip_monotonic"": 504190.265, ""is_no_go"": false, ""lsl_timestamp"": 504190.2987019, ""marker_push_latency_ms"": 0.0, ""measured_refresh_rate_hz"": 59.98569941210048, ""photodiode_verification_enabled"": false, ""scheduled_on_flip"": true, ""shape"": ""triangle"", ""timing_model"": ""psychopy_callOnFlip_plus_fixed_display_latency""}"
119,go_nogo_trial_complete,EVENT,504190.281,,"{""attention_challenge"": {""enabled"": false, ""expected_state"": ""normal"", ""is_cue_trial"": false}, ""button_press_count"": 1, ""commission_error"": 0, ""condition"": ""go"", ""correct"": true, ""correct_press"": 1, ""event_type_name"": ""go_nogo_trial_complete"", ""is_no_go"": false, ""omission_error"": 0, ""practice"": false, ""reaction_time_seconds"": 0.4252577000297606, ""schema_version"": 1, ""session_dir"": ""C:\\Users\\Surettej\\Documents\\Codespace\\eegle\\data\\participants\\sub-001-calibration\\sessions\\2026-07-14\\attention_lapse_go_nogo8_observe_only\\go_nogo\\run-20260714T125304"", ""source"": ""task.go_nogo"", ""stimulus_offset_lsl_timestamp"": 504190.2987019, ""stimulus_offset_monotonic"": 504190.265, ""stimulus_onset_lsl_timestamp"": 504189.4908383, ""stimulus_onset_monotonic"": 504189.468, ""task"": ""go_nogo""}"
120,go_nogo_stimulus_onset_120_nogo_x_white,EVENT,504191.015,,"{""color"": ""white"", ""expected_frame_interval_ms"": 16.670639999210835, ""expected_refresh_rate_hz"": 60.0, ""expected_visual_onset_lsl_timestamp"": 504191.0413498, ""expected_visual_onset_monotonic"": 504191.015, ""expected_visual_onset_uncertainty_ms"": 8.335319999605417, ""fixed_display_latency_ms"": 0.0, ""flip_lsl_timestamp"": 504191.0413498, ""flip_monotonic"": 504191.015, ""is_no_go"": true, ""lsl_timestamp"": 504191.0413498, ""marker_push_latency_ms"": 0.0, ""measured_refresh_rate_hz"": 59.98569941210048, ""photodiode_verification_enabled"": false, ""scheduled_on_flip"": true, ""shape"": ""x"", ""timing_model"": ""psychopy_callOnFlip_plus_fixed_display_latency""}"
120,go_nogo_stimulus_offset_120_nogo_x_white,EVENT,504191.828,,"{""color"": ""white"", ""expected_frame_interval_ms"": 16.670639999210835, ""expected_refresh_rate_hz"": 60.0, ""expected_visual_onset_lsl_timestamp"": 504191.8494613, ""expected_visual_onset_monotonic"": 504191.828, ""expected_visual_onset_uncertainty_ms"": 8.335319999605417, ""fixed_display_latency_ms"": 0.0, ""flip_lsl_timestamp"": 504191.8494613, ""flip_monotonic"": 504191.828, ""is_no_go"": true, ""lsl_timestamp"": 504191.8494613, ""marker_push_latency_ms"": 0.0, ""measured_refresh_rate_hz"": 59.98569941210048, ""photodiode_verification_enabled"": false, ""scheduled_on_flip"": true, ""shape"": ""x"", ""timing_model"": ""psychopy_callOnFlip_plus_fixed_display_latency""}"
120,go_nogo_trial_complete,EVENT,504191.828,,"{""attention_challenge"": {""enabled"": false, ""expected_state"": ""normal"", ""is_cue_trial"": false}, ""button_press_count"": 0, ""commission_error"": 0, ""condition"": ""no_go"", ""correct"": true, ""correct_press"": 1, ""event_type_name"": ""go_nogo_trial_complete"", ""is_no_go"": true, ""omission_error"": 0, ""practice"": false, ""reaction_time_seconds"": null, ""schema_version"": 1, ""session_dir"": ""C:\\Users\\Surettej\\Documents\\Codespace\\eegle\\data\\participants\\sub-001-calibration\\sessions\\2026-07-14\\attention_lapse_go_nogo8_observe_only\\go_nogo\\run-20260714T125304"", ""source"": ""task.go_nogo"", ""stimulus_offset_lsl_timestamp"": 504191.8494613, ""stimulus_offset_monotonic"": 504191.828, ""stimulus_onset_lsl_timestamp"": 504191.0413498, ""stimulus_onset_monotonic"": 504191.015, ""task"": ""go_nogo""}"
121,go_nogo_stimulus_onset_121_go_triangle_magenta,EVENT,504192.562,,"{""color"": ""magenta"", ""expected_frame_interval_ms"": 16.670639999210835, ""expected_refresh_rate_hz"": 60.0, ""expected_visual_onset_lsl_timestamp"": 504192.588053, ""expected_visual_onset_monotonic"": 504192.562, ""expected_visual_onset_uncertainty_ms"": 8.335319999605417, ""fixed_display_latency_ms"": 0.0, ""flip_lsl_timestamp"": 504192.588053, ""flip_monotonic"": 504192.562, ""is_no_go"": false, ""lsl_timestamp"": 504192.588053, ""marker_push_latency_ms"": 0.0, ""measured_refresh_rate_hz"": 59.98569941210048, ""photodiode_verification_enabled"": false, ""scheduled_on_flip"": true, ""shape"": ""triangle"", ""timing_model"": ""psychopy_callOnFlip_plus_fixed_display_latency""}"
121,go_nogo_stimulus_offset_121_go_triangle_magenta,EVENT,504193.375,,"{""color"": ""magenta"", ""expected_frame_interval_ms"": 16.670639999210835, ""expected_refresh_rate_hz"": 60.0, ""expected_visual_onset_lsl_timestamp"": 504193.4018237, ""expected_visual_onset_monotonic"": 504193.375, ""expected_visual_onset_uncertainty_ms"": 8.335319999605417, ""fixed_display_latency_ms"": 0.0, ""flip_lsl_timestamp"": 504193.4018237, ""flip_monotonic"": 504193.375, ""is_no_go"": false, ""lsl_timestamp"": 504193.4018237, ""marker_push_latency_ms"": 0.0, ""measured_refresh_rate_hz"": 59.98569941210048, ""photodiode_verification_enabled"": false, ""scheduled_on_flip"": true, ""shape"": ""triangle"", ""timing_model"": ""psychopy_callOnFlip_plus_fixed_display_latency""}"
121,go_nogo_trial_complete,EVENT,504193.375,,"{""attention_challenge"": {""enabled"": false, ""expected_state"": ""normal"", ""is_cue_trial"": false}, ""button_press_count"": 0, ""commission_error"": 0, ""condition"": ""go"", ""correct"": false, ""correct_press"": 0, ""event_type_name"": ""go_nogo_trial_complete"", ""is_no_go"": false, ""omission_error"": 1, ""practice"": false, ""reaction_time_seconds"": null, ""schema_version"": 1, ""session_dir"": ""C:\\Users\\Surettej\\Documents\\Codespace\\eegle\\data\\participants\\sub-001-calibration\\sessions\\2026-07-14\\attention_lapse_go_nogo8_observe_only\\go_nogo\\run-20260714T125304"", ""source"": ""task.go_nogo"", ""stimulus_offset_lsl_timestamp"": 504193.4018237, ""stimulus_offset_monotonic"": 504193.375, ""stimulus_onset_lsl_timestamp"": 504192.588053, ""stimulus_onset_monotonic"": 504192.562, ""task"": ""go_nogo""}"
122,go_nogo_stimulus_onset_122_go_circle_magenta,EVENT,504194.14,,"{""color"": ""magenta"", ""expected_frame_interval_ms"": 16.670639999210835, ""expected_refresh_rate_hz"": 60.0, ""expected_visual_onset_lsl_timestamp"": 504194.168983, ""expected_visual_onset_monotonic"": 504194.14, ""expected_visual_onset_uncertainty_ms"": 8.335319999605417, ""fixed_display_latency_ms"": 0.0, ""flip_lsl_timestamp"": 504194.168983, ""flip_monotonic"": 504194.14, ""is_no_go"": false, ""lsl_timestamp"": 504194.168983, ""marker_push_latency_ms"": 0.0, ""measured_refresh_rate_hz"": 59.98569941210048, ""photodiode_verification_enabled"": false, ""scheduled_on_flip"": true, ""shape"": ""circle"", ""timing_model"": ""psychopy_callOnFlip_plus_fixed_display_latency""}"
122,button_press,EVENT,504194.8089245,space,"{""is_response_key"": true, ""lsl_timestamp"": 504194.8379075, ""marker_push_latency_ms"": 0.0, ""rt_from_flip_seconds"": 0.6689245000015944, ""rt_seconds"": 0.6689245000015944}"
122,go_nogo_stimulus_offset_122_go_circle_magenta,EVENT,504194.953,,"{""color"": ""magenta"", ""expected_frame_interval_ms"": 16.670639999210835, ""expected_refresh_rate_hz"": 60.0, ""expected_visual_onset_lsl_timestamp"": 504194.9858937, ""expected_visual_onset_monotonic"": 504194.953, ""expected_visual_onset_uncertainty_ms"": 8.335319999605417, ""fixed_display_latency_ms"": 0.0, ""flip_lsl_timestamp"": 504194.9858937, ""flip_monotonic"": 504194.953, ""is_no_go"": false, ""lsl_timestamp"": 504194.9858937, ""marker_push_latency_ms"": 0.0, ""measured_refresh_rate_hz"": 59.98569941210048, ""photodiode_verification_enabled"": false, ""scheduled_on_flip"": true, ""shape"": ""circle"", ""timing_model"": ""psychopy_callOnFlip_plus_fixed_display_latency""}"
122,go_nogo_trial_complete,EVENT,504194.968,,"{""attention_challenge"": {""enabled"": false, ""expected_state"": ""normal"", ""is_cue_trial"": false}, ""button_press_count"": 1, ""commission_error"": 0, ""condition"": ""go"", ""correct"": true, ""correct_press"": 1, ""event_type_name"": ""go_nogo_trial_complete"", ""is_no_go"": false, ""omission_error"": 0, ""practice"": false, ""reaction_time_seconds"": 0.6689245000015944, ""schema_version"": 1, ""session_dir"": ""C:\\Users\\Surettej\\Documents\\Codespace\\eegle\\data\\participants\\sub-001-calibration\\sessions\\2026-07-14\\attention_lapse_go_nogo8_observe_only\\go_nogo\\run-20260714T125304"", ""source"": ""task.go_nogo"", ""stimulus_offset_lsl_timestamp"": 504194.9858937, ""stimulus_offset_monotonic"": 504194.953, ""stimulus_onset_lsl_timestamp"": 504194.168983, ""stimulus_onset_monotonic"": 504194.14, ""task"": ""go_nogo""}"
123,go_nogo_stimulus_onset_123_go_star_magenta,EVENT,504195.687,,"{""color"": ""magenta"", ""expected_frame_interval_ms"": 16.670639999210835, ""expected_refresh_rate_hz"": 60.0, ""expected_visual_onset_lsl_timestamp"": 504195.7231786, ""expected_visual_onset_monotonic"": 504195.687, ""expected_visual_onset_uncertainty_ms"": 8.335319999605417, ""fixed_display_latency_ms"": 0.0, ""flip_lsl_timestamp"": 504195.7231786, ""flip_monotonic"": 504195.687, ""is_no_go"": false, ""lsl_timestamp"": 504195.7231786, ""marker_push_latency_ms"": 0.0, ""measured_refresh_rate_hz"": 59.98569941210048, ""photodiode_verification_enabled"": false, ""scheduled_on_flip"": true, ""shape"": ""star"", ""timing_model"": ""psychopy_callOnFlip_plus_fixed_display_latency""}"
123,button_press,EVENT,504196.0572925,space,"{""is_response_key"": true, ""lsl_timestamp"": 504196.09347110003, ""marker_push_latency_ms"": 0.0, ""rt_from_flip_seconds"": 0.3702925000106916, ""rt_seconds"": 0.3702925000106916}"
123,go_nogo_stimulus_offset_123_go_star_magenta,EVENT,504196.5,,"{""color"": ""magenta"", ""expected_frame_interval_ms"": 16.670639999210835, ""expected_refresh_rate_hz"": 60.0, ""expected_visual_onset_lsl_timestamp"": 504196.5314498, ""expected_visual_onset_monotonic"": 504196.5, ""expected_visual_onset_uncertainty_ms"": 8.335319999605417, ""fixed_display_latency_ms"": 0.0, ""flip_lsl_timestamp"": 504196.5314498, ""flip_monotonic"": 504196.5, ""is_no_go"": false, ""lsl_timestamp"": 504196.5314498, ""marker_push_latency_ms"": 0.0, ""measured_refresh_rate_hz"": 59.98569941210048, ""photodiode_verification_enabled"": false, ""scheduled_on_flip"": true, ""shape"": ""star"", ""timing_model"": ""psychopy_callOnFlip_plus_fixed_display_latency""}"
123,go_nogo_trial_complete,EVENT,504196.515,,"{""attention_challenge"": {""enabled"": false, ""expected_state"": ""normal"", ""is_cue_trial"": false}, ""button_press_count"": 1, ""commission_error"": 0, ""condition"": ""go"", ""correct"": true, ""correct_press"": 1, ""event_type_name"": ""go_nogo_trial_complete"", ""is_no_go"": false, ""omission_error"": 0, ""practice"": false, ""reaction_time_seconds"": 0.3702925000106916, ""schema_version"": 1, ""session_dir"": ""C:\\Users\\Surettej\\Documents\\Codespace\\eegle\\data\\participants\\sub-001-calibration\\sessions\\2026-07-14\\attention_lapse_go_nogo8_observe_only\\go_nogo\\run-20260714T125304"", ""source"": ""task.go_nogo"", ""stimulus_offset_lsl_timestamp"": 504196.5314498, ""stimulus_offset_monotonic"": 504196.5, ""stimulus_onset_lsl_timestamp"": 504195.7231786, ""stimulus_onset_monotonic"": 504195.687, ""task"": ""go_nogo""}"
124,go_nogo_stimulus_onset_124_go_star_yellow,EVENT,504197.25,,"{""color"": ""yellow"", ""expected_frame_interval_ms"": 16.670639999210835, ""expected_refresh_rate_hz"": 60.0, ""expected_visual_onset_lsl_timestamp"": 504197.2714805, ""expected_visual_onset_monotonic"": 504197.25, ""expected_visual_onset_uncertainty_ms"": 8.335319999605417, ""fixed_display_latency_ms"": 0.0, ""flip_lsl_timestamp"": 504197.2714805, ""flip_monotonic"": 504197.25, ""is_no_go"": false, ""lsl_timestamp"": 504197.2714805, ""marker_push_latency_ms"": 0.0, ""measured_refresh_rate_hz"": 59.98569941210048, ""photodiode_verification_enabled"": false, ""scheduled_on_flip"": true, ""shape"": ""star"", ""timing_model"": ""psychopy_callOnFlip_plus_fixed_display_latency""}"
124,button_press,EVENT,504197.5520186,space,"{""is_response_key"": true, ""lsl_timestamp"": 504197.5734991, ""marker_push_latency_ms"": 0.0, ""rt_from_flip_seconds"": 0.3020185999921523, ""rt_seconds"": 0.3020185999921523}"
124,go_nogo_stimulus_offset_124_go_star_yellow,EVENT,504198.062,,"{""color"": ""yellow"", ""expected_frame_interval_ms"": 16.670639999210835, ""expected_refresh_rate_hz"": 60.0, ""expected_visual_onset_lsl_timestamp"": 504198.0872506, ""expected_visual_onset_monotonic"": 504198.062, ""expected_visual_onset_uncertainty_ms"": 8.335319999605417, ""fixed_display_latency_ms"": 0.0, ""flip_lsl_timestamp"": 504198.0872506, ""flip_monotonic"": 504198.062, ""is_no_go"": false, ""lsl_timestamp"": 504198.0872506, ""marker_push_latency_ms"": 0.0, ""measured_refresh_rate_hz"": 59.98569941210048, ""photodiode_verification_enabled"": false, ""scheduled_on_flip"": true, ""shape"": ""star"", ""timing_model"": ""psychopy_callOnFlip_plus_fixed_display_latency""}"
124,go_nogo_trial_complete,EVENT,504198.062,,"{""attention_challenge"": {""enabled"": false, ""expected_state"": ""normal"", ""is_cue_trial"": false}, ""button_press_count"": 1, ""commission_error"": 0, ""condition"": ""go"", ""correct"": true, ""correct_press"": 1, ""event_type_name"": ""go_nogo_trial_complete"", ""is_no_go"": false, ""omission_error"": 0, ""practice"": false, ""reaction_time_seconds"": 0.3020185999921523, ""schema_version"": 1, ""session_dir"": ""C:\\Users\\Surettej\\Documents\\Codespace\\eegle\\data\\participants\\sub-001-calibration\\sessions\\2026-07-14\\attention_lapse_go_nogo8_observe_only\\go_nogo\\run-20260714T125304"", ""source"": ""task.go_nogo"", ""stimulus_offset_lsl_timestamp"": 504198.0872506, ""stimulus_offset_monotonic"": 504198.062, ""stimulus_onset_lsl_timestamp"": 504197.2714805, ""stimulus_onset_monotonic"": 504197.25, ""task"": ""go_nogo""}"
125,go_nogo_stimulus_onset_125_go_star_yellow,EVENT,504198.796,,"{""color"": ""yellow"", ""expected_frame_interval_ms"": 16.670639999210835, ""expected_refresh_rate_hz"": 60.0, ""expected_visual_onset_lsl_timestamp"": 504198.8251277, ""expected_visual_onset_monotonic"": 504198.796, ""expected_visual_onset_uncertainty_ms"": 8.335319999605417, ""fixed_display_latency_ms"": 0.0, ""flip_lsl_timestamp"": 504198.8251277, ""flip_monotonic"": 504198.796, ""is_no_go"": false, ""lsl_timestamp"": 504198.8251277, ""marker_push_latency_ms"": 0.0, ""measured_refresh_rate_hz"": 59.98569941210048, ""photodiode_verification_enabled"": false, ""scheduled_on_flip"": true, ""shape"": ""star"", ""timing_model"": ""psychopy_callOnFlip_plus_fixed_display_latency""}"
125,button_press,EVENT,504199.1369607,space,"{""is_response_key"": true, ""lsl_timestamp"": 504199.1660884, ""marker_push_latency_ms"": 0.0, ""rt_from_flip_seconds"": 0.3409607000066899, ""rt_seconds"": 0.3409607000066899}"
125,go_nogo_stimulus_offset_125_go_star_yellow,EVENT,504199.609,,"{""color"": ""yellow"", ""expected_frame_interval_ms"": 16.670639999210835, ""expected_refresh_rate_hz"": 60.0, ""expected_visual_onset_lsl_timestamp"": 504199.6338735, ""expected_visual_onset_monotonic"": 504199.609, ""expected_visual_onset_uncertainty_ms"": 8.335319999605417, ""fixed_display_latency_ms"": 0.0, ""flip_lsl_timestamp"": 504199.6338735, ""flip_monotonic"": 504199.609, ""is_no_go"": false, ""lsl_timestamp"": 504199.6338735, ""marker_push_latency_ms"": 0.0, ""measured_refresh_rate_hz"": 59.98569941210048, ""photodiode_verification_enabled"": false, ""scheduled_on_flip"": true, ""shape"": ""star"", ""timing_model"": ""psychopy_callOnFlip_plus_fixed_display_latency""}"
125,go_nogo_trial_complete,EVENT,504199.609,,"{""attention_challenge"": {""enabled"": false, ""expected_state"": ""normal"", ""is_cue_trial"": false}, ""button_press_count"": 1, ""commission_error"": 0, ""condition"": ""go"", ""correct"": true, ""correct_press"": 1, ""event_type_name"": ""go_nogo_trial_complete"", ""is_no_go"": false, ""omission_error"": 0, ""practice"": false, ""reaction_time_seconds"": 0.3409607000066899, ""schema_version"": 1, ""session_dir"": ""C:\\Users\\Surettej\\Documents\\Codespace\\eegle\\data\\participants\\sub-001-calibration\\sessions\\2026-07-14\\attention_lapse_go_nogo8_observe_only\\go_nogo\\run-20260714T125304"", ""source"": ""task.go_nogo"", ""stimulus_offset_lsl_timestamp"": 504199.6338735, ""stimulus_offset_monotonic"": 504199.609, ""stimulus_onset_lsl_timestamp"": 504198.8251277, ""stimulus_onset_monotonic"": 504198.796, ""task"": ""go_nogo""}"
126,go_nogo_stimulus_onset_126_nogo_x_white,EVENT,504200.359,,"{""color"": ""white"", ""expected_frame_interval_ms"": 16.670639999210835, ""expected_refresh_rate_hz"": 60.0, ""expected_visual_onset_lsl_timestamp"": 504200.3881578, ""expected_visual_onset_monotonic"": 504200.359, ""expected_visual_onset_uncertainty_ms"": 8.335319999605417, ""fixed_display_latency_ms"": 0.0, ""flip_lsl_timestamp"": 504200.3881578, ""flip_monotonic"": 504200.359, ""is_no_go"": true, ""lsl_timestamp"": 504200.3881578, ""marker_push_latency_ms"": 0.0, ""measured_refresh_rate_hz"": 59.98569941210048, ""photodiode_verification_enabled"": false, ""scheduled_on_flip"": true, ""shape"": ""x"", ""timing_model"": ""psychopy_callOnFlip_plus_fixed_display_latency""}"
126,button_press,EVENT,504200.6248001,space,"{""is_response_key"": true, ""lsl_timestamp"": 504200.6539579, ""marker_push_latency_ms"": 0.0, ""rt_from_flip_seconds"": 0.2658000999945216, ""rt_seconds"": 0.2658000999945216}"
126,go_nogo_stimulus_offset_126_nogo_x_white,EVENT,504201.171,,"{""color"": ""white"", ""expected_frame_interval_ms"": 16.670639999210835, ""expected_refresh_rate_hz"": 60.0, ""expected_visual_onset_lsl_timestamp"": 504201.1962572, ""expected_visual_onset_monotonic"": 504201.171, ""expected_visual_onset_uncertainty_ms"": 8.335319999605417, ""fixed_display_latency_ms"": 0.0, ""flip_lsl_timestamp"": 504201.1962572, ""flip_monotonic"": 504201.171, ""is_no_go"": true, ""lsl_timestamp"": 504201.1962572, ""marker_push_latency_ms"": 0.0, ""measured_refresh_rate_hz"": 59.98569941210048, ""photodiode_verification_enabled"": false, ""scheduled_on_flip"": true, ""shape"": ""x"", ""timing_model"": ""psychopy_callOnFlip_plus_fixed_display_latency""}"
126,go_nogo_trial_complete,EVENT,504201.171,,"{""attention_challenge"": {""enabled"": false, ""expected_state"": ""normal"", ""is_cue_trial"": false}, ""button_press_count"": 1, ""commission_error"": 1, ""condition"": ""no_go"", ""correct"": false, ""correct_press"": 0, ""event_type_name"": ""go_nogo_trial_complete"", ""is_no_go"": true, ""omission_error"": 0, ""practice"": false, ""reaction_time_seconds"": 0.2658000999945216, ""schema_version"": 1, ""session_dir"": ""C:\\Users\\Surettej\\Documents\\Codespace\\eegle\\data\\participants\\sub-001-calibration\\sessions\\2026-07-14\\attention_lapse_go_nogo8_observe_only\\go_nogo\\run-20260714T125304"", ""source"": ""task.go_nogo"", ""stimulus_offset_lsl_timestamp"": 504201.1962572, ""stimulus_offset_monotonic"": 504201.171, ""stimulus_onset_lsl_timestamp"": 504200.3881578, ""stimulus_onset_monotonic"": 504200.359, ""task"": ""go_nogo""}"
127,go_nogo_stimulus_onset_127_go_hexagon_red,EVENT,504201.906,,"{""color"": ""red"", ""expected_frame_interval_ms"": 16.670639999210835, ""expected_refresh_rate_hz"": 60.0, ""expected_visual_onset_lsl_timestamp"": 504201.9363423, ""expected_visual_onset_monotonic"": 504201.906, ""expected_visual_onset_uncertainty_ms"": 8.335319999605417, ""fixed_display_latency_ms"": 0.0, ""flip_lsl_timestamp"": 504201.9363423, ""flip_monotonic"": 504201.906, ""is_no_go"": false, ""lsl_timestamp"": 504201.9363423, ""marker_push_latency_ms"": 0.0, ""measured_refresh_rate_hz"": 59.98569941210048, ""photodiode_verification_enabled"": false, ""scheduled_on_flip"": true, ""shape"": ""hexagon"", ""timing_model"": ""psychopy_callOnFlip_plus_fixed_display_latency""}"
127,button_press,EVENT,504202.1418041,space,"{""is_response_key"": true, ""lsl_timestamp"": 504202.1721464, ""marker_push_latency_ms"": 0.0, ""rt_from_flip_seconds"": 0.23580409999703988, ""rt_seconds"": 0.23580409999703988}"
127,go_nogo_stimulus_offset_127_go_hexagon_red,EVENT,504202.718,,"{""color"": ""red"", ""expected_frame_interval_ms"": 16.670639999210835, ""expected_refresh_rate_hz"": 60.0, ""expected_visual_onset_lsl_timestamp"": 504202.7448375, ""expected_visual_onset_monotonic"": 504202.718, ""expected_visual_onset_uncertainty_ms"": 8.335319999605417, ""fixed_display_latency_ms"": 0.0, ""flip_lsl_timestamp"": 504202.7448375, ""flip_monotonic"": 504202.718, ""is_no_go"": false, ""lsl_timestamp"": 504202.7448375, ""marker_push_latency_ms"": 0.0, ""measured_refresh_rate_hz"": 59.98569941210048, ""photodiode_verification_enabled"": false, ""scheduled_on_flip"": true, ""shape"": ""hexagon"", ""timing_model"": ""psychopy_callOnFlip_plus_fixed_display_latency""}"
127,go_nogo_trial_complete,EVENT,504202.718,,"{""attention_challenge"": {""enabled"": false, ""expected_state"": ""normal"", ""is_cue_trial"": false}, ""button_press_count"": 1, ""commission_error"": 0, ""condition"": ""go"", ""correct"": true, ""correct_press"": 1, ""event_type_name"": ""go_nogo_trial_complete"", ""is_no_go"": false, ""omission_error"": 0, ""practice"": false, ""reaction_time_seconds"": 0.23580409999703988, ""schema_version"": 1, ""session_dir"": ""C:\\Users\\Surettej\\Documents\\Codespace\\eegle\\data\\participants\\sub-001-calibration\\sessions\\2026-07-14\\attention_lapse_go_nogo8_observe_only\\go_nogo\\run-20260714T125304"", ""source"": ""task.go_nogo"", ""stimulus_offset_lsl_timestamp"": 504202.7448375, ""stimulus_offset_monotonic"": 504202.718, ""stimulus_onset_lsl_timestamp"": 504201.9363423, ""stimulus_onset_monotonic"": 504201.906, ""task"": ""go_nogo""}"
128,go_nogo_stimulus_onset_128_go_star_yellow,EVENT,504203.468,,"{""color"": ""yellow"", ""expected_frame_interval_ms"": 16.670639999210835, ""expected_refresh_rate_hz"": 60.0, ""expected_visual_onset_lsl_timestamp"": 504203.4897837, ""expected_visual_onset_monotonic"": 504203.468, ""expected_visual_onset_uncertainty_ms"": 8.335319999605417, ""fixed_display_latency_ms"": 0.0, ""flip_lsl_timestamp"": 504203.4897837, ""flip_monotonic"": 504203.468, ""is_no_go"": false, ""lsl_timestamp"": 504203.4897837, ""marker_push_latency_ms"": 0.0, ""measured_refresh_rate_hz"": 59.98569941210048, ""photodiode_verification_enabled"": false, ""scheduled_on_flip"": true, ""shape"": ""star"", ""timing_model"": ""psychopy_callOnFlip_plus_fixed_display_latency""}"
128,button_press,EVENT,504203.7991585,space,"{""is_response_key"": true, ""lsl_timestamp"": 504203.82094219996, ""marker_push_latency_ms"": 0.0, ""rt_from_flip_seconds"": 0.33115849999012426, ""rt_seconds"": 0.33115849999012426}"
128,go_nogo_stimulus_offset_128_go_star_yellow,EVENT,504204.281,,"{""color"": ""yellow"", ""expected_frame_interval_ms"": 16.670639999210835, ""expected_refresh_rate_hz"": 60.0, ""expected_visual_onset_lsl_timestamp"": 504204.3067576, ""expected_visual_onset_monotonic"": 504204.281, ""expected_visual_onset_uncertainty_ms"": 8.335319999605417, ""fixed_display_latency_ms"": 0.0, ""flip_lsl_timestamp"": 504204.3067576, ""flip_monotonic"": 504204.281, ""is_no_go"": false, ""lsl_timestamp"": 504204.3067576, ""marker_push_latency_ms"": 0.0, ""measured_refresh_rate_hz"": 59.98569941210048, ""photodiode_verification_enabled"": false, ""scheduled_on_flip"": true, ""shape"": ""star"", ""timing_model"": ""psychopy_callOnFlip_plus_fixed_display_latency""}"
128,go_nogo_trial_complete,EVENT,504204.281,,"{""attention_challenge"": {""enabled"": false, ""expected_state"": ""normal"", ""is_cue_trial"": false}, ""button_press_count"": 1, ""commission_error"": 0, ""condition"": ""go"", ""correct"": true, ""correct_press"": 1, ""event_type_name"": ""go_nogo_trial_complete"", ""is_no_go"": false, ""omission_error"": 0, ""practice"": false, ""reaction_time_seconds"": 0.33115849999012426, ""schema_version"": 1, ""session_dir"": ""C:\\Users\\Surettej\\Documents\\Codespace\\eegle\\data\\participants\\sub-001-calibration\\sessions\\2026-07-14\\attention_lapse_go_nogo8_observe_only\\go_nogo\\run-20260714T125304"", ""source"": ""task.go_nogo"", ""stimulus_offset_lsl_timestamp"": 504204.3067576, ""stimulus_offset_monotonic"": 504204.281, ""stimulus_onset_lsl_timestamp"": 504203.4897837, ""stimulus_onset_monotonic"": 504203.468, ""task"": ""go_nogo""}"
129,go_nogo_stimulus_onset_129_go_triangle_green,EVENT,504205.015,,"{""color"": ""green"", ""expected_frame_interval_ms"": 16.670639999210835, ""expected_refresh_rate_hz"": 60.0, ""expected_visual_onset_lsl_timestamp"": 504205.0486412, ""expected_visual_onset_monotonic"": 504205.015, ""expected_visual_onset_uncertainty_ms"": 8.335319999605417, ""fixed_display_latency_ms"": 0.0, ""flip_lsl_timestamp"": 504205.0486412, ""flip_monotonic"": 504205.015, ""is_no_go"": false, ""lsl_timestamp"": 504205.0486412, ""marker_push_latency_ms"": 0.0, ""measured_refresh_rate_hz"": 59.98569941210048, ""photodiode_verification_enabled"": false, ""scheduled_on_flip"": true, ""shape"": ""triangle"", ""timing_model"": ""psychopy_callOnFlip_plus_fixed_display_latency""}"
129,button_press,EVENT,504205.5715914,space,"{""is_response_key"": true, ""lsl_timestamp"": 504205.6052326, ""marker_push_latency_ms"": 0.0, ""rt_from_flip_seconds"": 0.5565914000035264, ""rt_seconds"": 0.5565914000035264}"
129,go_nogo_stimulus_offset_129_go_triangle_green,EVENT,504205.828,,"{""color"": ""green"", ""expected_frame_interval_ms"": 16.670639999210835, ""expected_refresh_rate_hz"": 60.0, ""expected_visual_onset_lsl_timestamp"": 504205.8561389, ""expected_visual_onset_monotonic"": 504205.828, ""expected_visual_onset_uncertainty_ms"": 8.335319999605417, ""fixed_display_latency_ms"": 0.0, ""flip_lsl_timestamp"": 504205.8561389, ""flip_monotonic"": 504205.828, ""is_no_go"": false, ""lsl_timestamp"": 504205.8561389, ""marker_push_latency_ms"": 0.0, ""measured_refresh_rate_hz"": 59.98569941210048, ""photodiode_verification_enabled"": false, ""scheduled_on_flip"": true, ""shape"": ""triangle"", ""timing_model"": ""psychopy_callOnFlip_plus_fixed_display_latency""}"
129,go_nogo_trial_complete,EVENT,504205.843,,"{""attention_challenge"": {""enabled"": false, ""expected_state"": ""normal"", ""is_cue_trial"": false}, ""button_press_count"": 1, ""commission_error"": 0, ""condition"": ""go"", ""correct"": true, ""correct_press"": 1, ""event_type_name"": ""go_nogo_trial_complete"", ""is_no_go"": false, ""omission_error"": 0, ""practice"": false, ""reaction_time_seconds"": 0.5565914000035264, ""schema_version"": 1, ""session_dir"": ""C:\\Users\\Surettej\\Documents\\Codespace\\eegle\\data\\participants\\sub-001-calibration\\sessions\\2026-07-14\\attention_lapse_go_nogo8_observe_only\\go_nogo\\run-20260714T125304"", ""source"": ""task.go_nogo"", ""stimulus_offset_lsl_timestamp"": 504205.8561389, ""stimulus_offset_monotonic"": 504205.828, ""stimulus_onset_lsl_timestamp"": 504205.0486412, ""stimulus_onset_monotonic"": 504205.015, ""task"": ""go_nogo""}"
130,go_nogo_stimulus_onset_130_go_triangle_yellow,EVENT,504206.578,,"{""color"": ""yellow"", ""expected_frame_interval_ms"": 16.670639999210835, ""expected_refresh_rate_hz"": 60.0, ""expected_visual_onset_lsl_timestamp"": 504206.6026945, ""expected_visual_onset_monotonic"": 504206.578, ""expected_visual_onset_uncertainty_ms"": 8.335319999605417, ""fixed_display_latency_ms"": 0.0, ""flip_lsl_timestamp"": 504206.6026945, ""flip_monotonic"": 504206.578, ""is_no_go"": false, ""lsl_timestamp"": 504206.6026945, ""marker_push_latency_ms"": 0.0, ""measured_refresh_rate_hz"": 59.98569941210048, ""photodiode_verification_enabled"": false, ""scheduled_on_flip"": true, ""shape"": ""triangle"", ""timing_model"": ""psychopy_callOnFlip_plus_fixed_display_latency""}"
130,go_nogo_stimulus_offset_130_go_triangle_yellow,EVENT,504207.375,,"{""color"": ""yellow"", ""expected_frame_interval_ms"": 16.670639999210835, ""expected_refresh_rate_hz"": 60.0, ""expected_visual_onset_lsl_timestamp"": 504207.4112965, ""expected_visual_onset_monotonic"": 504207.375, ""expected_visual_onset_uncertainty_ms"": 8.335319999605417, ""fixed_display_latency_ms"": 0.0, ""flip_lsl_timestamp"": 504207.4112965, ""flip_monotonic"": 504207.375, ""is_no_go"": false, ""lsl_timestamp"": 504207.4112965, ""marker_push_latency_ms"": 0.0, ""measured_refresh_rate_hz"": 59.98569941210048, ""photodiode_verification_enabled"": false, ""scheduled_on_flip"": true, ""shape"": ""triangle"", ""timing_model"": ""psychopy_callOnFlip_plus_fixed_display_latency""}"
130,go_nogo_trial_complete,EVENT,504207.39,,"{""attention_challenge"": {""enabled"": false, ""expected_state"": ""normal"", ""is_cue_trial"": false}, ""button_press_count"": 0, ""commission_error"": 0, ""condition"": ""go"", ""correct"": false, ""correct_press"": 0, ""event_type_name"": ""go_nogo_trial_complete"", ""is_no_go"": false, ""omission_error"": 1, ""practice"": false, ""reaction_time_seconds"": null, ""schema_version"": 1, ""session_dir"": ""C:\\Users\\Surettej\\Documents\\Codespace\\eegle\\data\\participants\\sub-001-calibration\\sessions\\2026-07-14\\attention_lapse_go_nogo8_observe_only\\go_nogo\\run-20260714T125304"", ""source"": ""task.go_nogo"", ""stimulus_offset_lsl_timestamp"": 504207.4112965, ""stimulus_offset_monotonic"": 504207.375, ""stimulus_onset_lsl_timestamp"": 504206.6026945, ""stimulus_onset_monotonic"": 504206.578, ""task"": ""go_nogo""}"
131,go_nogo_stimulus_onset_131_go_hexagon_magenta,EVENT,504208.125,,"{""color"": ""magenta"", ""expected_frame_interval_ms"": 16.670639999210835, ""expected_refresh_rate_hz"": 60.0, ""expected_visual_onset_lsl_timestamp"": 504208.1498218, ""expected_visual_onset_monotonic"": 504208.125, ""expected_visual_onset_uncertainty_ms"": 8.335319999605417, ""fixed_display_latency_ms"": 0.0, ""flip_lsl_timestamp"": 504208.1498218, ""flip_monotonic"": 504208.125, ""is_no_go"": false, ""lsl_timestamp"": 504208.1498218, ""marker_push_latency_ms"": 0.0, ""measured_refresh_rate_hz"": 59.98569941210048, ""photodiode_verification_enabled"": false, ""scheduled_on_flip"": true, ""shape"": ""hexagon"", ""timing_model"": ""psychopy_callOnFlip_plus_fixed_display_latency""}"
131,button_press,EVENT,504208.53974599997,space,"{""is_response_key"": true, ""lsl_timestamp"": 504208.5645678, ""marker_push_latency_ms"": 0.0, ""rt_from_flip_seconds"": 0.41474599996581674, ""rt_seconds"": 0.41474599996581674}"
131,go_nogo_stimulus_offset_131_go_hexagon_magenta,EVENT,504208.937,,"{""color"": ""magenta"", ""expected_frame_interval_ms"": 16.670639999210835, ""expected_refresh_rate_hz"": 60.0, ""expected_visual_onset_lsl_timestamp"": 504208.9589185, ""expected_visual_onset_monotonic"": 504208.937, ""expected_visual_onset_uncertainty_ms"": 8.335319999605417, ""fixed_display_latency_ms"": 0.0, ""flip_lsl_timestamp"": 504208.9589185, ""flip_monotonic"": 504208.937, ""is_no_go"": false, ""lsl_timestamp"": 504208.9589185, ""marker_push_latency_ms"": 0.0, ""measured_refresh_rate_hz"": 59.98569941210048, ""photodiode_verification_enabled"": false, ""scheduled_on_flip"": true, ""shape"": ""hexagon"", ""timing_model"": ""psychopy_callOnFlip_plus_fixed_display_latency""}"
131,go_nogo_trial_complete,EVENT,504208.937,,"{""attention_challenge"": {""enabled"": false, ""expected_state"": ""normal"", ""is_cue_trial"": false}, ""button_press_count"": 1, ""commission_error"": 0, ""condition"": ""go"", ""correct"": true, ""correct_press"": 1, ""event_type_name"": ""go_nogo_trial_complete"", ""is_no_go"": false, ""omission_error"": 0, ""practice"": false, ""reaction_time_seconds"": 0.41474599996581674, ""schema_version"": 1, ""session_dir"": ""C:\\Users\\Surettej\\Documents\\Codespace\\eegle\\data\\participants\\sub-001-calibration\\sessions\\2026-07-14\\attention_lapse_go_nogo8_observe_only\\go_nogo\\run-20260714T125304"", ""source"": ""task.go_nogo"", ""stimulus_offset_lsl_timestamp"": 504208.9589185, ""stimulus_offset_monotonic"": 504208.937, ""stimulus_onset_lsl_timestamp"": 504208.1498218, ""stimulus_onset_monotonic"": 504208.125, ""task"": ""go_nogo""}"
132,go_nogo_stimulus_onset_132_go_square_red,EVENT,504209.687,,"{""color"": ""red"", ""expected_frame_interval_ms"": 16.670639999210835, ""expected_refresh_rate_hz"": 60.0, ""expected_visual_onset_lsl_timestamp"": 504209.7092302, ""expected_visual_onset_monotonic"": 504209.687, ""expected_visual_onset_uncertainty_ms"": 8.335319999605417, ""fixed_display_latency_ms"": 0.0, ""flip_lsl_timestamp"": 504209.7092302, ""flip_monotonic"": 504209.687, ""is_no_go"": false, ""lsl_timestamp"": 504209.7092302, ""marker_push_latency_ms"": 0.0, ""measured_refresh_rate_hz"": 59.98569941210048, ""photodiode_verification_enabled"": false, ""scheduled_on_flip"": true, ""shape"": ""square"", ""timing_model"": ""psychopy_callOnFlip_plus_fixed_display_latency""}"
132,button_press,EVENT,504210.054075,space,"{""is_response_key"": true, ""lsl_timestamp"": 504210.0763052, ""marker_push_latency_ms"": 0.0, ""rt_from_flip_seconds"": 0.3670750000164844, ""rt_seconds"": 0.3670750000164844}"
132,go_nogo_stimulus_offset_132_go_square_red,EVENT,504210.484,,"{""color"": ""red"", ""expected_frame_interval_ms"": 16.670639999210835, ""expected_refresh_rate_hz"": 60.0, ""expected_visual_onset_lsl_timestamp"": 504210.5182408, ""expected_visual_onset_monotonic"": 504210.484, ""expected_visual_onset_uncertainty_ms"": 8.335319999605417, ""fixed_display_latency_ms"": 0.0, ""flip_lsl_timestamp"": 504210.5182408, ""flip_monotonic"": 504210.484, ""is_no_go"": false, ""lsl_timestamp"": 504210.5182408, ""marker_push_latency_ms"": 0.0, ""measured_refresh_rate_hz"": 59.98569941210048, ""photodiode_verification_enabled"": false, ""scheduled_on_flip"": true, ""shape"": ""square"", ""timing_model"": ""psychopy_callOnFlip_plus_fixed_display_latency""}"
132,go_nogo_trial_complete,EVENT,504210.5,,"{""attention_challenge"": {""enabled"": false, ""expected_state"": ""normal"", ""is_cue_trial"": false}, ""button_press_count"": 1, ""commission_error"": 0, ""condition"": ""go"", ""correct"": true, ""correct_press"": 1, ""event_type_name"": ""go_nogo_trial_complete"", ""is_no_go"": false, ""omission_error"": 0, ""practice"": false, ""reaction_time_seconds"": 0.3670750000164844, ""schema_version"": 1, ""session_dir"": ""C:\\Users\\Surettej\\Documents\\Codespace\\eegle\\data\\participants\\sub-001-calibration\\sessions\\2026-07-14\\attention_lapse_go_nogo8_observe_only\\go_nogo\\run-20260714T125304"", ""source"": ""task.go_nogo"", ""stimulus_offset_lsl_timestamp"": 504210.5182408, ""stimulus_offset_monotonic"": 504210.484, ""stimulus_onset_lsl_timestamp"": 504209.7092302, ""stimulus_onset_monotonic"": 504209.687, ""task"": ""go_nogo""}"
133,go_nogo_stimulus_onset_133_go_star_magenta,EVENT,504211.234,,"{""color"": ""magenta"", ""expected_frame_interval_ms"": 16.670639999210835, ""expected_refresh_rate_hz"": 60.0, ""expected_visual_onset_lsl_timestamp"": 504211.2557587, ""expected_visual_onset_monotonic"": 504211.234, ""expected_visual_onset_uncertainty_ms"": 8.335319999605417, ""fixed_display_latency_ms"": 0.0, ""flip_lsl_timestamp"": 504211.2557587, ""flip_monotonic"": 504211.234, ""is_no_go"": false, ""lsl_timestamp"": 504211.2557587, ""marker_push_latency_ms"": 0.0, ""measured_refresh_rate_hz"": 59.98569941210048, ""photodiode_verification_enabled"": false, ""scheduled_on_flip"": true, ""shape"": ""star"", ""timing_model"": ""psychopy_callOnFlip_plus_fixed_display_latency""}"
133,button_press,EVENT,504211.5916781,space,"{""is_response_key"": true, ""lsl_timestamp"": 504211.6134368, ""marker_push_latency_ms"": 0.0, ""rt_from_flip_seconds"": 0.3576781000010669, ""rt_seconds"": 0.3576781000010669}"
133,go_nogo_stimulus_offset_133_go_star_magenta,EVENT,504212.031,,"{""color"": ""magenta"", ""expected_frame_interval_ms"": 16.670639999210835, ""expected_refresh_rate_hz"": 60.0, ""expected_visual_onset_lsl_timestamp"": 504212.0644748, ""expected_visual_onset_monotonic"": 504212.031, ""expected_visual_onset_uncertainty_ms"": 8.335319999605417, ""fixed_display_latency_ms"": 0.0, ""flip_lsl_timestamp"": 504212.0644748, ""flip_monotonic"": 504212.031, ""is_no_go"": false, ""lsl_timestamp"": 504212.0644748, ""marker_push_latency_ms"": 0.0, ""measured_refresh_rate_hz"": 59.98569941210048, ""photodiode_verification_enabled"": false, ""scheduled_on_flip"": true, ""shape"": ""star"", ""timing_model"": ""psychopy_callOnFlip_plus_fixed_display_latency""}"
133,go_nogo_trial_complete,EVENT,504212.046,,"{""attention_challenge"": {""enabled"": false, ""expected_state"": ""normal"", ""is_cue_trial"": false}, ""button_press_count"": 1, ""commission_error"": 0, ""condition"": ""go"", ""correct"": true, ""correct_press"": 1, ""event_type_name"": ""go_nogo_trial_complete"", ""is_no_go"": false, ""omission_error"": 0, ""practice"": false, ""reaction_time_seconds"": 0.3576781000010669, ""schema_version"": 1, ""session_dir"": ""C:\\Users\\Surettej\\Documents\\Codespace\\eegle\\data\\participants\\sub-001-calibration\\sessions\\2026-07-14\\attention_lapse_go_nogo8_observe_only\\go_nogo\\run-20260714T125304"", ""source"": ""task.go_nogo"", ""stimulus_offset_lsl_timestamp"": 504212.0644748, ""stimulus_offset_monotonic"": 504212.031, ""stimulus_onset_lsl_timestamp"": 504211.2557587, ""stimulus_onset_monotonic"": 504211.234, ""task"": ""go_nogo""}"
134,go_nogo_stimulus_onset_134_go_triangle_magenta,EVENT,504212.781,,"{""color"": ""magenta"", ""expected_frame_interval_ms"": 16.670639999210835, ""expected_refresh_rate_hz"": 60.0, ""expected_visual_onset_lsl_timestamp"": 504212.8036359, ""expected_visual_onset_monotonic"": 504212.781, ""expected_visual_onset_uncertainty_ms"": 8.335319999605417, ""fixed_display_latency_ms"": 0.0, ""flip_lsl_timestamp"": 504212.8036359, ""flip_monotonic"": 504212.781, ""is_no_go"": false, ""lsl_timestamp"": 504212.8036359, ""marker_push_latency_ms"": 0.0, ""measured_refresh_rate_hz"": 59.98569941210048, ""photodiode_verification_enabled"": false, ""scheduled_on_flip"": true, ""shape"": ""triangle"", ""timing_model"": ""psychopy_callOnFlip_plus_fixed_display_latency""}"
134,button_press,EVENT,504213.14947040007,space,"{""is_response_key"": true, ""lsl_timestamp"": 504213.1721063001, ""marker_push_latency_ms"": 0.0, ""rt_from_flip_seconds"": 0.36847040004795417, ""rt_seconds"": 0.36847040004795417}"
134,go_nogo_stimulus_offset_134_go_triangle_magenta,EVENT,504213.578,,"{""color"": ""magenta"", ""expected_frame_interval_ms"": 16.670639999210835, ""expected_refresh_rate_hz"": 60.0, ""expected_visual_onset_lsl_timestamp"": 504213.6138787, ""expected_visual_onset_monotonic"": 504213.578, ""expected_visual_onset_uncertainty_ms"": 8.335319999605417, ""fixed_display_latency_ms"": 0.0, ""flip_lsl_timestamp"": 504213.6138787, ""flip_monotonic"": 504213.578, ""is_no_go"": false, ""lsl_timestamp"": 504213.6138787, ""marker_push_latency_ms"": 0.0, ""measured_refresh_rate_hz"": 59.98569941210048, ""photodiode_verification_enabled"": false, ""scheduled_on_flip"": true, ""shape"": ""triangle"", ""timing_model"": ""psychopy_callOnFlip_plus_fixed_display_latency""}"
134,go_nogo_trial_complete,EVENT,504213.593,,"{""attention_challenge"": {""enabled"": false, ""expected_state"": ""normal"", ""is_cue_trial"": false}, ""button_press_count"": 1, ""commission_error"": 0, ""condition"": ""go"", ""correct"": true, ""correct_press"": 1, ""event_type_name"": ""go_nogo_trial_complete"", ""is_no_go"": false, ""omission_error"": 0, ""practice"": false, ""reaction_time_seconds"": 0.36847040004795417, ""schema_version"": 1, ""session_dir"": ""C:\\Users\\Surettej\\Documents\\Codespace\\eegle\\data\\participants\\sub-001-calibration\\sessions\\2026-07-14\\attention_lapse_go_nogo8_observe_only\\go_nogo\\run-20260714T125304"", ""source"": ""task.go_nogo"", ""stimulus_offset_lsl_timestamp"": 504213.6138787, ""stimulus_offset_monotonic"": 504213.578, ""stimulus_onset_lsl_timestamp"": 504212.8036359, ""stimulus_onset_monotonic"": 504212.781, ""task"": ""go_nogo""}"
135,go_nogo_stimulus_onset_135_go_square_red,EVENT,504214.328,,"{""color"": ""red"", ""expected_frame_interval_ms"": 16.670639999210835, ""expected_refresh_rate_hz"": 60.0, ""expected_visual_onset_lsl_timestamp"": 504214.352382, ""expected_visual_onset_monotonic"": 504214.328, ""expected_visual_onset_uncertainty_ms"": 8.335319999605417, ""fixed_display_latency_ms"": 0.0, ""flip_lsl_timestamp"": 504214.352382, ""flip_monotonic"": 504214.328, ""is_no_go"": false, ""lsl_timestamp"": 504214.352382, ""marker_push_latency_ms"": 0.0, ""measured_refresh_rate_hz"": 59.98569941210048, ""photodiode_verification_enabled"": false, ""scheduled_on_flip"": true, ""shape"": ""square"", ""timing_model"": ""psychopy_callOnFlip_plus_fixed_display_latency""}"
135,button_press,EVENT,504214.73230369994,space,"{""is_response_key"": true, ""lsl_timestamp"": 504214.7566857, ""marker_push_latency_ms"": 0.0, ""rt_from_flip_seconds"": 0.4043036999646574, ""rt_seconds"": 0.4043036999646574}"
135,go_nogo_stimulus_offset_135_go_square_red,EVENT,504215.125,,"{""color"": ""red"", ""expected_frame_interval_ms"": 16.670639999210835, ""expected_refresh_rate_hz"": 60.0, ""expected_visual_onset_lsl_timestamp"": 504215.1600862, ""expected_visual_onset_monotonic"": 504215.125, ""expected_visual_onset_uncertainty_ms"": 8.335319999605417, ""fixed_display_latency_ms"": 0.0, ""flip_lsl_timestamp"": 504215.1600862, ""flip_monotonic"": 504215.125, ""is_no_go"": false, ""lsl_timestamp"": 504215.1600862, ""marker_push_latency_ms"": 0.0, ""measured_refresh_rate_hz"": 59.98569941210048, ""photodiode_verification_enabled"": false, ""scheduled_on_flip"": true, ""shape"": ""square"", ""timing_model"": ""psychopy_callOnFlip_plus_fixed_display_latency""}"
135,go_nogo_trial_complete,EVENT,504215.14,,"{""attention_challenge"": {""enabled"": false, ""expected_state"": ""normal"", ""is_cue_trial"": false}, ""button_press_count"": 1, ""commission_error"": 0, ""condition"": ""go"", ""correct"": true, ""correct_press"": 1, ""event_type_name"": ""go_nogo_trial_complete"", ""is_no_go"": false, ""omission_error"": 0, ""practice"": false, ""reaction_time_seconds"": 0.4043036999646574, ""schema_version"": 1, ""session_dir"": ""C:\\Users\\Surettej\\Documents\\Codespace\\eegle\\data\\participants\\sub-001-calibration\\sessions\\2026-07-14\\attention_lapse_go_nogo8_observe_only\\go_nogo\\run-20260714T125304"", ""source"": ""task.go_nogo"", ""stimulus_offset_lsl_timestamp"": 504215.1600862, ""stimulus_offset_monotonic"": 504215.125, ""stimulus_onset_lsl_timestamp"": 504214.352382, ""stimulus_onset_monotonic"": 504214.328, ""task"": ""go_nogo""}"
136,go_nogo_stimulus_onset_136_go_square_blue,EVENT,504215.875,,"{""color"": ""blue"", ""expected_frame_interval_ms"": 16.670639999210835, ""expected_refresh_rate_hz"": 60.0, ""expected_visual_onset_lsl_timestamp"": 504215.899464, ""expected_visual_onset_monotonic"": 504215.875, ""expected_visual_onset_uncertainty_ms"": 8.335319999605417, ""fixed_display_latency_ms"": 0.0, ""flip_lsl_timestamp"": 504215.899464, ""flip_monotonic"": 504215.875, ""is_no_go"": false, ""lsl_timestamp"": 504215.899464, ""marker_push_latency_ms"": 0.0, ""measured_refresh_rate_hz"": 59.98569941210048, ""photodiode_verification_enabled"": false, ""scheduled_on_flip"": true, ""shape"": ""square"", ""timing_model"": ""psychopy_callOnFlip_plus_fixed_display_latency""}"
136,button_press,EVENT,504216.2444315,space,"{""is_response_key"": true, ""lsl_timestamp"": 504216.2688955, ""marker_push_latency_ms"": 0.0, ""rt_from_flip_seconds"": 0.3694314999738708, ""rt_seconds"": 0.3694314999738708}"
136,go_nogo_stimulus_offset_136_go_square_blue,EVENT,504216.671,,"{""color"": ""blue"", ""expected_frame_interval_ms"": 16.670639999210835, ""expected_refresh_rate_hz"": 60.0, ""expected_visual_onset_lsl_timestamp"": 504216.7075797, ""expected_visual_onset_monotonic"": 504216.671, ""expected_visual_onset_uncertainty_ms"": 8.335319999605417, ""fixed_display_latency_ms"": 0.0, ""flip_lsl_timestamp"": 504216.7075797, ""flip_monotonic"": 504216.671, ""is_no_go"": false, ""lsl_timestamp"": 504216.7075797, ""marker_push_latency_ms"": 0.0, ""measured_refresh_rate_hz"": 59.98569941210048, ""photodiode_verification_enabled"": false, ""scheduled_on_flip"": true, ""shape"": ""square"", ""timing_model"": ""psychopy_callOnFlip_plus_fixed_display_latency""}"
136,go_nogo_trial_complete,EVENT,504216.687,,"{""attention_challenge"": {""enabled"": false, ""expected_state"": ""normal"", ""is_cue_trial"": false}, ""button_press_count"": 1, ""commission_error"": 0, ""condition"": ""go"", ""correct"": true, ""correct_press"": 1, ""event_type_name"": ""go_nogo_trial_complete"", ""is_no_go"": false, ""omission_error"": 0, ""practice"": false, ""reaction_time_seconds"": 0.3694314999738708, ""schema_version"": 1, ""session_dir"": ""C:\\Users\\Surettej\\Documents\\Codespace\\eegle\\data\\participants\\sub-001-calibration\\sessions\\2026-07-14\\attention_lapse_go_nogo8_observe_only\\go_nogo\\run-20260714T125304"", ""source"": ""task.go_nogo"", ""stimulus_offset_lsl_timestamp"": 504216.7075797, ""stimulus_offset_monotonic"": 504216.671, ""stimulus_onset_lsl_timestamp"": 504215.899464, ""stimulus_onset_monotonic"": 504215.875, ""task"": ""go_nogo""}"
137,go_nogo_stimulus_onset_137_nogo_x_white,EVENT,504217.421,,"{""color"": ""white"", ""expected_frame_interval_ms"": 16.670639999210835, ""expected_refresh_rate_hz"": 60.0, ""expected_visual_onset_lsl_timestamp"": 504217.448799, ""expected_visual_onset_monotonic"": 504217.421, ""expected_visual_onset_uncertainty_ms"": 8.335319999605417, ""fixed_display_latency_ms"": 0.0, ""flip_lsl_timestamp"": 504217.448799, ""flip_monotonic"": 504217.421, ""is_no_go"": true, ""lsl_timestamp"": 504217.448799, ""marker_push_latency_ms"": 0.0, ""measured_refresh_rate_hz"": 59.98569941210048, ""photodiode_verification_enabled"": false, ""scheduled_on_flip"": true, ""shape"": ""x"", ""timing_model"": ""psychopy_callOnFlip_plus_fixed_display_latency""}"
137,go_nogo_stimulus_offset_137_nogo_x_white,EVENT,504218.234,,"{""color"": ""white"", ""expected_frame_interval_ms"": 16.670639999210835, ""expected_refresh_rate_hz"": 60.0, ""expected_visual_onset_lsl_timestamp"": 504218.2573787, ""expected_visual_onset_monotonic"": 504218.234, ""expected_visual_onset_uncertainty_ms"": 8.335319999605417, ""fixed_display_latency_ms"": 0.0, ""flip_lsl_timestamp"": 504218.2573787, ""flip_monotonic"": 504218.234, ""is_no_go"": true, ""lsl_timestamp"": 504218.2573787, ""marker_push_latency_ms"": 0.0, ""measured_refresh_rate_hz"": 59.98569941210048, ""photodiode_verification_enabled"": false, ""scheduled_on_flip"": true, ""shape"": ""x"", ""timing_model"": ""psychopy_callOnFlip_plus_fixed_display_latency""}"
137,go_nogo_trial_complete,EVENT,504218.234,,"{""attention_challenge"": {""enabled"": false, ""expected_state"": ""normal"", ""is_cue_trial"": false}, ""button_press_count"": 0, ""commission_error"": 0, ""condition"": ""no_go"", ""correct"": true, ""correct_press"": 1, ""event_type_name"": ""go_nogo_trial_complete"", ""is_no_go"": true, ""omission_error"": 0, ""practice"": false, ""reaction_time_seconds"": null, ""schema_version"": 1, ""session_dir"": ""C:\\Users\\Surettej\\Documents\\Codespace\\eegle\\data\\participants\\sub-001-calibration\\sessions\\2026-07-14\\attention_lapse_go_nogo8_observe_only\\go_nogo\\run-20260714T125304"", ""source"": ""task.go_nogo"", ""stimulus_offset_lsl_timestamp"": 504218.2573787, ""stimulus_offset_monotonic"": 504218.234, ""stimulus_onset_lsl_timestamp"": 504217.448799, ""stimulus_onset_monotonic"": 504217.421, ""task"": ""go_nogo""}"
138,go_nogo_stimulus_onset_138_go_hexagon_yellow,EVENT,504218.968,,"{""color"": ""yellow"", ""expected_frame_interval_ms"": 16.670639999210835, ""expected_refresh_rate_hz"": 60.0, ""expected_visual_onset_lsl_timestamp"": 504218.9979787, ""expected_visual_onset_monotonic"": 504218.968, ""expected_visual_onset_uncertainty_ms"": 8.335319999605417, ""fixed_display_latency_ms"": 0.0, ""flip_lsl_timestamp"": 504218.9979787, ""flip_monotonic"": 504218.968, ""is_no_go"": false, ""lsl_timestamp"": 504218.9979787, ""marker_push_latency_ms"": 0.0, ""measured_refresh_rate_hz"": 59.98569941210048, ""photodiode_verification_enabled"": false, ""scheduled_on_flip"": true, ""shape"": ""hexagon"", ""timing_model"": ""psychopy_callOnFlip_plus_fixed_display_latency""}"
138,button_press,EVENT,504219.3423502,space,"{""is_response_key"": true, ""lsl_timestamp"": 504219.3723289, ""marker_push_latency_ms"": 0.0, ""rt_from_flip_seconds"": 0.3743501999997534, ""rt_seconds"": 0.3743501999997534}"
138,go_nogo_stimulus_offset_138_go_hexagon_yellow,EVENT,504219.781,,"{""color"": ""yellow"", ""expected_frame_interval_ms"": 16.670639999210835, ""expected_refresh_rate_hz"": 60.0, ""expected_visual_onset_lsl_timestamp"": 504219.8145535, ""expected_visual_onset_monotonic"": 504219.781, ""expected_visual_onset_uncertainty_ms"": 8.335319999605417, ""fixed_display_latency_ms"": 0.0, ""flip_lsl_timestamp"": 504219.8145535, ""flip_monotonic"": 504219.781, ""is_no_go"": false, ""lsl_timestamp"": 504219.8145535, ""marker_push_latency_ms"": 0.0, ""measured_refresh_rate_hz"": 59.98569941210048, ""photodiode_verification_enabled"": false, ""scheduled_on_flip"": true, ""shape"": ""hexagon"", ""timing_model"": ""psychopy_callOnFlip_plus_fixed_display_latency""}"
138,go_nogo_trial_complete,EVENT,504219.796,,"{""attention_challenge"": {""enabled"": false, ""expected_state"": ""normal"", ""is_cue_trial"": false}, ""button_press_count"": 1, ""commission_error"": 0, ""condition"": ""go"", ""correct"": true, ""correct_press"": 1, ""event_type_name"": ""go_nogo_trial_complete"", ""is_no_go"": false, ""omission_error"": 0, ""practice"": false, ""reaction_time_seconds"": 0.3743501999997534, ""schema_version"": 1, ""session_dir"": ""C:\\Users\\Surettej\\Documents\\Codespace\\eegle\\data\\participants\\sub-001-calibration\\sessions\\2026-07-14\\attention_lapse_go_nogo8_observe_only\\go_nogo\\run-20260714T125304"", ""source"": ""task.go_nogo"", ""stimulus_offset_lsl_timestamp"": 504219.8145535, ""stimulus_offset_monotonic"": 504219.781, ""stimulus_onset_lsl_timestamp"": 504218.9979787, ""stimulus_onset_monotonic"": 504218.968, ""task"": ""go_nogo""}"
139,go_nogo_stimulus_onset_139_go_circle_green,EVENT,504220.546,,"{""color"": ""green"", ""expected_frame_interval_ms"": 16.670639999210835, ""expected_refresh_rate_hz"": 60.0, ""expected_visual_onset_lsl_timestamp"": 504220.5808681, ""expected_visual_onset_monotonic"": 504220.546, ""expected_visual_onset_uncertainty_ms"": 8.335319999605417, ""fixed_display_latency_ms"": 0.0, ""flip_lsl_timestamp"": 504220.5808681, ""flip_monotonic"": 504220.546, ""is_no_go"": false, ""lsl_timestamp"": 504220.5808681, ""marker_push_latency_ms"": 0.0, ""measured_refresh_rate_hz"": 59.98569941210048, ""photodiode_verification_enabled"": false, ""scheduled_on_flip"": true, ""shape"": ""circle"", ""timing_model"": ""psychopy_callOnFlip_plus_fixed_display_latency""}"
139,button_press,EVENT,504220.9241814,space,"{""is_response_key"": true, ""lsl_timestamp"": 504220.9590495, ""marker_push_latency_ms"": 0.0, ""rt_from_flip_seconds"": 0.37818140001036227, ""rt_seconds"": 0.37818140001036227}"
139,go_nogo_stimulus_offset_139_go_circle_green,EVENT,504221.359,,"{""color"": ""green"", ""expected_frame_interval_ms"": 16.670639999210835, ""expected_refresh_rate_hz"": 60.0, ""expected_visual_onset_lsl_timestamp"": 504221.3902324, ""expected_visual_onset_monotonic"": 504221.359, ""expected_visual_onset_uncertainty_ms"": 8.335319999605417, ""fixed_display_latency_ms"": 0.0, ""flip_lsl_timestamp"": 504221.3902324, ""flip_monotonic"": 504221.359, ""is_no_go"": false, ""lsl_timestamp"": 504221.3902324, ""marker_push_latency_ms"": 0.0, ""measured_refresh_rate_hz"": 59.98569941210048, ""photodiode_verification_enabled"": false, ""scheduled_on_flip"": true, ""shape"": ""circle"", ""timing_model"": ""psychopy_callOnFlip_plus_fixed_display_latency""}"
139,go_nogo_trial_complete,EVENT,504221.375,,"{""attention_challenge"": {""enabled"": false, ""expected_state"": ""normal"", ""is_cue_trial"": false}, ""button_press_count"": 1, ""commission_error"": 0, ""condition"": ""go"", ""correct"": true, ""correct_press"": 1, ""event_type_name"": ""go_nogo_trial_complete"", ""is_no_go"": false, ""omission_error"": 0, ""practice"": false, ""reaction_time_seconds"": 0.37818140001036227, ""schema_version"": 1, ""session_dir"": ""C:\\Users\\Surettej\\Documents\\Codespace\\eegle\\data\\participants\\sub-001-calibration\\sessions\\2026-07-14\\attention_lapse_go_nogo8_observe_only\\go_nogo\\run-20260714T125304"", ""source"": ""task.go_nogo"", ""stimulus_offset_lsl_timestamp"": 504221.3902324, ""stimulus_offset_monotonic"": 504221.359, ""stimulus_onset_lsl_timestamp"": 504220.5808681, ""stimulus_onset_monotonic"": 504220.546, ""task"": ""go_nogo""}"
140,go_nogo_stimulus_onset_140_nogo_x_white,EVENT,504222.109,,"{""color"": ""white"", ""expected_frame_interval_ms"": 16.670639999210835, ""expected_refresh_rate_hz"": 60.0, ""expected_visual_onset_lsl_timestamp"": 504222.1367761, ""expected_visual_onset_monotonic"": 504222.109, ""expected_visual_onset_uncertainty_ms"": 8.335319999605417, ""fixed_display_latency_ms"": 0.0, ""flip_lsl_timestamp"": 504222.1367761, ""flip_monotonic"": 504222.109, ""is_no_go"": true, ""lsl_timestamp"": 504222.1367761, ""marker_push_latency_ms"": 0.0, ""measured_refresh_rate_hz"": 59.98569941210048, ""photodiode_verification_enabled"": false, ""scheduled_on_flip"": true, ""shape"": ""x"", ""timing_model"": ""psychopy_callOnFlip_plus_fixed_display_latency""}"
140,button_press,EVENT,504222.4661892,space,"{""is_response_key"": true, ""lsl_timestamp"": 504222.4939653, ""marker_push_latency_ms"": 0.0, ""rt_from_flip_seconds"": 0.3571892000036314, ""rt_seconds"": 0.3571892000036314}"
140,go_nogo_stimulus_offset_140_nogo_x_white,EVENT,504222.921,,"{""color"": ""white"", ""expected_frame_interval_ms"": 16.670639999210835, ""expected_refresh_rate_hz"": 60.0, ""expected_visual_onset_lsl_timestamp"": 504222.9484933, ""expected_visual_onset_monotonic"": 504222.921, ""expected_visual_onset_uncertainty_ms"": 8.335319999605417, ""fixed_display_latency_ms"": 0.0, ""flip_lsl_timestamp"": 504222.9484933, ""flip_monotonic"": 504222.921, ""is_no_go"": true, ""lsl_timestamp"": 504222.9484933, ""marker_push_latency_ms"": 0.0, ""measured_refresh_rate_hz"": 59.98569941210048, ""photodiode_verification_enabled"": false, ""scheduled_on_flip"": true, ""shape"": ""x"", ""timing_model"": ""psychopy_callOnFlip_plus_fixed_display_latency""}"
140,go_nogo_trial_complete,EVENT,504222.921,,"{""attention_challenge"": {""enabled"": false, ""expected_state"": ""normal"", ""is_cue_trial"": false}, ""button_press_count"": 1, ""commission_error"": 1, ""condition"": ""no_go"", ""correct"": false, ""correct_press"": 0, ""event_type_name"": ""go_nogo_trial_complete"", ""is_no_go"": true, ""omission_error"": 0, ""practice"": false, ""reaction_time_seconds"": 0.3571892000036314, ""schema_version"": 1, ""session_dir"": ""C:\\Users\\Surettej\\Documents\\Codespace\\eegle\\data\\participants\\sub-001-calibration\\sessions\\2026-07-14\\attention_lapse_go_nogo8_observe_only\\go_nogo\\run-20260714T125304"", ""source"": ""task.go_nogo"", ""stimulus_offset_lsl_timestamp"": 504222.9484933, ""stimulus_offset_monotonic"": 504222.921, ""stimulus_onset_lsl_timestamp"": 504222.1367761, ""stimulus_onset_monotonic"": 504222.109, ""task"": ""go_nogo""}"
141,go_nogo_stimulus_onset_141_go_hexagon_blue,EVENT,504223.656,,"{""color"": ""blue"", ""expected_frame_interval_ms"": 16.670639999210835, ""expected_refresh_rate_hz"": 60.0, ""expected_visual_onset_lsl_timestamp"": 504223.6879572, ""expected_visual_onset_monotonic"": 504223.656, ""expected_visual_onset_uncertainty_ms"": 8.335319999605417, ""fixed_display_latency_ms"": 0.0, ""flip_lsl_timestamp"": 504223.6879572, ""flip_monotonic"": 504223.656, ""is_no_go"": false, ""lsl_timestamp"": 504223.6879572, ""marker_push_latency_ms"": 0.0, ""measured_refresh_rate_hz"": 59.98569941210048, ""photodiode_verification_enabled"": false, ""scheduled_on_flip"": true, ""shape"": ""hexagon"", ""timing_model"": ""psychopy_callOnFlip_plus_fixed_display_latency""}"
141,button_press,EVENT,504224.0773637,space,"{""is_response_key"": true, ""lsl_timestamp"": 504224.1093209, ""marker_push_latency_ms"": 0.0, ""rt_from_flip_seconds"": 0.4213637000066228, ""rt_seconds"": 0.4213637000066228}"
141,go_nogo_stimulus_offset_141_go_hexagon_blue,EVENT,504224.468,,"{""color"": ""blue"", ""expected_frame_interval_ms"": 16.670639999210835, ""expected_refresh_rate_hz"": 60.0, ""expected_visual_onset_lsl_timestamp"": 504224.4971005, ""expected_visual_onset_monotonic"": 504224.468, ""expected_visual_onset_uncertainty_ms"": 8.335319999605417, ""fixed_display_latency_ms"": 0.0, ""flip_lsl_timestamp"": 504224.4971005, ""flip_monotonic"": 504224.468, ""is_no_go"": false, ""lsl_timestamp"": 504224.4971005, ""marker_push_latency_ms"": 0.0, ""measured_refresh_rate_hz"": 59.98569941210048, ""photodiode_verification_enabled"": false, ""scheduled_on_flip"": true, ""shape"": ""hexagon"", ""timing_model"": ""psychopy_callOnFlip_plus_fixed_display_latency""}"
141,go_nogo_trial_complete,EVENT,504224.468,,"{""attention_challenge"": {""enabled"": false, ""expected_state"": ""normal"", ""is_cue_trial"": false}, ""button_press_count"": 1, ""commission_error"": 0, ""condition"": ""go"", ""correct"": true, ""correct_press"": 1, ""event_type_name"": ""go_nogo_trial_complete"", ""is_no_go"": false, ""omission_error"": 0, ""practice"": false, ""reaction_time_seconds"": 0.4213637000066228, ""schema_version"": 1, ""session_dir"": ""C:\\Users\\Surettej\\Documents\\Codespace\\eegle\\data\\participants\\sub-001-calibration\\sessions\\2026-07-14\\attention_lapse_go_nogo8_observe_only\\go_nogo\\run-20260714T125304"", ""source"": ""task.go_nogo"", ""stimulus_offset_lsl_timestamp"": 504224.4971005, ""stimulus_offset_monotonic"": 504224.468, ""stimulus_onset_lsl_timestamp"": 504223.6879572, ""stimulus_onset_monotonic"": 504223.656, ""task"": ""go_nogo""}"
142,go_nogo_stimulus_onset_142_nogo_x_white,EVENT,504225.218,,"{""color"": ""white"", ""expected_frame_interval_ms"": 16.670639999210835, ""expected_refresh_rate_hz"": 60.0, ""expected_visual_onset_lsl_timestamp"": 504225.2430413, ""expected_visual_onset_monotonic"": 504225.218, ""expected_visual_onset_uncertainty_ms"": 8.335319999605417, ""fixed_display_latency_ms"": 0.0, ""flip_lsl_timestamp"": 504225.2430413, ""flip_monotonic"": 504225.218, ""is_no_go"": true, ""lsl_timestamp"": 504225.2430413, ""marker_push_latency_ms"": 0.0, ""measured_refresh_rate_hz"": 59.98569941210048, ""photodiode_verification_enabled"": false, ""scheduled_on_flip"": true, ""shape"": ""x"", ""timing_model"": ""psychopy_callOnFlip_plus_fixed_display_latency""}"
142,button_press,EVENT,504225.88442980003,space,"{""is_response_key"": true, ""lsl_timestamp"": 504225.9094711, ""marker_push_latency_ms"": 0.0, ""rt_from_flip_seconds"": 0.6664298000396229, ""rt_seconds"": 0.6664298000396229}"
142,go_nogo_stimulus_offset_142_nogo_x_white,EVENT,504226.015,,"{""color"": ""white"", ""expected_frame_interval_ms"": 16.670639999210835, ""expected_refresh_rate_hz"": 60.0, ""expected_visual_onset_lsl_timestamp"": 504226.0515624, ""expected_visual_onset_monotonic"": 504226.015, ""expected_visual_onset_uncertainty_ms"": 8.335319999605417, ""fixed_display_latency_ms"": 0.0, ""flip_lsl_timestamp"": 504226.0515624, ""flip_monotonic"": 504226.015, ""is_no_go"": true, ""lsl_timestamp"": 504226.0515624, ""marker_push_latency_ms"": 0.0, ""measured_refresh_rate_hz"": 59.98569941210048, ""photodiode_verification_enabled"": false, ""scheduled_on_flip"": true, ""shape"": ""x"", ""timing_model"": ""psychopy_callOnFlip_plus_fixed_display_latency""}"
142,go_nogo_trial_complete,EVENT,504226.031,,"{""attention_challenge"": {""enabled"": false, ""expected_state"": ""normal"", ""is_cue_trial"": false}, ""button_press_count"": 1, ""commission_error"": 1, ""condition"": ""no_go"", ""correct"": false, ""correct_press"": 0, ""event_type_name"": ""go_nogo_trial_complete"", ""is_no_go"": true, ""omission_error"": 0, ""practice"": false, ""reaction_time_seconds"": 0.6664298000396229, ""schema_version"": 1, ""session_dir"": ""C:\\Users\\Surettej\\Documents\\Codespace\\eegle\\data\\participants\\sub-001-calibration\\sessions\\2026-07-14\\attention_lapse_go_nogo8_observe_only\\go_nogo\\run-20260714T125304"", ""source"": ""task.go_nogo"", ""stimulus_offset_lsl_timestamp"": 504226.0515624, ""stimulus_offset_monotonic"": 504226.015, ""stimulus_onset_lsl_timestamp"": 504225.2430413, ""stimulus_onset_monotonic"": 504225.218, ""task"": ""go_nogo""}"
143,go_nogo_stimulus_onset_143_nogo_x_white,EVENT,504226.765,,"{""color"": ""white"", ""expected_frame_interval_ms"": 16.670639999210835, ""expected_refresh_rate_hz"": 60.0, ""expected_visual_onset_lsl_timestamp"": 504226.7959989, ""expected_visual_onset_monotonic"": 504226.765, ""expected_visual_onset_uncertainty_ms"": 8.335319999605417, ""fixed_display_latency_ms"": 0.0, ""flip_lsl_timestamp"": 504226.7959989, ""flip_monotonic"": 504226.765, ""is_no_go"": true, ""lsl_timestamp"": 504226.7959989, ""marker_push_latency_ms"": 0.0, ""measured_refresh_rate_hz"": 59.98569941210048, ""photodiode_verification_enabled"": false, ""scheduled_on_flip"": true, ""shape"": ""x"", ""timing_model"": ""psychopy_callOnFlip_plus_fixed_display_latency""}"
143,button_press,EVENT,504227.0700687,space,"{""is_response_key"": true, ""lsl_timestamp"": 504227.1010676, ""marker_push_latency_ms"": 0.0, ""rt_from_flip_seconds"": 0.3050686999922618, ""rt_seconds"": 0.3050686999922618}"
143,go_nogo_stimulus_offset_143_nogo_x_white,EVENT,504227.578,,"{""color"": ""white"", ""expected_frame_interval_ms"": 16.670639999210835, ""expected_refresh_rate_hz"": 60.0, ""expected_visual_onset_lsl_timestamp"": 504227.6055154, ""expected_visual_onset_monotonic"": 504227.578, ""expected_visual_onset_uncertainty_ms"": 8.335319999605417, ""fixed_display_latency_ms"": 0.0, ""flip_lsl_timestamp"": 504227.6055154, ""flip_monotonic"": 504227.578, ""is_no_go"": true, ""lsl_timestamp"": 504227.6055154, ""marker_push_latency_ms"": 0.0, ""measured_refresh_rate_hz"": 59.98569941210048, ""photodiode_verification_enabled"": false, ""scheduled_on_flip"": true, ""shape"": ""x"", ""timing_model"": ""psychopy_callOnFlip_plus_fixed_display_latency""}"
143,go_nogo_trial_complete,EVENT,504227.578,,"{""attention_challenge"": {""enabled"": false, ""expected_state"": ""normal"", ""is_cue_trial"": false}, ""button_press_count"": 1, ""commission_error"": 1, ""condition"": ""no_go"", ""correct"": false, ""correct_press"": 0, ""event_type_name"": ""go_nogo_trial_complete"", ""is_no_go"": true, ""omission_error"": 0, ""practice"": false, ""reaction_time_seconds"": 0.3050686999922618, ""schema_version"": 1, ""session_dir"": ""C:\\Users\\Surettej\\Documents\\Codespace\\eegle\\data\\participants\\sub-001-calibration\\sessions\\2026-07-14\\attention_lapse_go_nogo8_observe_only\\go_nogo\\run-20260714T125304"", ""source"": ""task.go_nogo"", ""stimulus_offset_lsl_timestamp"": 504227.6055154, ""stimulus_offset_monotonic"": 504227.578, ""stimulus_onset_lsl_timestamp"": 504226.7959989, ""stimulus_onset_monotonic"": 504226.765, ""task"": ""go_nogo""}"
144,go_nogo_stimulus_onset_144_go_star_blue,EVENT,504228.312,,"{""color"": ""blue"", ""expected_frame_interval_ms"": 16.670639999210835, ""expected_refresh_rate_hz"": 60.0, ""expected_visual_onset_lsl_timestamp"": 504228.3458364, ""expected_visual_onset_monotonic"": 504228.312, ""expected_visual_onset_uncertainty_ms"": 8.335319999605417, ""fixed_display_latency_ms"": 0.0, ""flip_lsl_timestamp"": 504228.3458364, ""flip_monotonic"": 504228.312, ""is_no_go"": false, ""lsl_timestamp"": 504228.3458364, ""marker_push_latency_ms"": 0.0, ""measured_refresh_rate_hz"": 59.98569941210048, ""photodiode_verification_enabled"": false, ""scheduled_on_flip"": true, ""shape"": ""star"", ""timing_model"": ""psychopy_callOnFlip_plus_fixed_display_latency""}"
144,button_press,EVENT,504228.69032419997,space,"{""is_response_key"": true, ""lsl_timestamp"": 504228.7241606, ""marker_push_latency_ms"": 0.0, ""rt_from_flip_seconds"": 0.37832419999176636, ""rt_seconds"": 0.37832419999176636}"
144,go_nogo_stimulus_offset_144_go_star_blue,EVENT,504229.14,,"{""color"": ""blue"", ""expected_frame_interval_ms"": 16.670639999210835, ""expected_refresh_rate_hz"": 60.0, ""expected_visual_onset_lsl_timestamp"": 504229.1679784, ""expected_visual_onset_monotonic"": 504229.14, ""expected_visual_onset_uncertainty_ms"": 8.335319999605417, ""fixed_display_latency_ms"": 0.0, ""flip_lsl_timestamp"": 504229.1679784, ""flip_monotonic"": 504229.14, ""is_no_go"": false, ""lsl_timestamp"": 504229.1679784, ""marker_push_latency_ms"": 0.0, ""measured_refresh_rate_hz"": 59.98569941210048, ""photodiode_verification_enabled"": false, ""scheduled_on_flip"": true, ""shape"": ""star"", ""timing_model"": ""psychopy_callOnFlip_plus_fixed_display_latency""}"
144,go_nogo_trial_complete,EVENT,504229.14,,"{""attention_challenge"": {""enabled"": false, ""expected_state"": ""normal"", ""is_cue_trial"": false}, ""button_press_count"": 1, ""commission_error"": 0, ""condition"": ""go"", ""correct"": true, ""correct_press"": 1, ""event_type_name"": ""go_nogo_trial_complete"", ""is_no_go"": false, ""omission_error"": 0, ""practice"": false, ""reaction_time_seconds"": 0.37832419999176636, ""schema_version"": 1, ""session_dir"": ""C:\\Users\\Surettej\\Documents\\Codespace\\eegle\\data\\participants\\sub-001-calibration\\sessions\\2026-07-14\\attention_lapse_go_nogo8_observe_only\\go_nogo\\run-20260714T125304"", ""source"": ""task.go_nogo"", ""stimulus_offset_lsl_timestamp"": 504229.1679784, ""stimulus_offset_monotonic"": 504229.14, ""stimulus_onset_lsl_timestamp"": 504228.3458364, ""stimulus_onset_monotonic"": 504228.312, ""task"": ""go_nogo""}"
145,go_nogo_stimulus_onset_145_go_square_magenta,EVENT,504229.875,,"{""color"": ""magenta"", ""expected_frame_interval_ms"": 16.670639999210835, ""expected_refresh_rate_hz"": 60.0, ""expected_visual_onset_lsl_timestamp"": 504229.9068089, ""expected_visual_onset_monotonic"": 504229.875, ""expected_visual_onset_uncertainty_ms"": 8.335319999605417, ""fixed_display_latency_ms"": 0.0, ""flip_lsl_timestamp"": 504229.9068089, ""flip_monotonic"": 504229.875, ""is_no_go"": false, ""lsl_timestamp"": 504229.9068089, ""marker_push_latency_ms"": 0.0, ""measured_refresh_rate_hz"": 59.98569941210048, ""photodiode_verification_enabled"": false, ""scheduled_on_flip"": true, ""shape"": ""square"", ""timing_model"": ""psychopy_callOnFlip_plus_fixed_display_latency""}"
145,button_press,EVENT,504230.4052991,space,"{""is_response_key"": true, ""lsl_timestamp"": 504230.437108, ""marker_push_latency_ms"": 0.0, ""rt_from_flip_seconds"": 0.5302990999771282, ""rt_seconds"": 0.5302990999771282}"
145,go_nogo_stimulus_offset_145_go_square_magenta,EVENT,504230.687,,"{""color"": ""magenta"", ""expected_frame_interval_ms"": 16.670639999210835, ""expected_refresh_rate_hz"": 60.0, ""expected_visual_onset_lsl_timestamp"": 504230.7186758, ""expected_visual_onset_monotonic"": 504230.687, ""expected_visual_onset_uncertainty_ms"": 8.335319999605417, ""fixed_display_latency_ms"": 0.0, ""flip_lsl_timestamp"": 504230.7186758, ""flip_monotonic"": 504230.687, ""is_no_go"": false, ""lsl_timestamp"": 504230.7186758, ""marker_push_latency_ms"": 0.0, ""measured_refresh_rate_hz"": 59.98569941210048, ""photodiode_verification_enabled"": false, ""scheduled_on_flip"": true, ""shape"": ""square"", ""timing_model"": ""psychopy_callOnFlip_plus_fixed_display_latency""}"
145,go_nogo_trial_complete,EVENT,504230.703,,"{""attention_challenge"": {""enabled"": false, ""expected_state"": ""normal"", ""is_cue_trial"": false}, ""button_press_count"": 1, ""commission_error"": 0, ""condition"": ""go"", ""correct"": true, ""correct_press"": 1, ""event_type_name"": ""go_nogo_trial_complete"", ""is_no_go"": false, ""omission_error"": 0, ""practice"": false, ""reaction_time_seconds"": 0.5302990999771282, ""schema_version"": 1, ""session_dir"": ""C:\\Users\\Surettej\\Documents\\Codespace\\eegle\\data\\participants\\sub-001-calibration\\sessions\\2026-07-14\\attention_lapse_go_nogo8_observe_only\\go_nogo\\run-20260714T125304"", ""source"": ""task.go_nogo"", ""stimulus_offset_lsl_timestamp"": 504230.7186758, ""stimulus_offset_monotonic"": 504230.687, ""stimulus_onset_lsl_timestamp"": 504229.9068089, ""stimulus_onset_monotonic"": 504229.875, ""task"": ""go_nogo""}"
146,go_nogo_stimulus_onset_146_nogo_x_white,EVENT,504231.437,,"{""color"": ""white"", ""expected_frame_interval_ms"": 16.670639999210835, ""expected_refresh_rate_hz"": 60.0, ""expected_visual_onset_lsl_timestamp"": 504231.4687968, ""expected_visual_onset_monotonic"": 504231.437, ""expected_visual_onset_uncertainty_ms"": 8.335319999605417, ""fixed_display_latency_ms"": 0.0, ""flip_lsl_timestamp"": 504231.4687968, ""flip_monotonic"": 504231.437, ""is_no_go"": true, ""lsl_timestamp"": 504231.4687968, ""marker_push_latency_ms"": 0.0, ""measured_refresh_rate_hz"": 59.98569941210048, ""photodiode_verification_enabled"": false, ""scheduled_on_flip"": true, ""shape"": ""x"", ""timing_model"": ""psychopy_callOnFlip_plus_fixed_display_latency""}"
146,go_nogo_stimulus_offset_146_nogo_x_white,EVENT,504232.25,,"{""color"": ""white"", ""expected_frame_interval_ms"": 16.670639999210835, ""expected_refresh_rate_hz"": 60.0, ""expected_visual_onset_lsl_timestamp"": 504232.2860346, ""expected_visual_onset_monotonic"": 504232.25, ""expected_visual_onset_uncertainty_ms"": 8.335319999605417, ""fixed_display_latency_ms"": 0.0, ""flip_lsl_timestamp"": 504232.2860346, ""flip_monotonic"": 504232.25, ""is_no_go"": true, ""lsl_timestamp"": 504232.2860346, ""marker_push_latency_ms"": 0.0, ""measured_refresh_rate_hz"": 59.98569941210048, ""photodiode_verification_enabled"": false, ""scheduled_on_flip"": true, ""shape"": ""x"", ""timing_model"": ""psychopy_callOnFlip_plus_fixed_display_latency""}"
146,go_nogo_trial_complete,EVENT,504232.265,,"{""attention_challenge"": {""enabled"": false, ""expected_state"": ""normal"", ""is_cue_trial"": false}, ""button_press_count"": 0, ""commission_error"": 0, ""condition"": ""no_go"", ""correct"": true, ""correct_press"": 1, ""event_type_name"": ""go_nogo_trial_complete"", ""is_no_go"": true, ""omission_error"": 0, ""practice"": false, ""reaction_time_seconds"": null, ""schema_version"": 1, ""session_dir"": ""C:\\Users\\Surettej\\Documents\\Codespace\\eegle\\data\\participants\\sub-001-calibration\\sessions\\2026-07-14\\attention_lapse_go_nogo8_observe_only\\go_nogo\\run-20260714T125304"", ""source"": ""task.go_nogo"", ""stimulus_offset_lsl_timestamp"": 504232.2860346, ""stimulus_offset_monotonic"": 504232.25, ""stimulus_onset_lsl_timestamp"": 504231.4687968, ""stimulus_onset_monotonic"": 504231.437, ""task"": ""go_nogo""}"
147,go_nogo_stimulus_onset_147_go_hexagon_green,EVENT,504233.0,,"{""color"": ""green"", ""expected_frame_interval_ms"": 16.670639999210835, ""expected_refresh_rate_hz"": 60.0, ""expected_visual_onset_lsl_timestamp"": 504233.0265243, ""expected_visual_onset_monotonic"": 504233.0, ""expected_visual_onset_uncertainty_ms"": 8.335319999605417, ""fixed_display_latency_ms"": 0.0, ""flip_lsl_timestamp"": 504233.0265243, ""flip_monotonic"": 504233.0, ""is_no_go"": false, ""lsl_timestamp"": 504233.0265243, ""marker_push_latency_ms"": 0.0, ""measured_refresh_rate_hz"": 59.98569941210048, ""photodiode_verification_enabled"": false, ""scheduled_on_flip"": true, ""shape"": ""hexagon"", ""timing_model"": ""psychopy_callOnFlip_plus_fixed_display_latency""}"
147,go_nogo_stimulus_offset_147_go_hexagon_green,EVENT,504233.812,,"{""color"": ""green"", ""expected_frame_interval_ms"": 16.670639999210835, ""expected_refresh_rate_hz"": 60.0, ""expected_visual_onset_lsl_timestamp"": 504233.8337885, ""expected_visual_onset_monotonic"": 504233.812, ""expected_visual_onset_uncertainty_ms"": 8.335319999605417, ""fixed_display_latency_ms"": 0.0, ""flip_lsl_timestamp"": 504233.8337885, ""flip_monotonic"": 504233.812, ""is_no_go"": false, ""lsl_timestamp"": 504233.8337885, ""marker_push_latency_ms"": 0.0, ""measured_refresh_rate_hz"": 59.98569941210048, ""photodiode_verification_enabled"": false, ""scheduled_on_flip"": true, ""shape"": ""hexagon"", ""timing_model"": ""psychopy_callOnFlip_plus_fixed_display_latency""}"
147,go_nogo_trial_complete,EVENT,504233.812,,"{""attention_challenge"": {""enabled"": false, ""expected_state"": ""normal"", ""is_cue_trial"": false}, ""button_press_count"": 0, ""commission_error"": 0, ""condition"": ""go"", ""correct"": false, ""correct_press"": 0, ""event_type_name"": ""go_nogo_trial_complete"", ""is_no_go"": false, ""omission_error"": 1, ""practice"": false, ""reaction_time_seconds"": null, ""schema_version"": 1, ""session_dir"": ""C:\\Users\\Surettej\\Documents\\Codespace\\eegle\\data\\participants\\sub-001-calibration\\sessions\\2026-07-14\\attention_lapse_go_nogo8_observe_only\\go_nogo\\run-20260714T125304"", ""source"": ""task.go_nogo"", ""stimulus_offset_lsl_timestamp"": 504233.8337885, ""stimulus_offset_monotonic"": 504233.812, ""stimulus_onset_lsl_timestamp"": 504233.0265243, ""stimulus_onset_monotonic"": 504233.0, ""task"": ""go_nogo""}"
148,go_nogo_stimulus_onset_148_go_square_magenta,EVENT,504234.546,,"{""color"": ""magenta"", ""expected_frame_interval_ms"": 16.670639999210835, ""expected_refresh_rate_hz"": 60.0, ""expected_visual_onset_lsl_timestamp"": 504234.5736255, ""expected_visual_onset_monotonic"": 504234.546, ""expected_visual_onset_uncertainty_ms"": 8.335319999605417, ""fixed_display_latency_ms"": 0.0, ""flip_lsl_timestamp"": 504234.5736255, ""flip_monotonic"": 504234.546, ""is_no_go"": false, ""lsl_timestamp"": 504234.5736255, ""marker_push_latency_ms"": 0.0, ""measured_refresh_rate_hz"": 59.98569941210048, ""photodiode_verification_enabled"": false, ""scheduled_on_flip"": true, ""shape"": ""square"", ""timing_model"": ""psychopy_callOnFlip_plus_fixed_display_latency""}"
148,button_press,EVENT,504234.88940539997,space,"{""is_response_key"": true, ""lsl_timestamp"": 504234.9170309, ""marker_push_latency_ms"": 0.0, ""rt_from_flip_seconds"": 0.3434053999953903, ""rt_seconds"": 0.3434053999953903}"
148,go_nogo_stimulus_offset_148_go_square_magenta,EVENT,504235.359,,"{""color"": ""magenta"", ""expected_frame_interval_ms"": 16.670639999210835, ""expected_refresh_rate_hz"": 60.0, ""expected_visual_onset_lsl_timestamp"": 504235.3832364, ""expected_visual_onset_monotonic"": 504235.359, ""expected_visual_onset_uncertainty_ms"": 8.335319999605417, ""fixed_display_latency_ms"": 0.0, ""flip_lsl_timestamp"": 504235.3832364, ""flip_monotonic"": 504235.359, ""is_no_go"": false, ""lsl_timestamp"": 504235.3832364, ""marker_push_latency_ms"": 0.0, ""measured_refresh_rate_hz"": 59.98569941210048, ""photodiode_verification_enabled"": false, ""scheduled_on_flip"": true, ""shape"": ""square"", ""timing_model"": ""psychopy_callOnFlip_plus_fixed_display_latency""}"
148,go_nogo_trial_complete,EVENT,504235.359,,"{""attention_challenge"": {""enabled"": false, ""expected_state"": ""normal"", ""is_cue_trial"": false}, ""button_press_count"": 1, ""commission_error"": 0, ""condition"": ""go"", ""correct"": true, ""correct_press"": 1, ""event_type_name"": ""go_nogo_trial_complete"", ""is_no_go"": false, ""omission_error"": 0, ""practice"": false, ""reaction_time_seconds"": 0.3434053999953903, ""schema_version"": 1, ""session_dir"": ""C:\\Users\\Surettej\\Documents\\Codespace\\eegle\\data\\participants\\sub-001-calibration\\sessions\\2026-07-14\\attention_lapse_go_nogo8_observe_only\\go_nogo\\run-20260714T125304"", ""source"": ""task.go_nogo"", ""stimulus_offset_lsl_timestamp"": 504235.3832364, ""stimulus_offset_monotonic"": 504235.359, ""stimulus_onset_lsl_timestamp"": 504234.5736255, ""stimulus_onset_monotonic"": 504234.546, ""task"": ""go_nogo""}"
149,go_nogo_stimulus_onset_149_nogo_x_white,EVENT,504236.109,,"{""color"": ""white"", ""expected_frame_interval_ms"": 16.670639999210835, ""expected_refresh_rate_hz"": 60.0, ""expected_visual_onset_lsl_timestamp"": 504236.1294966, ""expected_visual_onset_monotonic"": 504236.109, ""expected_visual_onset_uncertainty_ms"": 8.335319999605417, ""fixed_display_latency_ms"": 0.0, ""flip_lsl_timestamp"": 504236.1294966, ""flip_monotonic"": 504236.109, ""is_no_go"": true, ""lsl_timestamp"": 504236.1294966, ""marker_push_latency_ms"": 0.0, ""measured_refresh_rate_hz"": 59.98569941210048, ""photodiode_verification_enabled"": false, ""scheduled_on_flip"": true, ""shape"": ""x"", ""timing_model"": ""psychopy_callOnFlip_plus_fixed_display_latency""}"
149,go_nogo_stimulus_offset_149_nogo_x_white,EVENT,504236.906,,"{""color"": ""white"", ""expected_frame_interval_ms"": 16.670639999210835, ""expected_refresh_rate_hz"": 60.0, ""expected_visual_onset_lsl_timestamp"": 504236.9382031, ""expected_visual_onset_monotonic"": 504236.906, ""expected_visual_onset_uncertainty_ms"": 8.335319999605417, ""fixed_display_latency_ms"": 0.0, ""flip_lsl_timestamp"": 504236.9382031, ""flip_monotonic"": 504236.906, ""is_no_go"": true, ""lsl_timestamp"": 504236.9382031, ""marker_push_latency_ms"": 0.0, ""measured_refresh_rate_hz"": 59.98569941210048, ""photodiode_verification_enabled"": false, ""scheduled_on_flip"": true, ""shape"": ""x"", ""timing_model"": ""psychopy_callOnFlip_plus_fixed_display_latency""}"
149,go_nogo_trial_complete,EVENT,504236.921,,"{""attention_challenge"": {""enabled"": false, ""expected_state"": ""normal"", ""is_cue_trial"": false}, ""button_press_count"": 0, ""commission_error"": 0, ""condition"": ""no_go"", ""correct"": true, ""correct_press"": 1, ""event_type_name"": ""go_nogo_trial_complete"", ""is_no_go"": true, ""omission_error"": 0, ""practice"": false, ""reaction_time_seconds"": null, ""schema_version"": 1, ""session_dir"": ""C:\\Users\\Surettej\\Documents\\Codespace\\eegle\\data\\participants\\sub-001-calibration\\sessions\\2026-07-14\\attention_lapse_go_nogo8_observe_only\\go_nogo\\run-20260714T125304"", ""source"": ""task.go_nogo"", ""stimulus_offset_lsl_timestamp"": 504236.9382031, ""stimulus_offset_monotonic"": 504236.906, ""stimulus_onset_lsl_timestamp"": 504236.1294966, ""stimulus_onset_monotonic"": 504236.109, ""task"": ""go_nogo""}"
150,go_nogo_stimulus_onset_150_go_hexagon_yellow,EVENT,504237.656,,"{""color"": ""yellow"", ""expected_frame_interval_ms"": 16.670639999210835, ""expected_refresh_rate_hz"": 60.0, ""expected_visual_onset_lsl_timestamp"": 504237.6785306, ""expected_visual_onset_monotonic"": 504237.656, ""expected_visual_onset_uncertainty_ms"": 8.335319999605417, ""fixed_display_latency_ms"": 0.0, ""flip_lsl_timestamp"": 504237.6785306, ""flip_monotonic"": 504237.656, ""is_no_go"": false, ""lsl_timestamp"": 504237.6785306, ""marker_push_latency_ms"": 0.0, ""measured_refresh_rate_hz"": 59.98569941210048, ""photodiode_verification_enabled"": false, ""scheduled_on_flip"": true, ""shape"": ""hexagon"", ""timing_model"": ""psychopy_callOnFlip_plus_fixed_display_latency""}"
150,button_press,EVENT,504238.28578120004,space,"{""is_response_key"": true, ""lsl_timestamp"": 504238.3083118, ""marker_push_latency_ms"": 0.0, ""rt_from_flip_seconds"": 0.6297812000266276, ""rt_seconds"": 0.6297812000266276}"
150,go_nogo_stimulus_offset_150_go_hexagon_yellow,EVENT,504238.453,,"{""color"": ""yellow"", ""expected_frame_interval_ms"": 16.670639999210835, ""expected_refresh_rate_hz"": 60.0, ""expected_visual_onset_lsl_timestamp"": 504238.4888897, ""expected_visual_onset_monotonic"": 504238.453, ""expected_visual_onset_uncertainty_ms"": 8.335319999605417, ""fixed_display_latency_ms"": 0.0, ""flip_lsl_timestamp"": 504238.4888897, ""flip_monotonic"": 504238.453, ""is_no_go"": false, ""lsl_timestamp"": 504238.4888897, ""marker_push_latency_ms"": 0.0, ""measured_refresh_rate_hz"": 59.98569941210048, ""photodiode_verification_enabled"": false, ""scheduled_on_flip"": true, ""shape"": ""hexagon"", ""timing_model"": ""psychopy_callOnFlip_plus_fixed_display_latency""}"
150,go_nogo_trial_complete,EVENT,504238.468,,"{""attention_challenge"": {""enabled"": false, ""expected_state"": ""normal"", ""is_cue_trial"": false}, ""button_press_count"": 1, ""commission_error"": 0, ""condition"": ""go"", ""correct"": true, ""correct_press"": 1, ""event_type_name"": ""go_nogo_trial_complete"", ""is_no_go"": false, ""omission_error"": 0, ""practice"": false, ""reaction_time_seconds"": 0.6297812000266276, ""schema_version"": 1, ""session_dir"": ""C:\\Users\\Surettej\\Documents\\Codespace\\eegle\\data\\participants\\sub-001-calibration\\sessions\\2026-07-14\\attention_lapse_go_nogo8_observe_only\\go_nogo\\run-20260714T125304"", ""source"": ""task.go_nogo"", ""stimulus_offset_lsl_timestamp"": 504238.4888897, ""stimulus_offset_monotonic"": 504238.453, ""stimulus_onset_lsl_timestamp"": 504237.6785306, ""stimulus_onset_monotonic"": 504237.656, ""task"": ""go_nogo""}"
151,go_nogo_stimulus_onset_151_go_triangle_yellow,EVENT,504239.203,,"{""color"": ""yellow"", ""expected_frame_interval_ms"": 16.670639999210835, ""expected_refresh_rate_hz"": 60.0, ""expected_visual_onset_lsl_timestamp"": 504239.2291656, ""expected_visual_onset_monotonic"": 504239.203, ""expected_visual_onset_uncertainty_ms"": 8.335319999605417, ""fixed_display_latency_ms"": 0.0, ""flip_lsl_timestamp"": 504239.2291656, ""flip_monotonic"": 504239.203, ""is_no_go"": false, ""lsl_timestamp"": 504239.2291656, ""marker_push_latency_ms"": 0.0, ""measured_refresh_rate_hz"": 59.98569941210048, ""photodiode_verification_enabled"": false, ""scheduled_on_flip"": true, ""shape"": ""triangle"", ""timing_model"": ""psychopy_callOnFlip_plus_fixed_display_latency""}"
151,go_nogo_stimulus_offset_151_go_triangle_yellow,EVENT,504240.015,,"{""color"": ""yellow"", ""expected_frame_interval_ms"": 16.670639999210835, ""expected_refresh_rate_hz"": 60.0, ""expected_visual_onset_lsl_timestamp"": 504240.0380102, ""expected_visual_onset_monotonic"": 504240.015, ""expected_visual_onset_uncertainty_ms"": 8.335319999605417, ""fixed_display_latency_ms"": 0.0, ""flip_lsl_timestamp"": 504240.0380102, ""flip_monotonic"": 504240.015, ""is_no_go"": false, ""lsl_timestamp"": 504240.0380102, ""marker_push_latency_ms"": 0.0, ""measured_refresh_rate_hz"": 59.98569941210048, ""photodiode_verification_enabled"": false, ""scheduled_on_flip"": true, ""shape"": ""triangle"", ""timing_model"": ""psychopy_callOnFlip_plus_fixed_display_latency""}"
151,go_nogo_trial_complete,EVENT,504240.015,,"{""attention_challenge"": {""enabled"": false, ""expected_state"": ""normal"", ""is_cue_trial"": false}, ""button_press_count"": 0, ""commission_error"": 0, ""condition"": ""go"", ""correct"": false, ""correct_press"": 0, ""event_type_name"": ""go_nogo_trial_complete"", ""is_no_go"": false, ""omission_error"": 1, ""practice"": false, ""reaction_time_seconds"": null, ""schema_version"": 1, ""session_dir"": ""C:\\Users\\Surettej\\Documents\\Codespace\\eegle\\data\\participants\\sub-001-calibration\\sessions\\2026-07-14\\attention_lapse_go_nogo8_observe_only\\go_nogo\\run-20260714T125304"", ""source"": ""task.go_nogo"", ""stimulus_offset_lsl_timestamp"": 504240.0380102, ""stimulus_offset_monotonic"": 504240.015, ""stimulus_onset_lsl_timestamp"": 504239.2291656, ""stimulus_onset_monotonic"": 504239.203, ""task"": ""go_nogo""}"
152,go_nogo_stimulus_onset_152_go_circle_magenta,EVENT,504240.765,,"{""color"": ""magenta"", ""expected_frame_interval_ms"": 16.670639999210835, ""expected_refresh_rate_hz"": 60.0, ""expected_visual_onset_lsl_timestamp"": 504240.7975421, ""expected_visual_onset_monotonic"": 504240.765, ""expected_visual_onset_uncertainty_ms"": 8.335319999605417, ""fixed_display_latency_ms"": 0.0, ""flip_lsl_timestamp"": 504240.7975421, ""flip_monotonic"": 504240.765, ""is_no_go"": false, ""lsl_timestamp"": 504240.7975421, ""marker_push_latency_ms"": 0.0, ""measured_refresh_rate_hz"": 59.98569941210048, ""photodiode_verification_enabled"": false, ""scheduled_on_flip"": true, ""shape"": ""circle"", ""timing_model"": ""psychopy_callOnFlip_plus_fixed_display_latency""}"
152,button_press,EVENT,504241.14859560004,space,"{""is_response_key"": true, ""lsl_timestamp"": 504241.18113770004, ""marker_push_latency_ms"": 0.0, ""rt_from_flip_seconds"": 0.38359560002572834, ""rt_seconds"": 0.38359560002572834}"
152,go_nogo_stimulus_offset_152_go_circle_magenta,EVENT,504241.578,,"{""color"": ""magenta"", ""expected_frame_interval_ms"": 16.670639999210835, ""expected_refresh_rate_hz"": 60.0, ""expected_visual_onset_lsl_timestamp"": 504241.6063847, ""expected_visual_onset_monotonic"": 504241.578, ""expected_visual_onset_uncertainty_ms"": 8.335319999605417, ""fixed_display_latency_ms"": 0.0, ""flip_lsl_timestamp"": 504241.6063847, ""flip_monotonic"": 504241.578, ""is_no_go"": false, ""lsl_timestamp"": 504241.6063847, ""marker_push_latency_ms"": 0.0, ""measured_refresh_rate_hz"": 59.98569941210048, ""photodiode_verification_enabled"": false, ""scheduled_on_flip"": true, ""shape"": ""circle"", ""timing_model"": ""psychopy_callOnFlip_plus_fixed_display_latency""}"
152,go_nogo_trial_complete,EVENT,504241.578,,"{""attention_challenge"": {""enabled"": false, ""expected_state"": ""normal"", ""is_cue_trial"": false}, ""button_press_count"": 1, ""commission_error"": 0, ""condition"": ""go"", ""correct"": true, ""correct_press"": 1, ""event_type_name"": ""go_nogo_trial_complete"", ""is_no_go"": false, ""omission_error"": 0, ""practice"": false, ""reaction_time_seconds"": 0.38359560002572834, ""schema_version"": 1, ""session_dir"": ""C:\\Users\\Surettej\\Documents\\Codespace\\eegle\\data\\participants\\sub-001-calibration\\sessions\\2026-07-14\\attention_lapse_go_nogo8_observe_only\\go_nogo\\run-20260714T125304"", ""source"": ""task.go_nogo"", ""stimulus_offset_lsl_timestamp"": 504241.6063847, ""stimulus_offset_monotonic"": 504241.578, ""stimulus_onset_lsl_timestamp"": 504240.7975421, ""stimulus_onset_monotonic"": 504240.765, ""task"": ""go_nogo""}"
153,go_nogo_stimulus_onset_153_nogo_x_white,EVENT,504242.328,,"{""color"": ""white"", ""expected_frame_interval_ms"": 16.670639999210835, ""expected_refresh_rate_hz"": 60.0, ""expected_visual_onset_lsl_timestamp"": 504242.3542709, ""expected_visual_onset_monotonic"": 504242.328, ""expected_visual_onset_uncertainty_ms"": 8.335319999605417, ""fixed_display_latency_ms"": 0.0, ""flip_lsl_timestamp"": 504242.3542709, ""flip_monotonic"": 504242.328, ""is_no_go"": true, ""lsl_timestamp"": 504242.3542709, ""marker_push_latency_ms"": 0.0, ""measured_refresh_rate_hz"": 59.98569941210048, ""photodiode_verification_enabled"": false, ""scheduled_on_flip"": true, ""shape"": ""x"", ""timing_model"": ""psychopy_callOnFlip_plus_fixed_display_latency""}"
153,go_nogo_stimulus_offset_153_nogo_x_white,EVENT,504243.14,,"{""color"": ""white"", ""expected_frame_interval_ms"": 16.670639999210835, ""expected_refresh_rate_hz"": 60.0, ""expected_visual_onset_lsl_timestamp"": 504243.1624314, ""expected_visual_onset_monotonic"": 504243.14, ""expected_visual_onset_uncertainty_ms"": 8.335319999605417, ""fixed_display_latency_ms"": 0.0, ""flip_lsl_timestamp"": 504243.1624314, ""flip_monotonic"": 504243.14, ""is_no_go"": true, ""lsl_timestamp"": 504243.1624314, ""marker_push_latency_ms"": 0.0, ""measured_refresh_rate_hz"": 59.98569941210048, ""photodiode_verification_enabled"": false, ""scheduled_on_flip"": true, ""shape"": ""x"", ""timing_model"": ""psychopy_callOnFlip_plus_fixed_display_latency""}"
153,go_nogo_trial_complete,EVENT,504243.14,,"{""attention_challenge"": {""enabled"": false, ""expected_state"": ""normal"", ""is_cue_trial"": false}, ""button_press_count"": 0, ""commission_error"": 0, ""condition"": ""no_go"", ""correct"": true, ""correct_press"": 1, ""event_type_name"": ""go_nogo_trial_complete"", ""is_no_go"": true, ""omission_error"": 0, ""practice"": false, ""reaction_time_seconds"": null, ""schema_version"": 1, ""session_dir"": ""C:\\Users\\Surettej\\Documents\\Codespace\\eegle\\data\\participants\\sub-001-calibration\\sessions\\2026-07-14\\attention_lapse_go_nogo8_observe_only\\go_nogo\\run-20260714T125304"", ""source"": ""task.go_nogo"", ""stimulus_offset_lsl_timestamp"": 504243.1624314, ""stimulus_offset_monotonic"": 504243.14, ""stimulus_onset_lsl_timestamp"": 504242.3542709, ""stimulus_onset_monotonic"": 504242.328, ""task"": ""go_nogo""}"
154,go_nogo_stimulus_onset_154_go_circle_green,EVENT,504243.89,,"{""color"": ""green"", ""expected_frame_interval_ms"": 16.670639999210835, ""expected_refresh_rate_hz"": 60.0, ""expected_visual_onset_lsl_timestamp"": 504243.9214848, ""expected_visual_onset_monotonic"": 504243.89, ""expected_visual_onset_uncertainty_ms"": 8.335319999605417, ""fixed_display_latency_ms"": 0.0, ""flip_lsl_timestamp"": 504243.9214848, ""flip_monotonic"": 504243.89, ""is_no_go"": false, ""lsl_timestamp"": 504243.9214848, ""marker_push_latency_ms"": 0.0, ""measured_refresh_rate_hz"": 59.98569941210048, ""photodiode_verification_enabled"": false, ""scheduled_on_flip"": true, ""shape"": ""circle"", ""timing_model"": ""psychopy_callOnFlip_plus_fixed_display_latency""}"
154,button_press,EVENT,504244.4304339,space,"{""is_response_key"": true, ""lsl_timestamp"": 504244.46191869996, ""marker_push_latency_ms"": 0.0, ""rt_from_flip_seconds"": 0.5404338999651372, ""rt_seconds"": 0.5404338999651372}"
154,go_nogo_stimulus_offset_154_go_circle_green,EVENT,504244.703,,"{""color"": ""green"", ""expected_frame_interval_ms"": 16.670639999210835, ""expected_refresh_rate_hz"": 60.0, ""expected_visual_onset_lsl_timestamp"": 504244.7307379, ""expected_visual_onset_monotonic"": 504244.703, ""expected_visual_onset_uncertainty_ms"": 8.335319999605417, ""fixed_display_latency_ms"": 0.0, ""flip_lsl_timestamp"": 504244.7307379, ""flip_monotonic"": 504244.703, ""is_no_go"": false, ""lsl_timestamp"": 504244.7307379, ""marker_push_latency_ms"": 0.0, ""measured_refresh_rate_hz"": 59.98569941210048, ""photodiode_verification_enabled"": false, ""scheduled_on_flip"": true, ""shape"": ""circle"", ""timing_model"": ""psychopy_callOnFlip_plus_fixed_display_latency""}"
154,go_nogo_trial_complete,EVENT,504244.703,,"{""attention_challenge"": {""enabled"": false, ""expected_state"": ""normal"", ""is_cue_trial"": false}, ""button_press_count"": 1, ""commission_error"": 0, ""condition"": ""go"", ""correct"": true, ""correct_press"": 1, ""event_type_name"": ""go_nogo_trial_complete"", ""is_no_go"": false, ""omission_error"": 0, ""practice"": false, ""reaction_time_seconds"": 0.5404338999651372, ""schema_version"": 1, ""session_dir"": ""C:\\Users\\Surettej\\Documents\\Codespace\\eegle\\data\\participants\\sub-001-calibration\\sessions\\2026-07-14\\attention_lapse_go_nogo8_observe_only\\go_nogo\\run-20260714T125304"", ""source"": ""task.go_nogo"", ""stimulus_offset_lsl_timestamp"": 504244.7307379, ""stimulus_offset_monotonic"": 504244.703, ""stimulus_onset_lsl_timestamp"": 504243.9214848, ""stimulus_onset_monotonic"": 504243.89, ""task"": ""go_nogo""}"
155,go_nogo_stimulus_onset_155_nogo_x_white,EVENT,504245.453,,"{""color"": ""white"", ""expected_frame_interval_ms"": 16.670639999210835, ""expected_refresh_rate_hz"": 60.0, ""expected_visual_onset_lsl_timestamp"": 504245.4787914, ""expected_visual_onset_monotonic"": 504245.453, ""expected_visual_onset_uncertainty_ms"": 8.335319999605417, ""fixed_display_latency_ms"": 0.0, ""flip_lsl_timestamp"": 504245.4787914, ""flip_monotonic"": 504245.453, ""is_no_go"": true, ""lsl_timestamp"": 504245.4787914, ""marker_push_latency_ms"": 0.0, ""measured_refresh_rate_hz"": 59.98569941210048, ""photodiode_verification_enabled"": false, ""scheduled_on_flip"": true, ""shape"": ""x"", ""timing_model"": ""psychopy_callOnFlip_plus_fixed_display_latency""}"
155,go_nogo_stimulus_offset_155_nogo_x_white,EVENT,504246.265,,"{""color"": ""white"", ""expected_frame_interval_ms"": 16.670639999210835, ""expected_refresh_rate_hz"": 60.0, ""expected_visual_onset_lsl_timestamp"": 504246.2869998, ""expected_visual_onset_monotonic"": 504246.265, ""expected_visual_onset_uncertainty_ms"": 8.335319999605417, ""fixed_display_latency_ms"": 0.0, ""flip_lsl_timestamp"": 504246.2869998, ""flip_monotonic"": 504246.265, ""is_no_go"": true, ""lsl_timestamp"": 504246.2869998, ""marker_push_latency_ms"": 0.0, ""measured_refresh_rate_hz"": 59.98569941210048, ""photodiode_verification_enabled"": false, ""scheduled_on_flip"": true, ""shape"": ""x"", ""timing_model"": ""psychopy_callOnFlip_plus_fixed_display_latency""}"
155,go_nogo_trial_complete,EVENT,504246.265,,"{""attention_challenge"": {""enabled"": false, ""expected_state"": ""normal"", ""is_cue_trial"": false}, ""button_press_count"": 0, ""commission_error"": 0, ""condition"": ""no_go"", ""correct"": true, ""correct_press"": 1, ""event_type_name"": ""go_nogo_trial_complete"", ""is_no_go"": true, ""omission_error"": 0, ""practice"": false, ""reaction_time_seconds"": null, ""schema_version"": 1, ""session_dir"": ""C:\\Users\\Surettej\\Documents\\Codespace\\eegle\\data\\participants\\sub-001-calibration\\sessions\\2026-07-14\\attention_lapse_go_nogo8_observe_only\\go_nogo\\run-20260714T125304"", ""source"": ""task.go_nogo"", ""stimulus_offset_lsl_timestamp"": 504246.2869998, ""stimulus_offset_monotonic"": 504246.265, ""stimulus_onset_lsl_timestamp"": 504245.4787914, ""stimulus_onset_monotonic"": 504245.453, ""task"": ""go_nogo""}"
156,go_nogo_stimulus_onset_156_go_hexagon_magenta,EVENT,504247.015,,"{""color"": ""magenta"", ""expected_frame_interval_ms"": 16.670639999210835, ""expected_refresh_rate_hz"": 60.0, ""expected_visual_onset_lsl_timestamp"": 504247.0429376, ""expected_visual_onset_monotonic"": 504247.015, ""expected_visual_onset_uncertainty_ms"": 8.335319999605417, ""fixed_display_latency_ms"": 0.0, ""flip_lsl_timestamp"": 504247.0429376, ""flip_monotonic"": 504247.015, ""is_no_go"": false, ""lsl_timestamp"": 504247.0429376, ""marker_push_latency_ms"": 0.0, ""measured_refresh_rate_hz"": 59.98569941210048, ""photodiode_verification_enabled"": false, ""scheduled_on_flip"": true, ""shape"": ""hexagon"", ""timing_model"": ""psychopy_callOnFlip_plus_fixed_display_latency""}"
156,button_press,EVENT,504247.393266,space,"{""is_response_key"": true, ""lsl_timestamp"": 504247.4212036, ""marker_push_latency_ms"": 0.0, ""rt_from_flip_seconds"": 0.37826600001426414, ""rt_seconds"": 0.37826600001426414}"
156,go_nogo_stimulus_offset_156_go_hexagon_magenta,EVENT,504247.828,,"{""color"": ""magenta"", ""expected_frame_interval_ms"": 16.670639999210835, ""expected_refresh_rate_hz"": 60.0, ""expected_visual_onset_lsl_timestamp"": 504247.8519532, ""expected_visual_onset_monotonic"": 504247.828, ""expected_visual_onset_uncertainty_ms"": 8.335319999605417, ""fixed_display_latency_ms"": 0.0, ""flip_lsl_timestamp"": 504247.8519532, ""flip_monotonic"": 504247.828, ""is_no_go"": false, ""lsl_timestamp"": 504247.8519532, ""marker_push_latency_ms"": 0.0, ""measured_refresh_rate_hz"": 59.98569941210048, ""photodiode_verification_enabled"": false, ""scheduled_on_flip"": true, ""shape"": ""hexagon"", ""timing_model"": ""psychopy_callOnFlip_plus_fixed_display_latency""}"
156,go_nogo_trial_complete,EVENT,504247.828,,"{""attention_challenge"": {""enabled"": false, ""expected_state"": ""normal"", ""is_cue_trial"": false}, ""button_press_count"": 1, ""commission_error"": 0, ""condition"": ""go"", ""correct"": true, ""correct_press"": 1, ""event_type_name"": ""go_nogo_trial_complete"", ""is_no_go"": false, ""omission_error"": 0, ""practice"": false, ""reaction_time_seconds"": 0.37826600001426414, ""schema_version"": 1, ""session_dir"": ""C:\\Users\\Surettej\\Documents\\Codespace\\eegle\\data\\participants\\sub-001-calibration\\sessions\\2026-07-14\\attention_lapse_go_nogo8_observe_only\\go_nogo\\run-20260714T125304"", ""source"": ""task.go_nogo"", ""stimulus_offset_lsl_timestamp"": 504247.8519532, ""stimulus_offset_monotonic"": 504247.828, ""stimulus_onset_lsl_timestamp"": 504247.0429376, ""stimulus_onset_monotonic"": 504247.015, ""task"": ""go_nogo""}"
157,go_nogo_stimulus_onset_157_go_square_magenta,EVENT,504248.562,,"{""color"": ""magenta"", ""expected_frame_interval_ms"": 16.670639999210835, ""expected_refresh_rate_hz"": 60.0, ""expected_visual_onset_lsl_timestamp"": 504248.5934737, ""expected_visual_onset_monotonic"": 504248.562, ""expected_visual_onset_uncertainty_ms"": 8.335319999605417, ""fixed_display_latency_ms"": 0.0, ""flip_lsl_timestamp"": 504248.5934737, ""flip_monotonic"": 504248.562, ""is_no_go"": false, ""lsl_timestamp"": 504248.5934737, ""marker_push_latency_ms"": 0.0, ""measured_refresh_rate_hz"": 59.98569941210048, ""photodiode_verification_enabled"": false, ""scheduled_on_flip"": true, ""shape"": ""square"", ""timing_model"": ""psychopy_callOnFlip_plus_fixed_display_latency""}"
157,button_press,EVENT,504248.9023028,space,"{""is_response_key"": true, ""lsl_timestamp"": 504248.9337765, ""marker_push_latency_ms"": 0.0, ""rt_from_flip_seconds"": 0.3403028000029735, ""rt_seconds"": 0.3403028000029735}"
157,go_nogo_stimulus_offset_157_go_square_magenta,EVENT,504249.375,,"{""color"": ""magenta"", ""expected_frame_interval_ms"": 16.670639999210835, ""expected_refresh_rate_hz"": 60.0, ""expected_visual_onset_lsl_timestamp"": 504249.4025578, ""expected_visual_onset_monotonic"": 504249.375, ""expected_visual_onset_uncertainty_ms"": 8.335319999605417, ""fixed_display_latency_ms"": 0.0, ""flip_lsl_timestamp"": 504249.4025578, ""flip_monotonic"": 504249.375, ""is_no_go"": false, ""lsl_timestamp"": 504249.4025578, ""marker_push_latency_ms"": 0.0, ""measured_refresh_rate_hz"": 59.98569941210048, ""photodiode_verification_enabled"": false, ""scheduled_on_flip"": true, ""shape"": ""square"", ""timing_model"": ""psychopy_callOnFlip_plus_fixed_display_latency""}"
157,go_nogo_trial_complete,EVENT,504249.375,,"{""attention_challenge"": {""enabled"": false, ""expected_state"": ""normal"", ""is_cue_trial"": false}, ""button_press_count"": 1, ""commission_error"": 0, ""condition"": ""go"", ""correct"": true, ""correct_press"": 1, ""event_type_name"": ""go_nogo_trial_complete"", ""is_no_go"": false, ""omission_error"": 0, ""practice"": false, ""reaction_time_seconds"": 0.3403028000029735, ""schema_version"": 1, ""session_dir"": ""C:\\Users\\Surettej\\Documents\\Codespace\\eegle\\data\\participants\\sub-001-calibration\\sessions\\2026-07-14\\attention_lapse_go_nogo8_observe_only\\go_nogo\\run-20260714T125304"", ""source"": ""task.go_nogo"", ""stimulus_offset_lsl_timestamp"": 504249.4025578, ""stimulus_offset_monotonic"": 504249.375, ""stimulus_onset_lsl_timestamp"": 504248.5934737, ""stimulus_onset_monotonic"": 504248.562, ""task"": ""go_nogo""}"
158,go_nogo_stimulus_onset_158_go_circle_green,EVENT,504250.14,,"{""color"": ""green"", ""expected_frame_interval_ms"": 16.670639999210835, ""expected_refresh_rate_hz"": 60.0, ""expected_visual_onset_lsl_timestamp"": 504250.1623928, ""expected_visual_onset_monotonic"": 504250.14, ""expected_visual_onset_uncertainty_ms"": 8.335319999605417, ""fixed_display_latency_ms"": 0.0, ""flip_lsl_timestamp"": 504250.1623928, ""flip_monotonic"": 504250.14, ""is_no_go"": false, ""lsl_timestamp"": 504250.1623928, ""marker_push_latency_ms"": 0.0, ""measured_refresh_rate_hz"": 59.98569941210048, ""photodiode_verification_enabled"": false, ""scheduled_on_flip"": true, ""shape"": ""circle"", ""timing_model"": ""psychopy_callOnFlip_plus_fixed_display_latency""}"
158,button_press,EVENT,504250.4724336,space,"{""is_response_key"": true, ""lsl_timestamp"": 504250.49482639995, ""marker_push_latency_ms"": 0.0, ""rt_from_flip_seconds"": 0.3324335999786854, ""rt_seconds"": 0.3324335999786854}"
158,go_nogo_stimulus_offset_158_go_circle_green,EVENT,504250.953,,"{""color"": ""green"", ""expected_frame_interval_ms"": 16.670639999210835, ""expected_refresh_rate_hz"": 60.0, ""expected_visual_onset_lsl_timestamp"": 504250.9778886, ""expected_visual_onset_monotonic"": 504250.953, ""expected_visual_onset_uncertainty_ms"": 8.335319999605417, ""fixed_display_latency_ms"": 0.0, ""flip_lsl_timestamp"": 504250.9778886, ""flip_monotonic"": 504250.953, ""is_no_go"": false, ""lsl_timestamp"": 504250.9778886, ""marker_push_latency_ms"": 0.0, ""measured_refresh_rate_hz"": 59.98569941210048, ""photodiode_verification_enabled"": false, ""scheduled_on_flip"": true, ""shape"": ""circle"", ""timing_model"": ""psychopy_callOnFlip_plus_fixed_display_latency""}"
158,go_nogo_trial_complete,EVENT,504250.953,,"{""attention_challenge"": {""enabled"": false, ""expected_state"": ""normal"", ""is_cue_trial"": false}, ""button_press_count"": 1, ""commission_error"": 0, ""condition"": ""go"", ""correct"": true, ""correct_press"": 1, ""event_type_name"": ""go_nogo_trial_complete"", ""is_no_go"": false, ""omission_error"": 0, ""practice"": false, ""reaction_time_seconds"": 0.3324335999786854, ""schema_version"": 1, ""session_dir"": ""C:\\Users\\Surettej\\Documents\\Codespace\\eegle\\data\\participants\\sub-001-calibration\\sessions\\2026-07-14\\attention_lapse_go_nogo8_observe_only\\go_nogo\\run-20260714T125304"", ""source"": ""task.go_nogo"", ""stimulus_offset_lsl_timestamp"": 504250.9778886, ""stimulus_offset_monotonic"": 504250.953, ""stimulus_onset_lsl_timestamp"": 504250.1623928, ""stimulus_onset_monotonic"": 504250.14, ""task"": ""go_nogo""}"
159,go_nogo_stimulus_onset_159_go_hexagon_yellow,EVENT,504251.703,,"{""color"": ""yellow"", ""expected_frame_interval_ms"": 16.670639999210835, ""expected_refresh_rate_hz"": 60.0, ""expected_visual_onset_lsl_timestamp"": 504251.7282937, ""expected_visual_onset_monotonic"": 504251.703, ""expected_visual_onset_uncertainty_ms"": 8.335319999605417, ""fixed_display_latency_ms"": 0.0, ""flip_lsl_timestamp"": 504251.7282937, ""flip_monotonic"": 504251.703, ""is_no_go"": false, ""lsl_timestamp"": 504251.7282937, ""marker_push_latency_ms"": 0.0, ""measured_refresh_rate_hz"": 59.98569941210048, ""photodiode_verification_enabled"": false, ""scheduled_on_flip"": true, ""shape"": ""hexagon"", ""timing_model"": ""psychopy_callOnFlip_plus_fixed_display_latency""}"
159,go_nogo_stimulus_offset_159_go_hexagon_yellow,EVENT,504252.515,,"{""color"": ""yellow"", ""expected_frame_interval_ms"": 16.670639999210835, ""expected_refresh_rate_hz"": 60.0, ""expected_visual_onset_lsl_timestamp"": 504252.5451843, ""expected_visual_onset_monotonic"": 504252.515, ""expected_visual_onset_uncertainty_ms"": 8.335319999605417, ""fixed_display_latency_ms"": 0.0, ""flip_lsl_timestamp"": 504252.5451843, ""flip_monotonic"": 504252.515, ""is_no_go"": false, ""lsl_timestamp"": 504252.5451843, ""marker_push_latency_ms"": 0.0, ""measured_refresh_rate_hz"": 59.98569941210048, ""photodiode_verification_enabled"": false, ""scheduled_on_flip"": true, ""shape"": ""hexagon"", ""timing_model"": ""psychopy_callOnFlip_plus_fixed_display_latency""}"
159,go_nogo_trial_complete,EVENT,504252.515,,"{""attention_challenge"": {""enabled"": false, ""expected_state"": ""normal"", ""is_cue_trial"": false}, ""button_press_count"": 0, ""commission_error"": 0, ""condition"": ""go"", ""correct"": false, ""correct_press"": 0, ""event_type_name"": ""go_nogo_trial_complete"", ""is_no_go"": false, ""omission_error"": 1, ""practice"": false, ""reaction_time_seconds"": null, ""schema_version"": 1, ""session_dir"": ""C:\\Users\\Surettej\\Documents\\Codespace\\eegle\\data\\participants\\sub-001-calibration\\sessions\\2026-07-14\\attention_lapse_go_nogo8_observe_only\\go_nogo\\run-20260714T125304"", ""source"": ""task.go_nogo"", ""stimulus_offset_lsl_timestamp"": 504252.5451843, ""stimulus_offset_monotonic"": 504252.515, ""stimulus_onset_lsl_timestamp"": 504251.7282937, ""stimulus_onset_monotonic"": 504251.703, ""task"": ""go_nogo""}"
160,go_nogo_stimulus_onset_160_go_star_red,EVENT,504253.265,,"{""color"": ""red"", ""expected_frame_interval_ms"": 16.670639999210835, ""expected_refresh_rate_hz"": 60.0, ""expected_visual_onset_lsl_timestamp"": 504253.2956109, ""expected_visual_onset_monotonic"": 504253.265, ""expected_visual_onset_uncertainty_ms"": 8.335319999605417, ""fixed_display_latency_ms"": 0.0, ""flip_lsl_timestamp"": 504253.2956109, ""flip_monotonic"": 504253.265, ""is_no_go"": false, ""lsl_timestamp"": 504253.2956109, ""marker_push_latency_ms"": 0.0, ""measured_refresh_rate_hz"": 59.98569941210048, ""photodiode_verification_enabled"": false, ""scheduled_on_flip"": true, ""shape"": ""star"", ""timing_model"": ""psychopy_callOnFlip_plus_fixed_display_latency""}"
160,button_press,EVENT,504253.69557740004,space,"{""is_response_key"": true, ""lsl_timestamp"": 504253.7261883, ""marker_push_latency_ms"": 0.0, ""rt_from_flip_seconds"": 0.430577400024049, ""rt_seconds"": 0.430577400024049}"
160,go_nogo_stimulus_offset_160_go_star_red,EVENT,504254.078,,"{""color"": ""red"", ""expected_frame_interval_ms"": 16.670639999210835, ""expected_refresh_rate_hz"": 60.0, ""expected_visual_onset_lsl_timestamp"": 504254.1126682, ""expected_visual_onset_monotonic"": 504254.078, ""expected_visual_onset_uncertainty_ms"": 8.335319999605417, ""fixed_display_latency_ms"": 0.0, ""flip_lsl_timestamp"": 504254.1126682, ""flip_monotonic"": 504254.078, ""is_no_go"": false, ""lsl_timestamp"": 504254.1126682, ""marker_push_latency_ms"": 0.0, ""measured_refresh_rate_hz"": 59.98569941210048, ""photodiode_verification_enabled"": false, ""scheduled_on_flip"": true, ""shape"": ""star"", ""timing_model"": ""psychopy_callOnFlip_plus_fixed_display_latency""}"
160,go_nogo_trial_complete,EVENT,504254.093,,"{""attention_challenge"": {""enabled"": false, ""expected_state"": ""normal"", ""is_cue_trial"": false}, ""button_press_count"": 1, ""commission_error"": 0, ""condition"": ""go"", ""correct"": true, ""correct_press"": 1, ""event_type_name"": ""go_nogo_trial_complete"", ""is_no_go"": false, ""omission_error"": 0, ""practice"": false, ""reaction_time_seconds"": 0.430577400024049, ""schema_version"": 1, ""session_dir"": ""C:\\Users\\Surettej\\Documents\\Codespace\\eegle\\data\\participants\\sub-001-calibration\\sessions\\2026-07-14\\attention_lapse_go_nogo8_observe_only\\go_nogo\\run-20260714T125304"", ""source"": ""task.go_nogo"", ""stimulus_offset_lsl_timestamp"": 504254.1126682, ""stimulus_offset_monotonic"": 504254.078, ""stimulus_onset_lsl_timestamp"": 504253.2956109, ""stimulus_onset_monotonic"": 504253.265, ""task"": ""go_nogo""}"
161,go_nogo_stimulus_onset_161_go_square_green,EVENT,504254.828,,"{""color"": ""green"", ""expected_frame_interval_ms"": 16.670639999210835, ""expected_refresh_rate_hz"": 60.0, ""expected_visual_onset_lsl_timestamp"": 504254.8562464, ""expected_visual_onset_monotonic"": 504254.828, ""expected_visual_onset_uncertainty_ms"": 8.335319999605417, ""fixed_display_latency_ms"": 0.0, ""flip_lsl_timestamp"": 504254.8562464, ""flip_monotonic"": 504254.828, ""is_no_go"": false, ""lsl_timestamp"": 504254.8562464, ""marker_push_latency_ms"": 0.0, ""measured_refresh_rate_hz"": 59.98569941210048, ""photodiode_verification_enabled"": false, ""scheduled_on_flip"": true, ""shape"": ""square"", ""timing_model"": ""psychopy_callOnFlip_plus_fixed_display_latency""}"
161,button_press,EVENT,504255.24254829995,space,"{""is_response_key"": true, ""lsl_timestamp"": 504255.27079469996, ""marker_push_latency_ms"": 0.0, ""rt_from_flip_seconds"": 0.4145482999738306, ""rt_seconds"": 0.4145482999738306}"
161,go_nogo_stimulus_offset_161_go_square_green,EVENT,504255.64,,"{""color"": ""green"", ""expected_frame_interval_ms"": 16.670639999210835, ""expected_refresh_rate_hz"": 60.0, ""expected_visual_onset_lsl_timestamp"": 504255.6657017, ""expected_visual_onset_monotonic"": 504255.64, ""expected_visual_onset_uncertainty_ms"": 8.335319999605417, ""fixed_display_latency_ms"": 0.0, ""flip_lsl_timestamp"": 504255.6657017, ""flip_monotonic"": 504255.64, ""is_no_go"": false, ""lsl_timestamp"": 504255.6657017, ""marker_push_latency_ms"": 0.0, ""measured_refresh_rate_hz"": 59.98569941210048, ""photodiode_verification_enabled"": false, ""scheduled_on_flip"": true, ""shape"": ""square"", ""timing_model"": ""psychopy_callOnFlip_plus_fixed_display_latency""}"
161,go_nogo_trial_complete,EVENT,504255.64,,"{""attention_challenge"": {""enabled"": false, ""expected_state"": ""normal"", ""is_cue_trial"": false}, ""button_press_count"": 1, ""commission_error"": 0, ""condition"": ""go"", ""correct"": true, ""correct_press"": 1, ""event_type_name"": ""go_nogo_trial_complete"", ""is_no_go"": false, ""omission_error"": 0, ""practice"": false, ""reaction_time_seconds"": 0.4145482999738306, ""schema_version"": 1, ""session_dir"": ""C:\\Users\\Surettej\\Documents\\Codespace\\eegle\\data\\participants\\sub-001-calibration\\sessions\\2026-07-14\\attention_lapse_go_nogo8_observe_only\\go_nogo\\run-20260714T125304"", ""source"": ""task.go_nogo"", ""stimulus_offset_lsl_timestamp"": 504255.6657017, ""stimulus_offset_monotonic"": 504255.64, ""stimulus_onset_lsl_timestamp"": 504254.8562464, ""stimulus_onset_monotonic"": 504254.828, ""task"": ""go_nogo""}"
162,go_nogo_stimulus_onset_162_go_triangle_yellow,EVENT,504256.39,,"{""color"": ""yellow"", ""expected_frame_interval_ms"": 16.670639999210835, ""expected_refresh_rate_hz"": 60.0, ""expected_visual_onset_lsl_timestamp"": 504256.413691, ""expected_visual_onset_monotonic"": 504256.39, ""expected_visual_onset_uncertainty_ms"": 8.335319999605417, ""fixed_display_latency_ms"": 0.0, ""flip_lsl_timestamp"": 504256.413691, ""flip_monotonic"": 504256.39, ""is_no_go"": false, ""lsl_timestamp"": 504256.413691, ""marker_push_latency_ms"": 0.0, ""measured_refresh_rate_hz"": 59.98569941210048, ""photodiode_verification_enabled"": false, ""scheduled_on_flip"": true, ""shape"": ""triangle"", ""timing_model"": ""psychopy_callOnFlip_plus_fixed_display_latency""}"
162,button_press,EVENT,504256.82920760004,space,"{""is_response_key"": true, ""lsl_timestamp"": 504256.85289860005, ""marker_push_latency_ms"": 0.0, ""rt_from_flip_seconds"": 0.4392076000222005, ""rt_seconds"": 0.4392076000222005}"
162,go_nogo_stimulus_offset_162_go_triangle_yellow,EVENT,504257.203,,"{""color"": ""yellow"", ""expected_frame_interval_ms"": 16.670639999210835, ""expected_refresh_rate_hz"": 60.0, ""expected_visual_onset_lsl_timestamp"": 504257.2307139, ""expected_visual_onset_monotonic"": 504257.203, ""expected_visual_onset_uncertainty_ms"": 8.335319999605417, ""fixed_display_latency_ms"": 0.0, ""flip_lsl_timestamp"": 504257.2307139, ""flip_monotonic"": 504257.203, ""is_no_go"": false, ""lsl_timestamp"": 504257.2307139, ""marker_push_latency_ms"": 0.0, ""measured_refresh_rate_hz"": 59.98569941210048, ""photodiode_verification_enabled"": false, ""scheduled_on_flip"": true, ""shape"": ""triangle"", ""timing_model"": ""psychopy_callOnFlip_plus_fixed_display_latency""}"
162,go_nogo_trial_complete,EVENT,504257.203,,"{""attention_challenge"": {""enabled"": false, ""expected_state"": ""normal"", ""is_cue_trial"": false}, ""button_press_count"": 1, ""commission_error"": 0, ""condition"": ""go"", ""correct"": true, ""correct_press"": 1, ""event_type_name"": ""go_nogo_trial_complete"", ""is_no_go"": false, ""omission_error"": 0, ""practice"": false, ""reaction_time_seconds"": 0.4392076000222005, ""schema_version"": 1, ""session_dir"": ""C:\\Users\\Surettej\\Documents\\Codespace\\eegle\\data\\participants\\sub-001-calibration\\sessions\\2026-07-14\\attention_lapse_go_nogo8_observe_only\\go_nogo\\run-20260714T125304"", ""source"": ""task.go_nogo"", ""stimulus_offset_lsl_timestamp"": 504257.2307139, ""stimulus_offset_monotonic"": 504257.203, ""stimulus_onset_lsl_timestamp"": 504256.413691, ""stimulus_onset_monotonic"": 504256.39, ""task"": ""go_nogo""}"
163,go_nogo_stimulus_onset_163_go_square_magenta,EVENT,504257.953,,"{""color"": ""magenta"", ""expected_frame_interval_ms"": 16.670639999210835, ""expected_refresh_rate_hz"": 60.0, ""expected_visual_onset_lsl_timestamp"": 504257.9810828, ""expected_visual_onset_monotonic"": 504257.953, ""expected_visual_onset_uncertainty_ms"": 8.335319999605417, ""fixed_display_latency_ms"": 0.0, ""flip_lsl_timestamp"": 504257.9810828, ""flip_monotonic"": 504257.953, ""is_no_go"": false, ""lsl_timestamp"": 504257.9810828, ""marker_push_latency_ms"": 0.0, ""measured_refresh_rate_hz"": 59.98569941210048, ""photodiode_verification_enabled"": false, ""scheduled_on_flip"": true, ""shape"": ""square"", ""timing_model"": ""psychopy_callOnFlip_plus_fixed_display_latency""}"
163,button_press,EVENT,504258.4085536,space,"{""is_response_key"": true, ""lsl_timestamp"": 504258.43663640006, ""marker_push_latency_ms"": 0.0, ""rt_from_flip_seconds"": 0.4555536000407301, ""rt_seconds"": 0.4555536000407301}"
163,go_nogo_stimulus_offset_163_go_square_magenta,EVENT,504258.765,,"{""color"": ""magenta"", ""expected_frame_interval_ms"": 16.670639999210835, ""expected_refresh_rate_hz"": 60.0, ""expected_visual_onset_lsl_timestamp"": 504258.7897698, ""expected_visual_onset_monotonic"": 504258.765, ""expected_visual_onset_uncertainty_ms"": 8.335319999605417, ""fixed_display_latency_ms"": 0.0, ""flip_lsl_timestamp"": 504258.7897698, ""flip_monotonic"": 504258.765, ""is_no_go"": false, ""lsl_timestamp"": 504258.7897698, ""marker_push_latency_ms"": 0.0, ""measured_refresh_rate_hz"": 59.98569941210048, ""photodiode_verification_enabled"": false, ""scheduled_on_flip"": true, ""shape"": ""square"", ""timing_model"": ""psychopy_callOnFlip_plus_fixed_display_latency""}"
163,go_nogo_trial_complete,EVENT,504258.765,,"{""attention_challenge"": {""enabled"": false, ""expected_state"": ""normal"", ""is_cue_trial"": false}, ""button_press_count"": 1, ""commission_error"": 0, ""condition"": ""go"", ""correct"": true, ""correct_press"": 1, ""event_type_name"": ""go_nogo_trial_complete"", ""is_no_go"": false, ""omission_error"": 0, ""practice"": false, ""reaction_time_seconds"": 0.4555536000407301, ""schema_version"": 1, ""session_dir"": ""C:\\Users\\Surettej\\Documents\\Codespace\\eegle\\data\\participants\\sub-001-calibration\\sessions\\2026-07-14\\attention_lapse_go_nogo8_observe_only\\go_nogo\\run-20260714T125304"", ""source"": ""task.go_nogo"", ""stimulus_offset_lsl_timestamp"": 504258.7897698, ""stimulus_offset_monotonic"": 504258.765, ""stimulus_onset_lsl_timestamp"": 504257.9810828, ""stimulus_onset_monotonic"": 504257.953, ""task"": ""go_nogo""}"
164,go_nogo_stimulus_onset_164_go_triangle_green,EVENT,504259.5,,"{""color"": ""green"", ""expected_frame_interval_ms"": 16.670639999210835, ""expected_refresh_rate_hz"": 60.0, ""expected_visual_onset_lsl_timestamp"": 504259.532938, ""expected_visual_onset_monotonic"": 504259.5, ""expected_visual_onset_uncertainty_ms"": 8.335319999605417, ""fixed_display_latency_ms"": 0.0, ""flip_lsl_timestamp"": 504259.532938, ""flip_monotonic"": 504259.5, ""is_no_go"": false, ""lsl_timestamp"": 504259.532938, ""marker_push_latency_ms"": 0.0, ""measured_refresh_rate_hz"": 59.98569941210048, ""photodiode_verification_enabled"": false, ""scheduled_on_flip"": true, ""shape"": ""triangle"", ""timing_model"": ""psychopy_callOnFlip_plus_fixed_display_latency""}"
164,button_press,EVENT,504259.9555717,space,"{""is_response_key"": true, ""lsl_timestamp"": 504259.9885097, ""marker_push_latency_ms"": 0.0, ""rt_from_flip_seconds"": 0.45557170000392944, ""rt_seconds"": 0.45557170000392944}"
164,go_nogo_stimulus_offset_164_go_triangle_green,EVENT,504260.312,,"{""color"": ""green"", ""expected_frame_interval_ms"": 16.670639999210835, ""expected_refresh_rate_hz"": 60.0, ""expected_visual_onset_lsl_timestamp"": 504260.3417415, ""expected_visual_onset_monotonic"": 504260.312, ""expected_visual_onset_uncertainty_ms"": 8.335319999605417, ""fixed_display_latency_ms"": 0.0, ""flip_lsl_timestamp"": 504260.3417415, ""flip_monotonic"": 504260.312, ""is_no_go"": false, ""lsl_timestamp"": 504260.3417415, ""marker_push_latency_ms"": 0.0, ""measured_refresh_rate_hz"": 59.98569941210048, ""photodiode_verification_enabled"": false, ""scheduled_on_flip"": true, ""shape"": ""triangle"", ""timing_model"": ""psychopy_callOnFlip_plus_fixed_display_latency""}"
164,go_nogo_trial_complete,EVENT,504260.312,,"{""attention_challenge"": {""enabled"": false, ""expected_state"": ""normal"", ""is_cue_trial"": false}, ""button_press_count"": 1, ""commission_error"": 0, ""condition"": ""go"", ""correct"": true, ""correct_press"": 1, ""event_type_name"": ""go_nogo_trial_complete"", ""is_no_go"": false, ""omission_error"": 0, ""practice"": false, ""reaction_time_seconds"": 0.45557170000392944, ""schema_version"": 1, ""session_dir"": ""C:\\Users\\Surettej\\Documents\\Codespace\\eegle\\data\\participants\\sub-001-calibration\\sessions\\2026-07-14\\attention_lapse_go_nogo8_observe_only\\go_nogo\\run-20260714T125304"", ""source"": ""task.go_nogo"", ""stimulus_offset_lsl_timestamp"": 504260.3417415, ""stimulus_offset_monotonic"": 504260.312, ""stimulus_onset_lsl_timestamp"": 504259.532938, ""stimulus_onset_monotonic"": 504259.5, ""task"": ""go_nogo""}"
165,go_nogo_stimulus_onset_165_go_circle_magenta,EVENT,504261.078,,"{""color"": ""magenta"", ""expected_frame_interval_ms"": 16.670639999210835, ""expected_refresh_rate_hz"": 60.0, ""expected_visual_onset_lsl_timestamp"": 504261.1021944, ""expected_visual_onset_monotonic"": 504261.078, ""expected_visual_onset_uncertainty_ms"": 8.335319999605417, ""fixed_display_latency_ms"": 0.0, ""flip_lsl_timestamp"": 504261.1021944, ""flip_monotonic"": 504261.078, ""is_no_go"": false, ""lsl_timestamp"": 504261.1021944, ""marker_push_latency_ms"": 0.0, ""measured_refresh_rate_hz"": 59.98569941210048, ""photodiode_verification_enabled"": false, ""scheduled_on_flip"": true, ""shape"": ""circle"", ""timing_model"": ""psychopy_callOnFlip_plus_fixed_display_latency""}"
165,button_press,EVENT,504261.48641149997,space,"{""is_response_key"": true, ""lsl_timestamp"": 504261.51060589997, ""marker_push_latency_ms"": 0.0, ""rt_from_flip_seconds"": 0.4084114999859594, ""rt_seconds"": 0.4084114999859594}"
165,go_nogo_stimulus_offset_165_go_circle_magenta,EVENT,504261.875,,"{""color"": ""magenta"", ""expected_frame_interval_ms"": 16.670639999210835, ""expected_refresh_rate_hz"": 60.0, ""expected_visual_onset_lsl_timestamp"": 504261.9099218, ""expected_visual_onset_monotonic"": 504261.875, ""expected_visual_onset_uncertainty_ms"": 8.335319999605417, ""fixed_display_latency_ms"": 0.0, ""flip_lsl_timestamp"": 504261.9099218, ""flip_monotonic"": 504261.875, ""is_no_go"": false, ""lsl_timestamp"": 504261.9099218, ""marker_push_latency_ms"": 0.0, ""measured_refresh_rate_hz"": 59.98569941210048, ""photodiode_verification_enabled"": false, ""scheduled_on_flip"": true, ""shape"": ""circle"", ""timing_model"": ""psychopy_callOnFlip_plus_fixed_display_latency""}"
165,go_nogo_trial_complete,EVENT,504261.89,,"{""attention_challenge"": {""enabled"": false, ""expected_state"": ""normal"", ""is_cue_trial"": false}, ""button_press_count"": 1, ""commission_error"": 0, ""condition"": ""go"", ""correct"": true, ""correct_press"": 1, ""event_type_name"": ""go_nogo_trial_complete"", ""is_no_go"": false, ""omission_error"": 0, ""practice"": false, ""reaction_time_seconds"": 0.4084114999859594, ""schema_version"": 1, ""session_dir"": ""C:\\Users\\Surettej\\Documents\\Codespace\\eegle\\data\\participants\\sub-001-calibration\\sessions\\2026-07-14\\attention_lapse_go_nogo8_observe_only\\go_nogo\\run-20260714T125304"", ""source"": ""task.go_nogo"", ""stimulus_offset_lsl_timestamp"": 504261.9099218, ""stimulus_offset_monotonic"": 504261.875, ""stimulus_onset_lsl_timestamp"": 504261.1021944, ""stimulus_onset_monotonic"": 504261.078, ""task"": ""go_nogo""}"
166,go_nogo_stimulus_onset_166_go_square_yellow,EVENT,504262.625,,"{""color"": ""yellow"", ""expected_frame_interval_ms"": 16.670639999210835, ""expected_refresh_rate_hz"": 60.0, ""expected_visual_onset_lsl_timestamp"": 504262.6516713, ""expected_visual_onset_monotonic"": 504262.625, ""expected_visual_onset_uncertainty_ms"": 8.335319999605417, ""fixed_display_latency_ms"": 0.0, ""flip_lsl_timestamp"": 504262.6516713, ""flip_monotonic"": 504262.625, ""is_no_go"": false, ""lsl_timestamp"": 504262.6516713, ""marker_push_latency_ms"": 0.0, ""measured_refresh_rate_hz"": 59.98569941210048, ""photodiode_verification_enabled"": false, ""scheduled_on_flip"": true, ""shape"": ""square"", ""timing_model"": ""psychopy_callOnFlip_plus_fixed_display_latency""}"
166,button_press,EVENT,504263.04990449996,space,"{""is_response_key"": true, ""lsl_timestamp"": 504263.07657579996, ""marker_push_latency_ms"": 0.0, ""rt_from_flip_seconds"": 0.4249044999596663, ""rt_seconds"": 0.4249044999596663}"
166,go_nogo_stimulus_offset_166_go_square_yellow,EVENT,504263.437,,"{""color"": ""yellow"", ""expected_frame_interval_ms"": 16.670639999210835, ""expected_refresh_rate_hz"": 60.0, ""expected_visual_onset_lsl_timestamp"": 504263.4613363, ""expected_visual_onset_monotonic"": 504263.437, ""expected_visual_onset_uncertainty_ms"": 8.335319999605417, ""fixed_display_latency_ms"": 0.0, ""flip_lsl_timestamp"": 504263.4613363, ""flip_monotonic"": 504263.437, ""is_no_go"": false, ""lsl_timestamp"": 504263.4613363, ""marker_push_latency_ms"": 0.0, ""measured_refresh_rate_hz"": 59.98569941210048, ""photodiode_verification_enabled"": false, ""scheduled_on_flip"": true, ""shape"": ""square"", ""timing_model"": ""psychopy_callOnFlip_plus_fixed_display_latency""}"
166,go_nogo_trial_complete,EVENT,504263.437,,"{""attention_challenge"": {""enabled"": false, ""expected_state"": ""normal"", ""is_cue_trial"": false}, ""button_press_count"": 1, ""commission_error"": 0, ""condition"": ""go"", ""correct"": true, ""correct_press"": 1, ""event_type_name"": ""go_nogo_trial_complete"", ""is_no_go"": false, ""omission_error"": 0, ""practice"": false, ""reaction_time_seconds"": 0.4249044999596663, ""schema_version"": 1, ""session_dir"": ""C:\\Users\\Surettej\\Documents\\Codespace\\eegle\\data\\participants\\sub-001-calibration\\sessions\\2026-07-14\\attention_lapse_go_nogo8_observe_only\\go_nogo\\run-20260714T125304"", ""source"": ""task.go_nogo"", ""stimulus_offset_lsl_timestamp"": 504263.4613363, ""stimulus_offset_monotonic"": 504263.437, ""stimulus_onset_lsl_timestamp"": 504262.6516713, ""stimulus_onset_monotonic"": 504262.625, ""task"": ""go_nogo""}"
167,go_nogo_stimulus_onset_167_go_hexagon_yellow,EVENT,504264.187,,"{""color"": ""yellow"", ""expected_frame_interval_ms"": 16.670639999210835, ""expected_refresh_rate_hz"": 60.0, ""expected_visual_onset_lsl_timestamp"": 504264.2172338, ""expected_visual_onset_monotonic"": 504264.187, ""expected_visual_onset_uncertainty_ms"": 8.335319999605417, ""fixed_display_latency_ms"": 0.0, ""flip_lsl_timestamp"": 504264.2172338, ""flip_monotonic"": 504264.187, ""is_no_go"": false, ""lsl_timestamp"": 504264.2172338, ""marker_push_latency_ms"": 0.0, ""measured_refresh_rate_hz"": 59.98569941210048, ""photodiode_verification_enabled"": false, ""scheduled_on_flip"": true, ""shape"": ""hexagon"", ""timing_model"": ""psychopy_callOnFlip_plus_fixed_display_latency""}"
167,button_press,EVENT,504264.8077449,space,"{""is_response_key"": true, ""lsl_timestamp"": 504264.8379787, ""marker_push_latency_ms"": 0.0, ""rt_from_flip_seconds"": 0.6207449000212364, ""rt_seconds"": 0.6207449000212364}"
167,go_nogo_stimulus_offset_167_go_hexagon_yellow,EVENT,504265.0,,"{""color"": ""yellow"", ""expected_frame_interval_ms"": 16.670639999210835, ""expected_refresh_rate_hz"": 60.0, ""expected_visual_onset_lsl_timestamp"": 504265.0261912, ""expected_visual_onset_monotonic"": 504265.0, ""expected_visual_onset_uncertainty_ms"": 8.335319999605417, ""fixed_display_latency_ms"": 0.0, ""flip_lsl_timestamp"": 504265.0261912, ""flip_monotonic"": 504265.0, ""is_no_go"": false, ""lsl_timestamp"": 504265.0261912, ""marker_push_latency_ms"": 0.0, ""measured_refresh_rate_hz"": 59.98569941210048, ""photodiode_verification_enabled"": false, ""scheduled_on_flip"": true, ""shape"": ""hexagon"", ""timing_model"": ""psychopy_callOnFlip_plus_fixed_display_latency""}"
167,go_nogo_trial_complete,EVENT,504265.0,,"{""attention_challenge"": {""enabled"": false, ""expected_state"": ""normal"", ""is_cue_trial"": false}, ""button_press_count"": 1, ""commission_error"": 0, ""condition"": ""go"", ""correct"": true, ""correct_press"": 1, ""event_type_name"": ""go_nogo_trial_complete"", ""is_no_go"": false, ""omission_error"": 0, ""practice"": false, ""reaction_time_seconds"": 0.6207449000212364, ""schema_version"": 1, ""session_dir"": ""C:\\Users\\Surettej\\Documents\\Codespace\\eegle\\data\\participants\\sub-001-calibration\\sessions\\2026-07-14\\attention_lapse_go_nogo8_observe_only\\go_nogo\\run-20260714T125304"", ""source"": ""task.go_nogo"", ""stimulus_offset_lsl_timestamp"": 504265.0261912, ""stimulus_offset_monotonic"": 504265.0, ""stimulus_onset_lsl_timestamp"": 504264.2172338, ""stimulus_onset_monotonic"": 504264.187, ""task"": ""go_nogo""}"
168,go_nogo_stimulus_onset_168_go_triangle_magenta,EVENT,504265.734,,"{""color"": ""magenta"", ""expected_frame_interval_ms"": 16.670639999210835, ""expected_refresh_rate_hz"": 60.0, ""expected_visual_onset_lsl_timestamp"": 504265.7700862, ""expected_visual_onset_monotonic"": 504265.734, ""expected_visual_onset_uncertainty_ms"": 8.335319999605417, ""fixed_display_latency_ms"": 0.0, ""flip_lsl_timestamp"": 504265.7700862, ""flip_monotonic"": 504265.734, ""is_no_go"": false, ""lsl_timestamp"": 504265.7700862, ""marker_push_latency_ms"": 16.00000000325963, ""measured_refresh_rate_hz"": 59.98569941210048, ""photodiode_verification_enabled"": false, ""scheduled_on_flip"": true, ""shape"": ""triangle"", ""timing_model"": ""psychopy_callOnFlip_plus_fixed_display_latency""}"
168,button_press,EVENT,504266.160843,space,"{""is_response_key"": true, ""lsl_timestamp"": 504266.19692919997, ""marker_push_latency_ms"": 0.0, ""rt_from_flip_seconds"": 0.42684299999382347, ""rt_seconds"": 0.42684299999382347}"
168,go_nogo_stimulus_offset_168_go_triangle_magenta,EVENT,504266.546,,"{""color"": ""magenta"", ""expected_frame_interval_ms"": 16.670639999210835, ""expected_refresh_rate_hz"": 60.0, ""expected_visual_onset_lsl_timestamp"": 504266.5786588, ""expected_visual_onset_monotonic"": 504266.546, ""expected_visual_onset_uncertainty_ms"": 8.335319999605417, ""fixed_display_latency_ms"": 0.0, ""flip_lsl_timestamp"": 504266.5786588, ""flip_monotonic"": 504266.546, ""is_no_go"": false, ""lsl_timestamp"": 504266.5786588, ""marker_push_latency_ms"": 0.0, ""measured_refresh_rate_hz"": 59.98569941210048, ""photodiode_verification_enabled"": false, ""scheduled_on_flip"": true, ""shape"": ""triangle"", ""timing_model"": ""psychopy_callOnFlip_plus_fixed_display_latency""}"
168,go_nogo_trial_complete,EVENT,504266.562,,"{""attention_challenge"": {""enabled"": false, ""expected_state"": ""normal"", ""is_cue_trial"": false}, ""button_press_count"": 1, ""commission_error"": 0, ""condition"": ""go"", ""correct"": true, ""correct_press"": 1, ""event_type_name"": ""go_nogo_trial_complete"", ""is_no_go"": false, ""omission_error"": 0, ""practice"": false, ""reaction_time_seconds"": 0.42684299999382347, ""schema_version"": 1, ""session_dir"": ""C:\\Users\\Surettej\\Documents\\Codespace\\eegle\\data\\participants\\sub-001-calibration\\sessions\\2026-07-14\\attention_lapse_go_nogo8_observe_only\\go_nogo\\run-20260714T125304"", ""source"": ""task.go_nogo"", ""stimulus_offset_lsl_timestamp"": 504266.5786588, ""stimulus_offset_monotonic"": 504266.546, ""stimulus_onset_lsl_timestamp"": 504265.7700862, ""stimulus_onset_monotonic"": 504265.734, ""task"": ""go_nogo""}"
169,go_nogo_stimulus_onset_169_go_star_magenta,EVENT,504267.312,,"{""color"": ""magenta"", ""expected_frame_interval_ms"": 16.670639999210835, ""expected_refresh_rate_hz"": 60.0, ""expected_visual_onset_lsl_timestamp"": 504267.3353632, ""expected_visual_onset_monotonic"": 504267.312, ""expected_visual_onset_uncertainty_ms"": 8.335319999605417, ""fixed_display_latency_ms"": 0.0, ""flip_lsl_timestamp"": 504267.3353632, ""flip_monotonic"": 504267.312, ""is_no_go"": false, ""lsl_timestamp"": 504267.3353632, ""marker_push_latency_ms"": 0.0, ""measured_refresh_rate_hz"": 59.98569941210048, ""photodiode_verification_enabled"": false, ""scheduled_on_flip"": true, ""shape"": ""star"", ""timing_model"": ""psychopy_callOnFlip_plus_fixed_display_latency""}"
169,button_press,EVENT,504267.6471383,space,"{""is_response_key"": true, ""lsl_timestamp"": 504267.6705015, ""marker_push_latency_ms"": 0.0, ""rt_from_flip_seconds"": 0.3351383000263013, ""rt_seconds"": 0.3351383000263013}"
169,go_nogo_stimulus_offset_169_go_star_magenta,EVENT,504268.109,,"{""color"": ""magenta"", ""expected_frame_interval_ms"": 16.670639999210835, ""expected_refresh_rate_hz"": 60.0, ""expected_visual_onset_lsl_timestamp"": 504268.1447711, ""expected_visual_onset_monotonic"": 504268.109, ""expected_visual_onset_uncertainty_ms"": 8.335319999605417, ""fixed_display_latency_ms"": 0.0, ""flip_lsl_timestamp"": 504268.1447711, ""flip_monotonic"": 504268.109, ""is_no_go"": false, ""lsl_timestamp"": 504268.1447711, ""marker_push_latency_ms"": 0.0, ""measured_refresh_rate_hz"": 59.98569941210048, ""photodiode_verification_enabled"": false, ""scheduled_on_flip"": true, ""shape"": ""star"", ""timing_model"": ""psychopy_callOnFlip_plus_fixed_display_latency""}"
169,go_nogo_trial_complete,EVENT,504268.125,,"{""attention_challenge"": {""enabled"": false, ""expected_state"": ""normal"", ""is_cue_trial"": false}, ""button_press_count"": 1, ""commission_error"": 0, ""condition"": ""go"", ""correct"": true, ""correct_press"": 1, ""event_type_name"": ""go_nogo_trial_complete"", ""is_no_go"": false, ""omission_error"": 0, ""practice"": false, ""reaction_time_seconds"": 0.3351383000263013, ""schema_version"": 1, ""session_dir"": ""C:\\Users\\Surettej\\Documents\\Codespace\\eegle\\data\\participants\\sub-001-calibration\\sessions\\2026-07-14\\attention_lapse_go_nogo8_observe_only\\go_nogo\\run-20260714T125304"", ""source"": ""task.go_nogo"", ""stimulus_offset_lsl_timestamp"": 504268.1447711, ""stimulus_offset_monotonic"": 504268.109, ""stimulus_onset_lsl_timestamp"": 504267.3353632, ""stimulus_onset_monotonic"": 504267.312, ""task"": ""go_nogo""}"
170,go_nogo_stimulus_onset_170_nogo_x_white,EVENT,504268.859,,"{""color"": ""white"", ""expected_frame_interval_ms"": 16.670639999210835, ""expected_refresh_rate_hz"": 60.0, ""expected_visual_onset_lsl_timestamp"": 504268.8933484, ""expected_visual_onset_monotonic"": 504268.859, ""expected_visual_onset_uncertainty_ms"": 8.335319999605417, ""fixed_display_latency_ms"": 0.0, ""flip_lsl_timestamp"": 504268.8933484, ""flip_monotonic"": 504268.859, ""is_no_go"": true, ""lsl_timestamp"": 504268.8933484, ""marker_push_latency_ms"": 0.0, ""measured_refresh_rate_hz"": 59.98569941210048, ""photodiode_verification_enabled"": false, ""scheduled_on_flip"": true, ""shape"": ""x"", ""timing_model"": ""psychopy_callOnFlip_plus_fixed_display_latency""}"
170,button_press,EVENT,504269.1787496,space,"{""is_response_key"": true, ""lsl_timestamp"": 504269.21309800004, ""marker_push_latency_ms"": 0.0, ""rt_from_flip_seconds"": 0.3197496000211686, ""rt_seconds"": 0.3197496000211686}"
170,go_nogo_stimulus_offset_170_nogo_x_white,EVENT,504269.671,,"{""color"": ""white"", ""expected_frame_interval_ms"": 16.670639999210835, ""expected_refresh_rate_hz"": 60.0, ""expected_visual_onset_lsl_timestamp"": 504269.7033953, ""expected_visual_onset_monotonic"": 504269.671, ""expected_visual_onset_uncertainty_ms"": 8.335319999605417, ""fixed_display_latency_ms"": 0.0, ""flip_lsl_timestamp"": 504269.7033953, ""flip_monotonic"": 504269.671, ""is_no_go"": true, ""lsl_timestamp"": 504269.7033953, ""marker_push_latency_ms"": 0.0, ""measured_refresh_rate_hz"": 59.98569941210048, ""photodiode_verification_enabled"": false, ""scheduled_on_flip"": true, ""shape"": ""x"", ""timing_model"": ""psychopy_callOnFlip_plus_fixed_display_latency""}"
170,go_nogo_trial_complete,EVENT,504269.687,,"{""attention_challenge"": {""enabled"": false, ""expected_state"": ""normal"", ""is_cue_trial"": false}, ""button_press_count"": 1, ""commission_error"": 1, ""condition"": ""no_go"", ""correct"": false, ""correct_press"": 0, ""event_type_name"": ""go_nogo_trial_complete"", ""is_no_go"": true, ""omission_error"": 0, ""practice"": false, ""reaction_time_seconds"": 0.3197496000211686, ""schema_version"": 1, ""session_dir"": ""C:\\Users\\Surettej\\Documents\\Codespace\\eegle\\data\\participants\\sub-001-calibration\\sessions\\2026-07-14\\attention_lapse_go_nogo8_observe_only\\go_nogo\\run-20260714T125304"", ""source"": ""task.go_nogo"", ""stimulus_offset_lsl_timestamp"": 504269.7033953, ""stimulus_offset_monotonic"": 504269.671, ""stimulus_onset_lsl_timestamp"": 504268.8933484, ""stimulus_onset_monotonic"": 504268.859, ""task"": ""go_nogo""}"
171,go_nogo_stimulus_onset_171_go_hexagon_magenta,EVENT,504270.421,,"{""color"": ""magenta"", ""expected_frame_interval_ms"": 16.670639999210835, ""expected_refresh_rate_hz"": 60.0, ""expected_visual_onset_lsl_timestamp"": 504270.448522, ""expected_visual_onset_monotonic"": 504270.421, ""expected_visual_onset_uncertainty_ms"": 8.335319999605417, ""fixed_display_latency_ms"": 0.0, ""flip_lsl_timestamp"": 504270.448522, ""flip_monotonic"": 504270.421, ""is_no_go"": false, ""lsl_timestamp"": 504270.448522, ""marker_push_latency_ms"": 0.0, ""measured_refresh_rate_hz"": 59.98569941210048, ""photodiode_verification_enabled"": false, ""scheduled_on_flip"": true, ""shape"": ""hexagon"", ""timing_model"": ""psychopy_callOnFlip_plus_fixed_display_latency""}"
171,button_press,EVENT,504270.9464022,space,"{""is_response_key"": true, ""lsl_timestamp"": 504270.9739242, ""marker_push_latency_ms"": 0.0, ""rt_from_flip_seconds"": 0.5254022000008263, ""rt_seconds"": 0.5254022000008263}"
171,go_nogo_stimulus_offset_171_go_hexagon_magenta,EVENT,504271.234,,"{""color"": ""magenta"", ""expected_frame_interval_ms"": 16.670639999210835, ""expected_refresh_rate_hz"": 60.0, ""expected_visual_onset_lsl_timestamp"": 504271.2564306, ""expected_visual_onset_monotonic"": 504271.234, ""expected_visual_onset_uncertainty_ms"": 8.335319999605417, ""fixed_display_latency_ms"": 0.0, ""flip_lsl_timestamp"": 504271.2564306, ""flip_monotonic"": 504271.234, ""is_no_go"": false, ""lsl_timestamp"": 504271.2564306, ""marker_push_latency_ms"": 0.0, ""measured_refresh_rate_hz"": 59.98569941210048, ""photodiode_verification_enabled"": false, ""scheduled_on_flip"": true, ""shape"": ""hexagon"", ""timing_model"": ""psychopy_callOnFlip_plus_fixed_display_latency""}"
171,go_nogo_trial_complete,EVENT,504271.234,,"{""attention_challenge"": {""enabled"": false, ""expected_state"": ""normal"", ""is_cue_trial"": false}, ""button_press_count"": 1, ""commission_error"": 0, ""condition"": ""go"", ""correct"": true, ""correct_press"": 1, ""event_type_name"": ""go_nogo_trial_complete"", ""is_no_go"": false, ""omission_error"": 0, ""practice"": false, ""reaction_time_seconds"": 0.5254022000008263, ""schema_version"": 1, ""session_dir"": ""C:\\Users\\Surettej\\Documents\\Codespace\\eegle\\data\\participants\\sub-001-calibration\\sessions\\2026-07-14\\attention_lapse_go_nogo8_observe_only\\go_nogo\\run-20260714T125304"", ""source"": ""task.go_nogo"", ""stimulus_offset_lsl_timestamp"": 504271.2564306, ""stimulus_offset_monotonic"": 504271.234, ""stimulus_onset_lsl_timestamp"": 504270.448522, ""stimulus_onset_monotonic"": 504270.421, ""task"": ""go_nogo""}"
172,go_nogo_stimulus_onset_172_go_square_magenta,EVENT,504271.984,,"{""color"": ""magenta"", ""expected_frame_interval_ms"": 16.670639999210835, ""expected_refresh_rate_hz"": 60.0, ""expected_visual_onset_lsl_timestamp"": 504272.0065798, ""expected_visual_onset_monotonic"": 504271.984, ""expected_visual_onset_uncertainty_ms"": 8.335319999605417, ""fixed_display_latency_ms"": 0.0, ""flip_lsl_timestamp"": 504272.0065798, ""flip_monotonic"": 504271.984, ""is_no_go"": false, ""lsl_timestamp"": 504272.0065798, ""marker_push_latency_ms"": 0.0, ""measured_refresh_rate_hz"": 59.98569941210048, ""photodiode_verification_enabled"": false, ""scheduled_on_flip"": true, ""shape"": ""square"", ""timing_model"": ""psychopy_callOnFlip_plus_fixed_display_latency""}"
172,button_press,EVENT,504272.3662989,space,"{""is_response_key"": true, ""lsl_timestamp"": 504272.3888787, ""marker_push_latency_ms"": 0.0, ""rt_from_flip_seconds"": 0.3822988999891095, ""rt_seconds"": 0.3822988999891095}"
172,go_nogo_stimulus_offset_172_go_square_magenta,EVENT,504272.781,,"{""color"": ""magenta"", ""expected_frame_interval_ms"": 16.670639999210835, ""expected_refresh_rate_hz"": 60.0, ""expected_visual_onset_lsl_timestamp"": 504272.8161849, ""expected_visual_onset_monotonic"": 504272.781, ""expected_visual_onset_uncertainty_ms"": 8.335319999605417, ""fixed_display_latency_ms"": 0.0, ""flip_lsl_timestamp"": 504272.8161849, ""flip_monotonic"": 504272.781, ""is_no_go"": false, ""lsl_timestamp"": 504272.8161849, ""marker_push_latency_ms"": 0.0, ""measured_refresh_rate_hz"": 59.98569941210048, ""photodiode_verification_enabled"": false, ""scheduled_on_flip"": true, ""shape"": ""square"", ""timing_model"": ""psychopy_callOnFlip_plus_fixed_display_latency""}"
172,go_nogo_trial_complete,EVENT,504272.796,,"{""attention_challenge"": {""enabled"": false, ""expected_state"": ""normal"", ""is_cue_trial"": false}, ""button_press_count"": 1, ""commission_error"": 0, ""condition"": ""go"", ""correct"": true, ""correct_press"": 1, ""event_type_name"": ""go_nogo_trial_complete"", ""is_no_go"": false, ""omission_error"": 0, ""practice"": false, ""reaction_time_seconds"": 0.3822988999891095, ""schema_version"": 1, ""session_dir"": ""C:\\Users\\Surettej\\Documents\\Codespace\\eegle\\data\\participants\\sub-001-calibration\\sessions\\2026-07-14\\attention_lapse_go_nogo8_observe_only\\go_nogo\\run-20260714T125304"", ""source"": ""task.go_nogo"", ""stimulus_offset_lsl_timestamp"": 504272.8161849, ""stimulus_offset_monotonic"": 504272.781, ""stimulus_onset_lsl_timestamp"": 504272.0065798, ""stimulus_onset_monotonic"": 504271.984, ""task"": ""go_nogo""}"
173,go_nogo_stimulus_onset_173_go_hexagon_magenta,EVENT,504273.546,,"{""color"": ""magenta"", ""expected_frame_interval_ms"": 16.670639999210835, ""expected_refresh_rate_hz"": 60.0, ""expected_visual_onset_lsl_timestamp"": 504273.5686608, ""expected_visual_onset_monotonic"": 504273.546, ""expected_visual_onset_uncertainty_ms"": 8.335319999605417, ""fixed_display_latency_ms"": 0.0, ""flip_lsl_timestamp"": 504273.5686608, ""flip_monotonic"": 504273.546, ""is_no_go"": false, ""lsl_timestamp"": 504273.5686608, ""marker_push_latency_ms"": 0.0, ""measured_refresh_rate_hz"": 59.98569941210048, ""photodiode_verification_enabled"": false, ""scheduled_on_flip"": true, ""shape"": ""hexagon"", ""timing_model"": ""psychopy_callOnFlip_plus_fixed_display_latency""}"
173,button_press,EVENT,504274.1663087,space,"{""is_response_key"": true, ""lsl_timestamp"": 504274.1889695, ""marker_push_latency_ms"": 0.0, ""rt_from_flip_seconds"": 0.620308700017631, ""rt_seconds"": 0.620308700017631}"
173,go_nogo_stimulus_offset_173_go_hexagon_magenta,EVENT,504274.343,,"{""color"": ""magenta"", ""expected_frame_interval_ms"": 16.670639999210835, ""expected_refresh_rate_hz"": 60.0, ""expected_visual_onset_lsl_timestamp"": 504274.3787164, ""expected_visual_onset_monotonic"": 504274.343, ""expected_visual_onset_uncertainty_ms"": 8.335319999605417, ""fixed_display_latency_ms"": 0.0, ""flip_lsl_timestamp"": 504274.3787164, ""flip_monotonic"": 504274.343, ""is_no_go"": false, ""lsl_timestamp"": 504274.3787164, ""marker_push_latency_ms"": 0.0, ""measured_refresh_rate_hz"": 59.98569941210048, ""photodiode_verification_enabled"": false, ""scheduled_on_flip"": true, ""shape"": ""hexagon"", ""timing_model"": ""psychopy_callOnFlip_plus_fixed_display_latency""}"
173,go_nogo_trial_complete,EVENT,504274.359,,"{""attention_challenge"": {""enabled"": false, ""expected_state"": ""normal"", ""is_cue_trial"": false}, ""button_press_count"": 1, ""commission_error"": 0, ""condition"": ""go"", ""correct"": true, ""correct_press"": 1, ""event_type_name"": ""go_nogo_trial_complete"", ""is_no_go"": false, ""omission_error"": 0, ""practice"": false, ""reaction_time_seconds"": 0.620308700017631, ""schema_version"": 1, ""session_dir"": ""C:\\Users\\Surettej\\Documents\\Codespace\\eegle\\data\\participants\\sub-001-calibration\\sessions\\2026-07-14\\attention_lapse_go_nogo8_observe_only\\go_nogo\\run-20260714T125304"", ""source"": ""task.go_nogo"", ""stimulus_offset_lsl_timestamp"": 504274.3787164, ""stimulus_offset_monotonic"": 504274.343, ""stimulus_onset_lsl_timestamp"": 504273.5686608, ""stimulus_onset_monotonic"": 504273.546, ""task"": ""go_nogo""}"
174,go_nogo_stimulus_onset_174_go_circle_blue,EVENT,504275.125,,"{""color"": ""blue"", ""expected_frame_interval_ms"": 16.670639999210835, ""expected_refresh_rate_hz"": 60.0, ""expected_visual_onset_lsl_timestamp"": 504275.1555489, ""expected_visual_onset_monotonic"": 504275.125, ""expected_visual_onset_uncertainty_ms"": 8.335319999605417, ""fixed_display_latency_ms"": 0.0, ""flip_lsl_timestamp"": 504275.1555489, ""flip_monotonic"": 504275.125, ""is_no_go"": false, ""lsl_timestamp"": 504275.1555489, ""marker_push_latency_ms"": 0.0, ""measured_refresh_rate_hz"": 59.98569941210048, ""photodiode_verification_enabled"": false, ""scheduled_on_flip"": true, ""shape"": ""circle"", ""timing_model"": ""psychopy_callOnFlip_plus_fixed_display_latency""}"
174,button_press,EVENT,504275.52866819996,space,"{""is_response_key"": true, ""lsl_timestamp"": 504275.5592171, ""marker_push_latency_ms"": 0.0, ""rt_from_flip_seconds"": 0.40366819995688275, ""rt_seconds"": 0.40366819995688275}"
174,go_nogo_stimulus_offset_174_go_circle_blue,EVENT,504275.937,,"{""color"": ""blue"", ""expected_frame_interval_ms"": 16.670639999210835, ""expected_refresh_rate_hz"": 60.0, ""expected_visual_onset_lsl_timestamp"": 504275.9638687, ""expected_visual_onset_monotonic"": 504275.937, ""expected_visual_onset_uncertainty_ms"": 8.335319999605417, ""fixed_display_latency_ms"": 0.0, ""flip_lsl_timestamp"": 504275.9638687, ""flip_monotonic"": 504275.937, ""is_no_go"": false, ""lsl_timestamp"": 504275.9638687, ""marker_push_latency_ms"": 0.0, ""measured_refresh_rate_hz"": 59.98569941210048, ""photodiode_verification_enabled"": false, ""scheduled_on_flip"": true, ""shape"": ""circle"", ""timing_model"": ""psychopy_callOnFlip_plus_fixed_display_latency""}"
174,go_nogo_trial_complete,EVENT,504275.937,,"{""attention_challenge"": {""enabled"": false, ""expected_state"": ""normal"", ""is_cue_trial"": false}, ""button_press_count"": 1, ""commission_error"": 0, ""condition"": ""go"", ""correct"": true, ""correct_press"": 1, ""event_type_name"": ""go_nogo_trial_complete"", ""is_no_go"": false, ""omission_error"": 0, ""practice"": false, ""reaction_time_seconds"": 0.40366819995688275, ""schema_version"": 1, ""session_dir"": ""C:\\Users\\Surettej\\Documents\\Codespace\\eegle\\data\\participants\\sub-001-calibration\\sessions\\2026-07-14\\attention_lapse_go_nogo8_observe_only\\go_nogo\\run-20260714T125304"", ""source"": ""task.go_nogo"", ""stimulus_offset_lsl_timestamp"": 504275.9638687, ""stimulus_offset_monotonic"": 504275.937, ""stimulus_onset_lsl_timestamp"": 504275.1555489, ""stimulus_onset_monotonic"": 504275.125, ""task"": ""go_nogo""}"
175,go_nogo_stimulus_onset_175_go_square_blue,EVENT,504276.687,,"{""color"": ""blue"", ""expected_frame_interval_ms"": 16.670639999210835, ""expected_refresh_rate_hz"": 60.0, ""expected_visual_onset_lsl_timestamp"": 504276.7078194, ""expected_visual_onset_monotonic"": 504276.687, ""expected_visual_onset_uncertainty_ms"": 8.335319999605417, ""fixed_display_latency_ms"": 0.0, ""flip_lsl_timestamp"": 504276.7078194, ""flip_monotonic"": 504276.687, ""is_no_go"": false, ""lsl_timestamp"": 504276.7078194, ""marker_push_latency_ms"": 0.0, ""measured_refresh_rate_hz"": 59.98569941210048, ""photodiode_verification_enabled"": false, ""scheduled_on_flip"": true, ""shape"": ""square"", ""timing_model"": ""psychopy_callOnFlip_plus_fixed_display_latency""}"
175,go_nogo_stimulus_offset_175_go_square_blue,EVENT,504277.484,,"{""color"": ""blue"", ""expected_frame_interval_ms"": 16.670639999210835, ""expected_refresh_rate_hz"": 60.0, ""expected_visual_onset_lsl_timestamp"": 504277.5156757, ""expected_visual_onset_monotonic"": 504277.484, ""expected_visual_onset_uncertainty_ms"": 8.335319999605417, ""fixed_display_latency_ms"": 0.0, ""flip_lsl_timestamp"": 504277.5156757, ""flip_monotonic"": 504277.484, ""is_no_go"": false, ""lsl_timestamp"": 504277.5156757, ""marker_push_latency_ms"": 0.0, ""measured_refresh_rate_hz"": 59.98569941210048, ""photodiode_verification_enabled"": false, ""scheduled_on_flip"": true, ""shape"": ""square"", ""timing_model"": ""psychopy_callOnFlip_plus_fixed_display_latency""}"
175,go_nogo_trial_complete,EVENT,504277.5,,"{""attention_challenge"": {""enabled"": false, ""expected_state"": ""normal"", ""is_cue_trial"": false}, ""button_press_count"": 0, ""commission_error"": 0, ""condition"": ""go"", ""correct"": false, ""correct_press"": 0, ""event_type_name"": ""go_nogo_trial_complete"", ""is_no_go"": false, ""omission_error"": 1, ""practice"": false, ""reaction_time_seconds"": null, ""schema_version"": 1, ""session_dir"": ""C:\\Users\\Surettej\\Documents\\Codespace\\eegle\\data\\participants\\sub-001-calibration\\sessions\\2026-07-14\\attention_lapse_go_nogo8_observe_only\\go_nogo\\run-20260714T125304"", ""source"": ""task.go_nogo"", ""stimulus_offset_lsl_timestamp"": 504277.5156757, ""stimulus_offset_monotonic"": 504277.484, ""stimulus_onset_lsl_timestamp"": 504276.7078194, ""stimulus_onset_monotonic"": 504276.687, ""task"": ""go_nogo""}"
176,go_nogo_stimulus_onset_176_go_circle_magenta,EVENT,504278.265,,"{""color"": ""magenta"", ""expected_frame_interval_ms"": 16.670639999210835, ""expected_refresh_rate_hz"": 60.0, ""expected_visual_onset_lsl_timestamp"": 504278.2903772, ""expected_visual_onset_monotonic"": 504278.265, ""expected_visual_onset_uncertainty_ms"": 8.335319999605417, ""fixed_display_latency_ms"": 0.0, ""flip_lsl_timestamp"": 504278.2903772, ""flip_monotonic"": 504278.265, ""is_no_go"": false, ""lsl_timestamp"": 504278.2903772, ""marker_push_latency_ms"": 0.0, ""measured_refresh_rate_hz"": 59.98569941210048, ""photodiode_verification_enabled"": false, ""scheduled_on_flip"": true, ""shape"": ""circle"", ""timing_model"": ""psychopy_callOnFlip_plus_fixed_display_latency""}"
176,go_nogo_stimulus_offset_176_go_circle_magenta,EVENT,504279.078,,"{""color"": ""magenta"", ""expected_frame_interval_ms"": 16.670639999210835, ""expected_refresh_rate_hz"": 60.0, ""expected_visual_onset_lsl_timestamp"": 504279.0998545, ""expected_visual_onset_monotonic"": 504279.078, ""expected_visual_onset_uncertainty_ms"": 8.335319999605417, ""fixed_display_latency_ms"": 0.0, ""flip_lsl_timestamp"": 504279.0998545, ""flip_monotonic"": 504279.078, ""is_no_go"": false, ""lsl_timestamp"": 504279.0998545, ""marker_push_latency_ms"": 0.0, ""measured_refresh_rate_hz"": 59.98569941210048, ""photodiode_verification_enabled"": false, ""scheduled_on_flip"": true, ""shape"": ""circle"", ""timing_model"": ""psychopy_callOnFlip_plus_fixed_display_latency""}"
176,go_nogo_trial_complete,EVENT,504279.078,,"{""attention_challenge"": {""enabled"": false, ""expected_state"": ""normal"", ""is_cue_trial"": false}, ""button_press_count"": 0, ""commission_error"": 0, ""condition"": ""go"", ""correct"": false, ""correct_press"": 0, ""event_type_name"": ""go_nogo_trial_complete"", ""is_no_go"": false, ""omission_error"": 1, ""practice"": false, ""reaction_time_seconds"": null, ""schema_version"": 1, ""session_dir"": ""C:\\Users\\Surettej\\Documents\\Codespace\\eegle\\data\\participants\\sub-001-calibration\\sessions\\2026-07-14\\attention_lapse_go_nogo8_observe_only\\go_nogo\\run-20260714T125304"", ""source"": ""task.go_nogo"", ""stimulus_offset_lsl_timestamp"": 504279.0998545, ""stimulus_offset_monotonic"": 504279.078, ""stimulus_onset_lsl_timestamp"": 504278.2903772, ""stimulus_onset_monotonic"": 504278.265, ""task"": ""go_nogo""}"
177,go_nogo_stimulus_onset_177_go_triangle_yellow,EVENT,504279.812,,"{""color"": ""yellow"", ""expected_frame_interval_ms"": 16.670639999210835, ""expected_refresh_rate_hz"": 60.0, ""expected_visual_onset_lsl_timestamp"": 504279.8466811, ""expected_visual_onset_monotonic"": 504279.812, ""expected_visual_onset_uncertainty_ms"": 8.335319999605417, ""fixed_display_latency_ms"": 0.0, ""flip_lsl_timestamp"": 504279.8466811, ""flip_monotonic"": 504279.812, ""is_no_go"": false, ""lsl_timestamp"": 504279.8466811, ""marker_push_latency_ms"": 0.0, ""measured_refresh_rate_hz"": 59.98569941210048, ""photodiode_verification_enabled"": false, ""scheduled_on_flip"": true, ""shape"": ""triangle"", ""timing_model"": ""psychopy_callOnFlip_plus_fixed_display_latency""}"
177,button_press,EVENT,504280.2667382,space,"{""is_response_key"": true, ""lsl_timestamp"": 504280.3014193, ""marker_push_latency_ms"": 0.0, ""rt_from_flip_seconds"": 0.45473820000188425, ""rt_seconds"": 0.45473820000188425}"
177,go_nogo_stimulus_offset_177_go_triangle_yellow,EVENT,504280.625,,"{""color"": ""yellow"", ""expected_frame_interval_ms"": 16.670639999210835, ""expected_refresh_rate_hz"": 60.0, ""expected_visual_onset_lsl_timestamp"": 504280.6551831, ""expected_visual_onset_monotonic"": 504280.625, ""expected_visual_onset_uncertainty_ms"": 8.335319999605417, ""fixed_display_latency_ms"": 0.0, ""flip_lsl_timestamp"": 504280.6551831, ""flip_monotonic"": 504280.625, ""is_no_go"": false, ""lsl_timestamp"": 504280.6551831, ""marker_push_latency_ms"": 0.0, ""measured_refresh_rate_hz"": 59.98569941210048, ""photodiode_verification_enabled"": false, ""scheduled_on_flip"": true, ""shape"": ""triangle"", ""timing_model"": ""psychopy_callOnFlip_plus_fixed_display_latency""}"
177,go_nogo_trial_complete,EVENT,504280.64,,"{""attention_challenge"": {""enabled"": false, ""expected_state"": ""normal"", ""is_cue_trial"": false}, ""button_press_count"": 1, ""commission_error"": 0, ""condition"": ""go"", ""correct"": true, ""correct_press"": 1, ""event_type_name"": ""go_nogo_trial_complete"", ""is_no_go"": false, ""omission_error"": 0, ""practice"": false, ""reaction_time_seconds"": 0.45473820000188425, ""schema_version"": 1, ""session_dir"": ""C:\\Users\\Surettej\\Documents\\Codespace\\eegle\\data\\participants\\sub-001-calibration\\sessions\\2026-07-14\\attention_lapse_go_nogo8_observe_only\\go_nogo\\run-20260714T125304"", ""source"": ""task.go_nogo"", ""stimulus_offset_lsl_timestamp"": 504280.6551831, ""stimulus_offset_monotonic"": 504280.625, ""stimulus_onset_lsl_timestamp"": 504279.8466811, ""stimulus_onset_monotonic"": 504279.812, ""task"": ""go_nogo""}"
178,go_nogo_stimulus_onset_178_go_hexagon_yellow,EVENT,504281.375,,"{""color"": ""yellow"", ""expected_frame_interval_ms"": 16.670639999210835, ""expected_refresh_rate_hz"": 60.0, ""expected_visual_onset_lsl_timestamp"": 504281.4034538, ""expected_visual_onset_monotonic"": 504281.375, ""expected_visual_onset_uncertainty_ms"": 8.335319999605417, ""fixed_display_latency_ms"": 0.0, ""flip_lsl_timestamp"": 504281.4034538, ""flip_monotonic"": 504281.375, ""is_no_go"": false, ""lsl_timestamp"": 504281.4034538, ""marker_push_latency_ms"": 0.0, ""measured_refresh_rate_hz"": 59.98569941210048, ""photodiode_verification_enabled"": false, ""scheduled_on_flip"": true, ""shape"": ""hexagon"", ""timing_model"": ""psychopy_callOnFlip_plus_fixed_display_latency""}"
178,button_press,EVENT,504281.6971886,space,"{""is_response_key"": true, ""lsl_timestamp"": 504281.72564240004, ""marker_push_latency_ms"": 0.0, ""rt_from_flip_seconds"": 0.3221886000246741, ""rt_seconds"": 0.3221886000246741}"
178,go_nogo_stimulus_offset_178_go_hexagon_yellow,EVENT,504282.203,,"{""color"": ""yellow"", ""expected_frame_interval_ms"": 16.670639999210835, ""expected_refresh_rate_hz"": 60.0, ""expected_visual_onset_lsl_timestamp"": 504282.2253186, ""expected_visual_onset_monotonic"": 504282.203, ""expected_visual_onset_uncertainty_ms"": 8.335319999605417, ""fixed_display_latency_ms"": 0.0, ""flip_lsl_timestamp"": 504282.2253186, ""flip_monotonic"": 504282.203, ""is_no_go"": false, ""lsl_timestamp"": 504282.2253186, ""marker_push_latency_ms"": 0.0, ""measured_refresh_rate_hz"": 59.98569941210048, ""photodiode_verification_enabled"": false, ""scheduled_on_flip"": true, ""shape"": ""hexagon"", ""timing_model"": ""psychopy_callOnFlip_plus_fixed_display_latency""}"
178,go_nogo_trial_complete,EVENT,504282.203,,"{""attention_challenge"": {""enabled"": false, ""expected_state"": ""normal"", ""is_cue_trial"": false}, ""button_press_count"": 1, ""commission_error"": 0, ""condition"": ""go"", ""correct"": true, ""correct_press"": 1, ""event_type_name"": ""go_nogo_trial_complete"", ""is_no_go"": false, ""omission_error"": 0, ""practice"": false, ""reaction_time_seconds"": 0.3221886000246741, ""schema_version"": 1, ""session_dir"": ""C:\\Users\\Surettej\\Documents\\Codespace\\eegle\\data\\participants\\sub-001-calibration\\sessions\\2026-07-14\\attention_lapse_go_nogo8_observe_only\\go_nogo\\run-20260714T125304"", ""source"": ""task.go_nogo"", ""stimulus_offset_lsl_timestamp"": 504282.2253186, ""stimulus_offset_monotonic"": 504282.203, ""stimulus_onset_lsl_timestamp"": 504281.4034538, ""stimulus_onset_monotonic"": 504281.375, ""task"": ""go_nogo""}"
179,go_nogo_stimulus_onset_179_go_circle_yellow,EVENT,504282.968,,"{""color"": ""yellow"", ""expected_frame_interval_ms"": 16.670639999210835, ""expected_refresh_rate_hz"": 60.0, ""expected_visual_onset_lsl_timestamp"": 504282.992424, ""expected_visual_onset_monotonic"": 504282.968, ""expected_visual_onset_uncertainty_ms"": 8.335319999605417, ""fixed_display_latency_ms"": 0.0, ""flip_lsl_timestamp"": 504282.992424, ""flip_monotonic"": 504282.968, ""is_no_go"": false, ""lsl_timestamp"": 504282.992424, ""marker_push_latency_ms"": 0.0, ""measured_refresh_rate_hz"": 59.98569941210048, ""photodiode_verification_enabled"": false, ""scheduled_on_flip"": true, ""shape"": ""circle"", ""timing_model"": ""psychopy_callOnFlip_plus_fixed_display_latency""}"
179,go_nogo_stimulus_offset_179_go_circle_yellow,EVENT,504283.781,,"{""color"": ""yellow"", ""expected_frame_interval_ms"": 16.670639999210835, ""expected_refresh_rate_hz"": 60.0, ""expected_visual_onset_lsl_timestamp"": 504283.80934, ""expected_visual_onset_monotonic"": 504283.781, ""expected_visual_onset_uncertainty_ms"": 8.335319999605417, ""fixed_display_latency_ms"": 0.0, ""flip_lsl_timestamp"": 504283.80934, ""flip_monotonic"": 504283.781, ""is_no_go"": false, ""lsl_timestamp"": 504283.80934, ""marker_push_latency_ms"": 0.0, ""measured_refresh_rate_hz"": 59.98569941210048, ""photodiode_verification_enabled"": false, ""scheduled_on_flip"": true, ""shape"": ""circle"", ""timing_model"": ""psychopy_callOnFlip_plus_fixed_display_latency""}"
179,go_nogo_trial_complete,EVENT,504283.781,,"{""attention_challenge"": {""enabled"": false, ""expected_state"": ""normal"", ""is_cue_trial"": false}, ""button_press_count"": 0, ""commission_error"": 0, ""condition"": ""go"", ""correct"": false, ""correct_press"": 0, ""event_type_name"": ""go_nogo_trial_complete"", ""is_no_go"": false, ""omission_error"": 1, ""practice"": false, ""reaction_time_seconds"": null, ""schema_version"": 1, ""session_dir"": ""C:\\Users\\Surettej\\Documents\\Codespace\\eegle\\data\\participants\\sub-001-calibration\\sessions\\2026-07-14\\attention_lapse_go_nogo8_observe_only\\go_nogo\\run-20260714T125304"", ""source"": ""task.go_nogo"", ""stimulus_offset_lsl_timestamp"": 504283.80934, ""stimulus_offset_monotonic"": 504283.781, ""stimulus_onset_lsl_timestamp"": 504282.992424, ""stimulus_onset_monotonic"": 504282.968, ""task"": ""go_nogo""}"
180,go_nogo_stimulus_onset_180_go_square_green,EVENT,504284.531,,"{""color"": ""green"", ""expected_frame_interval_ms"": 16.670639999210835, ""expected_refresh_rate_hz"": 60.0, ""expected_visual_onset_lsl_timestamp"": 504284.5598172, ""expected_visual_onset_monotonic"": 504284.531, ""expected_visual_onset_uncertainty_ms"": 8.335319999605417, ""fixed_display_latency_ms"": 0.0, ""flip_lsl_timestamp"": 504284.5598172, ""flip_monotonic"": 504284.531, ""is_no_go"": false, ""lsl_timestamp"": 504284.5598172, ""marker_push_latency_ms"": 0.0, ""measured_refresh_rate_hz"": 59.98569941210048, ""photodiode_verification_enabled"": false, ""scheduled_on_flip"": true, ""shape"": ""square"", ""timing_model"": ""psychopy_callOnFlip_plus_fixed_display_latency""}"
180,button_press,EVENT,504284.7835644,space,"{""is_response_key"": true, ""lsl_timestamp"": 504284.8123816, ""marker_push_latency_ms"": 0.0, ""rt_from_flip_seconds"": 0.25256439996883273, ""rt_seconds"": 0.25256439996883273}"
180,go_nogo_stimulus_offset_180_go_square_green,EVENT,504285.343,,"{""color"": ""green"", ""expected_frame_interval_ms"": 16.670639999210835, ""expected_refresh_rate_hz"": 60.0, ""expected_visual_onset_lsl_timestamp"": 504285.3767365, ""expected_visual_onset_monotonic"": 504285.343, ""expected_visual_onset_uncertainty_ms"": 8.335319999605417, ""fixed_display_latency_ms"": 0.0, ""flip_lsl_timestamp"": 504285.3767365, ""flip_monotonic"": 504285.343, ""is_no_go"": false, ""lsl_timestamp"": 504285.3767365, ""marker_push_latency_ms"": 0.0, ""measured_refresh_rate_hz"": 59.98569941210048, ""photodiode_verification_enabled"": false, ""scheduled_on_flip"": true, ""shape"": ""square"", ""timing_model"": ""psychopy_callOnFlip_plus_fixed_display_latency""}"
180,go_nogo_trial_complete,EVENT,504285.359,,"{""attention_challenge"": {""enabled"": false, ""expected_state"": ""normal"", ""is_cue_trial"": false}, ""button_press_count"": 1, ""commission_error"": 0, ""condition"": ""go"", ""correct"": true, ""correct_press"": 1, ""event_type_name"": ""go_nogo_trial_complete"", ""is_no_go"": false, ""omission_error"": 0, ""practice"": false, ""reaction_time_seconds"": 0.25256439996883273, ""schema_version"": 1, ""session_dir"": ""C:\\Users\\Surettej\\Documents\\Codespace\\eegle\\data\\participants\\sub-001-calibration\\sessions\\2026-07-14\\attention_lapse_go_nogo8_observe_only\\go_nogo\\run-20260714T125304"", ""source"": ""task.go_nogo"", ""stimulus_offset_lsl_timestamp"": 504285.3767365, ""stimulus_offset_monotonic"": 504285.343, ""stimulus_onset_lsl_timestamp"": 504284.5598172, ""stimulus_onset_monotonic"": 504284.531, ""task"": ""go_nogo""}"
181,go_nogo_stimulus_onset_181_go_star_yellow,EVENT,504286.093,,"{""color"": ""yellow"", ""expected_frame_interval_ms"": 16.670639999210835, ""expected_refresh_rate_hz"": 60.0, ""expected_visual_onset_lsl_timestamp"": 504286.1221545, ""expected_visual_onset_monotonic"": 504286.093, ""expected_visual_onset_uncertainty_ms"": 8.335319999605417, ""fixed_display_latency_ms"": 0.0, ""flip_lsl_timestamp"": 504286.1221545, ""flip_monotonic"": 504286.093, ""is_no_go"": false, ""lsl_timestamp"": 504286.1221545, ""marker_push_latency_ms"": 0.0, ""measured_refresh_rate_hz"": 59.98569941210048, ""photodiode_verification_enabled"": false, ""scheduled_on_flip"": true, ""shape"": ""star"", ""timing_model"": ""psychopy_callOnFlip_plus_fixed_display_latency""}"
181,button_press,EVENT,504286.4721359,space,"{""is_response_key"": true, ""lsl_timestamp"": 504286.5012904, ""marker_push_latency_ms"": 0.0, ""rt_from_flip_seconds"": 0.3791359000024386, ""rt_seconds"": 0.3791359000024386}"
181,go_nogo_stimulus_offset_181_go_star_yellow,EVENT,504286.921,,"{""color"": ""yellow"", ""expected_frame_interval_ms"": 16.670639999210835, ""expected_refresh_rate_hz"": 60.0, ""expected_visual_onset_lsl_timestamp"": 504286.9441098, ""expected_visual_onset_monotonic"": 504286.921, ""expected_visual_onset_uncertainty_ms"": 8.335319999605417, ""fixed_display_latency_ms"": 0.0, ""flip_lsl_timestamp"": 504286.9441098, ""flip_monotonic"": 504286.921, ""is_no_go"": false, ""lsl_timestamp"": 504286.9441098, ""marker_push_latency_ms"": 0.0, ""measured_refresh_rate_hz"": 59.98569941210048, ""photodiode_verification_enabled"": false, ""scheduled_on_flip"": true, ""shape"": ""star"", ""timing_model"": ""psychopy_callOnFlip_plus_fixed_display_latency""}"
181,go_nogo_trial_complete,EVENT,504286.921,,"{""attention_challenge"": {""enabled"": false, ""expected_state"": ""normal"", ""is_cue_trial"": false}, ""button_press_count"": 1, ""commission_error"": 0, ""condition"": ""go"", ""correct"": true, ""correct_press"": 1, ""event_type_name"": ""go_nogo_trial_complete"", ""is_no_go"": false, ""omission_error"": 0, ""practice"": false, ""reaction_time_seconds"": 0.3791359000024386, ""schema_version"": 1, ""session_dir"": ""C:\\Users\\Surettej\\Documents\\Codespace\\eegle\\data\\participants\\sub-001-calibration\\sessions\\2026-07-14\\attention_lapse_go_nogo8_observe_only\\go_nogo\\run-20260714T125304"", ""source"": ""task.go_nogo"", ""stimulus_offset_lsl_timestamp"": 504286.9441098, ""stimulus_offset_monotonic"": 504286.921, ""stimulus_onset_lsl_timestamp"": 504286.1221545, ""stimulus_onset_monotonic"": 504286.093, ""task"": ""go_nogo""}"
182,go_nogo_stimulus_onset_182_go_square_magenta,EVENT,504287.656,,"{""color"": ""magenta"", ""expected_frame_interval_ms"": 16.670639999210835, ""expected_refresh_rate_hz"": 60.0, ""expected_visual_onset_lsl_timestamp"": 504287.6902569, ""expected_visual_onset_monotonic"": 504287.656, ""expected_visual_onset_uncertainty_ms"": 8.335319999605417, ""fixed_display_latency_ms"": 0.0, ""flip_lsl_timestamp"": 504287.6902569, ""flip_monotonic"": 504287.656, ""is_no_go"": false, ""lsl_timestamp"": 504287.6902569, ""marker_push_latency_ms"": 0.0, ""measured_refresh_rate_hz"": 59.98569941210048, ""photodiode_verification_enabled"": false, ""scheduled_on_flip"": true, ""shape"": ""square"", ""timing_model"": ""psychopy_callOnFlip_plus_fixed_display_latency""}"
182,button_press,EVENT,504288.0601306,space,"{""is_response_key"": true, ""lsl_timestamp"": 504288.09438749996, ""marker_push_latency_ms"": 0.0, ""rt_from_flip_seconds"": 0.4041305999853648, ""rt_seconds"": 0.4041305999853648}"
182,go_nogo_stimulus_offset_182_go_square_magenta,EVENT,504288.468,,"{""color"": ""magenta"", ""expected_frame_interval_ms"": 16.670639999210835, ""expected_refresh_rate_hz"": 60.0, ""expected_visual_onset_lsl_timestamp"": 504288.4994327, ""expected_visual_onset_monotonic"": 504288.468, ""expected_visual_onset_uncertainty_ms"": 8.335319999605417, ""fixed_display_latency_ms"": 0.0, ""flip_lsl_timestamp"": 504288.4994327, ""flip_monotonic"": 504288.468, ""is_no_go"": false, ""lsl_timestamp"": 504288.4994327, ""marker_push_latency_ms"": 0.0, ""measured_refresh_rate_hz"": 59.98569941210048, ""photodiode_verification_enabled"": false, ""scheduled_on_flip"": true, ""shape"": ""square"", ""timing_model"": ""psychopy_callOnFlip_plus_fixed_display_latency""}"
182,go_nogo_trial_complete,EVENT,504288.484,,"{""attention_challenge"": {""enabled"": false, ""expected_state"": ""normal"", ""is_cue_trial"": false}, ""button_press_count"": 1, ""commission_error"": 0, ""condition"": ""go"", ""correct"": true, ""correct_press"": 1, ""event_type_name"": ""go_nogo_trial_complete"", ""is_no_go"": false, ""omission_error"": 0, ""practice"": false, ""reaction_time_seconds"": 0.4041305999853648, ""schema_version"": 1, ""session_dir"": ""C:\\Users\\Surettej\\Documents\\Codespace\\eegle\\data\\participants\\sub-001-calibration\\sessions\\2026-07-14\\attention_lapse_go_nogo8_observe_only\\go_nogo\\run-20260714T125304"", ""source"": ""task.go_nogo"", ""stimulus_offset_lsl_timestamp"": 504288.4994327, ""stimulus_offset_monotonic"": 504288.468, ""stimulus_onset_lsl_timestamp"": 504287.6902569, ""stimulus_onset_monotonic"": 504287.656, ""task"": ""go_nogo""}"
183,go_nogo_stimulus_onset_183_nogo_x_white,EVENT,504289.218,,"{""color"": ""white"", ""expected_frame_interval_ms"": 16.670639999210835, ""expected_refresh_rate_hz"": 60.0, ""expected_visual_onset_lsl_timestamp"": 504289.2487465, ""expected_visual_onset_monotonic"": 504289.218, ""expected_visual_onset_uncertainty_ms"": 8.335319999605417, ""fixed_display_latency_ms"": 0.0, ""flip_lsl_timestamp"": 504289.2487465, ""flip_monotonic"": 504289.218, ""is_no_go"": true, ""lsl_timestamp"": 504289.2487465, ""marker_push_latency_ms"": 0.0, ""measured_refresh_rate_hz"": 59.98569941210048, ""photodiode_verification_enabled"": false, ""scheduled_on_flip"": true, ""shape"": ""x"", ""timing_model"": ""psychopy_callOnFlip_plus_fixed_display_latency""}"
183,go_nogo_stimulus_offset_183_nogo_x_white,EVENT,504290.031,,"{""color"": ""white"", ""expected_frame_interval_ms"": 16.670639999210835, ""expected_refresh_rate_hz"": 60.0, ""expected_visual_onset_lsl_timestamp"": 504290.0561855, ""expected_visual_onset_monotonic"": 504290.031, ""expected_visual_onset_uncertainty_ms"": 8.335319999605417, ""fixed_display_latency_ms"": 0.0, ""flip_lsl_timestamp"": 504290.0561855, ""flip_monotonic"": 504290.031, ""is_no_go"": true, ""lsl_timestamp"": 504290.0561855, ""marker_push_latency_ms"": 0.0, ""measured_refresh_rate_hz"": 59.98569941210048, ""photodiode_verification_enabled"": false, ""scheduled_on_flip"": true, ""shape"": ""x"", ""timing_model"": ""psychopy_callOnFlip_plus_fixed_display_latency""}"
183,go_nogo_trial_complete,EVENT,504290.031,,"{""attention_challenge"": {""enabled"": false, ""expected_state"": ""normal"", ""is_cue_trial"": false}, ""button_press_count"": 0, ""commission_error"": 0, ""condition"": ""no_go"", ""correct"": true, ""correct_press"": 1, ""event_type_name"": ""go_nogo_trial_complete"", ""is_no_go"": true, ""omission_error"": 0, ""practice"": false, ""reaction_time_seconds"": null, ""schema_version"": 1, ""session_dir"": ""C:\\Users\\Surettej\\Documents\\Codespace\\eegle\\data\\participants\\sub-001-calibration\\sessions\\2026-07-14\\attention_lapse_go_nogo8_observe_only\\go_nogo\\run-20260714T125304"", ""source"": ""task.go_nogo"", ""stimulus_offset_lsl_timestamp"": 504290.0561855, ""stimulus_offset_monotonic"": 504290.031, ""stimulus_onset_lsl_timestamp"": 504289.2487465, ""stimulus_onset_monotonic"": 504289.218, ""task"": ""go_nogo""}"
184,go_nogo_stimulus_onset_184_nogo_x_white,EVENT,504290.781,,"{""color"": ""white"", ""expected_frame_interval_ms"": 16.670639999210835, ""expected_refresh_rate_hz"": 60.0, ""expected_visual_onset_lsl_timestamp"": 504290.8067726, ""expected_visual_onset_monotonic"": 504290.781, ""expected_visual_onset_uncertainty_ms"": 8.335319999605417, ""fixed_display_latency_ms"": 0.0, ""flip_lsl_timestamp"": 504290.8067726, ""flip_monotonic"": 504290.781, ""is_no_go"": true, ""lsl_timestamp"": 504290.8067726, ""marker_push_latency_ms"": 0.0, ""measured_refresh_rate_hz"": 59.98569941210048, ""photodiode_verification_enabled"": false, ""scheduled_on_flip"": true, ""shape"": ""x"", ""timing_model"": ""psychopy_callOnFlip_plus_fixed_display_latency""}"
184,go_nogo_stimulus_offset_184_nogo_x_white,EVENT,504291.593,,"{""color"": ""white"", ""expected_frame_interval_ms"": 16.670639999210835, ""expected_refresh_rate_hz"": 60.0, ""expected_visual_onset_lsl_timestamp"": 504291.6296213, ""expected_visual_onset_monotonic"": 504291.593, ""expected_visual_onset_uncertainty_ms"": 8.335319999605417, ""fixed_display_latency_ms"": 0.0, ""flip_lsl_timestamp"": 504291.6296213, ""flip_monotonic"": 504291.593, ""is_no_go"": true, ""lsl_timestamp"": 504291.6296213, ""marker_push_latency_ms"": 0.0, ""measured_refresh_rate_hz"": 59.98569941210048, ""photodiode_verification_enabled"": false, ""scheduled_on_flip"": true, ""shape"": ""x"", ""timing_model"": ""psychopy_callOnFlip_plus_fixed_display_latency""}"
184,go_nogo_trial_complete,EVENT,504291.609,,"{""attention_challenge"": {""enabled"": false, ""expected_state"": ""normal"", ""is_cue_trial"": false}, ""button_press_count"": 0, ""commission_error"": 0, ""condition"": ""no_go"", ""correct"": true, ""correct_press"": 1, ""event_type_name"": ""go_nogo_trial_complete"", ""is_no_go"": true, ""omission_error"": 0, ""practice"": false, ""reaction_time_seconds"": null, ""schema_version"": 1, ""session_dir"": ""C:\\Users\\Surettej\\Documents\\Codespace\\eegle\\data\\participants\\sub-001-calibration\\sessions\\2026-07-14\\attention_lapse_go_nogo8_observe_only\\go_nogo\\run-20260714T125304"", ""source"": ""task.go_nogo"", ""stimulus_offset_lsl_timestamp"": 504291.6296213, ""stimulus_offset_monotonic"": 504291.593, ""stimulus_onset_lsl_timestamp"": 504290.8067726, ""stimulus_onset_monotonic"": 504290.781, ""task"": ""go_nogo""}"
185,go_nogo_stimulus_onset_185_go_hexagon_green,EVENT,504292.343,,"{""color"": ""green"", ""expected_frame_interval_ms"": 16.670639999210835, ""expected_refresh_rate_hz"": 60.0, ""expected_visual_onset_lsl_timestamp"": 504292.3753495, ""expected_visual_onset_monotonic"": 504292.343, ""expected_visual_onset_uncertainty_ms"": 8.335319999605417, ""fixed_display_latency_ms"": 0.0, ""flip_lsl_timestamp"": 504292.3753495, ""flip_monotonic"": 504292.343, ""is_no_go"": false, ""lsl_timestamp"": 504292.3753495, ""marker_push_latency_ms"": 0.0, ""measured_refresh_rate_hz"": 59.98569941210048, ""photodiode_verification_enabled"": false, ""scheduled_on_flip"": true, ""shape"": ""hexagon"", ""timing_model"": ""psychopy_callOnFlip_plus_fixed_display_latency""}"
185,button_press,EVENT,504292.7558235,space,"{""is_response_key"": true, ""lsl_timestamp"": 504292.788173, ""marker_push_latency_ms"": 0.0, ""rt_from_flip_seconds"": 0.4128234999952838, ""rt_seconds"": 0.4128234999952838}"
185,go_nogo_stimulus_offset_185_go_hexagon_green,EVENT,504293.171,,"{""color"": ""green"", ""expected_frame_interval_ms"": 16.670639999210835, ""expected_refresh_rate_hz"": 60.0, ""expected_visual_onset_lsl_timestamp"": 504293.1969667, ""expected_visual_onset_monotonic"": 504293.171, ""expected_visual_onset_uncertainty_ms"": 8.335319999605417, ""fixed_display_latency_ms"": 0.0, ""flip_lsl_timestamp"": 504293.1969667, ""flip_monotonic"": 504293.171, ""is_no_go"": false, ""lsl_timestamp"": 504293.1969667, ""marker_push_latency_ms"": 0.0, ""measured_refresh_rate_hz"": 59.98569941210048, ""photodiode_verification_enabled"": false, ""scheduled_on_flip"": true, ""shape"": ""hexagon"", ""timing_model"": ""psychopy_callOnFlip_plus_fixed_display_latency""}"
185,go_nogo_trial_complete,EVENT,504293.171,,"{""attention_challenge"": {""enabled"": false, ""expected_state"": ""normal"", ""is_cue_trial"": false}, ""button_press_count"": 1, ""commission_error"": 0, ""condition"": ""go"", ""correct"": true, ""correct_press"": 1, ""event_type_name"": ""go_nogo_trial_complete"", ""is_no_go"": false, ""omission_error"": 0, ""practice"": false, ""reaction_time_seconds"": 0.4128234999952838, ""schema_version"": 1, ""session_dir"": ""C:\\Users\\Surettej\\Documents\\Codespace\\eegle\\data\\participants\\sub-001-calibration\\sessions\\2026-07-14\\attention_lapse_go_nogo8_observe_only\\go_nogo\\run-20260714T125304"", ""source"": ""task.go_nogo"", ""stimulus_offset_lsl_timestamp"": 504293.1969667, ""stimulus_offset_monotonic"": 504293.171, ""stimulus_onset_lsl_timestamp"": 504292.3753495, ""stimulus_onset_monotonic"": 504292.343, ""task"": ""go_nogo""}"
186,go_nogo_stimulus_onset_186_nogo_x_white,EVENT,504293.921,,"{""color"": ""white"", ""expected_frame_interval_ms"": 16.670639999210835, ""expected_refresh_rate_hz"": 60.0, ""expected_visual_onset_lsl_timestamp"": 504293.9487123, ""expected_visual_onset_monotonic"": 504293.921, ""expected_visual_onset_uncertainty_ms"": 8.335319999605417, ""fixed_display_latency_ms"": 0.0, ""flip_lsl_timestamp"": 504293.9487123, ""flip_monotonic"": 504293.921, ""is_no_go"": true, ""lsl_timestamp"": 504293.9487123, ""marker_push_latency_ms"": 0.0, ""measured_refresh_rate_hz"": 59.98569941210048, ""photodiode_verification_enabled"": false, ""scheduled_on_flip"": true, ""shape"": ""x"", ""timing_model"": ""psychopy_callOnFlip_plus_fixed_display_latency""}"
186,button_press,EVENT,504294.6405325,space,"{""is_response_key"": true, ""lsl_timestamp"": 504294.6682448, ""marker_push_latency_ms"": 0.0, ""rt_from_flip_seconds"": 0.7195325000211596, ""rt_seconds"": 0.7195325000211596}"
186,go_nogo_stimulus_offset_186_nogo_x_white,EVENT,504294.734,,"{""color"": ""white"", ""expected_frame_interval_ms"": 16.670639999210835, ""expected_refresh_rate_hz"": 60.0, ""expected_visual_onset_lsl_timestamp"": 504294.7643493, ""expected_visual_onset_monotonic"": 504294.734, ""expected_visual_onset_uncertainty_ms"": 8.335319999605417, ""fixed_display_latency_ms"": 0.0, ""flip_lsl_timestamp"": 504294.7643493, ""flip_monotonic"": 504294.734, ""is_no_go"": true, ""lsl_timestamp"": 504294.7643493, ""marker_push_latency_ms"": 0.0, ""measured_refresh_rate_hz"": 59.98569941210048, ""photodiode_verification_enabled"": false, ""scheduled_on_flip"": true, ""shape"": ""x"", ""timing_model"": ""psychopy_callOnFlip_plus_fixed_display_latency""}"
186,go_nogo_trial_complete,EVENT,504294.734,,"{""attention_challenge"": {""enabled"": false, ""expected_state"": ""normal"", ""is_cue_trial"": false}, ""button_press_count"": 1, ""commission_error"": 1, ""condition"": ""no_go"", ""correct"": false, ""correct_press"": 0, ""event_type_name"": ""go_nogo_trial_complete"", ""is_no_go"": true, ""omission_error"": 0, ""practice"": false, ""reaction_time_seconds"": 0.7195325000211596, ""schema_version"": 1, ""session_dir"": ""C:\\Users\\Surettej\\Documents\\Codespace\\eegle\\data\\participants\\sub-001-calibration\\sessions\\2026-07-14\\attention_lapse_go_nogo8_observe_only\\go_nogo\\run-20260714T125304"", ""source"": ""task.go_nogo"", ""stimulus_offset_lsl_timestamp"": 504294.7643493, ""stimulus_offset_monotonic"": 504294.734, ""stimulus_onset_lsl_timestamp"": 504293.9487123, ""stimulus_onset_monotonic"": 504293.921, ""task"": ""go_nogo""}"
187,go_nogo_stimulus_onset_187_nogo_x_white,EVENT,504295.484,,"{""color"": ""white"", ""expected_frame_interval_ms"": 16.670639999210835, ""expected_refresh_rate_hz"": 60.0, ""expected_visual_onset_lsl_timestamp"": 504295.5148659, ""expected_visual_onset_monotonic"": 504295.484, ""expected_visual_onset_uncertainty_ms"": 8.335319999605417, ""fixed_display_latency_ms"": 0.0, ""flip_lsl_timestamp"": 504295.5148659, ""flip_monotonic"": 504295.484, ""is_no_go"": true, ""lsl_timestamp"": 504295.5148659, ""marker_push_latency_ms"": 0.0, ""measured_refresh_rate_hz"": 59.98569941210048, ""photodiode_verification_enabled"": false, ""scheduled_on_flip"": true, ""shape"": ""x"", ""timing_model"": ""psychopy_callOnFlip_plus_fixed_display_latency""}"
187,button_press,EVENT,504295.7739972,space,"{""is_response_key"": true, ""lsl_timestamp"": 504295.8048631, ""marker_push_latency_ms"": 0.0, ""rt_from_flip_seconds"": 0.2899972000159323, ""rt_seconds"": 0.2899972000159323}"
187,go_nogo_stimulus_offset_187_nogo_x_white,EVENT,504296.296,,"{""color"": ""white"", ""expected_frame_interval_ms"": 16.670639999210835, ""expected_refresh_rate_hz"": 60.0, ""expected_visual_onset_lsl_timestamp"": 504296.3229946, ""expected_visual_onset_monotonic"": 504296.296, ""expected_visual_onset_uncertainty_ms"": 8.335319999605417, ""fixed_display_latency_ms"": 0.0, ""flip_lsl_timestamp"": 504296.3229946, ""flip_monotonic"": 504296.296, ""is_no_go"": true, ""lsl_timestamp"": 504296.3229946, ""marker_push_latency_ms"": 0.0, ""measured_refresh_rate_hz"": 59.98569941210048, ""photodiode_verification_enabled"": false, ""scheduled_on_flip"": true, ""shape"": ""x"", ""timing_model"": ""psychopy_callOnFlip_plus_fixed_display_latency""}"
187,go_nogo_trial_complete,EVENT,504296.296,,"{""attention_challenge"": {""enabled"": false, ""expected_state"": ""normal"", ""is_cue_trial"": false}, ""button_press_count"": 1, ""commission_error"": 1, ""condition"": ""no_go"", ""correct"": false, ""correct_press"": 0, ""event_type_name"": ""go_nogo_trial_complete"", ""is_no_go"": true, ""omission_error"": 0, ""practice"": false, ""reaction_time_seconds"": 0.2899972000159323, ""schema_version"": 1, ""session_dir"": ""C:\\Users\\Surettej\\Documents\\Codespace\\eegle\\data\\participants\\sub-001-calibration\\sessions\\2026-07-14\\attention_lapse_go_nogo8_observe_only\\go_nogo\\run-20260714T125304"", ""source"": ""task.go_nogo"", ""stimulus_offset_lsl_timestamp"": 504296.3229946, ""stimulus_offset_monotonic"": 504296.296, ""stimulus_onset_lsl_timestamp"": 504295.5148659, ""stimulus_onset_monotonic"": 504295.484, ""task"": ""go_nogo""}"
188,go_nogo_stimulus_onset_188_go_square_yellow,EVENT,504297.046,,"{""color"": ""yellow"", ""expected_frame_interval_ms"": 16.670639999210835, ""expected_refresh_rate_hz"": 60.0, ""expected_visual_onset_lsl_timestamp"": 504297.0686672, ""expected_visual_onset_monotonic"": 504297.046, ""expected_visual_onset_uncertainty_ms"": 8.335319999605417, ""fixed_display_latency_ms"": 0.0, ""flip_lsl_timestamp"": 504297.0686672, ""flip_monotonic"": 504297.046, ""is_no_go"": false, ""lsl_timestamp"": 504297.0686672, ""marker_push_latency_ms"": 0.0, ""measured_refresh_rate_hz"": 59.98569941210048, ""photodiode_verification_enabled"": false, ""scheduled_on_flip"": true, ""shape"": ""square"", ""timing_model"": ""psychopy_callOnFlip_plus_fixed_display_latency""}"
188,button_press,EVENT,504297.4482154,space,"{""is_response_key"": true, ""lsl_timestamp"": 504297.4708826, ""marker_push_latency_ms"": 0.0, ""rt_from_flip_seconds"": 0.40221540001221, ""rt_seconds"": 0.40221540001221}"
188,go_nogo_stimulus_offset_188_go_square_yellow,EVENT,504297.843,,"{""color"": ""yellow"", ""expected_frame_interval_ms"": 16.670639999210835, ""expected_refresh_rate_hz"": 60.0, ""expected_visual_onset_lsl_timestamp"": 504297.8789275, ""expected_visual_onset_monotonic"": 504297.843, ""expected_visual_onset_uncertainty_ms"": 8.335319999605417, ""fixed_display_latency_ms"": 0.0, ""flip_lsl_timestamp"": 504297.8789275, ""flip_monotonic"": 504297.843, ""is_no_go"": false, ""lsl_timestamp"": 504297.8789275, ""marker_push_latency_ms"": 0.0, ""measured_refresh_rate_hz"": 59.98569941210048, ""photodiode_verification_enabled"": false, ""scheduled_on_flip"": true, ""shape"": ""square"", ""timing_model"": ""psychopy_callOnFlip_plus_fixed_display_latency""}"
188,go_nogo_trial_complete,EVENT,504297.859,,"{""attention_challenge"": {""enabled"": false, ""expected_state"": ""normal"", ""is_cue_trial"": false}, ""button_press_count"": 1, ""commission_error"": 0, ""condition"": ""go"", ""correct"": true, ""correct_press"": 1, ""event_type_name"": ""go_nogo_trial_complete"", ""is_no_go"": false, ""omission_error"": 0, ""practice"": false, ""reaction_time_seconds"": 0.40221540001221, ""schema_version"": 1, ""session_dir"": ""C:\\Users\\Surettej\\Documents\\Codespace\\eegle\\data\\participants\\sub-001-calibration\\sessions\\2026-07-14\\attention_lapse_go_nogo8_observe_only\\go_nogo\\run-20260714T125304"", ""source"": ""task.go_nogo"", ""stimulus_offset_lsl_timestamp"": 504297.8789275, ""stimulus_offset_monotonic"": 504297.843, ""stimulus_onset_lsl_timestamp"": 504297.0686672, ""stimulus_onset_monotonic"": 504297.046, ""task"": ""go_nogo""}"
189,go_nogo_stimulus_onset_189_nogo_x_white,EVENT,504298.609,,"{""color"": ""white"", ""expected_frame_interval_ms"": 16.670639999210835, ""expected_refresh_rate_hz"": 60.0, ""expected_visual_onset_lsl_timestamp"": 504298.6303603, ""expected_visual_onset_monotonic"": 504298.609, ""expected_visual_onset_uncertainty_ms"": 8.335319999605417, ""fixed_display_latency_ms"": 0.0, ""flip_lsl_timestamp"": 504298.6303603, ""flip_monotonic"": 504298.609, ""is_no_go"": true, ""lsl_timestamp"": 504298.6303603, ""marker_push_latency_ms"": 0.0, ""measured_refresh_rate_hz"": 59.98569941210048, ""photodiode_verification_enabled"": false, ""scheduled_on_flip"": true, ""shape"": ""x"", ""timing_model"": ""psychopy_callOnFlip_plus_fixed_display_latency""}"
189,go_nogo_stimulus_offset_189_nogo_x_white,EVENT,504299.406,,"{""color"": ""white"", ""expected_frame_interval_ms"": 16.670639999210835, ""expected_refresh_rate_hz"": 60.0, ""expected_visual_onset_lsl_timestamp"": 504299.4381106, ""expected_visual_onset_monotonic"": 504299.406, ""expected_visual_onset_uncertainty_ms"": 8.335319999605417, ""fixed_display_latency_ms"": 0.0, ""flip_lsl_timestamp"": 504299.4381106, ""flip_monotonic"": 504299.406, ""is_no_go"": true, ""lsl_timestamp"": 504299.4381106, ""marker_push_latency_ms"": 0.0, ""measured_refresh_rate_hz"": 59.98569941210048, ""photodiode_verification_enabled"": false, ""scheduled_on_flip"": true, ""shape"": ""x"", ""timing_model"": ""psychopy_callOnFlip_plus_fixed_display_latency""}"
189,go_nogo_trial_complete,EVENT,504299.421,,"{""attention_challenge"": {""enabled"": false, ""expected_state"": ""normal"", ""is_cue_trial"": false}, ""button_press_count"": 0, ""commission_error"": 0, ""condition"": ""no_go"", ""correct"": true, ""correct_press"": 1, ""event_type_name"": ""go_nogo_trial_complete"", ""is_no_go"": true, ""omission_error"": 0, ""practice"": false, ""reaction_time_seconds"": null, ""schema_version"": 1, ""session_dir"": ""C:\\Users\\Surettej\\Documents\\Codespace\\eegle\\data\\participants\\sub-001-calibration\\sessions\\2026-07-14\\attention_lapse_go_nogo8_observe_only\\go_nogo\\run-20260714T125304"", ""source"": ""task.go_nogo"", ""stimulus_offset_lsl_timestamp"": 504299.4381106, ""stimulus_offset_monotonic"": 504299.406, ""stimulus_onset_lsl_timestamp"": 504298.6303603, ""stimulus_onset_monotonic"": 504298.609, ""task"": ""go_nogo""}"
190,go_nogo_stimulus_onset_190_go_triangle_yellow,EVENT,504300.156,,"{""color"": ""yellow"", ""expected_frame_interval_ms"": 16.670639999210835, ""expected_refresh_rate_hz"": 60.0, ""expected_visual_onset_lsl_timestamp"": 504300.1833139, ""expected_visual_onset_monotonic"": 504300.156, ""expected_visual_onset_uncertainty_ms"": 8.335319999605417, ""fixed_display_latency_ms"": 0.0, ""flip_lsl_timestamp"": 504300.1833139, ""flip_monotonic"": 504300.156, ""is_no_go"": false, ""lsl_timestamp"": 504300.1833139, ""marker_push_latency_ms"": 0.0, ""measured_refresh_rate_hz"": 59.98569941210048, ""photodiode_verification_enabled"": false, ""scheduled_on_flip"": true, ""shape"": ""triangle"", ""timing_model"": ""psychopy_callOnFlip_plus_fixed_display_latency""}"
190,button_press,EVENT,504300.5447055,space,"{""is_response_key"": true, ""lsl_timestamp"": 504300.5720194, ""marker_push_latency_ms"": 0.0, ""rt_from_flip_seconds"": 0.38870549999410287, ""rt_seconds"": 0.38870549999410287}"
190,go_nogo_stimulus_offset_190_go_triangle_yellow,EVENT,504300.968,,"{""color"": ""yellow"", ""expected_frame_interval_ms"": 16.670639999210835, ""expected_refresh_rate_hz"": 60.0, ""expected_visual_onset_lsl_timestamp"": 504300.9925966, ""expected_visual_onset_monotonic"": 504300.968, ""expected_visual_onset_uncertainty_ms"": 8.335319999605417, ""fixed_display_latency_ms"": 0.0, ""flip_lsl_timestamp"": 504300.9925966, ""flip_monotonic"": 504300.968, ""is_no_go"": false, ""lsl_timestamp"": 504300.9925966, ""marker_push_latency_ms"": 0.0, ""measured_refresh_rate_hz"": 59.98569941210048, ""photodiode_verification_enabled"": false, ""scheduled_on_flip"": true, ""shape"": ""triangle"", ""timing_model"": ""psychopy_callOnFlip_plus_fixed_display_latency""}"
190,go_nogo_trial_complete,EVENT,504300.968,,"{""attention_challenge"": {""enabled"": false, ""expected_state"": ""normal"", ""is_cue_trial"": false}, ""button_press_count"": 1, ""commission_error"": 0, ""condition"": ""go"", ""correct"": true, ""correct_press"": 1, ""event_type_name"": ""go_nogo_trial_complete"", ""is_no_go"": false, ""omission_error"": 0, ""practice"": false, ""reaction_time_seconds"": 0.38870549999410287, ""schema_version"": 1, ""session_dir"": ""C:\\Users\\Surettej\\Documents\\Codespace\\eegle\\data\\participants\\sub-001-calibration\\sessions\\2026-07-14\\attention_lapse_go_nogo8_observe_only\\go_nogo\\run-20260714T125304"", ""source"": ""task.go_nogo"", ""stimulus_offset_lsl_timestamp"": 504300.9925966, ""stimulus_offset_monotonic"": 504300.968, ""stimulus_onset_lsl_timestamp"": 504300.1833139, ""stimulus_onset_monotonic"": 504300.156, ""task"": ""go_nogo""}"
191,go_nogo_stimulus_onset_191_go_star_magenta,EVENT,504301.718,,"{""color"": ""magenta"", ""expected_frame_interval_ms"": 16.670639999210835, ""expected_refresh_rate_hz"": 60.0, ""expected_visual_onset_lsl_timestamp"": 504301.7508923, ""expected_visual_onset_monotonic"": 504301.718, ""expected_visual_onset_uncertainty_ms"": 8.335319999605417, ""fixed_display_latency_ms"": 0.0, ""flip_lsl_timestamp"": 504301.7508923, ""flip_monotonic"": 504301.718, ""is_no_go"": false, ""lsl_timestamp"": 504301.7508923, ""marker_push_latency_ms"": 0.0, ""measured_refresh_rate_hz"": 59.98569941210048, ""photodiode_verification_enabled"": false, ""scheduled_on_flip"": true, ""shape"": ""star"", ""timing_model"": ""psychopy_callOnFlip_plus_fixed_display_latency""}"
191,button_press,EVENT,504302.1498505,space,"{""is_response_key"": true, ""lsl_timestamp"": 504302.1827428, ""marker_push_latency_ms"": 0.0, ""rt_from_flip_seconds"": 0.4318504999973811, ""rt_seconds"": 0.4318504999973811}"
191,go_nogo_stimulus_offset_191_go_star_magenta,EVENT,504302.531,,"{""color"": ""magenta"", ""expected_frame_interval_ms"": 16.670639999210835, ""expected_refresh_rate_hz"": 60.0, ""expected_visual_onset_lsl_timestamp"": 504302.5610842, ""expected_visual_onset_monotonic"": 504302.531, ""expected_visual_onset_uncertainty_ms"": 8.335319999605417, ""fixed_display_latency_ms"": 0.0, ""flip_lsl_timestamp"": 504302.5610842, ""flip_monotonic"": 504302.531, ""is_no_go"": false, ""lsl_timestamp"": 504302.5610842, ""marker_push_latency_ms"": 0.0, ""measured_refresh_rate_hz"": 59.98569941210048, ""photodiode_verification_enabled"": false, ""scheduled_on_flip"": true, ""shape"": ""star"", ""timing_model"": ""psychopy_callOnFlip_plus_fixed_display_latency""}"
191,go_nogo_trial_complete,EVENT,504302.546,,"{""attention_challenge"": {""enabled"": false, ""expected_state"": ""normal"", ""is_cue_trial"": false}, ""button_press_count"": 1, ""commission_error"": 0, ""condition"": ""go"", ""correct"": true, ""correct_press"": 1, ""event_type_name"": ""go_nogo_trial_complete"", ""is_no_go"": false, ""omission_error"": 0, ""practice"": false, ""reaction_time_seconds"": 0.4318504999973811, ""schema_version"": 1, ""session_dir"": ""C:\\Users\\Surettej\\Documents\\Codespace\\eegle\\data\\participants\\sub-001-calibration\\sessions\\2026-07-14\\attention_lapse_go_nogo8_observe_only\\go_nogo\\run-20260714T125304"", ""source"": ""task.go_nogo"", ""stimulus_offset_lsl_timestamp"": 504302.5610842, ""stimulus_offset_monotonic"": 504302.531, ""stimulus_onset_lsl_timestamp"": 504301.7508923, ""stimulus_onset_monotonic"": 504301.718, ""task"": ""go_nogo""}"
192,go_nogo_stimulus_onset_192_nogo_x_white,EVENT,504303.281,,"{""color"": ""white"", ""expected_frame_interval_ms"": 16.670639999210835, ""expected_refresh_rate_hz"": 60.0, ""expected_visual_onset_lsl_timestamp"": 504303.312665, ""expected_visual_onset_monotonic"": 504303.281, ""expected_visual_onset_uncertainty_ms"": 8.335319999605417, ""fixed_display_latency_ms"": 0.0, ""flip_lsl_timestamp"": 504303.312665, ""flip_monotonic"": 504303.281, ""is_no_go"": true, ""lsl_timestamp"": 504303.312665, ""marker_push_latency_ms"": 0.0, ""measured_refresh_rate_hz"": 59.98569941210048, ""photodiode_verification_enabled"": false, ""scheduled_on_flip"": true, ""shape"": ""x"", ""timing_model"": ""psychopy_callOnFlip_plus_fixed_display_latency""}"
192,go_nogo_stimulus_offset_192_nogo_x_white,EVENT,504304.093,,"{""color"": ""white"", ""expected_frame_interval_ms"": 16.670639999210835, ""expected_refresh_rate_hz"": 60.0, ""expected_visual_onset_lsl_timestamp"": 504304.1217545, ""expected_visual_onset_monotonic"": 504304.093, ""expected_visual_onset_uncertainty_ms"": 8.335319999605417, ""fixed_display_latency_ms"": 0.0, ""flip_lsl_timestamp"": 504304.1217545, ""flip_monotonic"": 504304.093, ""is_no_go"": true, ""lsl_timestamp"": 504304.1217545, ""marker_push_latency_ms"": 0.0, ""measured_refresh_rate_hz"": 59.98569941210048, ""photodiode_verification_enabled"": false, ""scheduled_on_flip"": true, ""shape"": ""x"", ""timing_model"": ""psychopy_callOnFlip_plus_fixed_display_latency""}"
192,go_nogo_trial_complete,EVENT,504304.093,,"{""attention_challenge"": {""enabled"": false, ""expected_state"": ""normal"", ""is_cue_trial"": false}, ""button_press_count"": 0, ""commission_error"": 0, ""condition"": ""no_go"", ""correct"": true, ""correct_press"": 1, ""event_type_name"": ""go_nogo_trial_complete"", ""is_no_go"": true, ""omission_error"": 0, ""practice"": false, ""reaction_time_seconds"": null, ""schema_version"": 1, ""session_dir"": ""C:\\Users\\Surettej\\Documents\\Codespace\\eegle\\data\\participants\\sub-001-calibration\\sessions\\2026-07-14\\attention_lapse_go_nogo8_observe_only\\go_nogo\\run-20260714T125304"", ""source"": ""task.go_nogo"", ""stimulus_offset_lsl_timestamp"": 504304.1217545, ""stimulus_offset_monotonic"": 504304.093, ""stimulus_onset_lsl_timestamp"": 504303.312665, ""stimulus_onset_monotonic"": 504303.281, ""task"": ""go_nogo""}"
193,go_nogo_stimulus_onset_193_go_triangle_blue,EVENT,504304.843,,"{""color"": ""blue"", ""expected_frame_interval_ms"": 16.670639999210835, ""expected_refresh_rate_hz"": 60.0, ""expected_visual_onset_lsl_timestamp"": 504304.8689921, ""expected_visual_onset_monotonic"": 504304.843, ""expected_visual_onset_uncertainty_ms"": 8.335319999605417, ""fixed_display_latency_ms"": 0.0, ""flip_lsl_timestamp"": 504304.8689921, ""flip_monotonic"": 504304.843, ""is_no_go"": false, ""lsl_timestamp"": 504304.8689921, ""marker_push_latency_ms"": 0.0, ""measured_refresh_rate_hz"": 59.98569941210048, ""photodiode_verification_enabled"": false, ""scheduled_on_flip"": true, ""shape"": ""triangle"", ""timing_model"": ""psychopy_callOnFlip_plus_fixed_display_latency""}"
193,go_nogo_stimulus_offset_193_go_triangle_blue,EVENT,504305.64,,"{""color"": ""blue"", ""expected_frame_interval_ms"": 16.670639999210835, ""expected_refresh_rate_hz"": 60.0, ""expected_visual_onset_lsl_timestamp"": 504305.6770272, ""expected_visual_onset_monotonic"": 504305.64, ""expected_visual_onset_uncertainty_ms"": 8.335319999605417, ""fixed_display_latency_ms"": 0.0, ""flip_lsl_timestamp"": 504305.6770272, ""flip_monotonic"": 504305.64, ""is_no_go"": false, ""lsl_timestamp"": 504305.6770272, ""marker_push_latency_ms"": 0.0, ""measured_refresh_rate_hz"": 59.98569941210048, ""photodiode_verification_enabled"": false, ""scheduled_on_flip"": true, ""shape"": ""triangle"", ""timing_model"": ""psychopy_callOnFlip_plus_fixed_display_latency""}"
193,go_nogo_trial_complete,EVENT,504305.656,,"{""attention_challenge"": {""enabled"": false, ""expected_state"": ""normal"", ""is_cue_trial"": false}, ""button_press_count"": 0, ""commission_error"": 0, ""condition"": ""go"", ""correct"": false, ""correct_press"": 0, ""event_type_name"": ""go_nogo_trial_complete"", ""is_no_go"": false, ""omission_error"": 1, ""practice"": false, ""reaction_time_seconds"": null, ""schema_version"": 1, ""session_dir"": ""C:\\Users\\Surettej\\Documents\\Codespace\\eegle\\data\\participants\\sub-001-calibration\\sessions\\2026-07-14\\attention_lapse_go_nogo8_observe_only\\go_nogo\\run-20260714T125304"", ""source"": ""task.go_nogo"", ""stimulus_offset_lsl_timestamp"": 504305.6770272, ""stimulus_offset_monotonic"": 504305.64, ""stimulus_onset_lsl_timestamp"": 504304.8689921, ""stimulus_onset_monotonic"": 504304.843, ""task"": ""go_nogo""}"
194,go_nogo_stimulus_onset_194_nogo_x_white,EVENT,504306.406,,"{""color"": ""white"", ""expected_frame_interval_ms"": 16.670639999210835, ""expected_refresh_rate_hz"": 60.0, ""expected_visual_onset_lsl_timestamp"": 504306.4306047, ""expected_visual_onset_monotonic"": 504306.406, ""expected_visual_onset_uncertainty_ms"": 8.335319999605417, ""fixed_display_latency_ms"": 0.0, ""flip_lsl_timestamp"": 504306.4306047, ""flip_monotonic"": 504306.406, ""is_no_go"": true, ""lsl_timestamp"": 504306.4306047, ""marker_push_latency_ms"": 0.0, ""measured_refresh_rate_hz"": 59.98569941210048, ""photodiode_verification_enabled"": false, ""scheduled_on_flip"": true, ""shape"": ""x"", ""timing_model"": ""psychopy_callOnFlip_plus_fixed_display_latency""}"
194,go_nogo_stimulus_offset_194_nogo_x_white,EVENT,504307.203,,"{""color"": ""white"", ""expected_frame_interval_ms"": 16.670639999210835, ""expected_refresh_rate_hz"": 60.0, ""expected_visual_onset_lsl_timestamp"": 504307.2386927, ""expected_visual_onset_monotonic"": 504307.203, ""expected_visual_onset_uncertainty_ms"": 8.335319999605417, ""fixed_display_latency_ms"": 0.0, ""flip_lsl_timestamp"": 504307.2386927, ""flip_monotonic"": 504307.203, ""is_no_go"": true, ""lsl_timestamp"": 504307.2386927, ""marker_push_latency_ms"": 0.0, ""measured_refresh_rate_hz"": 59.98569941210048, ""photodiode_verification_enabled"": false, ""scheduled_on_flip"": true, ""shape"": ""x"", ""timing_model"": ""psychopy_callOnFlip_plus_fixed_display_latency""}"
194,go_nogo_trial_complete,EVENT,504307.218,,"{""attention_challenge"": {""enabled"": false, ""expected_state"": ""normal"", ""is_cue_trial"": false}, ""button_press_count"": 0, ""commission_error"": 0, ""condition"": ""no_go"", ""correct"": true, ""correct_press"": 1, ""event_type_name"": ""go_nogo_trial_complete"", ""is_no_go"": true, ""omission_error"": 0, ""practice"": false, ""reaction_time_seconds"": null, ""schema_version"": 1, ""session_dir"": ""C:\\Users\\Surettej\\Documents\\Codespace\\eegle\\data\\participants\\sub-001-calibration\\sessions\\2026-07-14\\attention_lapse_go_nogo8_observe_only\\go_nogo\\run-20260714T125304"", ""source"": ""task.go_nogo"", ""stimulus_offset_lsl_timestamp"": 504307.2386927, ""stimulus_offset_monotonic"": 504307.203, ""stimulus_onset_lsl_timestamp"": 504306.4306047, ""stimulus_onset_monotonic"": 504306.406, ""task"": ""go_nogo""}"
195,go_nogo_stimulus_onset_195_go_triangle_blue,EVENT,504307.953,,"{""color"": ""blue"", ""expected_frame_interval_ms"": 16.670639999210835, ""expected_refresh_rate_hz"": 60.0, ""expected_visual_onset_lsl_timestamp"": 504307.9865085, ""expected_visual_onset_monotonic"": 504307.953, ""expected_visual_onset_uncertainty_ms"": 8.335319999605417, ""fixed_display_latency_ms"": 0.0, ""flip_lsl_timestamp"": 504307.9865085, ""flip_monotonic"": 504307.953, ""is_no_go"": false, ""lsl_timestamp"": 504307.9865085, ""marker_push_latency_ms"": 0.0, ""measured_refresh_rate_hz"": 59.98569941210048, ""photodiode_verification_enabled"": false, ""scheduled_on_flip"": true, ""shape"": ""triangle"", ""timing_model"": ""psychopy_callOnFlip_plus_fixed_display_latency""}"
195,button_press,EVENT,504308.35612559994,space,"{""is_response_key"": true, ""lsl_timestamp"": 504308.38963409996, ""marker_push_latency_ms"": 0.0, ""rt_from_flip_seconds"": 0.40312559995800257, ""rt_seconds"": 0.40312559995800257}"
195,go_nogo_stimulus_offset_195_go_triangle_blue,EVENT,504308.781,,"{""color"": ""blue"", ""expected_frame_interval_ms"": 16.670639999210835, ""expected_refresh_rate_hz"": 60.0, ""expected_visual_onset_lsl_timestamp"": 504308.8041518, ""expected_visual_onset_monotonic"": 504308.781, ""expected_visual_onset_uncertainty_ms"": 8.335319999605417, ""fixed_display_latency_ms"": 0.0, ""flip_lsl_timestamp"": 504308.8041518, ""flip_monotonic"": 504308.781, ""is_no_go"": false, ""lsl_timestamp"": 504308.8041518, ""marker_push_latency_ms"": 0.0, ""measured_refresh_rate_hz"": 59.98569941210048, ""photodiode_verification_enabled"": false, ""scheduled_on_flip"": true, ""shape"": ""triangle"", ""timing_model"": ""psychopy_callOnFlip_plus_fixed_display_latency""}"
195,go_nogo_trial_complete,EVENT,504308.781,,"{""attention_challenge"": {""enabled"": false, ""expected_state"": ""normal"", ""is_cue_trial"": false}, ""button_press_count"": 1, ""commission_error"": 0, ""condition"": ""go"", ""correct"": true, ""correct_press"": 1, ""event_type_name"": ""go_nogo_trial_complete"", ""is_no_go"": false, ""omission_error"": 0, ""practice"": false, ""reaction_time_seconds"": 0.40312559995800257, ""schema_version"": 1, ""session_dir"": ""C:\\Users\\Surettej\\Documents\\Codespace\\eegle\\data\\participants\\sub-001-calibration\\sessions\\2026-07-14\\attention_lapse_go_nogo8_observe_only\\go_nogo\\run-20260714T125304"", ""source"": ""task.go_nogo"", ""stimulus_offset_lsl_timestamp"": 504308.8041518, ""stimulus_offset_monotonic"": 504308.781, ""stimulus_onset_lsl_timestamp"": 504307.9865085, ""stimulus_onset_monotonic"": 504307.953, ""task"": ""go_nogo""}"
196,go_nogo_stimulus_onset_196_go_square_magenta,EVENT,504309.531,,"{""color"": ""magenta"", ""expected_frame_interval_ms"": 16.670639999210835, ""expected_refresh_rate_hz"": 60.0, ""expected_visual_onset_lsl_timestamp"": 504309.5533237, ""expected_visual_onset_monotonic"": 504309.531, ""expected_visual_onset_uncertainty_ms"": 8.335319999605417, ""fixed_display_latency_ms"": 0.0, ""flip_lsl_timestamp"": 504309.5533237, ""flip_monotonic"": 504309.531, ""is_no_go"": false, ""lsl_timestamp"": 504309.5533237, ""marker_push_latency_ms"": 0.0, ""measured_refresh_rate_hz"": 59.98569941210048, ""photodiode_verification_enabled"": false, ""scheduled_on_flip"": true, ""shape"": ""square"", ""timing_model"": ""psychopy_callOnFlip_plus_fixed_display_latency""}"
196,button_press,EVENT,504309.910724,space,"{""is_response_key"": true, ""lsl_timestamp"": 504309.9330477, ""marker_push_latency_ms"": 0.0, ""rt_from_flip_seconds"": 0.37972399999853224, ""rt_seconds"": 0.37972399999853224}"
196,go_nogo_stimulus_offset_196_go_square_magenta,EVENT,504310.328,,"{""color"": ""magenta"", ""expected_frame_interval_ms"": 16.670639999210835, ""expected_refresh_rate_hz"": 60.0, ""expected_visual_onset_lsl_timestamp"": 504310.3633113, ""expected_visual_onset_monotonic"": 504310.328, ""expected_visual_onset_uncertainty_ms"": 8.335319999605417, ""fixed_display_latency_ms"": 0.0, ""flip_lsl_timestamp"": 504310.3633113, ""flip_monotonic"": 504310.328, ""is_no_go"": false, ""lsl_timestamp"": 504310.3633113, ""marker_push_latency_ms"": 0.0, ""measured_refresh_rate_hz"": 59.98569941210048, ""photodiode_verification_enabled"": false, ""scheduled_on_flip"": true, ""shape"": ""square"", ""timing_model"": ""psychopy_callOnFlip_plus_fixed_display_latency""}"
196,go_nogo_trial_complete,EVENT,504310.343,,"{""attention_challenge"": {""enabled"": false, ""expected_state"": ""normal"", ""is_cue_trial"": false}, ""button_press_count"": 1, ""commission_error"": 0, ""condition"": ""go"", ""correct"": true, ""correct_press"": 1, ""event_type_name"": ""go_nogo_trial_complete"", ""is_no_go"": false, ""omission_error"": 0, ""practice"": false, ""reaction_time_seconds"": 0.37972399999853224, ""schema_version"": 1, ""session_dir"": ""C:\\Users\\Surettej\\Documents\\Codespace\\eegle\\data\\participants\\sub-001-calibration\\sessions\\2026-07-14\\attention_lapse_go_nogo8_observe_only\\go_nogo\\run-20260714T125304"", ""source"": ""task.go_nogo"", ""stimulus_offset_lsl_timestamp"": 504310.3633113, ""stimulus_offset_monotonic"": 504310.328, ""stimulus_onset_lsl_timestamp"": 504309.5533237, ""stimulus_onset_monotonic"": 504309.531, ""task"": ""go_nogo""}"
197,go_nogo_stimulus_onset_197_go_hexagon_green,EVENT,504311.078,,"{""color"": ""green"", ""expected_frame_interval_ms"": 16.670639999210835, ""expected_refresh_rate_hz"": 60.0, ""expected_visual_onset_lsl_timestamp"": 504311.1101901, ""expected_visual_onset_monotonic"": 504311.078, ""expected_visual_onset_uncertainty_ms"": 8.335319999605417, ""fixed_display_latency_ms"": 0.0, ""flip_lsl_timestamp"": 504311.1101901, ""flip_monotonic"": 504311.078, ""is_no_go"": false, ""lsl_timestamp"": 504311.1101901, ""marker_push_latency_ms"": 0.0, ""measured_refresh_rate_hz"": 59.98569941210048, ""photodiode_verification_enabled"": false, ""scheduled_on_flip"": true, ""shape"": ""hexagon"", ""timing_model"": ""psychopy_callOnFlip_plus_fixed_display_latency""}"
197,button_press,EVENT,504311.6361282,space,"{""is_response_key"": true, ""lsl_timestamp"": 504311.6683183, ""marker_push_latency_ms"": 0.0, ""rt_from_flip_seconds"": 0.5581282000057399, ""rt_seconds"": 0.5581282000057399}"
197,go_nogo_stimulus_offset_197_go_hexagon_green,EVENT,504311.89,,"{""color"": ""green"", ""expected_frame_interval_ms"": 16.670639999210835, ""expected_refresh_rate_hz"": 60.0, ""expected_visual_onset_lsl_timestamp"": 504311.9185023, ""expected_visual_onset_monotonic"": 504311.89, ""expected_visual_onset_uncertainty_ms"": 8.335319999605417, ""fixed_display_latency_ms"": 0.0, ""flip_lsl_timestamp"": 504311.9185023, ""flip_monotonic"": 504311.89, ""is_no_go"": false, ""lsl_timestamp"": 504311.9185023, ""marker_push_latency_ms"": 0.0, ""measured_refresh_rate_hz"": 59.98569941210048, ""photodiode_verification_enabled"": false, ""scheduled_on_flip"": true, ""shape"": ""hexagon"", ""timing_model"": ""psychopy_callOnFlip_plus_fixed_display_latency""}"
197,go_nogo_trial_complete,EVENT,504311.89,,"{""attention_challenge"": {""enabled"": false, ""expected_state"": ""normal"", ""is_cue_trial"": false}, ""button_press_count"": 1, ""commission_error"": 0, ""condition"": ""go"", ""correct"": true, ""correct_press"": 1, ""event_type_name"": ""go_nogo_trial_complete"", ""is_no_go"": false, ""omission_error"": 0, ""practice"": false, ""reaction_time_seconds"": 0.5581282000057399, ""schema_version"": 1, ""session_dir"": ""C:\\Users\\Surettej\\Documents\\Codespace\\eegle\\data\\participants\\sub-001-calibration\\sessions\\2026-07-14\\attention_lapse_go_nogo8_observe_only\\go_nogo\\run-20260714T125304"", ""source"": ""task.go_nogo"", ""stimulus_offset_lsl_timestamp"": 504311.9185023, ""stimulus_offset_monotonic"": 504311.89, ""stimulus_onset_lsl_timestamp"": 504311.1101901, ""stimulus_onset_monotonic"": 504311.078, ""task"": ""go_nogo""}"
198,go_nogo_stimulus_onset_198_go_triangle_red,EVENT,504312.64,,"{""color"": ""red"", ""expected_frame_interval_ms"": 16.670639999210835, ""expected_refresh_rate_hz"": 60.0, ""expected_visual_onset_lsl_timestamp"": 504312.6654426, ""expected_visual_onset_monotonic"": 504312.64, ""expected_visual_onset_uncertainty_ms"": 8.335319999605417, ""fixed_display_latency_ms"": 0.0, ""flip_lsl_timestamp"": 504312.6654426, ""flip_monotonic"": 504312.64, ""is_no_go"": false, ""lsl_timestamp"": 504312.6654426, ""marker_push_latency_ms"": 0.0, ""measured_refresh_rate_hz"": 59.98569941210048, ""photodiode_verification_enabled"": false, ""scheduled_on_flip"": true, ""shape"": ""triangle"", ""timing_model"": ""psychopy_callOnFlip_plus_fixed_display_latency""}"
198,button_press,EVENT,504313.18957730004,space,"{""is_response_key"": true, ""lsl_timestamp"": 504313.2150199, ""marker_push_latency_ms"": 0.0, ""rt_from_flip_seconds"": 0.5495773000293411, ""rt_seconds"": 0.5495773000293411}"
198,go_nogo_stimulus_offset_198_go_triangle_red,EVENT,504313.453,,"{""color"": ""red"", ""expected_frame_interval_ms"": 16.670639999210835, ""expected_refresh_rate_hz"": 60.0, ""expected_visual_onset_lsl_timestamp"": 504313.4752867, ""expected_visual_onset_monotonic"": 504313.453, ""expected_visual_onset_uncertainty_ms"": 8.335319999605417, ""fixed_display_latency_ms"": 0.0, ""flip_lsl_timestamp"": 504313.4752867, ""flip_monotonic"": 504313.453, ""is_no_go"": false, ""lsl_timestamp"": 504313.4752867, ""marker_push_latency_ms"": 0.0, ""measured_refresh_rate_hz"": 59.98569941210048, ""photodiode_verification_enabled"": false, ""scheduled_on_flip"": true, ""shape"": ""triangle"", ""timing_model"": ""psychopy_callOnFlip_plus_fixed_display_latency""}"
198,go_nogo_trial_complete,EVENT,504313.453,,"{""attention_challenge"": {""enabled"": false, ""expected_state"": ""normal"", ""is_cue_trial"": false}, ""button_press_count"": 1, ""commission_error"": 0, ""condition"": ""go"", ""correct"": true, ""correct_press"": 1, ""event_type_name"": ""go_nogo_trial_complete"", ""is_no_go"": false, ""omission_error"": 0, ""practice"": false, ""reaction_time_seconds"": 0.5495773000293411, ""schema_version"": 1, ""session_dir"": ""C:\\Users\\Surettej\\Documents\\Codespace\\eegle\\data\\participants\\sub-001-calibration\\sessions\\2026-07-14\\attention_lapse_go_nogo8_observe_only\\go_nogo\\run-20260714T125304"", ""source"": ""task.go_nogo"", ""stimulus_offset_lsl_timestamp"": 504313.4752867, ""stimulus_offset_monotonic"": 504313.453, ""stimulus_onset_lsl_timestamp"": 504312.6654426, ""stimulus_onset_monotonic"": 504312.64, ""task"": ""go_nogo""}"
199,go_nogo_stimulus_onset_199_go_star_magenta,EVENT,504314.187,,"{""color"": ""magenta"", ""expected_frame_interval_ms"": 16.670639999210835, ""expected_refresh_rate_hz"": 60.0, ""expected_visual_onset_lsl_timestamp"": 504314.2232129, ""expected_visual_onset_monotonic"": 504314.187, ""expected_visual_onset_uncertainty_ms"": 8.335319999605417, ""fixed_display_latency_ms"": 0.0, ""flip_lsl_timestamp"": 504314.2232129, ""flip_monotonic"": 504314.187, ""is_no_go"": false, ""lsl_timestamp"": 504314.2232129, ""marker_push_latency_ms"": 0.0, ""measured_refresh_rate_hz"": 59.98569941210048, ""photodiode_verification_enabled"": false, ""scheduled_on_flip"": true, ""shape"": ""star"", ""timing_model"": ""psychopy_callOnFlip_plus_fixed_display_latency""}"
199,go_nogo_stimulus_offset_199_go_star_magenta,EVENT,504315.0,,"{""color"": ""magenta"", ""expected_frame_interval_ms"": 16.670639999210835, ""expected_refresh_rate_hz"": 60.0, ""expected_visual_onset_lsl_timestamp"": 504315.0325229, ""expected_visual_onset_monotonic"": 504315.0, ""expected_visual_onset_uncertainty_ms"": 8.335319999605417, ""fixed_display_latency_ms"": 0.0, ""flip_lsl_timestamp"": 504315.0325229, ""flip_monotonic"": 504315.0, ""is_no_go"": false, ""lsl_timestamp"": 504315.0325229, ""marker_push_latency_ms"": 0.0, ""measured_refresh_rate_hz"": 59.98569941210048, ""photodiode_verification_enabled"": false, ""scheduled_on_flip"": true, ""shape"": ""star"", ""timing_model"": ""psychopy_callOnFlip_plus_fixed_display_latency""}"
199,go_nogo_trial_complete,EVENT,504315.015,,"{""attention_challenge"": {""enabled"": false, ""expected_state"": ""normal"", ""is_cue_trial"": false}, ""button_press_count"": 0, ""commission_error"": 0, ""condition"": ""go"", ""correct"": false, ""correct_press"": 0, ""event_type_name"": ""go_nogo_trial_complete"", ""is_no_go"": false, ""omission_error"": 1, ""practice"": false, ""reaction_time_seconds"": null, ""schema_version"": 1, ""session_dir"": ""C:\\Users\\Surettej\\Documents\\Codespace\\eegle\\data\\participants\\sub-001-calibration\\sessions\\2026-07-14\\attention_lapse_go_nogo8_observe_only\\go_nogo\\run-20260714T125304"", ""source"": ""task.go_nogo"", ""stimulus_offset_lsl_timestamp"": 504315.0325229, ""stimulus_offset_monotonic"": 504315.0, ""stimulus_onset_lsl_timestamp"": 504314.2232129, ""stimulus_onset_monotonic"": 504314.187, ""task"": ""go_nogo""}"
200,go_nogo_stimulus_onset_200_go_circle_magenta,EVENT,504315.765,,"{""color"": ""magenta"", ""expected_frame_interval_ms"": 16.670639999210835, ""expected_refresh_rate_hz"": 60.0, ""expected_visual_onset_lsl_timestamp"": 504315.795883, ""expected_visual_onset_monotonic"": 504315.765, ""expected_visual_onset_uncertainty_ms"": 8.335319999605417, ""fixed_display_latency_ms"": 0.0, ""flip_lsl_timestamp"": 504315.795883, ""flip_monotonic"": 504315.765, ""is_no_go"": false, ""lsl_timestamp"": 504315.795883, ""marker_push_latency_ms"": 0.0, ""measured_refresh_rate_hz"": 59.98569941210048, ""photodiode_verification_enabled"": false, ""scheduled_on_flip"": true, ""shape"": ""circle"", ""timing_model"": ""psychopy_callOnFlip_plus_fixed_display_latency""}"
200,button_press,EVENT,504316.3343045,space,"{""is_response_key"": true, ""lsl_timestamp"": 504316.3651875, ""marker_push_latency_ms"": 0.0, ""rt_from_flip_seconds"": 0.5693045000080019, ""rt_seconds"": 0.5693045000080019}"
200,go_nogo_stimulus_offset_200_go_circle_magenta,EVENT,504316.578,,"{""color"": ""magenta"", ""expected_frame_interval_ms"": 16.670639999210835, ""expected_refresh_rate_hz"": 60.0, ""expected_visual_onset_lsl_timestamp"": 504316.6036851, ""expected_visual_onset_monotonic"": 504316.578, ""expected_visual_onset_uncertainty_ms"": 8.335319999605417, ""fixed_display_latency_ms"": 0.0, ""flip_lsl_timestamp"": 504316.6036851, ""flip_monotonic"": 504316.578, ""is_no_go"": false, ""lsl_timestamp"": 504316.6036851, ""marker_push_latency_ms"": 0.0, ""measured_refresh_rate_hz"": 59.98569941210048, ""photodiode_verification_enabled"": false, ""scheduled_on_flip"": true, ""shape"": ""circle"", ""timing_model"": ""psychopy_callOnFlip_plus_fixed_display_latency""}"
200,go_nogo_trial_complete,EVENT,504316.578,,"{""attention_challenge"": {""enabled"": false, ""expected_state"": ""normal"", ""is_cue_trial"": false}, ""button_press_count"": 1, ""commission_error"": 0, ""condition"": ""go"", ""correct"": true, ""correct_press"": 1, ""event_type_name"": ""go_nogo_trial_complete"", ""is_no_go"": false, ""omission_error"": 0, ""practice"": false, ""reaction_time_seconds"": 0.5693045000080019, ""schema_version"": 1, ""session_dir"": ""C:\\Users\\Surettej\\Documents\\Codespace\\eegle\\data\\participants\\sub-001-calibration\\sessions\\2026-07-14\\attention_lapse_go_nogo8_observe_only\\go_nogo\\run-20260714T125304"", ""source"": ""task.go_nogo"", ""stimulus_offset_lsl_timestamp"": 504316.6036851, ""stimulus_offset_monotonic"": 504316.578, ""stimulus_onset_lsl_timestamp"": 504315.795883, ""stimulus_onset_monotonic"": 504315.765, ""task"": ""go_nogo""}"
201,go_nogo_stimulus_onset_201_nogo_x_white,EVENT,504317.328,,"{""color"": ""white"", ""expected_frame_interval_ms"": 16.670639999210835, ""expected_refresh_rate_hz"": 60.0, ""expected_visual_onset_lsl_timestamp"": 504317.3561196, ""expected_visual_onset_monotonic"": 504317.328, ""expected_visual_onset_uncertainty_ms"": 8.335319999605417, ""fixed_display_latency_ms"": 0.0, ""flip_lsl_timestamp"": 504317.3561196, ""flip_monotonic"": 504317.328, ""is_no_go"": true, ""lsl_timestamp"": 504317.3561196, ""marker_push_latency_ms"": 0.0, ""measured_refresh_rate_hz"": 59.98569941210048, ""photodiode_verification_enabled"": false, ""scheduled_on_flip"": true, ""shape"": ""x"", ""timing_model"": ""psychopy_callOnFlip_plus_fixed_display_latency""}"
201,go_nogo_stimulus_offset_201_nogo_x_white,EVENT,504318.14,,"{""color"": ""white"", ""expected_frame_interval_ms"": 16.670639999210835, ""expected_refresh_rate_hz"": 60.0, ""expected_visual_onset_lsl_timestamp"": 504318.1645214, ""expected_visual_onset_monotonic"": 504318.14, ""expected_visual_onset_uncertainty_ms"": 8.335319999605417, ""fixed_display_latency_ms"": 0.0, ""flip_lsl_timestamp"": 504318.1645214, ""flip_monotonic"": 504318.14, ""is_no_go"": true, ""lsl_timestamp"": 504318.1645214, ""marker_push_latency_ms"": 0.0, ""measured_refresh_rate_hz"": 59.98569941210048, ""photodiode_verification_enabled"": false, ""scheduled_on_flip"": true, ""shape"": ""x"", ""timing_model"": ""psychopy_callOnFlip_plus_fixed_display_latency""}"
201,go_nogo_trial_complete,EVENT,504318.14,,"{""attention_challenge"": {""enabled"": false, ""expected_state"": ""normal"", ""is_cue_trial"": false}, ""button_press_count"": 0, ""commission_error"": 0, ""condition"": ""no_go"", ""correct"": true, ""correct_press"": 1, ""event_type_name"": ""go_nogo_trial_complete"", ""is_no_go"": true, ""omission_error"": 0, ""practice"": false, ""reaction_time_seconds"": null, ""schema_version"": 1, ""session_dir"": ""C:\\Users\\Surettej\\Documents\\Codespace\\eegle\\data\\participants\\sub-001-calibration\\sessions\\2026-07-14\\attention_lapse_go_nogo8_observe_only\\go_nogo\\run-20260714T125304"", ""source"": ""task.go_nogo"", ""stimulus_offset_lsl_timestamp"": 504318.1645214, ""stimulus_offset_monotonic"": 504318.14, ""stimulus_onset_lsl_timestamp"": 504317.3561196, ""stimulus_onset_monotonic"": 504317.328, ""task"": ""go_nogo""}"
202,go_nogo_stimulus_onset_202_go_square_yellow,EVENT,504318.875,,"{""color"": ""yellow"", ""expected_frame_interval_ms"": 16.670639999210835, ""expected_refresh_rate_hz"": 60.0, ""expected_visual_onset_lsl_timestamp"": 504318.9109303, ""expected_visual_onset_monotonic"": 504318.875, ""expected_visual_onset_uncertainty_ms"": 8.335319999605417, ""fixed_display_latency_ms"": 0.0, ""flip_lsl_timestamp"": 504318.9109303, ""flip_monotonic"": 504318.875, ""is_no_go"": false, ""lsl_timestamp"": 504318.9109303, ""marker_push_latency_ms"": 0.0, ""measured_refresh_rate_hz"": 59.98569941210048, ""photodiode_verification_enabled"": false, ""scheduled_on_flip"": true, ""shape"": ""square"", ""timing_model"": ""psychopy_callOnFlip_plus_fixed_display_latency""}"
202,button_press,EVENT,504319.1932721,space,"{""is_response_key"": true, ""lsl_timestamp"": 504319.2292024, ""marker_push_latency_ms"": 0.0, ""rt_from_flip_seconds"": 0.3182721000048332, ""rt_seconds"": 0.3182721000048332}"
202,go_nogo_stimulus_offset_202_go_square_yellow,EVENT,504319.687,,"{""color"": ""yellow"", ""expected_frame_interval_ms"": 16.670639999210835, ""expected_refresh_rate_hz"": 60.0, ""expected_visual_onset_lsl_timestamp"": 504319.719141, ""expected_visual_onset_monotonic"": 504319.687, ""expected_visual_onset_uncertainty_ms"": 8.335319999605417, ""fixed_display_latency_ms"": 0.0, ""flip_lsl_timestamp"": 504319.719141, ""flip_monotonic"": 504319.687, ""is_no_go"": false, ""lsl_timestamp"": 504319.719141, ""marker_push_latency_ms"": 0.0, ""measured_refresh_rate_hz"": 59.98569941210048, ""photodiode_verification_enabled"": false, ""scheduled_on_flip"": true, ""shape"": ""square"", ""timing_model"": ""psychopy_callOnFlip_plus_fixed_display_latency""}"
202,go_nogo_trial_complete,EVENT,504319.703,,"{""attention_challenge"": {""enabled"": false, ""expected_state"": ""normal"", ""is_cue_trial"": false}, ""button_press_count"": 1, ""commission_error"": 0, ""condition"": ""go"", ""correct"": true, ""correct_press"": 1, ""event_type_name"": ""go_nogo_trial_complete"", ""is_no_go"": false, ""omission_error"": 0, ""practice"": false, ""reaction_time_seconds"": 0.3182721000048332, ""schema_version"": 1, ""session_dir"": ""C:\\Users\\Surettej\\Documents\\Codespace\\eegle\\data\\participants\\sub-001-calibration\\sessions\\2026-07-14\\attention_lapse_go_nogo8_observe_only\\go_nogo\\run-20260714T125304"", ""source"": ""task.go_nogo"", ""stimulus_offset_lsl_timestamp"": 504319.719141, ""stimulus_offset_monotonic"": 504319.687, ""stimulus_onset_lsl_timestamp"": 504318.9109303, ""stimulus_onset_monotonic"": 504318.875, ""task"": ""go_nogo""}"
203,go_nogo_stimulus_onset_203_go_circle_blue,EVENT,504320.453,,"{""color"": ""blue"", ""expected_frame_interval_ms"": 16.670639999210835, ""expected_refresh_rate_hz"": 60.0, ""expected_visual_onset_lsl_timestamp"": 504320.48311, ""expected_visual_onset_monotonic"": 504320.453, ""expected_visual_onset_uncertainty_ms"": 8.335319999605417, ""fixed_display_latency_ms"": 0.0, ""flip_lsl_timestamp"": 504320.48311, ""flip_monotonic"": 504320.453, ""is_no_go"": false, ""lsl_timestamp"": 504320.48311, ""marker_push_latency_ms"": 0.0, ""measured_refresh_rate_hz"": 59.98569941210048, ""photodiode_verification_enabled"": false, ""scheduled_on_flip"": true, ""shape"": ""circle"", ""timing_model"": ""psychopy_callOnFlip_plus_fixed_display_latency""}"
203,button_press,EVENT,504320.9917606,space,"{""is_response_key"": true, ""lsl_timestamp"": 504321.0218706, ""marker_push_latency_ms"": 0.0, ""rt_from_flip_seconds"": 0.5387606000294909, ""rt_seconds"": 0.5387606000294909}"
203,go_nogo_stimulus_offset_203_go_circle_blue,EVENT,504321.265,,"{""color"": ""blue"", ""expected_frame_interval_ms"": 16.670639999210835, ""expected_refresh_rate_hz"": 60.0, ""expected_visual_onset_lsl_timestamp"": 504321.2930115, ""expected_visual_onset_monotonic"": 504321.265, ""expected_visual_onset_uncertainty_ms"": 8.335319999605417, ""fixed_display_latency_ms"": 0.0, ""flip_lsl_timestamp"": 504321.2930115, ""flip_monotonic"": 504321.265, ""is_no_go"": false, ""lsl_timestamp"": 504321.2930115, ""marker_push_latency_ms"": 0.0, ""measured_refresh_rate_hz"": 59.98569941210048, ""photodiode_verification_enabled"": false, ""scheduled_on_flip"": true, ""shape"": ""circle"", ""timing_model"": ""psychopy_callOnFlip_plus_fixed_display_latency""}"
203,go_nogo_trial_complete,EVENT,504321.265,,"{""attention_challenge"": {""enabled"": false, ""expected_state"": ""normal"", ""is_cue_trial"": false}, ""button_press_count"": 1, ""commission_error"": 0, ""condition"": ""go"", ""correct"": true, ""correct_press"": 1, ""event_type_name"": ""go_nogo_trial_complete"", ""is_no_go"": false, ""omission_error"": 0, ""practice"": false, ""reaction_time_seconds"": 0.5387606000294909, ""schema_version"": 1, ""session_dir"": ""C:\\Users\\Surettej\\Documents\\Codespace\\eegle\\data\\participants\\sub-001-calibration\\sessions\\2026-07-14\\attention_lapse_go_nogo8_observe_only\\go_nogo\\run-20260714T125304"", ""source"": ""task.go_nogo"", ""stimulus_offset_lsl_timestamp"": 504321.2930115, ""stimulus_offset_monotonic"": 504321.265, ""stimulus_onset_lsl_timestamp"": 504320.48311, ""stimulus_onset_monotonic"": 504320.453, ""task"": ""go_nogo""}"
204,go_nogo_stimulus_onset_204_go_circle_red,EVENT,504322.031,,"{""color"": ""red"", ""expected_frame_interval_ms"": 16.670639999210835, ""expected_refresh_rate_hz"": 60.0, ""expected_visual_onset_lsl_timestamp"": 504322.0577909, ""expected_visual_onset_monotonic"": 504322.031, ""expected_visual_onset_uncertainty_ms"": 8.335319999605417, ""fixed_display_latency_ms"": 0.0, ""flip_lsl_timestamp"": 504322.0577909, ""flip_monotonic"": 504322.031, ""is_no_go"": false, ""lsl_timestamp"": 504322.0577909, ""marker_push_latency_ms"": 0.0, ""measured_refresh_rate_hz"": 59.98569941210048, ""photodiode_verification_enabled"": false, ""scheduled_on_flip"": true, ""shape"": ""circle"", ""timing_model"": ""psychopy_callOnFlip_plus_fixed_display_latency""}"
204,button_press,EVENT,504322.38554610003,space,"{""is_response_key"": true, ""lsl_timestamp"": 504322.412337, ""marker_push_latency_ms"": 0.0, ""rt_from_flip_seconds"": 0.35454610001761466, ""rt_seconds"": 0.35454610001761466}"
204,go_nogo_stimulus_offset_204_go_circle_red,EVENT,504322.843,,"{""color"": ""red"", ""expected_frame_interval_ms"": 16.670639999210835, ""expected_refresh_rate_hz"": 60.0, ""expected_visual_onset_lsl_timestamp"": 504322.8675407, ""expected_visual_onset_monotonic"": 504322.843, ""expected_visual_onset_uncertainty_ms"": 8.335319999605417, ""fixed_display_latency_ms"": 0.0, ""flip_lsl_timestamp"": 504322.8675407, ""flip_monotonic"": 504322.843, ""is_no_go"": false, ""lsl_timestamp"": 504322.8675407, ""marker_push_latency_ms"": 0.0, ""measured_refresh_rate_hz"": 59.98569941210048, ""photodiode_verification_enabled"": false, ""scheduled_on_flip"": true, ""shape"": ""circle"", ""timing_model"": ""psychopy_callOnFlip_plus_fixed_display_latency""}"
204,go_nogo_trial_complete,EVENT,504322.843,,"{""attention_challenge"": {""enabled"": false, ""expected_state"": ""normal"", ""is_cue_trial"": false}, ""button_press_count"": 1, ""commission_error"": 0, ""condition"": ""go"", ""correct"": true, ""correct_press"": 1, ""event_type_name"": ""go_nogo_trial_complete"", ""is_no_go"": false, ""omission_error"": 0, ""practice"": false, ""reaction_time_seconds"": 0.35454610001761466, ""schema_version"": 1, ""session_dir"": ""C:\\Users\\Surettej\\Documents\\Codespace\\eegle\\data\\participants\\sub-001-calibration\\sessions\\2026-07-14\\attention_lapse_go_nogo8_observe_only\\go_nogo\\run-20260714T125304"", ""source"": ""task.go_nogo"", ""stimulus_offset_lsl_timestamp"": 504322.8675407, ""stimulus_offset_monotonic"": 504322.843, ""stimulus_onset_lsl_timestamp"": 504322.0577909, ""stimulus_onset_monotonic"": 504322.031, ""task"": ""go_nogo""}"
205,go_nogo_stimulus_onset_205_go_square_green,EVENT,504323.578,,"{""color"": ""green"", ""expected_frame_interval_ms"": 16.670639999210835, ""expected_refresh_rate_hz"": 60.0, ""expected_visual_onset_lsl_timestamp"": 504323.6135542, ""expected_visual_onset_monotonic"": 504323.578, ""expected_visual_onset_uncertainty_ms"": 8.335319999605417, ""fixed_display_latency_ms"": 0.0, ""flip_lsl_timestamp"": 504323.6135542, ""flip_monotonic"": 504323.578, ""is_no_go"": false, ""lsl_timestamp"": 504323.6135542, ""marker_push_latency_ms"": 0.0, ""measured_refresh_rate_hz"": 59.98569941210048, ""photodiode_verification_enabled"": false, ""scheduled_on_flip"": true, ""shape"": ""square"", ""timing_model"": ""psychopy_callOnFlip_plus_fixed_display_latency""}"
205,button_press,EVENT,504323.93819779996,space,"{""is_response_key"": true, ""lsl_timestamp"": 504323.97375199996, ""marker_push_latency_ms"": 0.0, ""rt_from_flip_seconds"": 0.36019779997877777, ""rt_seconds"": 0.36019779997877777}"
205,go_nogo_stimulus_offset_205_go_square_green,EVENT,504324.39,,"{""color"": ""green"", ""expected_frame_interval_ms"": 16.670639999210835, ""expected_refresh_rate_hz"": 60.0, ""expected_visual_onset_lsl_timestamp"": 504324.4230589, ""expected_visual_onset_monotonic"": 504324.39, ""expected_visual_onset_uncertainty_ms"": 8.335319999605417, ""fixed_display_latency_ms"": 0.0, ""flip_lsl_timestamp"": 504324.4230589, ""flip_monotonic"": 504324.39, ""is_no_go"": false, ""lsl_timestamp"": 504324.4230589, ""marker_push_latency_ms"": 0.0, ""measured_refresh_rate_hz"": 59.98569941210048, ""photodiode_verification_enabled"": false, ""scheduled_on_flip"": true, ""shape"": ""square"", ""timing_model"": ""psychopy_callOnFlip_plus_fixed_display_latency""}"
205,go_nogo_trial_complete,EVENT,504324.406,,"{""attention_challenge"": {""enabled"": false, ""expected_state"": ""normal"", ""is_cue_trial"": false}, ""button_press_count"": 1, ""commission_error"": 0, ""condition"": ""go"", ""correct"": true, ""correct_press"": 1, ""event_type_name"": ""go_nogo_trial_complete"", ""is_no_go"": false, ""omission_error"": 0, ""practice"": false, ""reaction_time_seconds"": 0.36019779997877777, ""schema_version"": 1, ""session_dir"": ""C:\\Users\\Surettej\\Documents\\Codespace\\eegle\\data\\participants\\sub-001-calibration\\sessions\\2026-07-14\\attention_lapse_go_nogo8_observe_only\\go_nogo\\run-20260714T125304"", ""source"": ""task.go_nogo"", ""stimulus_offset_lsl_timestamp"": 504324.4230589, ""stimulus_offset_monotonic"": 504324.39, ""stimulus_onset_lsl_timestamp"": 504323.6135542, ""stimulus_onset_monotonic"": 504323.578, ""task"": ""go_nogo""}"
206,go_nogo_stimulus_onset_206_nogo_x_white,EVENT,504325.156,,"{""color"": ""white"", ""expected_frame_interval_ms"": 16.670639999210835, ""expected_refresh_rate_hz"": 60.0, ""expected_visual_onset_lsl_timestamp"": 504325.1778444, ""expected_visual_onset_monotonic"": 504325.156, ""expected_visual_onset_uncertainty_ms"": 8.335319999605417, ""fixed_display_latency_ms"": 0.0, ""flip_lsl_timestamp"": 504325.1778444, ""flip_monotonic"": 504325.156, ""is_no_go"": true, ""lsl_timestamp"": 504325.1778444, ""marker_push_latency_ms"": 0.0, ""measured_refresh_rate_hz"": 59.98569941210048, ""photodiode_verification_enabled"": false, ""scheduled_on_flip"": true, ""shape"": ""x"", ""timing_model"": ""psychopy_callOnFlip_plus_fixed_display_latency""}"
206,button_press,EVENT,504325.44059250003,space,"{""is_response_key"": true, ""lsl_timestamp"": 504325.4624369, ""marker_push_latency_ms"": 0.0, ""rt_from_flip_seconds"": 0.28459250001469627, ""rt_seconds"": 0.28459250001469627}"
206,go_nogo_stimulus_offset_206_nogo_x_white,EVENT,504325.968,,"{""color"": ""white"", ""expected_frame_interval_ms"": 16.670639999210835, ""expected_refresh_rate_hz"": 60.0, ""expected_visual_onset_lsl_timestamp"": 504325.9950845, ""expected_visual_onset_monotonic"": 504325.968, ""expected_visual_onset_uncertainty_ms"": 8.335319999605417, ""fixed_display_latency_ms"": 0.0, ""flip_lsl_timestamp"": 504325.9950845, ""flip_monotonic"": 504325.968, ""is_no_go"": true, ""lsl_timestamp"": 504325.9950845, ""marker_push_latency_ms"": 0.0, ""measured_refresh_rate_hz"": 59.98569941210048, ""photodiode_verification_enabled"": false, ""scheduled_on_flip"": true, ""shape"": ""x"", ""timing_model"": ""psychopy_callOnFlip_plus_fixed_display_latency""}"
206,go_nogo_trial_complete,EVENT,504325.968,,"{""attention_challenge"": {""enabled"": false, ""expected_state"": ""normal"", ""is_cue_trial"": false}, ""button_press_count"": 1, ""commission_error"": 1, ""condition"": ""no_go"", ""correct"": false, ""correct_press"": 0, ""event_type_name"": ""go_nogo_trial_complete"", ""is_no_go"": true, ""omission_error"": 0, ""practice"": false, ""reaction_time_seconds"": 0.28459250001469627, ""schema_version"": 1, ""session_dir"": ""C:\\Users\\Surettej\\Documents\\Codespace\\eegle\\data\\participants\\sub-001-calibration\\sessions\\2026-07-14\\attention_lapse_go_nogo8_observe_only\\go_nogo\\run-20260714T125304"", ""source"": ""task.go_nogo"", ""stimulus_offset_lsl_timestamp"": 504325.9950845, ""stimulus_offset_monotonic"": 504325.968, ""stimulus_onset_lsl_timestamp"": 504325.1778444, ""stimulus_onset_monotonic"": 504325.156, ""task"": ""go_nogo""}"
207,go_nogo_stimulus_onset_207_go_square_blue,EVENT,504326.718,,"{""color"": ""blue"", ""expected_frame_interval_ms"": 16.670639999210835, ""expected_refresh_rate_hz"": 60.0, ""expected_visual_onset_lsl_timestamp"": 504326.7427644, ""expected_visual_onset_monotonic"": 504326.718, ""expected_visual_onset_uncertainty_ms"": 8.335319999605417, ""fixed_display_latency_ms"": 0.0, ""flip_lsl_timestamp"": 504326.7427644, ""flip_monotonic"": 504326.718, ""is_no_go"": false, ""lsl_timestamp"": 504326.7427644, ""marker_push_latency_ms"": 0.0, ""measured_refresh_rate_hz"": 59.98569941210048, ""photodiode_verification_enabled"": false, ""scheduled_on_flip"": true, ""shape"": ""square"", ""timing_model"": ""psychopy_callOnFlip_plus_fixed_display_latency""}"
207,button_press,EVENT,504327.0541022,space,"{""is_response_key"": true, ""lsl_timestamp"": 504327.07886660006, ""marker_push_latency_ms"": 0.0, ""rt_from_flip_seconds"": 0.3361022000317462, ""rt_seconds"": 0.3361022000317462}"
207,go_nogo_stimulus_offset_207_go_square_blue,EVENT,504327.515,,"{""color"": ""blue"", ""expected_frame_interval_ms"": 16.670639999210835, ""expected_refresh_rate_hz"": 60.0, ""expected_visual_onset_lsl_timestamp"": 504327.5517616, ""expected_visual_onset_monotonic"": 504327.515, ""expected_visual_onset_uncertainty_ms"": 8.335319999605417, ""fixed_display_latency_ms"": 0.0, ""flip_lsl_timestamp"": 504327.5517616, ""flip_monotonic"": 504327.515, ""is_no_go"": false, ""lsl_timestamp"": 504327.5517616, ""marker_push_latency_ms"": 0.0, ""measured_refresh_rate_hz"": 59.98569941210048, ""photodiode_verification_enabled"": false, ""scheduled_on_flip"": true, ""shape"": ""square"", ""timing_model"": ""psychopy_callOnFlip_plus_fixed_display_latency""}"
207,go_nogo_trial_complete,EVENT,504327.531,,"{""attention_challenge"": {""enabled"": false, ""expected_state"": ""normal"", ""is_cue_trial"": false}, ""button_press_count"": 1, ""commission_error"": 0, ""condition"": ""go"", ""correct"": true, ""correct_press"": 1, ""event_type_name"": ""go_nogo_trial_complete"", ""is_no_go"": false, ""omission_error"": 0, ""practice"": false, ""reaction_time_seconds"": 0.3361022000317462, ""schema_version"": 1, ""session_dir"": ""C:\\Users\\Surettej\\Documents\\Codespace\\eegle\\data\\participants\\sub-001-calibration\\sessions\\2026-07-14\\attention_lapse_go_nogo8_observe_only\\go_nogo\\run-20260714T125304"", ""source"": ""task.go_nogo"", ""stimulus_offset_lsl_timestamp"": 504327.5517616, ""stimulus_offset_monotonic"": 504327.515, ""stimulus_onset_lsl_timestamp"": 504326.7427644, ""stimulus_onset_monotonic"": 504326.718, ""task"": ""go_nogo""}"
208,go_nogo_stimulus_onset_208_go_triangle_yellow,EVENT,504328.265,,"{""color"": ""yellow"", ""expected_frame_interval_ms"": 16.670639999210835, ""expected_refresh_rate_hz"": 60.0, ""expected_visual_onset_lsl_timestamp"": 504328.3001254, ""expected_visual_onset_monotonic"": 504328.265, ""expected_visual_onset_uncertainty_ms"": 8.335319999605417, ""fixed_display_latency_ms"": 0.0, ""flip_lsl_timestamp"": 504328.3001254, ""flip_monotonic"": 504328.265, ""is_no_go"": false, ""lsl_timestamp"": 504328.3001254, ""marker_push_latency_ms"": 0.0, ""measured_refresh_rate_hz"": 59.98569941210048, ""photodiode_verification_enabled"": false, ""scheduled_on_flip"": true, ""shape"": ""triangle"", ""timing_model"": ""psychopy_callOnFlip_plus_fixed_display_latency""}"
208,button_press,EVENT,504328.7209836,space,"{""is_response_key"": true, ""lsl_timestamp"": 504328.756109, ""marker_push_latency_ms"": 0.0, ""rt_from_flip_seconds"": 0.45598359999712557, ""rt_seconds"": 0.45598359999712557}"
208,go_nogo_stimulus_offset_208_go_triangle_yellow,EVENT,504329.078,,"{""color"": ""yellow"", ""expected_frame_interval_ms"": 16.670639999210835, ""expected_refresh_rate_hz"": 60.0, ""expected_visual_onset_lsl_timestamp"": 504329.11051, ""expected_visual_onset_monotonic"": 504329.078, ""expected_visual_onset_uncertainty_ms"": 8.335319999605417, ""fixed_display_latency_ms"": 0.0, ""flip_lsl_timestamp"": 504329.11051, ""flip_monotonic"": 504329.078, ""is_no_go"": false, ""lsl_timestamp"": 504329.11051, ""marker_push_latency_ms"": 0.0, ""measured_refresh_rate_hz"": 59.98569941210048, ""photodiode_verification_enabled"": false, ""scheduled_on_flip"": true, ""shape"": ""triangle"", ""timing_model"": ""psychopy_callOnFlip_plus_fixed_display_latency""}"
208,go_nogo_trial_complete,EVENT,504329.093,,"{""attention_challenge"": {""enabled"": false, ""expected_state"": ""normal"", ""is_cue_trial"": false}, ""button_press_count"": 1, ""commission_error"": 0, ""condition"": ""go"", ""correct"": true, ""correct_press"": 1, ""event_type_name"": ""go_nogo_trial_complete"", ""is_no_go"": false, ""omission_error"": 0, ""practice"": false, ""reaction_time_seconds"": 0.45598359999712557, ""schema_version"": 1, ""session_dir"": ""C:\\Users\\Surettej\\Documents\\Codespace\\eegle\\data\\participants\\sub-001-calibration\\sessions\\2026-07-14\\attention_lapse_go_nogo8_observe_only\\go_nogo\\run-20260714T125304"", ""source"": ""task.go_nogo"", ""stimulus_offset_lsl_timestamp"": 504329.11051, ""stimulus_offset_monotonic"": 504329.078, ""stimulus_onset_lsl_timestamp"": 504328.3001254, ""stimulus_onset_monotonic"": 504328.265, ""task"": ""go_nogo""}"
209,go_nogo_stimulus_onset_209_go_hexagon_green,EVENT,504329.828,,"{""color"": ""green"", ""expected_frame_interval_ms"": 16.670639999210835, ""expected_refresh_rate_hz"": 60.0, ""expected_visual_onset_lsl_timestamp"": 504329.8576988, ""expected_visual_onset_monotonic"": 504329.828, ""expected_visual_onset_uncertainty_ms"": 8.335319999605417, ""fixed_display_latency_ms"": 0.0, ""flip_lsl_timestamp"": 504329.8576988, ""flip_monotonic"": 504329.828, ""is_no_go"": false, ""lsl_timestamp"": 504329.8576988, ""marker_push_latency_ms"": 0.0, ""measured_refresh_rate_hz"": 59.98569941210048, ""photodiode_verification_enabled"": false, ""scheduled_on_flip"": true, ""shape"": ""hexagon"", ""timing_model"": ""psychopy_callOnFlip_plus_fixed_display_latency""}"
209,button_press,EVENT,504330.2144618,space,"{""is_response_key"": true, ""lsl_timestamp"": 504330.2441606, ""marker_push_latency_ms"": 0.0, ""rt_from_flip_seconds"": 0.3864618000225164, ""rt_seconds"": 0.3864618000225164}"
209,go_nogo_stimulus_offset_209_go_hexagon_green,EVENT,504330.64,,"{""color"": ""green"", ""expected_frame_interval_ms"": 16.670639999210835, ""expected_refresh_rate_hz"": 60.0, ""expected_visual_onset_lsl_timestamp"": 504330.6654678, ""expected_visual_onset_monotonic"": 504330.64, ""expected_visual_onset_uncertainty_ms"": 8.335319999605417, ""fixed_display_latency_ms"": 0.0, ""flip_lsl_timestamp"": 504330.6654678, ""flip_monotonic"": 504330.64, ""is_no_go"": false, ""lsl_timestamp"": 504330.6654678, ""marker_push_latency_ms"": 0.0, ""measured_refresh_rate_hz"": 59.98569941210048, ""photodiode_verification_enabled"": false, ""scheduled_on_flip"": true, ""shape"": ""hexagon"", ""timing_model"": ""psychopy_callOnFlip_plus_fixed_display_latency""}"
209,go_nogo_trial_complete,EVENT,504330.64,,"{""attention_challenge"": {""enabled"": false, ""expected_state"": ""normal"", ""is_cue_trial"": false}, ""button_press_count"": 1, ""commission_error"": 0, ""condition"": ""go"", ""correct"": true, ""correct_press"": 1, ""event_type_name"": ""go_nogo_trial_complete"", ""is_no_go"": false, ""omission_error"": 0, ""practice"": false, ""reaction_time_seconds"": 0.3864618000225164, ""schema_version"": 1, ""session_dir"": ""C:\\Users\\Surettej\\Documents\\Codespace\\eegle\\data\\participants\\sub-001-calibration\\sessions\\2026-07-14\\attention_lapse_go_nogo8_observe_only\\go_nogo\\run-20260714T125304"", ""source"": ""task.go_nogo"", ""stimulus_offset_lsl_timestamp"": 504330.6654678, ""stimulus_offset_monotonic"": 504330.64, ""stimulus_onset_lsl_timestamp"": 504329.8576988, ""stimulus_onset_monotonic"": 504329.828, ""task"": ""go_nogo""}"
210,go_nogo_stimulus_onset_210_go_square_green,EVENT,504331.39,,"{""color"": ""green"", ""expected_frame_interval_ms"": 16.670639999210835, ""expected_refresh_rate_hz"": 60.0, ""expected_visual_onset_lsl_timestamp"": 504331.4120865, ""expected_visual_onset_monotonic"": 504331.39, ""expected_visual_onset_uncertainty_ms"": 8.335319999605417, ""fixed_display_latency_ms"": 0.0, ""flip_lsl_timestamp"": 504331.4120865, ""flip_monotonic"": 504331.39, ""is_no_go"": false, ""lsl_timestamp"": 504331.4120865, ""marker_push_latency_ms"": 0.0, ""measured_refresh_rate_hz"": 59.98569941210048, ""photodiode_verification_enabled"": false, ""scheduled_on_flip"": true, ""shape"": ""square"", ""timing_model"": ""psychopy_callOnFlip_plus_fixed_display_latency""}"
210,button_press,EVENT,504331.8542795,space,"{""is_response_key"": true, ""lsl_timestamp"": 504331.876366, ""marker_push_latency_ms"": 0.0, ""rt_from_flip_seconds"": 0.464279500010889, ""rt_seconds"": 0.464279500010889}"
210,go_nogo_stimulus_offset_210_go_square_green,EVENT,504332.203,,"{""color"": ""green"", ""expected_frame_interval_ms"": 16.670639999210835, ""expected_refresh_rate_hz"": 60.0, ""expected_visual_onset_lsl_timestamp"": 504332.2312503, ""expected_visual_onset_monotonic"": 504332.203, ""expected_visual_onset_uncertainty_ms"": 8.335319999605417, ""fixed_display_latency_ms"": 0.0, ""flip_lsl_timestamp"": 504332.2312503, ""flip_monotonic"": 504332.203, ""is_no_go"": false, ""lsl_timestamp"": 504332.2312503, ""marker_push_latency_ms"": 0.0, ""measured_refresh_rate_hz"": 59.98569941210048, ""photodiode_verification_enabled"": false, ""scheduled_on_flip"": true, ""shape"": ""square"", ""timing_model"": ""psychopy_callOnFlip_plus_fixed_display_latency""}"
210,go_nogo_trial_complete,EVENT,504332.218,,"{""attention_challenge"": {""enabled"": false, ""expected_state"": ""normal"", ""is_cue_trial"": false}, ""button_press_count"": 1, ""commission_error"": 0, ""condition"": ""go"", ""correct"": true, ""correct_press"": 1, ""event_type_name"": ""go_nogo_trial_complete"", ""is_no_go"": false, ""omission_error"": 0, ""practice"": false, ""reaction_time_seconds"": 0.464279500010889, ""schema_version"": 1, ""session_dir"": ""C:\\Users\\Surettej\\Documents\\Codespace\\eegle\\data\\participants\\sub-001-calibration\\sessions\\2026-07-14\\attention_lapse_go_nogo8_observe_only\\go_nogo\\run-20260714T125304"", ""source"": ""task.go_nogo"", ""stimulus_offset_lsl_timestamp"": 504332.2312503, ""stimulus_offset_monotonic"": 504332.203, ""stimulus_onset_lsl_timestamp"": 504331.4120865, ""stimulus_onset_monotonic"": 504331.39, ""task"": ""go_nogo""}"
211,go_nogo_stimulus_onset_211_go_hexagon_magenta,EVENT,504332.953,,"{""color"": ""magenta"", ""expected_frame_interval_ms"": 16.670639999210835, ""expected_refresh_rate_hz"": 60.0, ""expected_visual_onset_lsl_timestamp"": 504332.984078, ""expected_visual_onset_monotonic"": 504332.953, ""expected_visual_onset_uncertainty_ms"": 8.335319999605417, ""fixed_display_latency_ms"": 0.0, ""flip_lsl_timestamp"": 504332.984078, ""flip_monotonic"": 504332.953, ""is_no_go"": false, ""lsl_timestamp"": 504332.984078, ""marker_push_latency_ms"": 0.0, ""measured_refresh_rate_hz"": 59.98569941210048, ""photodiode_verification_enabled"": false, ""scheduled_on_flip"": true, ""shape"": ""hexagon"", ""timing_model"": ""psychopy_callOnFlip_plus_fixed_display_latency""}"
211,button_press,EVENT,504333.5341826,space,"{""is_response_key"": true, ""lsl_timestamp"": 504333.5652606, ""marker_push_latency_ms"": 0.0, ""rt_from_flip_seconds"": 0.5811825999990106, ""rt_seconds"": 0.5811825999990106}"
211,go_nogo_stimulus_offset_211_go_hexagon_magenta,EVENT,504333.765,,"{""color"": ""magenta"", ""expected_frame_interval_ms"": 16.670639999210835, ""expected_refresh_rate_hz"": 60.0, ""expected_visual_onset_lsl_timestamp"": 504333.7933888, ""expected_visual_onset_monotonic"": 504333.765, ""expected_visual_onset_uncertainty_ms"": 8.335319999605417, ""fixed_display_latency_ms"": 0.0, ""flip_lsl_timestamp"": 504333.7933888, ""flip_monotonic"": 504333.765, ""is_no_go"": false, ""lsl_timestamp"": 504333.7933888, ""marker_push_latency_ms"": 0.0, ""measured_refresh_rate_hz"": 59.98569941210048, ""photodiode_verification_enabled"": false, ""scheduled_on_flip"": true, ""shape"": ""hexagon"", ""timing_model"": ""psychopy_callOnFlip_plus_fixed_display_latency""}"
211,go_nogo_trial_complete,EVENT,504333.765,,"{""attention_challenge"": {""enabled"": false, ""expected_state"": ""normal"", ""is_cue_trial"": false}, ""button_press_count"": 1, ""commission_error"": 0, ""condition"": ""go"", ""correct"": true, ""correct_press"": 1, ""event_type_name"": ""go_nogo_trial_complete"", ""is_no_go"": false, ""omission_error"": 0, ""practice"": false, ""reaction_time_seconds"": 0.5811825999990106, ""schema_version"": 1, ""session_dir"": ""C:\\Users\\Surettej\\Documents\\Codespace\\eegle\\data\\participants\\sub-001-calibration\\sessions\\2026-07-14\\attention_lapse_go_nogo8_observe_only\\go_nogo\\run-20260714T125304"", ""source"": ""task.go_nogo"", ""stimulus_offset_lsl_timestamp"": 504333.7933888, ""stimulus_offset_monotonic"": 504333.765, ""stimulus_onset_lsl_timestamp"": 504332.984078, ""stimulus_onset_monotonic"": 504332.953, ""task"": ""go_nogo""}"
212,go_nogo_stimulus_onset_212_go_circle_yellow,EVENT,504334.531,,"{""color"": ""yellow"", ""expected_frame_interval_ms"": 16.670639999210835, ""expected_refresh_rate_hz"": 60.0, ""expected_visual_onset_lsl_timestamp"": 504334.558461, ""expected_visual_onset_monotonic"": 504334.531, ""expected_visual_onset_uncertainty_ms"": 8.335319999605417, ""fixed_display_latency_ms"": 0.0, ""flip_lsl_timestamp"": 504334.558461, ""flip_monotonic"": 504334.531, ""is_no_go"": false, ""lsl_timestamp"": 504334.558461, ""marker_push_latency_ms"": 0.0, ""measured_refresh_rate_hz"": 59.98569941210048, ""photodiode_verification_enabled"": false, ""scheduled_on_flip"": true, ""shape"": ""circle"", ""timing_model"": ""psychopy_callOnFlip_plus_fixed_display_latency""}"
212,button_press,EVENT,504335.0490608,space,"{""is_response_key"": true, ""lsl_timestamp"": 504335.07652179996, ""marker_push_latency_ms"": 0.0, ""rt_from_flip_seconds"": 0.5180607999791391, ""rt_seconds"": 0.5180607999791391}"
212,go_nogo_stimulus_offset_212_go_circle_yellow,EVENT,504335.343,,"{""color"": ""yellow"", ""expected_frame_interval_ms"": 16.670639999210835, ""expected_refresh_rate_hz"": 60.0, ""expected_visual_onset_lsl_timestamp"": 504335.3674107, ""expected_visual_onset_monotonic"": 504335.343, ""expected_visual_onset_uncertainty_ms"": 8.335319999605417, ""fixed_display_latency_ms"": 0.0, ""flip_lsl_timestamp"": 504335.3674107, ""flip_monotonic"": 504335.343, ""is_no_go"": false, ""lsl_timestamp"": 504335.3674107, ""marker_push_latency_ms"": 0.0, ""measured_refresh_rate_hz"": 59.98569941210048, ""photodiode_verification_enabled"": false, ""scheduled_on_flip"": true, ""shape"": ""circle"", ""timing_model"": ""psychopy_callOnFlip_plus_fixed_display_latency""}"
212,go_nogo_trial_complete,EVENT,504335.343,,"{""attention_challenge"": {""enabled"": false, ""expected_state"": ""normal"", ""is_cue_trial"": false}, ""button_press_count"": 1, ""commission_error"": 0, ""condition"": ""go"", ""correct"": true, ""correct_press"": 1, ""event_type_name"": ""go_nogo_trial_complete"", ""is_no_go"": false, ""omission_error"": 0, ""practice"": false, ""reaction_time_seconds"": 0.5180607999791391, ""schema_version"": 1, ""session_dir"": ""C:\\Users\\Surettej\\Documents\\Codespace\\eegle\\data\\participants\\sub-001-calibration\\sessions\\2026-07-14\\attention_lapse_go_nogo8_observe_only\\go_nogo\\run-20260714T125304"", ""source"": ""task.go_nogo"", ""stimulus_offset_lsl_timestamp"": 504335.3674107, ""stimulus_offset_monotonic"": 504335.343, ""stimulus_onset_lsl_timestamp"": 504334.558461, ""stimulus_onset_monotonic"": 504334.531, ""task"": ""go_nogo""}"
213,go_nogo_stimulus_onset_213_nogo_x_white,EVENT,504336.093,,"{""color"": ""white"", ""expected_frame_interval_ms"": 16.670639999210835, ""expected_refresh_rate_hz"": 60.0, ""expected_visual_onset_lsl_timestamp"": 504336.1201656, ""expected_visual_onset_monotonic"": 504336.093, ""expected_visual_onset_uncertainty_ms"": 8.335319999605417, ""fixed_display_latency_ms"": 0.0, ""flip_lsl_timestamp"": 504336.1201656, ""flip_monotonic"": 504336.093, ""is_no_go"": true, ""lsl_timestamp"": 504336.1201656, ""marker_push_latency_ms"": 0.0, ""measured_refresh_rate_hz"": 59.98569941210048, ""photodiode_verification_enabled"": false, ""scheduled_on_flip"": true, ""shape"": ""x"", ""timing_model"": ""psychopy_callOnFlip_plus_fixed_display_latency""}"
213,button_press,EVENT,504336.88276310003,space,"{""is_response_key"": true, ""lsl_timestamp"": 504336.9099287, ""marker_push_latency_ms"": 0.0, ""rt_from_flip_seconds"": 0.7897631000378169, ""rt_seconds"": 0.7897631000378169}"
213,go_nogo_stimulus_offset_213_nogo_x_white,EVENT,504336.906,,"{""color"": ""white"", ""expected_frame_interval_ms"": 16.670639999210835, ""expected_refresh_rate_hz"": 60.0, ""expected_visual_onset_lsl_timestamp"": 504336.929547, ""expected_visual_onset_monotonic"": 504336.906, ""expected_visual_onset_uncertainty_ms"": 8.335319999605417, ""fixed_display_latency_ms"": 0.0, ""flip_lsl_timestamp"": 504336.929547, ""flip_monotonic"": 504336.906, ""is_no_go"": true, ""lsl_timestamp"": 504336.929547, ""marker_push_latency_ms"": 0.0, ""measured_refresh_rate_hz"": 59.98569941210048, ""photodiode_verification_enabled"": false, ""scheduled_on_flip"": true, ""shape"": ""x"", ""timing_model"": ""psychopy_callOnFlip_plus_fixed_display_latency""}"
213,go_nogo_trial_complete,EVENT,504336.906,,"{""attention_challenge"": {""enabled"": false, ""expected_state"": ""normal"", ""is_cue_trial"": false}, ""button_press_count"": 1, ""commission_error"": 1, ""condition"": ""no_go"", ""correct"": false, ""correct_press"": 0, ""event_type_name"": ""go_nogo_trial_complete"", ""is_no_go"": true, ""omission_error"": 0, ""practice"": false, ""reaction_time_seconds"": 0.7897631000378169, ""schema_version"": 1, ""session_dir"": ""C:\\Users\\Surettej\\Documents\\Codespace\\eegle\\data\\participants\\sub-001-calibration\\sessions\\2026-07-14\\attention_lapse_go_nogo8_observe_only\\go_nogo\\run-20260714T125304"", ""source"": ""task.go_nogo"", ""stimulus_offset_lsl_timestamp"": 504336.929547, ""stimulus_offset_monotonic"": 504336.906, ""stimulus_onset_lsl_timestamp"": 504336.1201656, ""stimulus_onset_monotonic"": 504336.093, ""task"": ""go_nogo""}"
214,go_nogo_stimulus_onset_214_go_square_red,EVENT,504337.656,,"{""color"": ""red"", ""expected_frame_interval_ms"": 16.670639999210835, ""expected_refresh_rate_hz"": 60.0, ""expected_visual_onset_lsl_timestamp"": 504337.6774155, ""expected_visual_onset_monotonic"": 504337.656, ""expected_visual_onset_uncertainty_ms"": 8.335319999605417, ""fixed_display_latency_ms"": 0.0, ""flip_lsl_timestamp"": 504337.6774155, ""flip_monotonic"": 504337.656, ""is_no_go"": false, ""lsl_timestamp"": 504337.6774155, ""marker_push_latency_ms"": 0.0, ""measured_refresh_rate_hz"": 59.98569941210048, ""photodiode_verification_enabled"": false, ""scheduled_on_flip"": true, ""shape"": ""square"", ""timing_model"": ""psychopy_callOnFlip_plus_fixed_display_latency""}"
214,button_press,EVENT,504338.00150270003,space,"{""is_response_key"": true, ""lsl_timestamp"": 504338.0229182, ""marker_push_latency_ms"": 0.0, ""rt_from_flip_seconds"": 0.3455027000163682, ""rt_seconds"": 0.3455027000163682}"
214,go_nogo_stimulus_offset_214_go_square_red,EVENT,504338.453,,"{""color"": ""red"", ""expected_frame_interval_ms"": 16.670639999210835, ""expected_refresh_rate_hz"": 60.0, ""expected_visual_onset_lsl_timestamp"": 504338.486898, ""expected_visual_onset_monotonic"": 504338.453, ""expected_visual_onset_uncertainty_ms"": 8.335319999605417, ""fixed_display_latency_ms"": 0.0, ""flip_lsl_timestamp"": 504338.486898, ""flip_monotonic"": 504338.453, ""is_no_go"": false, ""lsl_timestamp"": 504338.486898, ""marker_push_latency_ms"": 0.0, ""measured_refresh_rate_hz"": 59.98569941210048, ""photodiode_verification_enabled"": false, ""scheduled_on_flip"": true, ""shape"": ""square"", ""timing_model"": ""psychopy_callOnFlip_plus_fixed_display_latency""}"
214,go_nogo_trial_complete,EVENT,504338.468,,"{""attention_challenge"": {""enabled"": false, ""expected_state"": ""normal"", ""is_cue_trial"": false}, ""button_press_count"": 1, ""commission_error"": 0, ""condition"": ""go"", ""correct"": true, ""correct_press"": 1, ""event_type_name"": ""go_nogo_trial_complete"", ""is_no_go"": false, ""omission_error"": 0, ""practice"": false, ""reaction_time_seconds"": 0.3455027000163682, ""schema_version"": 1, ""session_dir"": ""C:\\Users\\Surettej\\Documents\\Codespace\\eegle\\data\\participants\\sub-001-calibration\\sessions\\2026-07-14\\attention_lapse_go_nogo8_observe_only\\go_nogo\\run-20260714T125304"", ""source"": ""task.go_nogo"", ""stimulus_offset_lsl_timestamp"": 504338.486898, ""stimulus_offset_monotonic"": 504338.453, ""stimulus_onset_lsl_timestamp"": 504337.6774155, ""stimulus_onset_monotonic"": 504337.656, ""task"": ""go_nogo""}"
215,go_nogo_stimulus_onset_215_go_circle_blue,EVENT,504339.218,,"{""color"": ""blue"", ""expected_frame_interval_ms"": 16.670639999210835, ""expected_refresh_rate_hz"": 60.0, ""expected_visual_onset_lsl_timestamp"": 504339.2525552, ""expected_visual_onset_monotonic"": 504339.218, ""expected_visual_onset_uncertainty_ms"": 8.335319999605417, ""fixed_display_latency_ms"": 0.0, ""flip_lsl_timestamp"": 504339.2525552, ""flip_monotonic"": 504339.218, ""is_no_go"": false, ""lsl_timestamp"": 504339.2525552, ""marker_push_latency_ms"": 0.0, ""measured_refresh_rate_hz"": 59.98569941210048, ""photodiode_verification_enabled"": false, ""scheduled_on_flip"": true, ""shape"": ""circle"", ""timing_model"": ""psychopy_callOnFlip_plus_fixed_display_latency""}"
215,button_press,EVENT,504339.5147346,space,"{""is_response_key"": true, ""lsl_timestamp"": 504339.5492898, ""marker_push_latency_ms"": 0.0, ""rt_from_flip_seconds"": 0.296734599978663, ""rt_seconds"": 0.296734599978663}"
215,go_nogo_stimulus_offset_215_go_circle_blue,EVENT,504340.031,,"{""color"": ""blue"", ""expected_frame_interval_ms"": 16.670639999210835, ""expected_refresh_rate_hz"": 60.0, ""expected_visual_onset_lsl_timestamp"": 504340.0611191, ""expected_visual_onset_monotonic"": 504340.031, ""expected_visual_onset_uncertainty_ms"": 8.335319999605417, ""fixed_display_latency_ms"": 0.0, ""flip_lsl_timestamp"": 504340.0611191, ""flip_monotonic"": 504340.031, ""is_no_go"": false, ""lsl_timestamp"": 504340.0611191, ""marker_push_latency_ms"": 0.0, ""measured_refresh_rate_hz"": 59.98569941210048, ""photodiode_verification_enabled"": false, ""scheduled_on_flip"": true, ""shape"": ""circle"", ""timing_model"": ""psychopy_callOnFlip_plus_fixed_display_latency""}"
215,go_nogo_trial_complete,EVENT,504340.046,,"{""attention_challenge"": {""enabled"": false, ""expected_state"": ""normal"", ""is_cue_trial"": false}, ""button_press_count"": 1, ""commission_error"": 0, ""condition"": ""go"", ""correct"": true, ""correct_press"": 1, ""event_type_name"": ""go_nogo_trial_complete"", ""is_no_go"": false, ""omission_error"": 0, ""practice"": false, ""reaction_time_seconds"": 0.296734599978663, ""schema_version"": 1, ""session_dir"": ""C:\\Users\\Surettej\\Documents\\Codespace\\eegle\\data\\participants\\sub-001-calibration\\sessions\\2026-07-14\\attention_lapse_go_nogo8_observe_only\\go_nogo\\run-20260714T125304"", ""source"": ""task.go_nogo"", ""stimulus_offset_lsl_timestamp"": 504340.0611191, ""stimulus_offset_monotonic"": 504340.031, ""stimulus_onset_lsl_timestamp"": 504339.2525552, ""stimulus_onset_monotonic"": 504339.218, ""task"": ""go_nogo""}"
216,go_nogo_stimulus_onset_216_go_square_red,EVENT,504340.781,,"{""color"": ""red"", ""expected_frame_interval_ms"": 16.670639999210835, ""expected_refresh_rate_hz"": 60.0, ""expected_visual_onset_lsl_timestamp"": 504340.8098406, ""expected_visual_onset_monotonic"": 504340.781, ""expected_visual_onset_uncertainty_ms"": 8.335319999605417, ""fixed_display_latency_ms"": 0.0, ""flip_lsl_timestamp"": 504340.8098406, ""flip_monotonic"": 504340.781, ""is_no_go"": false, ""lsl_timestamp"": 504340.8098406, ""marker_push_latency_ms"": 0.0, ""measured_refresh_rate_hz"": 59.98569941210048, ""photodiode_verification_enabled"": false, ""scheduled_on_flip"": true, ""shape"": ""square"", ""timing_model"": ""psychopy_callOnFlip_plus_fixed_display_latency""}"
216,button_press,EVENT,504341.0566012,space,"{""is_response_key"": true, ""lsl_timestamp"": 504341.0854418, ""marker_push_latency_ms"": 0.0, ""rt_from_flip_seconds"": 0.27560120000271127, ""rt_seconds"": 0.27560120000271127}"
216,go_nogo_stimulus_offset_216_go_square_red,EVENT,504341.593,,"{""color"": ""red"", ""expected_frame_interval_ms"": 16.670639999210835, ""expected_refresh_rate_hz"": 60.0, ""expected_visual_onset_lsl_timestamp"": 504341.6202451, ""expected_visual_onset_monotonic"": 504341.593, ""expected_visual_onset_uncertainty_ms"": 8.335319999605417, ""fixed_display_latency_ms"": 0.0, ""flip_lsl_timestamp"": 504341.6202451, ""flip_monotonic"": 504341.593, ""is_no_go"": false, ""lsl_timestamp"": 504341.6202451, ""marker_push_latency_ms"": 0.0, ""measured_refresh_rate_hz"": 59.98569941210048, ""photodiode_verification_enabled"": false, ""scheduled_on_flip"": true, ""shape"": ""square"", ""timing_model"": ""psychopy_callOnFlip_plus_fixed_display_latency""}"
216,go_nogo_trial_complete,EVENT,504341.593,,"{""attention_challenge"": {""enabled"": false, ""expected_state"": ""normal"", ""is_cue_trial"": false}, ""button_press_count"": 1, ""commission_error"": 0, ""condition"": ""go"", ""correct"": true, ""correct_press"": 1, ""event_type_name"": ""go_nogo_trial_complete"", ""is_no_go"": false, ""omission_error"": 0, ""practice"": false, ""reaction_time_seconds"": 0.27560120000271127, ""schema_version"": 1, ""session_dir"": ""C:\\Users\\Surettej\\Documents\\Codespace\\eegle\\data\\participants\\sub-001-calibration\\sessions\\2026-07-14\\attention_lapse_go_nogo8_observe_only\\go_nogo\\run-20260714T125304"", ""source"": ""task.go_nogo"", ""stimulus_offset_lsl_timestamp"": 504341.6202451, ""stimulus_offset_monotonic"": 504341.593, ""stimulus_onset_lsl_timestamp"": 504340.8098406, ""stimulus_onset_monotonic"": 504340.781, ""task"": ""go_nogo""}"
217,go_nogo_stimulus_onset_217_nogo_x_white,EVENT,504342.343,,"{""color"": ""white"", ""expected_frame_interval_ms"": 16.670639999210835, ""expected_refresh_rate_hz"": 60.0, ""expected_visual_onset_lsl_timestamp"": 504342.3717922, ""expected_visual_onset_monotonic"": 504342.343, ""expected_visual_onset_uncertainty_ms"": 8.335319999605417, ""fixed_display_latency_ms"": 0.0, ""flip_lsl_timestamp"": 504342.3717922, ""flip_monotonic"": 504342.343, ""is_no_go"": true, ""lsl_timestamp"": 504342.3717922, ""marker_push_latency_ms"": 0.0, ""measured_refresh_rate_hz"": 59.98569941210048, ""photodiode_verification_enabled"": false, ""scheduled_on_flip"": true, ""shape"": ""x"", ""timing_model"": ""psychopy_callOnFlip_plus_fixed_display_latency""}"
217,button_press,EVENT,504342.6733919,space,"{""is_response_key"": true, ""lsl_timestamp"": 504342.70218410005, ""marker_push_latency_ms"": 0.0, ""rt_from_flip_seconds"": 0.3303919000318274, ""rt_seconds"": 0.3303919000318274}"
217,go_nogo_stimulus_offset_217_nogo_x_white,EVENT,504343.156,,"{""color"": ""white"", ""expected_frame_interval_ms"": 16.670639999210835, ""expected_refresh_rate_hz"": 60.0, ""expected_visual_onset_lsl_timestamp"": 504343.1819756, ""expected_visual_onset_monotonic"": 504343.156, ""expected_visual_onset_uncertainty_ms"": 8.335319999605417, ""fixed_display_latency_ms"": 0.0, ""flip_lsl_timestamp"": 504343.1819756, ""flip_monotonic"": 504343.156, ""is_no_go"": true, ""lsl_timestamp"": 504343.1819756, ""marker_push_latency_ms"": 0.0, ""measured_refresh_rate_hz"": 59.98569941210048, ""photodiode_verification_enabled"": false, ""scheduled_on_flip"": true, ""shape"": ""x"", ""timing_model"": ""psychopy_callOnFlip_plus_fixed_display_latency""}"
217,go_nogo_trial_complete,EVENT,504343.156,,"{""attention_challenge"": {""enabled"": false, ""expected_state"": ""normal"", ""is_cue_trial"": false}, ""button_press_count"": 1, ""commission_error"": 1, ""condition"": ""no_go"", ""correct"": false, ""correct_press"": 0, ""event_type_name"": ""go_nogo_trial_complete"", ""is_no_go"": true, ""omission_error"": 0, ""practice"": false, ""reaction_time_seconds"": 0.3303919000318274, ""schema_version"": 1, ""session_dir"": ""C:\\Users\\Surettej\\Documents\\Codespace\\eegle\\data\\participants\\sub-001-calibration\\sessions\\2026-07-14\\attention_lapse_go_nogo8_observe_only\\go_nogo\\run-20260714T125304"", ""source"": ""task.go_nogo"", ""stimulus_offset_lsl_timestamp"": 504343.1819756, ""stimulus_offset_monotonic"": 504343.156, ""stimulus_onset_lsl_timestamp"": 504342.3717922, ""stimulus_onset_monotonic"": 504342.343, ""task"": ""go_nogo""}"
218,go_nogo_stimulus_onset_218_go_star_blue,EVENT,504343.906,,"{""color"": ""blue"", ""expected_frame_interval_ms"": 16.670639999210835, ""expected_refresh_rate_hz"": 60.0, ""expected_visual_onset_lsl_timestamp"": 504343.9318477, ""expected_visual_onset_monotonic"": 504343.906, ""expected_visual_onset_uncertainty_ms"": 8.335319999605417, ""fixed_display_latency_ms"": 0.0, ""flip_lsl_timestamp"": 504343.9318477, ""flip_monotonic"": 504343.906, ""is_no_go"": false, ""lsl_timestamp"": 504343.9318477, ""marker_push_latency_ms"": 0.0, ""measured_refresh_rate_hz"": 59.98569941210048, ""photodiode_verification_enabled"": false, ""scheduled_on_flip"": true, ""shape"": ""star"", ""timing_model"": ""psychopy_callOnFlip_plus_fixed_display_latency""}"
218,button_press,EVENT,504344.2663453,space,"{""is_response_key"": true, ""lsl_timestamp"": 504344.292193, ""marker_push_latency_ms"": 0.0, ""rt_from_flip_seconds"": 0.36034529999597, ""rt_seconds"": 0.36034529999597}"
218,go_nogo_stimulus_offset_218_go_star_blue,EVENT,504344.718,,"{""color"": ""blue"", ""expected_frame_interval_ms"": 16.670639999210835, ""expected_refresh_rate_hz"": 60.0, ""expected_visual_onset_lsl_timestamp"": 504344.7415229, ""expected_visual_onset_monotonic"": 504344.718, ""expected_visual_onset_uncertainty_ms"": 8.335319999605417, ""fixed_display_latency_ms"": 0.0, ""flip_lsl_timestamp"": 504344.7415229, ""flip_monotonic"": 504344.718, ""is_no_go"": false, ""lsl_timestamp"": 504344.7415229, ""marker_push_latency_ms"": 0.0, ""measured_refresh_rate_hz"": 59.98569941210048, ""photodiode_verification_enabled"": false, ""scheduled_on_flip"": true, ""shape"": ""star"", ""timing_model"": ""psychopy_callOnFlip_plus_fixed_display_latency""}"
218,go_nogo_trial_complete,EVENT,504344.718,,"{""attention_challenge"": {""enabled"": false, ""expected_state"": ""normal"", ""is_cue_trial"": false}, ""button_press_count"": 1, ""commission_error"": 0, ""condition"": ""go"", ""correct"": true, ""correct_press"": 1, ""event_type_name"": ""go_nogo_trial_complete"", ""is_no_go"": false, ""omission_error"": 0, ""practice"": false, ""reaction_time_seconds"": 0.36034529999597, ""schema_version"": 1, ""session_dir"": ""C:\\Users\\Surettej\\Documents\\Codespace\\eegle\\data\\participants\\sub-001-calibration\\sessions\\2026-07-14\\attention_lapse_go_nogo8_observe_only\\go_nogo\\run-20260714T125304"", ""source"": ""task.go_nogo"", ""stimulus_offset_lsl_timestamp"": 504344.7415229, ""stimulus_offset_monotonic"": 504344.718, ""stimulus_onset_lsl_timestamp"": 504343.9318477, ""stimulus_onset_monotonic"": 504343.906, ""task"": ""go_nogo""}"
219,go_nogo_stimulus_onset_219_go_square_green,EVENT,504345.468,,"{""color"": ""green"", ""expected_frame_interval_ms"": 16.670639999210835, ""expected_refresh_rate_hz"": 60.0, ""expected_visual_onset_lsl_timestamp"": 504345.4966482, ""expected_visual_onset_monotonic"": 504345.468, ""expected_visual_onset_uncertainty_ms"": 8.335319999605417, ""fixed_display_latency_ms"": 0.0, ""flip_lsl_timestamp"": 504345.4966482, ""flip_monotonic"": 504345.468, ""is_no_go"": false, ""lsl_timestamp"": 504345.4966482, ""marker_push_latency_ms"": 0.0, ""measured_refresh_rate_hz"": 59.98569941210048, ""photodiode_verification_enabled"": false, ""scheduled_on_flip"": true, ""shape"": ""square"", ""timing_model"": ""psychopy_callOnFlip_plus_fixed_display_latency""}"
219,button_press,EVENT,504346.2398378,space,"{""is_response_key"": true, ""lsl_timestamp"": 504346.26848599996, ""marker_push_latency_ms"": 0.0, ""rt_from_flip_seconds"": 0.7718377999844961, ""rt_seconds"": 0.7718377999844961}"
219,go_nogo_stimulus_offset_219_go_square_green,EVENT,504346.281,,"{""color"": ""green"", ""expected_frame_interval_ms"": 16.670639999210835, ""expected_refresh_rate_hz"": 60.0, ""expected_visual_onset_lsl_timestamp"": 504346.30625, ""expected_visual_onset_monotonic"": 504346.281, ""expected_visual_onset_uncertainty_ms"": 8.335319999605417, ""fixed_display_latency_ms"": 0.0, ""flip_lsl_timestamp"": 504346.30625, ""flip_monotonic"": 504346.281, ""is_no_go"": false, ""lsl_timestamp"": 504346.30625, ""marker_push_latency_ms"": 0.0, ""measured_refresh_rate_hz"": 59.98569941210048, ""photodiode_verification_enabled"": false, ""scheduled_on_flip"": true, ""shape"": ""square"", ""timing_model"": ""psychopy_callOnFlip_plus_fixed_display_latency""}"
219,go_nogo_trial_complete,EVENT,504346.281,,"{""attention_challenge"": {""enabled"": false, ""expected_state"": ""normal"", ""is_cue_trial"": false}, ""button_press_count"": 1, ""commission_error"": 0, ""condition"": ""go"", ""correct"": true, ""correct_press"": 1, ""event_type_name"": ""go_nogo_trial_complete"", ""is_no_go"": false, ""omission_error"": 0, ""practice"": false, ""reaction_time_seconds"": 0.7718377999844961, ""schema_version"": 1, ""session_dir"": ""C:\\Users\\Surettej\\Documents\\Codespace\\eegle\\data\\participants\\sub-001-calibration\\sessions\\2026-07-14\\attention_lapse_go_nogo8_observe_only\\go_nogo\\run-20260714T125304"", ""source"": ""task.go_nogo"", ""stimulus_offset_lsl_timestamp"": 504346.30625, ""stimulus_offset_monotonic"": 504346.281, ""stimulus_onset_lsl_timestamp"": 504345.4966482, ""stimulus_onset_monotonic"": 504345.468, ""task"": ""go_nogo""}"
220,go_nogo_stimulus_onset_220_go_square_green,EVENT,504347.031,,"{""color"": ""green"", ""expected_frame_interval_ms"": 16.670639999210835, ""expected_refresh_rate_hz"": 60.0, ""expected_visual_onset_lsl_timestamp"": 504347.0552132, ""expected_visual_onset_monotonic"": 504347.031, ""expected_visual_onset_uncertainty_ms"": 8.335319999605417, ""fixed_display_latency_ms"": 0.0, ""flip_lsl_timestamp"": 504347.0552132, ""flip_monotonic"": 504347.031, ""is_no_go"": false, ""lsl_timestamp"": 504347.0552132, ""marker_push_latency_ms"": 0.0, ""measured_refresh_rate_hz"": 59.98569941210048, ""photodiode_verification_enabled"": false, ""scheduled_on_flip"": true, ""shape"": ""square"", ""timing_model"": ""psychopy_callOnFlip_plus_fixed_display_latency""}"
220,button_press,EVENT,504347.4061534,space,"{""is_response_key"": true, ""lsl_timestamp"": 504347.4303666, ""marker_push_latency_ms"": 0.0, ""rt_from_flip_seconds"": 0.37515340000391006, ""rt_seconds"": 0.37515340000391006}"
220,go_nogo_stimulus_offset_220_go_square_green,EVENT,504347.843,,"{""color"": ""green"", ""expected_frame_interval_ms"": 16.670639999210835, ""expected_refresh_rate_hz"": 60.0, ""expected_visual_onset_lsl_timestamp"": 504347.8653007, ""expected_visual_onset_monotonic"": 504347.843, ""expected_visual_onset_uncertainty_ms"": 8.335319999605417, ""fixed_display_latency_ms"": 0.0, ""flip_lsl_timestamp"": 504347.8653007, ""flip_monotonic"": 504347.843, ""is_no_go"": false, ""lsl_timestamp"": 504347.8653007, ""marker_push_latency_ms"": 0.0, ""measured_refresh_rate_hz"": 59.98569941210048, ""photodiode_verification_enabled"": false, ""scheduled_on_flip"": true, ""shape"": ""square"", ""timing_model"": ""psychopy_callOnFlip_plus_fixed_display_latency""}"
220,go_nogo_trial_complete,EVENT,504347.843,,"{""attention_challenge"": {""enabled"": false, ""expected_state"": ""normal"", ""is_cue_trial"": false}, ""button_press_count"": 1, ""commission_error"": 0, ""condition"": ""go"", ""correct"": true, ""correct_press"": 1, ""event_type_name"": ""go_nogo_trial_complete"", ""is_no_go"": false, ""omission_error"": 0, ""practice"": false, ""reaction_time_seconds"": 0.37515340000391006, ""schema_version"": 1, ""session_dir"": ""C:\\Users\\Surettej\\Documents\\Codespace\\eegle\\data\\participants\\sub-001-calibration\\sessions\\2026-07-14\\attention_lapse_go_nogo8_observe_only\\go_nogo\\run-20260714T125304"", ""source"": ""task.go_nogo"", ""stimulus_offset_lsl_timestamp"": 504347.8653007, ""stimulus_offset_monotonic"": 504347.843, ""stimulus_onset_lsl_timestamp"": 504347.0552132, ""stimulus_onset_monotonic"": 504347.031, ""task"": ""go_nogo""}"
221,go_nogo_stimulus_onset_221_nogo_x_white,EVENT,504348.593,,"{""color"": ""white"", ""expected_frame_interval_ms"": 16.670639999210835, ""expected_refresh_rate_hz"": 60.0, ""expected_visual_onset_lsl_timestamp"": 504348.623406, ""expected_visual_onset_monotonic"": 504348.593, ""expected_visual_onset_uncertainty_ms"": 8.335319999605417, ""fixed_display_latency_ms"": 0.0, ""flip_lsl_timestamp"": 504348.623406, ""flip_monotonic"": 504348.593, ""is_no_go"": true, ""lsl_timestamp"": 504348.623406, ""marker_push_latency_ms"": 0.0, ""measured_refresh_rate_hz"": 59.98569941210048, ""photodiode_verification_enabled"": false, ""scheduled_on_flip"": true, ""shape"": ""x"", ""timing_model"": ""psychopy_callOnFlip_plus_fixed_display_latency""}"
221,button_press,EVENT,504349.1663318,space,"{""is_response_key"": true, ""lsl_timestamp"": 504349.1967378, ""marker_push_latency_ms"": 0.0, ""rt_from_flip_seconds"": 0.5733317999984138, ""rt_seconds"": 0.5733317999984138}"
221,go_nogo_stimulus_offset_221_nogo_x_white,EVENT,504349.406,,"{""color"": ""white"", ""expected_frame_interval_ms"": 16.670639999210835, ""expected_refresh_rate_hz"": 60.0, ""expected_visual_onset_lsl_timestamp"": 504349.4310167, ""expected_visual_onset_monotonic"": 504349.406, ""expected_visual_onset_uncertainty_ms"": 8.335319999605417, ""fixed_display_latency_ms"": 0.0, ""flip_lsl_timestamp"": 504349.4310167, ""flip_monotonic"": 504349.406, ""is_no_go"": true, ""lsl_timestamp"": 504349.4310167, ""marker_push_latency_ms"": 0.0, ""measured_refresh_rate_hz"": 59.98569941210048, ""photodiode_verification_enabled"": false, ""scheduled_on_flip"": true, ""shape"": ""x"", ""timing_model"": ""psychopy_callOnFlip_plus_fixed_display_latency""}"
221,go_nogo_trial_complete,EVENT,504349.406,,"{""attention_challenge"": {""enabled"": false, ""expected_state"": ""normal"", ""is_cue_trial"": false}, ""button_press_count"": 1, ""commission_error"": 1, ""condition"": ""no_go"", ""correct"": false, ""correct_press"": 0, ""event_type_name"": ""go_nogo_trial_complete"", ""is_no_go"": true, ""omission_error"": 0, ""practice"": false, ""reaction_time_seconds"": 0.5733317999984138, ""schema_version"": 1, ""session_dir"": ""C:\\Users\\Surettej\\Documents\\Codespace\\eegle\\data\\participants\\sub-001-calibration\\sessions\\2026-07-14\\attention_lapse_go_nogo8_observe_only\\go_nogo\\run-20260714T125304"", ""source"": ""task.go_nogo"", ""stimulus_offset_lsl_timestamp"": 504349.4310167, ""stimulus_offset_monotonic"": 504349.406, ""stimulus_onset_lsl_timestamp"": 504348.623406, ""stimulus_onset_monotonic"": 504348.593, ""task"": ""go_nogo""}"
222,go_nogo_stimulus_onset_222_go_hexagon_yellow,EVENT,504350.156,,"{""color"": ""yellow"", ""expected_frame_interval_ms"": 16.670639999210835, ""expected_refresh_rate_hz"": 60.0, ""expected_visual_onset_lsl_timestamp"": 504350.1813459, ""expected_visual_onset_monotonic"": 504350.156, ""expected_visual_onset_uncertainty_ms"": 8.335319999605417, ""fixed_display_latency_ms"": 0.0, ""flip_lsl_timestamp"": 504350.1813459, ""flip_monotonic"": 504350.156, ""is_no_go"": false, ""lsl_timestamp"": 504350.1813459, ""marker_push_latency_ms"": 0.0, ""measured_refresh_rate_hz"": 59.98569941210048, ""photodiode_verification_enabled"": false, ""scheduled_on_flip"": true, ""shape"": ""hexagon"", ""timing_model"": ""psychopy_callOnFlip_plus_fixed_display_latency""}"
222,button_press,EVENT,504350.56306250003,space,"{""is_response_key"": true, ""lsl_timestamp"": 504350.5884084, ""marker_push_latency_ms"": 0.0, ""rt_from_flip_seconds"": 0.4070625000167638, ""rt_seconds"": 0.4070625000167638}"
222,go_nogo_stimulus_offset_222_go_hexagon_yellow,EVENT,504350.968,,"{""color"": ""yellow"", ""expected_frame_interval_ms"": 16.670639999210835, ""expected_refresh_rate_hz"": 60.0, ""expected_visual_onset_lsl_timestamp"": 504350.9906905, ""expected_visual_onset_monotonic"": 504350.968, ""expected_visual_onset_uncertainty_ms"": 8.335319999605417, ""fixed_display_latency_ms"": 0.0, ""flip_lsl_timestamp"": 504350.9906905, ""flip_monotonic"": 504350.968, ""is_no_go"": false, ""lsl_timestamp"": 504350.9906905, ""marker_push_latency_ms"": 0.0, ""measured_refresh_rate_hz"": 59.98569941210048, ""photodiode_verification_enabled"": false, ""scheduled_on_flip"": true, ""shape"": ""hexagon"", ""timing_model"": ""psychopy_callOnFlip_plus_fixed_display_latency""}"
222,go_nogo_trial_complete,EVENT,504350.968,,"{""attention_challenge"": {""enabled"": false, ""expected_state"": ""normal"", ""is_cue_trial"": false}, ""button_press_count"": 1, ""commission_error"": 0, ""condition"": ""go"", ""correct"": true, ""correct_press"": 1, ""event_type_name"": ""go_nogo_trial_complete"", ""is_no_go"": false, ""omission_error"": 0, ""practice"": false, ""reaction_time_seconds"": 0.4070625000167638, ""schema_version"": 1, ""session_dir"": ""C:\\Users\\Surettej\\Documents\\Codespace\\eegle\\data\\participants\\sub-001-calibration\\sessions\\2026-07-14\\attention_lapse_go_nogo8_observe_only\\go_nogo\\run-20260714T125304"", ""source"": ""task.go_nogo"", ""stimulus_offset_lsl_timestamp"": 504350.9906905, ""stimulus_offset_monotonic"": 504350.968, ""stimulus_onset_lsl_timestamp"": 504350.1813459, ""stimulus_onset_monotonic"": 504350.156, ""task"": ""go_nogo""}"
223,go_nogo_stimulus_onset_223_nogo_x_white,EVENT,504351.718,,"{""color"": ""white"", ""expected_frame_interval_ms"": 16.670639999210835, ""expected_refresh_rate_hz"": 60.0, ""expected_visual_onset_lsl_timestamp"": 504351.746055, ""expected_visual_onset_monotonic"": 504351.718, ""expected_visual_onset_uncertainty_ms"": 8.335319999605417, ""fixed_display_latency_ms"": 0.0, ""flip_lsl_timestamp"": 504351.746055, ""flip_monotonic"": 504351.718, ""is_no_go"": true, ""lsl_timestamp"": 504351.746055, ""marker_push_latency_ms"": 0.0, ""measured_refresh_rate_hz"": 59.98569941210048, ""photodiode_verification_enabled"": false, ""scheduled_on_flip"": true, ""shape"": ""x"", ""timing_model"": ""psychopy_callOnFlip_plus_fixed_display_latency""}"
223,go_nogo_stimulus_offset_223_nogo_x_white,EVENT,504352.531,,"{""color"": ""white"", ""expected_frame_interval_ms"": 16.670639999210835, ""expected_refresh_rate_hz"": 60.0, ""expected_visual_onset_lsl_timestamp"": 504352.5570676, ""expected_visual_onset_monotonic"": 504352.531, ""expected_visual_onset_uncertainty_ms"": 8.335319999605417, ""fixed_display_latency_ms"": 0.0, ""flip_lsl_timestamp"": 504352.5570676, ""flip_monotonic"": 504352.531, ""is_no_go"": true, ""lsl_timestamp"": 504352.5570676, ""marker_push_latency_ms"": 0.0, ""measured_refresh_rate_hz"": 59.98569941210048, ""photodiode_verification_enabled"": false, ""scheduled_on_flip"": true, ""shape"": ""x"", ""timing_model"": ""psychopy_callOnFlip_plus_fixed_display_latency""}"
223,go_nogo_trial_complete,EVENT,504352.531,,"{""attention_challenge"": {""enabled"": false, ""expected_state"": ""normal"", ""is_cue_trial"": false}, ""button_press_count"": 0, ""commission_error"": 0, ""condition"": ""no_go"", ""correct"": true, ""correct_press"": 1, ""event_type_name"": ""go_nogo_trial_complete"", ""is_no_go"": true, ""omission_error"": 0, ""practice"": false, ""reaction_time_seconds"": null, ""schema_version"": 1, ""session_dir"": ""C:\\Users\\Surettej\\Documents\\Codespace\\eegle\\data\\participants\\sub-001-calibration\\sessions\\2026-07-14\\attention_lapse_go_nogo8_observe_only\\go_nogo\\run-20260714T125304"", ""source"": ""task.go_nogo"", ""stimulus_offset_lsl_timestamp"": 504352.5570676, ""stimulus_offset_monotonic"": 504352.531, ""stimulus_onset_lsl_timestamp"": 504351.746055, ""stimulus_onset_monotonic"": 504351.718, ""task"": ""go_nogo""}"
224,go_nogo_stimulus_onset_224_go_square_red,EVENT,504353.281,,"{""color"": ""red"", ""expected_frame_interval_ms"": 16.670639999210835, ""expected_refresh_rate_hz"": 60.0, ""expected_visual_onset_lsl_timestamp"": 504353.3116857, ""expected_visual_onset_monotonic"": 504353.281, ""expected_visual_onset_uncertainty_ms"": 8.335319999605417, ""fixed_display_latency_ms"": 0.0, ""flip_lsl_timestamp"": 504353.3116857, ""flip_monotonic"": 504353.281, ""is_no_go"": false, ""lsl_timestamp"": 504353.3116857, ""marker_push_latency_ms"": 0.0, ""measured_refresh_rate_hz"": 59.98569941210048, ""photodiode_verification_enabled"": false, ""scheduled_on_flip"": true, ""shape"": ""square"", ""timing_model"": ""psychopy_callOnFlip_plus_fixed_display_latency""}"
224,button_press,EVENT,504353.766191,space,"{""is_response_key"": true, ""lsl_timestamp"": 504353.7968767, ""marker_push_latency_ms"": 0.0, ""rt_from_flip_seconds"": 0.48519099998520687, ""rt_seconds"": 0.48519099998520687}"
224,go_nogo_stimulus_offset_224_go_square_red,EVENT,504354.093,,"{""color"": ""red"", ""expected_frame_interval_ms"": 16.670639999210835, ""expected_refresh_rate_hz"": 60.0, ""expected_visual_onset_lsl_timestamp"": 504354.1244685, ""expected_visual_onset_monotonic"": 504354.093, ""expected_visual_onset_uncertainty_ms"": 8.335319999605417, ""fixed_display_latency_ms"": 0.0, ""flip_lsl_timestamp"": 504354.1244685, ""flip_monotonic"": 504354.093, ""is_no_go"": false, ""lsl_timestamp"": 504354.1244685, ""marker_push_latency_ms"": 0.0, ""measured_refresh_rate_hz"": 59.98569941210048, ""photodiode_verification_enabled"": false, ""scheduled_on_flip"": true, ""shape"": ""square"", ""timing_model"": ""psychopy_callOnFlip_plus_fixed_display_latency""}"
224,go_nogo_trial_complete,EVENT,504354.109,,"{""attention_challenge"": {""enabled"": false, ""expected_state"": ""normal"", ""is_cue_trial"": false}, ""button_press_count"": 1, ""commission_error"": 0, ""condition"": ""go"", ""correct"": true, ""correct_press"": 1, ""event_type_name"": ""go_nogo_trial_complete"", ""is_no_go"": false, ""omission_error"": 0, ""practice"": false, ""reaction_time_seconds"": 0.48519099998520687, ""schema_version"": 1, ""session_dir"": ""C:\\Users\\Surettej\\Documents\\Codespace\\eegle\\data\\participants\\sub-001-calibration\\sessions\\2026-07-14\\attention_lapse_go_nogo8_observe_only\\go_nogo\\run-20260714T125304"", ""source"": ""task.go_nogo"", ""stimulus_offset_lsl_timestamp"": 504354.1244685, ""stimulus_offset_monotonic"": 504354.093, ""stimulus_onset_lsl_timestamp"": 504353.3116857, ""stimulus_onset_monotonic"": 504353.281, ""task"": ""go_nogo""}"
225,go_nogo_stimulus_onset_225_go_star_green,EVENT,504354.843,,"{""color"": ""green"", ""expected_frame_interval_ms"": 16.670639999210835, ""expected_refresh_rate_hz"": 60.0, ""expected_visual_onset_lsl_timestamp"": 504354.8748676, ""expected_visual_onset_monotonic"": 504354.843, ""expected_visual_onset_uncertainty_ms"": 8.335319999605417, ""fixed_display_latency_ms"": 0.0, ""flip_lsl_timestamp"": 504354.8748676, ""flip_monotonic"": 504354.843, ""is_no_go"": false, ""lsl_timestamp"": 504354.8748676, ""marker_push_latency_ms"": 0.0, ""measured_refresh_rate_hz"": 59.98569941210048, ""photodiode_verification_enabled"": false, ""scheduled_on_flip"": true, ""shape"": ""star"", ""timing_model"": ""psychopy_callOnFlip_plus_fixed_display_latency""}"
225,go_nogo_stimulus_offset_225_go_star_green,EVENT,504355.656,,"{""color"": ""green"", ""expected_frame_interval_ms"": 16.670639999210835, ""expected_refresh_rate_hz"": 60.0, ""expected_visual_onset_lsl_timestamp"": 504355.6824479, ""expected_visual_onset_monotonic"": 504355.656, ""expected_visual_onset_uncertainty_ms"": 8.335319999605417, ""fixed_display_latency_ms"": 0.0, ""flip_lsl_timestamp"": 504355.6824479, ""flip_monotonic"": 504355.656, ""is_no_go"": false, ""lsl_timestamp"": 504355.6824479, ""marker_push_latency_ms"": 0.0, ""measured_refresh_rate_hz"": 59.98569941210048, ""photodiode_verification_enabled"": false, ""scheduled_on_flip"": true, ""shape"": ""star"", ""timing_model"": ""psychopy_callOnFlip_plus_fixed_display_latency""}"
225,go_nogo_trial_complete,EVENT,504355.656,,"{""attention_challenge"": {""enabled"": false, ""expected_state"": ""normal"", ""is_cue_trial"": false}, ""button_press_count"": 0, ""commission_error"": 0, ""condition"": ""go"", ""correct"": false, ""correct_press"": 0, ""event_type_name"": ""go_nogo_trial_complete"", ""is_no_go"": false, ""omission_error"": 1, ""practice"": false, ""reaction_time_seconds"": null, ""schema_version"": 1, ""session_dir"": ""C:\\Users\\Surettej\\Documents\\Codespace\\eegle\\data\\participants\\sub-001-calibration\\sessions\\2026-07-14\\attention_lapse_go_nogo8_observe_only\\go_nogo\\run-20260714T125304"", ""source"": ""task.go_nogo"", ""stimulus_offset_lsl_timestamp"": 504355.6824479, ""stimulus_offset_monotonic"": 504355.656, ""stimulus_onset_lsl_timestamp"": 504354.8748676, ""stimulus_onset_monotonic"": 504354.843, ""task"": ""go_nogo""}"
226,go_nogo_stimulus_onset_226_nogo_x_white,EVENT,504356.406,,"{""color"": ""white"", ""expected_frame_interval_ms"": 16.670639999210835, ""expected_refresh_rate_hz"": 60.0, ""expected_visual_onset_lsl_timestamp"": 504356.438009, ""expected_visual_onset_monotonic"": 504356.406, ""expected_visual_onset_uncertainty_ms"": 8.335319999605417, ""fixed_display_latency_ms"": 0.0, ""flip_lsl_timestamp"": 504356.438009, ""flip_monotonic"": 504356.406, ""is_no_go"": true, ""lsl_timestamp"": 504356.438009, ""marker_push_latency_ms"": 0.0, ""measured_refresh_rate_hz"": 59.98569941210048, ""photodiode_verification_enabled"": false, ""scheduled_on_flip"": true, ""shape"": ""x"", ""timing_model"": ""psychopy_callOnFlip_plus_fixed_display_latency""}"
226,go_nogo_stimulus_offset_226_nogo_x_white,EVENT,504357.218,,"{""color"": ""white"", ""expected_frame_interval_ms"": 16.670639999210835, ""expected_refresh_rate_hz"": 60.0, ""expected_visual_onset_lsl_timestamp"": 504357.2454802, ""expected_visual_onset_monotonic"": 504357.218, ""expected_visual_onset_uncertainty_ms"": 8.335319999605417, ""fixed_display_latency_ms"": 0.0, ""flip_lsl_timestamp"": 504357.2454802, ""flip_monotonic"": 504357.218, ""is_no_go"": true, ""lsl_timestamp"": 504357.2454802, ""marker_push_latency_ms"": 0.0, ""measured_refresh_rate_hz"": 59.98569941210048, ""photodiode_verification_enabled"": false, ""scheduled_on_flip"": true, ""shape"": ""x"", ""timing_model"": ""psychopy_callOnFlip_plus_fixed_display_latency""}"
226,go_nogo_trial_complete,EVENT,504357.218,,"{""attention_challenge"": {""enabled"": false, ""expected_state"": ""normal"", ""is_cue_trial"": false}, ""button_press_count"": 0, ""commission_error"": 0, ""condition"": ""no_go"", ""correct"": true, ""correct_press"": 1, ""event_type_name"": ""go_nogo_trial_complete"", ""is_no_go"": true, ""omission_error"": 0, ""practice"": false, ""reaction_time_seconds"": null, ""schema_version"": 1, ""session_dir"": ""C:\\Users\\Surettej\\Documents\\Codespace\\eegle\\data\\participants\\sub-001-calibration\\sessions\\2026-07-14\\attention_lapse_go_nogo8_observe_only\\go_nogo\\run-20260714T125304"", ""source"": ""task.go_nogo"", ""stimulus_offset_lsl_timestamp"": 504357.2454802, ""stimulus_offset_monotonic"": 504357.218, ""stimulus_onset_lsl_timestamp"": 504356.438009, ""stimulus_onset_monotonic"": 504356.406, ""task"": ""go_nogo""}"
227,go_nogo_stimulus_onset_227_go_triangle_red,EVENT,504357.968,,"{""color"": ""red"", ""expected_frame_interval_ms"": 16.670639999210835, ""expected_refresh_rate_hz"": 60.0, ""expected_visual_onset_lsl_timestamp"": 504357.9966856, ""expected_visual_onset_monotonic"": 504357.968, ""expected_visual_onset_uncertainty_ms"": 8.335319999605417, ""fixed_display_latency_ms"": 0.0, ""flip_lsl_timestamp"": 504357.9966856, ""flip_monotonic"": 504357.968, ""is_no_go"": false, ""lsl_timestamp"": 504357.9966856, ""marker_push_latency_ms"": 0.0, ""measured_refresh_rate_hz"": 59.98569941210048, ""photodiode_verification_enabled"": false, ""scheduled_on_flip"": true, ""shape"": ""triangle"", ""timing_model"": ""psychopy_callOnFlip_plus_fixed_display_latency""}"
227,button_press,EVENT,504358.312783,space,"{""is_response_key"": true, ""lsl_timestamp"": 504358.34146860003, ""marker_push_latency_ms"": 0.0, ""rt_from_flip_seconds"": 0.34478300000773743, ""rt_seconds"": 0.34478300000773743}"
227,go_nogo_stimulus_offset_227_go_triangle_red,EVENT,504358.781,,"{""color"": ""red"", ""expected_frame_interval_ms"": 16.670639999210835, ""expected_refresh_rate_hz"": 60.0, ""expected_visual_onset_lsl_timestamp"": 504358.8037553, ""expected_visual_onset_monotonic"": 504358.781, ""expected_visual_onset_uncertainty_ms"": 8.335319999605417, ""fixed_display_latency_ms"": 0.0, ""flip_lsl_timestamp"": 504358.8037553, ""flip_monotonic"": 504358.781, ""is_no_go"": false, ""lsl_timestamp"": 504358.8037553, ""marker_push_latency_ms"": 0.0, ""measured_refresh_rate_hz"": 59.98569941210048, ""photodiode_verification_enabled"": false, ""scheduled_on_flip"": true, ""shape"": ""triangle"", ""timing_model"": ""psychopy_callOnFlip_plus_fixed_display_latency""}"
227,go_nogo_trial_complete,EVENT,504358.781,,"{""attention_challenge"": {""enabled"": false, ""expected_state"": ""normal"", ""is_cue_trial"": false}, ""button_press_count"": 1, ""commission_error"": 0, ""condition"": ""go"", ""correct"": true, ""correct_press"": 1, ""event_type_name"": ""go_nogo_trial_complete"", ""is_no_go"": false, ""omission_error"": 0, ""practice"": false, ""reaction_time_seconds"": 0.34478300000773743, ""schema_version"": 1, ""session_dir"": ""C:\\Users\\Surettej\\Documents\\Codespace\\eegle\\data\\participants\\sub-001-calibration\\sessions\\2026-07-14\\attention_lapse_go_nogo8_observe_only\\go_nogo\\run-20260714T125304"", ""source"": ""task.go_nogo"", ""stimulus_offset_lsl_timestamp"": 504358.8037553, ""stimulus_offset_monotonic"": 504358.781, ""stimulus_onset_lsl_timestamp"": 504357.9966856, ""stimulus_onset_monotonic"": 504357.968, ""task"": ""go_nogo""}"
228,go_nogo_stimulus_onset_228_go_circle_yellow,EVENT,504359.546,,"{""color"": ""yellow"", ""expected_frame_interval_ms"": 16.670639999210835, ""expected_refresh_rate_hz"": 60.0, ""expected_visual_onset_lsl_timestamp"": 504359.5771107, ""expected_visual_onset_monotonic"": 504359.546, ""expected_visual_onset_uncertainty_ms"": 8.335319999605417, ""fixed_display_latency_ms"": 0.0, ""flip_lsl_timestamp"": 504359.5771107, ""flip_monotonic"": 504359.546, ""is_no_go"": false, ""lsl_timestamp"": 504359.5771107, ""marker_push_latency_ms"": 0.0, ""measured_refresh_rate_hz"": 59.98569941210048, ""photodiode_verification_enabled"": false, ""scheduled_on_flip"": true, ""shape"": ""circle"", ""timing_model"": ""psychopy_callOnFlip_plus_fixed_display_latency""}"
228,button_press,EVENT,504359.9189818,space,"{""is_response_key"": true, ""lsl_timestamp"": 504359.9500925, ""marker_push_latency_ms"": 0.0, ""rt_from_flip_seconds"": 0.37298179999925196, ""rt_seconds"": 0.37298179999925196}"
228,go_nogo_stimulus_offset_228_go_circle_yellow,EVENT,504360.359,,"{""color"": ""yellow"", ""expected_frame_interval_ms"": 16.670639999210835, ""expected_refresh_rate_hz"": 60.0, ""expected_visual_onset_lsl_timestamp"": 504360.3940293, ""expected_visual_onset_monotonic"": 504360.359, ""expected_visual_onset_uncertainty_ms"": 8.335319999605417, ""fixed_display_latency_ms"": 0.0, ""flip_lsl_timestamp"": 504360.3940293, ""flip_monotonic"": 504360.359, ""is_no_go"": false, ""lsl_timestamp"": 504360.3940293, ""marker_push_latency_ms"": 0.0, ""measured_refresh_rate_hz"": 59.98569941210048, ""photodiode_verification_enabled"": false, ""scheduled_on_flip"": true, ""shape"": ""circle"", ""timing_model"": ""psychopy_callOnFlip_plus_fixed_display_latency""}"
228,go_nogo_trial_complete,EVENT,504360.375,,"{""attention_challenge"": {""enabled"": false, ""expected_state"": ""normal"", ""is_cue_trial"": false}, ""button_press_count"": 1, ""commission_error"": 0, ""condition"": ""go"", ""correct"": true, ""correct_press"": 1, ""event_type_name"": ""go_nogo_trial_complete"", ""is_no_go"": false, ""omission_error"": 0, ""practice"": false, ""reaction_time_seconds"": 0.37298179999925196, ""schema_version"": 1, ""session_dir"": ""C:\\Users\\Surettej\\Documents\\Codespace\\eegle\\data\\participants\\sub-001-calibration\\sessions\\2026-07-14\\attention_lapse_go_nogo8_observe_only\\go_nogo\\run-20260714T125304"", ""source"": ""task.go_nogo"", ""stimulus_offset_lsl_timestamp"": 504360.3940293, ""stimulus_offset_monotonic"": 504360.359, ""stimulus_onset_lsl_timestamp"": 504359.5771107, ""stimulus_onset_monotonic"": 504359.546, ""task"": ""go_nogo""}"
229,go_nogo_stimulus_onset_229_go_star_magenta,EVENT,504361.109,,"{""color"": ""magenta"", ""expected_frame_interval_ms"": 16.670639999210835, ""expected_refresh_rate_hz"": 60.0, ""expected_visual_onset_lsl_timestamp"": 504361.1455776, ""expected_visual_onset_monotonic"": 504361.109, ""expected_visual_onset_uncertainty_ms"": 8.335319999605417, ""fixed_display_latency_ms"": 0.0, ""flip_lsl_timestamp"": 504361.1455776, ""flip_monotonic"": 504361.109, ""is_no_go"": false, ""lsl_timestamp"": 504361.1455776, ""marker_push_latency_ms"": 0.0, ""measured_refresh_rate_hz"": 59.98569941210048, ""photodiode_verification_enabled"": false, ""scheduled_on_flip"": true, ""shape"": ""star"", ""timing_model"": ""psychopy_callOnFlip_plus_fixed_display_latency""}"
229,button_press,EVENT,504361.4400325,space,"{""is_response_key"": true, ""lsl_timestamp"": 504361.4766101, ""marker_push_latency_ms"": 0.0, ""rt_from_flip_seconds"": 0.3310325000202283, ""rt_seconds"": 0.3310325000202283}"
229,go_nogo_stimulus_offset_229_go_star_magenta,EVENT,504361.937,,"{""color"": ""magenta"", ""expected_frame_interval_ms"": 16.670639999210835, ""expected_refresh_rate_hz"": 60.0, ""expected_visual_onset_lsl_timestamp"": 504361.9613436, ""expected_visual_onset_monotonic"": 504361.937, ""expected_visual_onset_uncertainty_ms"": 8.335319999605417, ""fixed_display_latency_ms"": 0.0, ""flip_lsl_timestamp"": 504361.9613436, ""flip_monotonic"": 504361.937, ""is_no_go"": false, ""lsl_timestamp"": 504361.9613436, ""marker_push_latency_ms"": 0.0, ""measured_refresh_rate_hz"": 59.98569941210048, ""photodiode_verification_enabled"": false, ""scheduled_on_flip"": true, ""shape"": ""star"", ""timing_model"": ""psychopy_callOnFlip_plus_fixed_display_latency""}"
229,go_nogo_trial_complete,EVENT,504361.937,,"{""attention_challenge"": {""enabled"": false, ""expected_state"": ""normal"", ""is_cue_trial"": false}, ""button_press_count"": 1, ""commission_error"": 0, ""condition"": ""go"", ""correct"": true, ""correct_press"": 1, ""event_type_name"": ""go_nogo_trial_complete"", ""is_no_go"": false, ""omission_error"": 0, ""practice"": false, ""reaction_time_seconds"": 0.3310325000202283, ""schema_version"": 1, ""session_dir"": ""C:\\Users\\Surettej\\Documents\\Codespace\\eegle\\data\\participants\\sub-001-calibration\\sessions\\2026-07-14\\attention_lapse_go_nogo8_observe_only\\go_nogo\\run-20260714T125304"", ""source"": ""task.go_nogo"", ""stimulus_offset_lsl_timestamp"": 504361.9613436, ""stimulus_offset_monotonic"": 504361.937, ""stimulus_onset_lsl_timestamp"": 504361.1455776, ""stimulus_onset_monotonic"": 504361.109, ""task"": ""go_nogo""}"
230,go_nogo_stimulus_onset_230_nogo_x_white,EVENT,504362.687,,"{""color"": ""white"", ""expected_frame_interval_ms"": 16.670639999210835, ""expected_refresh_rate_hz"": 60.0, ""expected_visual_onset_lsl_timestamp"": 504362.7165926, ""expected_visual_onset_monotonic"": 504362.687, ""expected_visual_onset_uncertainty_ms"": 8.335319999605417, ""fixed_display_latency_ms"": 0.0, ""flip_lsl_timestamp"": 504362.7165926, ""flip_monotonic"": 504362.687, ""is_no_go"": true, ""lsl_timestamp"": 504362.7165926, ""marker_push_latency_ms"": 0.0, ""measured_refresh_rate_hz"": 59.98569941210048, ""photodiode_verification_enabled"": false, ""scheduled_on_flip"": true, ""shape"": ""x"", ""timing_model"": ""psychopy_callOnFlip_plus_fixed_display_latency""}"
230,go_nogo_stimulus_offset_230_nogo_x_white,EVENT,504363.5,,"{""color"": ""white"", ""expected_frame_interval_ms"": 16.670639999210835, ""expected_refresh_rate_hz"": 60.0, ""expected_visual_onset_lsl_timestamp"": 504363.5256387, ""expected_visual_onset_monotonic"": 504363.5, ""expected_visual_onset_uncertainty_ms"": 8.335319999605417, ""fixed_display_latency_ms"": 0.0, ""flip_lsl_timestamp"": 504363.5256387, ""flip_monotonic"": 504363.5, ""is_no_go"": true, ""lsl_timestamp"": 504363.5256387, ""marker_push_latency_ms"": 0.0, ""measured_refresh_rate_hz"": 59.98569941210048, ""photodiode_verification_enabled"": false, ""scheduled_on_flip"": true, ""shape"": ""x"", ""timing_model"": ""psychopy_callOnFlip_plus_fixed_display_latency""}"
230,go_nogo_trial_complete,EVENT,504363.5,,"{""attention_challenge"": {""enabled"": false, ""expected_state"": ""normal"", ""is_cue_trial"": false}, ""button_press_count"": 0, ""commission_error"": 0, ""condition"": ""no_go"", ""correct"": true, ""correct_press"": 1, ""event_type_name"": ""go_nogo_trial_complete"", ""is_no_go"": true, ""omission_error"": 0, ""practice"": false, ""reaction_time_seconds"": null, ""schema_version"": 1, ""session_dir"": ""C:\\Users\\Surettej\\Documents\\Codespace\\eegle\\data\\participants\\sub-001-calibration\\sessions\\2026-07-14\\attention_lapse_go_nogo8_observe_only\\go_nogo\\run-20260714T125304"", ""source"": ""task.go_nogo"", ""stimulus_offset_lsl_timestamp"": 504363.5256387, ""stimulus_offset_monotonic"": 504363.5, ""stimulus_onset_lsl_timestamp"": 504362.7165926, ""stimulus_onset_monotonic"": 504362.687, ""task"": ""go_nogo""}"
231,go_nogo_stimulus_onset_231_go_triangle_red,EVENT,504364.25,,"{""color"": ""red"", ""expected_frame_interval_ms"": 16.670639999210835, ""expected_refresh_rate_hz"": 60.0, ""expected_visual_onset_lsl_timestamp"": 504364.2760686, ""expected_visual_onset_monotonic"": 504364.25, ""expected_visual_onset_uncertainty_ms"": 8.335319999605417, ""fixed_display_latency_ms"": 0.0, ""flip_lsl_timestamp"": 504364.2760686, ""flip_monotonic"": 504364.25, ""is_no_go"": false, ""lsl_timestamp"": 504364.2760686, ""marker_push_latency_ms"": 0.0, ""measured_refresh_rate_hz"": 59.98569941210048, ""photodiode_verification_enabled"": false, ""scheduled_on_flip"": true, ""shape"": ""triangle"", ""timing_model"": ""psychopy_callOnFlip_plus_fixed_display_latency""}"
231,button_press,EVENT,504364.6024246,space,"{""is_response_key"": true, ""lsl_timestamp"": 504364.6284932, ""marker_push_latency_ms"": 0.0, ""rt_from_flip_seconds"": 0.35242459998698905, ""rt_seconds"": 0.35242459998698905}"
231,go_nogo_stimulus_offset_231_go_triangle_red,EVENT,504365.062,,"{""color"": ""red"", ""expected_frame_interval_ms"": 16.670639999210835, ""expected_refresh_rate_hz"": 60.0, ""expected_visual_onset_lsl_timestamp"": 504365.096116, ""expected_visual_onset_monotonic"": 504365.062, ""expected_visual_onset_uncertainty_ms"": 8.335319999605417, ""fixed_display_latency_ms"": 0.0, ""flip_lsl_timestamp"": 504365.096116, ""flip_monotonic"": 504365.062, ""is_no_go"": false, ""lsl_timestamp"": 504365.096116, ""marker_push_latency_ms"": 0.0, ""measured_refresh_rate_hz"": 59.98569941210048, ""photodiode_verification_enabled"": false, ""scheduled_on_flip"": true, ""shape"": ""triangle"", ""timing_model"": ""psychopy_callOnFlip_plus_fixed_display_latency""}"
231,go_nogo_trial_complete,EVENT,504365.078,,"{""attention_challenge"": {""enabled"": false, ""expected_state"": ""normal"", ""is_cue_trial"": false}, ""button_press_count"": 1, ""commission_error"": 0, ""condition"": ""go"", ""correct"": true, ""correct_press"": 1, ""event_type_name"": ""go_nogo_trial_complete"", ""is_no_go"": false, ""omission_error"": 0, ""practice"": false, ""reaction_time_seconds"": 0.35242459998698905, ""schema_version"": 1, ""session_dir"": ""C:\\Users\\Surettej\\Documents\\Codespace\\eegle\\data\\participants\\sub-001-calibration\\sessions\\2026-07-14\\attention_lapse_go_nogo8_observe_only\\go_nogo\\run-20260714T125304"", ""source"": ""task.go_nogo"", ""stimulus_offset_lsl_timestamp"": 504365.096116, ""stimulus_offset_monotonic"": 504365.062, ""stimulus_onset_lsl_timestamp"": 504364.2760686, ""stimulus_onset_monotonic"": 504364.25, ""task"": ""go_nogo""}"
232,go_nogo_stimulus_onset_232_go_hexagon_yellow,EVENT,504365.812,,"{""color"": ""yellow"", ""expected_frame_interval_ms"": 16.670639999210835, ""expected_refresh_rate_hz"": 60.0, ""expected_visual_onset_lsl_timestamp"": 504365.8463498, ""expected_visual_onset_monotonic"": 504365.812, ""expected_visual_onset_uncertainty_ms"": 8.335319999605417, ""fixed_display_latency_ms"": 0.0, ""flip_lsl_timestamp"": 504365.8463498, ""flip_monotonic"": 504365.812, ""is_no_go"": false, ""lsl_timestamp"": 504365.8463498, ""marker_push_latency_ms"": 0.0, ""measured_refresh_rate_hz"": 59.98569941210048, ""photodiode_verification_enabled"": false, ""scheduled_on_flip"": true, ""shape"": ""hexagon"", ""timing_model"": ""psychopy_callOnFlip_plus_fixed_display_latency""}"
232,button_press,EVENT,504366.41039649997,space,"{""is_response_key"": true, ""lsl_timestamp"": 504366.4447463, ""marker_push_latency_ms"": 0.0, ""rt_from_flip_seconds"": 0.5983964999904856, ""rt_seconds"": 0.5983964999904856}"
232,go_nogo_stimulus_offset_232_go_hexagon_yellow,EVENT,504366.625,,"{""color"": ""yellow"", ""expected_frame_interval_ms"": 16.670639999210835, ""expected_refresh_rate_hz"": 60.0, ""expected_visual_onset_lsl_timestamp"": 504366.655373, ""expected_visual_onset_monotonic"": 504366.625, ""expected_visual_onset_uncertainty_ms"": 8.335319999605417, ""fixed_display_latency_ms"": 0.0, ""flip_lsl_timestamp"": 504366.655373, ""flip_monotonic"": 504366.625, ""is_no_go"": false, ""lsl_timestamp"": 504366.655373, ""marker_push_latency_ms"": 0.0, ""measured_refresh_rate_hz"": 59.98569941210048, ""photodiode_verification_enabled"": false, ""scheduled_on_flip"": true, ""shape"": ""hexagon"", ""timing_model"": ""psychopy_callOnFlip_plus_fixed_display_latency""}"
232,go_nogo_trial_complete,EVENT,504366.64,,"{""attention_challenge"": {""enabled"": false, ""expected_state"": ""normal"", ""is_cue_trial"": false}, ""button_press_count"": 1, ""commission_error"": 0, ""condition"": ""go"", ""correct"": true, ""correct_press"": 1, ""event_type_name"": ""go_nogo_trial_complete"", ""is_no_go"": false, ""omission_error"": 0, ""practice"": false, ""reaction_time_seconds"": 0.5983964999904856, ""schema_version"": 1, ""session_dir"": ""C:\\Users\\Surettej\\Documents\\Codespace\\eegle\\data\\participants\\sub-001-calibration\\sessions\\2026-07-14\\attention_lapse_go_nogo8_observe_only\\go_nogo\\run-20260714T125304"", ""source"": ""task.go_nogo"", ""stimulus_offset_lsl_timestamp"": 504366.655373, ""stimulus_offset_monotonic"": 504366.625, ""stimulus_onset_lsl_timestamp"": 504365.8463498, ""stimulus_onset_monotonic"": 504365.812, ""task"": ""go_nogo""}"
233,go_nogo_stimulus_onset_233_nogo_x_white,EVENT,504367.39,,"{""color"": ""white"", ""expected_frame_interval_ms"": 16.670639999210835, ""expected_refresh_rate_hz"": 60.0, ""expected_visual_onset_lsl_timestamp"": 504367.4124329, ""expected_visual_onset_monotonic"": 504367.39, ""expected_visual_onset_uncertainty_ms"": 8.335319999605417, ""fixed_display_latency_ms"": 0.0, ""flip_lsl_timestamp"": 504367.4124329, ""flip_monotonic"": 504367.39, ""is_no_go"": true, ""lsl_timestamp"": 504367.4124329, ""marker_push_latency_ms"": 0.0, ""measured_refresh_rate_hz"": 59.98569941210048, ""photodiode_verification_enabled"": false, ""scheduled_on_flip"": true, ""shape"": ""x"", ""timing_model"": ""psychopy_callOnFlip_plus_fixed_display_latency""}"
233,go_nogo_stimulus_offset_233_nogo_x_white,EVENT,504368.203,,"{""color"": ""white"", ""expected_frame_interval_ms"": 16.670639999210835, ""expected_refresh_rate_hz"": 60.0, ""expected_visual_onset_lsl_timestamp"": 504368.2311036, ""expected_visual_onset_monotonic"": 504368.203, ""expected_visual_onset_uncertainty_ms"": 8.335319999605417, ""fixed_display_latency_ms"": 0.0, ""flip_lsl_timestamp"": 504368.2311036, ""flip_monotonic"": 504368.203, ""is_no_go"": true, ""lsl_timestamp"": 504368.2311036, ""marker_push_latency_ms"": 0.0, ""measured_refresh_rate_hz"": 59.98569941210048, ""photodiode_verification_enabled"": false, ""scheduled_on_flip"": true, ""shape"": ""x"", ""timing_model"": ""psychopy_callOnFlip_plus_fixed_display_latency""}"
233,go_nogo_trial_complete,EVENT,504368.203,,"{""attention_challenge"": {""enabled"": false, ""expected_state"": ""normal"", ""is_cue_trial"": false}, ""button_press_count"": 0, ""commission_error"": 0, ""condition"": ""no_go"", ""correct"": true, ""correct_press"": 1, ""event_type_name"": ""go_nogo_trial_complete"", ""is_no_go"": true, ""omission_error"": 0, ""practice"": false, ""reaction_time_seconds"": null, ""schema_version"": 1, ""session_dir"": ""C:\\Users\\Surettej\\Documents\\Codespace\\eegle\\data\\participants\\sub-001-calibration\\sessions\\2026-07-14\\attention_lapse_go_nogo8_observe_only\\go_nogo\\run-20260714T125304"", ""source"": ""task.go_nogo"", ""stimulus_offset_lsl_timestamp"": 504368.2311036, ""stimulus_offset_monotonic"": 504368.203, ""stimulus_onset_lsl_timestamp"": 504367.4124329, ""stimulus_onset_monotonic"": 504367.39, ""task"": ""go_nogo""}"
234,go_nogo_stimulus_onset_234_go_circle_blue,EVENT,504368.968,,"{""color"": ""blue"", ""expected_frame_interval_ms"": 16.670639999210835, ""expected_refresh_rate_hz"": 60.0, ""expected_visual_onset_lsl_timestamp"": 504368.9992095, ""expected_visual_onset_monotonic"": 504368.968, ""expected_visual_onset_uncertainty_ms"": 8.335319999605417, ""fixed_display_latency_ms"": 0.0, ""flip_lsl_timestamp"": 504368.9992095, ""flip_monotonic"": 504368.968, ""is_no_go"": false, ""lsl_timestamp"": 504368.9992095, ""marker_push_latency_ms"": 0.0, ""measured_refresh_rate_hz"": 59.98569941210048, ""photodiode_verification_enabled"": false, ""scheduled_on_flip"": true, ""shape"": ""circle"", ""timing_model"": ""psychopy_callOnFlip_plus_fixed_display_latency""}"
234,button_press,EVENT,504369.286916,space,"{""is_response_key"": true, ""lsl_timestamp"": 504369.3181255, ""marker_push_latency_ms"": 0.0, ""rt_from_flip_seconds"": 0.31891600001836196, ""rt_seconds"": 0.31891600001836196}"
234,go_nogo_stimulus_offset_234_go_circle_blue,EVENT,504369.781,,"{""color"": ""blue"", ""expected_frame_interval_ms"": 16.670639999210835, ""expected_refresh_rate_hz"": 60.0, ""expected_visual_onset_lsl_timestamp"": 504369.8161999, ""expected_visual_onset_monotonic"": 504369.781, ""expected_visual_onset_uncertainty_ms"": 8.335319999605417, ""fixed_display_latency_ms"": 0.0, ""flip_lsl_timestamp"": 504369.8161999, ""flip_monotonic"": 504369.781, ""is_no_go"": false, ""lsl_timestamp"": 504369.8161999, ""marker_push_latency_ms"": 0.0, ""measured_refresh_rate_hz"": 59.98569941210048, ""photodiode_verification_enabled"": false, ""scheduled_on_flip"": true, ""shape"": ""circle"", ""timing_model"": ""psychopy_callOnFlip_plus_fixed_display_latency""}"
234,go_nogo_trial_complete,EVENT,504369.796,,"{""attention_challenge"": {""enabled"": false, ""expected_state"": ""normal"", ""is_cue_trial"": false}, ""button_press_count"": 1, ""commission_error"": 0, ""condition"": ""go"", ""correct"": true, ""correct_press"": 1, ""event_type_name"": ""go_nogo_trial_complete"", ""is_no_go"": false, ""omission_error"": 0, ""practice"": false, ""reaction_time_seconds"": 0.31891600001836196, ""schema_version"": 1, ""session_dir"": ""C:\\Users\\Surettej\\Documents\\Codespace\\eegle\\data\\participants\\sub-001-calibration\\sessions\\2026-07-14\\attention_lapse_go_nogo8_observe_only\\go_nogo\\run-20260714T125304"", ""source"": ""task.go_nogo"", ""stimulus_offset_lsl_timestamp"": 504369.8161999, ""stimulus_offset_monotonic"": 504369.781, ""stimulus_onset_lsl_timestamp"": 504368.9992095, ""stimulus_onset_monotonic"": 504368.968, ""task"": ""go_nogo""}"
235,go_nogo_stimulus_onset_235_nogo_x_white,EVENT,504370.546,,"{""color"": ""white"", ""expected_frame_interval_ms"": 16.670639999210835, ""expected_refresh_rate_hz"": 60.0, ""expected_visual_onset_lsl_timestamp"": 504370.5817515, ""expected_visual_onset_monotonic"": 504370.546, ""expected_visual_onset_uncertainty_ms"": 8.335319999605417, ""fixed_display_latency_ms"": 0.0, ""flip_lsl_timestamp"": 504370.5817515, ""flip_monotonic"": 504370.546, ""is_no_go"": true, ""lsl_timestamp"": 504370.5817515, ""marker_push_latency_ms"": 0.0, ""measured_refresh_rate_hz"": 59.98569941210048, ""photodiode_verification_enabled"": false, ""scheduled_on_flip"": true, ""shape"": ""x"", ""timing_model"": ""psychopy_callOnFlip_plus_fixed_display_latency""}"
235,go_nogo_stimulus_offset_235_nogo_x_white,EVENT,504371.375,,"{""color"": ""white"", ""expected_frame_interval_ms"": 16.670639999210835, ""expected_refresh_rate_hz"": 60.0, ""expected_visual_onset_lsl_timestamp"": 504371.3991006, ""expected_visual_onset_monotonic"": 504371.375, ""expected_visual_onset_uncertainty_ms"": 8.335319999605417, ""fixed_display_latency_ms"": 0.0, ""flip_lsl_timestamp"": 504371.3991006, ""flip_monotonic"": 504371.375, ""is_no_go"": true, ""lsl_timestamp"": 504371.3991006, ""marker_push_latency_ms"": 0.0, ""measured_refresh_rate_hz"": 59.98569941210048, ""photodiode_verification_enabled"": false, ""scheduled_on_flip"": true, ""shape"": ""x"", ""timing_model"": ""psychopy_callOnFlip_plus_fixed_display_latency""}"
235,go_nogo_trial_complete,EVENT,504371.375,,"{""attention_challenge"": {""enabled"": false, ""expected_state"": ""normal"", ""is_cue_trial"": false}, ""button_press_count"": 0, ""commission_error"": 0, ""condition"": ""no_go"", ""correct"": true, ""correct_press"": 1, ""event_type_name"": ""go_nogo_trial_complete"", ""is_no_go"": true, ""omission_error"": 0, ""practice"": false, ""reaction_time_seconds"": null, ""schema_version"": 1, ""session_dir"": ""C:\\Users\\Surettej\\Documents\\Codespace\\eegle\\data\\participants\\sub-001-calibration\\sessions\\2026-07-14\\attention_lapse_go_nogo8_observe_only\\go_nogo\\run-20260714T125304"", ""source"": ""task.go_nogo"", ""stimulus_offset_lsl_timestamp"": 504371.3991006, ""stimulus_offset_monotonic"": 504371.375, ""stimulus_onset_lsl_timestamp"": 504370.5817515, ""stimulus_onset_monotonic"": 504370.546, ""task"": ""go_nogo""}"
236,go_nogo_stimulus_onset_236_go_square_magenta,EVENT,504372.125,,"{""color"": ""magenta"", ""expected_frame_interval_ms"": 16.670639999210835, ""expected_refresh_rate_hz"": 60.0, ""expected_visual_onset_lsl_timestamp"": 504372.149952, ""expected_visual_onset_monotonic"": 504372.125, ""expected_visual_onset_uncertainty_ms"": 8.335319999605417, ""fixed_display_latency_ms"": 0.0, ""flip_lsl_timestamp"": 504372.149952, ""flip_monotonic"": 504372.125, ""is_no_go"": false, ""lsl_timestamp"": 504372.149952, ""marker_push_latency_ms"": 0.0, ""measured_refresh_rate_hz"": 59.98569941210048, ""photodiode_verification_enabled"": false, ""scheduled_on_flip"": true, ""shape"": ""square"", ""timing_model"": ""psychopy_callOnFlip_plus_fixed_display_latency""}"
236,button_press,EVENT,504372.4995601,space,"{""is_response_key"": true, ""lsl_timestamp"": 504372.52451210003, ""marker_push_latency_ms"": 0.0, ""rt_from_flip_seconds"": 0.3745601000264287, ""rt_seconds"": 0.3745601000264287}"
236,go_nogo_stimulus_offset_236_go_square_magenta,EVENT,504372.937,,"{""color"": ""magenta"", ""expected_frame_interval_ms"": 16.670639999210835, ""expected_refresh_rate_hz"": 60.0, ""expected_visual_onset_lsl_timestamp"": 504372.9602891, ""expected_visual_onset_monotonic"": 504372.937, ""expected_visual_onset_uncertainty_ms"": 8.335319999605417, ""fixed_display_latency_ms"": 0.0, ""flip_lsl_timestamp"": 504372.9602891, ""flip_monotonic"": 504372.937, ""is_no_go"": false, ""lsl_timestamp"": 504372.9602891, ""marker_push_latency_ms"": 0.0, ""measured_refresh_rate_hz"": 59.98569941210048, ""photodiode_verification_enabled"": false, ""scheduled_on_flip"": true, ""shape"": ""square"", ""timing_model"": ""psychopy_callOnFlip_plus_fixed_display_latency""}"
236,go_nogo_trial_complete,EVENT,504372.937,,"{""attention_challenge"": {""enabled"": false, ""expected_state"": ""normal"", ""is_cue_trial"": false}, ""button_press_count"": 1, ""commission_error"": 0, ""condition"": ""go"", ""correct"": true, ""correct_press"": 1, ""event_type_name"": ""go_nogo_trial_complete"", ""is_no_go"": false, ""omission_error"": 0, ""practice"": false, ""reaction_time_seconds"": 0.3745601000264287, ""schema_version"": 1, ""session_dir"": ""C:\\Users\\Surettej\\Documents\\Codespace\\eegle\\data\\participants\\sub-001-calibration\\sessions\\2026-07-14\\attention_lapse_go_nogo8_observe_only\\go_nogo\\run-20260714T125304"", ""source"": ""task.go_nogo"", ""stimulus_offset_lsl_timestamp"": 504372.9602891, ""stimulus_offset_monotonic"": 504372.937, ""stimulus_onset_lsl_timestamp"": 504372.149952, ""stimulus_onset_monotonic"": 504372.125, ""task"": ""go_nogo""}"
237,go_nogo_stimulus_onset_237_nogo_x_white,EVENT,504373.687,,"{""color"": ""white"", ""expected_frame_interval_ms"": 16.670639999210835, ""expected_refresh_rate_hz"": 60.0, ""expected_visual_onset_lsl_timestamp"": 504373.7189758, ""expected_visual_onset_monotonic"": 504373.687, ""expected_visual_onset_uncertainty_ms"": 8.335319999605417, ""fixed_display_latency_ms"": 0.0, ""flip_lsl_timestamp"": 504373.7189758, ""flip_monotonic"": 504373.687, ""is_no_go"": true, ""lsl_timestamp"": 504373.7189758, ""marker_push_latency_ms"": 0.0, ""measured_refresh_rate_hz"": 59.98569941210048, ""photodiode_verification_enabled"": false, ""scheduled_on_flip"": true, ""shape"": ""x"", ""timing_model"": ""psychopy_callOnFlip_plus_fixed_display_latency""}"
237,go_nogo_stimulus_offset_237_nogo_x_white,EVENT,504374.5,,"{""color"": ""white"", ""expected_frame_interval_ms"": 16.670639999210835, ""expected_refresh_rate_hz"": 60.0, ""expected_visual_onset_lsl_timestamp"": 504374.5337319, ""expected_visual_onset_monotonic"": 504374.5, ""expected_visual_onset_uncertainty_ms"": 8.335319999605417, ""fixed_display_latency_ms"": 0.0, ""flip_lsl_timestamp"": 504374.5337319, ""flip_monotonic"": 504374.5, ""is_no_go"": true, ""lsl_timestamp"": 504374.5337319, ""marker_push_latency_ms"": 0.0, ""measured_refresh_rate_hz"": 59.98569941210048, ""photodiode_verification_enabled"": false, ""scheduled_on_flip"": true, ""shape"": ""x"", ""timing_model"": ""psychopy_callOnFlip_plus_fixed_display_latency""}"
237,go_nogo_trial_complete,EVENT,504374.515,,"{""attention_challenge"": {""enabled"": false, ""expected_state"": ""normal"", ""is_cue_trial"": false}, ""button_press_count"": 0, ""commission_error"": 0, ""condition"": ""no_go"", ""correct"": true, ""correct_press"": 1, ""event_type_name"": ""go_nogo_trial_complete"", ""is_no_go"": true, ""omission_error"": 0, ""practice"": false, ""reaction_time_seconds"": null, ""schema_version"": 1, ""session_dir"": ""C:\\Users\\Surettej\\Documents\\Codespace\\eegle\\data\\participants\\sub-001-calibration\\sessions\\2026-07-14\\attention_lapse_go_nogo8_observe_only\\go_nogo\\run-20260714T125304"", ""source"": ""task.go_nogo"", ""stimulus_offset_lsl_timestamp"": 504374.5337319, ""stimulus_offset_monotonic"": 504374.5, ""stimulus_onset_lsl_timestamp"": 504373.7189758, ""stimulus_onset_monotonic"": 504373.687, ""task"": ""go_nogo""}"
238,go_nogo_stimulus_onset_238_go_triangle_yellow,EVENT,504375.25,,"{""color"": ""yellow"", ""expected_frame_interval_ms"": 16.670639999210835, ""expected_refresh_rate_hz"": 60.0, ""expected_visual_onset_lsl_timestamp"": 504375.2842882, ""expected_visual_onset_monotonic"": 504375.25, ""expected_visual_onset_uncertainty_ms"": 8.335319999605417, ""fixed_display_latency_ms"": 0.0, ""flip_lsl_timestamp"": 504375.2842882, ""flip_monotonic"": 504375.25, ""is_no_go"": false, ""lsl_timestamp"": 504375.2842882, ""marker_push_latency_ms"": 0.0, ""measured_refresh_rate_hz"": 59.98569941210048, ""photodiode_verification_enabled"": false, ""scheduled_on_flip"": true, ""shape"": ""triangle"", ""timing_model"": ""psychopy_callOnFlip_plus_fixed_display_latency""}"
238,button_press,EVENT,504375.7308122,space,"{""is_response_key"": true, ""lsl_timestamp"": 504375.7651004, ""marker_push_latency_ms"": 0.0, ""rt_from_flip_seconds"": 0.480812199995853, ""rt_seconds"": 0.480812199995853}"
238,button_press,EVENT,504375.978464,space,"{""is_response_key"": true, ""lsl_timestamp"": 504376.0127522, ""marker_push_latency_ms"": 0.0, ""rt_from_flip_seconds"": 0.7284639999852516, ""rt_seconds"": 0.7284639999852516}"
238,go_nogo_stimulus_offset_238_go_triangle_yellow,EVENT,504376.078,,"{""color"": ""yellow"", ""expected_frame_interval_ms"": 16.670639999210835, ""expected_refresh_rate_hz"": 60.0, ""expected_visual_onset_lsl_timestamp"": 504376.10117, ""expected_visual_onset_monotonic"": 504376.078, ""expected_visual_onset_uncertainty_ms"": 8.335319999605417, ""fixed_display_latency_ms"": 0.0, ""flip_lsl_timestamp"": 504376.10117, ""flip_monotonic"": 504376.078, ""is_no_go"": false, ""lsl_timestamp"": 504376.10117, ""marker_push_latency_ms"": 0.0, ""measured_refresh_rate_hz"": 59.98569941210048, ""photodiode_verification_enabled"": false, ""scheduled_on_flip"": true, ""shape"": ""triangle"", ""timing_model"": ""psychopy_callOnFlip_plus_fixed_display_latency""}"
238,go_nogo_trial_complete,EVENT,504376.078,,"{""attention_challenge"": {""enabled"": false, ""expected_state"": ""normal"", ""is_cue_trial"": false}, ""button_press_count"": 2, ""commission_error"": 0, ""condition"": ""go"", ""correct"": true, ""correct_press"": 1, ""event_type_name"": ""go_nogo_trial_complete"", ""is_no_go"": false, ""omission_error"": 0, ""practice"": false, ""reaction_time_seconds"": 0.480812199995853, ""schema_version"": 1, ""session_dir"": ""C:\\Users\\Surettej\\Documents\\Codespace\\eegle\\data\\participants\\sub-001-calibration\\sessions\\2026-07-14\\attention_lapse_go_nogo8_observe_only\\go_nogo\\run-20260714T125304"", ""source"": ""task.go_nogo"", ""stimulus_offset_lsl_timestamp"": 504376.10117, ""stimulus_offset_monotonic"": 504376.078, ""stimulus_onset_lsl_timestamp"": 504375.2842882, ""stimulus_onset_monotonic"": 504375.25, ""task"": ""go_nogo""}"
239,go_nogo_stimulus_onset_239_go_square_red,EVENT,504376.828,,"{""color"": ""red"", ""expected_frame_interval_ms"": 16.670639999210835, ""expected_refresh_rate_hz"": 60.0, ""expected_visual_onset_lsl_timestamp"": 504376.8543494, ""expected_visual_onset_monotonic"": 504376.828, ""expected_visual_onset_uncertainty_ms"": 8.335319999605417, ""fixed_display_latency_ms"": 0.0, ""flip_lsl_timestamp"": 504376.8543494, ""flip_monotonic"": 504376.828, ""is_no_go"": false, ""lsl_timestamp"": 504376.8543494, ""marker_push_latency_ms"": 0.0, ""measured_refresh_rate_hz"": 59.98569941210048, ""photodiode_verification_enabled"": false, ""scheduled_on_flip"": true, ""shape"": ""square"", ""timing_model"": ""psychopy_callOnFlip_plus_fixed_display_latency""}"
239,button_press,EVENT,504377.2098239,space,"{""is_response_key"": true, ""lsl_timestamp"": 504377.2361733, ""marker_push_latency_ms"": 0.0, ""rt_from_flip_seconds"": 0.3818239000393078, ""rt_seconds"": 0.3818239000393078}"
239,go_nogo_stimulus_offset_239_go_square_red,EVENT,504377.64,,"{""color"": ""red"", ""expected_frame_interval_ms"": 16.670639999210835, ""expected_refresh_rate_hz"": 60.0, ""expected_visual_onset_lsl_timestamp"": 504377.663497, ""expected_visual_onset_monotonic"": 504377.64, ""expected_visual_onset_uncertainty_ms"": 8.335319999605417, ""fixed_display_latency_ms"": 0.0, ""flip_lsl_timestamp"": 504377.663497, ""flip_monotonic"": 504377.64, ""is_no_go"": false, ""lsl_timestamp"": 504377.663497, ""marker_push_latency_ms"": 0.0, ""measured_refresh_rate_hz"": 59.98569941210048, ""photodiode_verification_enabled"": false, ""scheduled_on_flip"": true, ""shape"": ""square"", ""timing_model"": ""psychopy_callOnFlip_plus_fixed_display_latency""}"
239,go_nogo_trial_complete,EVENT,504377.64,,"{""attention_challenge"": {""enabled"": false, ""expected_state"": ""normal"", ""is_cue_trial"": false}, ""button_press_count"": 1, ""commission_error"": 0, ""condition"": ""go"", ""correct"": true, ""correct_press"": 1, ""event_type_name"": ""go_nogo_trial_complete"", ""is_no_go"": false, ""omission_error"": 0, ""practice"": false, ""reaction_time_seconds"": 0.3818239000393078, ""schema_version"": 1, ""session_dir"": ""C:\\Users\\Surettej\\Documents\\Codespace\\eegle\\data\\participants\\sub-001-calibration\\sessions\\2026-07-14\\attention_lapse_go_nogo8_observe_only\\go_nogo\\run-20260714T125304"", ""source"": ""task.go_nogo"", ""stimulus_offset_lsl_timestamp"": 504377.663497, ""stimulus_offset_monotonic"": 504377.64, ""stimulus_onset_lsl_timestamp"": 504376.8543494, ""stimulus_onset_monotonic"": 504376.828, ""task"": ""go_nogo""}"
240,go_nogo_stimulus_onset_240_nogo_x_white,EVENT,504378.39,,"{""color"": ""white"", ""expected_frame_interval_ms"": 16.670639999210835, ""expected_refresh_rate_hz"": 60.0, ""expected_visual_onset_lsl_timestamp"": 504378.4205201, ""expected_visual_onset_monotonic"": 504378.39, ""expected_visual_onset_uncertainty_ms"": 8.335319999605417, ""fixed_display_latency_ms"": 0.0, ""flip_lsl_timestamp"": 504378.4205201, ""flip_monotonic"": 504378.39, ""is_no_go"": true, ""lsl_timestamp"": 504378.4205201, ""marker_push_latency_ms"": 0.0, ""measured_refresh_rate_hz"": 59.98569941210048, ""photodiode_verification_enabled"": false, ""scheduled_on_flip"": true, ""shape"": ""x"", ""timing_model"": ""psychopy_callOnFlip_plus_fixed_display_latency""}"
240,button_press,EVENT,504378.6705657,space,"{""is_response_key"": true, ""lsl_timestamp"": 504378.70108579996, ""marker_push_latency_ms"": 0.0, ""rt_from_flip_seconds"": 0.280565699969884, ""rt_seconds"": 0.280565699969884}"
240,go_nogo_stimulus_offset_240_nogo_x_white,EVENT,504379.203,,"{""color"": ""white"", ""expected_frame_interval_ms"": 16.670639999210835, ""expected_refresh_rate_hz"": 60.0, ""expected_visual_onset_lsl_timestamp"": 504379.2358259, ""expected_visual_onset_monotonic"": 504379.203, ""expected_visual_onset_uncertainty_ms"": 8.335319999605417, ""fixed_display_latency_ms"": 0.0, ""flip_lsl_timestamp"": 504379.2358259, ""flip_monotonic"": 504379.203, ""is_no_go"": true, ""lsl_timestamp"": 504379.2358259, ""marker_push_latency_ms"": 0.0, ""measured_refresh_rate_hz"": 59.98569941210048, ""photodiode_verification_enabled"": false, ""scheduled_on_flip"": true, ""shape"": ""x"", ""timing_model"": ""psychopy_callOnFlip_plus_fixed_display_latency""}"
240,go_nogo_trial_complete,EVENT,504379.218,,"{""attention_challenge"": {""enabled"": false, ""expected_state"": ""normal"", ""is_cue_trial"": false}, ""button_press_count"": 1, ""commission_error"": 1, ""condition"": ""no_go"", ""correct"": false, ""correct_press"": 0, ""event_type_name"": ""go_nogo_trial_complete"", ""is_no_go"": true, ""omission_error"": 0, ""practice"": false, ""reaction_time_seconds"": 0.280565699969884, ""schema_version"": 1, ""session_dir"": ""C:\\Users\\Surettej\\Documents\\Codespace\\eegle\\data\\participants\\sub-001-calibration\\sessions\\2026-07-14\\attention_lapse_go_nogo8_observe_only\\go_nogo\\run-20260714T125304"", ""source"": ""task.go_nogo"", ""stimulus_offset_lsl_timestamp"": 504379.2358259, ""stimulus_offset_monotonic"": 504379.203, ""stimulus_onset_lsl_timestamp"": 504378.4205201, ""stimulus_onset_monotonic"": 504378.39, ""task"": ""go_nogo""}"
,task_end,SYSTEM,504379.953,,"{""aborted"": false, ""lsl_timestamp"": 504379.9833588, ""marker_push_latency_ms"": 0.0, ""task"": ""go_nogo""}"
