trial,label,event_type,timestamp,value,metadata
,task_start,SYSTEM,504792.75,,"{""lsl_timestamp"": 504792.7832195, ""marker_push_latency_ms"": 0.0, ""mode"": ""psychopy"", ""task"": ""go_nogo""}"
-2,go_nogo_stimulus_onset_-2_nogo_x_white,EVENT,504795.171,,"{""color"": ""white"", ""expected_frame_interval_ms"": 16.60961000015959, ""expected_refresh_rate_hz"": 60.0, ""expected_visual_onset_lsl_timestamp"": 504795.2066614, ""expected_visual_onset_monotonic"": 504795.171, ""expected_visual_onset_uncertainty_ms"": 8.304805000079796, ""fixed_display_latency_ms"": 0.0, ""flip_lsl_timestamp"": 504795.2066614, ""flip_monotonic"": 504795.171, ""is_no_go"": true, ""lsl_timestamp"": 504795.2066614, ""marker_push_latency_ms"": 0.0, ""measured_refresh_rate_hz"": 60.20610959501106, ""photodiode_verification_enabled"": false, ""scheduled_on_flip"": true, ""shape"": ""x"", ""timing_model"": ""psychopy_callOnFlip_plus_fixed_display_latency""}"
-2,go_nogo_stimulus_offset_-2_nogo_x_white,EVENT,504795.984,,"{""color"": ""white"", ""expected_frame_interval_ms"": 16.60961000015959, ""expected_refresh_rate_hz"": 60.0, ""expected_visual_onset_lsl_timestamp"": 504796.0154175, ""expected_visual_onset_monotonic"": 504795.984, ""expected_visual_onset_uncertainty_ms"": 8.304805000079796, ""fixed_display_latency_ms"": 0.0, ""flip_lsl_timestamp"": 504796.0154175, ""flip_monotonic"": 504795.984, ""is_no_go"": true, ""lsl_timestamp"": 504796.0154175, ""marker_push_latency_ms"": 0.0, ""measured_refresh_rate_hz"": 60.20610959501106, ""photodiode_verification_enabled"": false, ""scheduled_on_flip"": true, ""shape"": ""x"", ""timing_model"": ""psychopy_callOnFlip_plus_fixed_display_latency""}"
-1,go_nogo_stimulus_onset_-1_go_star_magenta,EVENT,504815.937,,"{""color"": ""magenta"", ""expected_frame_interval_ms"": 16.60961000015959, ""expected_refresh_rate_hz"": 60.0, ""expected_visual_onset_lsl_timestamp"": 504815.966943, ""expected_visual_onset_monotonic"": 504815.937, ""expected_visual_onset_uncertainty_ms"": 8.304805000079796, ""fixed_display_latency_ms"": 0.0, ""flip_lsl_timestamp"": 504815.966943, ""flip_monotonic"": 504815.937, ""is_no_go"": false, ""lsl_timestamp"": 504815.966943, ""marker_push_latency_ms"": 0.0, ""measured_refresh_rate_hz"": 60.20610959501106, ""photodiode_verification_enabled"": false, ""scheduled_on_flip"": true, ""shape"": ""star"", ""timing_model"": ""psychopy_callOnFlip_plus_fixed_display_latency""}"
-1,go_nogo_stimulus_offset_-1_go_star_magenta,EVENT,504816.75,,"{""color"": ""magenta"", ""expected_frame_interval_ms"": 16.60961000015959, ""expected_refresh_rate_hz"": 60.0, ""expected_visual_onset_lsl_timestamp"": 504816.77484, ""expected_visual_onset_monotonic"": 504816.75, ""expected_visual_onset_uncertainty_ms"": 8.304805000079796, ""fixed_display_latency_ms"": 0.0, ""flip_lsl_timestamp"": 504816.77484, ""flip_monotonic"": 504816.75, ""is_no_go"": false, ""lsl_timestamp"": 504816.77484, ""marker_push_latency_ms"": 0.0, ""measured_refresh_rate_hz"": 60.20610959501106, ""photodiode_verification_enabled"": false, ""scheduled_on_flip"": true, ""shape"": ""star"", ""timing_model"": ""psychopy_callOnFlip_plus_fixed_display_latency""}"
,countdown_3,SYSTEM,504819.671,,"{""expected_frame_interval_ms"": 16.60961000015959, ""expected_refresh_rate_hz"": 60.0, ""expected_visual_onset_lsl_timestamp"": 504819.7029152, ""expected_visual_onset_monotonic"": 504819.671, ""expected_visual_onset_uncertainty_ms"": 8.304805000079796, ""fixed_display_latency_ms"": 0.0, ""flip_lsl_timestamp"": 504819.7029152, ""flip_monotonic"": 504819.671, ""lsl_timestamp"": 504819.7029152, ""marker_push_latency_ms"": 0.0, ""measured_refresh_rate_hz"": 60.20610959501106, ""photodiode_verification_enabled"": false, ""scheduled_on_flip"": true, ""task"": ""go_nogo"", ""timing_model"": ""psychopy_callOnFlip_plus_fixed_display_latency""}"
,countdown_2,SYSTEM,504820.687,,"{""expected_frame_interval_ms"": 16.60961000015959, ""expected_refresh_rate_hz"": 60.0, ""expected_visual_onset_lsl_timestamp"": 504820.7137465, ""expected_visual_onset_monotonic"": 504820.687, ""expected_visual_onset_uncertainty_ms"": 8.304805000079796, ""fixed_display_latency_ms"": 0.0, ""flip_lsl_timestamp"": 504820.7137465, ""flip_monotonic"": 504820.687, ""lsl_timestamp"": 504820.7137465, ""marker_push_latency_ms"": 0.0, ""measured_refresh_rate_hz"": 60.20610959501106, ""photodiode_verification_enabled"": false, ""scheduled_on_flip"": true, ""task"": ""go_nogo"", ""timing_model"": ""psychopy_callOnFlip_plus_fixed_display_latency""}"
,countdown_1,SYSTEM,504821.703,,"{""expected_frame_interval_ms"": 16.60961000015959, ""expected_refresh_rate_hz"": 60.0, ""expected_visual_onset_lsl_timestamp"": 504821.7359233, ""expected_visual_onset_monotonic"": 504821.703, ""expected_visual_onset_uncertainty_ms"": 8.304805000079796, ""fixed_display_latency_ms"": 0.0, ""flip_lsl_timestamp"": 504821.7359233, ""flip_monotonic"": 504821.703, ""lsl_timestamp"": 504821.7359233, ""marker_push_latency_ms"": 0.0, ""measured_refresh_rate_hz"": 60.20610959501106, ""photodiode_verification_enabled"": false, ""scheduled_on_flip"": true, ""task"": ""go_nogo"", ""timing_model"": ""psychopy_callOnFlip_plus_fixed_display_latency""}"
,countdown_go,SYSTEM,504822.718,,"{""expected_frame_interval_ms"": 16.60961000015959, ""expected_refresh_rate_hz"": 60.0, ""expected_visual_onset_lsl_timestamp"": 504822.7529585, ""expected_visual_onset_monotonic"": 504822.718, ""expected_visual_onset_uncertainty_ms"": 8.304805000079796, ""fixed_display_latency_ms"": 0.0, ""flip_lsl_timestamp"": 504822.7529585, ""flip_monotonic"": 504822.718, ""lsl_timestamp"": 504822.7529585, ""marker_push_latency_ms"": 0.0, ""measured_refresh_rate_hz"": 60.20610959501106, ""photodiode_verification_enabled"": false, ""scheduled_on_flip"": true, ""task"": ""go_nogo"", ""timing_model"": ""psychopy_callOnFlip_plus_fixed_display_latency""}"
1,go_nogo_stimulus_onset_1_go_star_green,EVENT,504823.234,,"{""color"": ""green"", ""expected_frame_interval_ms"": 16.60961000015959, ""expected_refresh_rate_hz"": 60.0, ""expected_visual_onset_lsl_timestamp"": 504823.2698875, ""expected_visual_onset_monotonic"": 504823.234, ""expected_visual_onset_uncertainty_ms"": 8.304805000079796, ""fixed_display_latency_ms"": 0.0, ""flip_lsl_timestamp"": 504823.2698875, ""flip_monotonic"": 504823.234, ""is_no_go"": false, ""lsl_timestamp"": 504823.2698875, ""marker_push_latency_ms"": 0.0, ""measured_refresh_rate_hz"": 60.20610959501106, ""photodiode_verification_enabled"": false, ""scheduled_on_flip"": true, ""shape"": ""star"", ""timing_model"": ""psychopy_callOnFlip_plus_fixed_display_latency""}"
1,go_nogo_stimulus_offset_1_go_star_green,EVENT,504824.062,,"{""color"": ""green"", ""expected_frame_interval_ms"": 16.60961000015959, ""expected_refresh_rate_hz"": 60.0, ""expected_visual_onset_lsl_timestamp"": 504824.0881748, ""expected_visual_onset_monotonic"": 504824.062, ""expected_visual_onset_uncertainty_ms"": 8.304805000079796, ""fixed_display_latency_ms"": 0.0, ""flip_lsl_timestamp"": 504824.0881748, ""flip_monotonic"": 504824.062, ""is_no_go"": false, ""lsl_timestamp"": 504824.0881748, ""marker_push_latency_ms"": 0.0, ""measured_refresh_rate_hz"": 60.20610959501106, ""photodiode_verification_enabled"": false, ""scheduled_on_flip"": true, ""shape"": ""star"", ""timing_model"": ""psychopy_callOnFlip_plus_fixed_display_latency""}"
1,go_nogo_trial_complete,EVENT,504824.062,,"{""attention_challenge"": {""enabled"": false, ""expected_state"": ""normal"", ""is_cue_trial"": false}, ""button_press_count"": 0, ""commission_error"": 0, ""condition"": ""go"", ""correct"": false, ""correct_press"": 0, ""event_type_name"": ""go_nogo_trial_complete"", ""is_no_go"": false, ""omission_error"": 1, ""practice"": false, ""reaction_time_seconds"": null, ""schema_version"": 1, ""session_dir"": ""C:\\Users\\Surettej\\Documents\\Codespace\\eegle\\data\\participants\\sub-001-online\\sessions\\2026-07-14\\attention_lapse_go_nogo8_observe_only\\go_nogo\\run-20260714T131407"", ""source"": ""task.go_nogo"", ""stimulus_offset_lsl_timestamp"": 504824.0881748, ""stimulus_offset_monotonic"": 504824.062, ""stimulus_onset_lsl_timestamp"": 504823.2698875, ""stimulus_onset_monotonic"": 504823.234, ""task"": ""go_nogo""}"
2,go_nogo_stimulus_onset_2_go_star_yellow,EVENT,504824.781,,"{""color"": ""yellow"", ""expected_frame_interval_ms"": 16.60961000015959, ""expected_refresh_rate_hz"": 60.0, ""expected_visual_onset_lsl_timestamp"": 504824.8097593, ""expected_visual_onset_monotonic"": 504824.781, ""expected_visual_onset_uncertainty_ms"": 8.304805000079796, ""fixed_display_latency_ms"": 0.0, ""flip_lsl_timestamp"": 504824.8097593, ""flip_monotonic"": 504824.781, ""is_no_go"": false, ""lsl_timestamp"": 504824.8097593, ""marker_push_latency_ms"": 0.0, ""measured_refresh_rate_hz"": 60.20610959501106, ""photodiode_verification_enabled"": false, ""scheduled_on_flip"": true, ""shape"": ""star"", ""timing_model"": ""psychopy_callOnFlip_plus_fixed_display_latency""}"
2,button_press,EVENT,504825.39157910005,space,"{""is_response_key"": true, ""lsl_timestamp"": 504825.42033840006, ""marker_push_latency_ms"": 0.0, ""rt_from_flip_seconds"": 0.6105791000300087, ""rt_seconds"": 0.6105791000300087}"
2,go_nogo_stimulus_offset_2_go_star_yellow,EVENT,504825.593,,"{""color"": ""yellow"", ""expected_frame_interval_ms"": 16.60961000015959, ""expected_refresh_rate_hz"": 60.0, ""expected_visual_onset_lsl_timestamp"": 504825.6198816, ""expected_visual_onset_monotonic"": 504825.593, ""expected_visual_onset_uncertainty_ms"": 8.304805000079796, ""fixed_display_latency_ms"": 0.0, ""flip_lsl_timestamp"": 504825.6198816, ""flip_monotonic"": 504825.593, ""is_no_go"": false, ""lsl_timestamp"": 504825.6198816, ""marker_push_latency_ms"": 0.0, ""measured_refresh_rate_hz"": 60.20610959501106, ""photodiode_verification_enabled"": false, ""scheduled_on_flip"": true, ""shape"": ""star"", ""timing_model"": ""psychopy_callOnFlip_plus_fixed_display_latency""}"
2,go_nogo_trial_complete,EVENT,504825.593,,"{""attention_challenge"": {""enabled"": false, ""expected_state"": ""normal"", ""is_cue_trial"": false}, ""button_press_count"": 1, ""commission_error"": 0, ""condition"": ""go"", ""correct"": true, ""correct_press"": 1, ""event_type_name"": ""go_nogo_trial_complete"", ""is_no_go"": false, ""omission_error"": 0, ""practice"": false, ""reaction_time_seconds"": 0.6105791000300087, ""schema_version"": 1, ""session_dir"": ""C:\\Users\\Surettej\\Documents\\Codespace\\eegle\\data\\participants\\sub-001-online\\sessions\\2026-07-14\\attention_lapse_go_nogo8_observe_only\\go_nogo\\run-20260714T131407"", ""source"": ""task.go_nogo"", ""stimulus_offset_lsl_timestamp"": 504825.6198816, ""stimulus_offset_monotonic"": 504825.593, ""stimulus_onset_lsl_timestamp"": 504824.8097593, ""stimulus_onset_monotonic"": 504824.781, ""task"": ""go_nogo""}"
3,go_nogo_stimulus_onset_3_go_circle_green,EVENT,504826.343,,"{""color"": ""green"", ""expected_frame_interval_ms"": 16.60961000015959, ""expected_refresh_rate_hz"": 60.0, ""expected_visual_onset_lsl_timestamp"": 504826.3656873, ""expected_visual_onset_monotonic"": 504826.343, ""expected_visual_onset_uncertainty_ms"": 8.304805000079796, ""fixed_display_latency_ms"": 0.0, ""flip_lsl_timestamp"": 504826.3656873, ""flip_monotonic"": 504826.343, ""is_no_go"": false, ""lsl_timestamp"": 504826.3656873, ""marker_push_latency_ms"": 0.0, ""measured_refresh_rate_hz"": 60.20610959501106, ""photodiode_verification_enabled"": false, ""scheduled_on_flip"": true, ""shape"": ""circle"", ""timing_model"": ""psychopy_callOnFlip_plus_fixed_display_latency""}"
3,button_press,EVENT,504826.7516329,space,"{""is_response_key"": true, ""lsl_timestamp"": 504826.77432019997, ""marker_push_latency_ms"": 0.0, ""rt_from_flip_seconds"": 0.40863289998378605, ""rt_seconds"": 0.40863289998378605}"
3,go_nogo_stimulus_offset_3_go_circle_green,EVENT,504827.14,,"{""color"": ""green"", ""expected_frame_interval_ms"": 16.60961000015959, ""expected_refresh_rate_hz"": 60.0, ""expected_visual_onset_lsl_timestamp"": 504827.1737574, ""expected_visual_onset_monotonic"": 504827.14, ""expected_visual_onset_uncertainty_ms"": 8.304805000079796, ""fixed_display_latency_ms"": 0.0, ""flip_lsl_timestamp"": 504827.1737574, ""flip_monotonic"": 504827.14, ""is_no_go"": false, ""lsl_timestamp"": 504827.1737574, ""marker_push_latency_ms"": 0.0, ""measured_refresh_rate_hz"": 60.20610959501106, ""photodiode_verification_enabled"": false, ""scheduled_on_flip"": true, ""shape"": ""circle"", ""timing_model"": ""psychopy_callOnFlip_plus_fixed_display_latency""}"
3,go_nogo_trial_complete,EVENT,504827.156,,"{""attention_challenge"": {""enabled"": false, ""expected_state"": ""normal"", ""is_cue_trial"": false}, ""button_press_count"": 1, ""commission_error"": 0, ""condition"": ""go"", ""correct"": true, ""correct_press"": 1, ""event_type_name"": ""go_nogo_trial_complete"", ""is_no_go"": false, ""omission_error"": 0, ""practice"": false, ""reaction_time_seconds"": 0.40863289998378605, ""schema_version"": 1, ""session_dir"": ""C:\\Users\\Surettej\\Documents\\Codespace\\eegle\\data\\participants\\sub-001-online\\sessions\\2026-07-14\\attention_lapse_go_nogo8_observe_only\\go_nogo\\run-20260714T131407"", ""source"": ""task.go_nogo"", ""stimulus_offset_lsl_timestamp"": 504827.1737574, ""stimulus_offset_monotonic"": 504827.14, ""stimulus_onset_lsl_timestamp"": 504826.3656873, ""stimulus_onset_monotonic"": 504826.343, ""task"": ""go_nogo""}"
4,go_nogo_stimulus_onset_4_go_hexagon_magenta,EVENT,504827.875,,"{""color"": ""magenta"", ""expected_frame_interval_ms"": 16.60961000015959, ""expected_refresh_rate_hz"": 60.0, ""expected_visual_onset_lsl_timestamp"": 504827.8960379, ""expected_visual_onset_monotonic"": 504827.875, ""expected_visual_onset_uncertainty_ms"": 8.304805000079796, ""fixed_display_latency_ms"": 0.0, ""flip_lsl_timestamp"": 504827.8960379, ""flip_monotonic"": 504827.875, ""is_no_go"": false, ""lsl_timestamp"": 504827.8960379, ""marker_push_latency_ms"": 0.0, ""measured_refresh_rate_hz"": 60.20610959501106, ""photodiode_verification_enabled"": false, ""scheduled_on_flip"": true, ""shape"": ""hexagon"", ""timing_model"": ""psychopy_callOnFlip_plus_fixed_display_latency""}"
4,button_press,EVENT,504828.2727575,space,"{""is_response_key"": true, ""lsl_timestamp"": 504828.2937954, ""marker_push_latency_ms"": 0.0, ""rt_from_flip_seconds"": 0.39775750000262633, ""rt_seconds"": 0.39775750000262633}"
4,go_nogo_stimulus_offset_4_go_hexagon_magenta,EVENT,504828.671,,"{""color"": ""magenta"", ""expected_frame_interval_ms"": 16.60961000015959, ""expected_refresh_rate_hz"": 60.0, ""expected_visual_onset_lsl_timestamp"": 504828.7056084, ""expected_visual_onset_monotonic"": 504828.671, ""expected_visual_onset_uncertainty_ms"": 8.304805000079796, ""fixed_display_latency_ms"": 0.0, ""flip_lsl_timestamp"": 504828.7056084, ""flip_monotonic"": 504828.671, ""is_no_go"": false, ""lsl_timestamp"": 504828.7056084, ""marker_push_latency_ms"": 0.0, ""measured_refresh_rate_hz"": 60.20610959501106, ""photodiode_verification_enabled"": false, ""scheduled_on_flip"": true, ""shape"": ""hexagon"", ""timing_model"": ""psychopy_callOnFlip_plus_fixed_display_latency""}"
4,go_nogo_trial_complete,EVENT,504828.687,,"{""attention_challenge"": {""enabled"": false, ""expected_state"": ""normal"", ""is_cue_trial"": false}, ""button_press_count"": 1, ""commission_error"": 0, ""condition"": ""go"", ""correct"": true, ""correct_press"": 1, ""event_type_name"": ""go_nogo_trial_complete"", ""is_no_go"": false, ""omission_error"": 0, ""practice"": false, ""reaction_time_seconds"": 0.39775750000262633, ""schema_version"": 1, ""session_dir"": ""C:\\Users\\Surettej\\Documents\\Codespace\\eegle\\data\\participants\\sub-001-online\\sessions\\2026-07-14\\attention_lapse_go_nogo8_observe_only\\go_nogo\\run-20260714T131407"", ""source"": ""task.go_nogo"", ""stimulus_offset_lsl_timestamp"": 504828.7056084, ""stimulus_offset_monotonic"": 504828.671, ""stimulus_onset_lsl_timestamp"": 504827.8960379, ""stimulus_onset_monotonic"": 504827.875, ""task"": ""go_nogo""}"
5,go_nogo_stimulus_onset_5_nogo_x_white,EVENT,504829.406,,"{""color"": ""white"", ""expected_frame_interval_ms"": 16.60961000015959, ""expected_refresh_rate_hz"": 60.0, ""expected_visual_onset_lsl_timestamp"": 504829.4339876, ""expected_visual_onset_monotonic"": 504829.406, ""expected_visual_onset_uncertainty_ms"": 8.304805000079796, ""fixed_display_latency_ms"": 0.0, ""flip_lsl_timestamp"": 504829.4339876, ""flip_monotonic"": 504829.406, ""is_no_go"": true, ""lsl_timestamp"": 504829.4339876, ""marker_push_latency_ms"": 0.0, ""measured_refresh_rate_hz"": 60.20610959501106, ""photodiode_verification_enabled"": false, ""scheduled_on_flip"": true, ""shape"": ""x"", ""timing_model"": ""psychopy_callOnFlip_plus_fixed_display_latency""}"
5,button_press,EVENT,504829.69024970004,space,"{""is_response_key"": true, ""lsl_timestamp"": 504829.7182373, ""marker_push_latency_ms"": 0.0, ""rt_from_flip_seconds"": 0.2842497000237927, ""rt_seconds"": 0.2842497000237927}"
5,go_nogo_stimulus_offset_5_nogo_x_white,EVENT,504830.218,,"{""color"": ""white"", ""expected_frame_interval_ms"": 16.60961000015959, ""expected_refresh_rate_hz"": 60.0, ""expected_visual_onset_lsl_timestamp"": 504830.2425906, ""expected_visual_onset_monotonic"": 504830.218, ""expected_visual_onset_uncertainty_ms"": 8.304805000079796, ""fixed_display_latency_ms"": 0.0, ""flip_lsl_timestamp"": 504830.2425906, ""flip_monotonic"": 504830.218, ""is_no_go"": true, ""lsl_timestamp"": 504830.2425906, ""marker_push_latency_ms"": 0.0, ""measured_refresh_rate_hz"": 60.20610959501106, ""photodiode_verification_enabled"": false, ""scheduled_on_flip"": true, ""shape"": ""x"", ""timing_model"": ""psychopy_callOnFlip_plus_fixed_display_latency""}"
5,go_nogo_trial_complete,EVENT,504830.218,,"{""attention_challenge"": {""enabled"": false, ""expected_state"": ""normal"", ""is_cue_trial"": false}, ""button_press_count"": 1, ""commission_error"": 1, ""condition"": ""no_go"", ""correct"": false, ""correct_press"": 0, ""event_type_name"": ""go_nogo_trial_complete"", ""is_no_go"": true, ""omission_error"": 0, ""practice"": false, ""reaction_time_seconds"": 0.2842497000237927, ""schema_version"": 1, ""session_dir"": ""C:\\Users\\Surettej\\Documents\\Codespace\\eegle\\data\\participants\\sub-001-online\\sessions\\2026-07-14\\attention_lapse_go_nogo8_observe_only\\go_nogo\\run-20260714T131407"", ""source"": ""task.go_nogo"", ""stimulus_offset_lsl_timestamp"": 504830.2425906, ""stimulus_offset_monotonic"": 504830.218, ""stimulus_onset_lsl_timestamp"": 504829.4339876, ""stimulus_onset_monotonic"": 504829.406, ""task"": ""go_nogo""}"
6,go_nogo_stimulus_onset_6_nogo_x_white,EVENT,504830.937,,"{""color"": ""white"", ""expected_frame_interval_ms"": 16.60961000015959, ""expected_refresh_rate_hz"": 60.0, ""expected_visual_onset_lsl_timestamp"": 504830.9699073, ""expected_visual_onset_monotonic"": 504830.937, ""expected_visual_onset_uncertainty_ms"": 8.304805000079796, ""fixed_display_latency_ms"": 0.0, ""flip_lsl_timestamp"": 504830.9699073, ""flip_monotonic"": 504830.937, ""is_no_go"": true, ""lsl_timestamp"": 504830.9699073, ""marker_push_latency_ms"": 0.0, ""measured_refresh_rate_hz"": 60.20610959501106, ""photodiode_verification_enabled"": false, ""scheduled_on_flip"": true, ""shape"": ""x"", ""timing_model"": ""psychopy_callOnFlip_plus_fixed_display_latency""}"
6,go_nogo_stimulus_offset_6_nogo_x_white,EVENT,504831.75,,"{""color"": ""white"", ""expected_frame_interval_ms"": 16.60961000015959, ""expected_refresh_rate_hz"": 60.0, ""expected_visual_onset_lsl_timestamp"": 504831.7769472, ""expected_visual_onset_monotonic"": 504831.75, ""expected_visual_onset_uncertainty_ms"": 8.304805000079796, ""fixed_display_latency_ms"": 0.0, ""flip_lsl_timestamp"": 504831.7769472, ""flip_monotonic"": 504831.75, ""is_no_go"": true, ""lsl_timestamp"": 504831.7769472, ""marker_push_latency_ms"": 0.0, ""measured_refresh_rate_hz"": 60.20610959501106, ""photodiode_verification_enabled"": false, ""scheduled_on_flip"": true, ""shape"": ""x"", ""timing_model"": ""psychopy_callOnFlip_plus_fixed_display_latency""}"
6,go_nogo_trial_complete,EVENT,504831.75,,"{""attention_challenge"": {""enabled"": false, ""expected_state"": ""normal"", ""is_cue_trial"": false}, ""button_press_count"": 0, ""commission_error"": 0, ""condition"": ""no_go"", ""correct"": true, ""correct_press"": 1, ""event_type_name"": ""go_nogo_trial_complete"", ""is_no_go"": true, ""omission_error"": 0, ""practice"": false, ""reaction_time_seconds"": null, ""schema_version"": 1, ""session_dir"": ""C:\\Users\\Surettej\\Documents\\Codespace\\eegle\\data\\participants\\sub-001-online\\sessions\\2026-07-14\\attention_lapse_go_nogo8_observe_only\\go_nogo\\run-20260714T131407"", ""source"": ""task.go_nogo"", ""stimulus_offset_lsl_timestamp"": 504831.7769472, ""stimulus_offset_monotonic"": 504831.75, ""stimulus_onset_lsl_timestamp"": 504830.9699073, ""stimulus_onset_monotonic"": 504830.937, ""task"": ""go_nogo""}"
7,go_nogo_stimulus_onset_7_nogo_x_white,EVENT,504832.484,,"{""color"": ""white"", ""expected_frame_interval_ms"": 16.60961000015959, ""expected_refresh_rate_hz"": 60.0, ""expected_visual_onset_lsl_timestamp"": 504832.5091621, ""expected_visual_onset_monotonic"": 504832.484, ""expected_visual_onset_uncertainty_ms"": 8.304805000079796, ""fixed_display_latency_ms"": 0.0, ""flip_lsl_timestamp"": 504832.5091621, ""flip_monotonic"": 504832.484, ""is_no_go"": true, ""lsl_timestamp"": 504832.5091621, ""marker_push_latency_ms"": 0.0, ""measured_refresh_rate_hz"": 60.20610959501106, ""photodiode_verification_enabled"": false, ""scheduled_on_flip"": true, ""shape"": ""x"", ""timing_model"": ""psychopy_callOnFlip_plus_fixed_display_latency""}"
7,go_nogo_stimulus_offset_7_nogo_x_white,EVENT,504833.296,,"{""color"": ""white"", ""expected_frame_interval_ms"": 16.60961000015959, ""expected_refresh_rate_hz"": 60.0, ""expected_visual_onset_lsl_timestamp"": 504833.3242673, ""expected_visual_onset_monotonic"": 504833.296, ""expected_visual_onset_uncertainty_ms"": 8.304805000079796, ""fixed_display_latency_ms"": 0.0, ""flip_lsl_timestamp"": 504833.3242673, ""flip_monotonic"": 504833.296, ""is_no_go"": true, ""lsl_timestamp"": 504833.3242673, ""marker_push_latency_ms"": 0.0, ""measured_refresh_rate_hz"": 60.20610959501106, ""photodiode_verification_enabled"": false, ""scheduled_on_flip"": true, ""shape"": ""x"", ""timing_model"": ""psychopy_callOnFlip_plus_fixed_display_latency""}"
7,go_nogo_trial_complete,EVENT,504833.296,,"{""attention_challenge"": {""enabled"": false, ""expected_state"": ""normal"", ""is_cue_trial"": false}, ""button_press_count"": 0, ""commission_error"": 0, ""condition"": ""no_go"", ""correct"": true, ""correct_press"": 1, ""event_type_name"": ""go_nogo_trial_complete"", ""is_no_go"": true, ""omission_error"": 0, ""practice"": false, ""reaction_time_seconds"": null, ""schema_version"": 1, ""session_dir"": ""C:\\Users\\Surettej\\Documents\\Codespace\\eegle\\data\\participants\\sub-001-online\\sessions\\2026-07-14\\attention_lapse_go_nogo8_observe_only\\go_nogo\\run-20260714T131407"", ""source"": ""task.go_nogo"", ""stimulus_offset_lsl_timestamp"": 504833.3242673, ""stimulus_offset_monotonic"": 504833.296, ""stimulus_onset_lsl_timestamp"": 504832.5091621, ""stimulus_onset_monotonic"": 504832.484, ""task"": ""go_nogo""}"
8,go_nogo_stimulus_onset_8_nogo_x_white,EVENT,504834.031,,"{""color"": ""white"", ""expected_frame_interval_ms"": 16.60961000015959, ""expected_refresh_rate_hz"": 60.0, ""expected_visual_onset_lsl_timestamp"": 504834.0527274, ""expected_visual_onset_monotonic"": 504834.031, ""expected_visual_onset_uncertainty_ms"": 8.304805000079796, ""fixed_display_latency_ms"": 0.0, ""flip_lsl_timestamp"": 504834.0527274, ""flip_monotonic"": 504834.031, ""is_no_go"": true, ""lsl_timestamp"": 504834.0527274, ""marker_push_latency_ms"": 0.0, ""measured_refresh_rate_hz"": 60.20610959501106, ""photodiode_verification_enabled"": false, ""scheduled_on_flip"": true, ""shape"": ""x"", ""timing_model"": ""psychopy_callOnFlip_plus_fixed_display_latency""}"
8,go_nogo_stimulus_offset_8_nogo_x_white,EVENT,504834.828,,"{""color"": ""white"", ""expected_frame_interval_ms"": 16.60961000015959, ""expected_refresh_rate_hz"": 60.0, ""expected_visual_onset_lsl_timestamp"": 504834.8615891, ""expected_visual_onset_monotonic"": 504834.828, ""expected_visual_onset_uncertainty_ms"": 8.304805000079796, ""fixed_display_latency_ms"": 0.0, ""flip_lsl_timestamp"": 504834.8615891, ""flip_monotonic"": 504834.828, ""is_no_go"": true, ""lsl_timestamp"": 504834.8615891, ""marker_push_latency_ms"": 0.0, ""measured_refresh_rate_hz"": 60.20610959501106, ""photodiode_verification_enabled"": false, ""scheduled_on_flip"": true, ""shape"": ""x"", ""timing_model"": ""psychopy_callOnFlip_plus_fixed_display_latency""}"
8,go_nogo_trial_complete,EVENT,504834.843,,"{""attention_challenge"": {""enabled"": false, ""expected_state"": ""normal"", ""is_cue_trial"": false}, ""button_press_count"": 0, ""commission_error"": 0, ""condition"": ""no_go"", ""correct"": true, ""correct_press"": 1, ""event_type_name"": ""go_nogo_trial_complete"", ""is_no_go"": true, ""omission_error"": 0, ""practice"": false, ""reaction_time_seconds"": null, ""schema_version"": 1, ""session_dir"": ""C:\\Users\\Surettej\\Documents\\Codespace\\eegle\\data\\participants\\sub-001-online\\sessions\\2026-07-14\\attention_lapse_go_nogo8_observe_only\\go_nogo\\run-20260714T131407"", ""source"": ""task.go_nogo"", ""stimulus_offset_lsl_timestamp"": 504834.8615891, ""stimulus_offset_monotonic"": 504834.828, ""stimulus_onset_lsl_timestamp"": 504834.0527274, ""stimulus_onset_monotonic"": 504834.031, ""task"": ""go_nogo""}"
9,go_nogo_stimulus_onset_9_go_square_red,EVENT,504835.562,,"{""color"": ""red"", ""expected_frame_interval_ms"": 16.60961000015959, ""expected_refresh_rate_hz"": 60.0, ""expected_visual_onset_lsl_timestamp"": 504835.5837662, ""expected_visual_onset_monotonic"": 504835.562, ""expected_visual_onset_uncertainty_ms"": 8.304805000079796, ""fixed_display_latency_ms"": 0.0, ""flip_lsl_timestamp"": 504835.5837662, ""flip_monotonic"": 504835.562, ""is_no_go"": false, ""lsl_timestamp"": 504835.5837662, ""marker_push_latency_ms"": 0.0, ""measured_refresh_rate_hz"": 60.20610959501106, ""photodiode_verification_enabled"": false, ""scheduled_on_flip"": true, ""shape"": ""square"", ""timing_model"": ""psychopy_callOnFlip_plus_fixed_display_latency""}"
9,button_press,EVENT,504835.98311549996,space,"{""is_response_key"": true, ""lsl_timestamp"": 504836.0048817, ""marker_push_latency_ms"": 0.0, ""rt_from_flip_seconds"": 0.4211154999793507, ""rt_seconds"": 0.4211154999793507}"
9,go_nogo_stimulus_offset_9_go_square_red,EVENT,504836.359,,"{""color"": ""red"", ""expected_frame_interval_ms"": 16.60961000015959, ""expected_refresh_rate_hz"": 60.0, ""expected_visual_onset_lsl_timestamp"": 504836.3933858, ""expected_visual_onset_monotonic"": 504836.359, ""expected_visual_onset_uncertainty_ms"": 8.304805000079796, ""fixed_display_latency_ms"": 0.0, ""flip_lsl_timestamp"": 504836.3933858, ""flip_monotonic"": 504836.359, ""is_no_go"": false, ""lsl_timestamp"": 504836.3933858, ""marker_push_latency_ms"": 0.0, ""measured_refresh_rate_hz"": 60.20610959501106, ""photodiode_verification_enabled"": false, ""scheduled_on_flip"": true, ""shape"": ""square"", ""timing_model"": ""psychopy_callOnFlip_plus_fixed_display_latency""}"
9,go_nogo_trial_complete,EVENT,504836.375,,"{""attention_challenge"": {""enabled"": false, ""expected_state"": ""normal"", ""is_cue_trial"": false}, ""button_press_count"": 1, ""commission_error"": 0, ""condition"": ""go"", ""correct"": true, ""correct_press"": 1, ""event_type_name"": ""go_nogo_trial_complete"", ""is_no_go"": false, ""omission_error"": 0, ""practice"": false, ""reaction_time_seconds"": 0.4211154999793507, ""schema_version"": 1, ""session_dir"": ""C:\\Users\\Surettej\\Documents\\Codespace\\eegle\\data\\participants\\sub-001-online\\sessions\\2026-07-14\\attention_lapse_go_nogo8_observe_only\\go_nogo\\run-20260714T131407"", ""source"": ""task.go_nogo"", ""stimulus_offset_lsl_timestamp"": 504836.3933858, ""stimulus_offset_monotonic"": 504836.359, ""stimulus_onset_lsl_timestamp"": 504835.5837662, ""stimulus_onset_monotonic"": 504835.562, ""task"": ""go_nogo""}"
10,go_nogo_stimulus_onset_10_nogo_x_white,EVENT,504837.093,,"{""color"": ""white"", ""expected_frame_interval_ms"": 16.60961000015959, ""expected_refresh_rate_hz"": 60.0, ""expected_visual_onset_lsl_timestamp"": 504837.1265732, ""expected_visual_onset_monotonic"": 504837.093, ""expected_visual_onset_uncertainty_ms"": 8.304805000079796, ""fixed_display_latency_ms"": 0.0, ""flip_lsl_timestamp"": 504837.1265732, ""flip_monotonic"": 504837.093, ""is_no_go"": true, ""lsl_timestamp"": 504837.1265732, ""marker_push_latency_ms"": 0.0, ""measured_refresh_rate_hz"": 60.20610959501106, ""photodiode_verification_enabled"": false, ""scheduled_on_flip"": true, ""shape"": ""x"", ""timing_model"": ""psychopy_callOnFlip_plus_fixed_display_latency""}"
10,go_nogo_stimulus_offset_10_nogo_x_white,EVENT,504837.906,,"{""color"": ""white"", ""expected_frame_interval_ms"": 16.60961000015959, ""expected_refresh_rate_hz"": 60.0, ""expected_visual_onset_lsl_timestamp"": 504837.9377403, ""expected_visual_onset_monotonic"": 504837.906, ""expected_visual_onset_uncertainty_ms"": 8.304805000079796, ""fixed_display_latency_ms"": 0.0, ""flip_lsl_timestamp"": 504837.9377403, ""flip_monotonic"": 504837.906, ""is_no_go"": true, ""lsl_timestamp"": 504837.9377403, ""marker_push_latency_ms"": 0.0, ""measured_refresh_rate_hz"": 60.20610959501106, ""photodiode_verification_enabled"": false, ""scheduled_on_flip"": true, ""shape"": ""x"", ""timing_model"": ""psychopy_callOnFlip_plus_fixed_display_latency""}"
10,go_nogo_trial_complete,EVENT,504837.906,,"{""attention_challenge"": {""enabled"": false, ""expected_state"": ""normal"", ""is_cue_trial"": false}, ""button_press_count"": 0, ""commission_error"": 0, ""condition"": ""no_go"", ""correct"": true, ""correct_press"": 1, ""event_type_name"": ""go_nogo_trial_complete"", ""is_no_go"": true, ""omission_error"": 0, ""practice"": false, ""reaction_time_seconds"": null, ""schema_version"": 1, ""session_dir"": ""C:\\Users\\Surettej\\Documents\\Codespace\\eegle\\data\\participants\\sub-001-online\\sessions\\2026-07-14\\attention_lapse_go_nogo8_observe_only\\go_nogo\\run-20260714T131407"", ""source"": ""task.go_nogo"", ""stimulus_offset_lsl_timestamp"": 504837.9377403, ""stimulus_offset_monotonic"": 504837.906, ""stimulus_onset_lsl_timestamp"": 504837.1265732, ""stimulus_onset_monotonic"": 504837.093, ""task"": ""go_nogo""}"
11,go_nogo_stimulus_onset_11_go_triangle_red,EVENT,504838.64,,"{""color"": ""red"", ""expected_frame_interval_ms"": 16.60961000015959, ""expected_refresh_rate_hz"": 60.0, ""expected_visual_onset_lsl_timestamp"": 504838.6633428, ""expected_visual_onset_monotonic"": 504838.64, ""expected_visual_onset_uncertainty_ms"": 8.304805000079796, ""fixed_display_latency_ms"": 0.0, ""flip_lsl_timestamp"": 504838.6633428, ""flip_monotonic"": 504838.64, ""is_no_go"": false, ""lsl_timestamp"": 504838.6633428, ""marker_push_latency_ms"": 0.0, ""measured_refresh_rate_hz"": 60.20610959501106, ""photodiode_verification_enabled"": false, ""scheduled_on_flip"": true, ""shape"": ""triangle"", ""timing_model"": ""psychopy_callOnFlip_plus_fixed_display_latency""}"
11,button_press,EVENT,504838.9678649,space,"{""is_response_key"": true, ""lsl_timestamp"": 504838.9912077, ""marker_push_latency_ms"": 0.0, ""rt_from_flip_seconds"": 0.32786489999853075, ""rt_seconds"": 0.32786489999853075}"
11,go_nogo_stimulus_offset_11_go_triangle_red,EVENT,504839.453,,"{""color"": ""red"", ""expected_frame_interval_ms"": 16.60961000015959, ""expected_refresh_rate_hz"": 60.0, ""expected_visual_onset_lsl_timestamp"": 504839.4773201, ""expected_visual_onset_monotonic"": 504839.453, ""expected_visual_onset_uncertainty_ms"": 8.304805000079796, ""fixed_display_latency_ms"": 0.0, ""flip_lsl_timestamp"": 504839.4773201, ""flip_monotonic"": 504839.453, ""is_no_go"": false, ""lsl_timestamp"": 504839.4773201, ""marker_push_latency_ms"": 0.0, ""measured_refresh_rate_hz"": 60.20610959501106, ""photodiode_verification_enabled"": false, ""scheduled_on_flip"": true, ""shape"": ""triangle"", ""timing_model"": ""psychopy_callOnFlip_plus_fixed_display_latency""}"
11,go_nogo_trial_complete,EVENT,504839.453,,"{""attention_challenge"": {""enabled"": false, ""expected_state"": ""normal"", ""is_cue_trial"": false}, ""button_press_count"": 1, ""commission_error"": 0, ""condition"": ""go"", ""correct"": true, ""correct_press"": 1, ""event_type_name"": ""go_nogo_trial_complete"", ""is_no_go"": false, ""omission_error"": 0, ""practice"": false, ""reaction_time_seconds"": 0.32786489999853075, ""schema_version"": 1, ""session_dir"": ""C:\\Users\\Surettej\\Documents\\Codespace\\eegle\\data\\participants\\sub-001-online\\sessions\\2026-07-14\\attention_lapse_go_nogo8_observe_only\\go_nogo\\run-20260714T131407"", ""source"": ""task.go_nogo"", ""stimulus_offset_lsl_timestamp"": 504839.4773201, ""stimulus_offset_monotonic"": 504839.453, ""stimulus_onset_lsl_timestamp"": 504838.6633428, ""stimulus_onset_monotonic"": 504838.64, ""task"": ""go_nogo""}"
12,go_nogo_stimulus_onset_12_nogo_x_white,EVENT,504840.171,,"{""color"": ""white"", ""expected_frame_interval_ms"": 16.60961000015959, ""expected_refresh_rate_hz"": 60.0, ""expected_visual_onset_lsl_timestamp"": 504840.2057559, ""expected_visual_onset_monotonic"": 504840.171, ""expected_visual_onset_uncertainty_ms"": 8.304805000079796, ""fixed_display_latency_ms"": 0.0, ""flip_lsl_timestamp"": 504840.2057559, ""flip_monotonic"": 504840.171, ""is_no_go"": true, ""lsl_timestamp"": 504840.2057559, ""marker_push_latency_ms"": 0.0, ""measured_refresh_rate_hz"": 60.20610959501106, ""photodiode_verification_enabled"": false, ""scheduled_on_flip"": true, ""shape"": ""x"", ""timing_model"": ""psychopy_callOnFlip_plus_fixed_display_latency""}"
12,go_nogo_stimulus_offset_12_nogo_x_white,EVENT,504840.984,,"{""color"": ""white"", ""expected_frame_interval_ms"": 16.60961000015959, ""expected_refresh_rate_hz"": 60.0, ""expected_visual_onset_lsl_timestamp"": 504841.0140151, ""expected_visual_onset_monotonic"": 504840.984, ""expected_visual_onset_uncertainty_ms"": 8.304805000079796, ""fixed_display_latency_ms"": 0.0, ""flip_lsl_timestamp"": 504841.0140151, ""flip_monotonic"": 504840.984, ""is_no_go"": true, ""lsl_timestamp"": 504841.0140151, ""marker_push_latency_ms"": 0.0, ""measured_refresh_rate_hz"": 60.20610959501106, ""photodiode_verification_enabled"": false, ""scheduled_on_flip"": true, ""shape"": ""x"", ""timing_model"": ""psychopy_callOnFlip_plus_fixed_display_latency""}"
12,go_nogo_trial_complete,EVENT,504841.0,,"{""attention_challenge"": {""enabled"": false, ""expected_state"": ""normal"", ""is_cue_trial"": false}, ""button_press_count"": 0, ""commission_error"": 0, ""condition"": ""no_go"", ""correct"": true, ""correct_press"": 1, ""event_type_name"": ""go_nogo_trial_complete"", ""is_no_go"": true, ""omission_error"": 0, ""practice"": false, ""reaction_time_seconds"": null, ""schema_version"": 1, ""session_dir"": ""C:\\Users\\Surettej\\Documents\\Codespace\\eegle\\data\\participants\\sub-001-online\\sessions\\2026-07-14\\attention_lapse_go_nogo8_observe_only\\go_nogo\\run-20260714T131407"", ""source"": ""task.go_nogo"", ""stimulus_offset_lsl_timestamp"": 504841.0140151, ""stimulus_offset_monotonic"": 504840.984, ""stimulus_onset_lsl_timestamp"": 504840.2057559, ""stimulus_onset_monotonic"": 504840.171, ""task"": ""go_nogo""}"
13,go_nogo_stimulus_onset_13_go_circle_red,EVENT,504841.734,,"{""color"": ""red"", ""expected_frame_interval_ms"": 16.60961000015959, ""expected_refresh_rate_hz"": 60.0, ""expected_visual_onset_lsl_timestamp"": 504841.7576753, ""expected_visual_onset_monotonic"": 504841.734, ""expected_visual_onset_uncertainty_ms"": 8.304805000079796, ""fixed_display_latency_ms"": 0.0, ""flip_lsl_timestamp"": 504841.7576753, ""flip_monotonic"": 504841.734, ""is_no_go"": false, ""lsl_timestamp"": 504841.7576753, ""marker_push_latency_ms"": 0.0, ""measured_refresh_rate_hz"": 60.20610959501106, ""photodiode_verification_enabled"": false, ""scheduled_on_flip"": true, ""shape"": ""circle"", ""timing_model"": ""psychopy_callOnFlip_plus_fixed_display_latency""}"
13,button_press,EVENT,504842.0456431,space,"{""is_response_key"": true, ""lsl_timestamp"": 504842.0693184, ""marker_push_latency_ms"": 0.0, ""rt_from_flip_seconds"": 0.31164309999439865, ""rt_seconds"": 0.31164309999439865}"
13,go_nogo_stimulus_offset_13_go_circle_red,EVENT,504842.531,,"{""color"": ""red"", ""expected_frame_interval_ms"": 16.60961000015959, ""expected_refresh_rate_hz"": 60.0, ""expected_visual_onset_lsl_timestamp"": 504842.5675109, ""expected_visual_onset_monotonic"": 504842.531, ""expected_visual_onset_uncertainty_ms"": 8.304805000079796, ""fixed_display_latency_ms"": 0.0, ""flip_lsl_timestamp"": 504842.5675109, ""flip_monotonic"": 504842.531, ""is_no_go"": false, ""lsl_timestamp"": 504842.5675109, ""marker_push_latency_ms"": 0.0, ""measured_refresh_rate_hz"": 60.20610959501106, ""photodiode_verification_enabled"": false, ""scheduled_on_flip"": true, ""shape"": ""circle"", ""timing_model"": ""psychopy_callOnFlip_plus_fixed_display_latency""}"
13,go_nogo_trial_complete,EVENT,504842.546,,"{""attention_challenge"": {""enabled"": false, ""expected_state"": ""normal"", ""is_cue_trial"": false}, ""button_press_count"": 1, ""commission_error"": 0, ""condition"": ""go"", ""correct"": true, ""correct_press"": 1, ""event_type_name"": ""go_nogo_trial_complete"", ""is_no_go"": false, ""omission_error"": 0, ""practice"": false, ""reaction_time_seconds"": 0.31164309999439865, ""schema_version"": 1, ""session_dir"": ""C:\\Users\\Surettej\\Documents\\Codespace\\eegle\\data\\participants\\sub-001-online\\sessions\\2026-07-14\\attention_lapse_go_nogo8_observe_only\\go_nogo\\run-20260714T131407"", ""source"": ""task.go_nogo"", ""stimulus_offset_lsl_timestamp"": 504842.5675109, ""stimulus_offset_monotonic"": 504842.531, ""stimulus_onset_lsl_timestamp"": 504841.7576753, ""stimulus_onset_monotonic"": 504841.734, ""task"": ""go_nogo""}"
14,go_nogo_stimulus_onset_14_go_circle_green,EVENT,504843.281,,"{""color"": ""green"", ""expected_frame_interval_ms"": 16.60961000015959, ""expected_refresh_rate_hz"": 60.0, ""expected_visual_onset_lsl_timestamp"": 504843.3122452, ""expected_visual_onset_monotonic"": 504843.281, ""expected_visual_onset_uncertainty_ms"": 8.304805000079796, ""fixed_display_latency_ms"": 0.0, ""flip_lsl_timestamp"": 504843.3122452, ""flip_monotonic"": 504843.281, ""is_no_go"": false, ""lsl_timestamp"": 504843.3122452, ""marker_push_latency_ms"": 0.0, ""measured_refresh_rate_hz"": 60.20610959501106, ""photodiode_verification_enabled"": false, ""scheduled_on_flip"": true, ""shape"": ""circle"", ""timing_model"": ""psychopy_callOnFlip_plus_fixed_display_latency""}"
14,button_press,EVENT,504843.6129173,space,"{""is_response_key"": true, ""lsl_timestamp"": 504843.6441625, ""marker_push_latency_ms"": 0.0, ""rt_from_flip_seconds"": 0.3319173000054434, ""rt_seconds"": 0.3319173000054434}"
14,go_nogo_stimulus_offset_14_go_circle_green,EVENT,504844.093,,"{""color"": ""green"", ""expected_frame_interval_ms"": 16.60961000015959, ""expected_refresh_rate_hz"": 60.0, ""expected_visual_onset_lsl_timestamp"": 504844.1291645, ""expected_visual_onset_monotonic"": 504844.093, ""expected_visual_onset_uncertainty_ms"": 8.304805000079796, ""fixed_display_latency_ms"": 0.0, ""flip_lsl_timestamp"": 504844.1291645, ""flip_monotonic"": 504844.093, ""is_no_go"": false, ""lsl_timestamp"": 504844.1291645, ""marker_push_latency_ms"": 0.0, ""measured_refresh_rate_hz"": 60.20610959501106, ""photodiode_verification_enabled"": false, ""scheduled_on_flip"": true, ""shape"": ""circle"", ""timing_model"": ""psychopy_callOnFlip_plus_fixed_display_latency""}"
14,go_nogo_trial_complete,EVENT,504844.109,,"{""attention_challenge"": {""enabled"": false, ""expected_state"": ""normal"", ""is_cue_trial"": false}, ""button_press_count"": 1, ""commission_error"": 0, ""condition"": ""go"", ""correct"": true, ""correct_press"": 1, ""event_type_name"": ""go_nogo_trial_complete"", ""is_no_go"": false, ""omission_error"": 0, ""practice"": false, ""reaction_time_seconds"": 0.3319173000054434, ""schema_version"": 1, ""session_dir"": ""C:\\Users\\Surettej\\Documents\\Codespace\\eegle\\data\\participants\\sub-001-online\\sessions\\2026-07-14\\attention_lapse_go_nogo8_observe_only\\go_nogo\\run-20260714T131407"", ""source"": ""task.go_nogo"", ""stimulus_offset_lsl_timestamp"": 504844.1291645, ""stimulus_offset_monotonic"": 504844.093, ""stimulus_onset_lsl_timestamp"": 504843.3122452, ""stimulus_onset_monotonic"": 504843.281, ""task"": ""go_nogo""}"
15,go_nogo_stimulus_onset_15_go_circle_blue,EVENT,504844.843,,"{""color"": ""blue"", ""expected_frame_interval_ms"": 16.60961000015959, ""expected_refresh_rate_hz"": 60.0, ""expected_visual_onset_lsl_timestamp"": 504844.8701252, ""expected_visual_onset_monotonic"": 504844.843, ""expected_visual_onset_uncertainty_ms"": 8.304805000079796, ""fixed_display_latency_ms"": 0.0, ""flip_lsl_timestamp"": 504844.8701252, ""flip_monotonic"": 504844.843, ""is_no_go"": false, ""lsl_timestamp"": 504844.8701252, ""marker_push_latency_ms"": 0.0, ""measured_refresh_rate_hz"": 60.20610959501106, ""photodiode_verification_enabled"": false, ""scheduled_on_flip"": true, ""shape"": ""circle"", ""timing_model"": ""psychopy_callOnFlip_plus_fixed_display_latency""}"
15,button_press,EVENT,504845.2663748,space,"{""is_response_key"": true, ""lsl_timestamp"": 504845.2935, ""marker_push_latency_ms"": 0.0, ""rt_from_flip_seconds"": 0.4233748000115156, ""rt_seconds"": 0.4233748000115156}"
15,go_nogo_stimulus_offset_15_go_circle_blue,EVENT,504845.656,,"{""color"": ""blue"", ""expected_frame_interval_ms"": 16.60961000015959, ""expected_refresh_rate_hz"": 60.0, ""expected_visual_onset_lsl_timestamp"": 504845.6813535, ""expected_visual_onset_monotonic"": 504845.656, ""expected_visual_onset_uncertainty_ms"": 8.304805000079796, ""fixed_display_latency_ms"": 0.0, ""flip_lsl_timestamp"": 504845.6813535, ""flip_monotonic"": 504845.656, ""is_no_go"": false, ""lsl_timestamp"": 504845.6813535, ""marker_push_latency_ms"": 0.0, ""measured_refresh_rate_hz"": 60.20610959501106, ""photodiode_verification_enabled"": false, ""scheduled_on_flip"": true, ""shape"": ""circle"", ""timing_model"": ""psychopy_callOnFlip_plus_fixed_display_latency""}"
15,go_nogo_trial_complete,EVENT,504845.656,,"{""attention_challenge"": {""enabled"": false, ""expected_state"": ""normal"", ""is_cue_trial"": false}, ""button_press_count"": 1, ""commission_error"": 0, ""condition"": ""go"", ""correct"": true, ""correct_press"": 1, ""event_type_name"": ""go_nogo_trial_complete"", ""is_no_go"": false, ""omission_error"": 0, ""practice"": false, ""reaction_time_seconds"": 0.4233748000115156, ""schema_version"": 1, ""session_dir"": ""C:\\Users\\Surettej\\Documents\\Codespace\\eegle\\data\\participants\\sub-001-online\\sessions\\2026-07-14\\attention_lapse_go_nogo8_observe_only\\go_nogo\\run-20260714T131407"", ""source"": ""task.go_nogo"", ""stimulus_offset_lsl_timestamp"": 504845.6813535, ""stimulus_offset_monotonic"": 504845.656, ""stimulus_onset_lsl_timestamp"": 504844.8701252, ""stimulus_onset_monotonic"": 504844.843, ""task"": ""go_nogo""}"
16,go_nogo_stimulus_onset_16_go_circle_magenta,EVENT,504846.406,,"{""color"": ""magenta"", ""expected_frame_interval_ms"": 16.60961000015959, ""expected_refresh_rate_hz"": 60.0, ""expected_visual_onset_lsl_timestamp"": 504846.4302853, ""expected_visual_onset_monotonic"": 504846.406, ""expected_visual_onset_uncertainty_ms"": 8.304805000079796, ""fixed_display_latency_ms"": 0.0, ""flip_lsl_timestamp"": 504846.4302853, ""flip_monotonic"": 504846.406, ""is_no_go"": false, ""lsl_timestamp"": 504846.4302853, ""marker_push_latency_ms"": 0.0, ""measured_refresh_rate_hz"": 60.20610959501106, ""photodiode_verification_enabled"": false, ""scheduled_on_flip"": true, ""shape"": ""circle"", ""timing_model"": ""psychopy_callOnFlip_plus_fixed_display_latency""}"
16,button_press,EVENT,504846.70854360005,space,"{""is_response_key"": true, ""lsl_timestamp"": 504846.73282890004, ""marker_push_latency_ms"": 0.0, ""rt_from_flip_seconds"": 0.3025436000316404, ""rt_seconds"": 0.3025436000316404}"
16,go_nogo_stimulus_offset_16_go_circle_magenta,EVENT,504847.218,,"{""color"": ""magenta"", ""expected_frame_interval_ms"": 16.60961000015959, ""expected_refresh_rate_hz"": 60.0, ""expected_visual_onset_lsl_timestamp"": 504847.2473667, ""expected_visual_onset_monotonic"": 504847.218, ""expected_visual_onset_uncertainty_ms"": 8.304805000079796, ""fixed_display_latency_ms"": 0.0, ""flip_lsl_timestamp"": 504847.2473667, ""flip_monotonic"": 504847.218, ""is_no_go"": false, ""lsl_timestamp"": 504847.2473667, ""marker_push_latency_ms"": 0.0, ""measured_refresh_rate_hz"": 60.20610959501106, ""photodiode_verification_enabled"": false, ""scheduled_on_flip"": true, ""shape"": ""circle"", ""timing_model"": ""psychopy_callOnFlip_plus_fixed_display_latency""}"
16,go_nogo_trial_complete,EVENT,504847.218,,"{""attention_challenge"": {""enabled"": false, ""expected_state"": ""normal"", ""is_cue_trial"": false}, ""button_press_count"": 1, ""commission_error"": 0, ""condition"": ""go"", ""correct"": true, ""correct_press"": 1, ""event_type_name"": ""go_nogo_trial_complete"", ""is_no_go"": false, ""omission_error"": 0, ""practice"": false, ""reaction_time_seconds"": 0.3025436000316404, ""schema_version"": 1, ""session_dir"": ""C:\\Users\\Surettej\\Documents\\Codespace\\eegle\\data\\participants\\sub-001-online\\sessions\\2026-07-14\\attention_lapse_go_nogo8_observe_only\\go_nogo\\run-20260714T131407"", ""source"": ""task.go_nogo"", ""stimulus_offset_lsl_timestamp"": 504847.2473667, ""stimulus_offset_monotonic"": 504847.218, ""stimulus_onset_lsl_timestamp"": 504846.4302853, ""stimulus_onset_monotonic"": 504846.406, ""task"": ""go_nogo""}"
17,go_nogo_stimulus_onset_17_nogo_x_white,EVENT,504847.953,,"{""color"": ""white"", ""expected_frame_interval_ms"": 16.60961000015959, ""expected_refresh_rate_hz"": 60.0, ""expected_visual_onset_lsl_timestamp"": 504847.9764883, ""expected_visual_onset_monotonic"": 504847.953, ""expected_visual_onset_uncertainty_ms"": 8.304805000079796, ""fixed_display_latency_ms"": 0.0, ""flip_lsl_timestamp"": 504847.9764883, ""flip_monotonic"": 504847.953, ""is_no_go"": true, ""lsl_timestamp"": 504847.9764883, ""marker_push_latency_ms"": 0.0, ""measured_refresh_rate_hz"": 60.20610959501106, ""photodiode_verification_enabled"": false, ""scheduled_on_flip"": true, ""shape"": ""x"", ""timing_model"": ""psychopy_callOnFlip_plus_fixed_display_latency""}"
17,go_nogo_stimulus_offset_17_nogo_x_white,EVENT,504848.75,,"{""color"": ""white"", ""expected_frame_interval_ms"": 16.60961000015959, ""expected_refresh_rate_hz"": 60.0, ""expected_visual_onset_lsl_timestamp"": 504848.7847069, ""expected_visual_onset_monotonic"": 504848.75, ""expected_visual_onset_uncertainty_ms"": 8.304805000079796, ""fixed_display_latency_ms"": 0.0, ""flip_lsl_timestamp"": 504848.7847069, ""flip_monotonic"": 504848.75, ""is_no_go"": true, ""lsl_timestamp"": 504848.7847069, ""marker_push_latency_ms"": 0.0, ""measured_refresh_rate_hz"": 60.20610959501106, ""photodiode_verification_enabled"": false, ""scheduled_on_flip"": true, ""shape"": ""x"", ""timing_model"": ""psychopy_callOnFlip_plus_fixed_display_latency""}"
17,go_nogo_trial_complete,EVENT,504848.765,,"{""attention_challenge"": {""enabled"": false, ""expected_state"": ""normal"", ""is_cue_trial"": false}, ""button_press_count"": 0, ""commission_error"": 0, ""condition"": ""no_go"", ""correct"": true, ""correct_press"": 1, ""event_type_name"": ""go_nogo_trial_complete"", ""is_no_go"": true, ""omission_error"": 0, ""practice"": false, ""reaction_time_seconds"": null, ""schema_version"": 1, ""session_dir"": ""C:\\Users\\Surettej\\Documents\\Codespace\\eegle\\data\\participants\\sub-001-online\\sessions\\2026-07-14\\attention_lapse_go_nogo8_observe_only\\go_nogo\\run-20260714T131407"", ""source"": ""task.go_nogo"", ""stimulus_offset_lsl_timestamp"": 504848.7847069, ""stimulus_offset_monotonic"": 504848.75, ""stimulus_onset_lsl_timestamp"": 504847.9764883, ""stimulus_onset_monotonic"": 504847.953, ""task"": ""go_nogo""}"
18,go_nogo_stimulus_onset_18_go_square_blue,EVENT,504849.484,,"{""color"": ""blue"", ""expected_frame_interval_ms"": 16.60961000015959, ""expected_refresh_rate_hz"": 60.0, ""expected_visual_onset_lsl_timestamp"": 504849.5095165, ""expected_visual_onset_monotonic"": 504849.484, ""expected_visual_onset_uncertainty_ms"": 8.304805000079796, ""fixed_display_latency_ms"": 0.0, ""flip_lsl_timestamp"": 504849.5095165, ""flip_monotonic"": 504849.484, ""is_no_go"": false, ""lsl_timestamp"": 504849.5095165, ""marker_push_latency_ms"": 0.0, ""measured_refresh_rate_hz"": 60.20610959501106, ""photodiode_verification_enabled"": false, ""scheduled_on_flip"": true, ""shape"": ""square"", ""timing_model"": ""psychopy_callOnFlip_plus_fixed_display_latency""}"
18,button_press,EVENT,504849.7789317,space,"{""is_response_key"": true, ""lsl_timestamp"": 504849.8044482, ""marker_push_latency_ms"": 0.0, ""rt_from_flip_seconds"": 0.2949316999875009, ""rt_seconds"": 0.2949316999875009}"
18,go_nogo_stimulus_offset_18_go_square_blue,EVENT,504850.281,,"{""color"": ""blue"", ""expected_frame_interval_ms"": 16.60961000015959, ""expected_refresh_rate_hz"": 60.0, ""expected_visual_onset_lsl_timestamp"": 504850.3167984, ""expected_visual_onset_monotonic"": 504850.281, ""expected_visual_onset_uncertainty_ms"": 8.304805000079796, ""fixed_display_latency_ms"": 0.0, ""flip_lsl_timestamp"": 504850.3167984, ""flip_monotonic"": 504850.281, ""is_no_go"": false, ""lsl_timestamp"": 504850.3167984, ""marker_push_latency_ms"": 0.0, ""measured_refresh_rate_hz"": 60.20610959501106, ""photodiode_verification_enabled"": false, ""scheduled_on_flip"": true, ""shape"": ""square"", ""timing_model"": ""psychopy_callOnFlip_plus_fixed_display_latency""}"
18,go_nogo_trial_complete,EVENT,504850.296,,"{""attention_challenge"": {""enabled"": false, ""expected_state"": ""normal"", ""is_cue_trial"": false}, ""button_press_count"": 1, ""commission_error"": 0, ""condition"": ""go"", ""correct"": true, ""correct_press"": 1, ""event_type_name"": ""go_nogo_trial_complete"", ""is_no_go"": false, ""omission_error"": 0, ""practice"": false, ""reaction_time_seconds"": 0.2949316999875009, ""schema_version"": 1, ""session_dir"": ""C:\\Users\\Surettej\\Documents\\Codespace\\eegle\\data\\participants\\sub-001-online\\sessions\\2026-07-14\\attention_lapse_go_nogo8_observe_only\\go_nogo\\run-20260714T131407"", ""source"": ""task.go_nogo"", ""stimulus_offset_lsl_timestamp"": 504850.3167984, ""stimulus_offset_monotonic"": 504850.281, ""stimulus_onset_lsl_timestamp"": 504849.5095165, ""stimulus_onset_monotonic"": 504849.484, ""task"": ""go_nogo""}"
19,go_nogo_stimulus_onset_19_nogo_x_white,EVENT,504851.015,,"{""color"": ""white"", ""expected_frame_interval_ms"": 16.60961000015959, ""expected_refresh_rate_hz"": 60.0, ""expected_visual_onset_lsl_timestamp"": 504851.0465741, ""expected_visual_onset_monotonic"": 504851.015, ""expected_visual_onset_uncertainty_ms"": 8.304805000079796, ""fixed_display_latency_ms"": 0.0, ""flip_lsl_timestamp"": 504851.0465741, ""flip_monotonic"": 504851.015, ""is_no_go"": true, ""lsl_timestamp"": 504851.0465741, ""marker_push_latency_ms"": 0.0, ""measured_refresh_rate_hz"": 60.20610959501106, ""photodiode_verification_enabled"": false, ""scheduled_on_flip"": true, ""shape"": ""x"", ""timing_model"": ""psychopy_callOnFlip_plus_fixed_display_latency""}"
19,go_nogo_stimulus_offset_19_nogo_x_white,EVENT,504851.843,,"{""color"": ""white"", ""expected_frame_interval_ms"": 16.60961000015959, ""expected_refresh_rate_hz"": 60.0, ""expected_visual_onset_lsl_timestamp"": 504851.8660138, ""expected_visual_onset_monotonic"": 504851.843, ""expected_visual_onset_uncertainty_ms"": 8.304805000079796, ""fixed_display_latency_ms"": 0.0, ""flip_lsl_timestamp"": 504851.8660138, ""flip_monotonic"": 504851.843, ""is_no_go"": true, ""lsl_timestamp"": 504851.8660138, ""marker_push_latency_ms"": 0.0, ""measured_refresh_rate_hz"": 60.20610959501106, ""photodiode_verification_enabled"": false, ""scheduled_on_flip"": true, ""shape"": ""x"", ""timing_model"": ""psychopy_callOnFlip_plus_fixed_display_latency""}"
19,go_nogo_trial_complete,EVENT,504851.843,,"{""attention_challenge"": {""enabled"": false, ""expected_state"": ""normal"", ""is_cue_trial"": false}, ""button_press_count"": 0, ""commission_error"": 0, ""condition"": ""no_go"", ""correct"": true, ""correct_press"": 1, ""event_type_name"": ""go_nogo_trial_complete"", ""is_no_go"": true, ""omission_error"": 0, ""practice"": false, ""reaction_time_seconds"": null, ""schema_version"": 1, ""session_dir"": ""C:\\Users\\Surettej\\Documents\\Codespace\\eegle\\data\\participants\\sub-001-online\\sessions\\2026-07-14\\attention_lapse_go_nogo8_observe_only\\go_nogo\\run-20260714T131407"", ""source"": ""task.go_nogo"", ""stimulus_offset_lsl_timestamp"": 504851.8660138, ""stimulus_offset_monotonic"": 504851.843, ""stimulus_onset_lsl_timestamp"": 504851.0465741, ""stimulus_onset_monotonic"": 504851.015, ""task"": ""go_nogo""}"
20,go_nogo_stimulus_onset_20_nogo_x_white,EVENT,504852.578,,"{""color"": ""white"", ""expected_frame_interval_ms"": 16.60961000015959, ""expected_refresh_rate_hz"": 60.0, ""expected_visual_onset_lsl_timestamp"": 504852.6010879, ""expected_visual_onset_monotonic"": 504852.578, ""expected_visual_onset_uncertainty_ms"": 8.304805000079796, ""fixed_display_latency_ms"": 0.0, ""flip_lsl_timestamp"": 504852.6010879, ""flip_monotonic"": 504852.578, ""is_no_go"": true, ""lsl_timestamp"": 504852.6010879, ""marker_push_latency_ms"": 0.0, ""measured_refresh_rate_hz"": 60.20610959501106, ""photodiode_verification_enabled"": false, ""scheduled_on_flip"": true, ""shape"": ""x"", ""timing_model"": ""psychopy_callOnFlip_plus_fixed_display_latency""}"
20,button_press,EVENT,504852.8290847,space,"{""is_response_key"": true, ""lsl_timestamp"": 504852.8521726, ""marker_push_latency_ms"": 0.0, ""rt_from_flip_seconds"": 0.2510846999939531, ""rt_seconds"": 0.2510846999939531}"
20,go_nogo_stimulus_offset_20_nogo_x_white,EVENT,504853.39,,"{""color"": ""white"", ""expected_frame_interval_ms"": 16.60961000015959, ""expected_refresh_rate_hz"": 60.0, ""expected_visual_onset_lsl_timestamp"": 504853.416956, ""expected_visual_onset_monotonic"": 504853.39, ""expected_visual_onset_uncertainty_ms"": 8.304805000079796, ""fixed_display_latency_ms"": 0.0, ""flip_lsl_timestamp"": 504853.416956, ""flip_monotonic"": 504853.39, ""is_no_go"": true, ""lsl_timestamp"": 504853.416956, ""marker_push_latency_ms"": 0.0, ""measured_refresh_rate_hz"": 60.20610959501106, ""photodiode_verification_enabled"": false, ""scheduled_on_flip"": true, ""shape"": ""x"", ""timing_model"": ""psychopy_callOnFlip_plus_fixed_display_latency""}"
20,go_nogo_trial_complete,EVENT,504853.39,,"{""attention_challenge"": {""enabled"": false, ""expected_state"": ""normal"", ""is_cue_trial"": false}, ""button_press_count"": 1, ""commission_error"": 1, ""condition"": ""no_go"", ""correct"": false, ""correct_press"": 0, ""event_type_name"": ""go_nogo_trial_complete"", ""is_no_go"": true, ""omission_error"": 0, ""practice"": false, ""reaction_time_seconds"": 0.2510846999939531, ""schema_version"": 1, ""session_dir"": ""C:\\Users\\Surettej\\Documents\\Codespace\\eegle\\data\\participants\\sub-001-online\\sessions\\2026-07-14\\attention_lapse_go_nogo8_observe_only\\go_nogo\\run-20260714T131407"", ""source"": ""task.go_nogo"", ""stimulus_offset_lsl_timestamp"": 504853.416956, ""stimulus_offset_monotonic"": 504853.39, ""stimulus_onset_lsl_timestamp"": 504852.6010879, ""stimulus_onset_monotonic"": 504852.578, ""task"": ""go_nogo""}"
21,go_nogo_stimulus_onset_21_go_star_yellow,EVENT,504854.109,,"{""color"": ""yellow"", ""expected_frame_interval_ms"": 16.60961000015959, ""expected_refresh_rate_hz"": 60.0, ""expected_visual_onset_lsl_timestamp"": 504854.1429627, ""expected_visual_onset_monotonic"": 504854.109, ""expected_visual_onset_uncertainty_ms"": 8.304805000079796, ""fixed_display_latency_ms"": 0.0, ""flip_lsl_timestamp"": 504854.1429627, ""flip_monotonic"": 504854.109, ""is_no_go"": false, ""lsl_timestamp"": 504854.1429627, ""marker_push_latency_ms"": 0.0, ""measured_refresh_rate_hz"": 60.20610959501106, ""photodiode_verification_enabled"": false, ""scheduled_on_flip"": true, ""shape"": ""star"", ""timing_model"": ""psychopy_callOnFlip_plus_fixed_display_latency""}"
21,button_press,EVENT,504854.613004,space,"{""is_response_key"": true, ""lsl_timestamp"": 504854.6469667, ""marker_push_latency_ms"": 0.0, ""rt_from_flip_seconds"": 0.5040039999876171, ""rt_seconds"": 0.5040039999876171}"
21,go_nogo_stimulus_offset_21_go_star_yellow,EVENT,504854.921,,"{""color"": ""yellow"", ""expected_frame_interval_ms"": 16.60961000015959, ""expected_refresh_rate_hz"": 60.0, ""expected_visual_onset_lsl_timestamp"": 504854.9512651, ""expected_visual_onset_monotonic"": 504854.921, ""expected_visual_onset_uncertainty_ms"": 8.304805000079796, ""fixed_display_latency_ms"": 0.0, ""flip_lsl_timestamp"": 504854.9512651, ""flip_monotonic"": 504854.921, ""is_no_go"": false, ""lsl_timestamp"": 504854.9512651, ""marker_push_latency_ms"": 0.0, ""measured_refresh_rate_hz"": 60.20610959501106, ""photodiode_verification_enabled"": false, ""scheduled_on_flip"": true, ""shape"": ""star"", ""timing_model"": ""psychopy_callOnFlip_plus_fixed_display_latency""}"
21,go_nogo_trial_complete,EVENT,504854.921,,"{""attention_challenge"": {""enabled"": false, ""expected_state"": ""normal"", ""is_cue_trial"": false}, ""button_press_count"": 1, ""commission_error"": 0, ""condition"": ""go"", ""correct"": true, ""correct_press"": 1, ""event_type_name"": ""go_nogo_trial_complete"", ""is_no_go"": false, ""omission_error"": 0, ""practice"": false, ""reaction_time_seconds"": 0.5040039999876171, ""schema_version"": 1, ""session_dir"": ""C:\\Users\\Surettej\\Documents\\Codespace\\eegle\\data\\participants\\sub-001-online\\sessions\\2026-07-14\\attention_lapse_go_nogo8_observe_only\\go_nogo\\run-20260714T131407"", ""source"": ""task.go_nogo"", ""stimulus_offset_lsl_timestamp"": 504854.9512651, ""stimulus_offset_monotonic"": 504854.921, ""stimulus_onset_lsl_timestamp"": 504854.1429627, ""stimulus_onset_monotonic"": 504854.109, ""task"": ""go_nogo""}"
22,go_nogo_stimulus_onset_22_nogo_x_white,EVENT,504855.656,,"{""color"": ""white"", ""expected_frame_interval_ms"": 16.60961000015959, ""expected_refresh_rate_hz"": 60.0, ""expected_visual_onset_lsl_timestamp"": 504855.6861666, ""expected_visual_onset_monotonic"": 504855.656, ""expected_visual_onset_uncertainty_ms"": 8.304805000079796, ""fixed_display_latency_ms"": 0.0, ""flip_lsl_timestamp"": 504855.6861666, ""flip_monotonic"": 504855.656, ""is_no_go"": true, ""lsl_timestamp"": 504855.6861666, ""marker_push_latency_ms"": 0.0, ""measured_refresh_rate_hz"": 60.20610959501106, ""photodiode_verification_enabled"": false, ""scheduled_on_flip"": true, ""shape"": ""x"", ""timing_model"": ""psychopy_callOnFlip_plus_fixed_display_latency""}"
22,go_nogo_stimulus_offset_22_nogo_x_white,EVENT,504856.468,,"{""color"": ""white"", ""expected_frame_interval_ms"": 16.60961000015959, ""expected_refresh_rate_hz"": 60.0, ""expected_visual_onset_lsl_timestamp"": 504856.50165, ""expected_visual_onset_monotonic"": 504856.468, ""expected_visual_onset_uncertainty_ms"": 8.304805000079796, ""fixed_display_latency_ms"": 0.0, ""flip_lsl_timestamp"": 504856.50165, ""flip_monotonic"": 504856.468, ""is_no_go"": true, ""lsl_timestamp"": 504856.50165, ""marker_push_latency_ms"": 0.0, ""measured_refresh_rate_hz"": 60.20610959501106, ""photodiode_verification_enabled"": false, ""scheduled_on_flip"": true, ""shape"": ""x"", ""timing_model"": ""psychopy_callOnFlip_plus_fixed_display_latency""}"
22,go_nogo_trial_complete,EVENT,504856.484,,"{""attention_challenge"": {""enabled"": false, ""expected_state"": ""normal"", ""is_cue_trial"": false}, ""button_press_count"": 0, ""commission_error"": 0, ""condition"": ""no_go"", ""correct"": true, ""correct_press"": 1, ""event_type_name"": ""go_nogo_trial_complete"", ""is_no_go"": true, ""omission_error"": 0, ""practice"": false, ""reaction_time_seconds"": null, ""schema_version"": 1, ""session_dir"": ""C:\\Users\\Surettej\\Documents\\Codespace\\eegle\\data\\participants\\sub-001-online\\sessions\\2026-07-14\\attention_lapse_go_nogo8_observe_only\\go_nogo\\run-20260714T131407"", ""source"": ""task.go_nogo"", ""stimulus_offset_lsl_timestamp"": 504856.50165, ""stimulus_offset_monotonic"": 504856.468, ""stimulus_onset_lsl_timestamp"": 504855.6861666, ""stimulus_onset_monotonic"": 504855.656, ""task"": ""go_nogo""}"
23,go_nogo_stimulus_onset_23_go_square_yellow,EVENT,504857.203,,"{""color"": ""yellow"", ""expected_frame_interval_ms"": 16.60961000015959, ""expected_refresh_rate_hz"": 60.0, ""expected_visual_onset_lsl_timestamp"": 504857.2353454, ""expected_visual_onset_monotonic"": 504857.203, ""expected_visual_onset_uncertainty_ms"": 8.304805000079796, ""fixed_display_latency_ms"": 0.0, ""flip_lsl_timestamp"": 504857.2353454, ""flip_monotonic"": 504857.203, ""is_no_go"": false, ""lsl_timestamp"": 504857.2353454, ""marker_push_latency_ms"": 0.0, ""measured_refresh_rate_hz"": 60.20610959501106, ""photodiode_verification_enabled"": false, ""scheduled_on_flip"": true, ""shape"": ""square"", ""timing_model"": ""psychopy_callOnFlip_plus_fixed_display_latency""}"
23,go_nogo_stimulus_offset_23_go_square_yellow,EVENT,504858.031,,"{""color"": ""yellow"", ""expected_frame_interval_ms"": 16.60961000015959, ""expected_refresh_rate_hz"": 60.0, ""expected_visual_onset_lsl_timestamp"": 504858.0523246, ""expected_visual_onset_monotonic"": 504858.031, ""expected_visual_onset_uncertainty_ms"": 8.304805000079796, ""fixed_display_latency_ms"": 0.0, ""flip_lsl_timestamp"": 504858.0523246, ""flip_monotonic"": 504858.031, ""is_no_go"": false, ""lsl_timestamp"": 504858.0523246, ""marker_push_latency_ms"": 0.0, ""measured_refresh_rate_hz"": 60.20610959501106, ""photodiode_verification_enabled"": false, ""scheduled_on_flip"": true, ""shape"": ""square"", ""timing_model"": ""psychopy_callOnFlip_plus_fixed_display_latency""}"
23,go_nogo_trial_complete,EVENT,504858.031,,"{""attention_challenge"": {""enabled"": false, ""expected_state"": ""normal"", ""is_cue_trial"": false}, ""button_press_count"": 0, ""commission_error"": 0, ""condition"": ""go"", ""correct"": false, ""correct_press"": 0, ""event_type_name"": ""go_nogo_trial_complete"", ""is_no_go"": false, ""omission_error"": 1, ""practice"": false, ""reaction_time_seconds"": null, ""schema_version"": 1, ""session_dir"": ""C:\\Users\\Surettej\\Documents\\Codespace\\eegle\\data\\participants\\sub-001-online\\sessions\\2026-07-14\\attention_lapse_go_nogo8_observe_only\\go_nogo\\run-20260714T131407"", ""source"": ""task.go_nogo"", ""stimulus_offset_lsl_timestamp"": 504858.0523246, ""stimulus_offset_monotonic"": 504858.031, ""stimulus_onset_lsl_timestamp"": 504857.2353454, ""stimulus_onset_monotonic"": 504857.203, ""task"": ""go_nogo""}"
24,go_nogo_stimulus_onset_24_go_star_yellow,EVENT,504858.75,,"{""color"": ""yellow"", ""expected_frame_interval_ms"": 16.60961000015959, ""expected_refresh_rate_hz"": 60.0, ""expected_visual_onset_lsl_timestamp"": 504858.7774052, ""expected_visual_onset_monotonic"": 504858.75, ""expected_visual_onset_uncertainty_ms"": 8.304805000079796, ""fixed_display_latency_ms"": 0.0, ""flip_lsl_timestamp"": 504858.7774052, ""flip_monotonic"": 504858.75, ""is_no_go"": false, ""lsl_timestamp"": 504858.7774052, ""marker_push_latency_ms"": 0.0, ""measured_refresh_rate_hz"": 60.20610959501106, ""photodiode_verification_enabled"": false, ""scheduled_on_flip"": true, ""shape"": ""star"", ""timing_model"": ""psychopy_callOnFlip_plus_fixed_display_latency""}"
24,button_press,EVENT,504859.1314815,space,"{""is_response_key"": true, ""lsl_timestamp"": 504859.1588867, ""marker_push_latency_ms"": 0.0, ""rt_from_flip_seconds"": 0.3814814999932423, ""rt_seconds"": 0.3814814999932423}"
24,go_nogo_stimulus_offset_24_go_star_yellow,EVENT,504859.562,,"{""color"": ""yellow"", ""expected_frame_interval_ms"": 16.60961000015959, ""expected_refresh_rate_hz"": 60.0, ""expected_visual_onset_lsl_timestamp"": 504859.5863451, ""expected_visual_onset_monotonic"": 504859.562, ""expected_visual_onset_uncertainty_ms"": 8.304805000079796, ""fixed_display_latency_ms"": 0.0, ""flip_lsl_timestamp"": 504859.5863451, ""flip_monotonic"": 504859.562, ""is_no_go"": false, ""lsl_timestamp"": 504859.5863451, ""marker_push_latency_ms"": 0.0, ""measured_refresh_rate_hz"": 60.20610959501106, ""photodiode_verification_enabled"": false, ""scheduled_on_flip"": true, ""shape"": ""star"", ""timing_model"": ""psychopy_callOnFlip_plus_fixed_display_latency""}"
24,go_nogo_trial_complete,EVENT,504859.562,,"{""attention_challenge"": {""enabled"": false, ""expected_state"": ""normal"", ""is_cue_trial"": false}, ""button_press_count"": 1, ""commission_error"": 0, ""condition"": ""go"", ""correct"": true, ""correct_press"": 1, ""event_type_name"": ""go_nogo_trial_complete"", ""is_no_go"": false, ""omission_error"": 0, ""practice"": false, ""reaction_time_seconds"": 0.3814814999932423, ""schema_version"": 1, ""session_dir"": ""C:\\Users\\Surettej\\Documents\\Codespace\\eegle\\data\\participants\\sub-001-online\\sessions\\2026-07-14\\attention_lapse_go_nogo8_observe_only\\go_nogo\\run-20260714T131407"", ""source"": ""task.go_nogo"", ""stimulus_offset_lsl_timestamp"": 504859.5863451, ""stimulus_offset_monotonic"": 504859.562, ""stimulus_onset_lsl_timestamp"": 504858.7774052, ""stimulus_onset_monotonic"": 504858.75, ""task"": ""go_nogo""}"
25,go_nogo_stimulus_onset_25_go_square_magenta,EVENT,504860.281,,"{""color"": ""magenta"", ""expected_frame_interval_ms"": 16.60961000015959, ""expected_refresh_rate_hz"": 60.0, ""expected_visual_onset_lsl_timestamp"": 504860.3111715, ""expected_visual_onset_monotonic"": 504860.281, ""expected_visual_onset_uncertainty_ms"": 8.304805000079796, ""fixed_display_latency_ms"": 0.0, ""flip_lsl_timestamp"": 504860.3111715, ""flip_monotonic"": 504860.281, ""is_no_go"": false, ""lsl_timestamp"": 504860.3111715, ""marker_push_latency_ms"": 0.0, ""measured_refresh_rate_hz"": 60.20610959501106, ""photodiode_verification_enabled"": false, ""scheduled_on_flip"": true, ""shape"": ""square"", ""timing_model"": ""psychopy_callOnFlip_plus_fixed_display_latency""}"
25,button_press,EVENT,504860.615461,space,"{""is_response_key"": true, ""lsl_timestamp"": 504860.6456325, ""marker_push_latency_ms"": 0.0, ""rt_from_flip_seconds"": 0.3344609999912791, ""rt_seconds"": 0.3344609999912791}"
25,go_nogo_stimulus_offset_25_go_square_magenta,EVENT,504861.093,,"{""color"": ""magenta"", ""expected_frame_interval_ms"": 16.60961000015959, ""expected_refresh_rate_hz"": 60.0, ""expected_visual_onset_lsl_timestamp"": 504861.1219085, ""expected_visual_onset_monotonic"": 504861.093, ""expected_visual_onset_uncertainty_ms"": 8.304805000079796, ""fixed_display_latency_ms"": 0.0, ""flip_lsl_timestamp"": 504861.1219085, ""flip_monotonic"": 504861.093, ""is_no_go"": false, ""lsl_timestamp"": 504861.1219085, ""marker_push_latency_ms"": 0.0, ""measured_refresh_rate_hz"": 60.20610959501106, ""photodiode_verification_enabled"": false, ""scheduled_on_flip"": true, ""shape"": ""square"", ""timing_model"": ""psychopy_callOnFlip_plus_fixed_display_latency""}"
25,go_nogo_trial_complete,EVENT,504861.093,,"{""attention_challenge"": {""enabled"": false, ""expected_state"": ""normal"", ""is_cue_trial"": false}, ""button_press_count"": 1, ""commission_error"": 0, ""condition"": ""go"", ""correct"": true, ""correct_press"": 1, ""event_type_name"": ""go_nogo_trial_complete"", ""is_no_go"": false, ""omission_error"": 0, ""practice"": false, ""reaction_time_seconds"": 0.3344609999912791, ""schema_version"": 1, ""session_dir"": ""C:\\Users\\Surettej\\Documents\\Codespace\\eegle\\data\\participants\\sub-001-online\\sessions\\2026-07-14\\attention_lapse_go_nogo8_observe_only\\go_nogo\\run-20260714T131407"", ""source"": ""task.go_nogo"", ""stimulus_offset_lsl_timestamp"": 504861.1219085, ""stimulus_offset_monotonic"": 504861.093, ""stimulus_onset_lsl_timestamp"": 504860.3111715, ""stimulus_onset_monotonic"": 504860.281, ""task"": ""go_nogo""}"
26,go_nogo_stimulus_onset_26_go_triangle_green,EVENT,504861.812,,"{""color"": ""green"", ""expected_frame_interval_ms"": 16.60961000015959, ""expected_refresh_rate_hz"": 60.0, ""expected_visual_onset_lsl_timestamp"": 504861.8472893, ""expected_visual_onset_monotonic"": 504861.812, ""expected_visual_onset_uncertainty_ms"": 8.304805000079796, ""fixed_display_latency_ms"": 0.0, ""flip_lsl_timestamp"": 504861.8472893, ""flip_monotonic"": 504861.812, ""is_no_go"": false, ""lsl_timestamp"": 504861.8472893, ""marker_push_latency_ms"": 0.0, ""measured_refresh_rate_hz"": 60.20610959501106, ""photodiode_verification_enabled"": false, ""scheduled_on_flip"": true, ""shape"": ""triangle"", ""timing_model"": ""psychopy_callOnFlip_plus_fixed_display_latency""}"
26,button_press,EVENT,504862.1297068999,space,"{""is_response_key"": true, ""lsl_timestamp"": 504862.16499619995, ""marker_push_latency_ms"": 0.0, ""rt_from_flip_seconds"": 0.3177068999502808, ""rt_seconds"": 0.3177068999502808}"
26,go_nogo_stimulus_offset_26_go_triangle_green,EVENT,504862.625,,"{""color"": ""green"", ""expected_frame_interval_ms"": 16.60961000015959, ""expected_refresh_rate_hz"": 60.0, ""expected_visual_onset_lsl_timestamp"": 504862.6563869, ""expected_visual_onset_monotonic"": 504862.625, ""expected_visual_onset_uncertainty_ms"": 8.304805000079796, ""fixed_display_latency_ms"": 0.0, ""flip_lsl_timestamp"": 504862.6563869, ""flip_monotonic"": 504862.625, ""is_no_go"": false, ""lsl_timestamp"": 504862.6563869, ""marker_push_latency_ms"": 0.0, ""measured_refresh_rate_hz"": 60.20610959501106, ""photodiode_verification_enabled"": false, ""scheduled_on_flip"": true, ""shape"": ""triangle"", ""timing_model"": ""psychopy_callOnFlip_plus_fixed_display_latency""}"
26,go_nogo_trial_complete,EVENT,504862.64,,"{""attention_challenge"": {""enabled"": false, ""expected_state"": ""normal"", ""is_cue_trial"": false}, ""button_press_count"": 1, ""commission_error"": 0, ""condition"": ""go"", ""correct"": true, ""correct_press"": 1, ""event_type_name"": ""go_nogo_trial_complete"", ""is_no_go"": false, ""omission_error"": 0, ""practice"": false, ""reaction_time_seconds"": 0.3177068999502808, ""schema_version"": 1, ""session_dir"": ""C:\\Users\\Surettej\\Documents\\Codespace\\eegle\\data\\participants\\sub-001-online\\sessions\\2026-07-14\\attention_lapse_go_nogo8_observe_only\\go_nogo\\run-20260714T131407"", ""source"": ""task.go_nogo"", ""stimulus_offset_lsl_timestamp"": 504862.6563869, ""stimulus_offset_monotonic"": 504862.625, ""stimulus_onset_lsl_timestamp"": 504861.8472893, ""stimulus_onset_monotonic"": 504861.812, ""task"": ""go_nogo""}"
27,go_nogo_stimulus_onset_27_go_hexagon_red,EVENT,504863.359,,"{""color"": ""red"", ""expected_frame_interval_ms"": 16.60961000015959, ""expected_refresh_rate_hz"": 60.0, ""expected_visual_onset_lsl_timestamp"": 504863.3840136, ""expected_visual_onset_monotonic"": 504863.359, ""expected_visual_onset_uncertainty_ms"": 8.304805000079796, ""fixed_display_latency_ms"": 0.0, ""flip_lsl_timestamp"": 504863.3840136, ""flip_monotonic"": 504863.359, ""is_no_go"": false, ""lsl_timestamp"": 504863.3840136, ""marker_push_latency_ms"": 0.0, ""measured_refresh_rate_hz"": 60.20610959501106, ""photodiode_verification_enabled"": false, ""scheduled_on_flip"": true, ""shape"": ""hexagon"", ""timing_model"": ""psychopy_callOnFlip_plus_fixed_display_latency""}"
27,button_press,EVENT,504863.7635425,space,"{""is_response_key"": true, ""lsl_timestamp"": 504863.7885561, ""marker_push_latency_ms"": 0.0, ""rt_from_flip_seconds"": 0.40454249997856095, ""rt_seconds"": 0.40454249997856095}"
27,go_nogo_stimulus_offset_27_go_hexagon_red,EVENT,504864.156,,"{""color"": ""red"", ""expected_frame_interval_ms"": 16.60961000015959, ""expected_refresh_rate_hz"": 60.0, ""expected_visual_onset_lsl_timestamp"": 504864.19074, ""expected_visual_onset_monotonic"": 504864.156, ""expected_visual_onset_uncertainty_ms"": 8.304805000079796, ""fixed_display_latency_ms"": 0.0, ""flip_lsl_timestamp"": 504864.19074, ""flip_monotonic"": 504864.156, ""is_no_go"": false, ""lsl_timestamp"": 504864.19074, ""marker_push_latency_ms"": 0.0, ""measured_refresh_rate_hz"": 60.20610959501106, ""photodiode_verification_enabled"": false, ""scheduled_on_flip"": true, ""shape"": ""hexagon"", ""timing_model"": ""psychopy_callOnFlip_plus_fixed_display_latency""}"
27,go_nogo_trial_complete,EVENT,504864.171,,"{""attention_challenge"": {""enabled"": false, ""expected_state"": ""normal"", ""is_cue_trial"": false}, ""button_press_count"": 1, ""commission_error"": 0, ""condition"": ""go"", ""correct"": true, ""correct_press"": 1, ""event_type_name"": ""go_nogo_trial_complete"", ""is_no_go"": false, ""omission_error"": 0, ""practice"": false, ""reaction_time_seconds"": 0.40454249997856095, ""schema_version"": 1, ""session_dir"": ""C:\\Users\\Surettej\\Documents\\Codespace\\eegle\\data\\participants\\sub-001-online\\sessions\\2026-07-14\\attention_lapse_go_nogo8_observe_only\\go_nogo\\run-20260714T131407"", ""source"": ""task.go_nogo"", ""stimulus_offset_lsl_timestamp"": 504864.19074, ""stimulus_offset_monotonic"": 504864.156, ""stimulus_onset_lsl_timestamp"": 504863.3840136, ""stimulus_onset_monotonic"": 504863.359, ""task"": ""go_nogo""}"
28,go_nogo_stimulus_onset_28_go_star_blue,EVENT,504864.89,,"{""color"": ""blue"", ""expected_frame_interval_ms"": 16.60961000015959, ""expected_refresh_rate_hz"": 60.0, ""expected_visual_onset_lsl_timestamp"": 504864.9234545, ""expected_visual_onset_monotonic"": 504864.89, ""expected_visual_onset_uncertainty_ms"": 8.304805000079796, ""fixed_display_latency_ms"": 0.0, ""flip_lsl_timestamp"": 504864.9234545, ""flip_monotonic"": 504864.89, ""is_no_go"": false, ""lsl_timestamp"": 504864.9234545, ""marker_push_latency_ms"": 0.0, ""measured_refresh_rate_hz"": 60.20610959501106, ""photodiode_verification_enabled"": false, ""scheduled_on_flip"": true, ""shape"": ""star"", ""timing_model"": ""psychopy_callOnFlip_plus_fixed_display_latency""}"
28,button_press,EVENT,504865.39569800004,space,"{""is_response_key"": true, ""lsl_timestamp"": 504865.4291525, ""marker_push_latency_ms"": 0.0, ""rt_from_flip_seconds"": 0.5056980000226758, ""rt_seconds"": 0.5056980000226758}"
28,go_nogo_stimulus_offset_28_go_star_blue,EVENT,504865.703,,"{""color"": ""blue"", ""expected_frame_interval_ms"": 16.60961000015959, ""expected_refresh_rate_hz"": 60.0, ""expected_visual_onset_lsl_timestamp"": 504865.7311975, ""expected_visual_onset_monotonic"": 504865.703, ""expected_visual_onset_uncertainty_ms"": 8.304805000079796, ""fixed_display_latency_ms"": 0.0, ""flip_lsl_timestamp"": 504865.7311975, ""flip_monotonic"": 504865.703, ""is_no_go"": false, ""lsl_timestamp"": 504865.7311975, ""marker_push_latency_ms"": 0.0, ""measured_refresh_rate_hz"": 60.20610959501106, ""photodiode_verification_enabled"": false, ""scheduled_on_flip"": true, ""shape"": ""star"", ""timing_model"": ""psychopy_callOnFlip_plus_fixed_display_latency""}"
28,go_nogo_trial_complete,EVENT,504865.703,,"{""attention_challenge"": {""enabled"": false, ""expected_state"": ""normal"", ""is_cue_trial"": false}, ""button_press_count"": 1, ""commission_error"": 0, ""condition"": ""go"", ""correct"": true, ""correct_press"": 1, ""event_type_name"": ""go_nogo_trial_complete"", ""is_no_go"": false, ""omission_error"": 0, ""practice"": false, ""reaction_time_seconds"": 0.5056980000226758, ""schema_version"": 1, ""session_dir"": ""C:\\Users\\Surettej\\Documents\\Codespace\\eegle\\data\\participants\\sub-001-online\\sessions\\2026-07-14\\attention_lapse_go_nogo8_observe_only\\go_nogo\\run-20260714T131407"", ""source"": ""task.go_nogo"", ""stimulus_offset_lsl_timestamp"": 504865.7311975, ""stimulus_offset_monotonic"": 504865.703, ""stimulus_onset_lsl_timestamp"": 504864.9234545, ""stimulus_onset_monotonic"": 504864.89, ""task"": ""go_nogo""}"
29,go_nogo_stimulus_onset_29_go_star_blue,EVENT,504866.437,,"{""color"": ""blue"", ""expected_frame_interval_ms"": 16.60961000015959, ""expected_refresh_rate_hz"": 60.0, ""expected_visual_onset_lsl_timestamp"": 504866.4582716, ""expected_visual_onset_monotonic"": 504866.437, ""expected_visual_onset_uncertainty_ms"": 8.304805000079796, ""fixed_display_latency_ms"": 0.0, ""flip_lsl_timestamp"": 504866.4582716, ""flip_monotonic"": 504866.437, ""is_no_go"": false, ""lsl_timestamp"": 504866.4582716, ""marker_push_latency_ms"": 0.0, ""measured_refresh_rate_hz"": 60.20610959501106, ""photodiode_verification_enabled"": false, ""scheduled_on_flip"": true, ""shape"": ""star"", ""timing_model"": ""psychopy_callOnFlip_plus_fixed_display_latency""}"
29,button_press,EVENT,504866.8628665,space,"{""is_response_key"": true, ""lsl_timestamp"": 504866.8841381, ""marker_push_latency_ms"": 0.0, ""rt_from_flip_seconds"": 0.4258665000088513, ""rt_seconds"": 0.4258665000088513}"
29,go_nogo_stimulus_offset_29_go_star_blue,EVENT,504867.234,,"{""color"": ""blue"", ""expected_frame_interval_ms"": 16.60961000015959, ""expected_refresh_rate_hz"": 60.0, ""expected_visual_onset_lsl_timestamp"": 504867.2673829, ""expected_visual_onset_monotonic"": 504867.234, ""expected_visual_onset_uncertainty_ms"": 8.304805000079796, ""fixed_display_latency_ms"": 0.0, ""flip_lsl_timestamp"": 504867.2673829, ""flip_monotonic"": 504867.234, ""is_no_go"": false, ""lsl_timestamp"": 504867.2673829, ""marker_push_latency_ms"": 0.0, ""measured_refresh_rate_hz"": 60.20610959501106, ""photodiode_verification_enabled"": false, ""scheduled_on_flip"": true, ""shape"": ""star"", ""timing_model"": ""psychopy_callOnFlip_plus_fixed_display_latency""}"
29,go_nogo_trial_complete,EVENT,504867.25,,"{""attention_challenge"": {""enabled"": false, ""expected_state"": ""normal"", ""is_cue_trial"": false}, ""button_press_count"": 1, ""commission_error"": 0, ""condition"": ""go"", ""correct"": true, ""correct_press"": 1, ""event_type_name"": ""go_nogo_trial_complete"", ""is_no_go"": false, ""omission_error"": 0, ""practice"": false, ""reaction_time_seconds"": 0.4258665000088513, ""schema_version"": 1, ""session_dir"": ""C:\\Users\\Surettej\\Documents\\Codespace\\eegle\\data\\participants\\sub-001-online\\sessions\\2026-07-14\\attention_lapse_go_nogo8_observe_only\\go_nogo\\run-20260714T131407"", ""source"": ""task.go_nogo"", ""stimulus_offset_lsl_timestamp"": 504867.2673829, ""stimulus_offset_monotonic"": 504867.234, ""stimulus_onset_lsl_timestamp"": 504866.4582716, ""stimulus_onset_monotonic"": 504866.437, ""task"": ""go_nogo""}"
30,go_nogo_stimulus_onset_30_go_star_yellow,EVENT,504867.984,,"{""color"": ""yellow"", ""expected_frame_interval_ms"": 16.60961000015959, ""expected_refresh_rate_hz"": 60.0, ""expected_visual_onset_lsl_timestamp"": 504868.0069048, ""expected_visual_onset_monotonic"": 504867.984, ""expected_visual_onset_uncertainty_ms"": 8.304805000079796, ""fixed_display_latency_ms"": 0.0, ""flip_lsl_timestamp"": 504868.0069048, ""flip_monotonic"": 504867.984, ""is_no_go"": false, ""lsl_timestamp"": 504868.0069048, ""marker_push_latency_ms"": 0.0, ""measured_refresh_rate_hz"": 60.20610959501106, ""photodiode_verification_enabled"": false, ""scheduled_on_flip"": true, ""shape"": ""star"", ""timing_model"": ""psychopy_callOnFlip_plus_fixed_display_latency""}"
30,button_press,EVENT,504868.31722060003,space,"{""is_response_key"": true, ""lsl_timestamp"": 504868.34012540005, ""marker_push_latency_ms"": 0.0, ""rt_from_flip_seconds"": 0.33322060003411025, ""rt_seconds"": 0.33322060003411025}"
30,go_nogo_stimulus_offset_30_go_star_yellow,EVENT,504868.796,,"{""color"": ""yellow"", ""expected_frame_interval_ms"": 16.60961000015959, ""expected_refresh_rate_hz"": 60.0, ""expected_visual_onset_lsl_timestamp"": 504868.8239746, ""expected_visual_onset_monotonic"": 504868.796, ""expected_visual_onset_uncertainty_ms"": 8.304805000079796, ""fixed_display_latency_ms"": 0.0, ""flip_lsl_timestamp"": 504868.8239746, ""flip_monotonic"": 504868.796, ""is_no_go"": false, ""lsl_timestamp"": 504868.8239746, ""marker_push_latency_ms"": 0.0, ""measured_refresh_rate_hz"": 60.20610959501106, ""photodiode_verification_enabled"": false, ""scheduled_on_flip"": true, ""shape"": ""star"", ""timing_model"": ""psychopy_callOnFlip_plus_fixed_display_latency""}"
30,go_nogo_trial_complete,EVENT,504868.796,,"{""attention_challenge"": {""enabled"": false, ""expected_state"": ""normal"", ""is_cue_trial"": false}, ""button_press_count"": 1, ""commission_error"": 0, ""condition"": ""go"", ""correct"": true, ""correct_press"": 1, ""event_type_name"": ""go_nogo_trial_complete"", ""is_no_go"": false, ""omission_error"": 0, ""practice"": false, ""reaction_time_seconds"": 0.33322060003411025, ""schema_version"": 1, ""session_dir"": ""C:\\Users\\Surettej\\Documents\\Codespace\\eegle\\data\\participants\\sub-001-online\\sessions\\2026-07-14\\attention_lapse_go_nogo8_observe_only\\go_nogo\\run-20260714T131407"", ""source"": ""task.go_nogo"", ""stimulus_offset_lsl_timestamp"": 504868.8239746, ""stimulus_offset_monotonic"": 504868.796, ""stimulus_onset_lsl_timestamp"": 504868.0069048, ""stimulus_onset_monotonic"": 504867.984, ""task"": ""go_nogo""}"
31,go_nogo_stimulus_onset_31_nogo_x_white,EVENT,504869.531,,"{""color"": ""white"", ""expected_frame_interval_ms"": 16.60961000015959, ""expected_refresh_rate_hz"": 60.0, ""expected_visual_onset_lsl_timestamp"": 504869.5573095, ""expected_visual_onset_monotonic"": 504869.531, ""expected_visual_onset_uncertainty_ms"": 8.304805000079796, ""fixed_display_latency_ms"": 0.0, ""flip_lsl_timestamp"": 504869.5573095, ""flip_monotonic"": 504869.531, ""is_no_go"": true, ""lsl_timestamp"": 504869.5573095, ""marker_push_latency_ms"": 0.0, ""measured_refresh_rate_hz"": 60.20610959501106, ""photodiode_verification_enabled"": false, ""scheduled_on_flip"": true, ""shape"": ""x"", ""timing_model"": ""psychopy_callOnFlip_plus_fixed_display_latency""}"
31,go_nogo_stimulus_offset_31_nogo_x_white,EVENT,504870.343,,"{""color"": ""white"", ""expected_frame_interval_ms"": 16.60961000015959, ""expected_refresh_rate_hz"": 60.0, ""expected_visual_onset_lsl_timestamp"": 504870.3649987, ""expected_visual_onset_monotonic"": 504870.343, ""expected_visual_onset_uncertainty_ms"": 8.304805000079796, ""fixed_display_latency_ms"": 0.0, ""flip_lsl_timestamp"": 504870.3649987, ""flip_monotonic"": 504870.343, ""is_no_go"": true, ""lsl_timestamp"": 504870.3649987, ""marker_push_latency_ms"": 0.0, ""measured_refresh_rate_hz"": 60.20610959501106, ""photodiode_verification_enabled"": false, ""scheduled_on_flip"": true, ""shape"": ""x"", ""timing_model"": ""psychopy_callOnFlip_plus_fixed_display_latency""}"
31,go_nogo_trial_complete,EVENT,504870.343,,"{""attention_challenge"": {""enabled"": false, ""expected_state"": ""normal"", ""is_cue_trial"": false}, ""button_press_count"": 0, ""commission_error"": 0, ""condition"": ""no_go"", ""correct"": true, ""correct_press"": 1, ""event_type_name"": ""go_nogo_trial_complete"", ""is_no_go"": true, ""omission_error"": 0, ""practice"": false, ""reaction_time_seconds"": null, ""schema_version"": 1, ""session_dir"": ""C:\\Users\\Surettej\\Documents\\Codespace\\eegle\\data\\participants\\sub-001-online\\sessions\\2026-07-14\\attention_lapse_go_nogo8_observe_only\\go_nogo\\run-20260714T131407"", ""source"": ""task.go_nogo"", ""stimulus_offset_lsl_timestamp"": 504870.3649987, ""stimulus_offset_monotonic"": 504870.343, ""stimulus_onset_lsl_timestamp"": 504869.5573095, ""stimulus_onset_monotonic"": 504869.531, ""task"": ""go_nogo""}"
32,go_nogo_stimulus_onset_32_go_square_red,EVENT,504871.062,,"{""color"": ""red"", ""expected_frame_interval_ms"": 16.60961000015959, ""expected_refresh_rate_hz"": 60.0, ""expected_visual_onset_lsl_timestamp"": 504871.0902027, ""expected_visual_onset_monotonic"": 504871.062, ""expected_visual_onset_uncertainty_ms"": 8.304805000079796, ""fixed_display_latency_ms"": 0.0, ""flip_lsl_timestamp"": 504871.0902027, ""flip_monotonic"": 504871.062, ""is_no_go"": false, ""lsl_timestamp"": 504871.0902027, ""marker_push_latency_ms"": 0.0, ""measured_refresh_rate_hz"": 60.20610959501106, ""photodiode_verification_enabled"": false, ""scheduled_on_flip"": true, ""shape"": ""square"", ""timing_model"": ""psychopy_callOnFlip_plus_fixed_display_latency""}"
32,button_press,EVENT,504871.4188816,space,"{""is_response_key"": true, ""lsl_timestamp"": 504871.44708430005, ""marker_push_latency_ms"": 0.0, ""rt_from_flip_seconds"": 0.35688160004792735, ""rt_seconds"": 0.35688160004792735}"
32,go_nogo_stimulus_offset_32_go_square_red,EVENT,504871.875,,"{""color"": ""red"", ""expected_frame_interval_ms"": 16.60961000015959, ""expected_refresh_rate_hz"": 60.0, ""expected_visual_onset_lsl_timestamp"": 504871.9007224, ""expected_visual_onset_monotonic"": 504871.875, ""expected_visual_onset_uncertainty_ms"": 8.304805000079796, ""fixed_display_latency_ms"": 0.0, ""flip_lsl_timestamp"": 504871.9007224, ""flip_monotonic"": 504871.875, ""is_no_go"": false, ""lsl_timestamp"": 504871.9007224, ""marker_push_latency_ms"": 0.0, ""measured_refresh_rate_hz"": 60.20610959501106, ""photodiode_verification_enabled"": false, ""scheduled_on_flip"": true, ""shape"": ""square"", ""timing_model"": ""psychopy_callOnFlip_plus_fixed_display_latency""}"
32,go_nogo_trial_complete,EVENT,504871.875,,"{""attention_challenge"": {""enabled"": false, ""expected_state"": ""normal"", ""is_cue_trial"": false}, ""button_press_count"": 1, ""commission_error"": 0, ""condition"": ""go"", ""correct"": true, ""correct_press"": 1, ""event_type_name"": ""go_nogo_trial_complete"", ""is_no_go"": false, ""omission_error"": 0, ""practice"": false, ""reaction_time_seconds"": 0.35688160004792735, ""schema_version"": 1, ""session_dir"": ""C:\\Users\\Surettej\\Documents\\Codespace\\eegle\\data\\participants\\sub-001-online\\sessions\\2026-07-14\\attention_lapse_go_nogo8_observe_only\\go_nogo\\run-20260714T131407"", ""source"": ""task.go_nogo"", ""stimulus_offset_lsl_timestamp"": 504871.9007224, ""stimulus_offset_monotonic"": 504871.875, ""stimulus_onset_lsl_timestamp"": 504871.0902027, ""stimulus_onset_monotonic"": 504871.062, ""task"": ""go_nogo""}"
33,go_nogo_stimulus_onset_33_nogo_x_white,EVENT,504872.609,,"{""color"": ""white"", ""expected_frame_interval_ms"": 16.60961000015959, ""expected_refresh_rate_hz"": 60.0, ""expected_visual_onset_lsl_timestamp"": 504872.6421995, ""expected_visual_onset_monotonic"": 504872.609, ""expected_visual_onset_uncertainty_ms"": 8.304805000079796, ""fixed_display_latency_ms"": 0.0, ""flip_lsl_timestamp"": 504872.6421995, ""flip_monotonic"": 504872.609, ""is_no_go"": true, ""lsl_timestamp"": 504872.6421995, ""marker_push_latency_ms"": 0.0, ""measured_refresh_rate_hz"": 60.20610959501106, ""photodiode_verification_enabled"": false, ""scheduled_on_flip"": true, ""shape"": ""x"", ""timing_model"": ""psychopy_callOnFlip_plus_fixed_display_latency""}"
33,go_nogo_stimulus_offset_33_nogo_x_white,EVENT,504873.437,,"{""color"": ""white"", ""expected_frame_interval_ms"": 16.60961000015959, ""expected_refresh_rate_hz"": 60.0, ""expected_visual_onset_lsl_timestamp"": 504873.4593342, ""expected_visual_onset_monotonic"": 504873.437, ""expected_visual_onset_uncertainty_ms"": 8.304805000079796, ""fixed_display_latency_ms"": 0.0, ""flip_lsl_timestamp"": 504873.4593342, ""flip_monotonic"": 504873.437, ""is_no_go"": true, ""lsl_timestamp"": 504873.4593342, ""marker_push_latency_ms"": 0.0, ""measured_refresh_rate_hz"": 60.20610959501106, ""photodiode_verification_enabled"": false, ""scheduled_on_flip"": true, ""shape"": ""x"", ""timing_model"": ""psychopy_callOnFlip_plus_fixed_display_latency""}"
33,go_nogo_trial_complete,EVENT,504873.437,,"{""attention_challenge"": {""enabled"": false, ""expected_state"": ""normal"", ""is_cue_trial"": false}, ""button_press_count"": 0, ""commission_error"": 0, ""condition"": ""no_go"", ""correct"": true, ""correct_press"": 1, ""event_type_name"": ""go_nogo_trial_complete"", ""is_no_go"": true, ""omission_error"": 0, ""practice"": false, ""reaction_time_seconds"": null, ""schema_version"": 1, ""session_dir"": ""C:\\Users\\Surettej\\Documents\\Codespace\\eegle\\data\\participants\\sub-001-online\\sessions\\2026-07-14\\attention_lapse_go_nogo8_observe_only\\go_nogo\\run-20260714T131407"", ""source"": ""task.go_nogo"", ""stimulus_offset_lsl_timestamp"": 504873.4593342, ""stimulus_offset_monotonic"": 504873.437, ""stimulus_onset_lsl_timestamp"": 504872.6421995, ""stimulus_onset_monotonic"": 504872.609, ""task"": ""go_nogo""}"
34,go_nogo_stimulus_onset_34_go_star_green,EVENT,504874.156,,"{""color"": ""green"", ""expected_frame_interval_ms"": 16.60961000015959, ""expected_refresh_rate_hz"": 60.0, ""expected_visual_onset_lsl_timestamp"": 504874.187707, ""expected_visual_onset_monotonic"": 504874.156, ""expected_visual_onset_uncertainty_ms"": 8.304805000079796, ""fixed_display_latency_ms"": 0.0, ""flip_lsl_timestamp"": 504874.187707, ""flip_monotonic"": 504874.156, ""is_no_go"": false, ""lsl_timestamp"": 504874.187707, ""marker_push_latency_ms"": 0.0, ""measured_refresh_rate_hz"": 60.20610959501106, ""photodiode_verification_enabled"": false, ""scheduled_on_flip"": true, ""shape"": ""star"", ""timing_model"": ""psychopy_callOnFlip_plus_fixed_display_latency""}"
34,button_press,EVENT,504874.4452166,space,"{""is_response_key"": true, ""lsl_timestamp"": 504874.4769236, ""marker_push_latency_ms"": 0.0, ""rt_from_flip_seconds"": 0.2892166000092402, ""rt_seconds"": 0.2892166000092402}"
34,go_nogo_stimulus_offset_34_go_star_green,EVENT,504874.968,,"{""color"": ""green"", ""expected_frame_interval_ms"": 16.60961000015959, ""expected_refresh_rate_hz"": 60.0, ""expected_visual_onset_lsl_timestamp"": 504874.9967551, ""expected_visual_onset_monotonic"": 504874.968, ""expected_visual_onset_uncertainty_ms"": 8.304805000079796, ""fixed_display_latency_ms"": 0.0, ""flip_lsl_timestamp"": 504874.9967551, ""flip_monotonic"": 504874.968, ""is_no_go"": false, ""lsl_timestamp"": 504874.9967551, ""marker_push_latency_ms"": 0.0, ""measured_refresh_rate_hz"": 60.20610959501106, ""photodiode_verification_enabled"": false, ""scheduled_on_flip"": true, ""shape"": ""star"", ""timing_model"": ""psychopy_callOnFlip_plus_fixed_display_latency""}"
34,go_nogo_trial_complete,EVENT,504874.968,,"{""attention_challenge"": {""enabled"": false, ""expected_state"": ""normal"", ""is_cue_trial"": false}, ""button_press_count"": 1, ""commission_error"": 0, ""condition"": ""go"", ""correct"": true, ""correct_press"": 1, ""event_type_name"": ""go_nogo_trial_complete"", ""is_no_go"": false, ""omission_error"": 0, ""practice"": false, ""reaction_time_seconds"": 0.2892166000092402, ""schema_version"": 1, ""session_dir"": ""C:\\Users\\Surettej\\Documents\\Codespace\\eegle\\data\\participants\\sub-001-online\\sessions\\2026-07-14\\attention_lapse_go_nogo8_observe_only\\go_nogo\\run-20260714T131407"", ""source"": ""task.go_nogo"", ""stimulus_offset_lsl_timestamp"": 504874.9967551, ""stimulus_offset_monotonic"": 504874.968, ""stimulus_onset_lsl_timestamp"": 504874.187707, ""stimulus_onset_monotonic"": 504874.156, ""task"": ""go_nogo""}"
35,go_nogo_stimulus_onset_35_nogo_x_white,EVENT,504875.703,,"{""color"": ""white"", ""expected_frame_interval_ms"": 16.60961000015959, ""expected_refresh_rate_hz"": 60.0, ""expected_visual_onset_lsl_timestamp"": 504875.7277482, ""expected_visual_onset_monotonic"": 504875.703, ""expected_visual_onset_uncertainty_ms"": 8.304805000079796, ""fixed_display_latency_ms"": 0.0, ""flip_lsl_timestamp"": 504875.7277482, ""flip_monotonic"": 504875.703, ""is_no_go"": true, ""lsl_timestamp"": 504875.7277482, ""marker_push_latency_ms"": 0.0, ""measured_refresh_rate_hz"": 60.20610959501106, ""photodiode_verification_enabled"": false, ""scheduled_on_flip"": true, ""shape"": ""x"", ""timing_model"": ""psychopy_callOnFlip_plus_fixed_display_latency""}"
35,button_press,EVENT,504876.06904709997,space,"{""is_response_key"": true, ""lsl_timestamp"": 504876.0937953, ""marker_push_latency_ms"": 0.0, ""rt_from_flip_seconds"": 0.36604709998937324, ""rt_seconds"": 0.36604709998937324}"
35,go_nogo_stimulus_offset_35_nogo_x_white,EVENT,504876.515,,"{""color"": ""white"", ""expected_frame_interval_ms"": 16.60961000015959, ""expected_refresh_rate_hz"": 60.0, ""expected_visual_onset_lsl_timestamp"": 504876.5372106, ""expected_visual_onset_monotonic"": 504876.515, ""expected_visual_onset_uncertainty_ms"": 8.304805000079796, ""fixed_display_latency_ms"": 0.0, ""flip_lsl_timestamp"": 504876.5372106, ""flip_monotonic"": 504876.515, ""is_no_go"": true, ""lsl_timestamp"": 504876.5372106, ""marker_push_latency_ms"": 0.0, ""measured_refresh_rate_hz"": 60.20610959501106, ""photodiode_verification_enabled"": false, ""scheduled_on_flip"": true, ""shape"": ""x"", ""timing_model"": ""psychopy_callOnFlip_plus_fixed_display_latency""}"
35,go_nogo_trial_complete,EVENT,504876.515,,"{""attention_challenge"": {""enabled"": false, ""expected_state"": ""normal"", ""is_cue_trial"": false}, ""button_press_count"": 1, ""commission_error"": 1, ""condition"": ""no_go"", ""correct"": false, ""correct_press"": 0, ""event_type_name"": ""go_nogo_trial_complete"", ""is_no_go"": true, ""omission_error"": 0, ""practice"": false, ""reaction_time_seconds"": 0.36604709998937324, ""schema_version"": 1, ""session_dir"": ""C:\\Users\\Surettej\\Documents\\Codespace\\eegle\\data\\participants\\sub-001-online\\sessions\\2026-07-14\\attention_lapse_go_nogo8_observe_only\\go_nogo\\run-20260714T131407"", ""source"": ""task.go_nogo"", ""stimulus_offset_lsl_timestamp"": 504876.5372106, ""stimulus_offset_monotonic"": 504876.515, ""stimulus_onset_lsl_timestamp"": 504875.7277482, ""stimulus_onset_monotonic"": 504875.703, ""task"": ""go_nogo""}"
36,go_nogo_stimulus_onset_36_go_hexagon_yellow,EVENT,504877.25,,"{""color"": ""yellow"", ""expected_frame_interval_ms"": 16.60961000015959, ""expected_refresh_rate_hz"": 60.0, ""expected_visual_onset_lsl_timestamp"": 504877.2777653, ""expected_visual_onset_monotonic"": 504877.25, ""expected_visual_onset_uncertainty_ms"": 8.304805000079796, ""fixed_display_latency_ms"": 0.0, ""flip_lsl_timestamp"": 504877.2777653, ""flip_monotonic"": 504877.25, ""is_no_go"": false, ""lsl_timestamp"": 504877.2777653, ""marker_push_latency_ms"": 0.0, ""measured_refresh_rate_hz"": 60.20610959501106, ""photodiode_verification_enabled"": false, ""scheduled_on_flip"": true, ""shape"": ""hexagon"", ""timing_model"": ""psychopy_callOnFlip_plus_fixed_display_latency""}"
36,button_press,EVENT,504877.72927859996,space,"{""is_response_key"": true, ""lsl_timestamp"": 504877.75704389997, ""marker_push_latency_ms"": 0.0, ""rt_from_flip_seconds"": 0.47927859995979816, ""rt_seconds"": 0.47927859995979816}"
36,go_nogo_stimulus_offset_36_go_hexagon_yellow,EVENT,504878.062,,"{""color"": ""yellow"", ""expected_frame_interval_ms"": 16.60961000015959, ""expected_refresh_rate_hz"": 60.0, ""expected_visual_onset_lsl_timestamp"": 504878.0875216, ""expected_visual_onset_monotonic"": 504878.062, ""expected_visual_onset_uncertainty_ms"": 8.304805000079796, ""fixed_display_latency_ms"": 0.0, ""flip_lsl_timestamp"": 504878.0875216, ""flip_monotonic"": 504878.062, ""is_no_go"": false, ""lsl_timestamp"": 504878.0875216, ""marker_push_latency_ms"": 0.0, ""measured_refresh_rate_hz"": 60.20610959501106, ""photodiode_verification_enabled"": false, ""scheduled_on_flip"": true, ""shape"": ""hexagon"", ""timing_model"": ""psychopy_callOnFlip_plus_fixed_display_latency""}"
36,go_nogo_trial_complete,EVENT,504878.062,,"{""attention_challenge"": {""enabled"": false, ""expected_state"": ""normal"", ""is_cue_trial"": false}, ""button_press_count"": 1, ""commission_error"": 0, ""condition"": ""go"", ""correct"": true, ""correct_press"": 1, ""event_type_name"": ""go_nogo_trial_complete"", ""is_no_go"": false, ""omission_error"": 0, ""practice"": false, ""reaction_time_seconds"": 0.47927859995979816, ""schema_version"": 1, ""session_dir"": ""C:\\Users\\Surettej\\Documents\\Codespace\\eegle\\data\\participants\\sub-001-online\\sessions\\2026-07-14\\attention_lapse_go_nogo8_observe_only\\go_nogo\\run-20260714T131407"", ""source"": ""task.go_nogo"", ""stimulus_offset_lsl_timestamp"": 504878.0875216, ""stimulus_offset_monotonic"": 504878.062, ""stimulus_onset_lsl_timestamp"": 504877.2777653, ""stimulus_onset_monotonic"": 504877.25, ""task"": ""go_nogo""}"
37,go_nogo_stimulus_onset_37_nogo_x_white,EVENT,504878.796,,"{""color"": ""white"", ""expected_frame_interval_ms"": 16.60961000015959, ""expected_refresh_rate_hz"": 60.0, ""expected_visual_onset_lsl_timestamp"": 504878.8268724, ""expected_visual_onset_monotonic"": 504878.796, ""expected_visual_onset_uncertainty_ms"": 8.304805000079796, ""fixed_display_latency_ms"": 0.0, ""flip_lsl_timestamp"": 504878.8268724, ""flip_monotonic"": 504878.796, ""is_no_go"": true, ""lsl_timestamp"": 504878.8268724, ""marker_push_latency_ms"": 0.0, ""measured_refresh_rate_hz"": 60.20610959501106, ""photodiode_verification_enabled"": false, ""scheduled_on_flip"": true, ""shape"": ""x"", ""timing_model"": ""psychopy_callOnFlip_plus_fixed_display_latency""}"
37,go_nogo_stimulus_offset_37_nogo_x_white,EVENT,504879.609,,"{""color"": ""white"", ""expected_frame_interval_ms"": 16.60961000015959, ""expected_refresh_rate_hz"": 60.0, ""expected_visual_onset_lsl_timestamp"": 504879.6367297, ""expected_visual_onset_monotonic"": 504879.609, ""expected_visual_onset_uncertainty_ms"": 8.304805000079796, ""fixed_display_latency_ms"": 0.0, ""flip_lsl_timestamp"": 504879.6367297, ""flip_monotonic"": 504879.609, ""is_no_go"": true, ""lsl_timestamp"": 504879.6367297, ""marker_push_latency_ms"": 0.0, ""measured_refresh_rate_hz"": 60.20610959501106, ""photodiode_verification_enabled"": false, ""scheduled_on_flip"": true, ""shape"": ""x"", ""timing_model"": ""psychopy_callOnFlip_plus_fixed_display_latency""}"
37,go_nogo_trial_complete,EVENT,504879.609,,"{""attention_challenge"": {""enabled"": false, ""expected_state"": ""normal"", ""is_cue_trial"": false}, ""button_press_count"": 0, ""commission_error"": 0, ""condition"": ""no_go"", ""correct"": true, ""correct_press"": 1, ""event_type_name"": ""go_nogo_trial_complete"", ""is_no_go"": true, ""omission_error"": 0, ""practice"": false, ""reaction_time_seconds"": null, ""schema_version"": 1, ""session_dir"": ""C:\\Users\\Surettej\\Documents\\Codespace\\eegle\\data\\participants\\sub-001-online\\sessions\\2026-07-14\\attention_lapse_go_nogo8_observe_only\\go_nogo\\run-20260714T131407"", ""source"": ""task.go_nogo"", ""stimulus_offset_lsl_timestamp"": 504879.6367297, ""stimulus_offset_monotonic"": 504879.609, ""stimulus_onset_lsl_timestamp"": 504878.8268724, ""stimulus_onset_monotonic"": 504878.796, ""task"": ""go_nogo""}"
38,go_nogo_stimulus_onset_38_go_star_yellow,EVENT,504880.343,,"{""color"": ""yellow"", ""expected_frame_interval_ms"": 16.60961000015959, ""expected_refresh_rate_hz"": 60.0, ""expected_visual_onset_lsl_timestamp"": 504880.3641893, ""expected_visual_onset_monotonic"": 504880.343, ""expected_visual_onset_uncertainty_ms"": 8.304805000079796, ""fixed_display_latency_ms"": 0.0, ""flip_lsl_timestamp"": 504880.3641893, ""flip_monotonic"": 504880.343, ""is_no_go"": false, ""lsl_timestamp"": 504880.3641893, ""marker_push_latency_ms"": 0.0, ""measured_refresh_rate_hz"": 60.20610959501106, ""photodiode_verification_enabled"": false, ""scheduled_on_flip"": true, ""shape"": ""star"", ""timing_model"": ""psychopy_callOnFlip_plus_fixed_display_latency""}"
38,button_press,EVENT,504880.6309746,space,"{""is_response_key"": true, ""lsl_timestamp"": 504880.65216389997, ""marker_push_latency_ms"": 0.0, ""rt_from_flip_seconds"": 0.2879745999816805, ""rt_seconds"": 0.2879745999816805}"
38,go_nogo_stimulus_offset_38_go_star_yellow,EVENT,504881.156,,"{""color"": ""yellow"", ""expected_frame_interval_ms"": 16.60961000015959, ""expected_refresh_rate_hz"": 60.0, ""expected_visual_onset_lsl_timestamp"": 504881.1794346, ""expected_visual_onset_monotonic"": 504881.156, ""expected_visual_onset_uncertainty_ms"": 8.304805000079796, ""fixed_display_latency_ms"": 0.0, ""flip_lsl_timestamp"": 504881.1794346, ""flip_monotonic"": 504881.156, ""is_no_go"": false, ""lsl_timestamp"": 504881.1794346, ""marker_push_latency_ms"": 0.0, ""measured_refresh_rate_hz"": 60.20610959501106, ""photodiode_verification_enabled"": false, ""scheduled_on_flip"": true, ""shape"": ""star"", ""timing_model"": ""psychopy_callOnFlip_plus_fixed_display_latency""}"
38,go_nogo_trial_complete,EVENT,504881.156,,"{""attention_challenge"": {""enabled"": false, ""expected_state"": ""normal"", ""is_cue_trial"": false}, ""button_press_count"": 1, ""commission_error"": 0, ""condition"": ""go"", ""correct"": true, ""correct_press"": 1, ""event_type_name"": ""go_nogo_trial_complete"", ""is_no_go"": false, ""omission_error"": 0, ""practice"": false, ""reaction_time_seconds"": 0.2879745999816805, ""schema_version"": 1, ""session_dir"": ""C:\\Users\\Surettej\\Documents\\Codespace\\eegle\\data\\participants\\sub-001-online\\sessions\\2026-07-14\\attention_lapse_go_nogo8_observe_only\\go_nogo\\run-20260714T131407"", ""source"": ""task.go_nogo"", ""stimulus_offset_lsl_timestamp"": 504881.1794346, ""stimulus_offset_monotonic"": 504881.156, ""stimulus_onset_lsl_timestamp"": 504880.3641893, ""stimulus_onset_monotonic"": 504880.343, ""task"": ""go_nogo""}"
39,go_nogo_stimulus_onset_39_go_circle_yellow,EVENT,504881.89,,"{""color"": ""yellow"", ""expected_frame_interval_ms"": 16.60961000015959, ""expected_refresh_rate_hz"": 60.0, ""expected_visual_onset_lsl_timestamp"": 504881.922996, ""expected_visual_onset_monotonic"": 504881.89, ""expected_visual_onset_uncertainty_ms"": 8.304805000079796, ""fixed_display_latency_ms"": 0.0, ""flip_lsl_timestamp"": 504881.922996, ""flip_monotonic"": 504881.89, ""is_no_go"": false, ""lsl_timestamp"": 504881.922996, ""marker_push_latency_ms"": 0.0, ""measured_refresh_rate_hz"": 60.20610959501106, ""photodiode_verification_enabled"": false, ""scheduled_on_flip"": true, ""shape"": ""circle"", ""timing_model"": ""psychopy_callOnFlip_plus_fixed_display_latency""}"
39,button_press,EVENT,504882.21160230006,space,"{""is_response_key"": true, ""lsl_timestamp"": 504882.2445983, ""marker_push_latency_ms"": 0.0, ""rt_from_flip_seconds"": 0.3216023000422865, ""rt_seconds"": 0.3216023000422865}"
39,go_nogo_stimulus_offset_39_go_circle_yellow,EVENT,504882.703,,"{""color"": ""yellow"", ""expected_frame_interval_ms"": 16.60961000015959, ""expected_refresh_rate_hz"": 60.0, ""expected_visual_onset_lsl_timestamp"": 504882.7316888, ""expected_visual_onset_monotonic"": 504882.703, ""expected_visual_onset_uncertainty_ms"": 8.304805000079796, ""fixed_display_latency_ms"": 0.0, ""flip_lsl_timestamp"": 504882.7316888, ""flip_monotonic"": 504882.703, ""is_no_go"": false, ""lsl_timestamp"": 504882.7316888, ""marker_push_latency_ms"": 0.0, ""measured_refresh_rate_hz"": 60.20610959501106, ""photodiode_verification_enabled"": false, ""scheduled_on_flip"": true, ""shape"": ""circle"", ""timing_model"": ""psychopy_callOnFlip_plus_fixed_display_latency""}"
39,go_nogo_trial_complete,EVENT,504882.703,,"{""attention_challenge"": {""enabled"": false, ""expected_state"": ""normal"", ""is_cue_trial"": false}, ""button_press_count"": 1, ""commission_error"": 0, ""condition"": ""go"", ""correct"": true, ""correct_press"": 1, ""event_type_name"": ""go_nogo_trial_complete"", ""is_no_go"": false, ""omission_error"": 0, ""practice"": false, ""reaction_time_seconds"": 0.3216023000422865, ""schema_version"": 1, ""session_dir"": ""C:\\Users\\Surettej\\Documents\\Codespace\\eegle\\data\\participants\\sub-001-online\\sessions\\2026-07-14\\attention_lapse_go_nogo8_observe_only\\go_nogo\\run-20260714T131407"", ""source"": ""task.go_nogo"", ""stimulus_offset_lsl_timestamp"": 504882.7316888, ""stimulus_offset_monotonic"": 504882.703, ""stimulus_onset_lsl_timestamp"": 504881.922996, ""stimulus_onset_monotonic"": 504881.89, ""task"": ""go_nogo""}"
40,go_nogo_stimulus_onset_40_go_hexagon_red,EVENT,504883.437,,"{""color"": ""red"", ""expected_frame_interval_ms"": 16.60961000015959, ""expected_refresh_rate_hz"": 60.0, ""expected_visual_onset_lsl_timestamp"": 504883.4653233, ""expected_visual_onset_monotonic"": 504883.437, ""expected_visual_onset_uncertainty_ms"": 8.304805000079796, ""fixed_display_latency_ms"": 0.0, ""flip_lsl_timestamp"": 504883.4653233, ""flip_monotonic"": 504883.437, ""is_no_go"": false, ""lsl_timestamp"": 504883.4653233, ""marker_push_latency_ms"": 0.0, ""measured_refresh_rate_hz"": 60.20610959501106, ""photodiode_verification_enabled"": false, ""scheduled_on_flip"": true, ""shape"": ""hexagon"", ""timing_model"": ""psychopy_callOnFlip_plus_fixed_display_latency""}"
40,button_press,EVENT,504883.8332506,space,"{""is_response_key"": true, ""lsl_timestamp"": 504883.8615739, ""marker_push_latency_ms"": 0.0, ""rt_from_flip_seconds"": 0.39625059999525547, ""rt_seconds"": 0.39625059999525547}"
40,go_nogo_stimulus_offset_40_go_hexagon_red,EVENT,504884.25,,"{""color"": ""red"", ""expected_frame_interval_ms"": 16.60961000015959, ""expected_refresh_rate_hz"": 60.0, ""expected_visual_onset_lsl_timestamp"": 504884.274236, ""expected_visual_onset_monotonic"": 504884.25, ""expected_visual_onset_uncertainty_ms"": 8.304805000079796, ""fixed_display_latency_ms"": 0.0, ""flip_lsl_timestamp"": 504884.274236, ""flip_monotonic"": 504884.25, ""is_no_go"": false, ""lsl_timestamp"": 504884.274236, ""marker_push_latency_ms"": 0.0, ""measured_refresh_rate_hz"": 60.20610959501106, ""photodiode_verification_enabled"": false, ""scheduled_on_flip"": true, ""shape"": ""hexagon"", ""timing_model"": ""psychopy_callOnFlip_plus_fixed_display_latency""}"
40,go_nogo_trial_complete,EVENT,504884.25,,"{""attention_challenge"": {""enabled"": false, ""expected_state"": ""normal"", ""is_cue_trial"": false}, ""button_press_count"": 1, ""commission_error"": 0, ""condition"": ""go"", ""correct"": true, ""correct_press"": 1, ""event_type_name"": ""go_nogo_trial_complete"", ""is_no_go"": false, ""omission_error"": 0, ""practice"": false, ""reaction_time_seconds"": 0.39625059999525547, ""schema_version"": 1, ""session_dir"": ""C:\\Users\\Surettej\\Documents\\Codespace\\eegle\\data\\participants\\sub-001-online\\sessions\\2026-07-14\\attention_lapse_go_nogo8_observe_only\\go_nogo\\run-20260714T131407"", ""source"": ""task.go_nogo"", ""stimulus_offset_lsl_timestamp"": 504884.274236, ""stimulus_offset_monotonic"": 504884.25, ""stimulus_onset_lsl_timestamp"": 504883.4653233, ""stimulus_onset_monotonic"": 504883.437, ""task"": ""go_nogo""}"
41,go_nogo_stimulus_onset_41_nogo_x_white,EVENT,504884.984,,"{""color"": ""white"", ""expected_frame_interval_ms"": 16.60961000015959, ""expected_refresh_rate_hz"": 60.0, ""expected_visual_onset_lsl_timestamp"": 504885.0067401, ""expected_visual_onset_monotonic"": 504884.984, ""expected_visual_onset_uncertainty_ms"": 8.304805000079796, ""fixed_display_latency_ms"": 0.0, ""flip_lsl_timestamp"": 504885.0067401, ""flip_monotonic"": 504884.984, ""is_no_go"": true, ""lsl_timestamp"": 504885.0067401, ""marker_push_latency_ms"": 0.0, ""measured_refresh_rate_hz"": 60.20610959501106, ""photodiode_verification_enabled"": false, ""scheduled_on_flip"": true, ""shape"": ""x"", ""timing_model"": ""psychopy_callOnFlip_plus_fixed_display_latency""}"
41,go_nogo_stimulus_offset_41_nogo_x_white,EVENT,504885.781,,"{""color"": ""white"", ""expected_frame_interval_ms"": 16.60961000015959, ""expected_refresh_rate_hz"": 60.0, ""expected_visual_onset_lsl_timestamp"": 504885.8157722, ""expected_visual_onset_monotonic"": 504885.781, ""expected_visual_onset_uncertainty_ms"": 8.304805000079796, ""fixed_display_latency_ms"": 0.0, ""flip_lsl_timestamp"": 504885.8157722, ""flip_monotonic"": 504885.781, ""is_no_go"": true, ""lsl_timestamp"": 504885.8157722, ""marker_push_latency_ms"": 0.0, ""measured_refresh_rate_hz"": 60.20610959501106, ""photodiode_verification_enabled"": false, ""scheduled_on_flip"": true, ""shape"": ""x"", ""timing_model"": ""psychopy_callOnFlip_plus_fixed_display_latency""}"
41,go_nogo_trial_complete,EVENT,504885.796,,"{""attention_challenge"": {""enabled"": false, ""expected_state"": ""normal"", ""is_cue_trial"": false}, ""button_press_count"": 0, ""commission_error"": 0, ""condition"": ""no_go"", ""correct"": true, ""correct_press"": 1, ""event_type_name"": ""go_nogo_trial_complete"", ""is_no_go"": true, ""omission_error"": 0, ""practice"": false, ""reaction_time_seconds"": null, ""schema_version"": 1, ""session_dir"": ""C:\\Users\\Surettej\\Documents\\Codespace\\eegle\\data\\participants\\sub-001-online\\sessions\\2026-07-14\\attention_lapse_go_nogo8_observe_only\\go_nogo\\run-20260714T131407"", ""source"": ""task.go_nogo"", ""stimulus_offset_lsl_timestamp"": 504885.8157722, ""stimulus_offset_monotonic"": 504885.781, ""stimulus_onset_lsl_timestamp"": 504885.0067401, ""stimulus_onset_monotonic"": 504884.984, ""task"": ""go_nogo""}"
42,go_nogo_stimulus_onset_42_nogo_x_white,EVENT,504886.515,,"{""color"": ""white"", ""expected_frame_interval_ms"": 16.60961000015959, ""expected_refresh_rate_hz"": 60.0, ""expected_visual_onset_lsl_timestamp"": 504886.5481726, ""expected_visual_onset_monotonic"": 504886.515, ""expected_visual_onset_uncertainty_ms"": 8.304805000079796, ""fixed_display_latency_ms"": 0.0, ""flip_lsl_timestamp"": 504886.5481726, ""flip_monotonic"": 504886.515, ""is_no_go"": true, ""lsl_timestamp"": 504886.5481726, ""marker_push_latency_ms"": 0.0, ""measured_refresh_rate_hz"": 60.20610959501106, ""photodiode_verification_enabled"": false, ""scheduled_on_flip"": true, ""shape"": ""x"", ""timing_model"": ""psychopy_callOnFlip_plus_fixed_display_latency""}"
42,button_press,EVENT,504886.7950237,space,"{""is_response_key"": true, ""lsl_timestamp"": 504886.82819629996, ""marker_push_latency_ms"": 0.0, ""rt_from_flip_seconds"": 0.2800236999755725, ""rt_seconds"": 0.2800236999755725}"
42,go_nogo_stimulus_offset_42_nogo_x_white,EVENT,504887.328,,"{""color"": ""white"", ""expected_frame_interval_ms"": 16.60961000015959, ""expected_refresh_rate_hz"": 60.0, ""expected_visual_onset_lsl_timestamp"": 504887.3565875, ""expected_visual_onset_monotonic"": 504887.328, ""expected_visual_onset_uncertainty_ms"": 8.304805000079796, ""fixed_display_latency_ms"": 0.0, ""flip_lsl_timestamp"": 504887.3565875, ""flip_monotonic"": 504887.328, ""is_no_go"": true, ""lsl_timestamp"": 504887.3565875, ""marker_push_latency_ms"": 0.0, ""measured_refresh_rate_hz"": 60.20610959501106, ""photodiode_verification_enabled"": false, ""scheduled_on_flip"": true, ""shape"": ""x"", ""timing_model"": ""psychopy_callOnFlip_plus_fixed_display_latency""}"
42,go_nogo_trial_complete,EVENT,504887.328,,"{""attention_challenge"": {""enabled"": false, ""expected_state"": ""normal"", ""is_cue_trial"": false}, ""button_press_count"": 1, ""commission_error"": 1, ""condition"": ""no_go"", ""correct"": false, ""correct_press"": 0, ""event_type_name"": ""go_nogo_trial_complete"", ""is_no_go"": true, ""omission_error"": 0, ""practice"": false, ""reaction_time_seconds"": 0.2800236999755725, ""schema_version"": 1, ""session_dir"": ""C:\\Users\\Surettej\\Documents\\Codespace\\eegle\\data\\participants\\sub-001-online\\sessions\\2026-07-14\\attention_lapse_go_nogo8_observe_only\\go_nogo\\run-20260714T131407"", ""source"": ""task.go_nogo"", ""stimulus_offset_lsl_timestamp"": 504887.3565875, ""stimulus_offset_monotonic"": 504887.328, ""stimulus_onset_lsl_timestamp"": 504886.5481726, ""stimulus_onset_monotonic"": 504886.515, ""task"": ""go_nogo""}"
43,go_nogo_stimulus_onset_43_go_circle_blue,EVENT,504888.078,,"{""color"": ""blue"", ""expected_frame_interval_ms"": 16.60961000015959, ""expected_refresh_rate_hz"": 60.0, ""expected_visual_onset_lsl_timestamp"": 504888.0993423, ""expected_visual_onset_monotonic"": 504888.078, ""expected_visual_onset_uncertainty_ms"": 8.304805000079796, ""fixed_display_latency_ms"": 0.0, ""flip_lsl_timestamp"": 504888.0993423, ""flip_monotonic"": 504888.078, ""is_no_go"": false, ""lsl_timestamp"": 504888.0993423, ""marker_push_latency_ms"": 0.0, ""measured_refresh_rate_hz"": 60.20610959501106, ""photodiode_verification_enabled"": false, ""scheduled_on_flip"": true, ""shape"": ""circle"", ""timing_model"": ""psychopy_callOnFlip_plus_fixed_display_latency""}"
43,button_press,EVENT,504888.4394766,space,"{""is_response_key"": true, ""lsl_timestamp"": 504888.46081889997, ""marker_push_latency_ms"": 0.0, ""rt_from_flip_seconds"": 0.3614765999955125, ""rt_seconds"": 0.3614765999955125}"
43,go_nogo_stimulus_offset_43_go_circle_blue,EVENT,504888.875,,"{""color"": ""blue"", ""expected_frame_interval_ms"": 16.60961000015959, ""expected_refresh_rate_hz"": 60.0, ""expected_visual_onset_lsl_timestamp"": 504888.9092252, ""expected_visual_onset_monotonic"": 504888.875, ""expected_visual_onset_uncertainty_ms"": 8.304805000079796, ""fixed_display_latency_ms"": 0.0, ""flip_lsl_timestamp"": 504888.9092252, ""flip_monotonic"": 504888.875, ""is_no_go"": false, ""lsl_timestamp"": 504888.9092252, ""marker_push_latency_ms"": 0.0, ""measured_refresh_rate_hz"": 60.20610959501106, ""photodiode_verification_enabled"": false, ""scheduled_on_flip"": true, ""shape"": ""circle"", ""timing_model"": ""psychopy_callOnFlip_plus_fixed_display_latency""}"
43,go_nogo_trial_complete,EVENT,504888.89,,"{""attention_challenge"": {""enabled"": false, ""expected_state"": ""normal"", ""is_cue_trial"": false}, ""button_press_count"": 1, ""commission_error"": 0, ""condition"": ""go"", ""correct"": true, ""correct_press"": 1, ""event_type_name"": ""go_nogo_trial_complete"", ""is_no_go"": false, ""omission_error"": 0, ""practice"": false, ""reaction_time_seconds"": 0.3614765999955125, ""schema_version"": 1, ""session_dir"": ""C:\\Users\\Surettej\\Documents\\Codespace\\eegle\\data\\participants\\sub-001-online\\sessions\\2026-07-14\\attention_lapse_go_nogo8_observe_only\\go_nogo\\run-20260714T131407"", ""source"": ""task.go_nogo"", ""stimulus_offset_lsl_timestamp"": 504888.9092252, ""stimulus_offset_monotonic"": 504888.875, ""stimulus_onset_lsl_timestamp"": 504888.0993423, ""stimulus_onset_monotonic"": 504888.078, ""task"": ""go_nogo""}"
44,go_nogo_stimulus_onset_44_go_hexagon_yellow,EVENT,504889.609,,"{""color"": ""yellow"", ""expected_frame_interval_ms"": 16.60961000015959, ""expected_refresh_rate_hz"": 60.0, ""expected_visual_onset_lsl_timestamp"": 504889.6394666, ""expected_visual_onset_monotonic"": 504889.609, ""expected_visual_onset_uncertainty_ms"": 8.304805000079796, ""fixed_display_latency_ms"": 0.0, ""flip_lsl_timestamp"": 504889.6394666, ""flip_monotonic"": 504889.609, ""is_no_go"": false, ""lsl_timestamp"": 504889.6394666, ""marker_push_latency_ms"": 0.0, ""measured_refresh_rate_hz"": 60.20610959501106, ""photodiode_verification_enabled"": false, ""scheduled_on_flip"": true, ""shape"": ""hexagon"", ""timing_model"": ""psychopy_callOnFlip_plus_fixed_display_latency""}"
44,button_press,EVENT,504890.03893800004,space,"{""is_response_key"": true, ""lsl_timestamp"": 504890.0694046001, ""marker_push_latency_ms"": 0.0, ""rt_from_flip_seconds"": 0.42993800004478544, ""rt_seconds"": 0.42993800004478544}"
44,go_nogo_stimulus_offset_44_go_hexagon_yellow,EVENT,504890.421,,"{""color"": ""yellow"", ""expected_frame_interval_ms"": 16.60961000015959, ""expected_refresh_rate_hz"": 60.0, ""expected_visual_onset_lsl_timestamp"": 504890.4494601, ""expected_visual_onset_monotonic"": 504890.421, ""expected_visual_onset_uncertainty_ms"": 8.304805000079796, ""fixed_display_latency_ms"": 0.0, ""flip_lsl_timestamp"": 504890.4494601, ""flip_monotonic"": 504890.421, ""is_no_go"": false, ""lsl_timestamp"": 504890.4494601, ""marker_push_latency_ms"": 0.0, ""measured_refresh_rate_hz"": 60.20610959501106, ""photodiode_verification_enabled"": false, ""scheduled_on_flip"": true, ""shape"": ""hexagon"", ""timing_model"": ""psychopy_callOnFlip_plus_fixed_display_latency""}"
44,go_nogo_trial_complete,EVENT,504890.421,,"{""attention_challenge"": {""enabled"": false, ""expected_state"": ""normal"", ""is_cue_trial"": false}, ""button_press_count"": 1, ""commission_error"": 0, ""condition"": ""go"", ""correct"": true, ""correct_press"": 1, ""event_type_name"": ""go_nogo_trial_complete"", ""is_no_go"": false, ""omission_error"": 0, ""practice"": false, ""reaction_time_seconds"": 0.42993800004478544, ""schema_version"": 1, ""session_dir"": ""C:\\Users\\Surettej\\Documents\\Codespace\\eegle\\data\\participants\\sub-001-online\\sessions\\2026-07-14\\attention_lapse_go_nogo8_observe_only\\go_nogo\\run-20260714T131407"", ""source"": ""task.go_nogo"", ""stimulus_offset_lsl_timestamp"": 504890.4494601, ""stimulus_offset_monotonic"": 504890.421, ""stimulus_onset_lsl_timestamp"": 504889.6394666, ""stimulus_onset_monotonic"": 504889.609, ""task"": ""go_nogo""}"
45,go_nogo_stimulus_onset_45_nogo_x_white,EVENT,504891.156,,"{""color"": ""white"", ""expected_frame_interval_ms"": 16.60961000015959, ""expected_refresh_rate_hz"": 60.0, ""expected_visual_onset_lsl_timestamp"": 504891.1836936, ""expected_visual_onset_monotonic"": 504891.156, ""expected_visual_onset_uncertainty_ms"": 8.304805000079796, ""fixed_display_latency_ms"": 0.0, ""flip_lsl_timestamp"": 504891.1836936, ""flip_monotonic"": 504891.156, ""is_no_go"": true, ""lsl_timestamp"": 504891.1836936, ""marker_push_latency_ms"": 0.0, ""measured_refresh_rate_hz"": 60.20610959501106, ""photodiode_verification_enabled"": false, ""scheduled_on_flip"": true, ""shape"": ""x"", ""timing_model"": ""psychopy_callOnFlip_plus_fixed_display_latency""}"
45,go_nogo_stimulus_offset_45_nogo_x_white,EVENT,504891.968,,"{""color"": ""white"", ""expected_frame_interval_ms"": 16.60961000015959, ""expected_refresh_rate_hz"": 60.0, ""expected_visual_onset_lsl_timestamp"": 504891.9926206, ""expected_visual_onset_monotonic"": 504891.968, ""expected_visual_onset_uncertainty_ms"": 8.304805000079796, ""fixed_display_latency_ms"": 0.0, ""flip_lsl_timestamp"": 504891.9926206, ""flip_monotonic"": 504891.968, ""is_no_go"": true, ""lsl_timestamp"": 504891.9926206, ""marker_push_latency_ms"": 0.0, ""measured_refresh_rate_hz"": 60.20610959501106, ""photodiode_verification_enabled"": false, ""scheduled_on_flip"": true, ""shape"": ""x"", ""timing_model"": ""psychopy_callOnFlip_plus_fixed_display_latency""}"
45,go_nogo_trial_complete,EVENT,504891.968,,"{""attention_challenge"": {""enabled"": false, ""expected_state"": ""normal"", ""is_cue_trial"": false}, ""button_press_count"": 0, ""commission_error"": 0, ""condition"": ""no_go"", ""correct"": true, ""correct_press"": 1, ""event_type_name"": ""go_nogo_trial_complete"", ""is_no_go"": true, ""omission_error"": 0, ""practice"": false, ""reaction_time_seconds"": null, ""schema_version"": 1, ""session_dir"": ""C:\\Users\\Surettej\\Documents\\Codespace\\eegle\\data\\participants\\sub-001-online\\sessions\\2026-07-14\\attention_lapse_go_nogo8_observe_only\\go_nogo\\run-20260714T131407"", ""source"": ""task.go_nogo"", ""stimulus_offset_lsl_timestamp"": 504891.9926206, ""stimulus_offset_monotonic"": 504891.968, ""stimulus_onset_lsl_timestamp"": 504891.1836936, ""stimulus_onset_monotonic"": 504891.156, ""task"": ""go_nogo""}"
46,go_nogo_stimulus_onset_46_go_star_red,EVENT,504892.687,,"{""color"": ""red"", ""expected_frame_interval_ms"": 16.60961000015959, ""expected_refresh_rate_hz"": 60.0, ""expected_visual_onset_lsl_timestamp"": 504892.7211046, ""expected_visual_onset_monotonic"": 504892.687, ""expected_visual_onset_uncertainty_ms"": 8.304805000079796, ""fixed_display_latency_ms"": 0.0, ""flip_lsl_timestamp"": 504892.7211046, ""flip_monotonic"": 504892.687, ""is_no_go"": false, ""lsl_timestamp"": 504892.7211046, ""marker_push_latency_ms"": 0.0, ""measured_refresh_rate_hz"": 60.20610959501106, ""photodiode_verification_enabled"": false, ""scheduled_on_flip"": true, ""shape"": ""star"", ""timing_model"": ""psychopy_callOnFlip_plus_fixed_display_latency""}"
46,button_press,EVENT,504893.12358869996,space,"{""is_response_key"": true, ""lsl_timestamp"": 504893.1576933, ""marker_push_latency_ms"": 0.0, ""rt_from_flip_seconds"": 0.43658869998762384, ""rt_seconds"": 0.43658869998762384}"
46,go_nogo_stimulus_offset_46_go_star_red,EVENT,504893.5,,"{""color"": ""red"", ""expected_frame_interval_ms"": 16.60961000015959, ""expected_refresh_rate_hz"": 60.0, ""expected_visual_onset_lsl_timestamp"": 504893.5345041, ""expected_visual_onset_monotonic"": 504893.5, ""expected_visual_onset_uncertainty_ms"": 8.304805000079796, ""fixed_display_latency_ms"": 0.0, ""flip_lsl_timestamp"": 504893.5345041, ""flip_monotonic"": 504893.5, ""is_no_go"": false, ""lsl_timestamp"": 504893.5345041, ""marker_push_latency_ms"": 0.0, ""measured_refresh_rate_hz"": 60.20610959501106, ""photodiode_verification_enabled"": false, ""scheduled_on_flip"": true, ""shape"": ""star"", ""timing_model"": ""psychopy_callOnFlip_plus_fixed_display_latency""}"
46,go_nogo_trial_complete,EVENT,504893.515,,"{""attention_challenge"": {""enabled"": false, ""expected_state"": ""normal"", ""is_cue_trial"": false}, ""button_press_count"": 1, ""commission_error"": 0, ""condition"": ""go"", ""correct"": true, ""correct_press"": 1, ""event_type_name"": ""go_nogo_trial_complete"", ""is_no_go"": false, ""omission_error"": 0, ""practice"": false, ""reaction_time_seconds"": 0.43658869998762384, ""schema_version"": 1, ""session_dir"": ""C:\\Users\\Surettej\\Documents\\Codespace\\eegle\\data\\participants\\sub-001-online\\sessions\\2026-07-14\\attention_lapse_go_nogo8_observe_only\\go_nogo\\run-20260714T131407"", ""source"": ""task.go_nogo"", ""stimulus_offset_lsl_timestamp"": 504893.5345041, ""stimulus_offset_monotonic"": 504893.5, ""stimulus_onset_lsl_timestamp"": 504892.7211046, ""stimulus_onset_monotonic"": 504892.687, ""task"": ""go_nogo""}"
47,go_nogo_stimulus_onset_47_go_star_yellow,EVENT,504894.234,,"{""color"": ""yellow"", ""expected_frame_interval_ms"": 16.60961000015959, ""expected_refresh_rate_hz"": 60.0, ""expected_visual_onset_lsl_timestamp"": 504894.2619604, ""expected_visual_onset_monotonic"": 504894.234, ""expected_visual_onset_uncertainty_ms"": 8.304805000079796, ""fixed_display_latency_ms"": 0.0, ""flip_lsl_timestamp"": 504894.2619604, ""flip_monotonic"": 504894.234, ""is_no_go"": false, ""lsl_timestamp"": 504894.2619604, ""marker_push_latency_ms"": 0.0, ""measured_refresh_rate_hz"": 60.20610959501106, ""photodiode_verification_enabled"": false, ""scheduled_on_flip"": true, ""shape"": ""star"", ""timing_model"": ""psychopy_callOnFlip_plus_fixed_display_latency""}"
47,button_press,EVENT,504894.569486,space,"{""is_response_key"": true, ""lsl_timestamp"": 504894.5974464, ""marker_push_latency_ms"": 0.0, ""rt_from_flip_seconds"": 0.33548599999630824, ""rt_seconds"": 0.33548599999630824}"
47,go_nogo_stimulus_offset_47_go_star_yellow,EVENT,504895.062,,"{""color"": ""yellow"", ""expected_frame_interval_ms"": 16.60961000015959, ""expected_refresh_rate_hz"": 60.0, ""expected_visual_onset_lsl_timestamp"": 504895.0850725, ""expected_visual_onset_monotonic"": 504895.062, ""expected_visual_onset_uncertainty_ms"": 8.304805000079796, ""fixed_display_latency_ms"": 0.0, ""flip_lsl_timestamp"": 504895.0850725, ""flip_monotonic"": 504895.062, ""is_no_go"": false, ""lsl_timestamp"": 504895.0850725, ""marker_push_latency_ms"": 0.0, ""measured_refresh_rate_hz"": 60.20610959501106, ""photodiode_verification_enabled"": false, ""scheduled_on_flip"": true, ""shape"": ""star"", ""timing_model"": ""psychopy_callOnFlip_plus_fixed_display_latency""}"
47,go_nogo_trial_complete,EVENT,504895.062,,"{""attention_challenge"": {""enabled"": false, ""expected_state"": ""normal"", ""is_cue_trial"": false}, ""button_press_count"": 1, ""commission_error"": 0, ""condition"": ""go"", ""correct"": true, ""correct_press"": 1, ""event_type_name"": ""go_nogo_trial_complete"", ""is_no_go"": false, ""omission_error"": 0, ""practice"": false, ""reaction_time_seconds"": 0.33548599999630824, ""schema_version"": 1, ""session_dir"": ""C:\\Users\\Surettej\\Documents\\Codespace\\eegle\\data\\participants\\sub-001-online\\sessions\\2026-07-14\\attention_lapse_go_nogo8_observe_only\\go_nogo\\run-20260714T131407"", ""source"": ""task.go_nogo"", ""stimulus_offset_lsl_timestamp"": 504895.0850725, ""stimulus_offset_monotonic"": 504895.062, ""stimulus_onset_lsl_timestamp"": 504894.2619604, ""stimulus_onset_monotonic"": 504894.234, ""task"": ""go_nogo""}"
48,go_nogo_stimulus_onset_48_nogo_x_white,EVENT,504895.796,,"{""color"": ""white"", ""expected_frame_interval_ms"": 16.60961000015959, ""expected_refresh_rate_hz"": 60.0, ""expected_visual_onset_lsl_timestamp"": 504895.8193152, ""expected_visual_onset_monotonic"": 504895.796, ""expected_visual_onset_uncertainty_ms"": 8.304805000079796, ""fixed_display_latency_ms"": 0.0, ""flip_lsl_timestamp"": 504895.8193152, ""flip_monotonic"": 504895.796, ""is_no_go"": true, ""lsl_timestamp"": 504895.8193152, ""marker_push_latency_ms"": 0.0, ""measured_refresh_rate_hz"": 60.20610959501106, ""photodiode_verification_enabled"": false, ""scheduled_on_flip"": true, ""shape"": ""x"", ""timing_model"": ""psychopy_callOnFlip_plus_fixed_display_latency""}"
48,go_nogo_stimulus_offset_48_nogo_x_white,EVENT,504896.593,,"{""color"": ""white"", ""expected_frame_interval_ms"": 16.60961000015959, ""expected_refresh_rate_hz"": 60.0, ""expected_visual_onset_lsl_timestamp"": 504896.6286939, ""expected_visual_onset_monotonic"": 504896.593, ""expected_visual_onset_uncertainty_ms"": 8.304805000079796, ""fixed_display_latency_ms"": 0.0, ""flip_lsl_timestamp"": 504896.6286939, ""flip_monotonic"": 504896.593, ""is_no_go"": true, ""lsl_timestamp"": 504896.6286939, ""marker_push_latency_ms"": 0.0, ""measured_refresh_rate_hz"": 60.20610959501106, ""photodiode_verification_enabled"": false, ""scheduled_on_flip"": true, ""shape"": ""x"", ""timing_model"": ""psychopy_callOnFlip_plus_fixed_display_latency""}"
48,go_nogo_trial_complete,EVENT,504896.609,,"{""attention_challenge"": {""enabled"": false, ""expected_state"": ""normal"", ""is_cue_trial"": false}, ""button_press_count"": 0, ""commission_error"": 0, ""condition"": ""no_go"", ""correct"": true, ""correct_press"": 1, ""event_type_name"": ""go_nogo_trial_complete"", ""is_no_go"": true, ""omission_error"": 0, ""practice"": false, ""reaction_time_seconds"": null, ""schema_version"": 1, ""session_dir"": ""C:\\Users\\Surettej\\Documents\\Codespace\\eegle\\data\\participants\\sub-001-online\\sessions\\2026-07-14\\attention_lapse_go_nogo8_observe_only\\go_nogo\\run-20260714T131407"", ""source"": ""task.go_nogo"", ""stimulus_offset_lsl_timestamp"": 504896.6286939, ""stimulus_offset_monotonic"": 504896.593, ""stimulus_onset_lsl_timestamp"": 504895.8193152, ""stimulus_onset_monotonic"": 504895.796, ""task"": ""go_nogo""}"
49,go_nogo_stimulus_onset_49_go_circle_blue,EVENT,504897.343,,"{""color"": ""blue"", ""expected_frame_interval_ms"": 16.60961000015959, ""expected_refresh_rate_hz"": 60.0, ""expected_visual_onset_lsl_timestamp"": 504897.3719856, ""expected_visual_onset_monotonic"": 504897.343, ""expected_visual_onset_uncertainty_ms"": 8.304805000079796, ""fixed_display_latency_ms"": 0.0, ""flip_lsl_timestamp"": 504897.3719856, ""flip_monotonic"": 504897.343, ""is_no_go"": false, ""lsl_timestamp"": 504897.3719856, ""marker_push_latency_ms"": 0.0, ""measured_refresh_rate_hz"": 60.20610959501106, ""photodiode_verification_enabled"": false, ""scheduled_on_flip"": true, ""shape"": ""circle"", ""timing_model"": ""psychopy_callOnFlip_plus_fixed_display_latency""}"
49,button_press,EVENT,504897.7276091,space,"{""is_response_key"": true, ""lsl_timestamp"": 504897.7565947, ""marker_push_latency_ms"": 0.0, ""rt_from_flip_seconds"": 0.3846091000013985, ""rt_seconds"": 0.3846091000013985}"
49,go_nogo_stimulus_offset_49_go_circle_blue,EVENT,504898.156,,"{""color"": ""blue"", ""expected_frame_interval_ms"": 16.60961000015959, ""expected_refresh_rate_hz"": 60.0, ""expected_visual_onset_lsl_timestamp"": 504898.1805558, ""expected_visual_onset_monotonic"": 504898.156, ""expected_visual_onset_uncertainty_ms"": 8.304805000079796, ""fixed_display_latency_ms"": 0.0, ""flip_lsl_timestamp"": 504898.1805558, ""flip_monotonic"": 504898.156, ""is_no_go"": false, ""lsl_timestamp"": 504898.1805558, ""marker_push_latency_ms"": 0.0, ""measured_refresh_rate_hz"": 60.20610959501106, ""photodiode_verification_enabled"": false, ""scheduled_on_flip"": true, ""shape"": ""circle"", ""timing_model"": ""psychopy_callOnFlip_plus_fixed_display_latency""}"
49,go_nogo_trial_complete,EVENT,504898.156,,"{""attention_challenge"": {""enabled"": false, ""expected_state"": ""normal"", ""is_cue_trial"": false}, ""button_press_count"": 1, ""commission_error"": 0, ""condition"": ""go"", ""correct"": true, ""correct_press"": 1, ""event_type_name"": ""go_nogo_trial_complete"", ""is_no_go"": false, ""omission_error"": 0, ""practice"": false, ""reaction_time_seconds"": 0.3846091000013985, ""schema_version"": 1, ""session_dir"": ""C:\\Users\\Surettej\\Documents\\Codespace\\eegle\\data\\participants\\sub-001-online\\sessions\\2026-07-14\\attention_lapse_go_nogo8_observe_only\\go_nogo\\run-20260714T131407"", ""source"": ""task.go_nogo"", ""stimulus_offset_lsl_timestamp"": 504898.1805558, ""stimulus_offset_monotonic"": 504898.156, ""stimulus_onset_lsl_timestamp"": 504897.3719856, ""stimulus_onset_monotonic"": 504897.343, ""task"": ""go_nogo""}"
50,go_nogo_stimulus_onset_50_go_hexagon_blue,EVENT,504898.875,,"{""color"": ""blue"", ""expected_frame_interval_ms"": 16.60961000015959, ""expected_refresh_rate_hz"": 60.0, ""expected_visual_onset_lsl_timestamp"": 504898.9098847, ""expected_visual_onset_monotonic"": 504898.875, ""expected_visual_onset_uncertainty_ms"": 8.304805000079796, ""fixed_display_latency_ms"": 0.0, ""flip_lsl_timestamp"": 504898.9098847, ""flip_monotonic"": 504898.875, ""is_no_go"": false, ""lsl_timestamp"": 504898.9098847, ""marker_push_latency_ms"": 0.0, ""measured_refresh_rate_hz"": 60.20610959501106, ""photodiode_verification_enabled"": false, ""scheduled_on_flip"": true, ""shape"": ""hexagon"", ""timing_model"": ""psychopy_callOnFlip_plus_fixed_display_latency""}"
50,button_press,EVENT,504899.29908749997,space,"{""is_response_key"": true, ""lsl_timestamp"": 504899.3339722, ""marker_push_latency_ms"": 0.0, ""rt_from_flip_seconds"": 0.4240874999668449, ""rt_seconds"": 0.4240874999668449}"
50,go_nogo_stimulus_offset_50_go_hexagon_blue,EVENT,504899.687,,"{""color"": ""blue"", ""expected_frame_interval_ms"": 16.60961000015959, ""expected_refresh_rate_hz"": 60.0, ""expected_visual_onset_lsl_timestamp"": 504899.7193081, ""expected_visual_onset_monotonic"": 504899.687, ""expected_visual_onset_uncertainty_ms"": 8.304805000079796, ""fixed_display_latency_ms"": 0.0, ""flip_lsl_timestamp"": 504899.7193081, ""flip_monotonic"": 504899.687, ""is_no_go"": false, ""lsl_timestamp"": 504899.7193081, ""marker_push_latency_ms"": 0.0, ""measured_refresh_rate_hz"": 60.20610959501106, ""photodiode_verification_enabled"": false, ""scheduled_on_flip"": true, ""shape"": ""hexagon"", ""timing_model"": ""psychopy_callOnFlip_plus_fixed_display_latency""}"
50,go_nogo_trial_complete,EVENT,504899.703,,"{""attention_challenge"": {""enabled"": false, ""expected_state"": ""normal"", ""is_cue_trial"": false}, ""button_press_count"": 1, ""commission_error"": 0, ""condition"": ""go"", ""correct"": true, ""correct_press"": 1, ""event_type_name"": ""go_nogo_trial_complete"", ""is_no_go"": false, ""omission_error"": 0, ""practice"": false, ""reaction_time_seconds"": 0.4240874999668449, ""schema_version"": 1, ""session_dir"": ""C:\\Users\\Surettej\\Documents\\Codespace\\eegle\\data\\participants\\sub-001-online\\sessions\\2026-07-14\\attention_lapse_go_nogo8_observe_only\\go_nogo\\run-20260714T131407"", ""source"": ""task.go_nogo"", ""stimulus_offset_lsl_timestamp"": 504899.7193081, ""stimulus_offset_monotonic"": 504899.687, ""stimulus_onset_lsl_timestamp"": 504898.9098847, ""stimulus_onset_monotonic"": 504898.875, ""task"": ""go_nogo""}"
51,go_nogo_stimulus_onset_51_nogo_x_white,EVENT,504900.421,,"{""color"": ""white"", ""expected_frame_interval_ms"": 16.60961000015959, ""expected_refresh_rate_hz"": 60.0, ""expected_visual_onset_lsl_timestamp"": 504900.4546798, ""expected_visual_onset_monotonic"": 504900.421, ""expected_visual_onset_uncertainty_ms"": 8.304805000079796, ""fixed_display_latency_ms"": 0.0, ""flip_lsl_timestamp"": 504900.4546798, ""flip_monotonic"": 504900.421, ""is_no_go"": true, ""lsl_timestamp"": 504900.4546798, ""marker_push_latency_ms"": 0.0, ""measured_refresh_rate_hz"": 60.20610959501106, ""photodiode_verification_enabled"": false, ""scheduled_on_flip"": true, ""shape"": ""x"", ""timing_model"": ""psychopy_callOnFlip_plus_fixed_display_latency""}"
51,go_nogo_stimulus_offset_51_nogo_x_white,EVENT,504901.234,,"{""color"": ""white"", ""expected_frame_interval_ms"": 16.60961000015959, ""expected_refresh_rate_hz"": 60.0, ""expected_visual_onset_lsl_timestamp"": 504901.2620066, ""expected_visual_onset_monotonic"": 504901.234, ""expected_visual_onset_uncertainty_ms"": 8.304805000079796, ""fixed_display_latency_ms"": 0.0, ""flip_lsl_timestamp"": 504901.2620066, ""flip_monotonic"": 504901.234, ""is_no_go"": true, ""lsl_timestamp"": 504901.2620066, ""marker_push_latency_ms"": 0.0, ""measured_refresh_rate_hz"": 60.20610959501106, ""photodiode_verification_enabled"": false, ""scheduled_on_flip"": true, ""shape"": ""x"", ""timing_model"": ""psychopy_callOnFlip_plus_fixed_display_latency""}"
51,go_nogo_trial_complete,EVENT,504901.234,,"{""attention_challenge"": {""enabled"": false, ""expected_state"": ""normal"", ""is_cue_trial"": false}, ""button_press_count"": 0, ""commission_error"": 0, ""condition"": ""no_go"", ""correct"": true, ""correct_press"": 1, ""event_type_name"": ""go_nogo_trial_complete"", ""is_no_go"": true, ""omission_error"": 0, ""practice"": false, ""reaction_time_seconds"": null, ""schema_version"": 1, ""session_dir"": ""C:\\Users\\Surettej\\Documents\\Codespace\\eegle\\data\\participants\\sub-001-online\\sessions\\2026-07-14\\attention_lapse_go_nogo8_observe_only\\go_nogo\\run-20260714T131407"", ""source"": ""task.go_nogo"", ""stimulus_offset_lsl_timestamp"": 504901.2620066, ""stimulus_offset_monotonic"": 504901.234, ""stimulus_onset_lsl_timestamp"": 504900.4546798, ""stimulus_onset_monotonic"": 504900.421, ""task"": ""go_nogo""}"
52,go_nogo_stimulus_onset_52_nogo_x_white,EVENT,504901.968,,"{""color"": ""white"", ""expected_frame_interval_ms"": 16.60961000015959, ""expected_refresh_rate_hz"": 60.0, ""expected_visual_onset_lsl_timestamp"": 504901.994036, ""expected_visual_onset_monotonic"": 504901.968, ""expected_visual_onset_uncertainty_ms"": 8.304805000079796, ""fixed_display_latency_ms"": 0.0, ""flip_lsl_timestamp"": 504901.994036, ""flip_monotonic"": 504901.968, ""is_no_go"": true, ""lsl_timestamp"": 504901.994036, ""marker_push_latency_ms"": 0.0, ""measured_refresh_rate_hz"": 60.20610959501106, ""photodiode_verification_enabled"": false, ""scheduled_on_flip"": true, ""shape"": ""x"", ""timing_model"": ""psychopy_callOnFlip_plus_fixed_display_latency""}"
52,button_press,EVENT,504902.2277213,space,"{""is_response_key"": true, ""lsl_timestamp"": 504902.2537573, ""marker_push_latency_ms"": 0.0, ""rt_from_flip_seconds"": 0.2597212999826297, ""rt_seconds"": 0.2597212999826297}"
52,go_nogo_stimulus_offset_52_nogo_x_white,EVENT,504902.781,,"{""color"": ""white"", ""expected_frame_interval_ms"": 16.60961000015959, ""expected_refresh_rate_hz"": 60.0, ""expected_visual_onset_lsl_timestamp"": 504902.8047526, ""expected_visual_onset_monotonic"": 504902.781, ""expected_visual_onset_uncertainty_ms"": 8.304805000079796, ""fixed_display_latency_ms"": 0.0, ""flip_lsl_timestamp"": 504902.8047526, ""flip_monotonic"": 504902.781, ""is_no_go"": true, ""lsl_timestamp"": 504902.8047526, ""marker_push_latency_ms"": 0.0, ""measured_refresh_rate_hz"": 60.20610959501106, ""photodiode_verification_enabled"": false, ""scheduled_on_flip"": true, ""shape"": ""x"", ""timing_model"": ""psychopy_callOnFlip_plus_fixed_display_latency""}"
52,go_nogo_trial_complete,EVENT,504902.781,,"{""attention_challenge"": {""enabled"": false, ""expected_state"": ""normal"", ""is_cue_trial"": false}, ""button_press_count"": 1, ""commission_error"": 1, ""condition"": ""no_go"", ""correct"": false, ""correct_press"": 0, ""event_type_name"": ""go_nogo_trial_complete"", ""is_no_go"": true, ""omission_error"": 0, ""practice"": false, ""reaction_time_seconds"": 0.2597212999826297, ""schema_version"": 1, ""session_dir"": ""C:\\Users\\Surettej\\Documents\\Codespace\\eegle\\data\\participants\\sub-001-online\\sessions\\2026-07-14\\attention_lapse_go_nogo8_observe_only\\go_nogo\\run-20260714T131407"", ""source"": ""task.go_nogo"", ""stimulus_offset_lsl_timestamp"": 504902.8047526, ""stimulus_offset_monotonic"": 504902.781, ""stimulus_onset_lsl_timestamp"": 504901.994036, ""stimulus_onset_monotonic"": 504901.968, ""task"": ""go_nogo""}"
53,go_nogo_stimulus_onset_53_go_triangle_blue,EVENT,504903.5,,"{""color"": ""blue"", ""expected_frame_interval_ms"": 16.60961000015959, ""expected_refresh_rate_hz"": 60.0, ""expected_visual_onset_lsl_timestamp"": 504903.5336097, ""expected_visual_onset_monotonic"": 504903.5, ""expected_visual_onset_uncertainty_ms"": 8.304805000079796, ""fixed_display_latency_ms"": 0.0, ""flip_lsl_timestamp"": 504903.5336097, ""flip_monotonic"": 504903.5, ""is_no_go"": false, ""lsl_timestamp"": 504903.5336097, ""marker_push_latency_ms"": 0.0, ""measured_refresh_rate_hz"": 60.20610959501106, ""photodiode_verification_enabled"": false, ""scheduled_on_flip"": true, ""shape"": ""triangle"", ""timing_model"": ""psychopy_callOnFlip_plus_fixed_display_latency""}"
53,button_press,EVENT,504903.9012217,space,"{""is_response_key"": true, ""lsl_timestamp"": 504903.9348314, ""marker_push_latency_ms"": 0.0, ""rt_from_flip_seconds"": 0.40122170001268387, ""rt_seconds"": 0.40122170001268387}"
53,go_nogo_stimulus_offset_53_go_triangle_blue,EVENT,504904.312,,"{""color"": ""blue"", ""expected_frame_interval_ms"": 16.60961000015959, ""expected_refresh_rate_hz"": 60.0, ""expected_visual_onset_lsl_timestamp"": 504904.342745, ""expected_visual_onset_monotonic"": 504904.312, ""expected_visual_onset_uncertainty_ms"": 8.304805000079796, ""fixed_display_latency_ms"": 0.0, ""flip_lsl_timestamp"": 504904.342745, ""flip_monotonic"": 504904.312, ""is_no_go"": false, ""lsl_timestamp"": 504904.342745, ""marker_push_latency_ms"": 0.0, ""measured_refresh_rate_hz"": 60.20610959501106, ""photodiode_verification_enabled"": false, ""scheduled_on_flip"": true, ""shape"": ""triangle"", ""timing_model"": ""psychopy_callOnFlip_plus_fixed_display_latency""}"
53,go_nogo_trial_complete,EVENT,504904.312,,"{""attention_challenge"": {""enabled"": false, ""expected_state"": ""normal"", ""is_cue_trial"": false}, ""button_press_count"": 1, ""commission_error"": 0, ""condition"": ""go"", ""correct"": true, ""correct_press"": 1, ""event_type_name"": ""go_nogo_trial_complete"", ""is_no_go"": false, ""omission_error"": 0, ""practice"": false, ""reaction_time_seconds"": 0.40122170001268387, ""schema_version"": 1, ""session_dir"": ""C:\\Users\\Surettej\\Documents\\Codespace\\eegle\\data\\participants\\sub-001-online\\sessions\\2026-07-14\\attention_lapse_go_nogo8_observe_only\\go_nogo\\run-20260714T131407"", ""source"": ""task.go_nogo"", ""stimulus_offset_lsl_timestamp"": 504904.342745, ""stimulus_offset_monotonic"": 504904.312, ""stimulus_onset_lsl_timestamp"": 504903.5336097, ""stimulus_onset_monotonic"": 504903.5, ""task"": ""go_nogo""}"
54,go_nogo_stimulus_onset_54_go_star_red,EVENT,504905.046,,"{""color"": ""red"", ""expected_frame_interval_ms"": 16.60961000015959, ""expected_refresh_rate_hz"": 60.0, ""expected_visual_onset_lsl_timestamp"": 504905.0713326, ""expected_visual_onset_monotonic"": 504905.046, ""expected_visual_onset_uncertainty_ms"": 8.304805000079796, ""fixed_display_latency_ms"": 0.0, ""flip_lsl_timestamp"": 504905.0713326, ""flip_monotonic"": 504905.046, ""is_no_go"": false, ""lsl_timestamp"": 504905.0713326, ""marker_push_latency_ms"": 0.0, ""measured_refresh_rate_hz"": 60.20610959501106, ""photodiode_verification_enabled"": false, ""scheduled_on_flip"": true, ""shape"": ""star"", ""timing_model"": ""psychopy_callOnFlip_plus_fixed_display_latency""}"
54,button_press,EVENT,504905.3799291,space,"{""is_response_key"": true, ""lsl_timestamp"": 504905.40526170004, ""marker_push_latency_ms"": 0.0, ""rt_from_flip_seconds"": 0.33392910001566634, ""rt_seconds"": 0.33392910001566634}"
54,go_nogo_stimulus_offset_54_go_star_red,EVENT,504905.843,,"{""color"": ""red"", ""expected_frame_interval_ms"": 16.60961000015959, ""expected_refresh_rate_hz"": 60.0, ""expected_visual_onset_lsl_timestamp"": 504905.8802232, ""expected_visual_onset_monotonic"": 504905.843, ""expected_visual_onset_uncertainty_ms"": 8.304805000079796, ""fixed_display_latency_ms"": 0.0, ""flip_lsl_timestamp"": 504905.8802232, ""flip_monotonic"": 504905.843, ""is_no_go"": false, ""lsl_timestamp"": 504905.8802232, ""marker_push_latency_ms"": 16.00000000325963, ""measured_refresh_rate_hz"": 60.20610959501106, ""photodiode_verification_enabled"": false, ""scheduled_on_flip"": true, ""shape"": ""star"", ""timing_model"": ""psychopy_callOnFlip_plus_fixed_display_latency""}"
54,go_nogo_trial_complete,EVENT,504905.859,,"{""attention_challenge"": {""enabled"": false, ""expected_state"": ""normal"", ""is_cue_trial"": false}, ""button_press_count"": 1, ""commission_error"": 0, ""condition"": ""go"", ""correct"": true, ""correct_press"": 1, ""event_type_name"": ""go_nogo_trial_complete"", ""is_no_go"": false, ""omission_error"": 0, ""practice"": false, ""reaction_time_seconds"": 0.33392910001566634, ""schema_version"": 1, ""session_dir"": ""C:\\Users\\Surettej\\Documents\\Codespace\\eegle\\data\\participants\\sub-001-online\\sessions\\2026-07-14\\attention_lapse_go_nogo8_observe_only\\go_nogo\\run-20260714T131407"", ""source"": ""task.go_nogo"", ""stimulus_offset_lsl_timestamp"": 504905.8802232, ""stimulus_offset_monotonic"": 504905.843, ""stimulus_onset_lsl_timestamp"": 504905.0713326, ""stimulus_onset_monotonic"": 504905.046, ""task"": ""go_nogo""}"
55,go_nogo_stimulus_onset_55_go_triangle_blue,EVENT,504906.593,,"{""color"": ""blue"", ""expected_frame_interval_ms"": 16.60961000015959, ""expected_refresh_rate_hz"": 60.0, ""expected_visual_onset_lsl_timestamp"": 504906.624328, ""expected_visual_onset_monotonic"": 504906.593, ""expected_visual_onset_uncertainty_ms"": 8.304805000079796, ""fixed_display_latency_ms"": 0.0, ""flip_lsl_timestamp"": 504906.624328, ""flip_monotonic"": 504906.593, ""is_no_go"": false, ""lsl_timestamp"": 504906.624328, ""marker_push_latency_ms"": 0.0, ""measured_refresh_rate_hz"": 60.20610959501106, ""photodiode_verification_enabled"": false, ""scheduled_on_flip"": true, ""shape"": ""triangle"", ""timing_model"": ""psychopy_callOnFlip_plus_fixed_display_latency""}"
55,button_press,EVENT,504906.93353469996,space,"{""is_response_key"": true, ""lsl_timestamp"": 504906.96486269997, ""marker_push_latency_ms"": 0.0, ""rt_from_flip_seconds"": 0.34053469996433705, ""rt_seconds"": 0.34053469996433705}"
55,go_nogo_stimulus_offset_55_go_triangle_blue,EVENT,504907.406,,"{""color"": ""blue"", ""expected_frame_interval_ms"": 16.60961000015959, ""expected_refresh_rate_hz"": 60.0, ""expected_visual_onset_lsl_timestamp"": 504907.4340106, ""expected_visual_onset_monotonic"": 504907.406, ""expected_visual_onset_uncertainty_ms"": 8.304805000079796, ""fixed_display_latency_ms"": 0.0, ""flip_lsl_timestamp"": 504907.4340106, ""flip_monotonic"": 504907.406, ""is_no_go"": false, ""lsl_timestamp"": 504907.4340106, ""marker_push_latency_ms"": 0.0, ""measured_refresh_rate_hz"": 60.20610959501106, ""photodiode_verification_enabled"": false, ""scheduled_on_flip"": true, ""shape"": ""triangle"", ""timing_model"": ""psychopy_callOnFlip_plus_fixed_display_latency""}"
55,go_nogo_trial_complete,EVENT,504907.406,,"{""attention_challenge"": {""enabled"": false, ""expected_state"": ""normal"", ""is_cue_trial"": false}, ""button_press_count"": 1, ""commission_error"": 0, ""condition"": ""go"", ""correct"": true, ""correct_press"": 1, ""event_type_name"": ""go_nogo_trial_complete"", ""is_no_go"": false, ""omission_error"": 0, ""practice"": false, ""reaction_time_seconds"": 0.34053469996433705, ""schema_version"": 1, ""session_dir"": ""C:\\Users\\Surettej\\Documents\\Codespace\\eegle\\data\\participants\\sub-001-online\\sessions\\2026-07-14\\attention_lapse_go_nogo8_observe_only\\go_nogo\\run-20260714T131407"", ""source"": ""task.go_nogo"", ""stimulus_offset_lsl_timestamp"": 504907.4340106, ""stimulus_offset_monotonic"": 504907.406, ""stimulus_onset_lsl_timestamp"": 504906.624328, ""stimulus_onset_monotonic"": 504906.593, ""task"": ""go_nogo""}"
56,go_nogo_stimulus_onset_56_go_star_green,EVENT,504908.14,,"{""color"": ""green"", ""expected_frame_interval_ms"": 16.60961000015959, ""expected_refresh_rate_hz"": 60.0, ""expected_visual_onset_lsl_timestamp"": 504908.1635377, ""expected_visual_onset_monotonic"": 504908.14, ""expected_visual_onset_uncertainty_ms"": 8.304805000079796, ""fixed_display_latency_ms"": 0.0, ""flip_lsl_timestamp"": 504908.1635377, ""flip_monotonic"": 504908.14, ""is_no_go"": false, ""lsl_timestamp"": 504908.1635377, ""marker_push_latency_ms"": 0.0, ""measured_refresh_rate_hz"": 60.20610959501106, ""photodiode_verification_enabled"": false, ""scheduled_on_flip"": true, ""shape"": ""star"", ""timing_model"": ""psychopy_callOnFlip_plus_fixed_display_latency""}"
56,button_press,EVENT,504908.4387693,space,"{""is_response_key"": true, ""lsl_timestamp"": 504908.462307, ""marker_push_latency_ms"": 0.0, ""rt_from_flip_seconds"": 0.2987692999886349, ""rt_seconds"": 0.2987692999886349}"
56,go_nogo_stimulus_offset_56_go_star_green,EVENT,504908.953,,"{""color"": ""green"", ""expected_frame_interval_ms"": 16.60961000015959, ""expected_refresh_rate_hz"": 60.0, ""expected_visual_onset_lsl_timestamp"": 504908.9753688, ""expected_visual_onset_monotonic"": 504908.953, ""expected_visual_onset_uncertainty_ms"": 8.304805000079796, ""fixed_display_latency_ms"": 0.0, ""flip_lsl_timestamp"": 504908.9753688, ""flip_monotonic"": 504908.953, ""is_no_go"": false, ""lsl_timestamp"": 504908.9753688, ""marker_push_latency_ms"": 0.0, ""measured_refresh_rate_hz"": 60.20610959501106, ""photodiode_verification_enabled"": false, ""scheduled_on_flip"": true, ""shape"": ""star"", ""timing_model"": ""psychopy_callOnFlip_plus_fixed_display_latency""}"
56,go_nogo_trial_complete,EVENT,504908.953,,"{""attention_challenge"": {""enabled"": false, ""expected_state"": ""normal"", ""is_cue_trial"": false}, ""button_press_count"": 1, ""commission_error"": 0, ""condition"": ""go"", ""correct"": true, ""correct_press"": 1, ""event_type_name"": ""go_nogo_trial_complete"", ""is_no_go"": false, ""omission_error"": 0, ""practice"": false, ""reaction_time_seconds"": 0.2987692999886349, ""schema_version"": 1, ""session_dir"": ""C:\\Users\\Surettej\\Documents\\Codespace\\eegle\\data\\participants\\sub-001-online\\sessions\\2026-07-14\\attention_lapse_go_nogo8_observe_only\\go_nogo\\run-20260714T131407"", ""source"": ""task.go_nogo"", ""stimulus_offset_lsl_timestamp"": 504908.9753688, ""stimulus_offset_monotonic"": 504908.953, ""stimulus_onset_lsl_timestamp"": 504908.1635377, ""stimulus_onset_monotonic"": 504908.14, ""task"": ""go_nogo""}"
57,go_nogo_stimulus_onset_57_go_triangle_blue,EVENT,504909.687,,"{""color"": ""blue"", ""expected_frame_interval_ms"": 16.60961000015959, ""expected_refresh_rate_hz"": 60.0, ""expected_visual_onset_lsl_timestamp"": 504909.7103695, ""expected_visual_onset_monotonic"": 504909.687, ""expected_visual_onset_uncertainty_ms"": 8.304805000079796, ""fixed_display_latency_ms"": 0.0, ""flip_lsl_timestamp"": 504909.7103695, ""flip_monotonic"": 504909.687, ""is_no_go"": false, ""lsl_timestamp"": 504909.7103695, ""marker_push_latency_ms"": 0.0, ""measured_refresh_rate_hz"": 60.20610959501106, ""photodiode_verification_enabled"": false, ""scheduled_on_flip"": true, ""shape"": ""triangle"", ""timing_model"": ""psychopy_callOnFlip_plus_fixed_display_latency""}"
57,button_press,EVENT,504909.9899787,space,"{""is_response_key"": true, ""lsl_timestamp"": 504910.0133482, ""marker_push_latency_ms"": 0.0, ""rt_from_flip_seconds"": 0.3029787000268698, ""rt_seconds"": 0.3029787000268698}"
57,go_nogo_stimulus_offset_57_go_triangle_blue,EVENT,504910.484,,"{""color"": ""blue"", ""expected_frame_interval_ms"": 16.60961000015959, ""expected_refresh_rate_hz"": 60.0, ""expected_visual_onset_lsl_timestamp"": 504910.5204823, ""expected_visual_onset_monotonic"": 504910.484, ""expected_visual_onset_uncertainty_ms"": 8.304805000079796, ""fixed_display_latency_ms"": 0.0, ""flip_lsl_timestamp"": 504910.5204823, ""flip_monotonic"": 504910.484, ""is_no_go"": false, ""lsl_timestamp"": 504910.5204823, ""marker_push_latency_ms"": 0.0, ""measured_refresh_rate_hz"": 60.20610959501106, ""photodiode_verification_enabled"": false, ""scheduled_on_flip"": true, ""shape"": ""triangle"", ""timing_model"": ""psychopy_callOnFlip_plus_fixed_display_latency""}"
57,go_nogo_trial_complete,EVENT,504910.5,,"{""attention_challenge"": {""enabled"": false, ""expected_state"": ""normal"", ""is_cue_trial"": false}, ""button_press_count"": 1, ""commission_error"": 0, ""condition"": ""go"", ""correct"": true, ""correct_press"": 1, ""event_type_name"": ""go_nogo_trial_complete"", ""is_no_go"": false, ""omission_error"": 0, ""practice"": false, ""reaction_time_seconds"": 0.3029787000268698, ""schema_version"": 1, ""session_dir"": ""C:\\Users\\Surettej\\Documents\\Codespace\\eegle\\data\\participants\\sub-001-online\\sessions\\2026-07-14\\attention_lapse_go_nogo8_observe_only\\go_nogo\\run-20260714T131407"", ""source"": ""task.go_nogo"", ""stimulus_offset_lsl_timestamp"": 504910.5204823, ""stimulus_offset_monotonic"": 504910.484, ""stimulus_onset_lsl_timestamp"": 504909.7103695, ""stimulus_onset_monotonic"": 504909.687, ""task"": ""go_nogo""}"
58,go_nogo_stimulus_onset_58_go_circle_red,EVENT,504911.25,,"{""color"": ""red"", ""expected_frame_interval_ms"": 16.60961000015959, ""expected_refresh_rate_hz"": 60.0, ""expected_visual_onset_lsl_timestamp"": 504911.2726397, ""expected_visual_onset_monotonic"": 504911.25, ""expected_visual_onset_uncertainty_ms"": 8.304805000079796, ""fixed_display_latency_ms"": 0.0, ""flip_lsl_timestamp"": 504911.2726397, ""flip_monotonic"": 504911.25, ""is_no_go"": false, ""lsl_timestamp"": 504911.2726397, ""marker_push_latency_ms"": 0.0, ""measured_refresh_rate_hz"": 60.20610959501106, ""photodiode_verification_enabled"": false, ""scheduled_on_flip"": true, ""shape"": ""circle"", ""timing_model"": ""psychopy_callOnFlip_plus_fixed_display_latency""}"
58,button_press,EVENT,504911.55804890004,space,"{""is_response_key"": true, ""lsl_timestamp"": 504911.5806886, ""marker_push_latency_ms"": 0.0, ""rt_from_flip_seconds"": 0.3080489000421949, ""rt_seconds"": 0.3080489000421949}"
58,go_nogo_stimulus_offset_58_go_circle_red,EVENT,504912.046,,"{""color"": ""red"", ""expected_frame_interval_ms"": 16.60961000015959, ""expected_refresh_rate_hz"": 60.0, ""expected_visual_onset_lsl_timestamp"": 504912.0806449, ""expected_visual_onset_monotonic"": 504912.046, ""expected_visual_onset_uncertainty_ms"": 8.304805000079796, ""fixed_display_latency_ms"": 0.0, ""flip_lsl_timestamp"": 504912.0806449, ""flip_monotonic"": 504912.046, ""is_no_go"": false, ""lsl_timestamp"": 504912.0806449, ""marker_push_latency_ms"": 0.0, ""measured_refresh_rate_hz"": 60.20610959501106, ""photodiode_verification_enabled"": false, ""scheduled_on_flip"": true, ""shape"": ""circle"", ""timing_model"": ""psychopy_callOnFlip_plus_fixed_display_latency""}"
58,go_nogo_trial_complete,EVENT,504912.062,,"{""attention_challenge"": {""enabled"": false, ""expected_state"": ""normal"", ""is_cue_trial"": false}, ""button_press_count"": 1, ""commission_error"": 0, ""condition"": ""go"", ""correct"": true, ""correct_press"": 1, ""event_type_name"": ""go_nogo_trial_complete"", ""is_no_go"": false, ""omission_error"": 0, ""practice"": false, ""reaction_time_seconds"": 0.3080489000421949, ""schema_version"": 1, ""session_dir"": ""C:\\Users\\Surettej\\Documents\\Codespace\\eegle\\data\\participants\\sub-001-online\\sessions\\2026-07-14\\attention_lapse_go_nogo8_observe_only\\go_nogo\\run-20260714T131407"", ""source"": ""task.go_nogo"", ""stimulus_offset_lsl_timestamp"": 504912.0806449, ""stimulus_offset_monotonic"": 504912.046, ""stimulus_onset_lsl_timestamp"": 504911.2726397, ""stimulus_onset_monotonic"": 504911.25, ""task"": ""go_nogo""}"
59,go_nogo_stimulus_onset_59_go_square_red,EVENT,504912.781,,"{""color"": ""red"", ""expected_frame_interval_ms"": 16.60961000015959, ""expected_refresh_rate_hz"": 60.0, ""expected_visual_onset_lsl_timestamp"": 504912.8117169, ""expected_visual_onset_monotonic"": 504912.781, ""expected_visual_onset_uncertainty_ms"": 8.304805000079796, ""fixed_display_latency_ms"": 0.0, ""flip_lsl_timestamp"": 504912.8117169, ""flip_monotonic"": 504912.781, ""is_no_go"": false, ""lsl_timestamp"": 504912.8117169, ""marker_push_latency_ms"": 0.0, ""measured_refresh_rate_hz"": 60.20610959501106, ""photodiode_verification_enabled"": false, ""scheduled_on_flip"": true, ""shape"": ""square"", ""timing_model"": ""psychopy_callOnFlip_plus_fixed_display_latency""}"
59,button_press,EVENT,504913.09380940004,space,"{""is_response_key"": true, ""lsl_timestamp"": 504913.1245263, ""marker_push_latency_ms"": 0.0, ""rt_from_flip_seconds"": 0.3128094000276178, ""rt_seconds"": 0.3128094000276178}"
59,go_nogo_stimulus_offset_59_go_square_red,EVENT,504913.593,,"{""color"": ""red"", ""expected_frame_interval_ms"": 16.60961000015959, ""expected_refresh_rate_hz"": 60.0, ""expected_visual_onset_lsl_timestamp"": 504913.6214032, ""expected_visual_onset_monotonic"": 504913.593, ""expected_visual_onset_uncertainty_ms"": 8.304805000079796, ""fixed_display_latency_ms"": 0.0, ""flip_lsl_timestamp"": 504913.6214032, ""flip_monotonic"": 504913.593, ""is_no_go"": false, ""lsl_timestamp"": 504913.6214032, ""marker_push_latency_ms"": 0.0, ""measured_refresh_rate_hz"": 60.20610959501106, ""photodiode_verification_enabled"": false, ""scheduled_on_flip"": true, ""shape"": ""square"", ""timing_model"": ""psychopy_callOnFlip_plus_fixed_display_latency""}"
59,go_nogo_trial_complete,EVENT,504913.593,,"{""attention_challenge"": {""enabled"": false, ""expected_state"": ""normal"", ""is_cue_trial"": false}, ""button_press_count"": 1, ""commission_error"": 0, ""condition"": ""go"", ""correct"": true, ""correct_press"": 1, ""event_type_name"": ""go_nogo_trial_complete"", ""is_no_go"": false, ""omission_error"": 0, ""practice"": false, ""reaction_time_seconds"": 0.3128094000276178, ""schema_version"": 1, ""session_dir"": ""C:\\Users\\Surettej\\Documents\\Codespace\\eegle\\data\\participants\\sub-001-online\\sessions\\2026-07-14\\attention_lapse_go_nogo8_observe_only\\go_nogo\\run-20260714T131407"", ""source"": ""task.go_nogo"", ""stimulus_offset_lsl_timestamp"": 504913.6214032, ""stimulus_offset_monotonic"": 504913.593, ""stimulus_onset_lsl_timestamp"": 504912.8117169, ""stimulus_onset_monotonic"": 504912.781, ""task"": ""go_nogo""}"
60,go_nogo_stimulus_onset_60_go_hexagon_yellow,EVENT,504914.328,,"{""color"": ""yellow"", ""expected_frame_interval_ms"": 16.60961000015959, ""expected_refresh_rate_hz"": 60.0, ""expected_visual_onset_lsl_timestamp"": 504914.3518285, ""expected_visual_onset_monotonic"": 504914.328, ""expected_visual_onset_uncertainty_ms"": 8.304805000079796, ""fixed_display_latency_ms"": 0.0, ""flip_lsl_timestamp"": 504914.3518285, ""flip_monotonic"": 504914.328, ""is_no_go"": false, ""lsl_timestamp"": 504914.3518285, ""marker_push_latency_ms"": 0.0, ""measured_refresh_rate_hz"": 60.20610959501106, ""photodiode_verification_enabled"": false, ""scheduled_on_flip"": true, ""shape"": ""hexagon"", ""timing_model"": ""psychopy_callOnFlip_plus_fixed_display_latency""}"
60,button_press,EVENT,504914.6849221,space,"{""is_response_key"": true, ""lsl_timestamp"": 504914.7087506, ""marker_push_latency_ms"": 0.0, ""rt_from_flip_seconds"": 0.35692210000706837, ""rt_seconds"": 0.35692210000706837}"
60,go_nogo_stimulus_offset_60_go_hexagon_yellow,EVENT,504915.125,,"{""color"": ""yellow"", ""expected_frame_interval_ms"": 16.60961000015959, ""expected_refresh_rate_hz"": 60.0, ""expected_visual_onset_lsl_timestamp"": 504915.1598201, ""expected_visual_onset_monotonic"": 504915.125, ""expected_visual_onset_uncertainty_ms"": 8.304805000079796, ""fixed_display_latency_ms"": 0.0, ""flip_lsl_timestamp"": 504915.1598201, ""flip_monotonic"": 504915.125, ""is_no_go"": false, ""lsl_timestamp"": 504915.1598201, ""marker_push_latency_ms"": 0.0, ""measured_refresh_rate_hz"": 60.20610959501106, ""photodiode_verification_enabled"": false, ""scheduled_on_flip"": true, ""shape"": ""hexagon"", ""timing_model"": ""psychopy_callOnFlip_plus_fixed_display_latency""}"
60,go_nogo_trial_complete,EVENT,504915.14,,"{""attention_challenge"": {""enabled"": false, ""expected_state"": ""normal"", ""is_cue_trial"": false}, ""button_press_count"": 1, ""commission_error"": 0, ""condition"": ""go"", ""correct"": true, ""correct_press"": 1, ""event_type_name"": ""go_nogo_trial_complete"", ""is_no_go"": false, ""omission_error"": 0, ""practice"": false, ""reaction_time_seconds"": 0.35692210000706837, ""schema_version"": 1, ""session_dir"": ""C:\\Users\\Surettej\\Documents\\Codespace\\eegle\\data\\participants\\sub-001-online\\sessions\\2026-07-14\\attention_lapse_go_nogo8_observe_only\\go_nogo\\run-20260714T131407"", ""source"": ""task.go_nogo"", ""stimulus_offset_lsl_timestamp"": 504915.1598201, ""stimulus_offset_monotonic"": 504915.125, ""stimulus_onset_lsl_timestamp"": 504914.3518285, ""stimulus_onset_monotonic"": 504914.328, ""task"": ""go_nogo""}"
61,go_nogo_stimulus_onset_61_go_hexagon_magenta,EVENT,504915.859,,"{""color"": ""magenta"", ""expected_frame_interval_ms"": 16.60961000015959, ""expected_refresh_rate_hz"": 60.0, ""expected_visual_onset_lsl_timestamp"": 504915.8951726, ""expected_visual_onset_monotonic"": 504915.859, ""expected_visual_onset_uncertainty_ms"": 8.304805000079796, ""fixed_display_latency_ms"": 0.0, ""flip_lsl_timestamp"": 504915.8951726, ""flip_monotonic"": 504915.859, ""is_no_go"": false, ""lsl_timestamp"": 504915.8951726, ""marker_push_latency_ms"": 0.0, ""measured_refresh_rate_hz"": 60.20610959501106, ""photodiode_verification_enabled"": false, ""scheduled_on_flip"": true, ""shape"": ""hexagon"", ""timing_model"": ""psychopy_callOnFlip_plus_fixed_display_latency""}"
61,button_press,EVENT,504916.3295437,space,"{""is_response_key"": true, ""lsl_timestamp"": 504916.3657163, ""marker_push_latency_ms"": 0.0, ""rt_from_flip_seconds"": 0.47054369997931644, ""rt_seconds"": 0.47054369997931644}"
61,go_nogo_stimulus_offset_61_go_hexagon_magenta,EVENT,504916.687,,"{""color"": ""magenta"", ""expected_frame_interval_ms"": 16.60961000015959, ""expected_refresh_rate_hz"": 60.0, ""expected_visual_onset_lsl_timestamp"": 504916.7121415, ""expected_visual_onset_monotonic"": 504916.687, ""expected_visual_onset_uncertainty_ms"": 8.304805000079796, ""fixed_display_latency_ms"": 0.0, ""flip_lsl_timestamp"": 504916.7121415, ""flip_monotonic"": 504916.687, ""is_no_go"": false, ""lsl_timestamp"": 504916.7121415, ""marker_push_latency_ms"": 0.0, ""measured_refresh_rate_hz"": 60.20610959501106, ""photodiode_verification_enabled"": false, ""scheduled_on_flip"": true, ""shape"": ""hexagon"", ""timing_model"": ""psychopy_callOnFlip_plus_fixed_display_latency""}"
61,go_nogo_trial_complete,EVENT,504916.687,,"{""attention_challenge"": {""enabled"": false, ""expected_state"": ""normal"", ""is_cue_trial"": false}, ""button_press_count"": 1, ""commission_error"": 0, ""condition"": ""go"", ""correct"": true, ""correct_press"": 1, ""event_type_name"": ""go_nogo_trial_complete"", ""is_no_go"": false, ""omission_error"": 0, ""practice"": false, ""reaction_time_seconds"": 0.47054369997931644, ""schema_version"": 1, ""session_dir"": ""C:\\Users\\Surettej\\Documents\\Codespace\\eegle\\data\\participants\\sub-001-online\\sessions\\2026-07-14\\attention_lapse_go_nogo8_observe_only\\go_nogo\\run-20260714T131407"", ""source"": ""task.go_nogo"", ""stimulus_offset_lsl_timestamp"": 504916.7121415, ""stimulus_offset_monotonic"": 504916.687, ""stimulus_onset_lsl_timestamp"": 504915.8951726, ""stimulus_onset_monotonic"": 504915.859, ""task"": ""go_nogo""}"
62,go_nogo_stimulus_onset_62_go_circle_red,EVENT,504917.437,,"{""color"": ""red"", ""expected_frame_interval_ms"": 16.60961000015959, ""expected_refresh_rate_hz"": 60.0, ""expected_visual_onset_lsl_timestamp"": 504917.4625796, ""expected_visual_onset_monotonic"": 504917.437, ""expected_visual_onset_uncertainty_ms"": 8.304805000079796, ""fixed_display_latency_ms"": 0.0, ""flip_lsl_timestamp"": 504917.4625796, ""flip_monotonic"": 504917.437, ""is_no_go"": false, ""lsl_timestamp"": 504917.4625796, ""marker_push_latency_ms"": 0.0, ""measured_refresh_rate_hz"": 60.20610959501106, ""photodiode_verification_enabled"": false, ""scheduled_on_flip"": true, ""shape"": ""circle"", ""timing_model"": ""psychopy_callOnFlip_plus_fixed_display_latency""}"
62,button_press,EVENT,504917.89959529997,space,"{""is_response_key"": true, ""lsl_timestamp"": 504917.9251749, ""marker_push_latency_ms"": 0.0, ""rt_from_flip_seconds"": 0.4625952999922447, ""rt_seconds"": 0.4625952999922447}"
62,go_nogo_stimulus_offset_62_go_circle_red,EVENT,504918.234,,"{""color"": ""red"", ""expected_frame_interval_ms"": 16.60961000015959, ""expected_refresh_rate_hz"": 60.0, ""expected_visual_onset_lsl_timestamp"": 504918.2700728, ""expected_visual_onset_monotonic"": 504918.234, ""expected_visual_onset_uncertainty_ms"": 8.304805000079796, ""fixed_display_latency_ms"": 0.0, ""flip_lsl_timestamp"": 504918.2700728, ""flip_monotonic"": 504918.234, ""is_no_go"": false, ""lsl_timestamp"": 504918.2700728, ""marker_push_latency_ms"": 0.0, ""measured_refresh_rate_hz"": 60.20610959501106, ""photodiode_verification_enabled"": false, ""scheduled_on_flip"": true, ""shape"": ""circle"", ""timing_model"": ""psychopy_callOnFlip_plus_fixed_display_latency""}"
62,go_nogo_trial_complete,EVENT,504918.25,,"{""attention_challenge"": {""enabled"": false, ""expected_state"": ""normal"", ""is_cue_trial"": false}, ""button_press_count"": 1, ""commission_error"": 0, ""condition"": ""go"", ""correct"": true, ""correct_press"": 1, ""event_type_name"": ""go_nogo_trial_complete"", ""is_no_go"": false, ""omission_error"": 0, ""practice"": false, ""reaction_time_seconds"": 0.4625952999922447, ""schema_version"": 1, ""session_dir"": ""C:\\Users\\Surettej\\Documents\\Codespace\\eegle\\data\\participants\\sub-001-online\\sessions\\2026-07-14\\attention_lapse_go_nogo8_observe_only\\go_nogo\\run-20260714T131407"", ""source"": ""task.go_nogo"", ""stimulus_offset_lsl_timestamp"": 504918.2700728, ""stimulus_offset_monotonic"": 504918.234, ""stimulus_onset_lsl_timestamp"": 504917.4625796, ""stimulus_onset_monotonic"": 504917.437, ""task"": ""go_nogo""}"
63,go_nogo_stimulus_onset_63_go_circle_magenta,EVENT,504919.0,,"{""color"": ""magenta"", ""expected_frame_interval_ms"": 16.60961000015959, ""expected_refresh_rate_hz"": 60.0, ""expected_visual_onset_lsl_timestamp"": 504919.0299654, ""expected_visual_onset_monotonic"": 504919.0, ""expected_visual_onset_uncertainty_ms"": 8.304805000079796, ""fixed_display_latency_ms"": 0.0, ""flip_lsl_timestamp"": 504919.0299654, ""flip_monotonic"": 504919.0, ""is_no_go"": false, ""lsl_timestamp"": 504919.0299654, ""marker_push_latency_ms"": 0.0, ""measured_refresh_rate_hz"": 60.20610959501106, ""photodiode_verification_enabled"": false, ""scheduled_on_flip"": true, ""shape"": ""circle"", ""timing_model"": ""psychopy_callOnFlip_plus_fixed_display_latency""}"
63,button_press,EVENT,504919.4951557,space,"{""is_response_key"": true, ""lsl_timestamp"": 504919.5251211, ""marker_push_latency_ms"": 0.0, ""rt_from_flip_seconds"": 0.4951557000167668, ""rt_seconds"": 0.4951557000167668}"
63,go_nogo_stimulus_offset_63_go_circle_magenta,EVENT,504919.812,,"{""color"": ""magenta"", ""expected_frame_interval_ms"": 16.60961000015959, ""expected_refresh_rate_hz"": 60.0, ""expected_visual_onset_lsl_timestamp"": 504919.8469296, ""expected_visual_onset_monotonic"": 504919.812, ""expected_visual_onset_uncertainty_ms"": 8.304805000079796, ""fixed_display_latency_ms"": 0.0, ""flip_lsl_timestamp"": 504919.8469296, ""flip_monotonic"": 504919.812, ""is_no_go"": false, ""lsl_timestamp"": 504919.8469296, ""marker_push_latency_ms"": 0.0, ""measured_refresh_rate_hz"": 60.20610959501106, ""photodiode_verification_enabled"": false, ""scheduled_on_flip"": true, ""shape"": ""circle"", ""timing_model"": ""psychopy_callOnFlip_plus_fixed_display_latency""}"
63,go_nogo_trial_complete,EVENT,504919.828,,"{""attention_challenge"": {""enabled"": false, ""expected_state"": ""normal"", ""is_cue_trial"": false}, ""button_press_count"": 1, ""commission_error"": 0, ""condition"": ""go"", ""correct"": true, ""correct_press"": 1, ""event_type_name"": ""go_nogo_trial_complete"", ""is_no_go"": false, ""omission_error"": 0, ""practice"": false, ""reaction_time_seconds"": 0.4951557000167668, ""schema_version"": 1, ""session_dir"": ""C:\\Users\\Surettej\\Documents\\Codespace\\eegle\\data\\participants\\sub-001-online\\sessions\\2026-07-14\\attention_lapse_go_nogo8_observe_only\\go_nogo\\run-20260714T131407"", ""source"": ""task.go_nogo"", ""stimulus_offset_lsl_timestamp"": 504919.8469296, ""stimulus_offset_monotonic"": 504919.812, ""stimulus_onset_lsl_timestamp"": 504919.0299654, ""stimulus_onset_monotonic"": 504919.0, ""task"": ""go_nogo""}"
64,go_nogo_stimulus_onset_64_go_square_yellow,EVENT,504920.546,,"{""color"": ""yellow"", ""expected_frame_interval_ms"": 16.60961000015959, ""expected_refresh_rate_hz"": 60.0, ""expected_visual_onset_lsl_timestamp"": 504920.5805936, ""expected_visual_onset_monotonic"": 504920.546, ""expected_visual_onset_uncertainty_ms"": 8.304805000079796, ""fixed_display_latency_ms"": 0.0, ""flip_lsl_timestamp"": 504920.5805936, ""flip_monotonic"": 504920.546, ""is_no_go"": false, ""lsl_timestamp"": 504920.5805936, ""marker_push_latency_ms"": 0.0, ""measured_refresh_rate_hz"": 60.20610959501106, ""photodiode_verification_enabled"": false, ""scheduled_on_flip"": true, ""shape"": ""square"", ""timing_model"": ""psychopy_callOnFlip_plus_fixed_display_latency""}"
64,button_press,EVENT,504921.0175479,space,"{""is_response_key"": true, ""lsl_timestamp"": 504921.0521415, ""marker_push_latency_ms"": 0.0, ""rt_from_flip_seconds"": 0.4715479000005871, ""rt_seconds"": 0.4715479000005871}"
64,go_nogo_stimulus_offset_64_go_square_yellow,EVENT,504921.359,,"{""color"": ""yellow"", ""expected_frame_interval_ms"": 16.60961000015959, ""expected_refresh_rate_hz"": 60.0, ""expected_visual_onset_lsl_timestamp"": 504921.3887797, ""expected_visual_onset_monotonic"": 504921.359, ""expected_visual_onset_uncertainty_ms"": 8.304805000079796, ""fixed_display_latency_ms"": 0.0, ""flip_lsl_timestamp"": 504921.3887797, ""flip_monotonic"": 504921.359, ""is_no_go"": false, ""lsl_timestamp"": 504921.3887797, ""marker_push_latency_ms"": 0.0, ""measured_refresh_rate_hz"": 60.20610959501106, ""photodiode_verification_enabled"": false, ""scheduled_on_flip"": true, ""shape"": ""square"", ""timing_model"": ""psychopy_callOnFlip_plus_fixed_display_latency""}"
64,go_nogo_trial_complete,EVENT,504921.375,,"{""attention_challenge"": {""enabled"": false, ""expected_state"": ""normal"", ""is_cue_trial"": false}, ""button_press_count"": 1, ""commission_error"": 0, ""condition"": ""go"", ""correct"": true, ""correct_press"": 1, ""event_type_name"": ""go_nogo_trial_complete"", ""is_no_go"": false, ""omission_error"": 0, ""practice"": false, ""reaction_time_seconds"": 0.4715479000005871, ""schema_version"": 1, ""session_dir"": ""C:\\Users\\Surettej\\Documents\\Codespace\\eegle\\data\\participants\\sub-001-online\\sessions\\2026-07-14\\attention_lapse_go_nogo8_observe_only\\go_nogo\\run-20260714T131407"", ""source"": ""task.go_nogo"", ""stimulus_offset_lsl_timestamp"": 504921.3887797, ""stimulus_offset_monotonic"": 504921.359, ""stimulus_onset_lsl_timestamp"": 504920.5805936, ""stimulus_onset_monotonic"": 504920.546, ""task"": ""go_nogo""}"
65,go_nogo_stimulus_onset_65_nogo_x_white,EVENT,504922.109,,"{""color"": ""white"", ""expected_frame_interval_ms"": 16.60961000015959, ""expected_refresh_rate_hz"": 60.0, ""expected_visual_onset_lsl_timestamp"": 504922.1311804, ""expected_visual_onset_monotonic"": 504922.109, ""expected_visual_onset_uncertainty_ms"": 8.304805000079796, ""fixed_display_latency_ms"": 0.0, ""flip_lsl_timestamp"": 504922.1311804, ""flip_monotonic"": 504922.109, ""is_no_go"": true, ""lsl_timestamp"": 504922.1311804, ""marker_push_latency_ms"": 0.0, ""measured_refresh_rate_hz"": 60.20610959501106, ""photodiode_verification_enabled"": false, ""scheduled_on_flip"": true, ""shape"": ""x"", ""timing_model"": ""psychopy_callOnFlip_plus_fixed_display_latency""}"
65,button_press,EVENT,504922.4475178,space,"{""is_response_key"": true, ""lsl_timestamp"": 504922.46969820006, ""marker_push_latency_ms"": 0.0, ""rt_from_flip_seconds"": 0.3385178000316955, ""rt_seconds"": 0.3385178000316955}"
65,go_nogo_stimulus_offset_65_nogo_x_white,EVENT,504922.921,,"{""color"": ""white"", ""expected_frame_interval_ms"": 16.60961000015959, ""expected_refresh_rate_hz"": 60.0, ""expected_visual_onset_lsl_timestamp"": 504922.9496743, ""expected_visual_onset_monotonic"": 504922.921, ""expected_visual_onset_uncertainty_ms"": 8.304805000079796, ""fixed_display_latency_ms"": 0.0, ""flip_lsl_timestamp"": 504922.9496743, ""flip_monotonic"": 504922.921, ""is_no_go"": true, ""lsl_timestamp"": 504922.9496743, ""marker_push_latency_ms"": 0.0, ""measured_refresh_rate_hz"": 60.20610959501106, ""photodiode_verification_enabled"": false, ""scheduled_on_flip"": true, ""shape"": ""x"", ""timing_model"": ""psychopy_callOnFlip_plus_fixed_display_latency""}"
65,go_nogo_trial_complete,EVENT,504922.921,,"{""attention_challenge"": {""enabled"": false, ""expected_state"": ""normal"", ""is_cue_trial"": false}, ""button_press_count"": 1, ""commission_error"": 1, ""condition"": ""no_go"", ""correct"": false, ""correct_press"": 0, ""event_type_name"": ""go_nogo_trial_complete"", ""is_no_go"": true, ""omission_error"": 0, ""practice"": false, ""reaction_time_seconds"": 0.3385178000316955, ""schema_version"": 1, ""session_dir"": ""C:\\Users\\Surettej\\Documents\\Codespace\\eegle\\data\\participants\\sub-001-online\\sessions\\2026-07-14\\attention_lapse_go_nogo8_observe_only\\go_nogo\\run-20260714T131407"", ""source"": ""task.go_nogo"", ""stimulus_offset_lsl_timestamp"": 504922.9496743, ""stimulus_offset_monotonic"": 504922.921, ""stimulus_onset_lsl_timestamp"": 504922.1311804, ""stimulus_onset_monotonic"": 504922.109, ""task"": ""go_nogo""}"
66,go_nogo_stimulus_onset_66_go_square_magenta,EVENT,504923.656,,"{""color"": ""magenta"", ""expected_frame_interval_ms"": 16.60961000015959, ""expected_refresh_rate_hz"": 60.0, ""expected_visual_onset_lsl_timestamp"": 504923.6803621, ""expected_visual_onset_monotonic"": 504923.656, ""expected_visual_onset_uncertainty_ms"": 8.304805000079796, ""fixed_display_latency_ms"": 0.0, ""flip_lsl_timestamp"": 504923.6803621, ""flip_monotonic"": 504923.656, ""is_no_go"": false, ""lsl_timestamp"": 504923.6803621, ""marker_push_latency_ms"": 0.0, ""measured_refresh_rate_hz"": 60.20610959501106, ""photodiode_verification_enabled"": false, ""scheduled_on_flip"": true, ""shape"": ""square"", ""timing_model"": ""psychopy_callOnFlip_plus_fixed_display_latency""}"
66,button_press,EVENT,504923.9742171,space,"{""is_response_key"": true, ""lsl_timestamp"": 504923.9985792, ""marker_push_latency_ms"": 0.0, ""rt_from_flip_seconds"": 0.3182170999934897, ""rt_seconds"": 0.3182170999934897}"
66,go_nogo_stimulus_offset_66_go_square_magenta,EVENT,504924.453,,"{""color"": ""magenta"", ""expected_frame_interval_ms"": 16.60961000015959, ""expected_refresh_rate_hz"": 60.0, ""expected_visual_onset_lsl_timestamp"": 504924.4891488, ""expected_visual_onset_monotonic"": 504924.453, ""expected_visual_onset_uncertainty_ms"": 8.304805000079796, ""fixed_display_latency_ms"": 0.0, ""flip_lsl_timestamp"": 504924.4891488, ""flip_monotonic"": 504924.453, ""is_no_go"": false, ""lsl_timestamp"": 504924.4891488, ""marker_push_latency_ms"": 0.0, ""measured_refresh_rate_hz"": 60.20610959501106, ""photodiode_verification_enabled"": false, ""scheduled_on_flip"": true, ""shape"": ""square"", ""timing_model"": ""psychopy_callOnFlip_plus_fixed_display_latency""}"
66,go_nogo_trial_complete,EVENT,504924.468,,"{""attention_challenge"": {""enabled"": false, ""expected_state"": ""normal"", ""is_cue_trial"": false}, ""button_press_count"": 1, ""commission_error"": 0, ""condition"": ""go"", ""correct"": true, ""correct_press"": 1, ""event_type_name"": ""go_nogo_trial_complete"", ""is_no_go"": false, ""omission_error"": 0, ""practice"": false, ""reaction_time_seconds"": 0.3182170999934897, ""schema_version"": 1, ""session_dir"": ""C:\\Users\\Surettej\\Documents\\Codespace\\eegle\\data\\participants\\sub-001-online\\sessions\\2026-07-14\\attention_lapse_go_nogo8_observe_only\\go_nogo\\run-20260714T131407"", ""source"": ""task.go_nogo"", ""stimulus_offset_lsl_timestamp"": 504924.4891488, ""stimulus_offset_monotonic"": 504924.453, ""stimulus_onset_lsl_timestamp"": 504923.6803621, ""stimulus_onset_monotonic"": 504923.656, ""task"": ""go_nogo""}"
67,go_nogo_stimulus_onset_67_go_hexagon_blue,EVENT,504925.187,,"{""color"": ""blue"", ""expected_frame_interval_ms"": 16.60961000015959, ""expected_refresh_rate_hz"": 60.0, ""expected_visual_onset_lsl_timestamp"": 504925.219285, ""expected_visual_onset_monotonic"": 504925.187, ""expected_visual_onset_uncertainty_ms"": 8.304805000079796, ""fixed_display_latency_ms"": 0.0, ""flip_lsl_timestamp"": 504925.219285, ""flip_monotonic"": 504925.187, ""is_no_go"": false, ""lsl_timestamp"": 504925.219285, ""marker_push_latency_ms"": 0.0, ""measured_refresh_rate_hz"": 60.20610959501106, ""photodiode_verification_enabled"": false, ""scheduled_on_flip"": true, ""shape"": ""hexagon"", ""timing_model"": ""psychopy_callOnFlip_plus_fixed_display_latency""}"
67,button_press,EVENT,504925.588464,space,"{""is_response_key"": true, ""lsl_timestamp"": 504925.620749, ""marker_push_latency_ms"": 0.0, ""rt_from_flip_seconds"": 0.40146399999503046, ""rt_seconds"": 0.40146399999503046}"
67,go_nogo_stimulus_offset_67_go_hexagon_blue,EVENT,504926.0,,"{""color"": ""blue"", ""expected_frame_interval_ms"": 16.60961000015959, ""expected_refresh_rate_hz"": 60.0, ""expected_visual_onset_lsl_timestamp"": 504926.0277474, ""expected_visual_onset_monotonic"": 504926.0, ""expected_visual_onset_uncertainty_ms"": 8.304805000079796, ""fixed_display_latency_ms"": 0.0, ""flip_lsl_timestamp"": 504926.0277474, ""flip_monotonic"": 504926.0, ""is_no_go"": false, ""lsl_timestamp"": 504926.0277474, ""marker_push_latency_ms"": 0.0, ""measured_refresh_rate_hz"": 60.20610959501106, ""photodiode_verification_enabled"": false, ""scheduled_on_flip"": true, ""shape"": ""hexagon"", ""timing_model"": ""psychopy_callOnFlip_plus_fixed_display_latency""}"
67,go_nogo_trial_complete,EVENT,504926.0,,"{""attention_challenge"": {""enabled"": false, ""expected_state"": ""normal"", ""is_cue_trial"": false}, ""button_press_count"": 1, ""commission_error"": 0, ""condition"": ""go"", ""correct"": true, ""correct_press"": 1, ""event_type_name"": ""go_nogo_trial_complete"", ""is_no_go"": false, ""omission_error"": 0, ""practice"": false, ""reaction_time_seconds"": 0.40146399999503046, ""schema_version"": 1, ""session_dir"": ""C:\\Users\\Surettej\\Documents\\Codespace\\eegle\\data\\participants\\sub-001-online\\sessions\\2026-07-14\\attention_lapse_go_nogo8_observe_only\\go_nogo\\run-20260714T131407"", ""source"": ""task.go_nogo"", ""stimulus_offset_lsl_timestamp"": 504926.0277474, ""stimulus_offset_monotonic"": 504926.0, ""stimulus_onset_lsl_timestamp"": 504925.219285, ""stimulus_onset_monotonic"": 504925.187, ""task"": ""go_nogo""}"
68,go_nogo_stimulus_onset_68_go_hexagon_magenta,EVENT,504926.734,,"{""color"": ""magenta"", ""expected_frame_interval_ms"": 16.60961000015959, ""expected_refresh_rate_hz"": 60.0, ""expected_visual_onset_lsl_timestamp"": 504926.7622642, ""expected_visual_onset_monotonic"": 504926.734, ""expected_visual_onset_uncertainty_ms"": 8.304805000079796, ""fixed_display_latency_ms"": 0.0, ""flip_lsl_timestamp"": 504926.7622642, ""flip_monotonic"": 504926.734, ""is_no_go"": false, ""lsl_timestamp"": 504926.7622642, ""marker_push_latency_ms"": 0.0, ""measured_refresh_rate_hz"": 60.20610959501106, ""photodiode_verification_enabled"": false, ""scheduled_on_flip"": true, ""shape"": ""hexagon"", ""timing_model"": ""psychopy_callOnFlip_plus_fixed_display_latency""}"
68,button_press,EVENT,504927.10559590004,space,"{""is_response_key"": true, ""lsl_timestamp"": 504927.13386010006, ""marker_push_latency_ms"": 0.0, ""rt_from_flip_seconds"": 0.3715959000401199, ""rt_seconds"": 0.3715959000401199}"
68,go_nogo_stimulus_offset_68_go_hexagon_magenta,EVENT,504927.546,,"{""color"": ""magenta"", ""expected_frame_interval_ms"": 16.60961000015959, ""expected_refresh_rate_hz"": 60.0, ""expected_visual_onset_lsl_timestamp"": 504927.5709534, ""expected_visual_onset_monotonic"": 504927.546, ""expected_visual_onset_uncertainty_ms"": 8.304805000079796, ""fixed_display_latency_ms"": 0.0, ""flip_lsl_timestamp"": 504927.5709534, ""flip_monotonic"": 504927.546, ""is_no_go"": false, ""lsl_timestamp"": 504927.5709534, ""marker_push_latency_ms"": 0.0, ""measured_refresh_rate_hz"": 60.20610959501106, ""photodiode_verification_enabled"": false, ""scheduled_on_flip"": true, ""shape"": ""hexagon"", ""timing_model"": ""psychopy_callOnFlip_plus_fixed_display_latency""}"
68,go_nogo_trial_complete,EVENT,504927.546,,"{""attention_challenge"": {""enabled"": false, ""expected_state"": ""normal"", ""is_cue_trial"": false}, ""button_press_count"": 1, ""commission_error"": 0, ""condition"": ""go"", ""correct"": true, ""correct_press"": 1, ""event_type_name"": ""go_nogo_trial_complete"", ""is_no_go"": false, ""omission_error"": 0, ""practice"": false, ""reaction_time_seconds"": 0.3715959000401199, ""schema_version"": 1, ""session_dir"": ""C:\\Users\\Surettej\\Documents\\Codespace\\eegle\\data\\participants\\sub-001-online\\sessions\\2026-07-14\\attention_lapse_go_nogo8_observe_only\\go_nogo\\run-20260714T131407"", ""source"": ""task.go_nogo"", ""stimulus_offset_lsl_timestamp"": 504927.5709534, ""stimulus_offset_monotonic"": 504927.546, ""stimulus_onset_lsl_timestamp"": 504926.7622642, ""stimulus_onset_monotonic"": 504926.734, ""task"": ""go_nogo""}"
69,go_nogo_stimulus_onset_69_nogo_x_white,EVENT,504928.281,,"{""color"": ""white"", ""expected_frame_interval_ms"": 16.60961000015959, ""expected_refresh_rate_hz"": 60.0, ""expected_visual_onset_lsl_timestamp"": 504928.3091118, ""expected_visual_onset_monotonic"": 504928.281, ""expected_visual_onset_uncertainty_ms"": 8.304805000079796, ""fixed_display_latency_ms"": 0.0, ""flip_lsl_timestamp"": 504928.3091118, ""flip_monotonic"": 504928.281, ""is_no_go"": true, ""lsl_timestamp"": 504928.3091118, ""marker_push_latency_ms"": 0.0, ""measured_refresh_rate_hz"": 60.20610959501106, ""photodiode_verification_enabled"": false, ""scheduled_on_flip"": true, ""shape"": ""x"", ""timing_model"": ""psychopy_callOnFlip_plus_fixed_display_latency""}"
69,button_press,EVENT,504928.538283,space,"{""is_response_key"": true, ""lsl_timestamp"": 504928.5663948, ""marker_push_latency_ms"": 0.0, ""rt_from_flip_seconds"": 0.25728299998445436, ""rt_seconds"": 0.25728299998445436}"
69,go_nogo_stimulus_offset_69_nogo_x_white,EVENT,504929.093,,"{""color"": ""white"", ""expected_frame_interval_ms"": 16.60961000015959, ""expected_refresh_rate_hz"": 60.0, ""expected_visual_onset_lsl_timestamp"": 504929.1183202, ""expected_visual_onset_monotonic"": 504929.093, ""expected_visual_onset_uncertainty_ms"": 8.304805000079796, ""fixed_display_latency_ms"": 0.0, ""flip_lsl_timestamp"": 504929.1183202, ""flip_monotonic"": 504929.093, ""is_no_go"": true, ""lsl_timestamp"": 504929.1183202, ""marker_push_latency_ms"": 0.0, ""measured_refresh_rate_hz"": 60.20610959501106, ""photodiode_verification_enabled"": false, ""scheduled_on_flip"": true, ""shape"": ""x"", ""timing_model"": ""psychopy_callOnFlip_plus_fixed_display_latency""}"
69,go_nogo_trial_complete,EVENT,504929.093,,"{""attention_challenge"": {""enabled"": false, ""expected_state"": ""normal"", ""is_cue_trial"": false}, ""button_press_count"": 1, ""commission_error"": 1, ""condition"": ""no_go"", ""correct"": false, ""correct_press"": 0, ""event_type_name"": ""go_nogo_trial_complete"", ""is_no_go"": true, ""omission_error"": 0, ""practice"": false, ""reaction_time_seconds"": 0.25728299998445436, ""schema_version"": 1, ""session_dir"": ""C:\\Users\\Surettej\\Documents\\Codespace\\eegle\\data\\participants\\sub-001-online\\sessions\\2026-07-14\\attention_lapse_go_nogo8_observe_only\\go_nogo\\run-20260714T131407"", ""source"": ""task.go_nogo"", ""stimulus_offset_lsl_timestamp"": 504929.1183202, ""stimulus_offset_monotonic"": 504929.093, ""stimulus_onset_lsl_timestamp"": 504928.3091118, ""stimulus_onset_monotonic"": 504928.281, ""task"": ""go_nogo""}"
70,go_nogo_stimulus_onset_70_go_circle_blue,EVENT,504929.843,,"{""color"": ""blue"", ""expected_frame_interval_ms"": 16.60961000015959, ""expected_refresh_rate_hz"": 60.0, ""expected_visual_onset_lsl_timestamp"": 504929.8682067, ""expected_visual_onset_monotonic"": 504929.843, ""expected_visual_onset_uncertainty_ms"": 8.304805000079796, ""fixed_display_latency_ms"": 0.0, ""flip_lsl_timestamp"": 504929.8682067, ""flip_monotonic"": 504929.843, ""is_no_go"": false, ""lsl_timestamp"": 504929.8682067, ""marker_push_latency_ms"": 0.0, ""measured_refresh_rate_hz"": 60.20610959501106, ""photodiode_verification_enabled"": false, ""scheduled_on_flip"": true, ""shape"": ""circle"", ""timing_model"": ""psychopy_callOnFlip_plus_fixed_display_latency""}"
70,button_press,EVENT,504930.16390770004,space,"{""is_response_key"": true, ""lsl_timestamp"": 504930.18911440007, ""marker_push_latency_ms"": 0.0, ""rt_from_flip_seconds"": 0.32090770005015656, ""rt_seconds"": 0.32090770005015656}"
70,go_nogo_stimulus_offset_70_go_circle_blue,EVENT,504930.656,,"{""color"": ""blue"", ""expected_frame_interval_ms"": 16.60961000015959, ""expected_refresh_rate_hz"": 60.0, ""expected_visual_onset_lsl_timestamp"": 504930.6858162, ""expected_visual_onset_monotonic"": 504930.656, ""expected_visual_onset_uncertainty_ms"": 8.304805000079796, ""fixed_display_latency_ms"": 0.0, ""flip_lsl_timestamp"": 504930.6858162, ""flip_monotonic"": 504930.656, ""is_no_go"": false, ""lsl_timestamp"": 504930.6858162, ""marker_push_latency_ms"": 0.0, ""measured_refresh_rate_hz"": 60.20610959501106, ""photodiode_verification_enabled"": false, ""scheduled_on_flip"": true, ""shape"": ""circle"", ""timing_model"": ""psychopy_callOnFlip_plus_fixed_display_latency""}"
70,go_nogo_trial_complete,EVENT,504930.656,,"{""attention_challenge"": {""enabled"": false, ""expected_state"": ""normal"", ""is_cue_trial"": false}, ""button_press_count"": 1, ""commission_error"": 0, ""condition"": ""go"", ""correct"": true, ""correct_press"": 1, ""event_type_name"": ""go_nogo_trial_complete"", ""is_no_go"": false, ""omission_error"": 0, ""practice"": false, ""reaction_time_seconds"": 0.32090770005015656, ""schema_version"": 1, ""session_dir"": ""C:\\Users\\Surettej\\Documents\\Codespace\\eegle\\data\\participants\\sub-001-online\\sessions\\2026-07-14\\attention_lapse_go_nogo8_observe_only\\go_nogo\\run-20260714T131407"", ""source"": ""task.go_nogo"", ""stimulus_offset_lsl_timestamp"": 504930.6858162, ""stimulus_offset_monotonic"": 504930.656, ""stimulus_onset_lsl_timestamp"": 504929.8682067, ""stimulus_onset_monotonic"": 504929.843, ""task"": ""go_nogo""}"
71,go_nogo_stimulus_onset_71_go_hexagon_magenta,EVENT,504931.39,,"{""color"": ""magenta"", ""expected_frame_interval_ms"": 16.60961000015959, ""expected_refresh_rate_hz"": 60.0, ""expected_visual_onset_lsl_timestamp"": 504931.4187599, ""expected_visual_onset_monotonic"": 504931.39, ""expected_visual_onset_uncertainty_ms"": 8.304805000079796, ""fixed_display_latency_ms"": 0.0, ""flip_lsl_timestamp"": 504931.4187599, ""flip_monotonic"": 504931.39, ""is_no_go"": false, ""lsl_timestamp"": 504931.4187599, ""marker_push_latency_ms"": 0.0, ""measured_refresh_rate_hz"": 60.20610959501106, ""photodiode_verification_enabled"": false, ""scheduled_on_flip"": true, ""shape"": ""hexagon"", ""timing_model"": ""psychopy_callOnFlip_plus_fixed_display_latency""}"
71,button_press,EVENT,504931.9763108,space,"{""is_response_key"": true, ""lsl_timestamp"": 504932.0050707, ""marker_push_latency_ms"": 0.0, ""rt_from_flip_seconds"": 0.586310799990315, ""rt_seconds"": 0.586310799990315}"
71,go_nogo_stimulus_offset_71_go_hexagon_magenta,EVENT,504932.203,,"{""color"": ""magenta"", ""expected_frame_interval_ms"": 16.60961000015959, ""expected_refresh_rate_hz"": 60.0, ""expected_visual_onset_lsl_timestamp"": 504932.2277941, ""expected_visual_onset_monotonic"": 504932.203, ""expected_visual_onset_uncertainty_ms"": 8.304805000079796, ""fixed_display_latency_ms"": 0.0, ""flip_lsl_timestamp"": 504932.2277941, ""flip_monotonic"": 504932.203, ""is_no_go"": false, ""lsl_timestamp"": 504932.2277941, ""marker_push_latency_ms"": 0.0, ""measured_refresh_rate_hz"": 60.20610959501106, ""photodiode_verification_enabled"": false, ""scheduled_on_flip"": true, ""shape"": ""hexagon"", ""timing_model"": ""psychopy_callOnFlip_plus_fixed_display_latency""}"
71,go_nogo_trial_complete,EVENT,504932.203,,"{""attention_challenge"": {""enabled"": false, ""expected_state"": ""normal"", ""is_cue_trial"": false}, ""button_press_count"": 1, ""commission_error"": 0, ""condition"": ""go"", ""correct"": true, ""correct_press"": 1, ""event_type_name"": ""go_nogo_trial_complete"", ""is_no_go"": false, ""omission_error"": 0, ""practice"": false, ""reaction_time_seconds"": 0.586310799990315, ""schema_version"": 1, ""session_dir"": ""C:\\Users\\Surettej\\Documents\\Codespace\\eegle\\data\\participants\\sub-001-online\\sessions\\2026-07-14\\attention_lapse_go_nogo8_observe_only\\go_nogo\\run-20260714T131407"", ""source"": ""task.go_nogo"", ""stimulus_offset_lsl_timestamp"": 504932.2277941, ""stimulus_offset_monotonic"": 504932.203, ""stimulus_onset_lsl_timestamp"": 504931.4187599, ""stimulus_onset_monotonic"": 504931.39, ""task"": ""go_nogo""}"
72,go_nogo_stimulus_onset_72_go_hexagon_magenta,EVENT,504932.937,,"{""color"": ""magenta"", ""expected_frame_interval_ms"": 16.60961000015959, ""expected_refresh_rate_hz"": 60.0, ""expected_visual_onset_lsl_timestamp"": 504932.9695543, ""expected_visual_onset_monotonic"": 504932.937, ""expected_visual_onset_uncertainty_ms"": 8.304805000079796, ""fixed_display_latency_ms"": 0.0, ""flip_lsl_timestamp"": 504932.9695543, ""flip_monotonic"": 504932.937, ""is_no_go"": false, ""lsl_timestamp"": 504932.9695543, ""marker_push_latency_ms"": 0.0, ""measured_refresh_rate_hz"": 60.20610959501106, ""photodiode_verification_enabled"": false, ""scheduled_on_flip"": true, ""shape"": ""hexagon"", ""timing_model"": ""psychopy_callOnFlip_plus_fixed_display_latency""}"
72,button_press,EVENT,504933.36643199995,space,"{""is_response_key"": true, ""lsl_timestamp"": 504933.3989863, ""marker_push_latency_ms"": 0.0, ""rt_from_flip_seconds"": 0.42943199997534975, ""rt_seconds"": 0.42943199997534975}"
72,go_nogo_stimulus_offset_72_go_hexagon_magenta,EVENT,504933.75,,"{""color"": ""magenta"", ""expected_frame_interval_ms"": 16.60961000015959, ""expected_refresh_rate_hz"": 60.0, ""expected_visual_onset_lsl_timestamp"": 504933.7800243, ""expected_visual_onset_monotonic"": 504933.75, ""expected_visual_onset_uncertainty_ms"": 8.304805000079796, ""fixed_display_latency_ms"": 0.0, ""flip_lsl_timestamp"": 504933.7800243, ""flip_monotonic"": 504933.75, ""is_no_go"": false, ""lsl_timestamp"": 504933.7800243, ""marker_push_latency_ms"": 0.0, ""measured_refresh_rate_hz"": 60.20610959501106, ""photodiode_verification_enabled"": false, ""scheduled_on_flip"": true, ""shape"": ""hexagon"", ""timing_model"": ""psychopy_callOnFlip_plus_fixed_display_latency""}"
72,go_nogo_trial_complete,EVENT,504933.75,,"{""attention_challenge"": {""enabled"": false, ""expected_state"": ""normal"", ""is_cue_trial"": false}, ""button_press_count"": 1, ""commission_error"": 0, ""condition"": ""go"", ""correct"": true, ""correct_press"": 1, ""event_type_name"": ""go_nogo_trial_complete"", ""is_no_go"": false, ""omission_error"": 0, ""practice"": false, ""reaction_time_seconds"": 0.42943199997534975, ""schema_version"": 1, ""session_dir"": ""C:\\Users\\Surettej\\Documents\\Codespace\\eegle\\data\\participants\\sub-001-online\\sessions\\2026-07-14\\attention_lapse_go_nogo8_observe_only\\go_nogo\\run-20260714T131407"", ""source"": ""task.go_nogo"", ""stimulus_offset_lsl_timestamp"": 504933.7800243, ""stimulus_offset_monotonic"": 504933.75, ""stimulus_onset_lsl_timestamp"": 504932.9695543, ""stimulus_onset_monotonic"": 504932.937, ""task"": ""go_nogo""}"
73,go_nogo_stimulus_onset_73_go_circle_magenta,EVENT,504934.515,,"{""color"": ""magenta"", ""expected_frame_interval_ms"": 16.60961000015959, ""expected_refresh_rate_hz"": 60.0, ""expected_visual_onset_lsl_timestamp"": 504934.5369652, ""expected_visual_onset_monotonic"": 504934.515, ""expected_visual_onset_uncertainty_ms"": 8.304805000079796, ""fixed_display_latency_ms"": 0.0, ""flip_lsl_timestamp"": 504934.5369652, ""flip_monotonic"": 504934.515, ""is_no_go"": false, ""lsl_timestamp"": 504934.5369652, ""marker_push_latency_ms"": 0.0, ""measured_refresh_rate_hz"": 60.20610959501106, ""photodiode_verification_enabled"": false, ""scheduled_on_flip"": true, ""shape"": ""circle"", ""timing_model"": ""psychopy_callOnFlip_plus_fixed_display_latency""}"
73,button_press,EVENT,504934.8320619,space,"{""is_response_key"": true, ""lsl_timestamp"": 504934.85402709997, ""marker_push_latency_ms"": 0.0, ""rt_from_flip_seconds"": 0.31706189998658374, ""rt_seconds"": 0.31706189998658374}"
73,go_nogo_stimulus_offset_73_go_circle_magenta,EVENT,504935.312,,"{""color"": ""magenta"", ""expected_frame_interval_ms"": 16.60961000015959, ""expected_refresh_rate_hz"": 60.0, ""expected_visual_onset_lsl_timestamp"": 504935.3471926, ""expected_visual_onset_monotonic"": 504935.312, ""expected_visual_onset_uncertainty_ms"": 8.304805000079796, ""fixed_display_latency_ms"": 0.0, ""flip_lsl_timestamp"": 504935.3471926, ""flip_monotonic"": 504935.312, ""is_no_go"": false, ""lsl_timestamp"": 504935.3471926, ""marker_push_latency_ms"": 0.0, ""measured_refresh_rate_hz"": 60.20610959501106, ""photodiode_verification_enabled"": false, ""scheduled_on_flip"": true, ""shape"": ""circle"", ""timing_model"": ""psychopy_callOnFlip_plus_fixed_display_latency""}"
73,go_nogo_trial_complete,EVENT,504935.328,,"{""attention_challenge"": {""enabled"": false, ""expected_state"": ""normal"", ""is_cue_trial"": false}, ""button_press_count"": 1, ""commission_error"": 0, ""condition"": ""go"", ""correct"": true, ""correct_press"": 1, ""event_type_name"": ""go_nogo_trial_complete"", ""is_no_go"": false, ""omission_error"": 0, ""practice"": false, ""reaction_time_seconds"": 0.31706189998658374, ""schema_version"": 1, ""session_dir"": ""C:\\Users\\Surettej\\Documents\\Codespace\\eegle\\data\\participants\\sub-001-online\\sessions\\2026-07-14\\attention_lapse_go_nogo8_observe_only\\go_nogo\\run-20260714T131407"", ""source"": ""task.go_nogo"", ""stimulus_offset_lsl_timestamp"": 504935.3471926, ""stimulus_offset_monotonic"": 504935.312, ""stimulus_onset_lsl_timestamp"": 504934.5369652, ""stimulus_onset_monotonic"": 504934.515, ""task"": ""go_nogo""}"
74,go_nogo_stimulus_onset_74_go_triangle_red,EVENT,504936.046,,"{""color"": ""red"", ""expected_frame_interval_ms"": 16.60961000015959, ""expected_refresh_rate_hz"": 60.0, ""expected_visual_onset_lsl_timestamp"": 504936.0809504, ""expected_visual_onset_monotonic"": 504936.046, ""expected_visual_onset_uncertainty_ms"": 8.304805000079796, ""fixed_display_latency_ms"": 0.0, ""flip_lsl_timestamp"": 504936.0809504, ""flip_monotonic"": 504936.046, ""is_no_go"": false, ""lsl_timestamp"": 504936.0809504, ""marker_push_latency_ms"": 0.0, ""measured_refresh_rate_hz"": 60.20610959501106, ""photodiode_verification_enabled"": false, ""scheduled_on_flip"": true, ""shape"": ""triangle"", ""timing_model"": ""psychopy_callOnFlip_plus_fixed_display_latency""}"
74,button_press,EVENT,504936.4498124,space,"{""is_response_key"": true, ""lsl_timestamp"": 504936.4847628, ""marker_push_latency_ms"": 0.0, ""rt_from_flip_seconds"": 0.4038124000071548, ""rt_seconds"": 0.4038124000071548}"
74,go_nogo_stimulus_offset_74_go_triangle_red,EVENT,504936.859,,"{""color"": ""red"", ""expected_frame_interval_ms"": 16.60961000015959, ""expected_refresh_rate_hz"": 60.0, ""expected_visual_onset_lsl_timestamp"": 504936.8900781, ""expected_visual_onset_monotonic"": 504936.859, ""expected_visual_onset_uncertainty_ms"": 8.304805000079796, ""fixed_display_latency_ms"": 0.0, ""flip_lsl_timestamp"": 504936.8900781, ""flip_monotonic"": 504936.859, ""is_no_go"": false, ""lsl_timestamp"": 504936.8900781, ""marker_push_latency_ms"": 0.0, ""measured_refresh_rate_hz"": 60.20610959501106, ""photodiode_verification_enabled"": false, ""scheduled_on_flip"": true, ""shape"": ""triangle"", ""timing_model"": ""psychopy_callOnFlip_plus_fixed_display_latency""}"
74,go_nogo_trial_complete,EVENT,504936.875,,"{""attention_challenge"": {""enabled"": false, ""expected_state"": ""normal"", ""is_cue_trial"": false}, ""button_press_count"": 1, ""commission_error"": 0, ""condition"": ""go"", ""correct"": true, ""correct_press"": 1, ""event_type_name"": ""go_nogo_trial_complete"", ""is_no_go"": false, ""omission_error"": 0, ""practice"": false, ""reaction_time_seconds"": 0.4038124000071548, ""schema_version"": 1, ""session_dir"": ""C:\\Users\\Surettej\\Documents\\Codespace\\eegle\\data\\participants\\sub-001-online\\sessions\\2026-07-14\\attention_lapse_go_nogo8_observe_only\\go_nogo\\run-20260714T131407"", ""source"": ""task.go_nogo"", ""stimulus_offset_lsl_timestamp"": 504936.8900781, ""stimulus_offset_monotonic"": 504936.859, ""stimulus_onset_lsl_timestamp"": 504936.0809504, ""stimulus_onset_monotonic"": 504936.046, ""task"": ""go_nogo""}"
75,go_nogo_stimulus_onset_75_nogo_x_white,EVENT,504937.593,,"{""color"": ""white"", ""expected_frame_interval_ms"": 16.60961000015959, ""expected_refresh_rate_hz"": 60.0, ""expected_visual_onset_lsl_timestamp"": 504937.6294263, ""expected_visual_onset_monotonic"": 504937.593, ""expected_visual_onset_uncertainty_ms"": 8.304805000079796, ""fixed_display_latency_ms"": 0.0, ""flip_lsl_timestamp"": 504937.6294263, ""flip_monotonic"": 504937.593, ""is_no_go"": true, ""lsl_timestamp"": 504937.6294263, ""marker_push_latency_ms"": 0.0, ""measured_refresh_rate_hz"": 60.20610959501106, ""photodiode_verification_enabled"": false, ""scheduled_on_flip"": true, ""shape"": ""x"", ""timing_model"": ""psychopy_callOnFlip_plus_fixed_display_latency""}"
75,go_nogo_stimulus_offset_75_nogo_x_white,EVENT,504938.406,,"{""color"": ""white"", ""expected_frame_interval_ms"": 16.60961000015959, ""expected_refresh_rate_hz"": 60.0, ""expected_visual_onset_lsl_timestamp"": 504938.4386295, ""expected_visual_onset_monotonic"": 504938.406, ""expected_visual_onset_uncertainty_ms"": 8.304805000079796, ""fixed_display_latency_ms"": 0.0, ""flip_lsl_timestamp"": 504938.4386295, ""flip_monotonic"": 504938.406, ""is_no_go"": true, ""lsl_timestamp"": 504938.4386295, ""marker_push_latency_ms"": 0.0, ""measured_refresh_rate_hz"": 60.20610959501106, ""photodiode_verification_enabled"": false, ""scheduled_on_flip"": true, ""shape"": ""x"", ""timing_model"": ""psychopy_callOnFlip_plus_fixed_display_latency""}"
75,go_nogo_trial_complete,EVENT,504938.421,,"{""attention_challenge"": {""enabled"": false, ""expected_state"": ""normal"", ""is_cue_trial"": false}, ""button_press_count"": 0, ""commission_error"": 0, ""condition"": ""no_go"", ""correct"": true, ""correct_press"": 1, ""event_type_name"": ""go_nogo_trial_complete"", ""is_no_go"": true, ""omission_error"": 0, ""practice"": false, ""reaction_time_seconds"": null, ""schema_version"": 1, ""session_dir"": ""C:\\Users\\Surettej\\Documents\\Codespace\\eegle\\data\\participants\\sub-001-online\\sessions\\2026-07-14\\attention_lapse_go_nogo8_observe_only\\go_nogo\\run-20260714T131407"", ""source"": ""task.go_nogo"", ""stimulus_offset_lsl_timestamp"": 504938.4386295, ""stimulus_offset_monotonic"": 504938.406, ""stimulus_onset_lsl_timestamp"": 504937.6294263, ""stimulus_onset_monotonic"": 504937.593, ""task"": ""go_nogo""}"
76,go_nogo_stimulus_onset_76_go_square_yellow,EVENT,504939.14,,"{""color"": ""yellow"", ""expected_frame_interval_ms"": 16.60961000015959, ""expected_refresh_rate_hz"": 60.0, ""expected_visual_onset_lsl_timestamp"": 504939.172323, ""expected_visual_onset_monotonic"": 504939.14, ""expected_visual_onset_uncertainty_ms"": 8.304805000079796, ""fixed_display_latency_ms"": 0.0, ""flip_lsl_timestamp"": 504939.172323, ""flip_monotonic"": 504939.14, ""is_no_go"": false, ""lsl_timestamp"": 504939.172323, ""marker_push_latency_ms"": 0.0, ""measured_refresh_rate_hz"": 60.20610959501106, ""photodiode_verification_enabled"": false, ""scheduled_on_flip"": true, ""shape"": ""square"", ""timing_model"": ""psychopy_callOnFlip_plus_fixed_display_latency""}"
76,button_press,EVENT,504939.525811,space,"{""is_response_key"": true, ""lsl_timestamp"": 504939.558134, ""marker_push_latency_ms"": 0.0, ""rt_from_flip_seconds"": 0.3858110000146553, ""rt_seconds"": 0.3858110000146553}"
76,go_nogo_stimulus_offset_76_go_square_yellow,EVENT,504939.953,,"{""color"": ""yellow"", ""expected_frame_interval_ms"": 16.60961000015959, ""expected_refresh_rate_hz"": 60.0, ""expected_visual_onset_lsl_timestamp"": 504939.9805367, ""expected_visual_onset_monotonic"": 504939.953, ""expected_visual_onset_uncertainty_ms"": 8.304805000079796, ""fixed_display_latency_ms"": 0.0, ""flip_lsl_timestamp"": 504939.9805367, ""flip_monotonic"": 504939.953, ""is_no_go"": false, ""lsl_timestamp"": 504939.9805367, ""marker_push_latency_ms"": 0.0, ""measured_refresh_rate_hz"": 60.20610959501106, ""photodiode_verification_enabled"": false, ""scheduled_on_flip"": true, ""shape"": ""square"", ""timing_model"": ""psychopy_callOnFlip_plus_fixed_display_latency""}"
76,go_nogo_trial_complete,EVENT,504939.953,,"{""attention_challenge"": {""enabled"": false, ""expected_state"": ""normal"", ""is_cue_trial"": false}, ""button_press_count"": 1, ""commission_error"": 0, ""condition"": ""go"", ""correct"": true, ""correct_press"": 1, ""event_type_name"": ""go_nogo_trial_complete"", ""is_no_go"": false, ""omission_error"": 0, ""practice"": false, ""reaction_time_seconds"": 0.3858110000146553, ""schema_version"": 1, ""session_dir"": ""C:\\Users\\Surettej\\Documents\\Codespace\\eegle\\data\\participants\\sub-001-online\\sessions\\2026-07-14\\attention_lapse_go_nogo8_observe_only\\go_nogo\\run-20260714T131407"", ""source"": ""task.go_nogo"", ""stimulus_offset_lsl_timestamp"": 504939.9805367, ""stimulus_offset_monotonic"": 504939.953, ""stimulus_onset_lsl_timestamp"": 504939.172323, ""stimulus_onset_monotonic"": 504939.14, ""task"": ""go_nogo""}"
77,go_nogo_stimulus_onset_77_nogo_x_white,EVENT,504940.687,,"{""color"": ""white"", ""expected_frame_interval_ms"": 16.60961000015959, ""expected_refresh_rate_hz"": 60.0, ""expected_visual_onset_lsl_timestamp"": 504940.7158993, ""expected_visual_onset_monotonic"": 504940.687, ""expected_visual_onset_uncertainty_ms"": 8.304805000079796, ""fixed_display_latency_ms"": 0.0, ""flip_lsl_timestamp"": 504940.7158993, ""flip_monotonic"": 504940.687, ""is_no_go"": true, ""lsl_timestamp"": 504940.7158993, ""marker_push_latency_ms"": 0.0, ""measured_refresh_rate_hz"": 60.20610959501106, ""photodiode_verification_enabled"": false, ""scheduled_on_flip"": true, ""shape"": ""x"", ""timing_model"": ""psychopy_callOnFlip_plus_fixed_display_latency""}"
77,button_press,EVENT,504941.04971889994,space,"{""is_response_key"": true, ""lsl_timestamp"": 504941.0786182, ""marker_push_latency_ms"": 0.0, ""rt_from_flip_seconds"": 0.3627188999671489, ""rt_seconds"": 0.3627188999671489}"
77,go_nogo_stimulus_offset_77_nogo_x_white,EVENT,504941.5,,"{""color"": ""white"", ""expected_frame_interval_ms"": 16.60961000015959, ""expected_refresh_rate_hz"": 60.0, ""expected_visual_onset_lsl_timestamp"": 504941.5234998, ""expected_visual_onset_monotonic"": 504941.5, ""expected_visual_onset_uncertainty_ms"": 8.304805000079796, ""fixed_display_latency_ms"": 0.0, ""flip_lsl_timestamp"": 504941.5234998, ""flip_monotonic"": 504941.5, ""is_no_go"": true, ""lsl_timestamp"": 504941.5234998, ""marker_push_latency_ms"": 0.0, ""measured_refresh_rate_hz"": 60.20610959501106, ""photodiode_verification_enabled"": false, ""scheduled_on_flip"": true, ""shape"": ""x"", ""timing_model"": ""psychopy_callOnFlip_plus_fixed_display_latency""}"
77,go_nogo_trial_complete,EVENT,504941.5,,"{""attention_challenge"": {""enabled"": false, ""expected_state"": ""normal"", ""is_cue_trial"": false}, ""button_press_count"": 1, ""commission_error"": 1, ""condition"": ""no_go"", ""correct"": false, ""correct_press"": 0, ""event_type_name"": ""go_nogo_trial_complete"", ""is_no_go"": true, ""omission_error"": 0, ""practice"": false, ""reaction_time_seconds"": 0.3627188999671489, ""schema_version"": 1, ""session_dir"": ""C:\\Users\\Surettej\\Documents\\Codespace\\eegle\\data\\participants\\sub-001-online\\sessions\\2026-07-14\\attention_lapse_go_nogo8_observe_only\\go_nogo\\run-20260714T131407"", ""source"": ""task.go_nogo"", ""stimulus_offset_lsl_timestamp"": 504941.5234998, ""stimulus_offset_monotonic"": 504941.5, ""stimulus_onset_lsl_timestamp"": 504940.7158993, ""stimulus_onset_monotonic"": 504940.687, ""task"": ""go_nogo""}"
78,go_nogo_stimulus_onset_78_go_triangle_magenta,EVENT,504942.234,,"{""color"": ""magenta"", ""expected_frame_interval_ms"": 16.60961000015959, ""expected_refresh_rate_hz"": 60.0, ""expected_visual_onset_lsl_timestamp"": 504942.2569771, ""expected_visual_onset_monotonic"": 504942.234, ""expected_visual_onset_uncertainty_ms"": 8.304805000079796, ""fixed_display_latency_ms"": 0.0, ""flip_lsl_timestamp"": 504942.2569771, ""flip_monotonic"": 504942.234, ""is_no_go"": false, ""lsl_timestamp"": 504942.2569771, ""marker_push_latency_ms"": 0.0, ""measured_refresh_rate_hz"": 60.20610959501106, ""photodiode_verification_enabled"": false, ""scheduled_on_flip"": true, ""shape"": ""triangle"", ""timing_model"": ""psychopy_callOnFlip_plus_fixed_display_latency""}"
78,button_press,EVENT,504942.55028689996,space,"{""is_response_key"": true, ""lsl_timestamp"": 504942.57326399995, ""marker_push_latency_ms"": 0.0, ""rt_from_flip_seconds"": 0.31628689996432513, ""rt_seconds"": 0.31628689996432513}"
78,go_nogo_stimulus_offset_78_go_triangle_magenta,EVENT,504943.031,,"{""color"": ""magenta"", ""expected_frame_interval_ms"": 16.60961000015959, ""expected_refresh_rate_hz"": 60.0, ""expected_visual_onset_lsl_timestamp"": 504943.0661984, ""expected_visual_onset_monotonic"": 504943.031, ""expected_visual_onset_uncertainty_ms"": 8.304805000079796, ""fixed_display_latency_ms"": 0.0, ""flip_lsl_timestamp"": 504943.0661984, ""flip_monotonic"": 504943.031, ""is_no_go"": false, ""lsl_timestamp"": 504943.0661984, ""marker_push_latency_ms"": 0.0, ""measured_refresh_rate_hz"": 60.20610959501106, ""photodiode_verification_enabled"": false, ""scheduled_on_flip"": true, ""shape"": ""triangle"", ""timing_model"": ""psychopy_callOnFlip_plus_fixed_display_latency""}"
78,go_nogo_trial_complete,EVENT,504943.046,,"{""attention_challenge"": {""enabled"": false, ""expected_state"": ""normal"", ""is_cue_trial"": false}, ""button_press_count"": 1, ""commission_error"": 0, ""condition"": ""go"", ""correct"": true, ""correct_press"": 1, ""event_type_name"": ""go_nogo_trial_complete"", ""is_no_go"": false, ""omission_error"": 0, ""practice"": false, ""reaction_time_seconds"": 0.31628689996432513, ""schema_version"": 1, ""session_dir"": ""C:\\Users\\Surettej\\Documents\\Codespace\\eegle\\data\\participants\\sub-001-online\\sessions\\2026-07-14\\attention_lapse_go_nogo8_observe_only\\go_nogo\\run-20260714T131407"", ""source"": ""task.go_nogo"", ""stimulus_offset_lsl_timestamp"": 504943.0661984, ""stimulus_offset_monotonic"": 504943.031, ""stimulus_onset_lsl_timestamp"": 504942.2569771, ""stimulus_onset_monotonic"": 504942.234, ""task"": ""go_nogo""}"
79,go_nogo_stimulus_onset_79_nogo_x_white,EVENT,504943.781,,"{""color"": ""white"", ""expected_frame_interval_ms"": 16.60961000015959, ""expected_refresh_rate_hz"": 60.0, ""expected_visual_onset_lsl_timestamp"": 504943.8040549, ""expected_visual_onset_monotonic"": 504943.781, ""expected_visual_onset_uncertainty_ms"": 8.304805000079796, ""fixed_display_latency_ms"": 0.0, ""flip_lsl_timestamp"": 504943.8040549, ""flip_monotonic"": 504943.781, ""is_no_go"": true, ""lsl_timestamp"": 504943.8040549, ""marker_push_latency_ms"": 0.0, ""measured_refresh_rate_hz"": 60.20610959501106, ""photodiode_verification_enabled"": false, ""scheduled_on_flip"": true, ""shape"": ""x"", ""timing_model"": ""psychopy_callOnFlip_plus_fixed_display_latency""}"
79,go_nogo_stimulus_offset_79_nogo_x_white,EVENT,504944.593,,"{""color"": ""white"", ""expected_frame_interval_ms"": 16.60961000015959, ""expected_refresh_rate_hz"": 60.0, ""expected_visual_onset_lsl_timestamp"": 504944.6250705, ""expected_visual_onset_monotonic"": 504944.593, ""expected_visual_onset_uncertainty_ms"": 8.304805000079796, ""fixed_display_latency_ms"": 0.0, ""flip_lsl_timestamp"": 504944.6250705, ""flip_monotonic"": 504944.593, ""is_no_go"": true, ""lsl_timestamp"": 504944.6250705, ""marker_push_latency_ms"": 0.0, ""measured_refresh_rate_hz"": 60.20610959501106, ""photodiode_verification_enabled"": false, ""scheduled_on_flip"": true, ""shape"": ""x"", ""timing_model"": ""psychopy_callOnFlip_plus_fixed_display_latency""}"
79,go_nogo_trial_complete,EVENT,504944.609,,"{""attention_challenge"": {""enabled"": false, ""expected_state"": ""normal"", ""is_cue_trial"": false}, ""button_press_count"": 0, ""commission_error"": 0, ""condition"": ""no_go"", ""correct"": true, ""correct_press"": 1, ""event_type_name"": ""go_nogo_trial_complete"", ""is_no_go"": true, ""omission_error"": 0, ""practice"": false, ""reaction_time_seconds"": null, ""schema_version"": 1, ""session_dir"": ""C:\\Users\\Surettej\\Documents\\Codespace\\eegle\\data\\participants\\sub-001-online\\sessions\\2026-07-14\\attention_lapse_go_nogo8_observe_only\\go_nogo\\run-20260714T131407"", ""source"": ""task.go_nogo"", ""stimulus_offset_lsl_timestamp"": 504944.6250705, ""stimulus_offset_monotonic"": 504944.593, ""stimulus_onset_lsl_timestamp"": 504943.8040549, ""stimulus_onset_monotonic"": 504943.781, ""task"": ""go_nogo""}"
80,go_nogo_stimulus_onset_80_go_square_blue,EVENT,504945.328,,"{""color"": ""blue"", ""expected_frame_interval_ms"": 16.60961000015959, ""expected_refresh_rate_hz"": 60.0, ""expected_visual_onset_lsl_timestamp"": 504945.3572864, ""expected_visual_onset_monotonic"": 504945.328, ""expected_visual_onset_uncertainty_ms"": 8.304805000079796, ""fixed_display_latency_ms"": 0.0, ""flip_lsl_timestamp"": 504945.3572864, ""flip_monotonic"": 504945.328, ""is_no_go"": false, ""lsl_timestamp"": 504945.3572864, ""marker_push_latency_ms"": 0.0, ""measured_refresh_rate_hz"": 60.20610959501106, ""photodiode_verification_enabled"": false, ""scheduled_on_flip"": true, ""shape"": ""square"", ""timing_model"": ""psychopy_callOnFlip_plus_fixed_display_latency""}"
80,button_press,EVENT,504945.6001348,space,"{""is_response_key"": true, ""lsl_timestamp"": 504945.6294212, ""marker_push_latency_ms"": 0.0, ""rt_from_flip_seconds"": 0.2721348000341095, ""rt_seconds"": 0.2721348000341095}"
80,go_nogo_stimulus_offset_80_go_square_blue,EVENT,504946.14,,"{""color"": ""blue"", ""expected_frame_interval_ms"": 16.60961000015959, ""expected_refresh_rate_hz"": 60.0, ""expected_visual_onset_lsl_timestamp"": 504946.1755925, ""expected_visual_onset_monotonic"": 504946.14, ""expected_visual_onset_uncertainty_ms"": 8.304805000079796, ""fixed_display_latency_ms"": 0.0, ""flip_lsl_timestamp"": 504946.1755925, ""flip_monotonic"": 504946.14, ""is_no_go"": false, ""lsl_timestamp"": 504946.1755925, ""marker_push_latency_ms"": 0.0, ""measured_refresh_rate_hz"": 60.20610959501106, ""photodiode_verification_enabled"": false, ""scheduled_on_flip"": true, ""shape"": ""square"", ""timing_model"": ""psychopy_callOnFlip_plus_fixed_display_latency""}"
80,go_nogo_trial_complete,EVENT,504946.156,,"{""attention_challenge"": {""enabled"": false, ""expected_state"": ""normal"", ""is_cue_trial"": false}, ""button_press_count"": 1, ""commission_error"": 0, ""condition"": ""go"", ""correct"": true, ""correct_press"": 1, ""event_type_name"": ""go_nogo_trial_complete"", ""is_no_go"": false, ""omission_error"": 0, ""practice"": false, ""reaction_time_seconds"": 0.2721348000341095, ""schema_version"": 1, ""session_dir"": ""C:\\Users\\Surettej\\Documents\\Codespace\\eegle\\data\\participants\\sub-001-online\\sessions\\2026-07-14\\attention_lapse_go_nogo8_observe_only\\go_nogo\\run-20260714T131407"", ""source"": ""task.go_nogo"", ""stimulus_offset_lsl_timestamp"": 504946.1755925, ""stimulus_offset_monotonic"": 504946.14, ""stimulus_onset_lsl_timestamp"": 504945.3572864, ""stimulus_onset_monotonic"": 504945.328, ""task"": ""go_nogo""}"
81,go_nogo_stimulus_onset_81_nogo_x_white,EVENT,504946.89,,"{""color"": ""white"", ""expected_frame_interval_ms"": 16.60961000015959, ""expected_refresh_rate_hz"": 60.0, ""expected_visual_onset_lsl_timestamp"": 504946.912818, ""expected_visual_onset_monotonic"": 504946.89, ""expected_visual_onset_uncertainty_ms"": 8.304805000079796, ""fixed_display_latency_ms"": 0.0, ""flip_lsl_timestamp"": 504946.912818, ""flip_monotonic"": 504946.89, ""is_no_go"": true, ""lsl_timestamp"": 504946.912818, ""marker_push_latency_ms"": 0.0, ""measured_refresh_rate_hz"": 60.20610959501106, ""photodiode_verification_enabled"": false, ""scheduled_on_flip"": true, ""shape"": ""x"", ""timing_model"": ""psychopy_callOnFlip_plus_fixed_display_latency""}"
81,go_nogo_stimulus_offset_81_nogo_x_white,EVENT,504947.687,,"{""color"": ""white"", ""expected_frame_interval_ms"": 16.60961000015959, ""expected_refresh_rate_hz"": 60.0, ""expected_visual_onset_lsl_timestamp"": 504947.7223377, ""expected_visual_onset_monotonic"": 504947.687, ""expected_visual_onset_uncertainty_ms"": 8.304805000079796, ""fixed_display_latency_ms"": 0.0, ""flip_lsl_timestamp"": 504947.7223377, ""flip_monotonic"": 504947.687, ""is_no_go"": true, ""lsl_timestamp"": 504947.7223377, ""marker_push_latency_ms"": 0.0, ""measured_refresh_rate_hz"": 60.20610959501106, ""photodiode_verification_enabled"": false, ""scheduled_on_flip"": true, ""shape"": ""x"", ""timing_model"": ""psychopy_callOnFlip_plus_fixed_display_latency""}"
81,go_nogo_trial_complete,EVENT,504947.703,,"{""attention_challenge"": {""enabled"": false, ""expected_state"": ""normal"", ""is_cue_trial"": false}, ""button_press_count"": 0, ""commission_error"": 0, ""condition"": ""no_go"", ""correct"": true, ""correct_press"": 1, ""event_type_name"": ""go_nogo_trial_complete"", ""is_no_go"": true, ""omission_error"": 0, ""practice"": false, ""reaction_time_seconds"": null, ""schema_version"": 1, ""session_dir"": ""C:\\Users\\Surettej\\Documents\\Codespace\\eegle\\data\\participants\\sub-001-online\\sessions\\2026-07-14\\attention_lapse_go_nogo8_observe_only\\go_nogo\\run-20260714T131407"", ""source"": ""task.go_nogo"", ""stimulus_offset_lsl_timestamp"": 504947.7223377, ""stimulus_offset_monotonic"": 504947.687, ""stimulus_onset_lsl_timestamp"": 504946.912818, ""stimulus_onset_monotonic"": 504946.89, ""task"": ""go_nogo""}"
82,go_nogo_stimulus_onset_82_go_triangle_green,EVENT,504948.437,,"{""color"": ""green"", ""expected_frame_interval_ms"": 16.60961000015959, ""expected_refresh_rate_hz"": 60.0, ""expected_visual_onset_lsl_timestamp"": 504948.4613859, ""expected_visual_onset_monotonic"": 504948.437, ""expected_visual_onset_uncertainty_ms"": 8.304805000079796, ""fixed_display_latency_ms"": 0.0, ""flip_lsl_timestamp"": 504948.4613859, ""flip_monotonic"": 504948.437, ""is_no_go"": false, ""lsl_timestamp"": 504948.4613859, ""marker_push_latency_ms"": 0.0, ""measured_refresh_rate_hz"": 60.20610959501106, ""photodiode_verification_enabled"": false, ""scheduled_on_flip"": true, ""shape"": ""triangle"", ""timing_model"": ""psychopy_callOnFlip_plus_fixed_display_latency""}"
82,button_press,EVENT,504948.70043599996,space,"{""is_response_key"": true, ""lsl_timestamp"": 504948.72482189996, ""marker_push_latency_ms"": 0.0, ""rt_from_flip_seconds"": 0.26343599997926503, ""rt_seconds"": 0.26343599997926503}"
82,go_nogo_stimulus_offset_82_go_triangle_green,EVENT,504949.234,,"{""color"": ""green"", ""expected_frame_interval_ms"": 16.60961000015959, ""expected_refresh_rate_hz"": 60.0, ""expected_visual_onset_lsl_timestamp"": 504949.2687954, ""expected_visual_onset_monotonic"": 504949.234, ""expected_visual_onset_uncertainty_ms"": 8.304805000079796, ""fixed_display_latency_ms"": 0.0, ""flip_lsl_timestamp"": 504949.2687954, ""flip_monotonic"": 504949.234, ""is_no_go"": false, ""lsl_timestamp"": 504949.2687954, ""marker_push_latency_ms"": 0.0, ""measured_refresh_rate_hz"": 60.20610959501106, ""photodiode_verification_enabled"": false, ""scheduled_on_flip"": true, ""shape"": ""triangle"", ""timing_model"": ""psychopy_callOnFlip_plus_fixed_display_latency""}"
82,go_nogo_trial_complete,EVENT,504949.25,,"{""attention_challenge"": {""enabled"": false, ""expected_state"": ""normal"", ""is_cue_trial"": false}, ""button_press_count"": 1, ""commission_error"": 0, ""condition"": ""go"", ""correct"": true, ""correct_press"": 1, ""event_type_name"": ""go_nogo_trial_complete"", ""is_no_go"": false, ""omission_error"": 0, ""practice"": false, ""reaction_time_seconds"": 0.26343599997926503, ""schema_version"": 1, ""session_dir"": ""C:\\Users\\Surettej\\Documents\\Codespace\\eegle\\data\\participants\\sub-001-online\\sessions\\2026-07-14\\attention_lapse_go_nogo8_observe_only\\go_nogo\\run-20260714T131407"", ""source"": ""task.go_nogo"", ""stimulus_offset_lsl_timestamp"": 504949.2687954, ""stimulus_offset_monotonic"": 504949.234, ""stimulus_onset_lsl_timestamp"": 504948.4613859, ""stimulus_onset_monotonic"": 504948.437, ""task"": ""go_nogo""}"
83,go_nogo_stimulus_onset_83_go_triangle_magenta,EVENT,504949.968,,"{""color"": ""magenta"", ""expected_frame_interval_ms"": 16.60961000015959, ""expected_refresh_rate_hz"": 60.0, ""expected_visual_onset_lsl_timestamp"": 504950.0009332, ""expected_visual_onset_monotonic"": 504949.968, ""expected_visual_onset_uncertainty_ms"": 8.304805000079796, ""fixed_display_latency_ms"": 0.0, ""flip_lsl_timestamp"": 504950.0009332, ""flip_monotonic"": 504949.968, ""is_no_go"": false, ""lsl_timestamp"": 504950.0009332, ""marker_push_latency_ms"": 0.0, ""measured_refresh_rate_hz"": 60.20610959501106, ""photodiode_verification_enabled"": false, ""scheduled_on_flip"": true, ""shape"": ""triangle"", ""timing_model"": ""psychopy_callOnFlip_plus_fixed_display_latency""}"
83,button_press,EVENT,504950.34042809997,space,"{""is_response_key"": true, ""lsl_timestamp"": 504950.3733613, ""marker_push_latency_ms"": 0.0, ""rt_from_flip_seconds"": 0.37242809997405857, ""rt_seconds"": 0.37242809997405857}"
83,go_nogo_stimulus_offset_83_go_triangle_magenta,EVENT,504950.781,,"{""color"": ""magenta"", ""expected_frame_interval_ms"": 16.60961000015959, ""expected_refresh_rate_hz"": 60.0, ""expected_visual_onset_lsl_timestamp"": 504950.8122223, ""expected_visual_onset_monotonic"": 504950.781, ""expected_visual_onset_uncertainty_ms"": 8.304805000079796, ""fixed_display_latency_ms"": 0.0, ""flip_lsl_timestamp"": 504950.8122223, ""flip_monotonic"": 504950.781, ""is_no_go"": false, ""lsl_timestamp"": 504950.8122223, ""marker_push_latency_ms"": 0.0, ""measured_refresh_rate_hz"": 60.20610959501106, ""photodiode_verification_enabled"": false, ""scheduled_on_flip"": true, ""shape"": ""triangle"", ""timing_model"": ""psychopy_callOnFlip_plus_fixed_display_latency""}"
83,go_nogo_trial_complete,EVENT,504950.781,,"{""attention_challenge"": {""enabled"": false, ""expected_state"": ""normal"", ""is_cue_trial"": false}, ""button_press_count"": 1, ""commission_error"": 0, ""condition"": ""go"", ""correct"": true, ""correct_press"": 1, ""event_type_name"": ""go_nogo_trial_complete"", ""is_no_go"": false, ""omission_error"": 0, ""practice"": false, ""reaction_time_seconds"": 0.37242809997405857, ""schema_version"": 1, ""session_dir"": ""C:\\Users\\Surettej\\Documents\\Codespace\\eegle\\data\\participants\\sub-001-online\\sessions\\2026-07-14\\attention_lapse_go_nogo8_observe_only\\go_nogo\\run-20260714T131407"", ""source"": ""task.go_nogo"", ""stimulus_offset_lsl_timestamp"": 504950.8122223, ""stimulus_offset_monotonic"": 504950.781, ""stimulus_onset_lsl_timestamp"": 504950.0009332, ""stimulus_onset_monotonic"": 504949.968, ""task"": ""go_nogo""}"
84,go_nogo_stimulus_onset_84_go_star_yellow,EVENT,504951.515,,"{""color"": ""yellow"", ""expected_frame_interval_ms"": 16.60961000015959, ""expected_refresh_rate_hz"": 60.0, ""expected_visual_onset_lsl_timestamp"": 504951.5453635, ""expected_visual_onset_monotonic"": 504951.515, ""expected_visual_onset_uncertainty_ms"": 8.304805000079796, ""fixed_display_latency_ms"": 0.0, ""flip_lsl_timestamp"": 504951.5453635, ""flip_monotonic"": 504951.515, ""is_no_go"": false, ""lsl_timestamp"": 504951.5453635, ""marker_push_latency_ms"": 0.0, ""measured_refresh_rate_hz"": 60.20610959501106, ""photodiode_verification_enabled"": false, ""scheduled_on_flip"": true, ""shape"": ""star"", ""timing_model"": ""psychopy_callOnFlip_plus_fixed_display_latency""}"
84,button_press,EVENT,504951.92850860005,space,"{""is_response_key"": true, ""lsl_timestamp"": 504951.95887210005, ""marker_push_latency_ms"": 0.0, ""rt_from_flip_seconds"": 0.41350860003149137, ""rt_seconds"": 0.41350860003149137}"
84,go_nogo_stimulus_offset_84_go_star_yellow,EVENT,504952.328,,"{""color"": ""yellow"", ""expected_frame_interval_ms"": 16.60961000015959, ""expected_refresh_rate_hz"": 60.0, ""expected_visual_onset_lsl_timestamp"": 504952.3530445, ""expected_visual_onset_monotonic"": 504952.328, ""expected_visual_onset_uncertainty_ms"": 8.304805000079796, ""fixed_display_latency_ms"": 0.0, ""flip_lsl_timestamp"": 504952.3530445, ""flip_monotonic"": 504952.328, ""is_no_go"": false, ""lsl_timestamp"": 504952.3530445, ""marker_push_latency_ms"": 0.0, ""measured_refresh_rate_hz"": 60.20610959501106, ""photodiode_verification_enabled"": false, ""scheduled_on_flip"": true, ""shape"": ""star"", ""timing_model"": ""psychopy_callOnFlip_plus_fixed_display_latency""}"
84,go_nogo_trial_complete,EVENT,504952.328,,"{""attention_challenge"": {""enabled"": false, ""expected_state"": ""normal"", ""is_cue_trial"": false}, ""button_press_count"": 1, ""commission_error"": 0, ""condition"": ""go"", ""correct"": true, ""correct_press"": 1, ""event_type_name"": ""go_nogo_trial_complete"", ""is_no_go"": false, ""omission_error"": 0, ""practice"": false, ""reaction_time_seconds"": 0.41350860003149137, ""schema_version"": 1, ""session_dir"": ""C:\\Users\\Surettej\\Documents\\Codespace\\eegle\\data\\participants\\sub-001-online\\sessions\\2026-07-14\\attention_lapse_go_nogo8_observe_only\\go_nogo\\run-20260714T131407"", ""source"": ""task.go_nogo"", ""stimulus_offset_lsl_timestamp"": 504952.3530445, ""stimulus_offset_monotonic"": 504952.328, ""stimulus_onset_lsl_timestamp"": 504951.5453635, ""stimulus_onset_monotonic"": 504951.515, ""task"": ""go_nogo""}"
85,go_nogo_stimulus_onset_85_go_hexagon_red,EVENT,504953.062,,"{""color"": ""red"", ""expected_frame_interval_ms"": 16.60961000015959, ""expected_refresh_rate_hz"": 60.0, ""expected_visual_onset_lsl_timestamp"": 504953.09534, ""expected_visual_onset_monotonic"": 504953.062, ""expected_visual_onset_uncertainty_ms"": 8.304805000079796, ""fixed_display_latency_ms"": 0.0, ""flip_lsl_timestamp"": 504953.09534, ""flip_monotonic"": 504953.062, ""is_no_go"": false, ""lsl_timestamp"": 504953.09534, ""marker_push_latency_ms"": 0.0, ""measured_refresh_rate_hz"": 60.20610959501106, ""photodiode_verification_enabled"": false, ""scheduled_on_flip"": true, ""shape"": ""hexagon"", ""timing_model"": ""psychopy_callOnFlip_plus_fixed_display_latency""}"
85,button_press,EVENT,504953.45258589997,space,"{""is_response_key"": true, ""lsl_timestamp"": 504953.4859259, ""marker_push_latency_ms"": 0.0, ""rt_from_flip_seconds"": 0.3905858999933116, ""rt_seconds"": 0.3905858999933116}"
85,go_nogo_stimulus_offset_85_go_hexagon_red,EVENT,504953.875,,"{""color"": ""red"", ""expected_frame_interval_ms"": 16.60961000015959, ""expected_refresh_rate_hz"": 60.0, ""expected_visual_onset_lsl_timestamp"": 504953.9048627, ""expected_visual_onset_monotonic"": 504953.875, ""expected_visual_onset_uncertainty_ms"": 8.304805000079796, ""fixed_display_latency_ms"": 0.0, ""flip_lsl_timestamp"": 504953.9048627, ""flip_monotonic"": 504953.875, ""is_no_go"": false, ""lsl_timestamp"": 504953.9048627, ""marker_push_latency_ms"": 0.0, ""measured_refresh_rate_hz"": 60.20610959501106, ""photodiode_verification_enabled"": false, ""scheduled_on_flip"": true, ""shape"": ""hexagon"", ""timing_model"": ""psychopy_callOnFlip_plus_fixed_display_latency""}"
85,go_nogo_trial_complete,EVENT,504953.875,,"{""attention_challenge"": {""enabled"": false, ""expected_state"": ""normal"", ""is_cue_trial"": false}, ""button_press_count"": 1, ""commission_error"": 0, ""condition"": ""go"", ""correct"": true, ""correct_press"": 1, ""event_type_name"": ""go_nogo_trial_complete"", ""is_no_go"": false, ""omission_error"": 0, ""practice"": false, ""reaction_time_seconds"": 0.3905858999933116, ""schema_version"": 1, ""session_dir"": ""C:\\Users\\Surettej\\Documents\\Codespace\\eegle\\data\\participants\\sub-001-online\\sessions\\2026-07-14\\attention_lapse_go_nogo8_observe_only\\go_nogo\\run-20260714T131407"", ""source"": ""task.go_nogo"", ""stimulus_offset_lsl_timestamp"": 504953.9048627, ""stimulus_offset_monotonic"": 504953.875, ""stimulus_onset_lsl_timestamp"": 504953.09534, ""stimulus_onset_monotonic"": 504953.062, ""task"": ""go_nogo""}"
86,go_nogo_stimulus_onset_86_go_triangle_magenta,EVENT,504954.609,,"{""color"": ""magenta"", ""expected_frame_interval_ms"": 16.60961000015959, ""expected_refresh_rate_hz"": 60.0, ""expected_visual_onset_lsl_timestamp"": 504954.6445084, ""expected_visual_onset_monotonic"": 504954.609, ""expected_visual_onset_uncertainty_ms"": 8.304805000079796, ""fixed_display_latency_ms"": 0.0, ""flip_lsl_timestamp"": 504954.6445084, ""flip_monotonic"": 504954.609, ""is_no_go"": false, ""lsl_timestamp"": 504954.6445084, ""marker_push_latency_ms"": 0.0, ""measured_refresh_rate_hz"": 60.20610959501106, ""photodiode_verification_enabled"": false, ""scheduled_on_flip"": true, ""shape"": ""triangle"", ""timing_model"": ""psychopy_callOnFlip_plus_fixed_display_latency""}"
86,button_press,EVENT,504954.9782035,space,"{""is_response_key"": true, ""lsl_timestamp"": 504955.0137119, ""marker_push_latency_ms"": 0.0, ""rt_from_flip_seconds"": 0.36920349998399615, ""rt_seconds"": 0.36920349998399615}"
86,go_nogo_stimulus_offset_86_go_triangle_magenta,EVENT,504955.421,,"{""color"": ""magenta"", ""expected_frame_interval_ms"": 16.60961000015959, ""expected_refresh_rate_hz"": 60.0, ""expected_visual_onset_lsl_timestamp"": 504955.4539057, ""expected_visual_onset_monotonic"": 504955.421, ""expected_visual_onset_uncertainty_ms"": 8.304805000079796, ""fixed_display_latency_ms"": 0.0, ""flip_lsl_timestamp"": 504955.4539057, ""flip_monotonic"": 504955.421, ""is_no_go"": false, ""lsl_timestamp"": 504955.4539057, ""marker_push_latency_ms"": 0.0, ""measured_refresh_rate_hz"": 60.20610959501106, ""photodiode_verification_enabled"": false, ""scheduled_on_flip"": true, ""shape"": ""triangle"", ""timing_model"": ""psychopy_callOnFlip_plus_fixed_display_latency""}"
86,go_nogo_trial_complete,EVENT,504955.437,,"{""attention_challenge"": {""enabled"": false, ""expected_state"": ""normal"", ""is_cue_trial"": false}, ""button_press_count"": 1, ""commission_error"": 0, ""condition"": ""go"", ""correct"": true, ""correct_press"": 1, ""event_type_name"": ""go_nogo_trial_complete"", ""is_no_go"": false, ""omission_error"": 0, ""practice"": false, ""reaction_time_seconds"": 0.36920349998399615, ""schema_version"": 1, ""session_dir"": ""C:\\Users\\Surettej\\Documents\\Codespace\\eegle\\data\\participants\\sub-001-online\\sessions\\2026-07-14\\attention_lapse_go_nogo8_observe_only\\go_nogo\\run-20260714T131407"", ""source"": ""task.go_nogo"", ""stimulus_offset_lsl_timestamp"": 504955.4539057, ""stimulus_offset_monotonic"": 504955.421, ""stimulus_onset_lsl_timestamp"": 504954.6445084, ""stimulus_onset_monotonic"": 504954.609, ""task"": ""go_nogo""}"
87,go_nogo_stimulus_onset_87_go_triangle_magenta,EVENT,504956.156,,"{""color"": ""magenta"", ""expected_frame_interval_ms"": 16.60961000015959, ""expected_refresh_rate_hz"": 60.0, ""expected_visual_onset_lsl_timestamp"": 504956.1882732, ""expected_visual_onset_monotonic"": 504956.156, ""expected_visual_onset_uncertainty_ms"": 8.304805000079796, ""fixed_display_latency_ms"": 0.0, ""flip_lsl_timestamp"": 504956.1882732, ""flip_monotonic"": 504956.156, ""is_no_go"": false, ""lsl_timestamp"": 504956.1882732, ""marker_push_latency_ms"": 0.0, ""measured_refresh_rate_hz"": 60.20610959501106, ""photodiode_verification_enabled"": false, ""scheduled_on_flip"": true, ""shape"": ""triangle"", ""timing_model"": ""psychopy_callOnFlip_plus_fixed_display_latency""}"
87,button_press,EVENT,504956.5650633,space,"{""is_response_key"": true, ""lsl_timestamp"": 504956.5973365, ""marker_push_latency_ms"": 0.0, ""rt_from_flip_seconds"": 0.409063300001435, ""rt_seconds"": 0.409063300001435}"
87,go_nogo_stimulus_offset_87_go_triangle_magenta,EVENT,504956.968,,"{""color"": ""magenta"", ""expected_frame_interval_ms"": 16.60961000015959, ""expected_refresh_rate_hz"": 60.0, ""expected_visual_onset_lsl_timestamp"": 504956.9971451, ""expected_visual_onset_monotonic"": 504956.968, ""expected_visual_onset_uncertainty_ms"": 8.304805000079796, ""fixed_display_latency_ms"": 0.0, ""flip_lsl_timestamp"": 504956.9971451, ""flip_monotonic"": 504956.968, ""is_no_go"": false, ""lsl_timestamp"": 504956.9971451, ""marker_push_latency_ms"": 0.0, ""measured_refresh_rate_hz"": 60.20610959501106, ""photodiode_verification_enabled"": false, ""scheduled_on_flip"": true, ""shape"": ""triangle"", ""timing_model"": ""psychopy_callOnFlip_plus_fixed_display_latency""}"
87,go_nogo_trial_complete,EVENT,504956.968,,"{""attention_challenge"": {""enabled"": false, ""expected_state"": ""normal"", ""is_cue_trial"": false}, ""button_press_count"": 1, ""commission_error"": 0, ""condition"": ""go"", ""correct"": true, ""correct_press"": 1, ""event_type_name"": ""go_nogo_trial_complete"", ""is_no_go"": false, ""omission_error"": 0, ""practice"": false, ""reaction_time_seconds"": 0.409063300001435, ""schema_version"": 1, ""session_dir"": ""C:\\Users\\Surettej\\Documents\\Codespace\\eegle\\data\\participants\\sub-001-online\\sessions\\2026-07-14\\attention_lapse_go_nogo8_observe_only\\go_nogo\\run-20260714T131407"", ""source"": ""task.go_nogo"", ""stimulus_offset_lsl_timestamp"": 504956.9971451, ""stimulus_offset_monotonic"": 504956.968, ""stimulus_onset_lsl_timestamp"": 504956.1882732, ""stimulus_onset_monotonic"": 504956.156, ""task"": ""go_nogo""}"
88,go_nogo_stimulus_onset_88_nogo_x_white,EVENT,504957.703,,"{""color"": ""white"", ""expected_frame_interval_ms"": 16.60961000015959, ""expected_refresh_rate_hz"": 60.0, ""expected_visual_onset_lsl_timestamp"": 504957.7371757, ""expected_visual_onset_monotonic"": 504957.703, ""expected_visual_onset_uncertainty_ms"": 8.304805000079796, ""fixed_display_latency_ms"": 0.0, ""flip_lsl_timestamp"": 504957.7371757, ""flip_monotonic"": 504957.703, ""is_no_go"": true, ""lsl_timestamp"": 504957.7371757, ""marker_push_latency_ms"": 0.0, ""measured_refresh_rate_hz"": 60.20610959501106, ""photodiode_verification_enabled"": false, ""scheduled_on_flip"": true, ""shape"": ""x"", ""timing_model"": ""psychopy_callOnFlip_plus_fixed_display_latency""}"
88,go_nogo_stimulus_offset_88_nogo_x_white,EVENT,504958.515,,"{""color"": ""white"", ""expected_frame_interval_ms"": 16.60961000015959, ""expected_refresh_rate_hz"": 60.0, ""expected_visual_onset_lsl_timestamp"": 504958.5448786, ""expected_visual_onset_monotonic"": 504958.515, ""expected_visual_onset_uncertainty_ms"": 8.304805000079796, ""fixed_display_latency_ms"": 0.0, ""flip_lsl_timestamp"": 504958.5448786, ""flip_monotonic"": 504958.515, ""is_no_go"": true, ""lsl_timestamp"": 504958.5448786, ""marker_push_latency_ms"": 0.0, ""measured_refresh_rate_hz"": 60.20610959501106, ""photodiode_verification_enabled"": false, ""scheduled_on_flip"": true, ""shape"": ""x"", ""timing_model"": ""psychopy_callOnFlip_plus_fixed_display_latency""}"
88,go_nogo_trial_complete,EVENT,504958.515,,"{""attention_challenge"": {""enabled"": false, ""expected_state"": ""normal"", ""is_cue_trial"": false}, ""button_press_count"": 0, ""commission_error"": 0, ""condition"": ""no_go"", ""correct"": true, ""correct_press"": 1, ""event_type_name"": ""go_nogo_trial_complete"", ""is_no_go"": true, ""omission_error"": 0, ""practice"": false, ""reaction_time_seconds"": null, ""schema_version"": 1, ""session_dir"": ""C:\\Users\\Surettej\\Documents\\Codespace\\eegle\\data\\participants\\sub-001-online\\sessions\\2026-07-14\\attention_lapse_go_nogo8_observe_only\\go_nogo\\run-20260714T131407"", ""source"": ""task.go_nogo"", ""stimulus_offset_lsl_timestamp"": 504958.5448786, ""stimulus_offset_monotonic"": 504958.515, ""stimulus_onset_lsl_timestamp"": 504957.7371757, ""stimulus_onset_monotonic"": 504957.703, ""task"": ""go_nogo""}"
89,go_nogo_stimulus_onset_89_nogo_x_white,EVENT,504959.25,,"{""color"": ""white"", ""expected_frame_interval_ms"": 16.60961000015959, ""expected_refresh_rate_hz"": 60.0, ""expected_visual_onset_lsl_timestamp"": 504959.2862487, ""expected_visual_onset_monotonic"": 504959.25, ""expected_visual_onset_uncertainty_ms"": 8.304805000079796, ""fixed_display_latency_ms"": 0.0, ""flip_lsl_timestamp"": 504959.2862487, ""flip_monotonic"": 504959.25, ""is_no_go"": true, ""lsl_timestamp"": 504959.2862487, ""marker_push_latency_ms"": 0.0, ""measured_refresh_rate_hz"": 60.20610959501106, ""photodiode_verification_enabled"": false, ""scheduled_on_flip"": true, ""shape"": ""x"", ""timing_model"": ""psychopy_callOnFlip_plus_fixed_display_latency""}"
89,go_nogo_stimulus_offset_89_nogo_x_white,EVENT,504960.062,,"{""color"": ""white"", ""expected_frame_interval_ms"": 16.60961000015959, ""expected_refresh_rate_hz"": 60.0, ""expected_visual_onset_lsl_timestamp"": 504960.0962481, ""expected_visual_onset_monotonic"": 504960.062, ""expected_visual_onset_uncertainty_ms"": 8.304805000079796, ""fixed_display_latency_ms"": 0.0, ""flip_lsl_timestamp"": 504960.0962481, ""flip_monotonic"": 504960.062, ""is_no_go"": true, ""lsl_timestamp"": 504960.0962481, ""marker_push_latency_ms"": 0.0, ""measured_refresh_rate_hz"": 60.20610959501106, ""photodiode_verification_enabled"": false, ""scheduled_on_flip"": true, ""shape"": ""x"", ""timing_model"": ""psychopy_callOnFlip_plus_fixed_display_latency""}"
89,go_nogo_trial_complete,EVENT,504960.078,,"{""attention_challenge"": {""enabled"": false, ""expected_state"": ""normal"", ""is_cue_trial"": false}, ""button_press_count"": 0, ""commission_error"": 0, ""condition"": ""no_go"", ""correct"": true, ""correct_press"": 1, ""event_type_name"": ""go_nogo_trial_complete"", ""is_no_go"": true, ""omission_error"": 0, ""practice"": false, ""reaction_time_seconds"": null, ""schema_version"": 1, ""session_dir"": ""C:\\Users\\Surettej\\Documents\\Codespace\\eegle\\data\\participants\\sub-001-online\\sessions\\2026-07-14\\attention_lapse_go_nogo8_observe_only\\go_nogo\\run-20260714T131407"", ""source"": ""task.go_nogo"", ""stimulus_offset_lsl_timestamp"": 504960.0962481, ""stimulus_offset_monotonic"": 504960.062, ""stimulus_onset_lsl_timestamp"": 504959.2862487, ""stimulus_onset_monotonic"": 504959.25, ""task"": ""go_nogo""}"
90,go_nogo_stimulus_onset_90_go_star_yellow,EVENT,504960.796,,"{""color"": ""yellow"", ""expected_frame_interval_ms"": 16.60961000015959, ""expected_refresh_rate_hz"": 60.0, ""expected_visual_onset_lsl_timestamp"": 504960.8319457, ""expected_visual_onset_monotonic"": 504960.796, ""expected_visual_onset_uncertainty_ms"": 8.304805000079796, ""fixed_display_latency_ms"": 0.0, ""flip_lsl_timestamp"": 504960.8319457, ""flip_monotonic"": 504960.796, ""is_no_go"": false, ""lsl_timestamp"": 504960.8319457, ""marker_push_latency_ms"": 0.0, ""measured_refresh_rate_hz"": 60.20610959501106, ""photodiode_verification_enabled"": false, ""scheduled_on_flip"": true, ""shape"": ""star"", ""timing_model"": ""psychopy_callOnFlip_plus_fixed_display_latency""}"
90,button_press,EVENT,504961.16843689996,space,"{""is_response_key"": true, ""lsl_timestamp"": 504961.2043826, ""marker_push_latency_ms"": 0.0, ""rt_from_flip_seconds"": 0.37243689998285845, ""rt_seconds"": 0.37243689998285845}"
90,go_nogo_stimulus_offset_90_go_star_yellow,EVENT,504961.625,,"{""color"": ""yellow"", ""expected_frame_interval_ms"": 16.60961000015959, ""expected_refresh_rate_hz"": 60.0, ""expected_visual_onset_lsl_timestamp"": 504961.6491733, ""expected_visual_onset_monotonic"": 504961.625, ""expected_visual_onset_uncertainty_ms"": 8.304805000079796, ""fixed_display_latency_ms"": 0.0, ""flip_lsl_timestamp"": 504961.6491733, ""flip_monotonic"": 504961.625, ""is_no_go"": false, ""lsl_timestamp"": 504961.6491733, ""marker_push_latency_ms"": 0.0, ""measured_refresh_rate_hz"": 60.20610959501106, ""photodiode_verification_enabled"": false, ""scheduled_on_flip"": true, ""shape"": ""star"", ""timing_model"": ""psychopy_callOnFlip_plus_fixed_display_latency""}"
90,go_nogo_trial_complete,EVENT,504961.625,,"{""attention_challenge"": {""enabled"": false, ""expected_state"": ""normal"", ""is_cue_trial"": false}, ""button_press_count"": 1, ""commission_error"": 0, ""condition"": ""go"", ""correct"": true, ""correct_press"": 1, ""event_type_name"": ""go_nogo_trial_complete"", ""is_no_go"": false, ""omission_error"": 0, ""practice"": false, ""reaction_time_seconds"": 0.37243689998285845, ""schema_version"": 1, ""session_dir"": ""C:\\Users\\Surettej\\Documents\\Codespace\\eegle\\data\\participants\\sub-001-online\\sessions\\2026-07-14\\attention_lapse_go_nogo8_observe_only\\go_nogo\\run-20260714T131407"", ""source"": ""task.go_nogo"", ""stimulus_offset_lsl_timestamp"": 504961.6491733, ""stimulus_offset_monotonic"": 504961.625, ""stimulus_onset_lsl_timestamp"": 504960.8319457, ""stimulus_onset_monotonic"": 504960.796, ""task"": ""go_nogo""}"
91,go_nogo_stimulus_onset_91_go_hexagon_blue,EVENT,504962.359,,"{""color"": ""blue"", ""expected_frame_interval_ms"": 16.60961000015959, ""expected_refresh_rate_hz"": 60.0, ""expected_visual_onset_lsl_timestamp"": 504962.3863721, ""expected_visual_onset_monotonic"": 504962.359, ""expected_visual_onset_uncertainty_ms"": 8.304805000079796, ""fixed_display_latency_ms"": 0.0, ""flip_lsl_timestamp"": 504962.3863721, ""flip_monotonic"": 504962.359, ""is_no_go"": false, ""lsl_timestamp"": 504962.3863721, ""marker_push_latency_ms"": 0.0, ""measured_refresh_rate_hz"": 60.20610959501106, ""photodiode_verification_enabled"": false, ""scheduled_on_flip"": true, ""shape"": ""hexagon"", ""timing_model"": ""psychopy_callOnFlip_plus_fixed_display_latency""}"
91,button_press,EVENT,504962.7305973,space,"{""is_response_key"": true, ""lsl_timestamp"": 504962.7579694, ""marker_push_latency_ms"": 0.0, ""rt_from_flip_seconds"": 0.3715972999925725, ""rt_seconds"": 0.3715972999925725}"
91,go_nogo_stimulus_offset_91_go_hexagon_blue,EVENT,504963.171,,"{""color"": ""blue"", ""expected_frame_interval_ms"": 16.60961000015959, ""expected_refresh_rate_hz"": 60.0, ""expected_visual_onset_lsl_timestamp"": 504963.201147, ""expected_visual_onset_monotonic"": 504963.171, ""expected_visual_onset_uncertainty_ms"": 8.304805000079796, ""fixed_display_latency_ms"": 0.0, ""flip_lsl_timestamp"": 504963.201147, ""flip_monotonic"": 504963.171, ""is_no_go"": false, ""lsl_timestamp"": 504963.201147, ""marker_push_latency_ms"": 0.0, ""measured_refresh_rate_hz"": 60.20610959501106, ""photodiode_verification_enabled"": false, ""scheduled_on_flip"": true, ""shape"": ""hexagon"", ""timing_model"": ""psychopy_callOnFlip_plus_fixed_display_latency""}"
91,go_nogo_trial_complete,EVENT,504963.171,,"{""attention_challenge"": {""enabled"": false, ""expected_state"": ""normal"", ""is_cue_trial"": false}, ""button_press_count"": 1, ""commission_error"": 0, ""condition"": ""go"", ""correct"": true, ""correct_press"": 1, ""event_type_name"": ""go_nogo_trial_complete"", ""is_no_go"": false, ""omission_error"": 0, ""practice"": false, ""reaction_time_seconds"": 0.3715972999925725, ""schema_version"": 1, ""session_dir"": ""C:\\Users\\Surettej\\Documents\\Codespace\\eegle\\data\\participants\\sub-001-online\\sessions\\2026-07-14\\attention_lapse_go_nogo8_observe_only\\go_nogo\\run-20260714T131407"", ""source"": ""task.go_nogo"", ""stimulus_offset_lsl_timestamp"": 504963.201147, ""stimulus_offset_monotonic"": 504963.171, ""stimulus_onset_lsl_timestamp"": 504962.3863721, ""stimulus_onset_monotonic"": 504962.359, ""task"": ""go_nogo""}"
92,go_nogo_stimulus_onset_92_nogo_x_white,EVENT,504963.921,,"{""color"": ""white"", ""expected_frame_interval_ms"": 16.60961000015959, ""expected_refresh_rate_hz"": 60.0, ""expected_visual_onset_lsl_timestamp"": 504963.9445137, ""expected_visual_onset_monotonic"": 504963.921, ""expected_visual_onset_uncertainty_ms"": 8.304805000079796, ""fixed_display_latency_ms"": 0.0, ""flip_lsl_timestamp"": 504963.9445137, ""flip_monotonic"": 504963.921, ""is_no_go"": true, ""lsl_timestamp"": 504963.9445137, ""marker_push_latency_ms"": 0.0, ""measured_refresh_rate_hz"": 60.20610959501106, ""photodiode_verification_enabled"": false, ""scheduled_on_flip"": true, ""shape"": ""x"", ""timing_model"": ""psychopy_callOnFlip_plus_fixed_display_latency""}"
92,go_nogo_stimulus_offset_92_nogo_x_white,EVENT,504964.718,,"{""color"": ""white"", ""expected_frame_interval_ms"": 16.60961000015959, ""expected_refresh_rate_hz"": 60.0, ""expected_visual_onset_lsl_timestamp"": 504964.7530403, ""expected_visual_onset_monotonic"": 504964.718, ""expected_visual_onset_uncertainty_ms"": 8.304805000079796, ""fixed_display_latency_ms"": 0.0, ""flip_lsl_timestamp"": 504964.7530403, ""flip_monotonic"": 504964.718, ""is_no_go"": true, ""lsl_timestamp"": 504964.7530403, ""marker_push_latency_ms"": 0.0, ""measured_refresh_rate_hz"": 60.20610959501106, ""photodiode_verification_enabled"": false, ""scheduled_on_flip"": true, ""shape"": ""x"", ""timing_model"": ""psychopy_callOnFlip_plus_fixed_display_latency""}"
92,go_nogo_trial_complete,EVENT,504964.734,,"{""attention_challenge"": {""enabled"": false, ""expected_state"": ""normal"", ""is_cue_trial"": false}, ""button_press_count"": 0, ""commission_error"": 0, ""condition"": ""no_go"", ""correct"": true, ""correct_press"": 1, ""event_type_name"": ""go_nogo_trial_complete"", ""is_no_go"": true, ""omission_error"": 0, ""practice"": false, ""reaction_time_seconds"": null, ""schema_version"": 1, ""session_dir"": ""C:\\Users\\Surettej\\Documents\\Codespace\\eegle\\data\\participants\\sub-001-online\\sessions\\2026-07-14\\attention_lapse_go_nogo8_observe_only\\go_nogo\\run-20260714T131407"", ""source"": ""task.go_nogo"", ""stimulus_offset_lsl_timestamp"": 504964.7530403, ""stimulus_offset_monotonic"": 504964.718, ""stimulus_onset_lsl_timestamp"": 504963.9445137, ""stimulus_onset_monotonic"": 504963.921, ""task"": ""go_nogo""}"
93,go_nogo_stimulus_onset_93_go_star_blue,EVENT,504965.453,,"{""color"": ""blue"", ""expected_frame_interval_ms"": 16.60961000015959, ""expected_refresh_rate_hz"": 60.0, ""expected_visual_onset_lsl_timestamp"": 504965.4882553, ""expected_visual_onset_monotonic"": 504965.453, ""expected_visual_onset_uncertainty_ms"": 8.304805000079796, ""fixed_display_latency_ms"": 0.0, ""flip_lsl_timestamp"": 504965.4882553, ""flip_monotonic"": 504965.453, ""is_no_go"": false, ""lsl_timestamp"": 504965.4882553, ""marker_push_latency_ms"": 0.0, ""measured_refresh_rate_hz"": 60.20610959501106, ""photodiode_verification_enabled"": false, ""scheduled_on_flip"": true, ""shape"": ""star"", ""timing_model"": ""psychopy_callOnFlip_plus_fixed_display_latency""}"
93,button_press,EVENT,504965.7619234,space,"{""is_response_key"": true, ""lsl_timestamp"": 504965.7971787, ""marker_push_latency_ms"": 0.0, ""rt_from_flip_seconds"": 0.3089234000071883, ""rt_seconds"": 0.3089234000071883}"
93,go_nogo_stimulus_offset_93_go_star_blue,EVENT,504966.265,,"{""color"": ""blue"", ""expected_frame_interval_ms"": 16.60961000015959, ""expected_refresh_rate_hz"": 60.0, ""expected_visual_onset_lsl_timestamp"": 504966.2966335, ""expected_visual_onset_monotonic"": 504966.265, ""expected_visual_onset_uncertainty_ms"": 8.304805000079796, ""fixed_display_latency_ms"": 0.0, ""flip_lsl_timestamp"": 504966.2966335, ""flip_monotonic"": 504966.265, ""is_no_go"": false, ""lsl_timestamp"": 504966.2966335, ""marker_push_latency_ms"": 0.0, ""measured_refresh_rate_hz"": 60.20610959501106, ""photodiode_verification_enabled"": false, ""scheduled_on_flip"": true, ""shape"": ""star"", ""timing_model"": ""psychopy_callOnFlip_plus_fixed_display_latency""}"
93,go_nogo_trial_complete,EVENT,504966.281,,"{""attention_challenge"": {""enabled"": false, ""expected_state"": ""normal"", ""is_cue_trial"": false}, ""button_press_count"": 1, ""commission_error"": 0, ""condition"": ""go"", ""correct"": true, ""correct_press"": 1, ""event_type_name"": ""go_nogo_trial_complete"", ""is_no_go"": false, ""omission_error"": 0, ""practice"": false, ""reaction_time_seconds"": 0.3089234000071883, ""schema_version"": 1, ""session_dir"": ""C:\\Users\\Surettej\\Documents\\Codespace\\eegle\\data\\participants\\sub-001-online\\sessions\\2026-07-14\\attention_lapse_go_nogo8_observe_only\\go_nogo\\run-20260714T131407"", ""source"": ""task.go_nogo"", ""stimulus_offset_lsl_timestamp"": 504966.2966335, ""stimulus_offset_monotonic"": 504966.265, ""stimulus_onset_lsl_timestamp"": 504965.4882553, ""stimulus_onset_monotonic"": 504965.453, ""task"": ""go_nogo""}"
94,go_nogo_stimulus_onset_94_nogo_x_white,EVENT,504967.015,,"{""color"": ""white"", ""expected_frame_interval_ms"": 16.60961000015959, ""expected_refresh_rate_hz"": 60.0, ""expected_visual_onset_lsl_timestamp"": 504967.0368569, ""expected_visual_onset_monotonic"": 504967.015, ""expected_visual_onset_uncertainty_ms"": 8.304805000079796, ""fixed_display_latency_ms"": 0.0, ""flip_lsl_timestamp"": 504967.0368569, ""flip_monotonic"": 504967.015, ""is_no_go"": true, ""lsl_timestamp"": 504967.0368569, ""marker_push_latency_ms"": 0.0, ""measured_refresh_rate_hz"": 60.20610959501106, ""photodiode_verification_enabled"": false, ""scheduled_on_flip"": true, ""shape"": ""x"", ""timing_model"": ""psychopy_callOnFlip_plus_fixed_display_latency""}"
94,go_nogo_stimulus_offset_94_nogo_x_white,EVENT,504967.812,,"{""color"": ""white"", ""expected_frame_interval_ms"": 16.60961000015959, ""expected_refresh_rate_hz"": 60.0, ""expected_visual_onset_lsl_timestamp"": 504967.8454997, ""expected_visual_onset_monotonic"": 504967.812, ""expected_visual_onset_uncertainty_ms"": 8.304805000079796, ""fixed_display_latency_ms"": 0.0, ""flip_lsl_timestamp"": 504967.8454997, ""flip_monotonic"": 504967.812, ""is_no_go"": true, ""lsl_timestamp"": 504967.8454997, ""marker_push_latency_ms"": 0.0, ""measured_refresh_rate_hz"": 60.20610959501106, ""photodiode_verification_enabled"": false, ""scheduled_on_flip"": true, ""shape"": ""x"", ""timing_model"": ""psychopy_callOnFlip_plus_fixed_display_latency""}"
94,go_nogo_trial_complete,EVENT,504967.828,,"{""attention_challenge"": {""enabled"": false, ""expected_state"": ""normal"", ""is_cue_trial"": false}, ""button_press_count"": 0, ""commission_error"": 0, ""condition"": ""no_go"", ""correct"": true, ""correct_press"": 1, ""event_type_name"": ""go_nogo_trial_complete"", ""is_no_go"": true, ""omission_error"": 0, ""practice"": false, ""reaction_time_seconds"": null, ""schema_version"": 1, ""session_dir"": ""C:\\Users\\Surettej\\Documents\\Codespace\\eegle\\data\\participants\\sub-001-online\\sessions\\2026-07-14\\attention_lapse_go_nogo8_observe_only\\go_nogo\\run-20260714T131407"", ""source"": ""task.go_nogo"", ""stimulus_offset_lsl_timestamp"": 504967.8454997, ""stimulus_offset_monotonic"": 504967.812, ""stimulus_onset_lsl_timestamp"": 504967.0368569, ""stimulus_onset_monotonic"": 504967.015, ""task"": ""go_nogo""}"
95,go_nogo_stimulus_onset_95_go_circle_red,EVENT,504968.562,,"{""color"": ""red"", ""expected_frame_interval_ms"": 16.60961000015959, ""expected_refresh_rate_hz"": 60.0, ""expected_visual_onset_lsl_timestamp"": 504968.597046, ""expected_visual_onset_monotonic"": 504968.562, ""expected_visual_onset_uncertainty_ms"": 8.304805000079796, ""fixed_display_latency_ms"": 0.0, ""flip_lsl_timestamp"": 504968.597046, ""flip_monotonic"": 504968.562, ""is_no_go"": false, ""lsl_timestamp"": 504968.597046, ""marker_push_latency_ms"": 0.0, ""measured_refresh_rate_hz"": 60.20610959501106, ""photodiode_verification_enabled"": false, ""scheduled_on_flip"": true, ""shape"": ""circle"", ""timing_model"": ""psychopy_callOnFlip_plus_fixed_display_latency""}"
95,go_nogo_stimulus_offset_95_go_circle_red,EVENT,504969.39,,"{""color"": ""red"", ""expected_frame_interval_ms"": 16.60961000015959, ""expected_refresh_rate_hz"": 60.0, ""expected_visual_onset_lsl_timestamp"": 504969.419331, ""expected_visual_onset_monotonic"": 504969.39, ""expected_visual_onset_uncertainty_ms"": 8.304805000079796, ""fixed_display_latency_ms"": 0.0, ""flip_lsl_timestamp"": 504969.419331, ""flip_monotonic"": 504969.39, ""is_no_go"": false, ""lsl_timestamp"": 504969.419331, ""marker_push_latency_ms"": 0.0, ""measured_refresh_rate_hz"": 60.20610959501106, ""photodiode_verification_enabled"": false, ""scheduled_on_flip"": true, ""shape"": ""circle"", ""timing_model"": ""psychopy_callOnFlip_plus_fixed_display_latency""}"
95,go_nogo_trial_complete,EVENT,504969.39,,"{""attention_challenge"": {""enabled"": false, ""expected_state"": ""normal"", ""is_cue_trial"": false}, ""button_press_count"": 0, ""commission_error"": 0, ""condition"": ""go"", ""correct"": false, ""correct_press"": 0, ""event_type_name"": ""go_nogo_trial_complete"", ""is_no_go"": false, ""omission_error"": 1, ""practice"": false, ""reaction_time_seconds"": null, ""schema_version"": 1, ""session_dir"": ""C:\\Users\\Surettej\\Documents\\Codespace\\eegle\\data\\participants\\sub-001-online\\sessions\\2026-07-14\\attention_lapse_go_nogo8_observe_only\\go_nogo\\run-20260714T131407"", ""source"": ""task.go_nogo"", ""stimulus_offset_lsl_timestamp"": 504969.419331, ""stimulus_offset_monotonic"": 504969.39, ""stimulus_onset_lsl_timestamp"": 504968.597046, ""stimulus_onset_monotonic"": 504968.562, ""task"": ""go_nogo""}"
96,go_nogo_stimulus_onset_96_nogo_x_white,EVENT,504970.14,,"{""color"": ""white"", ""expected_frame_interval_ms"": 16.60961000015959, ""expected_refresh_rate_hz"": 60.0, ""expected_visual_onset_lsl_timestamp"": 504970.1695878, ""expected_visual_onset_monotonic"": 504970.14, ""expected_visual_onset_uncertainty_ms"": 8.304805000079796, ""fixed_display_latency_ms"": 0.0, ""flip_lsl_timestamp"": 504970.1695878, ""flip_monotonic"": 504970.14, ""is_no_go"": true, ""lsl_timestamp"": 504970.1695878, ""marker_push_latency_ms"": 0.0, ""measured_refresh_rate_hz"": 60.20610959501106, ""photodiode_verification_enabled"": false, ""scheduled_on_flip"": true, ""shape"": ""x"", ""timing_model"": ""psychopy_callOnFlip_plus_fixed_display_latency""}"
96,go_nogo_stimulus_offset_96_nogo_x_white,EVENT,504970.953,,"{""color"": ""white"", ""expected_frame_interval_ms"": 16.60961000015959, ""expected_refresh_rate_hz"": 60.0, ""expected_visual_onset_lsl_timestamp"": 504970.9785522, ""expected_visual_onset_monotonic"": 504970.953, ""expected_visual_onset_uncertainty_ms"": 8.304805000079796, ""fixed_display_latency_ms"": 0.0, ""flip_lsl_timestamp"": 504970.9785522, ""flip_monotonic"": 504970.953, ""is_no_go"": true, ""lsl_timestamp"": 504970.9785522, ""marker_push_latency_ms"": 0.0, ""measured_refresh_rate_hz"": 60.20610959501106, ""photodiode_verification_enabled"": false, ""scheduled_on_flip"": true, ""shape"": ""x"", ""timing_model"": ""psychopy_callOnFlip_plus_fixed_display_latency""}"
96,go_nogo_trial_complete,EVENT,504970.953,,"{""attention_challenge"": {""enabled"": false, ""expected_state"": ""normal"", ""is_cue_trial"": false}, ""button_press_count"": 0, ""commission_error"": 0, ""condition"": ""no_go"", ""correct"": true, ""correct_press"": 1, ""event_type_name"": ""go_nogo_trial_complete"", ""is_no_go"": true, ""omission_error"": 0, ""practice"": false, ""reaction_time_seconds"": null, ""schema_version"": 1, ""session_dir"": ""C:\\Users\\Surettej\\Documents\\Codespace\\eegle\\data\\participants\\sub-001-online\\sessions\\2026-07-14\\attention_lapse_go_nogo8_observe_only\\go_nogo\\run-20260714T131407"", ""source"": ""task.go_nogo"", ""stimulus_offset_lsl_timestamp"": 504970.9785522, ""stimulus_offset_monotonic"": 504970.953, ""stimulus_onset_lsl_timestamp"": 504970.1695878, ""stimulus_onset_monotonic"": 504970.14, ""task"": ""go_nogo""}"
97,go_nogo_stimulus_onset_97_go_square_green,EVENT,504971.687,,"{""color"": ""green"", ""expected_frame_interval_ms"": 16.60961000015959, ""expected_refresh_rate_hz"": 60.0, ""expected_visual_onset_lsl_timestamp"": 504971.711538, ""expected_visual_onset_monotonic"": 504971.687, ""expected_visual_onset_uncertainty_ms"": 8.304805000079796, ""fixed_display_latency_ms"": 0.0, ""flip_lsl_timestamp"": 504971.711538, ""flip_monotonic"": 504971.687, ""is_no_go"": false, ""lsl_timestamp"": 504971.711538, ""marker_push_latency_ms"": 0.0, ""measured_refresh_rate_hz"": 60.20610959501106, ""photodiode_verification_enabled"": false, ""scheduled_on_flip"": true, ""shape"": ""square"", ""timing_model"": ""psychopy_callOnFlip_plus_fixed_display_latency""}"
97,button_press,EVENT,504971.9161959,space,"{""is_response_key"": true, ""lsl_timestamp"": 504971.9407339, ""marker_push_latency_ms"": 0.0, ""rt_from_flip_seconds"": 0.2291959000285715, ""rt_seconds"": 0.2291959000285715}"
97,go_nogo_stimulus_offset_97_go_square_green,EVENT,504972.5,,"{""color"": ""green"", ""expected_frame_interval_ms"": 16.60961000015959, ""expected_refresh_rate_hz"": 60.0, ""expected_visual_onset_lsl_timestamp"": 504972.5208701, ""expected_visual_onset_monotonic"": 504972.5, ""expected_visual_onset_uncertainty_ms"": 8.304805000079796, ""fixed_display_latency_ms"": 0.0, ""flip_lsl_timestamp"": 504972.5208701, ""flip_monotonic"": 504972.5, ""is_no_go"": false, ""lsl_timestamp"": 504972.5208701, ""marker_push_latency_ms"": 0.0, ""measured_refresh_rate_hz"": 60.20610959501106, ""photodiode_verification_enabled"": false, ""scheduled_on_flip"": true, ""shape"": ""square"", ""timing_model"": ""psychopy_callOnFlip_plus_fixed_display_latency""}"
97,go_nogo_trial_complete,EVENT,504972.5,,"{""attention_challenge"": {""enabled"": false, ""expected_state"": ""normal"", ""is_cue_trial"": false}, ""button_press_count"": 1, ""commission_error"": 0, ""condition"": ""go"", ""correct"": true, ""correct_press"": 1, ""event_type_name"": ""go_nogo_trial_complete"", ""is_no_go"": false, ""omission_error"": 0, ""practice"": false, ""reaction_time_seconds"": 0.2291959000285715, ""schema_version"": 1, ""session_dir"": ""C:\\Users\\Surettej\\Documents\\Codespace\\eegle\\data\\participants\\sub-001-online\\sessions\\2026-07-14\\attention_lapse_go_nogo8_observe_only\\go_nogo\\run-20260714T131407"", ""source"": ""task.go_nogo"", ""stimulus_offset_lsl_timestamp"": 504972.5208701, ""stimulus_offset_monotonic"": 504972.5, ""stimulus_onset_lsl_timestamp"": 504971.711538, ""stimulus_onset_monotonic"": 504971.687, ""task"": ""go_nogo""}"
98,go_nogo_stimulus_onset_98_go_circle_yellow,EVENT,504973.25,,"{""color"": ""yellow"", ""expected_frame_interval_ms"": 16.60961000015959, ""expected_refresh_rate_hz"": 60.0, ""expected_visual_onset_lsl_timestamp"": 504973.2724248, ""expected_visual_onset_monotonic"": 504973.25, ""expected_visual_onset_uncertainty_ms"": 8.304805000079796, ""fixed_display_latency_ms"": 0.0, ""flip_lsl_timestamp"": 504973.2724248, ""flip_monotonic"": 504973.25, ""is_no_go"": false, ""lsl_timestamp"": 504973.2724248, ""marker_push_latency_ms"": 0.0, ""measured_refresh_rate_hz"": 60.20610959501106, ""photodiode_verification_enabled"": false, ""scheduled_on_flip"": true, ""shape"": ""circle"", ""timing_model"": ""psychopy_callOnFlip_plus_fixed_display_latency""}"
98,button_press,EVENT,504973.6476173,space,"{""is_response_key"": true, ""lsl_timestamp"": 504973.67004209996, ""marker_push_latency_ms"": 0.0, ""rt_from_flip_seconds"": 0.39761729998281226, ""rt_seconds"": 0.39761729998281226}"
98,go_nogo_stimulus_offset_98_go_circle_yellow,EVENT,504974.046,,"{""color"": ""yellow"", ""expected_frame_interval_ms"": 16.60961000015959, ""expected_refresh_rate_hz"": 60.0, ""expected_visual_onset_lsl_timestamp"": 504974.080747, ""expected_visual_onset_monotonic"": 504974.046, ""expected_visual_onset_uncertainty_ms"": 8.304805000079796, ""fixed_display_latency_ms"": 0.0, ""flip_lsl_timestamp"": 504974.080747, ""flip_monotonic"": 504974.046, ""is_no_go"": false, ""lsl_timestamp"": 504974.080747, ""marker_push_latency_ms"": 0.0, ""measured_refresh_rate_hz"": 60.20610959501106, ""photodiode_verification_enabled"": false, ""scheduled_on_flip"": true, ""shape"": ""circle"", ""timing_model"": ""psychopy_callOnFlip_plus_fixed_display_latency""}"
98,go_nogo_trial_complete,EVENT,504974.062,,"{""attention_challenge"": {""enabled"": false, ""expected_state"": ""normal"", ""is_cue_trial"": false}, ""button_press_count"": 1, ""commission_error"": 0, ""condition"": ""go"", ""correct"": true, ""correct_press"": 1, ""event_type_name"": ""go_nogo_trial_complete"", ""is_no_go"": false, ""omission_error"": 0, ""practice"": false, ""reaction_time_seconds"": 0.39761729998281226, ""schema_version"": 1, ""session_dir"": ""C:\\Users\\Surettej\\Documents\\Codespace\\eegle\\data\\participants\\sub-001-online\\sessions\\2026-07-14\\attention_lapse_go_nogo8_observe_only\\go_nogo\\run-20260714T131407"", ""source"": ""task.go_nogo"", ""stimulus_offset_lsl_timestamp"": 504974.080747, ""stimulus_offset_monotonic"": 504974.046, ""stimulus_onset_lsl_timestamp"": 504973.2724248, ""stimulus_onset_monotonic"": 504973.25, ""task"": ""go_nogo""}"
99,go_nogo_stimulus_onset_99_go_triangle_green,EVENT,504974.796,,"{""color"": ""green"", ""expected_frame_interval_ms"": 16.60961000015959, ""expected_refresh_rate_hz"": 60.0, ""expected_visual_onset_lsl_timestamp"": 504974.8217902, ""expected_visual_onset_monotonic"": 504974.796, ""expected_visual_onset_uncertainty_ms"": 8.304805000079796, ""fixed_display_latency_ms"": 0.0, ""flip_lsl_timestamp"": 504974.8217902, ""flip_monotonic"": 504974.796, ""is_no_go"": false, ""lsl_timestamp"": 504974.8217902, ""marker_push_latency_ms"": 0.0, ""measured_refresh_rate_hz"": 60.20610959501106, ""photodiode_verification_enabled"": false, ""scheduled_on_flip"": true, ""shape"": ""triangle"", ""timing_model"": ""psychopy_callOnFlip_plus_fixed_display_latency""}"
99,button_press,EVENT,504975.2924657,space,"{""is_response_key"": true, ""lsl_timestamp"": 504975.31825590006, ""marker_push_latency_ms"": 0.0, ""rt_from_flip_seconds"": 0.4964657000382431, ""rt_seconds"": 0.4964657000382431}"
99,go_nogo_stimulus_offset_99_go_triangle_green,EVENT,504975.609,,"{""color"": ""green"", ""expected_frame_interval_ms"": 16.60961000015959, ""expected_refresh_rate_hz"": 60.0, ""expected_visual_onset_lsl_timestamp"": 504975.6320682, ""expected_visual_onset_monotonic"": 504975.609, ""expected_visual_onset_uncertainty_ms"": 8.304805000079796, ""fixed_display_latency_ms"": 0.0, ""flip_lsl_timestamp"": 504975.6320682, ""flip_monotonic"": 504975.609, ""is_no_go"": false, ""lsl_timestamp"": 504975.6320682, ""marker_push_latency_ms"": 0.0, ""measured_refresh_rate_hz"": 60.20610959501106, ""photodiode_verification_enabled"": false, ""scheduled_on_flip"": true, ""shape"": ""triangle"", ""timing_model"": ""psychopy_callOnFlip_plus_fixed_display_latency""}"
99,go_nogo_trial_complete,EVENT,504975.609,,"{""attention_challenge"": {""enabled"": false, ""expected_state"": ""normal"", ""is_cue_trial"": false}, ""button_press_count"": 1, ""commission_error"": 0, ""condition"": ""go"", ""correct"": true, ""correct_press"": 1, ""event_type_name"": ""go_nogo_trial_complete"", ""is_no_go"": false, ""omission_error"": 0, ""practice"": false, ""reaction_time_seconds"": 0.4964657000382431, ""schema_version"": 1, ""session_dir"": ""C:\\Users\\Surettej\\Documents\\Codespace\\eegle\\data\\participants\\sub-001-online\\sessions\\2026-07-14\\attention_lapse_go_nogo8_observe_only\\go_nogo\\run-20260714T131407"", ""source"": ""task.go_nogo"", ""stimulus_offset_lsl_timestamp"": 504975.6320682, ""stimulus_offset_monotonic"": 504975.609, ""stimulus_onset_lsl_timestamp"": 504974.8217902, ""stimulus_onset_monotonic"": 504974.796, ""task"": ""go_nogo""}"
100,go_nogo_stimulus_onset_100_go_triangle_yellow,EVENT,504976.343,,"{""color"": ""yellow"", ""expected_frame_interval_ms"": 16.60961000015959, ""expected_refresh_rate_hz"": 60.0, ""expected_visual_onset_lsl_timestamp"": 504976.3668674, ""expected_visual_onset_monotonic"": 504976.343, ""expected_visual_onset_uncertainty_ms"": 8.304805000079796, ""fixed_display_latency_ms"": 0.0, ""flip_lsl_timestamp"": 504976.3668674, ""flip_monotonic"": 504976.343, ""is_no_go"": false, ""lsl_timestamp"": 504976.3668674, ""marker_push_latency_ms"": 0.0, ""measured_refresh_rate_hz"": 60.20610959501106, ""photodiode_verification_enabled"": false, ""scheduled_on_flip"": true, ""shape"": ""triangle"", ""timing_model"": ""psychopy_callOnFlip_plus_fixed_display_latency""}"
100,button_press,EVENT,504976.765607,space,"{""is_response_key"": true, ""lsl_timestamp"": 504976.7894744, ""marker_push_latency_ms"": 0.0, ""rt_from_flip_seconds"": 0.4226069999858737, ""rt_seconds"": 0.4226069999858737}"
100,go_nogo_stimulus_offset_100_go_triangle_yellow,EVENT,504977.14,,"{""color"": ""yellow"", ""expected_frame_interval_ms"": 16.60961000015959, ""expected_refresh_rate_hz"": 60.0, ""expected_visual_onset_lsl_timestamp"": 504977.176901, ""expected_visual_onset_monotonic"": 504977.14, ""expected_visual_onset_uncertainty_ms"": 8.304805000079796, ""fixed_display_latency_ms"": 0.0, ""flip_lsl_timestamp"": 504977.176901, ""flip_monotonic"": 504977.14, ""is_no_go"": false, ""lsl_timestamp"": 504977.176901, ""marker_push_latency_ms"": 0.0, ""measured_refresh_rate_hz"": 60.20610959501106, ""photodiode_verification_enabled"": false, ""scheduled_on_flip"": true, ""shape"": ""triangle"", ""timing_model"": ""psychopy_callOnFlip_plus_fixed_display_latency""}"
100,go_nogo_trial_complete,EVENT,504977.156,,"{""attention_challenge"": {""enabled"": false, ""expected_state"": ""normal"", ""is_cue_trial"": false}, ""button_press_count"": 1, ""commission_error"": 0, ""condition"": ""go"", ""correct"": true, ""correct_press"": 1, ""event_type_name"": ""go_nogo_trial_complete"", ""is_no_go"": false, ""omission_error"": 0, ""practice"": false, ""reaction_time_seconds"": 0.4226069999858737, ""schema_version"": 1, ""session_dir"": ""C:\\Users\\Surettej\\Documents\\Codespace\\eegle\\data\\participants\\sub-001-online\\sessions\\2026-07-14\\attention_lapse_go_nogo8_observe_only\\go_nogo\\run-20260714T131407"", ""source"": ""task.go_nogo"", ""stimulus_offset_lsl_timestamp"": 504977.176901, ""stimulus_offset_monotonic"": 504977.14, ""stimulus_onset_lsl_timestamp"": 504976.3668674, ""stimulus_onset_monotonic"": 504976.343, ""task"": ""go_nogo""}"
101,go_nogo_stimulus_onset_101_nogo_x_white,EVENT,504977.89,,"{""color"": ""white"", ""expected_frame_interval_ms"": 16.60961000015959, ""expected_refresh_rate_hz"": 60.0, ""expected_visual_onset_lsl_timestamp"": 504977.9184126, ""expected_visual_onset_monotonic"": 504977.89, ""expected_visual_onset_uncertainty_ms"": 8.304805000079796, ""fixed_display_latency_ms"": 0.0, ""flip_lsl_timestamp"": 504977.9184126, ""flip_monotonic"": 504977.89, ""is_no_go"": true, ""lsl_timestamp"": 504977.9184126, ""marker_push_latency_ms"": 0.0, ""measured_refresh_rate_hz"": 60.20610959501106, ""photodiode_verification_enabled"": false, ""scheduled_on_flip"": true, ""shape"": ""x"", ""timing_model"": ""psychopy_callOnFlip_plus_fixed_display_latency""}"
101,go_nogo_stimulus_offset_101_nogo_x_white,EVENT,504978.703,,"{""color"": ""white"", ""expected_frame_interval_ms"": 16.60961000015959, ""expected_refresh_rate_hz"": 60.0, ""expected_visual_onset_lsl_timestamp"": 504978.7258612, ""expected_visual_onset_monotonic"": 504978.703, ""expected_visual_onset_uncertainty_ms"": 8.304805000079796, ""fixed_display_latency_ms"": 0.0, ""flip_lsl_timestamp"": 504978.7258612, ""flip_monotonic"": 504978.703, ""is_no_go"": true, ""lsl_timestamp"": 504978.7258612, ""marker_push_latency_ms"": 0.0, ""measured_refresh_rate_hz"": 60.20610959501106, ""photodiode_verification_enabled"": false, ""scheduled_on_flip"": true, ""shape"": ""x"", ""timing_model"": ""psychopy_callOnFlip_plus_fixed_display_latency""}"
101,go_nogo_trial_complete,EVENT,504978.703,,"{""attention_challenge"": {""enabled"": false, ""expected_state"": ""normal"", ""is_cue_trial"": false}, ""button_press_count"": 0, ""commission_error"": 0, ""condition"": ""no_go"", ""correct"": true, ""correct_press"": 1, ""event_type_name"": ""go_nogo_trial_complete"", ""is_no_go"": true, ""omission_error"": 0, ""practice"": false, ""reaction_time_seconds"": null, ""schema_version"": 1, ""session_dir"": ""C:\\Users\\Surettej\\Documents\\Codespace\\eegle\\data\\participants\\sub-001-online\\sessions\\2026-07-14\\attention_lapse_go_nogo8_observe_only\\go_nogo\\run-20260714T131407"", ""source"": ""task.go_nogo"", ""stimulus_offset_lsl_timestamp"": 504978.7258612, ""stimulus_offset_monotonic"": 504978.703, ""stimulus_onset_lsl_timestamp"": 504977.9184126, ""stimulus_onset_monotonic"": 504977.89, ""task"": ""go_nogo""}"
102,go_nogo_stimulus_onset_102_go_circle_red,EVENT,504979.453,,"{""color"": ""red"", ""expected_frame_interval_ms"": 16.60961000015959, ""expected_refresh_rate_hz"": 60.0, ""expected_visual_onset_lsl_timestamp"": 504979.4791279, ""expected_visual_onset_monotonic"": 504979.453, ""expected_visual_onset_uncertainty_ms"": 8.304805000079796, ""fixed_display_latency_ms"": 0.0, ""flip_lsl_timestamp"": 504979.4791279, ""flip_monotonic"": 504979.453, ""is_no_go"": false, ""lsl_timestamp"": 504979.4791279, ""marker_push_latency_ms"": 0.0, ""measured_refresh_rate_hz"": 60.20610959501106, ""photodiode_verification_enabled"": false, ""scheduled_on_flip"": true, ""shape"": ""circle"", ""timing_model"": ""psychopy_callOnFlip_plus_fixed_display_latency""}"
102,button_press,EVENT,504979.82730919996,space,"{""is_response_key"": true, ""lsl_timestamp"": 504979.85343709996, ""marker_push_latency_ms"": 0.0, ""rt_from_flip_seconds"": 0.37430919997859746, ""rt_seconds"": 0.37430919997859746}"
102,go_nogo_stimulus_offset_102_go_circle_red,EVENT,504980.265,,"{""color"": ""red"", ""expected_frame_interval_ms"": 16.60961000015959, ""expected_refresh_rate_hz"": 60.0, ""expected_visual_onset_lsl_timestamp"": 504980.2882202, ""expected_visual_onset_monotonic"": 504980.265, ""expected_visual_onset_uncertainty_ms"": 8.304805000079796, ""fixed_display_latency_ms"": 0.0, ""flip_lsl_timestamp"": 504980.2882202, ""flip_monotonic"": 504980.265, ""is_no_go"": false, ""lsl_timestamp"": 504980.2882202, ""marker_push_latency_ms"": 0.0, ""measured_refresh_rate_hz"": 60.20610959501106, ""photodiode_verification_enabled"": false, ""scheduled_on_flip"": true, ""shape"": ""circle"", ""timing_model"": ""psychopy_callOnFlip_plus_fixed_display_latency""}"
102,go_nogo_trial_complete,EVENT,504980.265,,"{""attention_challenge"": {""enabled"": false, ""expected_state"": ""normal"", ""is_cue_trial"": false}, ""button_press_count"": 1, ""commission_error"": 0, ""condition"": ""go"", ""correct"": true, ""correct_press"": 1, ""event_type_name"": ""go_nogo_trial_complete"", ""is_no_go"": false, ""omission_error"": 0, ""practice"": false, ""reaction_time_seconds"": 0.37430919997859746, ""schema_version"": 1, ""session_dir"": ""C:\\Users\\Surettej\\Documents\\Codespace\\eegle\\data\\participants\\sub-001-online\\sessions\\2026-07-14\\attention_lapse_go_nogo8_observe_only\\go_nogo\\run-20260714T131407"", ""source"": ""task.go_nogo"", ""stimulus_offset_lsl_timestamp"": 504980.2882202, ""stimulus_offset_monotonic"": 504980.265, ""stimulus_onset_lsl_timestamp"": 504979.4791279, ""stimulus_onset_monotonic"": 504979.453, ""task"": ""go_nogo""}"
103,go_nogo_stimulus_onset_103_nogo_x_white,EVENT,504981.0,,"{""color"": ""white"", ""expected_frame_interval_ms"": 16.60961000015959, ""expected_refresh_rate_hz"": 60.0, ""expected_visual_onset_lsl_timestamp"": 504981.0304391, ""expected_visual_onset_monotonic"": 504981.0, ""expected_visual_onset_uncertainty_ms"": 8.304805000079796, ""fixed_display_latency_ms"": 0.0, ""flip_lsl_timestamp"": 504981.0304391, ""flip_monotonic"": 504981.0, ""is_no_go"": true, ""lsl_timestamp"": 504981.0304391, ""marker_push_latency_ms"": 0.0, ""measured_refresh_rate_hz"": 60.20610959501106, ""photodiode_verification_enabled"": false, ""scheduled_on_flip"": true, ""shape"": ""x"", ""timing_model"": ""psychopy_callOnFlip_plus_fixed_display_latency""}"
103,button_press,EVENT,504981.6791953,space,"{""is_response_key"": true, ""lsl_timestamp"": 504981.7096344, ""marker_push_latency_ms"": 0.0, ""rt_from_flip_seconds"": 0.6791952999774367, ""rt_seconds"": 0.6791952999774367}"
103,go_nogo_stimulus_offset_103_nogo_x_white,EVENT,504981.812,,"{""color"": ""white"", ""expected_frame_interval_ms"": 16.60961000015959, ""expected_refresh_rate_hz"": 60.0, ""expected_visual_onset_lsl_timestamp"": 504981.8416105, ""expected_visual_onset_monotonic"": 504981.812, ""expected_visual_onset_uncertainty_ms"": 8.304805000079796, ""fixed_display_latency_ms"": 0.0, ""flip_lsl_timestamp"": 504981.8416105, ""flip_monotonic"": 504981.812, ""is_no_go"": true, ""lsl_timestamp"": 504981.8416105, ""marker_push_latency_ms"": 0.0, ""measured_refresh_rate_hz"": 60.20610959501106, ""photodiode_verification_enabled"": false, ""scheduled_on_flip"": true, ""shape"": ""x"", ""timing_model"": ""psychopy_callOnFlip_plus_fixed_display_latency""}"
103,go_nogo_trial_complete,EVENT,504981.812,,"{""attention_challenge"": {""enabled"": false, ""expected_state"": ""normal"", ""is_cue_trial"": false}, ""button_press_count"": 1, ""commission_error"": 1, ""condition"": ""no_go"", ""correct"": false, ""correct_press"": 0, ""event_type_name"": ""go_nogo_trial_complete"", ""is_no_go"": true, ""omission_error"": 0, ""practice"": false, ""reaction_time_seconds"": 0.6791952999774367, ""schema_version"": 1, ""session_dir"": ""C:\\Users\\Surettej\\Documents\\Codespace\\eegle\\data\\participants\\sub-001-online\\sessions\\2026-07-14\\attention_lapse_go_nogo8_observe_only\\go_nogo\\run-20260714T131407"", ""source"": ""task.go_nogo"", ""stimulus_offset_lsl_timestamp"": 504981.8416105, ""stimulus_offset_monotonic"": 504981.812, ""stimulus_onset_lsl_timestamp"": 504981.0304391, ""stimulus_onset_monotonic"": 504981.0, ""task"": ""go_nogo""}"
104,go_nogo_stimulus_onset_104_go_square_green,EVENT,504982.546,,"{""color"": ""green"", ""expected_frame_interval_ms"": 16.60961000015959, ""expected_refresh_rate_hz"": 60.0, ""expected_visual_onset_lsl_timestamp"": 504982.5765629, ""expected_visual_onset_monotonic"": 504982.546, ""expected_visual_onset_uncertainty_ms"": 8.304805000079796, ""fixed_display_latency_ms"": 0.0, ""flip_lsl_timestamp"": 504982.5765629, ""flip_monotonic"": 504982.546, ""is_no_go"": false, ""lsl_timestamp"": 504982.5765629, ""marker_push_latency_ms"": 0.0, ""measured_refresh_rate_hz"": 60.20610959501106, ""photodiode_verification_enabled"": false, ""scheduled_on_flip"": true, ""shape"": ""square"", ""timing_model"": ""psychopy_callOnFlip_plus_fixed_display_latency""}"
104,go_nogo_stimulus_offset_104_go_square_green,EVENT,504983.359,,"{""color"": ""green"", ""expected_frame_interval_ms"": 16.60961000015959, ""expected_refresh_rate_hz"": 60.0, ""expected_visual_onset_lsl_timestamp"": 504983.3871783, ""expected_visual_onset_monotonic"": 504983.359, ""expected_visual_onset_uncertainty_ms"": 8.304805000079796, ""fixed_display_latency_ms"": 0.0, ""flip_lsl_timestamp"": 504983.3871783, ""flip_monotonic"": 504983.359, ""is_no_go"": false, ""lsl_timestamp"": 504983.3871783, ""marker_push_latency_ms"": 0.0, ""measured_refresh_rate_hz"": 60.20610959501106, ""photodiode_verification_enabled"": false, ""scheduled_on_flip"": true, ""shape"": ""square"", ""timing_model"": ""psychopy_callOnFlip_plus_fixed_display_latency""}"
104,go_nogo_trial_complete,EVENT,504983.359,,"{""attention_challenge"": {""enabled"": false, ""expected_state"": ""normal"", ""is_cue_trial"": false}, ""button_press_count"": 0, ""commission_error"": 0, ""condition"": ""go"", ""correct"": false, ""correct_press"": 0, ""event_type_name"": ""go_nogo_trial_complete"", ""is_no_go"": false, ""omission_error"": 1, ""practice"": false, ""reaction_time_seconds"": null, ""schema_version"": 1, ""session_dir"": ""C:\\Users\\Surettej\\Documents\\Codespace\\eegle\\data\\participants\\sub-001-online\\sessions\\2026-07-14\\attention_lapse_go_nogo8_observe_only\\go_nogo\\run-20260714T131407"", ""source"": ""task.go_nogo"", ""stimulus_offset_lsl_timestamp"": 504983.3871783, ""stimulus_offset_monotonic"": 504983.359, ""stimulus_onset_lsl_timestamp"": 504982.5765629, ""stimulus_onset_monotonic"": 504982.546, ""task"": ""go_nogo""}"
105,go_nogo_stimulus_onset_105_go_star_green,EVENT,504984.093,,"{""color"": ""green"", ""expected_frame_interval_ms"": 16.60961000015959, ""expected_refresh_rate_hz"": 60.0, ""expected_visual_onset_lsl_timestamp"": 504984.127267, ""expected_visual_onset_monotonic"": 504984.093, ""expected_visual_onset_uncertainty_ms"": 8.304805000079796, ""fixed_display_latency_ms"": 0.0, ""flip_lsl_timestamp"": 504984.127267, ""flip_monotonic"": 504984.093, ""is_no_go"": false, ""lsl_timestamp"": 504984.127267, ""marker_push_latency_ms"": 0.0, ""measured_refresh_rate_hz"": 60.20610959501106, ""photodiode_verification_enabled"": false, ""scheduled_on_flip"": true, ""shape"": ""star"", ""timing_model"": ""psychopy_callOnFlip_plus_fixed_display_latency""}"
105,button_press,EVENT,504984.6024062,space,"{""is_response_key"": true, ""lsl_timestamp"": 504984.6366732, ""marker_push_latency_ms"": 0.0, ""rt_from_flip_seconds"": 0.5094062000280246, ""rt_seconds"": 0.5094062000280246}"
105,go_nogo_stimulus_offset_105_go_star_green,EVENT,504984.906,,"{""color"": ""green"", ""expected_frame_interval_ms"": 16.60961000015959, ""expected_refresh_rate_hz"": 60.0, ""expected_visual_onset_lsl_timestamp"": 504984.9355976, ""expected_visual_onset_monotonic"": 504984.906, ""expected_visual_onset_uncertainty_ms"": 8.304805000079796, ""fixed_display_latency_ms"": 0.0, ""flip_lsl_timestamp"": 504984.9355976, ""flip_monotonic"": 504984.906, ""is_no_go"": false, ""lsl_timestamp"": 504984.9355976, ""marker_push_latency_ms"": 0.0, ""measured_refresh_rate_hz"": 60.20610959501106, ""photodiode_verification_enabled"": false, ""scheduled_on_flip"": true, ""shape"": ""star"", ""timing_model"": ""psychopy_callOnFlip_plus_fixed_display_latency""}"
105,go_nogo_trial_complete,EVENT,504984.921,,"{""attention_challenge"": {""enabled"": false, ""expected_state"": ""normal"", ""is_cue_trial"": false}, ""button_press_count"": 1, ""commission_error"": 0, ""condition"": ""go"", ""correct"": true, ""correct_press"": 1, ""event_type_name"": ""go_nogo_trial_complete"", ""is_no_go"": false, ""omission_error"": 0, ""practice"": false, ""reaction_time_seconds"": 0.5094062000280246, ""schema_version"": 1, ""session_dir"": ""C:\\Users\\Surettej\\Documents\\Codespace\\eegle\\data\\participants\\sub-001-online\\sessions\\2026-07-14\\attention_lapse_go_nogo8_observe_only\\go_nogo\\run-20260714T131407"", ""source"": ""task.go_nogo"", ""stimulus_offset_lsl_timestamp"": 504984.9355976, ""stimulus_offset_monotonic"": 504984.906, ""stimulus_onset_lsl_timestamp"": 504984.127267, ""stimulus_onset_monotonic"": 504984.093, ""task"": ""go_nogo""}"
106,go_nogo_stimulus_onset_106_go_circle_green,EVENT,504985.656,,"{""color"": ""green"", ""expected_frame_interval_ms"": 16.60961000015959, ""expected_refresh_rate_hz"": 60.0, ""expected_visual_onset_lsl_timestamp"": 504985.6891137, ""expected_visual_onset_monotonic"": 504985.656, ""expected_visual_onset_uncertainty_ms"": 8.304805000079796, ""fixed_display_latency_ms"": 0.0, ""flip_lsl_timestamp"": 504985.6891137, ""flip_monotonic"": 504985.656, ""is_no_go"": false, ""lsl_timestamp"": 504985.6891137, ""marker_push_latency_ms"": 0.0, ""measured_refresh_rate_hz"": 60.20610959501106, ""photodiode_verification_enabled"": false, ""scheduled_on_flip"": true, ""shape"": ""circle"", ""timing_model"": ""psychopy_callOnFlip_plus_fixed_display_latency""}"
106,button_press,EVENT,504986.0837113,space,"{""is_response_key"": true, ""lsl_timestamp"": 504986.116825, ""marker_push_latency_ms"": 0.0, ""rt_from_flip_seconds"": 0.4277112999698147, ""rt_seconds"": 0.4277112999698147}"
106,go_nogo_stimulus_offset_106_go_circle_green,EVENT,504986.468,,"{""color"": ""green"", ""expected_frame_interval_ms"": 16.60961000015959, ""expected_refresh_rate_hz"": 60.0, ""expected_visual_onset_lsl_timestamp"": 504986.4987872, ""expected_visual_onset_monotonic"": 504986.468, ""expected_visual_onset_uncertainty_ms"": 8.304805000079796, ""fixed_display_latency_ms"": 0.0, ""flip_lsl_timestamp"": 504986.4987872, ""flip_monotonic"": 504986.468, ""is_no_go"": false, ""lsl_timestamp"": 504986.4987872, ""marker_push_latency_ms"": 0.0, ""measured_refresh_rate_hz"": 60.20610959501106, ""photodiode_verification_enabled"": false, ""scheduled_on_flip"": true, ""shape"": ""circle"", ""timing_model"": ""psychopy_callOnFlip_plus_fixed_display_latency""}"
106,go_nogo_trial_complete,EVENT,504986.468,,"{""attention_challenge"": {""enabled"": false, ""expected_state"": ""normal"", ""is_cue_trial"": false}, ""button_press_count"": 1, ""commission_error"": 0, ""condition"": ""go"", ""correct"": true, ""correct_press"": 1, ""event_type_name"": ""go_nogo_trial_complete"", ""is_no_go"": false, ""omission_error"": 0, ""practice"": false, ""reaction_time_seconds"": 0.4277112999698147, ""schema_version"": 1, ""session_dir"": ""C:\\Users\\Surettej\\Documents\\Codespace\\eegle\\data\\participants\\sub-001-online\\sessions\\2026-07-14\\attention_lapse_go_nogo8_observe_only\\go_nogo\\run-20260714T131407"", ""source"": ""task.go_nogo"", ""stimulus_offset_lsl_timestamp"": 504986.4987872, ""stimulus_offset_monotonic"": 504986.468, ""stimulus_onset_lsl_timestamp"": 504985.6891137, ""stimulus_onset_monotonic"": 504985.656, ""task"": ""go_nogo""}"
107,go_nogo_stimulus_onset_107_go_square_yellow,EVENT,504987.203,,"{""color"": ""yellow"", ""expected_frame_interval_ms"": 16.60961000015959, ""expected_refresh_rate_hz"": 60.0, ""expected_visual_onset_lsl_timestamp"": 504987.2351917, ""expected_visual_onset_monotonic"": 504987.203, ""expected_visual_onset_uncertainty_ms"": 8.304805000079796, ""fixed_display_latency_ms"": 0.0, ""flip_lsl_timestamp"": 504987.2351917, ""flip_monotonic"": 504987.203, ""is_no_go"": false, ""lsl_timestamp"": 504987.2351917, ""marker_push_latency_ms"": 0.0, ""measured_refresh_rate_hz"": 60.20610959501106, ""photodiode_verification_enabled"": false, ""scheduled_on_flip"": true, ""shape"": ""square"", ""timing_model"": ""psychopy_callOnFlip_plus_fixed_display_latency""}"
107,button_press,EVENT,504987.63723409997,space,"{""is_response_key"": true, ""lsl_timestamp"": 504987.6694258, ""marker_push_latency_ms"": 0.0, ""rt_from_flip_seconds"": 0.4342340999864973, ""rt_seconds"": 0.4342340999864973}"
107,go_nogo_stimulus_offset_107_go_square_yellow,EVENT,504988.015,,"{""color"": ""yellow"", ""expected_frame_interval_ms"": 16.60961000015959, ""expected_refresh_rate_hz"": 60.0, ""expected_visual_onset_lsl_timestamp"": 504988.0444079, ""expected_visual_onset_monotonic"": 504988.015, ""expected_visual_onset_uncertainty_ms"": 8.304805000079796, ""fixed_display_latency_ms"": 0.0, ""flip_lsl_timestamp"": 504988.0444079, ""flip_monotonic"": 504988.015, ""is_no_go"": false, ""lsl_timestamp"": 504988.0444079, ""marker_push_latency_ms"": 0.0, ""measured_refresh_rate_hz"": 60.20610959501106, ""photodiode_verification_enabled"": false, ""scheduled_on_flip"": true, ""shape"": ""square"", ""timing_model"": ""psychopy_callOnFlip_plus_fixed_display_latency""}"
107,go_nogo_trial_complete,EVENT,504988.015,,"{""attention_challenge"": {""enabled"": false, ""expected_state"": ""normal"", ""is_cue_trial"": false}, ""button_press_count"": 1, ""commission_error"": 0, ""condition"": ""go"", ""correct"": true, ""correct_press"": 1, ""event_type_name"": ""go_nogo_trial_complete"", ""is_no_go"": false, ""omission_error"": 0, ""practice"": false, ""reaction_time_seconds"": 0.4342340999864973, ""schema_version"": 1, ""session_dir"": ""C:\\Users\\Surettej\\Documents\\Codespace\\eegle\\data\\participants\\sub-001-online\\sessions\\2026-07-14\\attention_lapse_go_nogo8_observe_only\\go_nogo\\run-20260714T131407"", ""source"": ""task.go_nogo"", ""stimulus_offset_lsl_timestamp"": 504988.0444079, ""stimulus_offset_monotonic"": 504988.015, ""stimulus_onset_lsl_timestamp"": 504987.2351917, ""stimulus_onset_monotonic"": 504987.203, ""task"": ""go_nogo""}"
108,go_nogo_stimulus_onset_108_go_triangle_blue,EVENT,504988.75,,"{""color"": ""blue"", ""expected_frame_interval_ms"": 16.60961000015959, ""expected_refresh_rate_hz"": 60.0, ""expected_visual_onset_lsl_timestamp"": 504988.7814862, ""expected_visual_onset_monotonic"": 504988.75, ""expected_visual_onset_uncertainty_ms"": 8.304805000079796, ""fixed_display_latency_ms"": 0.0, ""flip_lsl_timestamp"": 504988.7814862, ""flip_monotonic"": 504988.75, ""is_no_go"": false, ""lsl_timestamp"": 504988.7814862, ""marker_push_latency_ms"": 0.0, ""measured_refresh_rate_hz"": 60.20610959501106, ""photodiode_verification_enabled"": false, ""scheduled_on_flip"": true, ""shape"": ""triangle"", ""timing_model"": ""psychopy_callOnFlip_plus_fixed_display_latency""}"
108,button_press,EVENT,504989.0930262,space,"{""is_response_key"": true, ""lsl_timestamp"": 504989.1245124, ""marker_push_latency_ms"": 0.0, ""rt_from_flip_seconds"": 0.3430262000183575, ""rt_seconds"": 0.3430262000183575}"
108,go_nogo_stimulus_offset_108_go_triangle_blue,EVENT,504989.562,,"{""color"": ""blue"", ""expected_frame_interval_ms"": 16.60961000015959, ""expected_refresh_rate_hz"": 60.0, ""expected_visual_onset_lsl_timestamp"": 504989.5951123, ""expected_visual_onset_monotonic"": 504989.562, ""expected_visual_onset_uncertainty_ms"": 8.304805000079796, ""fixed_display_latency_ms"": 0.0, ""flip_lsl_timestamp"": 504989.5951123, ""flip_monotonic"": 504989.562, ""is_no_go"": false, ""lsl_timestamp"": 504989.5951123, ""marker_push_latency_ms"": 0.0, ""measured_refresh_rate_hz"": 60.20610959501106, ""photodiode_verification_enabled"": false, ""scheduled_on_flip"": true, ""shape"": ""triangle"", ""timing_model"": ""psychopy_callOnFlip_plus_fixed_display_latency""}"
108,go_nogo_trial_complete,EVENT,504989.578,,"{""attention_challenge"": {""enabled"": false, ""expected_state"": ""normal"", ""is_cue_trial"": false}, ""button_press_count"": 1, ""commission_error"": 0, ""condition"": ""go"", ""correct"": true, ""correct_press"": 1, ""event_type_name"": ""go_nogo_trial_complete"", ""is_no_go"": false, ""omission_error"": 0, ""practice"": false, ""reaction_time_seconds"": 0.3430262000183575, ""schema_version"": 1, ""session_dir"": ""C:\\Users\\Surettej\\Documents\\Codespace\\eegle\\data\\participants\\sub-001-online\\sessions\\2026-07-14\\attention_lapse_go_nogo8_observe_only\\go_nogo\\run-20260714T131407"", ""source"": ""task.go_nogo"", ""stimulus_offset_lsl_timestamp"": 504989.5951123, ""stimulus_offset_monotonic"": 504989.562, ""stimulus_onset_lsl_timestamp"": 504988.7814862, ""stimulus_onset_monotonic"": 504988.75, ""task"": ""go_nogo""}"
109,go_nogo_stimulus_onset_109_go_circle_red,EVENT,504990.328,,"{""color"": ""red"", ""expected_frame_interval_ms"": 16.60961000015959, ""expected_refresh_rate_hz"": 60.0, ""expected_visual_onset_lsl_timestamp"": 504990.3622512, ""expected_visual_onset_monotonic"": 504990.328, ""expected_visual_onset_uncertainty_ms"": 8.304805000079796, ""fixed_display_latency_ms"": 0.0, ""flip_lsl_timestamp"": 504990.3622512, ""flip_monotonic"": 504990.328, ""is_no_go"": false, ""lsl_timestamp"": 504990.3622512, ""marker_push_latency_ms"": 0.0, ""measured_refresh_rate_hz"": 60.20610959501106, ""photodiode_verification_enabled"": false, ""scheduled_on_flip"": true, ""shape"": ""circle"", ""timing_model"": ""psychopy_callOnFlip_plus_fixed_display_latency""}"
109,button_press,EVENT,504990.6669435,space,"{""is_response_key"": true, ""lsl_timestamp"": 504990.7011947, ""marker_push_latency_ms"": 0.0, ""rt_from_flip_seconds"": 0.33894350001355633, ""rt_seconds"": 0.33894350001355633}"
109,go_nogo_stimulus_offset_109_go_circle_red,EVENT,504991.14,,"{""color"": ""red"", ""expected_frame_interval_ms"": 16.60961000015959, ""expected_refresh_rate_hz"": 60.0, ""expected_visual_onset_lsl_timestamp"": 504991.1718898, ""expected_visual_onset_monotonic"": 504991.14, ""expected_visual_onset_uncertainty_ms"": 8.304805000079796, ""fixed_display_latency_ms"": 0.0, ""flip_lsl_timestamp"": 504991.1718898, ""flip_monotonic"": 504991.14, ""is_no_go"": false, ""lsl_timestamp"": 504991.1718898, ""marker_push_latency_ms"": 0.0, ""measured_refresh_rate_hz"": 60.20610959501106, ""photodiode_verification_enabled"": false, ""scheduled_on_flip"": true, ""shape"": ""circle"", ""timing_model"": ""psychopy_callOnFlip_plus_fixed_display_latency""}"
109,go_nogo_trial_complete,EVENT,504991.156,,"{""attention_challenge"": {""enabled"": false, ""expected_state"": ""normal"", ""is_cue_trial"": false}, ""button_press_count"": 1, ""commission_error"": 0, ""condition"": ""go"", ""correct"": true, ""correct_press"": 1, ""event_type_name"": ""go_nogo_trial_complete"", ""is_no_go"": false, ""omission_error"": 0, ""practice"": false, ""reaction_time_seconds"": 0.33894350001355633, ""schema_version"": 1, ""session_dir"": ""C:\\Users\\Surettej\\Documents\\Codespace\\eegle\\data\\participants\\sub-001-online\\sessions\\2026-07-14\\attention_lapse_go_nogo8_observe_only\\go_nogo\\run-20260714T131407"", ""source"": ""task.go_nogo"", ""stimulus_offset_lsl_timestamp"": 504991.1718898, ""stimulus_offset_monotonic"": 504991.14, ""stimulus_onset_lsl_timestamp"": 504990.3622512, ""stimulus_onset_monotonic"": 504990.328, ""task"": ""go_nogo""}"
110,go_nogo_stimulus_onset_110_go_triangle_green,EVENT,504991.89,,"{""color"": ""green"", ""expected_frame_interval_ms"": 16.60961000015959, ""expected_refresh_rate_hz"": 60.0, ""expected_visual_onset_lsl_timestamp"": 504991.9141268, ""expected_visual_onset_monotonic"": 504991.89, ""expected_visual_onset_uncertainty_ms"": 8.304805000079796, ""fixed_display_latency_ms"": 0.0, ""flip_lsl_timestamp"": 504991.9141268, ""flip_monotonic"": 504991.89, ""is_no_go"": false, ""lsl_timestamp"": 504991.9141268, ""marker_push_latency_ms"": 0.0, ""measured_refresh_rate_hz"": 60.20610959501106, ""photodiode_verification_enabled"": false, ""scheduled_on_flip"": true, ""shape"": ""triangle"", ""timing_model"": ""psychopy_callOnFlip_plus_fixed_display_latency""}"
110,button_press,EVENT,504992.10896770004,space,"{""is_response_key"": true, ""lsl_timestamp"": 504992.13309450005, ""marker_push_latency_ms"": 0.0, ""rt_from_flip_seconds"": 0.2189677000278607, ""rt_seconds"": 0.2189677000278607}"
110,go_nogo_stimulus_offset_110_go_triangle_green,EVENT,504992.703,,"{""color"": ""green"", ""expected_frame_interval_ms"": 16.60961000015959, ""expected_refresh_rate_hz"": 60.0, ""expected_visual_onset_lsl_timestamp"": 504992.7298416, ""expected_visual_onset_monotonic"": 504992.703, ""expected_visual_onset_uncertainty_ms"": 8.304805000079796, ""fixed_display_latency_ms"": 0.0, ""flip_lsl_timestamp"": 504992.7298416, ""flip_monotonic"": 504992.703, ""is_no_go"": false, ""lsl_timestamp"": 504992.7298416, ""marker_push_latency_ms"": 0.0, ""measured_refresh_rate_hz"": 60.20610959501106, ""photodiode_verification_enabled"": false, ""scheduled_on_flip"": true, ""shape"": ""triangle"", ""timing_model"": ""psychopy_callOnFlip_plus_fixed_display_latency""}"
110,go_nogo_trial_complete,EVENT,504992.703,,"{""attention_challenge"": {""enabled"": false, ""expected_state"": ""normal"", ""is_cue_trial"": false}, ""button_press_count"": 1, ""commission_error"": 0, ""condition"": ""go"", ""correct"": true, ""correct_press"": 1, ""event_type_name"": ""go_nogo_trial_complete"", ""is_no_go"": false, ""omission_error"": 0, ""practice"": false, ""reaction_time_seconds"": 0.2189677000278607, ""schema_version"": 1, ""session_dir"": ""C:\\Users\\Surettej\\Documents\\Codespace\\eegle\\data\\participants\\sub-001-online\\sessions\\2026-07-14\\attention_lapse_go_nogo8_observe_only\\go_nogo\\run-20260714T131407"", ""source"": ""task.go_nogo"", ""stimulus_offset_lsl_timestamp"": 504992.7298416, ""stimulus_offset_monotonic"": 504992.703, ""stimulus_onset_lsl_timestamp"": 504991.9141268, ""stimulus_onset_monotonic"": 504991.89, ""task"": ""go_nogo""}"
111,go_nogo_stimulus_onset_111_go_hexagon_red,EVENT,504993.437,,"{""color"": ""red"", ""expected_frame_interval_ms"": 16.60961000015959, ""expected_refresh_rate_hz"": 60.0, ""expected_visual_onset_lsl_timestamp"": 504993.4666452, ""expected_visual_onset_monotonic"": 504993.437, ""expected_visual_onset_uncertainty_ms"": 8.304805000079796, ""fixed_display_latency_ms"": 0.0, ""flip_lsl_timestamp"": 504993.4666452, ""flip_monotonic"": 504993.437, ""is_no_go"": false, ""lsl_timestamp"": 504993.4666452, ""marker_push_latency_ms"": 0.0, ""measured_refresh_rate_hz"": 60.20610959501106, ""photodiode_verification_enabled"": false, ""scheduled_on_flip"": true, ""shape"": ""hexagon"", ""timing_model"": ""psychopy_callOnFlip_plus_fixed_display_latency""}"
111,button_press,EVENT,504993.68792199995,space,"{""is_response_key"": true, ""lsl_timestamp"": 504993.71756719996, ""marker_push_latency_ms"": 0.0, ""rt_from_flip_seconds"": 0.2509219999774359, ""rt_seconds"": 0.2509219999774359}"
111,go_nogo_stimulus_offset_111_go_hexagon_red,EVENT,504994.25,,"{""color"": ""red"", ""expected_frame_interval_ms"": 16.60961000015959, ""expected_refresh_rate_hz"": 60.0, ""expected_visual_onset_lsl_timestamp"": 504994.2746693, ""expected_visual_onset_monotonic"": 504994.25, ""expected_visual_onset_uncertainty_ms"": 8.304805000079796, ""fixed_display_latency_ms"": 0.0, ""flip_lsl_timestamp"": 504994.2746693, ""flip_monotonic"": 504994.25, ""is_no_go"": false, ""lsl_timestamp"": 504994.2746693, ""marker_push_latency_ms"": 0.0, ""measured_refresh_rate_hz"": 60.20610959501106, ""photodiode_verification_enabled"": false, ""scheduled_on_flip"": true, ""shape"": ""hexagon"", ""timing_model"": ""psychopy_callOnFlip_plus_fixed_display_latency""}"
111,go_nogo_trial_complete,EVENT,504994.25,,"{""attention_challenge"": {""enabled"": false, ""expected_state"": ""normal"", ""is_cue_trial"": false}, ""button_press_count"": 1, ""commission_error"": 0, ""condition"": ""go"", ""correct"": true, ""correct_press"": 1, ""event_type_name"": ""go_nogo_trial_complete"", ""is_no_go"": false, ""omission_error"": 0, ""practice"": false, ""reaction_time_seconds"": 0.2509219999774359, ""schema_version"": 1, ""session_dir"": ""C:\\Users\\Surettej\\Documents\\Codespace\\eegle\\data\\participants\\sub-001-online\\sessions\\2026-07-14\\attention_lapse_go_nogo8_observe_only\\go_nogo\\run-20260714T131407"", ""source"": ""task.go_nogo"", ""stimulus_offset_lsl_timestamp"": 504994.2746693, ""stimulus_offset_monotonic"": 504994.25, ""stimulus_onset_lsl_timestamp"": 504993.4666452, ""stimulus_onset_monotonic"": 504993.437, ""task"": ""go_nogo""}"
112,go_nogo_stimulus_onset_112_go_triangle_green,EVENT,504994.984,,"{""color"": ""green"", ""expected_frame_interval_ms"": 16.60961000015959, ""expected_refresh_rate_hz"": 60.0, ""expected_visual_onset_lsl_timestamp"": 504995.0142661, ""expected_visual_onset_monotonic"": 504994.984, ""expected_visual_onset_uncertainty_ms"": 8.304805000079796, ""fixed_display_latency_ms"": 0.0, ""flip_lsl_timestamp"": 504995.0142661, ""flip_monotonic"": 504994.984, ""is_no_go"": false, ""lsl_timestamp"": 504995.0142661, ""marker_push_latency_ms"": 0.0, ""measured_refresh_rate_hz"": 60.20610959501106, ""photodiode_verification_enabled"": false, ""scheduled_on_flip"": true, ""shape"": ""triangle"", ""timing_model"": ""psychopy_callOnFlip_plus_fixed_display_latency""}"
112,button_press,EVENT,504995.5049086,space,"{""is_response_key"": true, ""lsl_timestamp"": 504995.5351747, ""marker_push_latency_ms"": 0.0, ""rt_from_flip_seconds"": 0.5209086000104435, ""rt_seconds"": 0.5209086000104435}"
112,go_nogo_stimulus_offset_112_go_triangle_green,EVENT,504995.812,,"{""color"": ""green"", ""expected_frame_interval_ms"": 16.60961000015959, ""expected_refresh_rate_hz"": 60.0, ""expected_visual_onset_lsl_timestamp"": 504995.8382277, ""expected_visual_onset_monotonic"": 504995.812, ""expected_visual_onset_uncertainty_ms"": 8.304805000079796, ""fixed_display_latency_ms"": 0.0, ""flip_lsl_timestamp"": 504995.8382277, ""flip_monotonic"": 504995.812, ""is_no_go"": false, ""lsl_timestamp"": 504995.8382277, ""marker_push_latency_ms"": 0.0, ""measured_refresh_rate_hz"": 60.20610959501106, ""photodiode_verification_enabled"": false, ""scheduled_on_flip"": true, ""shape"": ""triangle"", ""timing_model"": ""psychopy_callOnFlip_plus_fixed_display_latency""}"
112,go_nogo_trial_complete,EVENT,504995.812,,"{""attention_challenge"": {""enabled"": false, ""expected_state"": ""normal"", ""is_cue_trial"": false}, ""button_press_count"": 1, ""commission_error"": 0, ""condition"": ""go"", ""correct"": true, ""correct_press"": 1, ""event_type_name"": ""go_nogo_trial_complete"", ""is_no_go"": false, ""omission_error"": 0, ""practice"": false, ""reaction_time_seconds"": 0.5209086000104435, ""schema_version"": 1, ""session_dir"": ""C:\\Users\\Surettej\\Documents\\Codespace\\eegle\\data\\participants\\sub-001-online\\sessions\\2026-07-14\\attention_lapse_go_nogo8_observe_only\\go_nogo\\run-20260714T131407"", ""source"": ""task.go_nogo"", ""stimulus_offset_lsl_timestamp"": 504995.8382277, ""stimulus_offset_monotonic"": 504995.812, ""stimulus_onset_lsl_timestamp"": 504995.0142661, ""stimulus_onset_monotonic"": 504994.984, ""task"": ""go_nogo""}"
113,go_nogo_stimulus_onset_113_go_square_green,EVENT,504996.546,,"{""color"": ""green"", ""expected_frame_interval_ms"": 16.60961000015959, ""expected_refresh_rate_hz"": 60.0, ""expected_visual_onset_lsl_timestamp"": 504996.581656, ""expected_visual_onset_monotonic"": 504996.546, ""expected_visual_onset_uncertainty_ms"": 8.304805000079796, ""fixed_display_latency_ms"": 0.0, ""flip_lsl_timestamp"": 504996.581656, ""flip_monotonic"": 504996.546, ""is_no_go"": false, ""lsl_timestamp"": 504996.581656, ""marker_push_latency_ms"": 0.0, ""measured_refresh_rate_hz"": 60.20610959501106, ""photodiode_verification_enabled"": false, ""scheduled_on_flip"": true, ""shape"": ""square"", ""timing_model"": ""psychopy_callOnFlip_plus_fixed_display_latency""}"
113,button_press,EVENT,504996.9534515,space,"{""is_response_key"": true, ""lsl_timestamp"": 504996.9891075, ""marker_push_latency_ms"": 0.0, ""rt_from_flip_seconds"": 0.407451500010211, ""rt_seconds"": 0.407451500010211}"
113,go_nogo_stimulus_offset_113_go_square_green,EVENT,504997.359,,"{""color"": ""green"", ""expected_frame_interval_ms"": 16.60961000015959, ""expected_refresh_rate_hz"": 60.0, ""expected_visual_onset_lsl_timestamp"": 504997.3930841, ""expected_visual_onset_monotonic"": 504997.359, ""expected_visual_onset_uncertainty_ms"": 8.304805000079796, ""fixed_display_latency_ms"": 0.0, ""flip_lsl_timestamp"": 504997.3930841, ""flip_monotonic"": 504997.359, ""is_no_go"": false, ""lsl_timestamp"": 504997.3930841, ""marker_push_latency_ms"": 0.0, ""measured_refresh_rate_hz"": 60.20610959501106, ""photodiode_verification_enabled"": false, ""scheduled_on_flip"": true, ""shape"": ""square"", ""timing_model"": ""psychopy_callOnFlip_plus_fixed_display_latency""}"
113,go_nogo_trial_complete,EVENT,504997.375,,"{""attention_challenge"": {""enabled"": false, ""expected_state"": ""normal"", ""is_cue_trial"": false}, ""button_press_count"": 1, ""commission_error"": 0, ""condition"": ""go"", ""correct"": true, ""correct_press"": 1, ""event_type_name"": ""go_nogo_trial_complete"", ""is_no_go"": false, ""omission_error"": 0, ""practice"": false, ""reaction_time_seconds"": 0.407451500010211, ""schema_version"": 1, ""session_dir"": ""C:\\Users\\Surettej\\Documents\\Codespace\\eegle\\data\\participants\\sub-001-online\\sessions\\2026-07-14\\attention_lapse_go_nogo8_observe_only\\go_nogo\\run-20260714T131407"", ""source"": ""task.go_nogo"", ""stimulus_offset_lsl_timestamp"": 504997.3930841, ""stimulus_offset_monotonic"": 504997.359, ""stimulus_onset_lsl_timestamp"": 504996.581656, ""stimulus_onset_monotonic"": 504996.546, ""task"": ""go_nogo""}"
114,go_nogo_stimulus_onset_114_go_star_yellow,EVENT,504998.109,,"{""color"": ""yellow"", ""expected_frame_interval_ms"": 16.60961000015959, ""expected_refresh_rate_hz"": 60.0, ""expected_visual_onset_lsl_timestamp"": 504998.132303, ""expected_visual_onset_monotonic"": 504998.109, ""expected_visual_onset_uncertainty_ms"": 8.304805000079796, ""fixed_display_latency_ms"": 0.0, ""flip_lsl_timestamp"": 504998.132303, ""flip_monotonic"": 504998.109, ""is_no_go"": false, ""lsl_timestamp"": 504998.132303, ""marker_push_latency_ms"": 0.0, ""measured_refresh_rate_hz"": 60.20610959501106, ""photodiode_verification_enabled"": false, ""scheduled_on_flip"": true, ""shape"": ""star"", ""timing_model"": ""psychopy_callOnFlip_plus_fixed_display_latency""}"
114,button_press,EVENT,504998.50278379995,space,"{""is_response_key"": true, ""lsl_timestamp"": 504998.5260868, ""marker_push_latency_ms"": 0.0, ""rt_from_flip_seconds"": 0.39378379995469004, ""rt_seconds"": 0.39378379995469004}"
114,go_nogo_stimulus_offset_114_go_star_yellow,EVENT,504998.921,,"{""color"": ""yellow"", ""expected_frame_interval_ms"": 16.60961000015959, ""expected_refresh_rate_hz"": 60.0, ""expected_visual_onset_lsl_timestamp"": 504998.9509012, ""expected_visual_onset_monotonic"": 504998.921, ""expected_visual_onset_uncertainty_ms"": 8.304805000079796, ""fixed_display_latency_ms"": 0.0, ""flip_lsl_timestamp"": 504998.9509012, ""flip_monotonic"": 504998.921, ""is_no_go"": false, ""lsl_timestamp"": 504998.9509012, ""marker_push_latency_ms"": 0.0, ""measured_refresh_rate_hz"": 60.20610959501106, ""photodiode_verification_enabled"": false, ""scheduled_on_flip"": true, ""shape"": ""star"", ""timing_model"": ""psychopy_callOnFlip_plus_fixed_display_latency""}"
114,go_nogo_trial_complete,EVENT,504998.921,,"{""attention_challenge"": {""enabled"": false, ""expected_state"": ""normal"", ""is_cue_trial"": false}, ""button_press_count"": 1, ""commission_error"": 0, ""condition"": ""go"", ""correct"": true, ""correct_press"": 1, ""event_type_name"": ""go_nogo_trial_complete"", ""is_no_go"": false, ""omission_error"": 0, ""practice"": false, ""reaction_time_seconds"": 0.39378379995469004, ""schema_version"": 1, ""session_dir"": ""C:\\Users\\Surettej\\Documents\\Codespace\\eegle\\data\\participants\\sub-001-online\\sessions\\2026-07-14\\attention_lapse_go_nogo8_observe_only\\go_nogo\\run-20260714T131407"", ""source"": ""task.go_nogo"", ""stimulus_offset_lsl_timestamp"": 504998.9509012, ""stimulus_offset_monotonic"": 504998.921, ""stimulus_onset_lsl_timestamp"": 504998.132303, ""stimulus_onset_monotonic"": 504998.109, ""task"": ""go_nogo""}"
115,go_nogo_stimulus_onset_115_nogo_x_white,EVENT,504999.671,,"{""color"": ""white"", ""expected_frame_interval_ms"": 16.60961000015959, ""expected_refresh_rate_hz"": 60.0, ""expected_visual_onset_lsl_timestamp"": 504999.7012863, ""expected_visual_onset_monotonic"": 504999.671, ""expected_visual_onset_uncertainty_ms"": 8.304805000079796, ""fixed_display_latency_ms"": 0.0, ""flip_lsl_timestamp"": 504999.7012863, ""flip_monotonic"": 504999.671, ""is_no_go"": true, ""lsl_timestamp"": 504999.7012863, ""marker_push_latency_ms"": 0.0, ""measured_refresh_rate_hz"": 60.20610959501106, ""photodiode_verification_enabled"": false, ""scheduled_on_flip"": true, ""shape"": ""x"", ""timing_model"": ""psychopy_callOnFlip_plus_fixed_display_latency""}"
115,go_nogo_stimulus_offset_115_nogo_x_white,EVENT,505000.484,,"{""color"": ""white"", ""expected_frame_interval_ms"": 16.60961000015959, ""expected_refresh_rate_hz"": 60.0, ""expected_visual_onset_lsl_timestamp"": 505000.5098338, ""expected_visual_onset_monotonic"": 505000.484, ""expected_visual_onset_uncertainty_ms"": 8.304805000079796, ""fixed_display_latency_ms"": 0.0, ""flip_lsl_timestamp"": 505000.5098338, ""flip_monotonic"": 505000.484, ""is_no_go"": true, ""lsl_timestamp"": 505000.5098338, ""marker_push_latency_ms"": 0.0, ""measured_refresh_rate_hz"": 60.20610959501106, ""photodiode_verification_enabled"": false, ""scheduled_on_flip"": true, ""shape"": ""x"", ""timing_model"": ""psychopy_callOnFlip_plus_fixed_display_latency""}"
115,go_nogo_trial_complete,EVENT,505000.484,,"{""attention_challenge"": {""enabled"": false, ""expected_state"": ""normal"", ""is_cue_trial"": false}, ""button_press_count"": 0, ""commission_error"": 0, ""condition"": ""no_go"", ""correct"": true, ""correct_press"": 1, ""event_type_name"": ""go_nogo_trial_complete"", ""is_no_go"": true, ""omission_error"": 0, ""practice"": false, ""reaction_time_seconds"": null, ""schema_version"": 1, ""session_dir"": ""C:\\Users\\Surettej\\Documents\\Codespace\\eegle\\data\\participants\\sub-001-online\\sessions\\2026-07-14\\attention_lapse_go_nogo8_observe_only\\go_nogo\\run-20260714T131407"", ""source"": ""task.go_nogo"", ""stimulus_offset_lsl_timestamp"": 505000.5098338, ""stimulus_offset_monotonic"": 505000.484, ""stimulus_onset_lsl_timestamp"": 504999.7012863, ""stimulus_onset_monotonic"": 504999.671, ""task"": ""go_nogo""}"
116,go_nogo_stimulus_onset_116_nogo_x_white,EVENT,505001.218,,"{""color"": ""white"", ""expected_frame_interval_ms"": 16.60961000015959, ""expected_refresh_rate_hz"": 60.0, ""expected_visual_onset_lsl_timestamp"": 505001.2539437, ""expected_visual_onset_monotonic"": 505001.218, ""expected_visual_onset_uncertainty_ms"": 8.304805000079796, ""fixed_display_latency_ms"": 0.0, ""flip_lsl_timestamp"": 505001.2539437, ""flip_monotonic"": 505001.218, ""is_no_go"": true, ""lsl_timestamp"": 505001.2539437, ""marker_push_latency_ms"": 0.0, ""measured_refresh_rate_hz"": 60.20610959501106, ""photodiode_verification_enabled"": false, ""scheduled_on_flip"": true, ""shape"": ""x"", ""timing_model"": ""psychopy_callOnFlip_plus_fixed_display_latency""}"
116,go_nogo_stimulus_offset_116_nogo_x_white,EVENT,505002.031,,"{""color"": ""white"", ""expected_frame_interval_ms"": 16.60961000015959, ""expected_refresh_rate_hz"": 60.0, ""expected_visual_onset_lsl_timestamp"": 505002.0674789, ""expected_visual_onset_monotonic"": 505002.031, ""expected_visual_onset_uncertainty_ms"": 8.304805000079796, ""fixed_display_latency_ms"": 0.0, ""flip_lsl_timestamp"": 505002.0674789, ""flip_monotonic"": 505002.031, ""is_no_go"": true, ""lsl_timestamp"": 505002.0674789, ""marker_push_latency_ms"": 0.0, ""measured_refresh_rate_hz"": 60.20610959501106, ""photodiode_verification_enabled"": false, ""scheduled_on_flip"": true, ""shape"": ""x"", ""timing_model"": ""psychopy_callOnFlip_plus_fixed_display_latency""}"
116,go_nogo_trial_complete,EVENT,505002.046,,"{""attention_challenge"": {""enabled"": false, ""expected_state"": ""normal"", ""is_cue_trial"": false}, ""button_press_count"": 0, ""commission_error"": 0, ""condition"": ""no_go"", ""correct"": true, ""correct_press"": 1, ""event_type_name"": ""go_nogo_trial_complete"", ""is_no_go"": true, ""omission_error"": 0, ""practice"": false, ""reaction_time_seconds"": null, ""schema_version"": 1, ""session_dir"": ""C:\\Users\\Surettej\\Documents\\Codespace\\eegle\\data\\participants\\sub-001-online\\sessions\\2026-07-14\\attention_lapse_go_nogo8_observe_only\\go_nogo\\run-20260714T131407"", ""source"": ""task.go_nogo"", ""stimulus_offset_lsl_timestamp"": 505002.0674789, ""stimulus_offset_monotonic"": 505002.031, ""stimulus_onset_lsl_timestamp"": 505001.2539437, ""stimulus_onset_monotonic"": 505001.218, ""task"": ""go_nogo""}"
117,go_nogo_stimulus_onset_117_go_star_red,EVENT,505002.781,,"{""color"": ""red"", ""expected_frame_interval_ms"": 16.60961000015959, ""expected_refresh_rate_hz"": 60.0, ""expected_visual_onset_lsl_timestamp"": 505002.8040354, ""expected_visual_onset_monotonic"": 505002.781, ""expected_visual_onset_uncertainty_ms"": 8.304805000079796, ""fixed_display_latency_ms"": 0.0, ""flip_lsl_timestamp"": 505002.8040354, ""flip_monotonic"": 505002.781, ""is_no_go"": false, ""lsl_timestamp"": 505002.8040354, ""marker_push_latency_ms"": 0.0, ""measured_refresh_rate_hz"": 60.20610959501106, ""photodiode_verification_enabled"": false, ""scheduled_on_flip"": true, ""shape"": ""star"", ""timing_model"": ""psychopy_callOnFlip_plus_fixed_display_latency""}"
117,button_press,EVENT,505003.1980205,space,"{""is_response_key"": true, ""lsl_timestamp"": 505003.2210559, ""marker_push_latency_ms"": 0.0, ""rt_from_flip_seconds"": 0.4170204999973066, ""rt_seconds"": 0.4170204999973066}"
117,go_nogo_stimulus_offset_117_go_star_red,EVENT,505003.578,,"{""color"": ""red"", ""expected_frame_interval_ms"": 16.60961000015959, ""expected_refresh_rate_hz"": 60.0, ""expected_visual_onset_lsl_timestamp"": 505003.6134633, ""expected_visual_onset_monotonic"": 505003.578, ""expected_visual_onset_uncertainty_ms"": 8.304805000079796, ""fixed_display_latency_ms"": 0.0, ""flip_lsl_timestamp"": 505003.6134633, ""flip_monotonic"": 505003.578, ""is_no_go"": false, ""lsl_timestamp"": 505003.6134633, ""marker_push_latency_ms"": 0.0, ""measured_refresh_rate_hz"": 60.20610959501106, ""photodiode_verification_enabled"": false, ""scheduled_on_flip"": true, ""shape"": ""star"", ""timing_model"": ""psychopy_callOnFlip_plus_fixed_display_latency""}"
117,go_nogo_trial_complete,EVENT,505003.593,,"{""attention_challenge"": {""enabled"": false, ""expected_state"": ""normal"", ""is_cue_trial"": false}, ""button_press_count"": 1, ""commission_error"": 0, ""condition"": ""go"", ""correct"": true, ""correct_press"": 1, ""event_type_name"": ""go_nogo_trial_complete"", ""is_no_go"": false, ""omission_error"": 0, ""practice"": false, ""reaction_time_seconds"": 0.4170204999973066, ""schema_version"": 1, ""session_dir"": ""C:\\Users\\Surettej\\Documents\\Codespace\\eegle\\data\\participants\\sub-001-online\\sessions\\2026-07-14\\attention_lapse_go_nogo8_observe_only\\go_nogo\\run-20260714T131407"", ""source"": ""task.go_nogo"", ""stimulus_offset_lsl_timestamp"": 505003.6134633, ""stimulus_offset_monotonic"": 505003.578, ""stimulus_onset_lsl_timestamp"": 505002.8040354, ""stimulus_onset_monotonic"": 505002.781, ""task"": ""go_nogo""}"
118,go_nogo_stimulus_onset_118_nogo_x_white,EVENT,505004.328,,"{""color"": ""white"", ""expected_frame_interval_ms"": 16.60961000015959, ""expected_refresh_rate_hz"": 60.0, ""expected_visual_onset_lsl_timestamp"": 505004.3573992, ""expected_visual_onset_monotonic"": 505004.328, ""expected_visual_onset_uncertainty_ms"": 8.304805000079796, ""fixed_display_latency_ms"": 0.0, ""flip_lsl_timestamp"": 505004.3573992, ""flip_monotonic"": 505004.328, ""is_no_go"": true, ""lsl_timestamp"": 505004.3573992, ""marker_push_latency_ms"": 0.0, ""measured_refresh_rate_hz"": 60.20610959501106, ""photodiode_verification_enabled"": false, ""scheduled_on_flip"": true, ""shape"": ""x"", ""timing_model"": ""psychopy_callOnFlip_plus_fixed_display_latency""}"
118,go_nogo_stimulus_offset_118_nogo_x_white,EVENT,505005.14,,"{""color"": ""white"", ""expected_frame_interval_ms"": 16.60961000015959, ""expected_refresh_rate_hz"": 60.0, ""expected_visual_onset_lsl_timestamp"": 505005.1688414, ""expected_visual_onset_monotonic"": 505005.14, ""expected_visual_onset_uncertainty_ms"": 8.304805000079796, ""fixed_display_latency_ms"": 0.0, ""flip_lsl_timestamp"": 505005.1688414, ""flip_monotonic"": 505005.14, ""is_no_go"": true, ""lsl_timestamp"": 505005.1688414, ""marker_push_latency_ms"": 0.0, ""measured_refresh_rate_hz"": 60.20610959501106, ""photodiode_verification_enabled"": false, ""scheduled_on_flip"": true, ""shape"": ""x"", ""timing_model"": ""psychopy_callOnFlip_plus_fixed_display_latency""}"
118,go_nogo_trial_complete,EVENT,505005.14,,"{""attention_challenge"": {""enabled"": false, ""expected_state"": ""normal"", ""is_cue_trial"": false}, ""button_press_count"": 0, ""commission_error"": 0, ""condition"": ""no_go"", ""correct"": true, ""correct_press"": 1, ""event_type_name"": ""go_nogo_trial_complete"", ""is_no_go"": true, ""omission_error"": 0, ""practice"": false, ""reaction_time_seconds"": null, ""schema_version"": 1, ""session_dir"": ""C:\\Users\\Surettej\\Documents\\Codespace\\eegle\\data\\participants\\sub-001-online\\sessions\\2026-07-14\\attention_lapse_go_nogo8_observe_only\\go_nogo\\run-20260714T131407"", ""source"": ""task.go_nogo"", ""stimulus_offset_lsl_timestamp"": 505005.1688414, ""stimulus_offset_monotonic"": 505005.14, ""stimulus_onset_lsl_timestamp"": 505004.3573992, ""stimulus_onset_monotonic"": 505004.328, ""task"": ""go_nogo""}"
119,go_nogo_stimulus_onset_119_nogo_x_white,EVENT,505005.89,,"{""color"": ""white"", ""expected_frame_interval_ms"": 16.60961000015959, ""expected_refresh_rate_hz"": 60.0, ""expected_visual_onset_lsl_timestamp"": 505005.9117209, ""expected_visual_onset_monotonic"": 505005.89, ""expected_visual_onset_uncertainty_ms"": 8.304805000079796, ""fixed_display_latency_ms"": 0.0, ""flip_lsl_timestamp"": 505005.9117209, ""flip_monotonic"": 505005.89, ""is_no_go"": true, ""lsl_timestamp"": 505005.9117209, ""marker_push_latency_ms"": 0.0, ""measured_refresh_rate_hz"": 60.20610959501106, ""photodiode_verification_enabled"": false, ""scheduled_on_flip"": true, ""shape"": ""x"", ""timing_model"": ""psychopy_callOnFlip_plus_fixed_display_latency""}"
119,button_press,EVENT,505006.207429,space,"{""is_response_key"": true, ""lsl_timestamp"": 505006.22914989997, ""marker_push_latency_ms"": 0.0, ""rt_from_flip_seconds"": 0.31742899998789653, ""rt_seconds"": 0.31742899998789653}"
119,go_nogo_stimulus_offset_119_nogo_x_white,EVENT,505006.687,,"{""color"": ""white"", ""expected_frame_interval_ms"": 16.60961000015959, ""expected_refresh_rate_hz"": 60.0, ""expected_visual_onset_lsl_timestamp"": 505006.7215595, ""expected_visual_onset_monotonic"": 505006.687, ""expected_visual_onset_uncertainty_ms"": 8.304805000079796, ""fixed_display_latency_ms"": 0.0, ""flip_lsl_timestamp"": 505006.7215595, ""flip_monotonic"": 505006.687, ""is_no_go"": true, ""lsl_timestamp"": 505006.7215595, ""marker_push_latency_ms"": 0.0, ""measured_refresh_rate_hz"": 60.20610959501106, ""photodiode_verification_enabled"": false, ""scheduled_on_flip"": true, ""shape"": ""x"", ""timing_model"": ""psychopy_callOnFlip_plus_fixed_display_latency""}"
119,go_nogo_trial_complete,EVENT,505006.703,,"{""attention_challenge"": {""enabled"": false, ""expected_state"": ""normal"", ""is_cue_trial"": false}, ""button_press_count"": 1, ""commission_error"": 1, ""condition"": ""no_go"", ""correct"": false, ""correct_press"": 0, ""event_type_name"": ""go_nogo_trial_complete"", ""is_no_go"": true, ""omission_error"": 0, ""practice"": false, ""reaction_time_seconds"": 0.31742899998789653, ""schema_version"": 1, ""session_dir"": ""C:\\Users\\Surettej\\Documents\\Codespace\\eegle\\data\\participants\\sub-001-online\\sessions\\2026-07-14\\attention_lapse_go_nogo8_observe_only\\go_nogo\\run-20260714T131407"", ""source"": ""task.go_nogo"", ""stimulus_offset_lsl_timestamp"": 505006.7215595, ""stimulus_offset_monotonic"": 505006.687, ""stimulus_onset_lsl_timestamp"": 505005.9117209, ""stimulus_onset_monotonic"": 505005.89, ""task"": ""go_nogo""}"
120,go_nogo_stimulus_onset_120_go_star_magenta,EVENT,505007.437,,"{""color"": ""magenta"", ""expected_frame_interval_ms"": 16.60961000015959, ""expected_refresh_rate_hz"": 60.0, ""expected_visual_onset_lsl_timestamp"": 505007.4700795, ""expected_visual_onset_monotonic"": 505007.437, ""expected_visual_onset_uncertainty_ms"": 8.304805000079796, ""fixed_display_latency_ms"": 0.0, ""flip_lsl_timestamp"": 505007.4700795, ""flip_monotonic"": 505007.437, ""is_no_go"": false, ""lsl_timestamp"": 505007.4700795, ""marker_push_latency_ms"": 0.0, ""measured_refresh_rate_hz"": 60.20610959501106, ""photodiode_verification_enabled"": false, ""scheduled_on_flip"": true, ""shape"": ""star"", ""timing_model"": ""psychopy_callOnFlip_plus_fixed_display_latency""}"
120,button_press,EVENT,505007.7259249,space,"{""is_response_key"": true, ""lsl_timestamp"": 505007.7590044, ""marker_push_latency_ms"": 0.0, ""rt_from_flip_seconds"": 0.2889248999999836, ""rt_seconds"": 0.2889248999999836}"
120,go_nogo_stimulus_offset_120_go_star_magenta,EVENT,505008.265,,"{""color"": ""magenta"", ""expected_frame_interval_ms"": 16.60961000015959, ""expected_refresh_rate_hz"": 60.0, ""expected_visual_onset_lsl_timestamp"": 505008.2868547, ""expected_visual_onset_monotonic"": 505008.265, ""expected_visual_onset_uncertainty_ms"": 8.304805000079796, ""fixed_display_latency_ms"": 0.0, ""flip_lsl_timestamp"": 505008.2868547, ""flip_monotonic"": 505008.265, ""is_no_go"": false, ""lsl_timestamp"": 505008.2868547, ""marker_push_latency_ms"": 0.0, ""measured_refresh_rate_hz"": 60.20610959501106, ""photodiode_verification_enabled"": false, ""scheduled_on_flip"": true, ""shape"": ""star"", ""timing_model"": ""psychopy_callOnFlip_plus_fixed_display_latency""}"
120,go_nogo_trial_complete,EVENT,505008.265,,"{""attention_challenge"": {""enabled"": false, ""expected_state"": ""normal"", ""is_cue_trial"": false}, ""button_press_count"": 1, ""commission_error"": 0, ""condition"": ""go"", ""correct"": true, ""correct_press"": 1, ""event_type_name"": ""go_nogo_trial_complete"", ""is_no_go"": false, ""omission_error"": 0, ""practice"": false, ""reaction_time_seconds"": 0.2889248999999836, ""schema_version"": 1, ""session_dir"": ""C:\\Users\\Surettej\\Documents\\Codespace\\eegle\\data\\participants\\sub-001-online\\sessions\\2026-07-14\\attention_lapse_go_nogo8_observe_only\\go_nogo\\run-20260714T131407"", ""source"": ""task.go_nogo"", ""stimulus_offset_lsl_timestamp"": 505008.2868547, ""stimulus_offset_monotonic"": 505008.265, ""stimulus_onset_lsl_timestamp"": 505007.4700795, ""stimulus_onset_monotonic"": 505007.437, ""task"": ""go_nogo""}"
121,go_nogo_stimulus_onset_121_go_hexagon_blue,EVENT,505009.015,,"{""color"": ""blue"", ""expected_frame_interval_ms"": 16.60961000015959, ""expected_refresh_rate_hz"": 60.0, ""expected_visual_onset_lsl_timestamp"": 505009.0372466, ""expected_visual_onset_monotonic"": 505009.015, ""expected_visual_onset_uncertainty_ms"": 8.304805000079796, ""fixed_display_latency_ms"": 0.0, ""flip_lsl_timestamp"": 505009.0372466, ""flip_monotonic"": 505009.015, ""is_no_go"": false, ""lsl_timestamp"": 505009.0372466, ""marker_push_latency_ms"": 0.0, ""measured_refresh_rate_hz"": 60.20610959501106, ""photodiode_verification_enabled"": false, ""scheduled_on_flip"": true, ""shape"": ""hexagon"", ""timing_model"": ""psychopy_callOnFlip_plus_fixed_display_latency""}"
121,button_press,EVENT,505009.3746808,space,"{""is_response_key"": true, ""lsl_timestamp"": 505009.3969274, ""marker_push_latency_ms"": 0.0, ""rt_from_flip_seconds"": 0.35968080000020564, ""rt_seconds"": 0.35968080000020564}"
121,go_nogo_stimulus_offset_121_go_hexagon_blue,EVENT,505009.828,,"{""color"": ""blue"", ""expected_frame_interval_ms"": 16.60961000015959, ""expected_refresh_rate_hz"": 60.0, ""expected_visual_onset_lsl_timestamp"": 505009.8542031, ""expected_visual_onset_monotonic"": 505009.828, ""expected_visual_onset_uncertainty_ms"": 8.304805000079796, ""fixed_display_latency_ms"": 0.0, ""flip_lsl_timestamp"": 505009.8542031, ""flip_monotonic"": 505009.828, ""is_no_go"": false, ""lsl_timestamp"": 505009.8542031, ""marker_push_latency_ms"": 0.0, ""measured_refresh_rate_hz"": 60.20610959501106, ""photodiode_verification_enabled"": false, ""scheduled_on_flip"": true, ""shape"": ""hexagon"", ""timing_model"": ""psychopy_callOnFlip_plus_fixed_display_latency""}"
121,go_nogo_trial_complete,EVENT,505009.828,,"{""attention_challenge"": {""enabled"": false, ""expected_state"": ""normal"", ""is_cue_trial"": false}, ""button_press_count"": 1, ""commission_error"": 0, ""condition"": ""go"", ""correct"": true, ""correct_press"": 1, ""event_type_name"": ""go_nogo_trial_complete"", ""is_no_go"": false, ""omission_error"": 0, ""practice"": false, ""reaction_time_seconds"": 0.35968080000020564, ""schema_version"": 1, ""session_dir"": ""C:\\Users\\Surettej\\Documents\\Codespace\\eegle\\data\\participants\\sub-001-online\\sessions\\2026-07-14\\attention_lapse_go_nogo8_observe_only\\go_nogo\\run-20260714T131407"", ""source"": ""task.go_nogo"", ""stimulus_offset_lsl_timestamp"": 505009.8542031, ""stimulus_offset_monotonic"": 505009.828, ""stimulus_onset_lsl_timestamp"": 505009.0372466, ""stimulus_onset_monotonic"": 505009.015, ""task"": ""go_nogo""}"
122,go_nogo_stimulus_onset_122_nogo_x_white,EVENT,505010.562,,"{""color"": ""white"", ""expected_frame_interval_ms"": 16.60961000015959, ""expected_refresh_rate_hz"": 60.0, ""expected_visual_onset_lsl_timestamp"": 505010.5976324, ""expected_visual_onset_monotonic"": 505010.562, ""expected_visual_onset_uncertainty_ms"": 8.304805000079796, ""fixed_display_latency_ms"": 0.0, ""flip_lsl_timestamp"": 505010.5976324, ""flip_monotonic"": 505010.562, ""is_no_go"": true, ""lsl_timestamp"": 505010.5976324, ""marker_push_latency_ms"": 0.0, ""measured_refresh_rate_hz"": 60.20610959501106, ""photodiode_verification_enabled"": false, ""scheduled_on_flip"": true, ""shape"": ""x"", ""timing_model"": ""psychopy_callOnFlip_plus_fixed_display_latency""}"
122,go_nogo_stimulus_offset_122_nogo_x_white,EVENT,505011.39,,"{""color"": ""white"", ""expected_frame_interval_ms"": 16.60961000015959, ""expected_refresh_rate_hz"": 60.0, ""expected_visual_onset_lsl_timestamp"": 505011.4113447, ""expected_visual_onset_monotonic"": 505011.39, ""expected_visual_onset_uncertainty_ms"": 8.304805000079796, ""fixed_display_latency_ms"": 0.0, ""flip_lsl_timestamp"": 505011.4113447, ""flip_monotonic"": 505011.39, ""is_no_go"": true, ""lsl_timestamp"": 505011.4113447, ""marker_push_latency_ms"": 0.0, ""measured_refresh_rate_hz"": 60.20610959501106, ""photodiode_verification_enabled"": false, ""scheduled_on_flip"": true, ""shape"": ""x"", ""timing_model"": ""psychopy_callOnFlip_plus_fixed_display_latency""}"
122,go_nogo_trial_complete,EVENT,505011.39,,"{""attention_challenge"": {""enabled"": false, ""expected_state"": ""normal"", ""is_cue_trial"": false}, ""button_press_count"": 0, ""commission_error"": 0, ""condition"": ""no_go"", ""correct"": true, ""correct_press"": 1, ""event_type_name"": ""go_nogo_trial_complete"", ""is_no_go"": true, ""omission_error"": 0, ""practice"": false, ""reaction_time_seconds"": null, ""schema_version"": 1, ""session_dir"": ""C:\\Users\\Surettej\\Documents\\Codespace\\eegle\\data\\participants\\sub-001-online\\sessions\\2026-07-14\\attention_lapse_go_nogo8_observe_only\\go_nogo\\run-20260714T131407"", ""source"": ""task.go_nogo"", ""stimulus_offset_lsl_timestamp"": 505011.4113447, ""stimulus_offset_monotonic"": 505011.39, ""stimulus_onset_lsl_timestamp"": 505010.5976324, ""stimulus_onset_monotonic"": 505010.562, ""task"": ""go_nogo""}"
123,go_nogo_stimulus_onset_123_go_hexagon_blue,EVENT,505012.125,,"{""color"": ""blue"", ""expected_frame_interval_ms"": 16.60961000015959, ""expected_refresh_rate_hz"": 60.0, ""expected_visual_onset_lsl_timestamp"": 505012.1492819, ""expected_visual_onset_monotonic"": 505012.125, ""expected_visual_onset_uncertainty_ms"": 8.304805000079796, ""fixed_display_latency_ms"": 0.0, ""flip_lsl_timestamp"": 505012.1492819, ""flip_monotonic"": 505012.125, ""is_no_go"": false, ""lsl_timestamp"": 505012.1492819, ""marker_push_latency_ms"": 0.0, ""measured_refresh_rate_hz"": 60.20610959501106, ""photodiode_verification_enabled"": false, ""scheduled_on_flip"": true, ""shape"": ""hexagon"", ""timing_model"": ""psychopy_callOnFlip_plus_fixed_display_latency""}"
123,button_press,EVENT,505012.46086510003,space,"{""is_response_key"": true, ""lsl_timestamp"": 505012.48514700006, ""marker_push_latency_ms"": 0.0, ""rt_from_flip_seconds"": 0.3358651000307873, ""rt_seconds"": 0.3358651000307873}"
123,go_nogo_stimulus_offset_123_go_hexagon_blue,EVENT,505012.953,,"{""color"": ""blue"", ""expected_frame_interval_ms"": 16.60961000015959, ""expected_refresh_rate_hz"": 60.0, ""expected_visual_onset_lsl_timestamp"": 505012.9739694, ""expected_visual_onset_monotonic"": 505012.953, ""expected_visual_onset_uncertainty_ms"": 8.304805000079796, ""fixed_display_latency_ms"": 0.0, ""flip_lsl_timestamp"": 505012.9739694, ""flip_monotonic"": 505012.953, ""is_no_go"": false, ""lsl_timestamp"": 505012.9739694, ""marker_push_latency_ms"": 0.0, ""measured_refresh_rate_hz"": 60.20610959501106, ""photodiode_verification_enabled"": false, ""scheduled_on_flip"": true, ""shape"": ""hexagon"", ""timing_model"": ""psychopy_callOnFlip_plus_fixed_display_latency""}"
123,go_nogo_trial_complete,EVENT,505012.953,,"{""attention_challenge"": {""enabled"": false, ""expected_state"": ""normal"", ""is_cue_trial"": false}, ""button_press_count"": 1, ""commission_error"": 0, ""condition"": ""go"", ""correct"": true, ""correct_press"": 1, ""event_type_name"": ""go_nogo_trial_complete"", ""is_no_go"": false, ""omission_error"": 0, ""practice"": false, ""reaction_time_seconds"": 0.3358651000307873, ""schema_version"": 1, ""session_dir"": ""C:\\Users\\Surettej\\Documents\\Codespace\\eegle\\data\\participants\\sub-001-online\\sessions\\2026-07-14\\attention_lapse_go_nogo8_observe_only\\go_nogo\\run-20260714T131407"", ""source"": ""task.go_nogo"", ""stimulus_offset_lsl_timestamp"": 505012.9739694, ""stimulus_offset_monotonic"": 505012.953, ""stimulus_onset_lsl_timestamp"": 505012.1492819, ""stimulus_onset_monotonic"": 505012.125, ""task"": ""go_nogo""}"
124,go_nogo_stimulus_onset_124_nogo_x_white,EVENT,505013.687,,"{""color"": ""white"", ""expected_frame_interval_ms"": 16.60961000015959, ""expected_refresh_rate_hz"": 60.0, ""expected_visual_onset_lsl_timestamp"": 505013.7156521, ""expected_visual_onset_monotonic"": 505013.687, ""expected_visual_onset_uncertainty_ms"": 8.304805000079796, ""fixed_display_latency_ms"": 0.0, ""flip_lsl_timestamp"": 505013.7156521, ""flip_monotonic"": 505013.687, ""is_no_go"": true, ""lsl_timestamp"": 505013.7156521, ""marker_push_latency_ms"": 0.0, ""measured_refresh_rate_hz"": 60.20610959501106, ""photodiode_verification_enabled"": false, ""scheduled_on_flip"": true, ""shape"": ""x"", ""timing_model"": ""psychopy_callOnFlip_plus_fixed_display_latency""}"
124,go_nogo_stimulus_offset_124_nogo_x_white,EVENT,505014.5,,"{""color"": ""white"", ""expected_frame_interval_ms"": 16.60961000015959, ""expected_refresh_rate_hz"": 60.0, ""expected_visual_onset_lsl_timestamp"": 505014.5247762, ""expected_visual_onset_monotonic"": 505014.5, ""expected_visual_onset_uncertainty_ms"": 8.304805000079796, ""fixed_display_latency_ms"": 0.0, ""flip_lsl_timestamp"": 505014.5247762, ""flip_monotonic"": 505014.5, ""is_no_go"": true, ""lsl_timestamp"": 505014.5247762, ""marker_push_latency_ms"": 0.0, ""measured_refresh_rate_hz"": 60.20610959501106, ""photodiode_verification_enabled"": false, ""scheduled_on_flip"": true, ""shape"": ""x"", ""timing_model"": ""psychopy_callOnFlip_plus_fixed_display_latency""}"
124,go_nogo_trial_complete,EVENT,505014.5,,"{""attention_challenge"": {""enabled"": false, ""expected_state"": ""normal"", ""is_cue_trial"": false}, ""button_press_count"": 0, ""commission_error"": 0, ""condition"": ""no_go"", ""correct"": true, ""correct_press"": 1, ""event_type_name"": ""go_nogo_trial_complete"", ""is_no_go"": true, ""omission_error"": 0, ""practice"": false, ""reaction_time_seconds"": null, ""schema_version"": 1, ""session_dir"": ""C:\\Users\\Surettej\\Documents\\Codespace\\eegle\\data\\participants\\sub-001-online\\sessions\\2026-07-14\\attention_lapse_go_nogo8_observe_only\\go_nogo\\run-20260714T131407"", ""source"": ""task.go_nogo"", ""stimulus_offset_lsl_timestamp"": 505014.5247762, ""stimulus_offset_monotonic"": 505014.5, ""stimulus_onset_lsl_timestamp"": 505013.7156521, ""stimulus_onset_monotonic"": 505013.687, ""task"": ""go_nogo""}"
125,go_nogo_stimulus_onset_125_nogo_x_white,EVENT,505015.234,,"{""color"": ""white"", ""expected_frame_interval_ms"": 16.60961000015959, ""expected_refresh_rate_hz"": 60.0, ""expected_visual_onset_lsl_timestamp"": 505015.2700269, ""expected_visual_onset_monotonic"": 505015.234, ""expected_visual_onset_uncertainty_ms"": 8.304805000079796, ""fixed_display_latency_ms"": 0.0, ""flip_lsl_timestamp"": 505015.2700269, ""flip_monotonic"": 505015.234, ""is_no_go"": true, ""lsl_timestamp"": 505015.2700269, ""marker_push_latency_ms"": 0.0, ""measured_refresh_rate_hz"": 60.20610959501106, ""photodiode_verification_enabled"": false, ""scheduled_on_flip"": true, ""shape"": ""x"", ""timing_model"": ""psychopy_callOnFlip_plus_fixed_display_latency""}"
125,go_nogo_stimulus_offset_125_nogo_x_white,EVENT,505016.046,,"{""color"": ""white"", ""expected_frame_interval_ms"": 16.60961000015959, ""expected_refresh_rate_hz"": 60.0, ""expected_visual_onset_lsl_timestamp"": 505016.0798652, ""expected_visual_onset_monotonic"": 505016.046, ""expected_visual_onset_uncertainty_ms"": 8.304805000079796, ""fixed_display_latency_ms"": 0.0, ""flip_lsl_timestamp"": 505016.0798652, ""flip_monotonic"": 505016.046, ""is_no_go"": true, ""lsl_timestamp"": 505016.0798652, ""marker_push_latency_ms"": 0.0, ""measured_refresh_rate_hz"": 60.20610959501106, ""photodiode_verification_enabled"": false, ""scheduled_on_flip"": true, ""shape"": ""x"", ""timing_model"": ""psychopy_callOnFlip_plus_fixed_display_latency""}"
125,go_nogo_trial_complete,EVENT,505016.062,,"{""attention_challenge"": {""enabled"": false, ""expected_state"": ""normal"", ""is_cue_trial"": false}, ""button_press_count"": 0, ""commission_error"": 0, ""condition"": ""no_go"", ""correct"": true, ""correct_press"": 1, ""event_type_name"": ""go_nogo_trial_complete"", ""is_no_go"": true, ""omission_error"": 0, ""practice"": false, ""reaction_time_seconds"": null, ""schema_version"": 1, ""session_dir"": ""C:\\Users\\Surettej\\Documents\\Codespace\\eegle\\data\\participants\\sub-001-online\\sessions\\2026-07-14\\attention_lapse_go_nogo8_observe_only\\go_nogo\\run-20260714T131407"", ""source"": ""task.go_nogo"", ""stimulus_offset_lsl_timestamp"": 505016.0798652, ""stimulus_offset_monotonic"": 505016.046, ""stimulus_onset_lsl_timestamp"": 505015.2700269, ""stimulus_onset_monotonic"": 505015.234, ""task"": ""go_nogo""}"
126,go_nogo_stimulus_onset_126_go_hexagon_green,EVENT,505016.796,,"{""color"": ""green"", ""expected_frame_interval_ms"": 16.60961000015959, ""expected_refresh_rate_hz"": 60.0, ""expected_visual_onset_lsl_timestamp"": 505016.818154, ""expected_visual_onset_monotonic"": 505016.796, ""expected_visual_onset_uncertainty_ms"": 8.304805000079796, ""fixed_display_latency_ms"": 0.0, ""flip_lsl_timestamp"": 505016.818154, ""flip_monotonic"": 505016.796, ""is_no_go"": false, ""lsl_timestamp"": 505016.818154, ""marker_push_latency_ms"": 0.0, ""measured_refresh_rate_hz"": 60.20610959501106, ""photodiode_verification_enabled"": false, ""scheduled_on_flip"": true, ""shape"": ""hexagon"", ""timing_model"": ""psychopy_callOnFlip_plus_fixed_display_latency""}"
126,button_press,EVENT,505017.30337359995,space,"{""is_response_key"": true, ""lsl_timestamp"": 505017.32552759995, ""marker_push_latency_ms"": 0.0, ""rt_from_flip_seconds"": 0.5073735999758355, ""rt_seconds"": 0.5073735999758355}"
126,go_nogo_stimulus_offset_126_go_hexagon_green,EVENT,505017.609,,"{""color"": ""green"", ""expected_frame_interval_ms"": 16.60961000015959, ""expected_refresh_rate_hz"": 60.0, ""expected_visual_onset_lsl_timestamp"": 505017.6410394, ""expected_visual_onset_monotonic"": 505017.609, ""expected_visual_onset_uncertainty_ms"": 8.304805000079796, ""fixed_display_latency_ms"": 0.0, ""flip_lsl_timestamp"": 505017.6410394, ""flip_monotonic"": 505017.609, ""is_no_go"": false, ""lsl_timestamp"": 505017.6410394, ""marker_push_latency_ms"": 0.0, ""measured_refresh_rate_hz"": 60.20610959501106, ""photodiode_verification_enabled"": false, ""scheduled_on_flip"": true, ""shape"": ""hexagon"", ""timing_model"": ""psychopy_callOnFlip_plus_fixed_display_latency""}"
126,go_nogo_trial_complete,EVENT,505017.625,,"{""attention_challenge"": {""enabled"": false, ""expected_state"": ""normal"", ""is_cue_trial"": false}, ""button_press_count"": 1, ""commission_error"": 0, ""condition"": ""go"", ""correct"": true, ""correct_press"": 1, ""event_type_name"": ""go_nogo_trial_complete"", ""is_no_go"": false, ""omission_error"": 0, ""practice"": false, ""reaction_time_seconds"": 0.5073735999758355, ""schema_version"": 1, ""session_dir"": ""C:\\Users\\Surettej\\Documents\\Codespace\\eegle\\data\\participants\\sub-001-online\\sessions\\2026-07-14\\attention_lapse_go_nogo8_observe_only\\go_nogo\\run-20260714T131407"", ""source"": ""task.go_nogo"", ""stimulus_offset_lsl_timestamp"": 505017.6410394, ""stimulus_offset_monotonic"": 505017.609, ""stimulus_onset_lsl_timestamp"": 505016.818154, ""stimulus_onset_monotonic"": 505016.796, ""task"": ""go_nogo""}"
127,go_nogo_stimulus_onset_127_nogo_x_white,EVENT,505018.359,,"{""color"": ""white"", ""expected_frame_interval_ms"": 16.60961000015959, ""expected_refresh_rate_hz"": 60.0, ""expected_visual_onset_lsl_timestamp"": 505018.3914071, ""expected_visual_onset_monotonic"": 505018.359, ""expected_visual_onset_uncertainty_ms"": 8.304805000079796, ""fixed_display_latency_ms"": 0.0, ""flip_lsl_timestamp"": 505018.3914071, ""flip_monotonic"": 505018.359, ""is_no_go"": true, ""lsl_timestamp"": 505018.3914071, ""marker_push_latency_ms"": 0.0, ""measured_refresh_rate_hz"": 60.20610959501106, ""photodiode_verification_enabled"": false, ""scheduled_on_flip"": true, ""shape"": ""x"", ""timing_model"": ""psychopy_callOnFlip_plus_fixed_display_latency""}"
127,go_nogo_stimulus_offset_127_nogo_x_white,EVENT,505019.187,,"{""color"": ""white"", ""expected_frame_interval_ms"": 16.60961000015959, ""expected_refresh_rate_hz"": 60.0, ""expected_visual_onset_lsl_timestamp"": 505019.2100384, ""expected_visual_onset_monotonic"": 505019.187, ""expected_visual_onset_uncertainty_ms"": 8.304805000079796, ""fixed_display_latency_ms"": 0.0, ""flip_lsl_timestamp"": 505019.2100384, ""flip_monotonic"": 505019.187, ""is_no_go"": true, ""lsl_timestamp"": 505019.2100384, ""marker_push_latency_ms"": 0.0, ""measured_refresh_rate_hz"": 60.20610959501106, ""photodiode_verification_enabled"": false, ""scheduled_on_flip"": true, ""shape"": ""x"", ""timing_model"": ""psychopy_callOnFlip_plus_fixed_display_latency""}"
127,go_nogo_trial_complete,EVENT,505019.187,,"{""attention_challenge"": {""enabled"": false, ""expected_state"": ""normal"", ""is_cue_trial"": false}, ""button_press_count"": 0, ""commission_error"": 0, ""condition"": ""no_go"", ""correct"": true, ""correct_press"": 1, ""event_type_name"": ""go_nogo_trial_complete"", ""is_no_go"": true, ""omission_error"": 0, ""practice"": false, ""reaction_time_seconds"": null, ""schema_version"": 1, ""session_dir"": ""C:\\Users\\Surettej\\Documents\\Codespace\\eegle\\data\\participants\\sub-001-online\\sessions\\2026-07-14\\attention_lapse_go_nogo8_observe_only\\go_nogo\\run-20260714T131407"", ""source"": ""task.go_nogo"", ""stimulus_offset_lsl_timestamp"": 505019.2100384, ""stimulus_offset_monotonic"": 505019.187, ""stimulus_onset_lsl_timestamp"": 505018.3914071, ""stimulus_onset_monotonic"": 505018.359, ""task"": ""go_nogo""}"
128,go_nogo_stimulus_onset_128_go_square_magenta,EVENT,505019.937,,"{""color"": ""magenta"", ""expected_frame_interval_ms"": 16.60961000015959, ""expected_refresh_rate_hz"": 60.0, ""expected_visual_onset_lsl_timestamp"": 505019.9604358, ""expected_visual_onset_monotonic"": 505019.937, ""expected_visual_onset_uncertainty_ms"": 8.304805000079796, ""fixed_display_latency_ms"": 0.0, ""flip_lsl_timestamp"": 505019.9604358, ""flip_monotonic"": 505019.937, ""is_no_go"": false, ""lsl_timestamp"": 505019.9604358, ""marker_push_latency_ms"": 0.0, ""measured_refresh_rate_hz"": 60.20610959501106, ""photodiode_verification_enabled"": false, ""scheduled_on_flip"": true, ""shape"": ""square"", ""timing_model"": ""psychopy_callOnFlip_plus_fixed_display_latency""}"
128,button_press,EVENT,505020.2941977999,space,"{""is_response_key"": true, ""lsl_timestamp"": 505020.3176336, ""marker_push_latency_ms"": 0.0, ""rt_from_flip_seconds"": 0.35719779995270073, ""rt_seconds"": 0.35719779995270073}"
128,go_nogo_stimulus_offset_128_go_square_magenta,EVENT,505020.75,,"{""color"": ""magenta"", ""expected_frame_interval_ms"": 16.60961000015959, ""expected_refresh_rate_hz"": 60.0, ""expected_visual_onset_lsl_timestamp"": 505020.7758372, ""expected_visual_onset_monotonic"": 505020.75, ""expected_visual_onset_uncertainty_ms"": 8.304805000079796, ""fixed_display_latency_ms"": 0.0, ""flip_lsl_timestamp"": 505020.7758372, ""flip_monotonic"": 505020.75, ""is_no_go"": false, ""lsl_timestamp"": 505020.7758372, ""marker_push_latency_ms"": 0.0, ""measured_refresh_rate_hz"": 60.20610959501106, ""photodiode_verification_enabled"": false, ""scheduled_on_flip"": true, ""shape"": ""square"", ""timing_model"": ""psychopy_callOnFlip_plus_fixed_display_latency""}"
128,go_nogo_trial_complete,EVENT,505020.75,,"{""attention_challenge"": {""enabled"": false, ""expected_state"": ""normal"", ""is_cue_trial"": false}, ""button_press_count"": 1, ""commission_error"": 0, ""condition"": ""go"", ""correct"": true, ""correct_press"": 1, ""event_type_name"": ""go_nogo_trial_complete"", ""is_no_go"": false, ""omission_error"": 0, ""practice"": false, ""reaction_time_seconds"": 0.35719779995270073, ""schema_version"": 1, ""session_dir"": ""C:\\Users\\Surettej\\Documents\\Codespace\\eegle\\data\\participants\\sub-001-online\\sessions\\2026-07-14\\attention_lapse_go_nogo8_observe_only\\go_nogo\\run-20260714T131407"", ""source"": ""task.go_nogo"", ""stimulus_offset_lsl_timestamp"": 505020.7758372, ""stimulus_offset_monotonic"": 505020.75, ""stimulus_onset_lsl_timestamp"": 505019.9604358, ""stimulus_onset_monotonic"": 505019.937, ""task"": ""go_nogo""}"
129,go_nogo_stimulus_onset_129_go_star_green,EVENT,505021.5,,"{""color"": ""green"", ""expected_frame_interval_ms"": 16.60961000015959, ""expected_refresh_rate_hz"": 60.0, ""expected_visual_onset_lsl_timestamp"": 505021.5262554, ""expected_visual_onset_monotonic"": 505021.5, ""expected_visual_onset_uncertainty_ms"": 8.304805000079796, ""fixed_display_latency_ms"": 0.0, ""flip_lsl_timestamp"": 505021.5262554, ""flip_monotonic"": 505021.5, ""is_no_go"": false, ""lsl_timestamp"": 505021.5262554, ""marker_push_latency_ms"": 0.0, ""measured_refresh_rate_hz"": 60.20610959501106, ""photodiode_verification_enabled"": false, ""scheduled_on_flip"": true, ""shape"": ""star"", ""timing_model"": ""psychopy_callOnFlip_plus_fixed_display_latency""}"
129,button_press,EVENT,505022.0018724,space,"{""is_response_key"": true, ""lsl_timestamp"": 505022.0281278, ""marker_push_latency_ms"": 0.0, ""rt_from_flip_seconds"": 0.5018723999965005, ""rt_seconds"": 0.5018723999965005}"
129,go_nogo_stimulus_offset_129_go_star_green,EVENT,505022.312,,"{""color"": ""green"", ""expected_frame_interval_ms"": 16.60961000015959, ""expected_refresh_rate_hz"": 60.0, ""expected_visual_onset_lsl_timestamp"": 505022.3434961, ""expected_visual_onset_monotonic"": 505022.312, ""expected_visual_onset_uncertainty_ms"": 8.304805000079796, ""fixed_display_latency_ms"": 0.0, ""flip_lsl_timestamp"": 505022.3434961, ""flip_monotonic"": 505022.312, ""is_no_go"": false, ""lsl_timestamp"": 505022.3434961, ""marker_push_latency_ms"": 0.0, ""measured_refresh_rate_hz"": 60.20610959501106, ""photodiode_verification_enabled"": false, ""scheduled_on_flip"": true, ""shape"": ""star"", ""timing_model"": ""psychopy_callOnFlip_plus_fixed_display_latency""}"
129,go_nogo_trial_complete,EVENT,505022.328,,"{""attention_challenge"": {""enabled"": false, ""expected_state"": ""normal"", ""is_cue_trial"": false}, ""button_press_count"": 1, ""commission_error"": 0, ""condition"": ""go"", ""correct"": true, ""correct_press"": 1, ""event_type_name"": ""go_nogo_trial_complete"", ""is_no_go"": false, ""omission_error"": 0, ""practice"": false, ""reaction_time_seconds"": 0.5018723999965005, ""schema_version"": 1, ""session_dir"": ""C:\\Users\\Surettej\\Documents\\Codespace\\eegle\\data\\participants\\sub-001-online\\sessions\\2026-07-14\\attention_lapse_go_nogo8_observe_only\\go_nogo\\run-20260714T131407"", ""source"": ""task.go_nogo"", ""stimulus_offset_lsl_timestamp"": 505022.3434961, ""stimulus_offset_monotonic"": 505022.312, ""stimulus_onset_lsl_timestamp"": 505021.5262554, ""stimulus_onset_monotonic"": 505021.5, ""task"": ""go_nogo""}"
130,go_nogo_stimulus_onset_130_nogo_x_white,EVENT,505023.062,,"{""color"": ""white"", ""expected_frame_interval_ms"": 16.60961000015959, ""expected_refresh_rate_hz"": 60.0, ""expected_visual_onset_lsl_timestamp"": 505023.0937463, ""expected_visual_onset_monotonic"": 505023.062, ""expected_visual_onset_uncertainty_ms"": 8.304805000079796, ""fixed_display_latency_ms"": 0.0, ""flip_lsl_timestamp"": 505023.0937463, ""flip_monotonic"": 505023.062, ""is_no_go"": true, ""lsl_timestamp"": 505023.0937463, ""marker_push_latency_ms"": 0.0, ""measured_refresh_rate_hz"": 60.20610959501106, ""photodiode_verification_enabled"": false, ""scheduled_on_flip"": true, ""shape"": ""x"", ""timing_model"": ""psychopy_callOnFlip_plus_fixed_display_latency""}"
130,go_nogo_stimulus_offset_130_nogo_x_white,EVENT,505023.875,,"{""color"": ""white"", ""expected_frame_interval_ms"": 16.60961000015959, ""expected_refresh_rate_hz"": 60.0, ""expected_visual_onset_lsl_timestamp"": 505023.9105583, ""expected_visual_onset_monotonic"": 505023.875, ""expected_visual_onset_uncertainty_ms"": 8.304805000079796, ""fixed_display_latency_ms"": 0.0, ""flip_lsl_timestamp"": 505023.9105583, ""flip_monotonic"": 505023.875, ""is_no_go"": true, ""lsl_timestamp"": 505023.9105583, ""marker_push_latency_ms"": 0.0, ""measured_refresh_rate_hz"": 60.20610959501106, ""photodiode_verification_enabled"": false, ""scheduled_on_flip"": true, ""shape"": ""x"", ""timing_model"": ""psychopy_callOnFlip_plus_fixed_display_latency""}"
130,go_nogo_trial_complete,EVENT,505023.89,,"{""attention_challenge"": {""enabled"": false, ""expected_state"": ""normal"", ""is_cue_trial"": false}, ""button_press_count"": 0, ""commission_error"": 0, ""condition"": ""no_go"", ""correct"": true, ""correct_press"": 1, ""event_type_name"": ""go_nogo_trial_complete"", ""is_no_go"": true, ""omission_error"": 0, ""practice"": false, ""reaction_time_seconds"": null, ""schema_version"": 1, ""session_dir"": ""C:\\Users\\Surettej\\Documents\\Codespace\\eegle\\data\\participants\\sub-001-online\\sessions\\2026-07-14\\attention_lapse_go_nogo8_observe_only\\go_nogo\\run-20260714T131407"", ""source"": ""task.go_nogo"", ""stimulus_offset_lsl_timestamp"": 505023.9105583, ""stimulus_offset_monotonic"": 505023.875, ""stimulus_onset_lsl_timestamp"": 505023.0937463, ""stimulus_onset_monotonic"": 505023.062, ""task"": ""go_nogo""}"
131,go_nogo_stimulus_onset_131_go_circle_magenta,EVENT,505024.656,,"{""color"": ""magenta"", ""expected_frame_interval_ms"": 16.60961000015959, ""expected_refresh_rate_hz"": 60.0, ""expected_visual_onset_lsl_timestamp"": 505024.6789942, ""expected_visual_onset_monotonic"": 505024.656, ""expected_visual_onset_uncertainty_ms"": 8.304805000079796, ""fixed_display_latency_ms"": 0.0, ""flip_lsl_timestamp"": 505024.6789942, ""flip_monotonic"": 505024.656, ""is_no_go"": false, ""lsl_timestamp"": 505024.6789942, ""marker_push_latency_ms"": 0.0, ""measured_refresh_rate_hz"": 60.20610959501106, ""photodiode_verification_enabled"": false, ""scheduled_on_flip"": true, ""shape"": ""circle"", ""timing_model"": ""psychopy_callOnFlip_plus_fixed_display_latency""}"
131,button_press,EVENT,505024.92005330004,space,"{""is_response_key"": true, ""lsl_timestamp"": 505024.94304750004, ""marker_push_latency_ms"": 0.0, ""rt_from_flip_seconds"": 0.2640533000230789, ""rt_seconds"": 0.2640533000230789}"
131,go_nogo_stimulus_offset_131_go_circle_magenta,EVENT,505025.453,,"{""color"": ""magenta"", ""expected_frame_interval_ms"": 16.60961000015959, ""expected_refresh_rate_hz"": 60.0, ""expected_visual_onset_lsl_timestamp"": 505025.4880348, ""expected_visual_onset_monotonic"": 505025.453, ""expected_visual_onset_uncertainty_ms"": 8.304805000079796, ""fixed_display_latency_ms"": 0.0, ""flip_lsl_timestamp"": 505025.4880348, ""flip_monotonic"": 505025.453, ""is_no_go"": false, ""lsl_timestamp"": 505025.4880348, ""marker_push_latency_ms"": 0.0, ""measured_refresh_rate_hz"": 60.20610959501106, ""photodiode_verification_enabled"": false, ""scheduled_on_flip"": true, ""shape"": ""circle"", ""timing_model"": ""psychopy_callOnFlip_plus_fixed_display_latency""}"
131,go_nogo_trial_complete,EVENT,505025.468,,"{""attention_challenge"": {""enabled"": false, ""expected_state"": ""normal"", ""is_cue_trial"": false}, ""button_press_count"": 1, ""commission_error"": 0, ""condition"": ""go"", ""correct"": true, ""correct_press"": 1, ""event_type_name"": ""go_nogo_trial_complete"", ""is_no_go"": false, ""omission_error"": 0, ""practice"": false, ""reaction_time_seconds"": 0.2640533000230789, ""schema_version"": 1, ""session_dir"": ""C:\\Users\\Surettej\\Documents\\Codespace\\eegle\\data\\participants\\sub-001-online\\sessions\\2026-07-14\\attention_lapse_go_nogo8_observe_only\\go_nogo\\run-20260714T131407"", ""source"": ""task.go_nogo"", ""stimulus_offset_lsl_timestamp"": 505025.4880348, ""stimulus_offset_monotonic"": 505025.453, ""stimulus_onset_lsl_timestamp"": 505024.6789942, ""stimulus_onset_monotonic"": 505024.656, ""task"": ""go_nogo""}"
132,go_nogo_stimulus_onset_132_nogo_x_white,EVENT,505026.218,,"{""color"": ""white"", ""expected_frame_interval_ms"": 16.60961000015959, ""expected_refresh_rate_hz"": 60.0, ""expected_visual_onset_lsl_timestamp"": 505026.2450262, ""expected_visual_onset_monotonic"": 505026.218, ""expected_visual_onset_uncertainty_ms"": 8.304805000079796, ""fixed_display_latency_ms"": 0.0, ""flip_lsl_timestamp"": 505026.2450262, ""flip_monotonic"": 505026.218, ""is_no_go"": true, ""lsl_timestamp"": 505026.2450262, ""marker_push_latency_ms"": 0.0, ""measured_refresh_rate_hz"": 60.20610959501106, ""photodiode_verification_enabled"": false, ""scheduled_on_flip"": true, ""shape"": ""x"", ""timing_model"": ""psychopy_callOnFlip_plus_fixed_display_latency""}"
132,button_press,EVENT,505026.6836625,space,"{""is_response_key"": true, ""lsl_timestamp"": 505026.7106887, ""marker_push_latency_ms"": 0.0, ""rt_from_flip_seconds"": 0.46566250000614673, ""rt_seconds"": 0.46566250000614673}"
132,go_nogo_stimulus_offset_132_nogo_x_white,EVENT,505027.031,,"{""color"": ""white"", ""expected_frame_interval_ms"": 16.60961000015959, ""expected_refresh_rate_hz"": 60.0, ""expected_visual_onset_lsl_timestamp"": 505027.052804, ""expected_visual_onset_monotonic"": 505027.031, ""expected_visual_onset_uncertainty_ms"": 8.304805000079796, ""fixed_display_latency_ms"": 0.0, ""flip_lsl_timestamp"": 505027.052804, ""flip_monotonic"": 505027.031, ""is_no_go"": true, ""lsl_timestamp"": 505027.052804, ""marker_push_latency_ms"": 0.0, ""measured_refresh_rate_hz"": 60.20610959501106, ""photodiode_verification_enabled"": false, ""scheduled_on_flip"": true, ""shape"": ""x"", ""timing_model"": ""psychopy_callOnFlip_plus_fixed_display_latency""}"
132,go_nogo_trial_complete,EVENT,505027.031,,"{""attention_challenge"": {""enabled"": false, ""expected_state"": ""normal"", ""is_cue_trial"": false}, ""button_press_count"": 1, ""commission_error"": 1, ""condition"": ""no_go"", ""correct"": false, ""correct_press"": 0, ""event_type_name"": ""go_nogo_trial_complete"", ""is_no_go"": true, ""omission_error"": 0, ""practice"": false, ""reaction_time_seconds"": 0.46566250000614673, ""schema_version"": 1, ""session_dir"": ""C:\\Users\\Surettej\\Documents\\Codespace\\eegle\\data\\participants\\sub-001-online\\sessions\\2026-07-14\\attention_lapse_go_nogo8_observe_only\\go_nogo\\run-20260714T131407"", ""source"": ""task.go_nogo"", ""stimulus_offset_lsl_timestamp"": 505027.052804, ""stimulus_offset_monotonic"": 505027.031, ""stimulus_onset_lsl_timestamp"": 505026.2450262, ""stimulus_onset_monotonic"": 505026.218, ""task"": ""go_nogo""}"
133,go_nogo_stimulus_onset_133_go_hexagon_green,EVENT,505027.765,,"{""color"": ""green"", ""expected_frame_interval_ms"": 16.60961000015959, ""expected_refresh_rate_hz"": 60.0, ""expected_visual_onset_lsl_timestamp"": 505027.7957423, ""expected_visual_onset_monotonic"": 505027.765, ""expected_visual_onset_uncertainty_ms"": 8.304805000079796, ""fixed_display_latency_ms"": 0.0, ""flip_lsl_timestamp"": 505027.7957423, ""flip_monotonic"": 505027.765, ""is_no_go"": false, ""lsl_timestamp"": 505027.7957423, ""marker_push_latency_ms"": 0.0, ""measured_refresh_rate_hz"": 60.20610959501106, ""photodiode_verification_enabled"": false, ""scheduled_on_flip"": true, ""shape"": ""hexagon"", ""timing_model"": ""psychopy_callOnFlip_plus_fixed_display_latency""}"
133,button_press,EVENT,505028.0780093,space,"{""is_response_key"": true, ""lsl_timestamp"": 505028.10875159997, ""marker_push_latency_ms"": 0.0, ""rt_from_flip_seconds"": 0.3130092999781482, ""rt_seconds"": 0.3130092999781482}"
133,go_nogo_stimulus_offset_133_go_hexagon_green,EVENT,505028.578,,"{""color"": ""green"", ""expected_frame_interval_ms"": 16.60961000015959, ""expected_refresh_rate_hz"": 60.0, ""expected_visual_onset_lsl_timestamp"": 505028.6040927, ""expected_visual_onset_monotonic"": 505028.578, ""expected_visual_onset_uncertainty_ms"": 8.304805000079796, ""fixed_display_latency_ms"": 0.0, ""flip_lsl_timestamp"": 505028.6040927, ""flip_monotonic"": 505028.578, ""is_no_go"": false, ""lsl_timestamp"": 505028.6040927, ""marker_push_latency_ms"": 0.0, ""measured_refresh_rate_hz"": 60.20610959501106, ""photodiode_verification_enabled"": false, ""scheduled_on_flip"": true, ""shape"": ""hexagon"", ""timing_model"": ""psychopy_callOnFlip_plus_fixed_display_latency""}"
133,go_nogo_trial_complete,EVENT,505028.578,,"{""attention_challenge"": {""enabled"": false, ""expected_state"": ""normal"", ""is_cue_trial"": false}, ""button_press_count"": 1, ""commission_error"": 0, ""condition"": ""go"", ""correct"": true, ""correct_press"": 1, ""event_type_name"": ""go_nogo_trial_complete"", ""is_no_go"": false, ""omission_error"": 0, ""practice"": false, ""reaction_time_seconds"": 0.3130092999781482, ""schema_version"": 1, ""session_dir"": ""C:\\Users\\Surettej\\Documents\\Codespace\\eegle\\data\\participants\\sub-001-online\\sessions\\2026-07-14\\attention_lapse_go_nogo8_observe_only\\go_nogo\\run-20260714T131407"", ""source"": ""task.go_nogo"", ""stimulus_offset_lsl_timestamp"": 505028.6040927, ""stimulus_offset_monotonic"": 505028.578, ""stimulus_onset_lsl_timestamp"": 505027.7957423, ""stimulus_onset_monotonic"": 505027.765, ""task"": ""go_nogo""}"
134,go_nogo_stimulus_onset_134_nogo_x_white,EVENT,505029.328,,"{""color"": ""white"", ""expected_frame_interval_ms"": 16.60961000015959, ""expected_refresh_rate_hz"": 60.0, ""expected_visual_onset_lsl_timestamp"": 505029.3495827, ""expected_visual_onset_monotonic"": 505029.328, ""expected_visual_onset_uncertainty_ms"": 8.304805000079796, ""fixed_display_latency_ms"": 0.0, ""flip_lsl_timestamp"": 505029.3495827, ""flip_monotonic"": 505029.328, ""is_no_go"": true, ""lsl_timestamp"": 505029.3495827, ""marker_push_latency_ms"": 0.0, ""measured_refresh_rate_hz"": 60.20610959501106, ""photodiode_verification_enabled"": false, ""scheduled_on_flip"": true, ""shape"": ""x"", ""timing_model"": ""psychopy_callOnFlip_plus_fixed_display_latency""}"
134,go_nogo_stimulus_offset_134_nogo_x_white,EVENT,505030.14,,"{""color"": ""white"", ""expected_frame_interval_ms"": 16.60961000015959, ""expected_refresh_rate_hz"": 60.0, ""expected_visual_onset_lsl_timestamp"": 505030.163417, ""expected_visual_onset_monotonic"": 505030.14, ""expected_visual_onset_uncertainty_ms"": 8.304805000079796, ""fixed_display_latency_ms"": 0.0, ""flip_lsl_timestamp"": 505030.163417, ""flip_monotonic"": 505030.14, ""is_no_go"": true, ""lsl_timestamp"": 505030.163417, ""marker_push_latency_ms"": 0.0, ""measured_refresh_rate_hz"": 60.20610959501106, ""photodiode_verification_enabled"": false, ""scheduled_on_flip"": true, ""shape"": ""x"", ""timing_model"": ""psychopy_callOnFlip_plus_fixed_display_latency""}"
134,go_nogo_trial_complete,EVENT,505030.14,,"{""attention_challenge"": {""enabled"": false, ""expected_state"": ""normal"", ""is_cue_trial"": false}, ""button_press_count"": 0, ""commission_error"": 0, ""condition"": ""no_go"", ""correct"": true, ""correct_press"": 1, ""event_type_name"": ""go_nogo_trial_complete"", ""is_no_go"": true, ""omission_error"": 0, ""practice"": false, ""reaction_time_seconds"": null, ""schema_version"": 1, ""session_dir"": ""C:\\Users\\Surettej\\Documents\\Codespace\\eegle\\data\\participants\\sub-001-online\\sessions\\2026-07-14\\attention_lapse_go_nogo8_observe_only\\go_nogo\\run-20260714T131407"", ""source"": ""task.go_nogo"", ""stimulus_offset_lsl_timestamp"": 505030.163417, ""stimulus_offset_monotonic"": 505030.14, ""stimulus_onset_lsl_timestamp"": 505029.3495827, ""stimulus_onset_monotonic"": 505029.328, ""task"": ""go_nogo""}"
135,go_nogo_stimulus_onset_135_go_hexagon_blue,EVENT,505030.875,,"{""color"": ""blue"", ""expected_frame_interval_ms"": 16.60961000015959, ""expected_refresh_rate_hz"": 60.0, ""expected_visual_onset_lsl_timestamp"": 505030.9040613, ""expected_visual_onset_monotonic"": 505030.875, ""expected_visual_onset_uncertainty_ms"": 8.304805000079796, ""fixed_display_latency_ms"": 0.0, ""flip_lsl_timestamp"": 505030.9040613, ""flip_monotonic"": 505030.875, ""is_no_go"": false, ""lsl_timestamp"": 505030.9040613, ""marker_push_latency_ms"": 0.0, ""measured_refresh_rate_hz"": 60.20610959501106, ""photodiode_verification_enabled"": false, ""scheduled_on_flip"": true, ""shape"": ""hexagon"", ""timing_model"": ""psychopy_callOnFlip_plus_fixed_display_latency""}"
135,button_press,EVENT,505031.2336535,space,"{""is_response_key"": true, ""lsl_timestamp"": 505031.26271479996, ""marker_push_latency_ms"": 0.0, ""rt_from_flip_seconds"": 0.35865349997766316, ""rt_seconds"": 0.35865349997766316}"
135,go_nogo_stimulus_offset_135_go_hexagon_blue,EVENT,505031.687,,"{""color"": ""blue"", ""expected_frame_interval_ms"": 16.60961000015959, ""expected_refresh_rate_hz"": 60.0, ""expected_visual_onset_lsl_timestamp"": 505031.7158716, ""expected_visual_onset_monotonic"": 505031.687, ""expected_visual_onset_uncertainty_ms"": 8.304805000079796, ""fixed_display_latency_ms"": 0.0, ""flip_lsl_timestamp"": 505031.7158716, ""flip_monotonic"": 505031.687, ""is_no_go"": false, ""lsl_timestamp"": 505031.7158716, ""marker_push_latency_ms"": 0.0, ""measured_refresh_rate_hz"": 60.20610959501106, ""photodiode_verification_enabled"": false, ""scheduled_on_flip"": true, ""shape"": ""hexagon"", ""timing_model"": ""psychopy_callOnFlip_plus_fixed_display_latency""}"
135,go_nogo_trial_complete,EVENT,505031.687,,"{""attention_challenge"": {""enabled"": false, ""expected_state"": ""normal"", ""is_cue_trial"": false}, ""button_press_count"": 1, ""commission_error"": 0, ""condition"": ""go"", ""correct"": true, ""correct_press"": 1, ""event_type_name"": ""go_nogo_trial_complete"", ""is_no_go"": false, ""omission_error"": 0, ""practice"": false, ""reaction_time_seconds"": 0.35865349997766316, ""schema_version"": 1, ""session_dir"": ""C:\\Users\\Surettej\\Documents\\Codespace\\eegle\\data\\participants\\sub-001-online\\sessions\\2026-07-14\\attention_lapse_go_nogo8_observe_only\\go_nogo\\run-20260714T131407"", ""source"": ""task.go_nogo"", ""stimulus_offset_lsl_timestamp"": 505031.7158716, ""stimulus_offset_monotonic"": 505031.687, ""stimulus_onset_lsl_timestamp"": 505030.9040613, ""stimulus_onset_monotonic"": 505030.875, ""task"": ""go_nogo""}"
136,go_nogo_stimulus_onset_136_go_triangle_red,EVENT,505032.421,,"{""color"": ""red"", ""expected_frame_interval_ms"": 16.60961000015959, ""expected_refresh_rate_hz"": 60.0, ""expected_visual_onset_lsl_timestamp"": 505032.4572574, ""expected_visual_onset_monotonic"": 505032.421, ""expected_visual_onset_uncertainty_ms"": 8.304805000079796, ""fixed_display_latency_ms"": 0.0, ""flip_lsl_timestamp"": 505032.4572574, ""flip_monotonic"": 505032.421, ""is_no_go"": false, ""lsl_timestamp"": 505032.4572574, ""marker_push_latency_ms"": 0.0, ""measured_refresh_rate_hz"": 60.20610959501106, ""photodiode_verification_enabled"": false, ""scheduled_on_flip"": true, ""shape"": ""triangle"", ""timing_model"": ""psychopy_callOnFlip_plus_fixed_display_latency""}"
136,button_press,EVENT,505032.849633,space,"{""is_response_key"": true, ""lsl_timestamp"": 505032.8858904, ""marker_push_latency_ms"": 0.0, ""rt_from_flip_seconds"": 0.42863300000317395, ""rt_seconds"": 0.42863300000317395}"
136,go_nogo_stimulus_offset_136_go_triangle_red,EVENT,505033.234,,"{""color"": ""red"", ""expected_frame_interval_ms"": 16.60961000015959, ""expected_refresh_rate_hz"": 60.0, ""expected_visual_onset_lsl_timestamp"": 505033.266137, ""expected_visual_onset_monotonic"": 505033.234, ""expected_visual_onset_uncertainty_ms"": 8.304805000079796, ""fixed_display_latency_ms"": 0.0, ""flip_lsl_timestamp"": 505033.266137, ""flip_monotonic"": 505033.234, ""is_no_go"": false, ""lsl_timestamp"": 505033.266137, ""marker_push_latency_ms"": 0.0, ""measured_refresh_rate_hz"": 60.20610959501106, ""photodiode_verification_enabled"": false, ""scheduled_on_flip"": true, ""shape"": ""triangle"", ""timing_model"": ""psychopy_callOnFlip_plus_fixed_display_latency""}"
136,go_nogo_trial_complete,EVENT,505033.25,,"{""attention_challenge"": {""enabled"": false, ""expected_state"": ""normal"", ""is_cue_trial"": false}, ""button_press_count"": 1, ""commission_error"": 0, ""condition"": ""go"", ""correct"": true, ""correct_press"": 1, ""event_type_name"": ""go_nogo_trial_complete"", ""is_no_go"": false, ""omission_error"": 0, ""practice"": false, ""reaction_time_seconds"": 0.42863300000317395, ""schema_version"": 1, ""session_dir"": ""C:\\Users\\Surettej\\Documents\\Codespace\\eegle\\data\\participants\\sub-001-online\\sessions\\2026-07-14\\attention_lapse_go_nogo8_observe_only\\go_nogo\\run-20260714T131407"", ""source"": ""task.go_nogo"", ""stimulus_offset_lsl_timestamp"": 505033.266137, ""stimulus_offset_monotonic"": 505033.234, ""stimulus_onset_lsl_timestamp"": 505032.4572574, ""stimulus_onset_monotonic"": 505032.421, ""task"": ""go_nogo""}"
137,go_nogo_stimulus_onset_137_go_square_magenta,EVENT,505033.968,,"{""color"": ""magenta"", ""expected_frame_interval_ms"": 16.60961000015959, ""expected_refresh_rate_hz"": 60.0, ""expected_visual_onset_lsl_timestamp"": 505034.0047047, ""expected_visual_onset_monotonic"": 505033.968, ""expected_visual_onset_uncertainty_ms"": 8.304805000079796, ""fixed_display_latency_ms"": 0.0, ""flip_lsl_timestamp"": 505034.0047047, ""flip_monotonic"": 505033.968, ""is_no_go"": false, ""lsl_timestamp"": 505034.0047047, ""marker_push_latency_ms"": 0.0, ""measured_refresh_rate_hz"": 60.20610959501106, ""photodiode_verification_enabled"": false, ""scheduled_on_flip"": true, ""shape"": ""square"", ""timing_model"": ""psychopy_callOnFlip_plus_fixed_display_latency""}"
137,button_press,EVENT,505034.4741678,space,"{""is_response_key"": true, ""lsl_timestamp"": 505034.5108725, ""marker_push_latency_ms"": 0.0, ""rt_from_flip_seconds"": 0.5061677999910899, ""rt_seconds"": 0.5061677999910899}"
137,go_nogo_stimulus_offset_137_go_square_magenta,EVENT,505034.781,,"{""color"": ""magenta"", ""expected_frame_interval_ms"": 16.60961000015959, ""expected_refresh_rate_hz"": 60.0, ""expected_visual_onset_lsl_timestamp"": 505034.8116976, ""expected_visual_onset_monotonic"": 505034.781, ""expected_visual_onset_uncertainty_ms"": 8.304805000079796, ""fixed_display_latency_ms"": 0.0, ""flip_lsl_timestamp"": 505034.8116976, ""flip_monotonic"": 505034.781, ""is_no_go"": false, ""lsl_timestamp"": 505034.8116976, ""marker_push_latency_ms"": 0.0, ""measured_refresh_rate_hz"": 60.20610959501106, ""photodiode_verification_enabled"": false, ""scheduled_on_flip"": true, ""shape"": ""square"", ""timing_model"": ""psychopy_callOnFlip_plus_fixed_display_latency""}"
137,go_nogo_trial_complete,EVENT,505034.796,,"{""attention_challenge"": {""enabled"": false, ""expected_state"": ""normal"", ""is_cue_trial"": false}, ""button_press_count"": 1, ""commission_error"": 0, ""condition"": ""go"", ""correct"": true, ""correct_press"": 1, ""event_type_name"": ""go_nogo_trial_complete"", ""is_no_go"": false, ""omission_error"": 0, ""practice"": false, ""reaction_time_seconds"": 0.5061677999910899, ""schema_version"": 1, ""session_dir"": ""C:\\Users\\Surettej\\Documents\\Codespace\\eegle\\data\\participants\\sub-001-online\\sessions\\2026-07-14\\attention_lapse_go_nogo8_observe_only\\go_nogo\\run-20260714T131407"", ""source"": ""task.go_nogo"", ""stimulus_offset_lsl_timestamp"": 505034.8116976, ""stimulus_offset_monotonic"": 505034.781, ""stimulus_onset_lsl_timestamp"": 505034.0047047, ""stimulus_onset_monotonic"": 505033.968, ""task"": ""go_nogo""}"
138,go_nogo_stimulus_onset_138_go_star_green,EVENT,505035.531,,"{""color"": ""green"", ""expected_frame_interval_ms"": 16.60961000015959, ""expected_refresh_rate_hz"": 60.0, ""expected_visual_onset_lsl_timestamp"": 505035.5660141, ""expected_visual_onset_monotonic"": 505035.531, ""expected_visual_onset_uncertainty_ms"": 8.304805000079796, ""fixed_display_latency_ms"": 0.0, ""flip_lsl_timestamp"": 505035.5660141, ""flip_monotonic"": 505035.531, ""is_no_go"": false, ""lsl_timestamp"": 505035.5660141, ""marker_push_latency_ms"": 0.0, ""measured_refresh_rate_hz"": 60.20610959501106, ""photodiode_verification_enabled"": false, ""scheduled_on_flip"": true, ""shape"": ""star"", ""timing_model"": ""psychopy_callOnFlip_plus_fixed_display_latency""}"
138,button_press,EVENT,505036.1458791,space,"{""is_response_key"": true, ""lsl_timestamp"": 505036.1808932, ""marker_push_latency_ms"": 0.0, ""rt_from_flip_seconds"": 0.6148791000014171, ""rt_seconds"": 0.6148791000014171}"
138,go_nogo_stimulus_offset_138_go_star_green,EVENT,505036.343,,"{""color"": ""green"", ""expected_frame_interval_ms"": 16.60961000015959, ""expected_refresh_rate_hz"": 60.0, ""expected_visual_onset_lsl_timestamp"": 505036.3742935, ""expected_visual_onset_monotonic"": 505036.343, ""expected_visual_onset_uncertainty_ms"": 8.304805000079796, ""fixed_display_latency_ms"": 0.0, ""flip_lsl_timestamp"": 505036.3742935, ""flip_monotonic"": 505036.343, ""is_no_go"": false, ""lsl_timestamp"": 505036.3742935, ""marker_push_latency_ms"": 0.0, ""measured_refresh_rate_hz"": 60.20610959501106, ""photodiode_verification_enabled"": false, ""scheduled_on_flip"": true, ""shape"": ""star"", ""timing_model"": ""psychopy_callOnFlip_plus_fixed_display_latency""}"
138,go_nogo_trial_complete,EVENT,505036.359,,"{""attention_challenge"": {""enabled"": false, ""expected_state"": ""normal"", ""is_cue_trial"": false}, ""button_press_count"": 1, ""commission_error"": 0, ""condition"": ""go"", ""correct"": true, ""correct_press"": 1, ""event_type_name"": ""go_nogo_trial_complete"", ""is_no_go"": false, ""omission_error"": 0, ""practice"": false, ""reaction_time_seconds"": 0.6148791000014171, ""schema_version"": 1, ""session_dir"": ""C:\\Users\\Surettej\\Documents\\Codespace\\eegle\\data\\participants\\sub-001-online\\sessions\\2026-07-14\\attention_lapse_go_nogo8_observe_only\\go_nogo\\run-20260714T131407"", ""source"": ""task.go_nogo"", ""stimulus_offset_lsl_timestamp"": 505036.3742935, ""stimulus_offset_monotonic"": 505036.343, ""stimulus_onset_lsl_timestamp"": 505035.5660141, ""stimulus_onset_monotonic"": 505035.531, ""task"": ""go_nogo""}"
139,go_nogo_stimulus_onset_139_go_triangle_red,EVENT,505037.093,,"{""color"": ""red"", ""expected_frame_interval_ms"": 16.60961000015959, ""expected_refresh_rate_hz"": 60.0, ""expected_visual_onset_lsl_timestamp"": 505037.1165899, ""expected_visual_onset_monotonic"": 505037.093, ""expected_visual_onset_uncertainty_ms"": 8.304805000079796, ""fixed_display_latency_ms"": 0.0, ""flip_lsl_timestamp"": 505037.1165899, ""flip_monotonic"": 505037.093, ""is_no_go"": false, ""lsl_timestamp"": 505037.1165899, ""marker_push_latency_ms"": 0.0, ""measured_refresh_rate_hz"": 60.20610959501106, ""photodiode_verification_enabled"": false, ""scheduled_on_flip"": true, ""shape"": ""triangle"", ""timing_model"": ""psychopy_callOnFlip_plus_fixed_display_latency""}"
139,button_press,EVENT,505037.59681869997,space,"{""is_response_key"": true, ""lsl_timestamp"": 505037.62040859996, ""marker_push_latency_ms"": 0.0, ""rt_from_flip_seconds"": 0.5038186999736354, ""rt_seconds"": 0.5038186999736354}"
139,go_nogo_stimulus_offset_139_go_triangle_red,EVENT,505037.906,,"{""color"": ""red"", ""expected_frame_interval_ms"": 16.60961000015959, ""expected_refresh_rate_hz"": 60.0, ""expected_visual_onset_lsl_timestamp"": 505037.9336065, ""expected_visual_onset_monotonic"": 505037.906, ""expected_visual_onset_uncertainty_ms"": 8.304805000079796, ""fixed_display_latency_ms"": 0.0, ""flip_lsl_timestamp"": 505037.9336065, ""flip_monotonic"": 505037.906, ""is_no_go"": false, ""lsl_timestamp"": 505037.9336065, ""marker_push_latency_ms"": 0.0, ""measured_refresh_rate_hz"": 60.20610959501106, ""photodiode_verification_enabled"": false, ""scheduled_on_flip"": true, ""shape"": ""triangle"", ""timing_model"": ""psychopy_callOnFlip_plus_fixed_display_latency""}"
139,go_nogo_trial_complete,EVENT,505037.906,,"{""attention_challenge"": {""enabled"": false, ""expected_state"": ""normal"", ""is_cue_trial"": false}, ""button_press_count"": 1, ""commission_error"": 0, ""condition"": ""go"", ""correct"": true, ""correct_press"": 1, ""event_type_name"": ""go_nogo_trial_complete"", ""is_no_go"": false, ""omission_error"": 0, ""practice"": false, ""reaction_time_seconds"": 0.5038186999736354, ""schema_version"": 1, ""session_dir"": ""C:\\Users\\Surettej\\Documents\\Codespace\\eegle\\data\\participants\\sub-001-online\\sessions\\2026-07-14\\attention_lapse_go_nogo8_observe_only\\go_nogo\\run-20260714T131407"", ""source"": ""task.go_nogo"", ""stimulus_offset_lsl_timestamp"": 505037.9336065, ""stimulus_offset_monotonic"": 505037.906, ""stimulus_onset_lsl_timestamp"": 505037.1165899, ""stimulus_onset_monotonic"": 505037.093, ""task"": ""go_nogo""}"
140,go_nogo_stimulus_onset_140_go_star_green,EVENT,505038.656,,"{""color"": ""green"", ""expected_frame_interval_ms"": 16.60961000015959, ""expected_refresh_rate_hz"": 60.0, ""expected_visual_onset_lsl_timestamp"": 505038.6840366, ""expected_visual_onset_monotonic"": 505038.656, ""expected_visual_onset_uncertainty_ms"": 8.304805000079796, ""fixed_display_latency_ms"": 0.0, ""flip_lsl_timestamp"": 505038.6840366, ""flip_monotonic"": 505038.656, ""is_no_go"": false, ""lsl_timestamp"": 505038.6840366, ""marker_push_latency_ms"": 0.0, ""measured_refresh_rate_hz"": 60.20610959501106, ""photodiode_verification_enabled"": false, ""scheduled_on_flip"": true, ""shape"": ""star"", ""timing_model"": ""psychopy_callOnFlip_plus_fixed_display_latency""}"
140,button_press,EVENT,505039.0585787,space,"{""is_response_key"": true, ""lsl_timestamp"": 505039.0866153, ""marker_push_latency_ms"": 0.0, ""rt_from_flip_seconds"": 0.40257869998458773, ""rt_seconds"": 0.40257869998458773}"
140,go_nogo_stimulus_offset_140_go_star_green,EVENT,505039.468,,"{""color"": ""green"", ""expected_frame_interval_ms"": 16.60961000015959, ""expected_refresh_rate_hz"": 60.0, ""expected_visual_onset_lsl_timestamp"": 505039.4937644, ""expected_visual_onset_monotonic"": 505039.468, ""expected_visual_onset_uncertainty_ms"": 8.304805000079796, ""fixed_display_latency_ms"": 0.0, ""flip_lsl_timestamp"": 505039.4937644, ""flip_monotonic"": 505039.468, ""is_no_go"": false, ""lsl_timestamp"": 505039.4937644, ""marker_push_latency_ms"": 0.0, ""measured_refresh_rate_hz"": 60.20610959501106, ""photodiode_verification_enabled"": false, ""scheduled_on_flip"": true, ""shape"": ""star"", ""timing_model"": ""psychopy_callOnFlip_plus_fixed_display_latency""}"
140,go_nogo_trial_complete,EVENT,505039.468,,"{""attention_challenge"": {""enabled"": false, ""expected_state"": ""normal"", ""is_cue_trial"": false}, ""button_press_count"": 1, ""commission_error"": 0, ""condition"": ""go"", ""correct"": true, ""correct_press"": 1, ""event_type_name"": ""go_nogo_trial_complete"", ""is_no_go"": false, ""omission_error"": 0, ""practice"": false, ""reaction_time_seconds"": 0.40257869998458773, ""schema_version"": 1, ""session_dir"": ""C:\\Users\\Surettej\\Documents\\Codespace\\eegle\\data\\participants\\sub-001-online\\sessions\\2026-07-14\\attention_lapse_go_nogo8_observe_only\\go_nogo\\run-20260714T131407"", ""source"": ""task.go_nogo"", ""stimulus_offset_lsl_timestamp"": 505039.4937644, ""stimulus_offset_monotonic"": 505039.468, ""stimulus_onset_lsl_timestamp"": 505038.6840366, ""stimulus_onset_monotonic"": 505038.656, ""task"": ""go_nogo""}"
141,go_nogo_stimulus_onset_141_go_star_green,EVENT,505040.203,,"{""color"": ""green"", ""expected_frame_interval_ms"": 16.60961000015959, ""expected_refresh_rate_hz"": 60.0, ""expected_visual_onset_lsl_timestamp"": 505040.2367822, ""expected_visual_onset_monotonic"": 505040.203, ""expected_visual_onset_uncertainty_ms"": 8.304805000079796, ""fixed_display_latency_ms"": 0.0, ""flip_lsl_timestamp"": 505040.2367822, ""flip_monotonic"": 505040.203, ""is_no_go"": false, ""lsl_timestamp"": 505040.2367822, ""marker_push_latency_ms"": 0.0, ""measured_refresh_rate_hz"": 60.20610959501106, ""photodiode_verification_enabled"": false, ""scheduled_on_flip"": true, ""shape"": ""star"", ""timing_model"": ""psychopy_callOnFlip_plus_fixed_display_latency""}"
141,button_press,EVENT,505040.51549019996,space,"{""is_response_key"": true, ""lsl_timestamp"": 505040.5492724, ""marker_push_latency_ms"": 0.0, ""rt_from_flip_seconds"": 0.3124901999835856, ""rt_seconds"": 0.3124901999835856}"
141,go_nogo_stimulus_offset_141_go_star_green,EVENT,505041.031,,"{""color"": ""green"", ""expected_frame_interval_ms"": 16.60961000015959, ""expected_refresh_rate_hz"": 60.0, ""expected_visual_onset_lsl_timestamp"": 505041.052659, ""expected_visual_onset_monotonic"": 505041.031, ""expected_visual_onset_uncertainty_ms"": 8.304805000079796, ""fixed_display_latency_ms"": 0.0, ""flip_lsl_timestamp"": 505041.052659, ""flip_monotonic"": 505041.031, ""is_no_go"": false, ""lsl_timestamp"": 505041.052659, ""marker_push_latency_ms"": 0.0, ""measured_refresh_rate_hz"": 60.20610959501106, ""photodiode_verification_enabled"": false, ""scheduled_on_flip"": true, ""shape"": ""star"", ""timing_model"": ""psychopy_callOnFlip_plus_fixed_display_latency""}"
141,go_nogo_trial_complete,EVENT,505041.031,,"{""attention_challenge"": {""enabled"": false, ""expected_state"": ""normal"", ""is_cue_trial"": false}, ""button_press_count"": 1, ""commission_error"": 0, ""condition"": ""go"", ""correct"": true, ""correct_press"": 1, ""event_type_name"": ""go_nogo_trial_complete"", ""is_no_go"": false, ""omission_error"": 0, ""practice"": false, ""reaction_time_seconds"": 0.3124901999835856, ""schema_version"": 1, ""session_dir"": ""C:\\Users\\Surettej\\Documents\\Codespace\\eegle\\data\\participants\\sub-001-online\\sessions\\2026-07-14\\attention_lapse_go_nogo8_observe_only\\go_nogo\\run-20260714T131407"", ""source"": ""task.go_nogo"", ""stimulus_offset_lsl_timestamp"": 505041.052659, ""stimulus_offset_monotonic"": 505041.031, ""stimulus_onset_lsl_timestamp"": 505040.2367822, ""stimulus_onset_monotonic"": 505040.203, ""task"": ""go_nogo""}"
142,go_nogo_stimulus_onset_142_nogo_x_white,EVENT,505041.765,,"{""color"": ""white"", ""expected_frame_interval_ms"": 16.60961000015959, ""expected_refresh_rate_hz"": 60.0, ""expected_visual_onset_lsl_timestamp"": 505041.7995171, ""expected_visual_onset_monotonic"": 505041.765, ""expected_visual_onset_uncertainty_ms"": 8.304805000079796, ""fixed_display_latency_ms"": 0.0, ""flip_lsl_timestamp"": 505041.7995171, ""flip_monotonic"": 505041.765, ""is_no_go"": true, ""lsl_timestamp"": 505041.7995171, ""marker_push_latency_ms"": 0.0, ""measured_refresh_rate_hz"": 60.20610959501106, ""photodiode_verification_enabled"": false, ""scheduled_on_flip"": true, ""shape"": ""x"", ""timing_model"": ""psychopy_callOnFlip_plus_fixed_display_latency""}"
142,go_nogo_stimulus_offset_142_nogo_x_white,EVENT,505042.593,,"{""color"": ""white"", ""expected_frame_interval_ms"": 16.60961000015959, ""expected_refresh_rate_hz"": 60.0, ""expected_visual_onset_lsl_timestamp"": 505042.6206524, ""expected_visual_onset_monotonic"": 505042.593, ""expected_visual_onset_uncertainty_ms"": 8.304805000079796, ""fixed_display_latency_ms"": 0.0, ""flip_lsl_timestamp"": 505042.6206524, ""flip_monotonic"": 505042.593, ""is_no_go"": true, ""lsl_timestamp"": 505042.6206524, ""marker_push_latency_ms"": 0.0, ""measured_refresh_rate_hz"": 60.20610959501106, ""photodiode_verification_enabled"": false, ""scheduled_on_flip"": true, ""shape"": ""x"", ""timing_model"": ""psychopy_callOnFlip_plus_fixed_display_latency""}"
142,go_nogo_trial_complete,EVENT,505042.593,,"{""attention_challenge"": {""enabled"": false, ""expected_state"": ""normal"", ""is_cue_trial"": false}, ""button_press_count"": 0, ""commission_error"": 0, ""condition"": ""no_go"", ""correct"": true, ""correct_press"": 1, ""event_type_name"": ""go_nogo_trial_complete"", ""is_no_go"": true, ""omission_error"": 0, ""practice"": false, ""reaction_time_seconds"": null, ""schema_version"": 1, ""session_dir"": ""C:\\Users\\Surettej\\Documents\\Codespace\\eegle\\data\\participants\\sub-001-online\\sessions\\2026-07-14\\attention_lapse_go_nogo8_observe_only\\go_nogo\\run-20260714T131407"", ""source"": ""task.go_nogo"", ""stimulus_offset_lsl_timestamp"": 505042.6206524, ""stimulus_offset_monotonic"": 505042.593, ""stimulus_onset_lsl_timestamp"": 505041.7995171, ""stimulus_onset_monotonic"": 505041.765, ""task"": ""go_nogo""}"
143,go_nogo_stimulus_onset_143_go_hexagon_magenta,EVENT,505043.328,,"{""color"": ""magenta"", ""expected_frame_interval_ms"": 16.60961000015959, ""expected_refresh_rate_hz"": 60.0, ""expected_visual_onset_lsl_timestamp"": 505043.3612206, ""expected_visual_onset_monotonic"": 505043.328, ""expected_visual_onset_uncertainty_ms"": 8.304805000079796, ""fixed_display_latency_ms"": 0.0, ""flip_lsl_timestamp"": 505043.3612206, ""flip_monotonic"": 505043.328, ""is_no_go"": false, ""lsl_timestamp"": 505043.3612206, ""marker_push_latency_ms"": 0.0, ""measured_refresh_rate_hz"": 60.20610959501106, ""photodiode_verification_enabled"": false, ""scheduled_on_flip"": true, ""shape"": ""hexagon"", ""timing_model"": ""psychopy_callOnFlip_plus_fixed_display_latency""}"
143,button_press,EVENT,505043.5788183,space,"{""is_response_key"": true, ""lsl_timestamp"": 505043.6120389, ""marker_push_latency_ms"": 0.0, ""rt_from_flip_seconds"": 0.2508183000027202, ""rt_seconds"": 0.2508183000027202}"
143,go_nogo_stimulus_offset_143_go_hexagon_magenta,EVENT,505044.14,,"{""color"": ""magenta"", ""expected_frame_interval_ms"": 16.60961000015959, ""expected_refresh_rate_hz"": 60.0, ""expected_visual_onset_lsl_timestamp"": 505044.1713522, ""expected_visual_onset_monotonic"": 505044.14, ""expected_visual_onset_uncertainty_ms"": 8.304805000079796, ""fixed_display_latency_ms"": 0.0, ""flip_lsl_timestamp"": 505044.1713522, ""flip_monotonic"": 505044.14, ""is_no_go"": false, ""lsl_timestamp"": 505044.1713522, ""marker_push_latency_ms"": 0.0, ""measured_refresh_rate_hz"": 60.20610959501106, ""photodiode_verification_enabled"": false, ""scheduled_on_flip"": true, ""shape"": ""hexagon"", ""timing_model"": ""psychopy_callOnFlip_plus_fixed_display_latency""}"
143,go_nogo_trial_complete,EVENT,505044.156,,"{""attention_challenge"": {""enabled"": false, ""expected_state"": ""normal"", ""is_cue_trial"": false}, ""button_press_count"": 1, ""commission_error"": 0, ""condition"": ""go"", ""correct"": true, ""correct_press"": 1, ""event_type_name"": ""go_nogo_trial_complete"", ""is_no_go"": false, ""omission_error"": 0, ""practice"": false, ""reaction_time_seconds"": 0.2508183000027202, ""schema_version"": 1, ""session_dir"": ""C:\\Users\\Surettej\\Documents\\Codespace\\eegle\\data\\participants\\sub-001-online\\sessions\\2026-07-14\\attention_lapse_go_nogo8_observe_only\\go_nogo\\run-20260714T131407"", ""source"": ""task.go_nogo"", ""stimulus_offset_lsl_timestamp"": 505044.1713522, ""stimulus_offset_monotonic"": 505044.14, ""stimulus_onset_lsl_timestamp"": 505043.3612206, ""stimulus_onset_monotonic"": 505043.328, ""task"": ""go_nogo""}"
144,go_nogo_stimulus_onset_144_nogo_x_white,EVENT,505044.89,,"{""color"": ""white"", ""expected_frame_interval_ms"": 16.60961000015959, ""expected_refresh_rate_hz"": 60.0, ""expected_visual_onset_lsl_timestamp"": 505044.9182408, ""expected_visual_onset_monotonic"": 505044.89, ""expected_visual_onset_uncertainty_ms"": 8.304805000079796, ""fixed_display_latency_ms"": 0.0, ""flip_lsl_timestamp"": 505044.9182408, ""flip_monotonic"": 505044.89, ""is_no_go"": true, ""lsl_timestamp"": 505044.9182408, ""marker_push_latency_ms"": 0.0, ""measured_refresh_rate_hz"": 60.20610959501106, ""photodiode_verification_enabled"": false, ""scheduled_on_flip"": true, ""shape"": ""x"", ""timing_model"": ""psychopy_callOnFlip_plus_fixed_display_latency""}"
144,button_press,EVENT,505045.2089974,space,"{""is_response_key"": true, ""lsl_timestamp"": 505045.2372382, ""marker_push_latency_ms"": 0.0, ""rt_from_flip_seconds"": 0.31899739999789745, ""rt_seconds"": 0.31899739999789745}"
144,go_nogo_stimulus_offset_144_nogo_x_white,EVENT,505045.703,,"{""color"": ""white"", ""expected_frame_interval_ms"": 16.60961000015959, ""expected_refresh_rate_hz"": 60.0, ""expected_visual_onset_lsl_timestamp"": 505045.7258309, ""expected_visual_onset_monotonic"": 505045.703, ""expected_visual_onset_uncertainty_ms"": 8.304805000079796, ""fixed_display_latency_ms"": 0.0, ""flip_lsl_timestamp"": 505045.7258309, ""flip_monotonic"": 505045.703, ""is_no_go"": true, ""lsl_timestamp"": 505045.7258309, ""marker_push_latency_ms"": 0.0, ""measured_refresh_rate_hz"": 60.20610959501106, ""photodiode_verification_enabled"": false, ""scheduled_on_flip"": true, ""shape"": ""x"", ""timing_model"": ""psychopy_callOnFlip_plus_fixed_display_latency""}"
144,go_nogo_trial_complete,EVENT,505045.703,,"{""attention_challenge"": {""enabled"": false, ""expected_state"": ""normal"", ""is_cue_trial"": false}, ""button_press_count"": 1, ""commission_error"": 1, ""condition"": ""no_go"", ""correct"": false, ""correct_press"": 0, ""event_type_name"": ""go_nogo_trial_complete"", ""is_no_go"": true, ""omission_error"": 0, ""practice"": false, ""reaction_time_seconds"": 0.31899739999789745, ""schema_version"": 1, ""session_dir"": ""C:\\Users\\Surettej\\Documents\\Codespace\\eegle\\data\\participants\\sub-001-online\\sessions\\2026-07-14\\attention_lapse_go_nogo8_observe_only\\go_nogo\\run-20260714T131407"", ""source"": ""task.go_nogo"", ""stimulus_offset_lsl_timestamp"": 505045.7258309, ""stimulus_offset_monotonic"": 505045.703, ""stimulus_onset_lsl_timestamp"": 505044.9182408, ""stimulus_onset_monotonic"": 505044.89, ""task"": ""go_nogo""}"
145,go_nogo_stimulus_onset_145_go_star_magenta,EVENT,505046.437,,"{""color"": ""magenta"", ""expected_frame_interval_ms"": 16.60961000015959, ""expected_refresh_rate_hz"": 60.0, ""expected_visual_onset_lsl_timestamp"": 505046.4650757, ""expected_visual_onset_monotonic"": 505046.437, ""expected_visual_onset_uncertainty_ms"": 8.304805000079796, ""fixed_display_latency_ms"": 0.0, ""flip_lsl_timestamp"": 505046.4650757, ""flip_monotonic"": 505046.437, ""is_no_go"": false, ""lsl_timestamp"": 505046.4650757, ""marker_push_latency_ms"": 0.0, ""measured_refresh_rate_hz"": 60.20610959501106, ""photodiode_verification_enabled"": false, ""scheduled_on_flip"": true, ""shape"": ""star"", ""timing_model"": ""psychopy_callOnFlip_plus_fixed_display_latency""}"
145,button_press,EVENT,505046.7926556,space,"{""is_response_key"": true, ""lsl_timestamp"": 505046.82073130005, ""marker_push_latency_ms"": 0.0, ""rt_from_flip_seconds"": 0.3556556000257842, ""rt_seconds"": 0.3556556000257842}"
145,go_nogo_stimulus_offset_145_go_star_magenta,EVENT,505047.265,,"{""color"": ""magenta"", ""expected_frame_interval_ms"": 16.60961000015959, ""expected_refresh_rate_hz"": 60.0, ""expected_visual_onset_lsl_timestamp"": 505047.287804, ""expected_visual_onset_monotonic"": 505047.265, ""expected_visual_onset_uncertainty_ms"": 8.304805000079796, ""fixed_display_latency_ms"": 0.0, ""flip_lsl_timestamp"": 505047.287804, ""flip_monotonic"": 505047.265, ""is_no_go"": false, ""lsl_timestamp"": 505047.287804, ""marker_push_latency_ms"": 0.0, ""measured_refresh_rate_hz"": 60.20610959501106, ""photodiode_verification_enabled"": false, ""scheduled_on_flip"": true, ""shape"": ""star"", ""timing_model"": ""psychopy_callOnFlip_plus_fixed_display_latency""}"
145,go_nogo_trial_complete,EVENT,505047.265,,"{""attention_challenge"": {""enabled"": false, ""expected_state"": ""normal"", ""is_cue_trial"": false}, ""button_press_count"": 1, ""commission_error"": 0, ""condition"": ""go"", ""correct"": true, ""correct_press"": 1, ""event_type_name"": ""go_nogo_trial_complete"", ""is_no_go"": false, ""omission_error"": 0, ""practice"": false, ""reaction_time_seconds"": 0.3556556000257842, ""schema_version"": 1, ""session_dir"": ""C:\\Users\\Surettej\\Documents\\Codespace\\eegle\\data\\participants\\sub-001-online\\sessions\\2026-07-14\\attention_lapse_go_nogo8_observe_only\\go_nogo\\run-20260714T131407"", ""source"": ""task.go_nogo"", ""stimulus_offset_lsl_timestamp"": 505047.287804, ""stimulus_offset_monotonic"": 505047.265, ""stimulus_onset_lsl_timestamp"": 505046.4650757, ""stimulus_onset_monotonic"": 505046.437, ""task"": ""go_nogo""}"
146,go_nogo_stimulus_onset_146_go_circle_magenta,EVENT,505048.015,,"{""color"": ""magenta"", ""expected_frame_interval_ms"": 16.60961000015959, ""expected_refresh_rate_hz"": 60.0, ""expected_visual_onset_lsl_timestamp"": 505048.0482645, ""expected_visual_onset_monotonic"": 505048.015, ""expected_visual_onset_uncertainty_ms"": 8.304805000079796, ""fixed_display_latency_ms"": 0.0, ""flip_lsl_timestamp"": 505048.0482645, ""flip_monotonic"": 505048.015, ""is_no_go"": false, ""lsl_timestamp"": 505048.0482645, ""marker_push_latency_ms"": 0.0, ""measured_refresh_rate_hz"": 60.20610959501106, ""photodiode_verification_enabled"": false, ""scheduled_on_flip"": true, ""shape"": ""circle"", ""timing_model"": ""psychopy_callOnFlip_plus_fixed_display_latency""}"
146,button_press,EVENT,505048.3317269,space,"{""is_response_key"": true, ""lsl_timestamp"": 505048.3649914, ""marker_push_latency_ms"": 0.0, ""rt_from_flip_seconds"": 0.31672689999686554, ""rt_seconds"": 0.31672689999686554}"
146,go_nogo_stimulus_offset_146_go_circle_magenta,EVENT,505048.828,,"{""color"": ""magenta"", ""expected_frame_interval_ms"": 16.60961000015959, ""expected_refresh_rate_hz"": 60.0, ""expected_visual_onset_lsl_timestamp"": 505048.8570778, ""expected_visual_onset_monotonic"": 505048.828, ""expected_visual_onset_uncertainty_ms"": 8.304805000079796, ""fixed_display_latency_ms"": 0.0, ""flip_lsl_timestamp"": 505048.8570778, ""flip_monotonic"": 505048.828, ""is_no_go"": false, ""lsl_timestamp"": 505048.8570778, ""marker_push_latency_ms"": 0.0, ""measured_refresh_rate_hz"": 60.20610959501106, ""photodiode_verification_enabled"": false, ""scheduled_on_flip"": true, ""shape"": ""circle"", ""timing_model"": ""psychopy_callOnFlip_plus_fixed_display_latency""}"
146,go_nogo_trial_complete,EVENT,505048.828,,"{""attention_challenge"": {""enabled"": false, ""expected_state"": ""normal"", ""is_cue_trial"": false}, ""button_press_count"": 1, ""commission_error"": 0, ""condition"": ""go"", ""correct"": true, ""correct_press"": 1, ""event_type_name"": ""go_nogo_trial_complete"", ""is_no_go"": false, ""omission_error"": 0, ""practice"": false, ""reaction_time_seconds"": 0.31672689999686554, ""schema_version"": 1, ""session_dir"": ""C:\\Users\\Surettej\\Documents\\Codespace\\eegle\\data\\participants\\sub-001-online\\sessions\\2026-07-14\\attention_lapse_go_nogo8_observe_only\\go_nogo\\run-20260714T131407"", ""source"": ""task.go_nogo"", ""stimulus_offset_lsl_timestamp"": 505048.8570778, ""stimulus_offset_monotonic"": 505048.828, ""stimulus_onset_lsl_timestamp"": 505048.0482645, ""stimulus_onset_monotonic"": 505048.015, ""task"": ""go_nogo""}"
147,go_nogo_stimulus_onset_147_go_hexagon_red,EVENT,505049.578,,"{""color"": ""red"", ""expected_frame_interval_ms"": 16.60961000015959, ""expected_refresh_rate_hz"": 60.0, ""expected_visual_onset_lsl_timestamp"": 505049.6055218, ""expected_visual_onset_monotonic"": 505049.578, ""expected_visual_onset_uncertainty_ms"": 8.304805000079796, ""fixed_display_latency_ms"": 0.0, ""flip_lsl_timestamp"": 505049.6055218, ""flip_monotonic"": 505049.578, ""is_no_go"": false, ""lsl_timestamp"": 505049.6055218, ""marker_push_latency_ms"": 0.0, ""measured_refresh_rate_hz"": 60.20610959501106, ""photodiode_verification_enabled"": false, ""scheduled_on_flip"": true, ""shape"": ""hexagon"", ""timing_model"": ""psychopy_callOnFlip_plus_fixed_display_latency""}"
147,button_press,EVENT,505049.89894319995,space,"{""is_response_key"": true, ""lsl_timestamp"": 505049.92646499997, ""marker_push_latency_ms"": 0.0, ""rt_from_flip_seconds"": 0.3209431999712251, ""rt_seconds"": 0.3209431999712251}"
147,go_nogo_stimulus_offset_147_go_hexagon_red,EVENT,505050.39,,"{""color"": ""red"", ""expected_frame_interval_ms"": 16.60961000015959, ""expected_refresh_rate_hz"": 60.0, ""expected_visual_onset_lsl_timestamp"": 505050.423891, ""expected_visual_onset_monotonic"": 505050.39, ""expected_visual_onset_uncertainty_ms"": 8.304805000079796, ""fixed_display_latency_ms"": 0.0, ""flip_lsl_timestamp"": 505050.423891, ""flip_monotonic"": 505050.39, ""is_no_go"": false, ""lsl_timestamp"": 505050.423891, ""marker_push_latency_ms"": 0.0, ""measured_refresh_rate_hz"": 60.20610959501106, ""photodiode_verification_enabled"": false, ""scheduled_on_flip"": true, ""shape"": ""hexagon"", ""timing_model"": ""psychopy_callOnFlip_plus_fixed_display_latency""}"
147,go_nogo_trial_complete,EVENT,505050.406,,"{""attention_challenge"": {""enabled"": false, ""expected_state"": ""normal"", ""is_cue_trial"": false}, ""button_press_count"": 1, ""commission_error"": 0, ""condition"": ""go"", ""correct"": true, ""correct_press"": 1, ""event_type_name"": ""go_nogo_trial_complete"", ""is_no_go"": false, ""omission_error"": 0, ""practice"": false, ""reaction_time_seconds"": 0.3209431999712251, ""schema_version"": 1, ""session_dir"": ""C:\\Users\\Surettej\\Documents\\Codespace\\eegle\\data\\participants\\sub-001-online\\sessions\\2026-07-14\\attention_lapse_go_nogo8_observe_only\\go_nogo\\run-20260714T131407"", ""source"": ""task.go_nogo"", ""stimulus_offset_lsl_timestamp"": 505050.423891, ""stimulus_offset_monotonic"": 505050.39, ""stimulus_onset_lsl_timestamp"": 505049.6055218, ""stimulus_onset_monotonic"": 505049.578, ""task"": ""go_nogo""}"
148,go_nogo_stimulus_onset_148_go_star_blue,EVENT,505051.14,,"{""color"": ""blue"", ""expected_frame_interval_ms"": 16.60961000015959, ""expected_refresh_rate_hz"": 60.0, ""expected_visual_onset_lsl_timestamp"": 505051.1730006, ""expected_visual_onset_monotonic"": 505051.14, ""expected_visual_onset_uncertainty_ms"": 8.304805000079796, ""fixed_display_latency_ms"": 0.0, ""flip_lsl_timestamp"": 505051.1730006, ""flip_monotonic"": 505051.14, ""is_no_go"": false, ""lsl_timestamp"": 505051.1730006, ""marker_push_latency_ms"": 0.0, ""measured_refresh_rate_hz"": 60.20610959501106, ""photodiode_verification_enabled"": false, ""scheduled_on_flip"": true, ""shape"": ""star"", ""timing_model"": ""psychopy_callOnFlip_plus_fixed_display_latency""}"
148,button_press,EVENT,505051.4921304,space,"{""is_response_key"": true, ""lsl_timestamp"": 505051.525131, ""marker_push_latency_ms"": 0.0, ""rt_from_flip_seconds"": 0.3521303999586962, ""rt_seconds"": 0.3521303999586962}"
148,go_nogo_stimulus_offset_148_go_star_blue,EVENT,505051.953,,"{""color"": ""blue"", ""expected_frame_interval_ms"": 16.60961000015959, ""expected_refresh_rate_hz"": 60.0, ""expected_visual_onset_lsl_timestamp"": 505051.9806974, ""expected_visual_onset_monotonic"": 505051.953, ""expected_visual_onset_uncertainty_ms"": 8.304805000079796, ""fixed_display_latency_ms"": 0.0, ""flip_lsl_timestamp"": 505051.9806974, ""flip_monotonic"": 505051.953, ""is_no_go"": false, ""lsl_timestamp"": 505051.9806974, ""marker_push_latency_ms"": 0.0, ""measured_refresh_rate_hz"": 60.20610959501106, ""photodiode_verification_enabled"": false, ""scheduled_on_flip"": true, ""shape"": ""star"", ""timing_model"": ""psychopy_callOnFlip_plus_fixed_display_latency""}"
148,go_nogo_trial_complete,EVENT,505051.953,,"{""attention_challenge"": {""enabled"": false, ""expected_state"": ""normal"", ""is_cue_trial"": false}, ""button_press_count"": 1, ""commission_error"": 0, ""condition"": ""go"", ""correct"": true, ""correct_press"": 1, ""event_type_name"": ""go_nogo_trial_complete"", ""is_no_go"": false, ""omission_error"": 0, ""practice"": false, ""reaction_time_seconds"": 0.3521303999586962, ""schema_version"": 1, ""session_dir"": ""C:\\Users\\Surettej\\Documents\\Codespace\\eegle\\data\\participants\\sub-001-online\\sessions\\2026-07-14\\attention_lapse_go_nogo8_observe_only\\go_nogo\\run-20260714T131407"", ""source"": ""task.go_nogo"", ""stimulus_offset_lsl_timestamp"": 505051.9806974, ""stimulus_offset_monotonic"": 505051.953, ""stimulus_onset_lsl_timestamp"": 505051.1730006, ""stimulus_onset_monotonic"": 505051.14, ""task"": ""go_nogo""}"
149,go_nogo_stimulus_onset_149_go_triangle_magenta,EVENT,505052.687,,"{""color"": ""magenta"", ""expected_frame_interval_ms"": 16.60961000015959, ""expected_refresh_rate_hz"": 60.0, ""expected_visual_onset_lsl_timestamp"": 505052.7236439, ""expected_visual_onset_monotonic"": 505052.687, ""expected_visual_onset_uncertainty_ms"": 8.304805000079796, ""fixed_display_latency_ms"": 0.0, ""flip_lsl_timestamp"": 505052.7236439, ""flip_monotonic"": 505052.687, ""is_no_go"": false, ""lsl_timestamp"": 505052.7236439, ""marker_push_latency_ms"": 0.0, ""measured_refresh_rate_hz"": 60.20610959501106, ""photodiode_verification_enabled"": false, ""scheduled_on_flip"": true, ""shape"": ""triangle"", ""timing_model"": ""psychopy_callOnFlip_plus_fixed_display_latency""}"
149,button_press,EVENT,505053.02535779995,space,"{""is_response_key"": true, ""lsl_timestamp"": 505053.0620017, ""marker_push_latency_ms"": 0.0, ""rt_from_flip_seconds"": 0.3383577999775298, ""rt_seconds"": 0.3383577999775298}"
149,go_nogo_stimulus_offset_149_go_triangle_magenta,EVENT,505053.5,,"{""color"": ""magenta"", ""expected_frame_interval_ms"": 16.60961000015959, ""expected_refresh_rate_hz"": 60.0, ""expected_visual_onset_lsl_timestamp"": 505053.5324881, ""expected_visual_onset_monotonic"": 505053.5, ""expected_visual_onset_uncertainty_ms"": 8.304805000079796, ""fixed_display_latency_ms"": 0.0, ""flip_lsl_timestamp"": 505053.5324881, ""flip_monotonic"": 505053.5, ""is_no_go"": false, ""lsl_timestamp"": 505053.5324881, ""marker_push_latency_ms"": 0.0, ""measured_refresh_rate_hz"": 60.20610959501106, ""photodiode_verification_enabled"": false, ""scheduled_on_flip"": true, ""shape"": ""triangle"", ""timing_model"": ""psychopy_callOnFlip_plus_fixed_display_latency""}"
149,go_nogo_trial_complete,EVENT,505053.515,,"{""attention_challenge"": {""enabled"": false, ""expected_state"": ""normal"", ""is_cue_trial"": false}, ""button_press_count"": 1, ""commission_error"": 0, ""condition"": ""go"", ""correct"": true, ""correct_press"": 1, ""event_type_name"": ""go_nogo_trial_complete"", ""is_no_go"": false, ""omission_error"": 0, ""practice"": false, ""reaction_time_seconds"": 0.3383577999775298, ""schema_version"": 1, ""session_dir"": ""C:\\Users\\Surettej\\Documents\\Codespace\\eegle\\data\\participants\\sub-001-online\\sessions\\2026-07-14\\attention_lapse_go_nogo8_observe_only\\go_nogo\\run-20260714T131407"", ""source"": ""task.go_nogo"", ""stimulus_offset_lsl_timestamp"": 505053.5324881, ""stimulus_offset_monotonic"": 505053.5, ""stimulus_onset_lsl_timestamp"": 505052.7236439, ""stimulus_onset_monotonic"": 505052.687, ""task"": ""go_nogo""}"
150,go_nogo_stimulus_onset_150_go_star_green,EVENT,505054.25,,"{""color"": ""green"", ""expected_frame_interval_ms"": 16.60961000015959, ""expected_refresh_rate_hz"": 60.0, ""expected_visual_onset_lsl_timestamp"": 505054.2731711, ""expected_visual_onset_monotonic"": 505054.25, ""expected_visual_onset_uncertainty_ms"": 8.304805000079796, ""fixed_display_latency_ms"": 0.0, ""flip_lsl_timestamp"": 505054.2731711, ""flip_monotonic"": 505054.25, ""is_no_go"": false, ""lsl_timestamp"": 505054.2731711, ""marker_push_latency_ms"": 0.0, ""measured_refresh_rate_hz"": 60.20610959501106, ""photodiode_verification_enabled"": false, ""scheduled_on_flip"": true, ""shape"": ""star"", ""timing_model"": ""psychopy_callOnFlip_plus_fixed_display_latency""}"
150,button_press,EVENT,505054.64501429995,space,"{""is_response_key"": true, ""lsl_timestamp"": 505054.66818539996, ""marker_push_latency_ms"": 0.0, ""rt_from_flip_seconds"": 0.3950142999528907, ""rt_seconds"": 0.3950142999528907}"
150,go_nogo_stimulus_offset_150_go_star_green,EVENT,505055.046,,"{""color"": ""green"", ""expected_frame_interval_ms"": 16.60961000015959, ""expected_refresh_rate_hz"": 60.0, ""expected_visual_onset_lsl_timestamp"": 505055.0815243, ""expected_visual_onset_monotonic"": 505055.046, ""expected_visual_onset_uncertainty_ms"": 8.304805000079796, ""fixed_display_latency_ms"": 0.0, ""flip_lsl_timestamp"": 505055.0815243, ""flip_monotonic"": 505055.046, ""is_no_go"": false, ""lsl_timestamp"": 505055.0815243, ""marker_push_latency_ms"": 0.0, ""measured_refresh_rate_hz"": 60.20610959501106, ""photodiode_verification_enabled"": false, ""scheduled_on_flip"": true, ""shape"": ""star"", ""timing_model"": ""psychopy_callOnFlip_plus_fixed_display_latency""}"
150,go_nogo_trial_complete,EVENT,505055.062,,"{""attention_challenge"": {""enabled"": false, ""expected_state"": ""normal"", ""is_cue_trial"": false}, ""button_press_count"": 1, ""commission_error"": 0, ""condition"": ""go"", ""correct"": true, ""correct_press"": 1, ""event_type_name"": ""go_nogo_trial_complete"", ""is_no_go"": false, ""omission_error"": 0, ""practice"": false, ""reaction_time_seconds"": 0.3950142999528907, ""schema_version"": 1, ""session_dir"": ""C:\\Users\\Surettej\\Documents\\Codespace\\eegle\\data\\participants\\sub-001-online\\sessions\\2026-07-14\\attention_lapse_go_nogo8_observe_only\\go_nogo\\run-20260714T131407"", ""source"": ""task.go_nogo"", ""stimulus_offset_lsl_timestamp"": 505055.0815243, ""stimulus_offset_monotonic"": 505055.046, ""stimulus_onset_lsl_timestamp"": 505054.2731711, ""stimulus_onset_monotonic"": 505054.25, ""task"": ""go_nogo""}"
151,go_nogo_stimulus_onset_151_go_triangle_red,EVENT,505055.796,,"{""color"": ""red"", ""expected_frame_interval_ms"": 16.60961000015959, ""expected_refresh_rate_hz"": 60.0, ""expected_visual_onset_lsl_timestamp"": 505055.8254927, ""expected_visual_onset_monotonic"": 505055.796, ""expected_visual_onset_uncertainty_ms"": 8.304805000079796, ""fixed_display_latency_ms"": 0.0, ""flip_lsl_timestamp"": 505055.8254927, ""flip_monotonic"": 505055.796, ""is_no_go"": false, ""lsl_timestamp"": 505055.8254927, ""marker_push_latency_ms"": 0.0, ""measured_refresh_rate_hz"": 60.20610959501106, ""photodiode_verification_enabled"": false, ""scheduled_on_flip"": true, ""shape"": ""triangle"", ""timing_model"": ""psychopy_callOnFlip_plus_fixed_display_latency""}"
151,button_press,EVENT,505056.24058209994,space,"{""is_response_key"": true, ""lsl_timestamp"": 505056.27007479995, ""marker_push_latency_ms"": 0.0, ""rt_from_flip_seconds"": 0.44458209996810183, ""rt_seconds"": 0.44458209996810183}"
151,go_nogo_stimulus_offset_151_go_triangle_red,EVENT,505056.609,,"{""color"": ""red"", ""expected_frame_interval_ms"": 16.60961000015959, ""expected_refresh_rate_hz"": 60.0, ""expected_visual_onset_lsl_timestamp"": 505056.6341424, ""expected_visual_onset_monotonic"": 505056.609, ""expected_visual_onset_uncertainty_ms"": 8.304805000079796, ""fixed_display_latency_ms"": 0.0, ""flip_lsl_timestamp"": 505056.6341424, ""flip_monotonic"": 505056.609, ""is_no_go"": false, ""lsl_timestamp"": 505056.6341424, ""marker_push_latency_ms"": 0.0, ""measured_refresh_rate_hz"": 60.20610959501106, ""photodiode_verification_enabled"": false, ""scheduled_on_flip"": true, ""shape"": ""triangle"", ""timing_model"": ""psychopy_callOnFlip_plus_fixed_display_latency""}"
151,go_nogo_trial_complete,EVENT,505056.609,,"{""attention_challenge"": {""enabled"": false, ""expected_state"": ""normal"", ""is_cue_trial"": false}, ""button_press_count"": 1, ""commission_error"": 0, ""condition"": ""go"", ""correct"": true, ""correct_press"": 1, ""event_type_name"": ""go_nogo_trial_complete"", ""is_no_go"": false, ""omission_error"": 0, ""practice"": false, ""reaction_time_seconds"": 0.44458209996810183, ""schema_version"": 1, ""session_dir"": ""C:\\Users\\Surettej\\Documents\\Codespace\\eegle\\data\\participants\\sub-001-online\\sessions\\2026-07-14\\attention_lapse_go_nogo8_observe_only\\go_nogo\\run-20260714T131407"", ""source"": ""task.go_nogo"", ""stimulus_offset_lsl_timestamp"": 505056.6341424, ""stimulus_offset_monotonic"": 505056.609, ""stimulus_onset_lsl_timestamp"": 505055.8254927, ""stimulus_onset_monotonic"": 505055.796, ""task"": ""go_nogo""}"
152,go_nogo_stimulus_onset_152_go_hexagon_red,EVENT,505057.343,,"{""color"": ""red"", ""expected_frame_interval_ms"": 16.60961000015959, ""expected_refresh_rate_hz"": 60.0, ""expected_visual_onset_lsl_timestamp"": 505057.376148, ""expected_visual_onset_monotonic"": 505057.343, ""expected_visual_onset_uncertainty_ms"": 8.304805000079796, ""fixed_display_latency_ms"": 0.0, ""flip_lsl_timestamp"": 505057.376148, ""flip_monotonic"": 505057.343, ""is_no_go"": false, ""lsl_timestamp"": 505057.376148, ""marker_push_latency_ms"": 0.0, ""measured_refresh_rate_hz"": 60.20610959501106, ""photodiode_verification_enabled"": false, ""scheduled_on_flip"": true, ""shape"": ""hexagon"", ""timing_model"": ""psychopy_callOnFlip_plus_fixed_display_latency""}"
152,button_press,EVENT,505057.76443680003,space,"{""is_response_key"": true, ""lsl_timestamp"": 505057.79758480005, ""marker_push_latency_ms"": 0.0, ""rt_from_flip_seconds"": 0.42143680003937334, ""rt_seconds"": 0.42143680003937334}"
152,go_nogo_stimulus_offset_152_go_hexagon_red,EVENT,505058.156,,"{""color"": ""red"", ""expected_frame_interval_ms"": 16.60961000015959, ""expected_refresh_rate_hz"": 60.0, ""expected_visual_onset_lsl_timestamp"": 505058.1839925, ""expected_visual_onset_monotonic"": 505058.156, ""expected_visual_onset_uncertainty_ms"": 8.304805000079796, ""fixed_display_latency_ms"": 0.0, ""flip_lsl_timestamp"": 505058.1839925, ""flip_monotonic"": 505058.156, ""is_no_go"": false, ""lsl_timestamp"": 505058.1839925, ""marker_push_latency_ms"": 0.0, ""measured_refresh_rate_hz"": 60.20610959501106, ""photodiode_verification_enabled"": false, ""scheduled_on_flip"": true, ""shape"": ""hexagon"", ""timing_model"": ""psychopy_callOnFlip_plus_fixed_display_latency""}"
152,go_nogo_trial_complete,EVENT,505058.156,,"{""attention_challenge"": {""enabled"": false, ""expected_state"": ""normal"", ""is_cue_trial"": false}, ""button_press_count"": 1, ""commission_error"": 0, ""condition"": ""go"", ""correct"": true, ""correct_press"": 1, ""event_type_name"": ""go_nogo_trial_complete"", ""is_no_go"": false, ""omission_error"": 0, ""practice"": false, ""reaction_time_seconds"": 0.42143680003937334, ""schema_version"": 1, ""session_dir"": ""C:\\Users\\Surettej\\Documents\\Codespace\\eegle\\data\\participants\\sub-001-online\\sessions\\2026-07-14\\attention_lapse_go_nogo8_observe_only\\go_nogo\\run-20260714T131407"", ""source"": ""task.go_nogo"", ""stimulus_offset_lsl_timestamp"": 505058.1839925, ""stimulus_offset_monotonic"": 505058.156, ""stimulus_onset_lsl_timestamp"": 505057.376148, ""stimulus_onset_monotonic"": 505057.343, ""task"": ""go_nogo""}"
153,go_nogo_stimulus_onset_153_go_star_yellow,EVENT,505058.906,,"{""color"": ""yellow"", ""expected_frame_interval_ms"": 16.60961000015959, ""expected_refresh_rate_hz"": 60.0, ""expected_visual_onset_lsl_timestamp"": 505058.927665, ""expected_visual_onset_monotonic"": 505058.906, ""expected_visual_onset_uncertainty_ms"": 8.304805000079796, ""fixed_display_latency_ms"": 0.0, ""flip_lsl_timestamp"": 505058.927665, ""flip_monotonic"": 505058.906, ""is_no_go"": false, ""lsl_timestamp"": 505058.927665, ""marker_push_latency_ms"": 0.0, ""measured_refresh_rate_hz"": 60.20610959501106, ""photodiode_verification_enabled"": false, ""scheduled_on_flip"": true, ""shape"": ""star"", ""timing_model"": ""psychopy_callOnFlip_plus_fixed_display_latency""}"
153,button_press,EVENT,505059.2169594,space,"{""is_response_key"": true, ""lsl_timestamp"": 505059.2386244, ""marker_push_latency_ms"": 0.0, ""rt_from_flip_seconds"": 0.31095939996885136, ""rt_seconds"": 0.31095939996885136}"
153,go_nogo_stimulus_offset_153_go_star_yellow,EVENT,505059.718,,"{""color"": ""yellow"", ""expected_frame_interval_ms"": 16.60961000015959, ""expected_refresh_rate_hz"": 60.0, ""expected_visual_onset_lsl_timestamp"": 505059.7434974, ""expected_visual_onset_monotonic"": 505059.718, ""expected_visual_onset_uncertainty_ms"": 8.304805000079796, ""fixed_display_latency_ms"": 0.0, ""flip_lsl_timestamp"": 505059.7434974, ""flip_monotonic"": 505059.718, ""is_no_go"": false, ""lsl_timestamp"": 505059.7434974, ""marker_push_latency_ms"": 0.0, ""measured_refresh_rate_hz"": 60.20610959501106, ""photodiode_verification_enabled"": false, ""scheduled_on_flip"": true, ""shape"": ""star"", ""timing_model"": ""psychopy_callOnFlip_plus_fixed_display_latency""}"
153,go_nogo_trial_complete,EVENT,505059.718,,"{""attention_challenge"": {""enabled"": false, ""expected_state"": ""normal"", ""is_cue_trial"": false}, ""button_press_count"": 1, ""commission_error"": 0, ""condition"": ""go"", ""correct"": true, ""correct_press"": 1, ""event_type_name"": ""go_nogo_trial_complete"", ""is_no_go"": false, ""omission_error"": 0, ""practice"": false, ""reaction_time_seconds"": 0.31095939996885136, ""schema_version"": 1, ""session_dir"": ""C:\\Users\\Surettej\\Documents\\Codespace\\eegle\\data\\participants\\sub-001-online\\sessions\\2026-07-14\\attention_lapse_go_nogo8_observe_only\\go_nogo\\run-20260714T131407"", ""source"": ""task.go_nogo"", ""stimulus_offset_lsl_timestamp"": 505059.7434974, ""stimulus_offset_monotonic"": 505059.718, ""stimulus_onset_lsl_timestamp"": 505058.927665, ""stimulus_onset_monotonic"": 505058.906, ""task"": ""go_nogo""}"
154,go_nogo_stimulus_onset_154_go_triangle_yellow,EVENT,505060.453,,"{""color"": ""yellow"", ""expected_frame_interval_ms"": 16.60961000015959, ""expected_refresh_rate_hz"": 60.0, ""expected_visual_onset_lsl_timestamp"": 505060.4854339, ""expected_visual_onset_monotonic"": 505060.453, ""expected_visual_onset_uncertainty_ms"": 8.304805000079796, ""fixed_display_latency_ms"": 0.0, ""flip_lsl_timestamp"": 505060.4854339, ""flip_monotonic"": 505060.453, ""is_no_go"": false, ""lsl_timestamp"": 505060.4854339, ""marker_push_latency_ms"": 0.0, ""measured_refresh_rate_hz"": 60.20610959501106, ""photodiode_verification_enabled"": false, ""scheduled_on_flip"": true, ""shape"": ""triangle"", ""timing_model"": ""psychopy_callOnFlip_plus_fixed_display_latency""}"
154,button_press,EVENT,505060.9086118,space,"{""is_response_key"": true, ""lsl_timestamp"": 505060.9410457, ""marker_push_latency_ms"": 0.0, ""rt_from_flip_seconds"": 0.4556118000182323, ""rt_seconds"": 0.4556118000182323}"
154,go_nogo_stimulus_offset_154_go_triangle_yellow,EVENT,505061.265,,"{""color"": ""yellow"", ""expected_frame_interval_ms"": 16.60961000015959, ""expected_refresh_rate_hz"": 60.0, ""expected_visual_onset_lsl_timestamp"": 505061.2954986, ""expected_visual_onset_monotonic"": 505061.265, ""expected_visual_onset_uncertainty_ms"": 8.304805000079796, ""fixed_display_latency_ms"": 0.0, ""flip_lsl_timestamp"": 505061.2954986, ""flip_monotonic"": 505061.265, ""is_no_go"": false, ""lsl_timestamp"": 505061.2954986, ""marker_push_latency_ms"": 0.0, ""measured_refresh_rate_hz"": 60.20610959501106, ""photodiode_verification_enabled"": false, ""scheduled_on_flip"": true, ""shape"": ""triangle"", ""timing_model"": ""psychopy_callOnFlip_plus_fixed_display_latency""}"
154,go_nogo_trial_complete,EVENT,505061.265,,"{""attention_challenge"": {""enabled"": false, ""expected_state"": ""normal"", ""is_cue_trial"": false}, ""button_press_count"": 1, ""commission_error"": 0, ""condition"": ""go"", ""correct"": true, ""correct_press"": 1, ""event_type_name"": ""go_nogo_trial_complete"", ""is_no_go"": false, ""omission_error"": 0, ""practice"": false, ""reaction_time_seconds"": 0.4556118000182323, ""schema_version"": 1, ""session_dir"": ""C:\\Users\\Surettej\\Documents\\Codespace\\eegle\\data\\participants\\sub-001-online\\sessions\\2026-07-14\\attention_lapse_go_nogo8_observe_only\\go_nogo\\run-20260714T131407"", ""source"": ""task.go_nogo"", ""stimulus_offset_lsl_timestamp"": 505061.2954986, ""stimulus_offset_monotonic"": 505061.265, ""stimulus_onset_lsl_timestamp"": 505060.4854339, ""stimulus_onset_monotonic"": 505060.453, ""task"": ""go_nogo""}"
155,go_nogo_stimulus_onset_155_go_triangle_magenta,EVENT,505062.015,,"{""color"": ""magenta"", ""expected_frame_interval_ms"": 16.60961000015959, ""expected_refresh_rate_hz"": 60.0, ""expected_visual_onset_lsl_timestamp"": 505062.044634, ""expected_visual_onset_monotonic"": 505062.015, ""expected_visual_onset_uncertainty_ms"": 8.304805000079796, ""fixed_display_latency_ms"": 0.0, ""flip_lsl_timestamp"": 505062.044634, ""flip_monotonic"": 505062.015, ""is_no_go"": false, ""lsl_timestamp"": 505062.044634, ""marker_push_latency_ms"": 0.0, ""measured_refresh_rate_hz"": 60.20610959501106, ""photodiode_verification_enabled"": false, ""scheduled_on_flip"": true, ""shape"": ""triangle"", ""timing_model"": ""psychopy_callOnFlip_plus_fixed_display_latency""}"
155,button_press,EVENT,505062.41474060004,space,"{""is_response_key"": true, ""lsl_timestamp"": 505062.4443746, ""marker_push_latency_ms"": 0.0, ""rt_from_flip_seconds"": 0.39974060002714396, ""rt_seconds"": 0.39974060002714396}"
155,go_nogo_stimulus_offset_155_go_triangle_magenta,EVENT,505062.828,,"{""color"": ""magenta"", ""expected_frame_interval_ms"": 16.60961000015959, ""expected_refresh_rate_hz"": 60.0, ""expected_visual_onset_lsl_timestamp"": 505062.8536647, ""expected_visual_onset_monotonic"": 505062.828, ""expected_visual_onset_uncertainty_ms"": 8.304805000079796, ""fixed_display_latency_ms"": 0.0, ""flip_lsl_timestamp"": 505062.8536647, ""flip_monotonic"": 505062.828, ""is_no_go"": false, ""lsl_timestamp"": 505062.8536647, ""marker_push_latency_ms"": 0.0, ""measured_refresh_rate_hz"": 60.20610959501106, ""photodiode_verification_enabled"": false, ""scheduled_on_flip"": true, ""shape"": ""triangle"", ""timing_model"": ""psychopy_callOnFlip_plus_fixed_display_latency""}"
155,go_nogo_trial_complete,EVENT,505062.828,,"{""attention_challenge"": {""enabled"": false, ""expected_state"": ""normal"", ""is_cue_trial"": false}, ""button_press_count"": 1, ""commission_error"": 0, ""condition"": ""go"", ""correct"": true, ""correct_press"": 1, ""event_type_name"": ""go_nogo_trial_complete"", ""is_no_go"": false, ""omission_error"": 0, ""practice"": false, ""reaction_time_seconds"": 0.39974060002714396, ""schema_version"": 1, ""session_dir"": ""C:\\Users\\Surettej\\Documents\\Codespace\\eegle\\data\\participants\\sub-001-online\\sessions\\2026-07-14\\attention_lapse_go_nogo8_observe_only\\go_nogo\\run-20260714T131407"", ""source"": ""task.go_nogo"", ""stimulus_offset_lsl_timestamp"": 505062.8536647, ""stimulus_offset_monotonic"": 505062.828, ""stimulus_onset_lsl_timestamp"": 505062.044634, ""stimulus_onset_monotonic"": 505062.015, ""task"": ""go_nogo""}"
156,go_nogo_stimulus_onset_156_go_star_yellow,EVENT,505063.562,,"{""color"": ""yellow"", ""expected_frame_interval_ms"": 16.60961000015959, ""expected_refresh_rate_hz"": 60.0, ""expected_visual_onset_lsl_timestamp"": 505063.5953603, ""expected_visual_onset_monotonic"": 505063.562, ""expected_visual_onset_uncertainty_ms"": 8.304805000079796, ""fixed_display_latency_ms"": 0.0, ""flip_lsl_timestamp"": 505063.5953603, ""flip_monotonic"": 505063.562, ""is_no_go"": false, ""lsl_timestamp"": 505063.5953603, ""marker_push_latency_ms"": 0.0, ""measured_refresh_rate_hz"": 60.20610959501106, ""photodiode_verification_enabled"": false, ""scheduled_on_flip"": true, ""shape"": ""star"", ""timing_model"": ""psychopy_callOnFlip_plus_fixed_display_latency""}"
156,button_press,EVENT,505063.94815019995,space,"{""is_response_key"": true, ""lsl_timestamp"": 505063.98151049996, ""marker_push_latency_ms"": 0.0, ""rt_from_flip_seconds"": 0.3861501999781467, ""rt_seconds"": 0.3861501999781467}"
156,go_nogo_stimulus_offset_156_go_star_yellow,EVENT,505064.375,,"{""color"": ""yellow"", ""expected_frame_interval_ms"": 16.60961000015959, ""expected_refresh_rate_hz"": 60.0, ""expected_visual_onset_lsl_timestamp"": 505064.4030636, ""expected_visual_onset_monotonic"": 505064.375, ""expected_visual_onset_uncertainty_ms"": 8.304805000079796, ""fixed_display_latency_ms"": 0.0, ""flip_lsl_timestamp"": 505064.4030636, ""flip_monotonic"": 505064.375, ""is_no_go"": false, ""lsl_timestamp"": 505064.4030636, ""marker_push_latency_ms"": 0.0, ""measured_refresh_rate_hz"": 60.20610959501106, ""photodiode_verification_enabled"": false, ""scheduled_on_flip"": true, ""shape"": ""star"", ""timing_model"": ""psychopy_callOnFlip_plus_fixed_display_latency""}"
156,go_nogo_trial_complete,EVENT,505064.375,,"{""attention_challenge"": {""enabled"": false, ""expected_state"": ""normal"", ""is_cue_trial"": false}, ""button_press_count"": 1, ""commission_error"": 0, ""condition"": ""go"", ""correct"": true, ""correct_press"": 1, ""event_type_name"": ""go_nogo_trial_complete"", ""is_no_go"": false, ""omission_error"": 0, ""practice"": false, ""reaction_time_seconds"": 0.3861501999781467, ""schema_version"": 1, ""session_dir"": ""C:\\Users\\Surettej\\Documents\\Codespace\\eegle\\data\\participants\\sub-001-online\\sessions\\2026-07-14\\attention_lapse_go_nogo8_observe_only\\go_nogo\\run-20260714T131407"", ""source"": ""task.go_nogo"", ""stimulus_offset_lsl_timestamp"": 505064.4030636, ""stimulus_offset_monotonic"": 505064.375, ""stimulus_onset_lsl_timestamp"": 505063.5953603, ""stimulus_onset_monotonic"": 505063.562, ""task"": ""go_nogo""}"
157,go_nogo_stimulus_onset_157_go_square_yellow,EVENT,505065.125,,"{""color"": ""yellow"", ""expected_frame_interval_ms"": 16.60961000015959, ""expected_refresh_rate_hz"": 60.0, ""expected_visual_onset_lsl_timestamp"": 505065.1486034, ""expected_visual_onset_monotonic"": 505065.125, ""expected_visual_onset_uncertainty_ms"": 8.304805000079796, ""fixed_display_latency_ms"": 0.0, ""flip_lsl_timestamp"": 505065.1486034, ""flip_monotonic"": 505065.125, ""is_no_go"": false, ""lsl_timestamp"": 505065.1486034, ""marker_push_latency_ms"": 0.0, ""measured_refresh_rate_hz"": 60.20610959501106, ""photodiode_verification_enabled"": false, ""scheduled_on_flip"": true, ""shape"": ""square"", ""timing_model"": ""psychopy_callOnFlip_plus_fixed_display_latency""}"
157,button_press,EVENT,505065.3099676,space,"{""is_response_key"": true, ""lsl_timestamp"": 505065.33357099997, ""marker_push_latency_ms"": 0.0, ""rt_from_flip_seconds"": 0.18496759998379275, ""rt_seconds"": 0.18496759998379275}"
157,go_nogo_stimulus_offset_157_go_square_yellow,EVENT,505065.921,,"{""color"": ""yellow"", ""expected_frame_interval_ms"": 16.60961000015959, ""expected_refresh_rate_hz"": 60.0, ""expected_visual_onset_lsl_timestamp"": 505065.9562625, ""expected_visual_onset_monotonic"": 505065.921, ""expected_visual_onset_uncertainty_ms"": 8.304805000079796, ""fixed_display_latency_ms"": 0.0, ""flip_lsl_timestamp"": 505065.9562625, ""flip_monotonic"": 505065.921, ""is_no_go"": false, ""lsl_timestamp"": 505065.9562625, ""marker_push_latency_ms"": 0.0, ""measured_refresh_rate_hz"": 60.20610959501106, ""photodiode_verification_enabled"": false, ""scheduled_on_flip"": true, ""shape"": ""square"", ""timing_model"": ""psychopy_callOnFlip_plus_fixed_display_latency""}"
157,go_nogo_trial_complete,EVENT,505065.937,,"{""attention_challenge"": {""enabled"": false, ""expected_state"": ""normal"", ""is_cue_trial"": false}, ""button_press_count"": 1, ""commission_error"": 0, ""condition"": ""go"", ""correct"": true, ""correct_press"": 1, ""event_type_name"": ""go_nogo_trial_complete"", ""is_no_go"": false, ""omission_error"": 0, ""practice"": false, ""reaction_time_seconds"": 0.18496759998379275, ""schema_version"": 1, ""session_dir"": ""C:\\Users\\Surettej\\Documents\\Codespace\\eegle\\data\\participants\\sub-001-online\\sessions\\2026-07-14\\attention_lapse_go_nogo8_observe_only\\go_nogo\\run-20260714T131407"", ""source"": ""task.go_nogo"", ""stimulus_offset_lsl_timestamp"": 505065.9562625, ""stimulus_offset_monotonic"": 505065.921, ""stimulus_onset_lsl_timestamp"": 505065.1486034, ""stimulus_onset_monotonic"": 505065.125, ""task"": ""go_nogo""}"
158,go_nogo_stimulus_onset_158_nogo_x_white,EVENT,505066.687,,"{""color"": ""white"", ""expected_frame_interval_ms"": 16.60961000015959, ""expected_refresh_rate_hz"": 60.0, ""expected_visual_onset_lsl_timestamp"": 505066.7149509, ""expected_visual_onset_monotonic"": 505066.687, ""expected_visual_onset_uncertainty_ms"": 8.304805000079796, ""fixed_display_latency_ms"": 0.0, ""flip_lsl_timestamp"": 505066.7149509, ""flip_monotonic"": 505066.687, ""is_no_go"": true, ""lsl_timestamp"": 505066.7149509, ""marker_push_latency_ms"": 0.0, ""measured_refresh_rate_hz"": 60.20610959501106, ""photodiode_verification_enabled"": false, ""scheduled_on_flip"": true, ""shape"": ""x"", ""timing_model"": ""psychopy_callOnFlip_plus_fixed_display_latency""}"
158,button_press,EVENT,505066.96935399994,space,"{""is_response_key"": true, ""lsl_timestamp"": 505066.99730489997, ""marker_push_latency_ms"": 0.0, ""rt_from_flip_seconds"": 0.28235399996628985, ""rt_seconds"": 0.28235399996628985}"
158,go_nogo_stimulus_offset_158_nogo_x_white,EVENT,505067.5,,"{""color"": ""white"", ""expected_frame_interval_ms"": 16.60961000015959, ""expected_refresh_rate_hz"": 60.0, ""expected_visual_onset_lsl_timestamp"": 505067.5235051, ""expected_visual_onset_monotonic"": 505067.5, ""expected_visual_onset_uncertainty_ms"": 8.304805000079796, ""fixed_display_latency_ms"": 0.0, ""flip_lsl_timestamp"": 505067.5235051, ""flip_monotonic"": 505067.5, ""is_no_go"": true, ""lsl_timestamp"": 505067.5235051, ""marker_push_latency_ms"": 0.0, ""measured_refresh_rate_hz"": 60.20610959501106, ""photodiode_verification_enabled"": false, ""scheduled_on_flip"": true, ""shape"": ""x"", ""timing_model"": ""psychopy_callOnFlip_plus_fixed_display_latency""}"
158,go_nogo_trial_complete,EVENT,505067.5,,"{""attention_challenge"": {""enabled"": false, ""expected_state"": ""normal"", ""is_cue_trial"": false}, ""button_press_count"": 1, ""commission_error"": 1, ""condition"": ""no_go"", ""correct"": false, ""correct_press"": 0, ""event_type_name"": ""go_nogo_trial_complete"", ""is_no_go"": true, ""omission_error"": 0, ""practice"": false, ""reaction_time_seconds"": 0.28235399996628985, ""schema_version"": 1, ""session_dir"": ""C:\\Users\\Surettej\\Documents\\Codespace\\eegle\\data\\participants\\sub-001-online\\sessions\\2026-07-14\\attention_lapse_go_nogo8_observe_only\\go_nogo\\run-20260714T131407"", ""source"": ""task.go_nogo"", ""stimulus_offset_lsl_timestamp"": 505067.5235051, ""stimulus_offset_monotonic"": 505067.5, ""stimulus_onset_lsl_timestamp"": 505066.7149509, ""stimulus_onset_monotonic"": 505066.687, ""task"": ""go_nogo""}"
159,go_nogo_stimulus_onset_159_go_star_blue,EVENT,505068.234,,"{""color"": ""blue"", ""expected_frame_interval_ms"": 16.60961000015959, ""expected_refresh_rate_hz"": 60.0, ""expected_visual_onset_lsl_timestamp"": 505068.265381, ""expected_visual_onset_monotonic"": 505068.234, ""expected_visual_onset_uncertainty_ms"": 8.304805000079796, ""fixed_display_latency_ms"": 0.0, ""flip_lsl_timestamp"": 505068.265381, ""flip_monotonic"": 505068.234, ""is_no_go"": false, ""lsl_timestamp"": 505068.265381, ""marker_push_latency_ms"": 0.0, ""measured_refresh_rate_hz"": 60.20610959501106, ""photodiode_verification_enabled"": false, ""scheduled_on_flip"": true, ""shape"": ""star"", ""timing_model"": ""psychopy_callOnFlip_plus_fixed_display_latency""}"
159,button_press,EVENT,505068.5899707,space,"{""is_response_key"": true, ""lsl_timestamp"": 505068.6213517, ""marker_push_latency_ms"": 0.0, ""rt_from_flip_seconds"": 0.3559706999803893, ""rt_seconds"": 0.3559706999803893}"
159,go_nogo_stimulus_offset_159_go_star_blue,EVENT,505069.046,,"{""color"": ""blue"", ""expected_frame_interval_ms"": 16.60961000015959, ""expected_refresh_rate_hz"": 60.0, ""expected_visual_onset_lsl_timestamp"": 505069.0809431, ""expected_visual_onset_monotonic"": 505069.046, ""expected_visual_onset_uncertainty_ms"": 8.304805000079796, ""fixed_display_latency_ms"": 0.0, ""flip_lsl_timestamp"": 505069.0809431, ""flip_monotonic"": 505069.046, ""is_no_go"": false, ""lsl_timestamp"": 505069.0809431, ""marker_push_latency_ms"": 0.0, ""measured_refresh_rate_hz"": 60.20610959501106, ""photodiode_verification_enabled"": false, ""scheduled_on_flip"": true, ""shape"": ""star"", ""timing_model"": ""psychopy_callOnFlip_plus_fixed_display_latency""}"
159,go_nogo_trial_complete,EVENT,505069.062,,"{""attention_challenge"": {""enabled"": false, ""expected_state"": ""normal"", ""is_cue_trial"": false}, ""button_press_count"": 1, ""commission_error"": 0, ""condition"": ""go"", ""correct"": true, ""correct_press"": 1, ""event_type_name"": ""go_nogo_trial_complete"", ""is_no_go"": false, ""omission_error"": 0, ""practice"": false, ""reaction_time_seconds"": 0.3559706999803893, ""schema_version"": 1, ""session_dir"": ""C:\\Users\\Surettej\\Documents\\Codespace\\eegle\\data\\participants\\sub-001-online\\sessions\\2026-07-14\\attention_lapse_go_nogo8_observe_only\\go_nogo\\run-20260714T131407"", ""source"": ""task.go_nogo"", ""stimulus_offset_lsl_timestamp"": 505069.0809431, ""stimulus_offset_monotonic"": 505069.046, ""stimulus_onset_lsl_timestamp"": 505068.265381, ""stimulus_onset_monotonic"": 505068.234, ""task"": ""go_nogo""}"
160,go_nogo_stimulus_onset_160_go_circle_blue,EVENT,505069.812,,"{""color"": ""blue"", ""expected_frame_interval_ms"": 16.60961000015959, ""expected_refresh_rate_hz"": 60.0, ""expected_visual_onset_lsl_timestamp"": 505069.8480661, ""expected_visual_onset_monotonic"": 505069.812, ""expected_visual_onset_uncertainty_ms"": 8.304805000079796, ""fixed_display_latency_ms"": 0.0, ""flip_lsl_timestamp"": 505069.8480661, ""flip_monotonic"": 505069.812, ""is_no_go"": false, ""lsl_timestamp"": 505069.8480661, ""marker_push_latency_ms"": 0.0, ""measured_refresh_rate_hz"": 60.20610959501106, ""photodiode_verification_enabled"": false, ""scheduled_on_flip"": true, ""shape"": ""circle"", ""timing_model"": ""psychopy_callOnFlip_plus_fixed_display_latency""}"
160,button_press,EVENT,505070.1199318,space,"{""is_response_key"": true, ""lsl_timestamp"": 505070.1559979, ""marker_push_latency_ms"": 0.0, ""rt_from_flip_seconds"": 0.3079318000236526, ""rt_seconds"": 0.3079318000236526}"
160,go_nogo_stimulus_offset_160_go_circle_blue,EVENT,505070.625,,"{""color"": ""blue"", ""expected_frame_interval_ms"": 16.60961000015959, ""expected_refresh_rate_hz"": 60.0, ""expected_visual_onset_lsl_timestamp"": 505070.6560683, ""expected_visual_onset_monotonic"": 505070.625, ""expected_visual_onset_uncertainty_ms"": 8.304805000079796, ""fixed_display_latency_ms"": 0.0, ""flip_lsl_timestamp"": 505070.6560683, ""flip_monotonic"": 505070.625, ""is_no_go"": false, ""lsl_timestamp"": 505070.6560683, ""marker_push_latency_ms"": 0.0, ""measured_refresh_rate_hz"": 60.20610959501106, ""photodiode_verification_enabled"": false, ""scheduled_on_flip"": true, ""shape"": ""circle"", ""timing_model"": ""psychopy_callOnFlip_plus_fixed_display_latency""}"
160,go_nogo_trial_complete,EVENT,505070.64,,"{""attention_challenge"": {""enabled"": false, ""expected_state"": ""normal"", ""is_cue_trial"": false}, ""button_press_count"": 1, ""commission_error"": 0, ""condition"": ""go"", ""correct"": true, ""correct_press"": 1, ""event_type_name"": ""go_nogo_trial_complete"", ""is_no_go"": false, ""omission_error"": 0, ""practice"": false, ""reaction_time_seconds"": 0.3079318000236526, ""schema_version"": 1, ""session_dir"": ""C:\\Users\\Surettej\\Documents\\Codespace\\eegle\\data\\participants\\sub-001-online\\sessions\\2026-07-14\\attention_lapse_go_nogo8_observe_only\\go_nogo\\run-20260714T131407"", ""source"": ""task.go_nogo"", ""stimulus_offset_lsl_timestamp"": 505070.6560683, ""stimulus_offset_monotonic"": 505070.625, ""stimulus_onset_lsl_timestamp"": 505069.8480661, ""stimulus_onset_monotonic"": 505069.812, ""task"": ""go_nogo""}"
,task_end,SYSTEM,505071.359,,"{""aborted"": false, ""lsl_timestamp"": 505071.3930429, ""marker_push_latency_ms"": 0.0, ""task"": ""go_nogo""}"
