global_trial_index,phase,is_practice,stimulus_onset_monotonic,stimulus_onset_lsl,scheduled_response_window_close_monotonic,scheduled_response_window_close_lsl,response_window_close_monotonic,response_window_close_lsl,response_window_close_overshoot_seconds,scheduled_next_trial_onset_monotonic,actual_next_trial_onset_monotonic,actual_next_trial_onset_lsl,actual_trial_duration_seconds,actual_trial_duration_lsl_seconds,next_onset_schedule_drift_seconds,planned_break_after_trial,probe_after,timing_semantics_version,timing_finalization_status
-1,practice,1,1296418.453,1296418.6443895,1296420.053,1296420.2443895,1296420.062,1296420.2485664,0.008999999845400453,1296420.053,1296420.515,1296420.7025329,2.0619999999180436,2.0581434001214802,0.46199999982491136,0,,2,measured_from_next_stimulus_flip
-2,practice,1,1296420.515,1296420.7025329,1296422.115,1296422.3025329001,1296422.125,1296422.3128799,0.010000000009313226,1296422.115,1296422.546,1296422.7462905,2.0310000001918525,2.043757600011304,0.4310000000987202,0,,2,measured_from_next_stimulus_flip
-3,practice,1,1296422.546,1296422.7462905,1296424.1460000002,1296424.3462905001,1296424.156,1296424.3437039,0.009999999776482582,1296424.1460000002,1296424.593,1296424.7911628,2.047000000020489,2.0448723000008613,0.44699999992735684,0,,2,measured_from_next_stimulus_flip
-4,practice,1,1296424.593,1296424.7911628,1296426.1930000002,1296426.3911628001,1296426.203,1296426.3901687,0.009999999776482582,1296426.1930000002,1296426.64,1296426.8282248,2.0469999997876585,2.037062000017613,0.4469999996945262,0,,2,measured_from_next_stimulus_flip
-5,practice,1,1296426.64,1296426.8282248,1296428.24,1296428.4282248002,1296428.25,1296428.436383,0.010000000009313226,1296428.24,1296428.718,1296428.9082996,2.0780000002123415,2.080074799945578,0.4780000001192093,0,,2,measured_from_next_stimulus_flip
-6,practice,1,1296428.718,1296428.9082996,1296430.3180000002,1296430.5082996,1296430.328,1296430.5142857,0.009999999776482582,1296430.3180000002,1296430.781,1296430.9775211,2.0629999998491257,2.069221500074491,0.4629999997559935,0,,2,measured_from_next_stimulus_flip
-7,practice,1,1296430.781,1296430.9775211,1296432.381,1296432.5775211002,1296432.39,1296432.5783146,0.008999999845400453,1296432.381,1296432.828,1296433.0206955,2.047000000020489,2.0431743999943137,0.44699999992735684,0,,2,measured_from_next_stimulus_flip
-8,practice,1,1296432.828,1296433.0206955,1296434.428,1296434.6206955002,1296434.437,1296434.6240519,0.008999999845400453,1296434.428,1296434.89,1296435.0807954,2.0619999999180436,2.06009990000166,0.46199999982491136,0,,2,measured_from_next_stimulus_flip
-9,practice,1,1296434.89,1296435.0807954,1296436.49,1296436.6807954002,1296436.5,1296436.6863807,0.010000000009313226,1296436.49,1296436.968,1296437.1595818,2.0780000002123415,2.0787863999139518,0.4780000001192093,0,,2,measured_from_next_stimulus_flip
-10,practice,1,1296436.968,1296437.1595818,1296438.5680000002,1296438.7595818,1296438.578,1296438.7643979,0.009999999776482582,1296438.5680000002,1296439.031,1296439.2197089,2.0629999998491257,2.0601270999759436,0.4629999997559935,0,,2,measured_from_next_stimulus_flip
-11,practice,1,1296439.031,1296439.2197089,1296440.631,1296440.8197089,1296440.64,1296440.8269779,0.008999999845400453,1296440.631,1296441.062,1296441.2635313,2.030999999959022,2.043822400039062,0.43099999986588955,0,,2,measured_from_next_stimulus_flip
-12,practice,1,1296441.062,1296441.2635313,1296442.662,1296442.8635313,1296442.671,1296442.8590628,0.009000000078231096,1296442.662,1296443.125,1296443.3170113,2.0630000000819564,2.0534800000023097,0.46299999998882413,0,,2,measured_from_next_stimulus_flip
-13,practice,1,1296443.125,1296443.3170113,1296444.725,1296444.9170113,1296444.734,1296444.9202748,0.008999999845400453,1296444.725,1296445.187,1296445.3839923,2.0619999999180436,2.06698099989444,0.46199999982491136,0,,2,measured_from_next_stimulus_flip
-14,practice,1,1296445.187,1296445.3839923,1296446.787,1296446.9839923,1296446.796,1296446.9825936,0.009000000078231096,1296446.787,1296447.218,1296447.4135494,2.0310000001918525,2.029557100031525,0.4310000000987202,0,,2,measured_from_next_stimulus_flip
-15,practice,1,1296447.218,1296447.4135494,1296448.8180000002,1296449.0135494,1296448.828,1296449.0152865,0.009999999776482582,1296448.8180000002,1296449.281,1296449.4698442,2.0629999998491257,2.0562948000151664,0.4629999997559935,0,,2,measured_from_next_stimulus_flip
-16,practice,1,1296449.281,1296449.4698442,1296450.881,1296451.0698442,1296450.89,1296451.0768769,0.008999999845400453,1296450.881,1296451.328,1296451.5156419,2.047000000020489,2.045797700062394,0.44699999992735684,0,,2,measured_from_next_stimulus_flip
-17,practice,1,1296451.328,1296451.5156419,1296452.928,1296453.1156419,1296452.937,1296453.1250451,0.008999999845400453,1296452.928,1296453.406,1296453.5928133,2.077999999979511,2.077171399956569,0.47799999988637865,0,,2,measured_from_next_stimulus_flip
-18,practice,1,1296453.406,1296453.5928133,1296455.006,1296455.1928133,1296455.015,1296455.2022374,0.008999999845400453,1296455.006,1296455.468,1296455.6666484,2.0620000001508743,2.0738351000472903,0.462000000057742,0,,2,measured_from_next_stimulus_flip
-19,practice,1,1296455.468,1296455.6666484,1296457.0680000002,1296457.2666484,1296457.078,1296457.2633818,0.009999999776482582,1296457.0680000002,1296457.515,1296457.7013871,2.0469999997876585,2.0347386999055743,0.4469999996945262,0,,2,measured_from_next_stimulus_flip
-20,practice,1,1296457.515,1296457.7013871,1296459.115,1296459.3013871,1296459.125,1296459.3120767,0.010000000009313226,1296459.115,1296459.578,1296459.7772406,2.0630000000819564,2.0758535000495613,0.46299999998882413,0,,2,measured_from_next_stimulus_flip
-21,practice,1,1296459.578,1296459.7772406,1296461.178,1296461.3772406,1296461.187,1296461.3739256,0.008999999845400453,1296461.178,1296461.656,1296461.8467583,2.077999999979511,2.0695177000015974,0.47799999988637865,0,,2,measured_from_next_stimulus_flip
-22,practice,1,1296461.656,1296461.8467583,1296463.256,1296463.4467583,1296463.265,1296463.4533817,0.008999999845400453,1296463.256,1296463.703,1296463.9025563,2.047000000020489,2.0557979999575764,0.44699999992735684,0,,2,measured_from_next_stimulus_flip
-23,practice,1,1296463.703,1296463.9025563,1296465.303,1296465.5025563,1296465.312,1296465.4992698,0.008999999845400453,1296465.303,1296465.765,1296465.9580316,2.0619999999180436,2.055475300177932,0.46199999982491136,0,,2,measured_from_next_stimulus_flip
-24,practice,1,1296465.765,1296465.9580316,1296467.365,1296467.5580316002,1296467.375,1296467.561031,0.010000000009313226,1296467.365,1296467.828,1296468.0228187,2.0630000000819564,2.064787099836394,0.46299999998882413,0,,2,measured_from_next_stimulus_flip
-25,practice,1,1296467.828,1296468.0228187,1296469.428,1296469.6228187,1296469.437,1296469.6232277,0.008999999845400453,1296469.428,1296469.906,1296470.1002193,2.077999999979511,2.0774006000719965,0.47799999988637865,0,,2,measured_from_next_stimulus_flip
-26,practice,1,1296469.906,1296470.1002193,1296471.506,1296471.7002193,1296471.515,1296471.7020811,0.008999999845400453,1296471.506,1296471.968,1296472.1673945,2.0620000001508743,2.067175199976191,0.462000000057742,0,,2,measured_from_next_stimulus_flip
-27,practice,1,1296471.968,1296472.1673945,1296473.5680000002,1296473.7673945,1296473.578,1296473.7656057,0.009999999776482582,1296473.5680000002,1296474.015,1296474.2151878,2.0469999997876585,2.0477932998910546,0.4469999996945262,0,,2,measured_from_next_stimulus_flip
-28,practice,1,1296474.015,1296474.2151878,1296475.615,1296475.8151878,1296475.625,1296475.8122263,0.010000000009313226,1296475.615,1296476.078,1296476.2671001,2.0630000000819564,2.0519123000558466,0.46299999998882413,0,,2,measured_from_next_stimulus_flip
-29,practice,1,1296476.078,1296476.2671001,1296477.678,1296477.8671001,1296477.687,1296477.8730471,0.008999999845400453,1296477.678,1296478.14,1296478.3385155,2.0619999999180436,2.071415400132537,0.46199999982491136,0,,2,measured_from_next_stimulus_flip
-30,practice,1,1296478.14,1296478.3385155,1296479.74,1296479.9385155002,1296479.75,1296479.9381473,0.010000000009313226,1296479.74,1296484.5,1296484.6969083,6.3600000001024455,6.358392799971625,4.760000000009313,0,,2,measured_from_next_stimulus_flip
-31,practice,1,1296484.5,1296484.6969083,1296486.1,1296486.2969083001,1296486.109,1296486.2949181,0.008999999845400453,1296486.1,1296486.531,1296486.7321429,2.030999999959022,2.035234599839896,0.43099999986588955,0,,2,measured_from_next_stimulus_flip
-32,practice,1,1296486.531,1296486.7321429,1296488.131,1296488.3321429,1296488.14,1296488.3272465,0.008999999845400453,1296488.131,1296488.609,1296488.8013082,2.077999999979511,2.0691653001122177,0.47799999988637865,0,,2,measured_from_next_stimulus_flip
-33,practice,1,1296488.609,1296488.8013082,1296490.209,1296490.4013082,1296490.218,1296490.403972,0.009000000078231096,1296490.209,1296490.671,1296490.8655747,2.0620000001508743,2.0642665000632405,0.462000000057742,0,,2,measured_from_next_stimulus_flip
-34,practice,1,1296490.671,1296490.8655747,1296492.2710000002,1296492.4655747002,1296492.281,1296492.4671343,0.009999999776482582,1296492.2710000002,1296492.703,1296492.8964476,2.031999999890104,2.0308729000389576,0.4319999997969717,0,,2,measured_from_next_stimulus_flip
-35,practice,1,1296492.703,1296492.8964476,1296494.303,1296494.4964476002,1296494.312,1296494.4990188,0.008999999845400453,1296494.303,1296494.75,1296494.9504681,2.047000000020489,2.0540204998105764,0.44699999992735684,0,,2,measured_from_next_stimulus_flip
-36,practice,1,1296494.75,1296494.9504681,1296496.35,1296496.5504681,1296496.359,1296496.5472701,0.008999999845400453,1296496.35,1296496.796,1296496.9910643,2.046000000089407,2.0405962001532316,0.4459999999962747,0,,2,measured_from_next_stimulus_flip
-37,practice,1,1296496.796,1296496.9910643,1296498.3960000002,1296498.5910643002,1296498.406,1296498.593021,0.009999999776482582,1296498.3960000002,1296498.859,1296499.0459107,2.0629999998491257,2.0548463999293745,0.4629999997559935,0,,2,measured_from_next_stimulus_flip
-38,practice,1,1296498.859,1296499.0459107,1296500.459,1296500.6459107,1296500.468,1296500.6548168,0.009000000078231096,1296500.459,1296500.906,1296501.0991399,2.047000000020489,2.05322919995524,0.44699999992735684,0,,2,measured_from_next_stimulus_flip
-39,practice,1,1296500.906,1296501.0991399,1296502.506,1296502.6991399,1296502.515,1296502.7020111,0.008999999845400453,1296502.506,1296502.937,1296503.1330731,2.030999999959022,2.033933199942112,0.43099999986588955,0,,2,measured_from_next_stimulus_flip
-40,practice,1,1296502.937,1296503.1330731,1296504.537,1296504.7330731,1296504.546,1296504.733039,0.009000000078231096,1296504.537,1296504.984,1296505.1803023,2.047000000020489,2.0472292001359165,0.44699999992735684,0,,2,measured_from_next_stimulus_flip
-41,practice,1,1296504.984,1296505.1803023,1296506.584,1296506.7803023001,1296506.593,1296506.7815479,0.009000000078231096,1296506.584,1296507.031,1296507.2224983,2.047000000020489,2.042195999994874,0.44699999992735684,0,,2,measured_from_next_stimulus_flip
-42,practice,1,1296507.031,1296507.2224983,1296508.631,1296508.8224983,1296508.64,1296508.8280994,0.008999999845400453,1296508.631,1296509.078,1296509.2635946,2.047000000020489,2.0410962998867035,0.44699999992735684,0,,2,measured_from_next_stimulus_flip
-43,practice,1,1296509.078,1296509.2635946,1296510.678,1296510.8635946,1296510.687,1296510.8731173,0.008999999845400453,1296510.678,1296511.125,1296511.3133367,2.047000000020489,2.0497421000618488,0.44699999992735684,0,,2,measured_from_next_stimulus_flip
-44,practice,1,1296511.125,1296511.3133367,1296512.725,1296512.9133367,1296512.734,1296512.9207719,0.008999999845400453,1296512.725,1296513.171,1296513.365978,2.046000000089407,2.052641300018877,0.4459999999962747,0,,2,measured_from_next_stimulus_flip
-45,practice,1,1296513.171,1296513.365978,1296514.7710000002,1296514.965978,1296514.781,1296514.9681157,0.009999999776482582,1296514.7710000002,1296515.218,1296515.4194432,2.047000000020489,2.053465200122446,0.44699999992735684,0,,2,measured_from_next_stimulus_flip
-46,practice,1,1296515.218,1296515.4194432,1296516.8180000002,1296517.0194432002,1296516.828,1296517.0139155,0.009999999776482582,1296516.8180000002,1296517.25,1296517.4451645,2.031999999890104,2.0257212999276817,0.4319999997969717,0,,2,measured_from_next_stimulus_flip
-47,practice,1,1296517.25,1296517.4451645,1296518.85,1296519.0451645001,1296518.859,1296519.0475585,0.008999999845400453,1296518.85,1296519.312,1296519.512402,2.0619999999180436,2.0672374998684973,0.46199999982491136,0,,2,measured_from_next_stimulus_flip
-48,practice,1,1296519.312,1296519.512402,1296520.912,1296521.112402,1296520.921,1296521.1090814,0.009000000078231096,1296520.912,1296521.359,1296521.5469048,2.047000000020489,2.034502800088376,0.44699999992735684,0,,2,measured_from_next_stimulus_flip
-49,practice,1,1296521.359,1296521.5469048,1296522.959,1296523.1469048,1296522.968,1296523.1543679,0.009000000078231096,1296522.959,1296523.406,1296523.6012345,2.047000000020489,2.054329700069502,0.44699999992735684,0,,2,measured_from_next_stimulus_flip
-50,practice,1,1296523.406,1296523.6012345,1296525.006,1296525.2012345002,1296525.015,1296525.2019073,0.008999999845400453,1296525.006,1296525.468,1296525.6551565,2.0620000001508743,2.053921999875456,0.462000000057742,0,,2,measured_from_next_stimulus_flip
-51,practice,1,1296525.468,1296525.6551565,1296527.0680000002,1296527.2551565,1296527.078,1296527.2647471,0.009999999776482582,1296527.0680000002,1296527.515,1296527.7144378,2.0469999997876585,2.059281300054863,0.4469999996945262,0,,2,measured_from_next_stimulus_flip
-52,practice,1,1296527.515,1296527.7144378,1296529.115,1296529.3144378,1296529.125,1296529.3103693,0.010000000009313226,1296529.115,1296529.578,1296529.7768154,2.0630000000819564,2.0623775999993086,0.46299999998882413,0,,2,measured_from_next_stimulus_flip
-53,practice,1,1296529.578,1296529.7768154,1296531.178,1296531.3768154,1296531.187,1296531.3741739,0.008999999845400453,1296531.178,1296531.64,1296531.8316946,2.0619999999180436,2.054879199946299,0.46199999982491136,0,,2,measured_from_next_stimulus_flip
-54,practice,1,1296531.64,1296531.8316946,1296533.24,1296533.4316946,1296533.25,1296533.4370297,0.010000000009313226,1296533.24,1296533.687,1296533.8837184,2.047000000020489,2.0520238000899553,0.44699999992735684,0,,2,measured_from_next_stimulus_flip
-55,practice,1,1296533.687,1296533.8837184,1296535.287,1296535.4837184001,1296535.296,1296535.4839763,0.009000000078231096,1296535.287,1296535.734,1296535.9341329,2.047000000020489,2.05041450005956,0.44699999992735684,0,,2,measured_from_next_stimulus_flip
-56,practice,1,1296535.734,1296535.9341329,1296537.334,1296537.5341329002,1296537.343,1296537.5294306,0.009000000078231096,1296537.334,1296537.796,1296537.995125,2.0620000001508743,2.0609920998103917,0.462000000057742,0,,2,measured_from_next_stimulus_flip
-57,practice,1,1296537.796,1296537.995125,1296539.3960000002,1296539.595125,1296539.406,1296539.5927621,0.009999999776482582,1296539.3960000002,1296539.875,1296540.0623655,2.078999999910593,2.0672405001241714,0.4789999998174608,0,,2,measured_from_next_stimulus_flip
-58,practice,1,1296539.875,1296540.0623655,1296541.475,1296541.6623655001,1296541.484,1296541.6707023,0.008999999845400453,1296541.475,1296541.953,1296542.1509795,2.077999999979511,2.08861400000751,0.47799999988637865,0,,2,measured_from_next_stimulus_flip
-59,practice,1,1296541.953,1296542.1509795,1296543.553,1296543.7509795001,1296543.562,1296543.7495669,0.008999999845400453,1296543.553,1296544.015,1296544.2069432,2.0619999999180436,2.0559636999387294,0.46199999982491136,0,,2,measured_from_next_stimulus_flip
-60,practice,1,1296544.015,1296544.2069432,1296545.615,1296545.8069432,1296545.625,1296545.8108723,0.010000000009313226,1296545.615,1296601.484,1296601.6775874,57.46900000004098,57.47064419998787,55.868999999947846,0,,2,measured_from_next_stimulus_flip
1,support,0,1296601.484,1296601.6775874,1296603.084,1296603.2775874,1296603.093,1296603.2815715,0.009000000078231096,1296603.084,1296603.171,1296603.3607006,1.6870000001508743,1.6831132001243532,0.087000000057742,0,0,2,measured_from_next_stimulus_flip
2,support,0,1296603.171,1296603.3607006,1296604.7710000002,1296604.9607006002,1296604.781,1296604.967032,0.009999999776482582,1296604.7710000002,1296604.843,1296605.0422044,1.672000000020489,1.681503799976781,0.07199999992735684,0,0,2,measured_from_next_stimulus_flip
3,support,0,1296604.843,1296605.0422044,1296606.4430000002,1296606.6422044002,1296606.453,1296606.6387612,0.009999999776482582,1296606.4430000002,1296606.531,1296606.7174101,1.6879999998491257,1.6752056998666376,0.08799999975599349,0,0,2,measured_from_next_stimulus_flip
4,support,0,1296606.531,1296606.7174101,1296608.131,1296608.3174101,1296608.14,1296608.3272298,0.008999999845400453,1296608.131,1296608.203,1296608.4014804,1.672000000020489,1.6840703000780195,0.07199999992735684,0,0,2,measured_from_next_stimulus_flip
5,support,0,1296608.203,1296608.4014804,1296609.803,1296610.0014804,1296609.812,1296609.9986525,0.008999999845400453,1296609.803,1296609.89,1296610.084213,1.6869999999180436,1.6827326000202447,0.08699999982491136,0,0,2,measured_from_next_stimulus_flip
6,support,0,1296609.89,1296610.084213,1296611.49,1296611.6842130001,1296611.5,1296611.6866126,0.010000000009313226,1296611.49,1296611.578,1296611.775827,1.6880000000819564,1.6916139998938888,0.08799999998882413,0,0,2,measured_from_next_stimulus_flip
7,support,0,1296611.578,1296611.775827,1296613.178,1296613.375827,1296613.187,1296613.3741432,0.008999999845400453,1296613.178,1296613.265,1296613.451435,1.6869999999180436,1.6756080000195652,0.08699999982491136,0,0,2,measured_from_next_stimulus_flip
8,support,0,1296613.265,1296613.451435,1296614.865,1296615.051435,1296614.875,1296615.061667,0.010000000009313226,1296614.865,1296614.968,1296615.1572763,1.7030000002123415,1.7058413000777364,0.10300000011920929,0,0,2,measured_from_next_stimulus_flip
9,support,0,1296614.968,1296615.1572763,1296616.5680000002,1296616.7572763,1296616.578,1296616.7653874,0.009999999776482582,1296616.5680000002,1296616.671,1296616.8589456,1.702999999979511,1.7016692999750376,0.10299999988637865,0,0,2,measured_from_next_stimulus_flip
10,support,0,1296616.671,1296616.8589456,1296618.2710000002,1296618.4589456,1296618.281,1296618.4678186,0.009999999776482582,1296618.2710000002,1296618.359,1296618.5455969,1.6879999998491257,1.6866512999404222,0.08799999975599349,0,0,2,measured_from_next_stimulus_flip
11,support,0,1296618.359,1296618.5455969,1296619.959,1296620.1455969,1296619.968,1296620.154027,0.009000000078231096,1296619.959,1296620.046,1296620.2340527,1.6870000001508743,1.6884558000601828,0.087000000057742,0,0,2,measured_from_next_stimulus_flip
12,support,0,1296620.046,1296620.2340527,1296621.6460000002,1296621.8340527,1296621.656,1296621.8424635,0.009999999776482582,1296621.6460000002,1296621.718,1296621.907158,1.672000000020489,1.6731052999384701,0.07199999992735684,0,0,2,measured_from_next_stimulus_flip
13,support,0,1296621.718,1296621.907158,1296623.3180000002,1296623.507158,1296623.328,1296623.5147916,0.009999999776482582,1296623.3180000002,1296623.39,1296623.5789477,1.6719999997876585,1.671789700165391,0.0719999996945262,0,0,2,measured_from_next_stimulus_flip
14,support,0,1296623.39,1296623.5789477,1296624.99,1296625.1789477002,1296625.0,1296625.1855963,0.010000000009313226,1296624.99,1296625.078,1296625.274918,1.6880000000819564,1.6959702998865396,0.08799999998882413,0,0,2,measured_from_next_stimulus_flip
15,support,0,1296625.078,1296625.274918,1296626.678,1296626.874918,1296626.687,1296626.8738559,0.008999999845400453,1296626.678,1296626.765,1296626.9615537,1.6869999999180436,1.6866357000544667,0.08699999982491136,0,0,2,measured_from_next_stimulus_flip
16,support,0,1296626.765,1296626.9615537,1296628.365,1296628.5615537001,1296628.375,1296628.5626505,0.010000000009313226,1296628.365,1296628.437,1296628.6299491,1.672000000020489,1.6683954000473022,0.07199999992735684,0,0,2,measured_from_next_stimulus_flip
17,support,0,1296628.437,1296628.6299491,1296630.037,1296630.2299491002,1296630.046,1296630.2322242,0.009000000078231096,1296630.037,1296630.109,1296630.3089051,1.672000000020489,1.6789559999015182,0.07199999992735684,0,0,2,measured_from_next_stimulus_flip
18,support,0,1296630.109,1296630.3089051,1296631.709,1296631.9089051,1296631.718,1296631.9042542,0.009000000078231096,1296631.709,1296631.781,1296631.9739205,1.672000000020489,1.6650153999216855,0.07199999992735684,0,0,2,measured_from_next_stimulus_flip
19,support,0,1296631.781,1296631.9739205,1296633.381,1296633.5739205,1296633.39,1296633.5785816,0.008999999845400453,1296633.381,1296633.468,1296633.6661228,1.6870000001508743,1.6922023000661284,0.087000000057742,0,0,2,measured_from_next_stimulus_flip
20,support,0,1296633.468,1296633.6661228,1296635.0680000002,1296635.2661228,1296635.078,1296635.2662593,0.009999999776482582,1296635.0680000002,1296635.156,1296635.3478762,1.6879999998491257,1.6817534000147134,0.08799999975599349,0,0,2,measured_from_next_stimulus_flip
21,support,0,1296635.156,1296635.3478762,1296636.756,1296636.9478762,1296636.765,1296636.9511263,0.008999999845400453,1296636.756,1296636.843,1296637.0340634,1.6870000001508743,1.6861872000154108,0.087000000057742,0,0,2,measured_from_next_stimulus_flip
22,support,0,1296636.843,1296637.0340634,1296638.4430000002,1296638.6340634,1296638.453,1296638.639291,0.009999999776482582,1296638.4430000002,1296638.515,1296638.7117937,1.6719999997876585,1.6777302999980748,0.0719999996945262,0,0,2,measured_from_next_stimulus_flip
23,support,0,1296638.515,1296638.7117937,1296640.115,1296640.3117937,1296640.125,1296640.3113417,0.010000000009313226,1296640.115,1296640.187,1296640.3777036,1.672000000020489,1.6659099000971764,0.07199999992735684,0,0,2,measured_from_next_stimulus_flip
24,support,0,1296640.187,1296640.3777036,1296641.787,1296641.9777036002,1296641.796,1296641.9822625,0.009000000078231096,1296641.787,1296641.89,1296642.083277,1.702999999979511,1.705573400016874,0.10299999988637865,0,0,2,measured_from_next_stimulus_flip
25,support,0,1296641.89,1296642.083277,1296643.49,1296643.6832770002,1296643.5,1296643.6873309,0.010000000009313226,1296643.49,1296643.625,1296643.8217423,1.7350000001024455,1.7384652998298407,0.13500000000931323,0,0,2,measured_from_next_stimulus_flip
26,support,0,1296643.625,1296643.8217423,1296645.225,1296645.4217423,1296645.234,1296645.4205958,0.008999999845400453,1296645.225,1296645.296,1296645.4916515,1.671000000089407,1.6699092001654208,0.07099999999627471,0,0,2,measured_from_next_stimulus_flip
27,support,0,1296645.296,1296645.4916515,1296646.8960000002,1296647.0916515002,1296646.906,1296647.0924537,0.009999999776482582,1296646.8960000002,1296646.984,1296647.1781025,1.6879999998491257,1.6864509999286383,0.08799999975599349,0,0,2,measured_from_next_stimulus_flip
28,support,0,1296646.984,1296647.1781025,1296648.584,1296648.7781025001,1296648.593,1296648.7798874,0.009000000078231096,1296648.584,1296648.656,1296648.8502695,1.672000000020489,1.6721669998951256,0.07199999992735684,0,0,2,measured_from_next_stimulus_flip
29,support,0,1296648.656,1296648.8502695,1296650.256,1296650.4502695,1296650.265,1296650.4527995,0.008999999845400453,1296650.256,1296650.312,1296650.513545,1.6559999999590218,1.6632755000609905,0.05599999986588955,0,0,2,measured_from_next_stimulus_flip
30,support,0,1296650.312,1296650.513545,1296651.912,1296652.113545,1296651.921,1296652.1084977,0.009000000078231096,1296651.912,1296651.984,1296652.1765043,1.672000000020489,1.662959299981594,0.07199999992735684,0,0,2,measured_from_next_stimulus_flip
31,support,0,1296651.984,1296652.1765043,1296653.584,1296653.7765043,1296653.593,1296653.7796928,0.009000000078231096,1296653.584,1296653.64,1296653.8355695,1.6559999999590218,1.6590652000159025,0.05599999986588955,0,0,2,measured_from_next_stimulus_flip
32,support,0,1296653.64,1296653.8355695,1296655.24,1296655.4355695,1296655.25,1296655.435468,0.010000000009313226,1296655.24,1296655.312,1296655.5012959,1.672000000020489,1.6657263999804854,0.07199999992735684,0,0,2,measured_from_next_stimulus_flip
33,support,0,1296655.312,1296655.5012959,1296656.912,1296657.1012959,1296656.921,1296657.1090605,0.009000000078231096,1296656.912,1296657.0,1296657.1927638,1.6880000000819564,1.69146790006198,0.08799999998882413,0,0,2,measured_from_next_stimulus_flip
34,support,0,1296657.0,1296657.1927638,1296658.6,1296658.7927638001,1296658.609,1296658.7954287,0.008999999845400453,1296658.6,1296658.656,1296658.8527161,1.6559999999590218,1.6599522999022156,0.05599999986588955,0,0,2,measured_from_next_stimulus_flip
35,support,0,1296658.656,1296658.8527161,1296660.256,1296660.4527161,1296660.265,1296660.4513597,0.008999999845400453,1296660.256,1296660.312,1296660.5123998,1.6559999999590218,1.6596836999524385,0.05599999986588955,0,0,2,measured_from_next_stimulus_flip
36,support,0,1296660.312,1296660.5123998,1296661.912,1296662.1123998,1296661.921,1296662.1082463,0.009000000078231096,1296661.912,1296661.984,1296662.1813903,1.672000000020489,1.6689905000384897,0.07199999992735684,0,0,2,measured_from_next_stimulus_flip
37,support,0,1296661.984,1296662.1813903,1296663.584,1296663.7813903,1296663.593,1296663.7812991,0.009000000078231096,1296663.584,1296663.671,1296663.8619751,1.6870000001508743,1.680584799963981,0.087000000057742,0,0,2,measured_from_next_stimulus_flip
38,support,0,1296663.671,1296663.8619751,1296665.2710000002,1296665.4619751,1296665.281,1296665.467222,0.009999999776482582,1296665.2710000002,1296665.343,1296665.5437033,1.672000000020489,1.6817282000556588,0.07199999992735684,0,0,2,measured_from_next_stimulus_flip
39,support,0,1296665.343,1296665.5437033,1296666.9430000002,1296667.1437033,1296666.953,1296667.1384939,0.009999999776482582,1296666.9430000002,1296667.0,1296667.2003469,1.656999999890104,1.6566435999702662,0.05699999979697168,0,0,2,measured_from_next_stimulus_flip
40,support,0,1296667.0,1296667.2003469,1296668.6,1296668.8003469,1296668.609,1296668.7955203,0.008999999845400453,1296668.6,1296668.671,1296668.8632045,1.671000000089407,1.6628576000221074,0.07099999999627471,0,0,2,measured_from_next_stimulus_flip
41,support,0,1296668.671,1296668.8632045,1296670.2710000002,1296670.4632045,1296670.281,1296670.4680464,0.009999999776482582,1296670.2710000002,1296670.343,1296670.5441362,1.672000000020489,1.680931700160727,0.07199999992735684,0,0,2,measured_from_next_stimulus_flip
42,support,0,1296670.343,1296670.5441362,1296671.9430000002,1296672.1441362002,1296671.953,1296672.1389755,0.009999999776482582,1296671.9430000002,1296672.015,1296672.2091842,1.6719999997876585,1.6650479999370873,0.0719999996945262,0,0,2,measured_from_next_stimulus_flip
43,support,0,1296672.015,1296672.2091842,1296673.615,1296673.8091842001,1296673.625,1296673.8111285,0.010000000009313226,1296673.615,1296673.671,1296673.8681441,1.6560000001918525,1.6589599000290036,0.05600000009872019,0,0,2,measured_from_next_stimulus_flip
44,support,0,1296673.671,1296673.8681441,1296675.2710000002,1296675.4681441002,1296675.281,1296675.4684242,0.009999999776482582,1296675.2710000002,1296675.343,1296675.5333846,1.672000000020489,1.665240499889478,0.07199999992735684,0,0,2,measured_from_next_stimulus_flip
45,support,0,1296675.343,1296675.5333846,1296676.9430000002,1296677.1333846,1296676.953,1296677.1392336,0.009999999776482582,1296676.9430000002,1296677.015,1296677.2120016,1.6719999997876585,1.6786170001141727,0.0719999996945262,0,0,2,measured_from_next_stimulus_flip
46,support,0,1296677.015,1296677.2120016,1296678.615,1296678.8120016002,1296678.625,1296678.8111292,0.010000000009313226,1296678.615,1296678.703,1296678.8925662,1.6880000000819564,1.6805646000429988,0.08799999998882413,0,0,2,measured_from_next_stimulus_flip
47,support,0,1296678.703,1296678.8925662,1296680.303,1296680.4925662002,1296680.312,1296680.4991157,0.008999999845400453,1296680.303,1296680.39,1296680.5801765,1.6869999999180436,1.6876102997921407,0.08699999982491136,0,0,2,measured_from_next_stimulus_flip
48,support,0,1296680.39,1296680.5801765,1296681.99,1296682.1801765,1296682.0,1296682.185451,0.010000000009313226,1296681.99,1296682.062,1296682.2489095,1.672000000020489,1.6687330000568181,0.07199999992735684,0,0,2,measured_from_next_stimulus_flip
49,support,0,1296682.062,1296682.2489095,1296683.662,1296683.8489095,1296683.671,1296683.8590043,0.009000000078231096,1296683.662,1296683.734,1296683.9250294,1.672000000020489,1.6761199000757188,0.07199999992735684,0,0,2,measured_from_next_stimulus_flip
50,support,0,1296683.734,1296683.9250294,1296685.334,1296685.5250294001,1296685.343,1296685.5309084,0.009000000078231096,1296685.334,1296685.406,1296685.5927535,1.672000000020489,1.6677240999415517,0.07199999992735684,0,0,2,measured_from_next_stimulus_flip
51,support,0,1296685.406,1296685.5927535,1296687.006,1296687.1927535,1296687.015,1296687.2013144,0.008999999845400453,1296687.006,1296687.078,1296687.2685304,1.672000000020489,1.6757769000250846,0.07199999992735684,0,0,2,measured_from_next_stimulus_flip
52,support,0,1296687.078,1296687.2685304,1296688.678,1296688.8685304,1296688.687,1296688.8729207,0.008999999845400453,1296688.678,1296688.734,1296688.9334974,1.6559999999590218,1.6649670000188053,0.05599999986588955,0,0,2,measured_from_next_stimulus_flip
53,support,0,1296688.734,1296688.9334974,1296690.334,1296690.5334974,1296690.343,1296690.5306082,0.009000000078231096,1296690.334,1296690.39,1296690.5792154,1.6559999999590218,1.6457179998978972,0.05599999986588955,0,0,2,measured_from_next_stimulus_flip
54,support,0,1296690.39,1296690.5792154,1296691.99,1296692.1792154,1296692.0,1296692.1869251,0.010000000009313226,1296691.99,1296692.062,1296692.2619305,1.672000000020489,1.6827151000034064,0.07199999992735684,0,0,2,measured_from_next_stimulus_flip
55,support,0,1296692.062,1296692.2619305,1296693.662,1296693.8619305,1296693.671,1296693.8590347,0.009000000078231096,1296693.662,1296693.718,1296693.9187912,1.6560000001918525,1.6568607001099735,0.05600000009872019,0,0,2,measured_from_next_stimulus_flip
56,support,0,1296693.718,1296693.9187912,1296695.3180000002,1296695.5187912001,1296695.328,1296695.5139012,0.009999999776482582,1296695.3180000002,1296695.406,1296695.5924604,1.6879999998491257,1.673669199924916,0.08799999975599349,0,0,2,measured_from_next_stimulus_flip
57,support,0,1296695.406,1296695.5924604,1296697.006,1296697.1924604,1296697.015,1296697.203443,0.008999999845400453,1296697.006,1296697.093,1296697.2800074,1.6870000001508743,1.6875470001250505,0.087000000057742,0,0,2,measured_from_next_stimulus_flip
58,support,0,1296697.093,1296697.2800074,1296698.6930000002,1296698.8800074002,1296698.703,1296698.8908998,0.009999999776482582,1296698.6930000002,1296698.765,1296698.9588254,1.6719999997876585,1.6788180000148714,0.0719999996945262,0,0,2,measured_from_next_stimulus_flip
59,support,0,1296698.765,1296698.9588254,1296700.365,1296700.5588254002,1296700.375,1296700.5618845,0.010000000009313226,1296700.365,1296700.437,1296700.624822,1.672000000020489,1.6659965999424458,0.07199999992735684,0,0,2,measured_from_next_stimulus_flip
60,support,0,1296700.437,1296700.624822,1296702.037,1296702.2248220001,1296702.046,1296702.2321143,0.009000000078231096,1296702.037,1296702.093,1296702.2920643,1.6560000001918525,1.667242299998179,0.05600000009872019,0,0,2,measured_from_next_stimulus_flip
61,support,0,1296702.093,1296702.2920643,1296703.6930000002,1296703.8920643001,1296703.703,1296703.8897143,0.009999999776482582,1296703.6930000002,1296703.765,1296703.9580396,1.6719999997876585,1.6659752998966724,0.0719999996945262,0,0,2,measured_from_next_stimulus_flip
62,support,0,1296703.765,1296703.9580396,1296705.365,1296705.5580396,1296705.375,1296705.5622587,0.010000000009313226,1296705.365,1296705.437,1296705.6256089,1.672000000020489,1.667569300159812,0.07199999992735684,0,0,2,measured_from_next_stimulus_flip
63,support,0,1296705.437,1296705.6256089,1296707.037,1296707.2256089002,1296707.046,1296707.2338324,0.009000000078231096,1296707.037,1296707.109,1296707.3084311,1.672000000020489,1.6828222000040114,0.07199999992735684,0,0,2,measured_from_next_stimulus_flip
64,support,0,1296707.109,1296707.3084311,1296708.709,1296708.9084311002,1296708.718,1296708.9049673,0.009000000078231096,1296708.709,1296708.781,1296708.9761745,1.672000000020489,1.667743399972096,0.07199999992735684,0,0,2,measured_from_next_stimulus_flip
65,support,0,1296708.781,1296708.9761745,1296710.381,1296710.5761745002,1296710.39,1296710.5770702,0.008999999845400453,1296710.381,1296710.453,1296710.6424774,1.672000000020489,1.6663028998300433,0.07199999992735684,0,0,2,measured_from_next_stimulus_flip
66,support,0,1296710.453,1296710.6424774,1296712.053,1296712.2424774,1296712.062,1296712.2478502,0.008999999845400453,1296712.053,1296712.125,1296712.3177368,1.672000000020489,1.6752594001591206,0.07199999992735684,0,0,2,measured_from_next_stimulus_flip
67,support,0,1296712.125,1296712.3177368,1296713.725,1296713.9177368002,1296713.734,1296713.9217783,0.008999999845400453,1296713.725,1296713.796,1296713.9924654,1.671000000089407,1.6747285998426378,0.07099999999627471,0,0,2,measured_from_next_stimulus_flip
68,support,0,1296713.796,1296713.9924654,1296715.3960000002,1296715.5924654,1296715.406,1296715.5923016,0.009999999776482582,1296715.3960000002,1296715.468,1296715.666527,1.672000000020489,1.6740616001188755,0.07199999992735684,0,0,2,measured_from_next_stimulus_flip
69,support,0,1296715.468,1296715.666527,1296717.0680000002,1296717.266527,1296717.078,1296717.2660253,0.009999999776482582,1296717.0680000002,1296717.14,1296717.3338866,1.6719999997876585,1.667359600076452,0.0719999996945262,0,0,2,measured_from_next_stimulus_flip
70,support,0,1296717.14,1296717.3338866,1296718.74,1296718.9338866002,1296718.75,1296718.9363637,0.010000000009313226,1296718.74,1296718.843,1296719.0414996,1.7030000002123415,1.7076129999477416,0.10300000011920929,0,0,2,measured_from_next_stimulus_flip
71,support,0,1296718.843,1296719.0414996,1296720.4430000002,1296720.6414996001,1296720.453,1296720.6395758,0.009999999776482582,1296720.4430000002,1296720.531,1296720.7198026,1.6879999998491257,1.6783030000515282,0.08799999975599349,0,0,2,measured_from_next_stimulus_flip
72,support,0,1296720.531,1296720.7198026,1296722.131,1296722.3198026002,1296722.14,1296722.3285584,0.008999999845400453,1296722.131,1296722.218,1296722.4176565,1.6870000001508743,1.6978538997936994,0.087000000057742,0,0,2,measured_from_next_stimulus_flip
73,support,0,1296722.218,1296722.4176565,1296723.8180000002,1296724.0176565,1296723.828,1296724.0139129,0.009999999776482582,1296723.8180000002,1296723.89,1296724.0822106,1.6719999997876585,1.6645541000179946,0.0719999996945262,0,0,2,measured_from_next_stimulus_flip
74,support,0,1296723.89,1296724.0822106,1296725.49,1296725.6822106,1296725.5,1296725.6867937,0.010000000009313226,1296725.49,1296725.578,1296725.7786565,1.6880000000819564,1.696445900015533,0.08799999998882413,0,0,2,measured_from_next_stimulus_flip
75,support,0,1296725.578,1296725.7786565,1296727.178,1296727.3786565,1296727.187,1296727.3729164,0.008999999845400453,1296727.178,1296727.281,1296727.4757256,1.702999999979511,1.6970691001042724,0.10299999988637865,0,0,2,measured_from_next_stimulus_flip
76,support,0,1296727.281,1296727.4757256,1296728.881,1296729.0757256001,1296728.89,1296729.0773697,0.008999999845400453,1296728.881,1296728.968,1296729.1686124,1.6870000001508743,1.6928868000395596,0.087000000057742,0,0,2,measured_from_next_stimulus_flip
77,support,0,1296728.968,1296729.1686124,1296730.5680000002,1296730.7686124002,1296730.578,1296730.7655557,0.009999999776482582,1296730.5680000002,1296730.671,1296730.8590265,1.702999999979511,1.6904140999540687,0.10299999988637865,0,0,2,measured_from_next_stimulus_flip
78,support,0,1296730.671,1296730.8590265,1296732.2710000002,1296732.4590265001,1296732.281,1296732.4689656,0.009999999776482582,1296732.2710000002,1296732.359,1296732.5590458,1.6879999998491257,1.7000192999839783,0.08799999975599349,0,0,2,measured_from_next_stimulus_flip
79,support,0,1296732.359,1296732.5590458,1296733.959,1296734.1590458,1296733.968,1296734.1560829,0.009000000078231096,1296733.959,1296734.046,1296734.235404,1.6870000001508743,1.676358199911192,0.087000000057742,0,0,2,measured_from_next_stimulus_flip
80,support,0,1296734.046,1296734.235404,1296735.6460000002,1296735.835404,1296735.656,1296735.8426417,0.009999999776482582,1296735.6460000002,1296735.734,1296735.9285819,1.6879999998491257,1.6931779000442475,0.08799999975599349,0,0,2,measured_from_next_stimulus_flip
81,support,0,1296735.734,1296735.9285819,1296737.334,1296737.5285819,1296737.343,1296737.5305667,0.009000000078231096,1296737.334,1296737.421,1296737.6225757,1.6870000001508743,1.6939938000869006,0.087000000057742,0,0,2,measured_from_next_stimulus_flip
82,support,0,1296737.421,1296737.6225757,1296739.0210000002,1296739.2225757001,1296739.031,1296739.216932,0.009999999776482582,1296739.0210000002,1296739.109,1296739.3000465,1.6879999998491257,1.6774708000011742,0.08799999975599349,0,0,2,measured_from_next_stimulus_flip
83,support,0,1296739.109,1296739.3000465,1296740.709,1296740.9000465001,1296740.718,1296740.9068885,0.009000000078231096,1296740.709,1296740.796,1296740.9833432,1.6870000001508743,1.6832967000082135,0.087000000057742,0,0,2,measured_from_next_stimulus_flip
84,support,0,1296740.796,1296740.9833432,1296742.3960000002,1296742.5833432002,1296742.406,1296742.5915812,0.009999999776482582,1296742.3960000002,1296742.468,1296742.6587191,1.672000000020489,1.6753758999984711,0.07199999992735684,0,0,2,measured_from_next_stimulus_flip
85,support,0,1296742.468,1296742.6587191,1296744.0680000002,1296744.2587191002,1296744.078,1296744.2636993,0.009999999776482582,1296744.0680000002,1296744.14,1296744.3291257,1.6719999997876585,1.6704065999947488,0.0719999996945262,0,0,2,measured_from_next_stimulus_flip
86,support,0,1296744.14,1296744.3291257,1296745.74,1296745.9291257001,1296745.75,1296745.9366189,0.010000000009313226,1296745.74,1296745.812,1296746.0108594,1.672000000020489,1.6817336999811232,0.07199999992735684,0,0,2,measured_from_next_stimulus_flip
87,support,0,1296745.812,1296746.0108594,1296747.412,1296747.6108594001,1296747.421,1296747.6096066,0.009000000078231096,1296747.412,1296747.5,1296747.6962983,1.6880000000819564,1.6854389000218362,0.08799999998882413,0,0,2,measured_from_next_stimulus_flip
88,support,0,1296747.5,1296747.6962983,1296749.1,1296749.2962983001,1296749.109,1296749.2956501,0.008999999845400453,1296749.1,1296749.187,1296749.3761882,1.6869999999180436,1.679889899911359,0.08699999982491136,0,0,2,measured_from_next_stimulus_flip
89,support,0,1296749.187,1296749.3761882,1296750.787,1296750.9761882,1296750.796,1296750.9835925,0.009000000078231096,1296750.787,1296750.875,1296751.064278,1.6880000000819564,1.688089800067246,0.08799999998882413,0,0,2,measured_from_next_stimulus_flip
90,support,0,1296750.875,1296751.064278,1296752.475,1296752.6642780001,1296752.484,1296752.6711454,0.008999999845400453,1296752.475,1296752.546,1296752.7341643,1.671000000089407,1.6698862998746336,0.07099999999627471,0,0,2,measured_from_next_stimulus_flip
91,support,0,1296752.546,1296752.7341643,1296754.1460000002,1296754.3341643,1296754.156,1296754.3427522,0.009999999776482582,1296754.1460000002,1296754.218,1296754.4087433,1.672000000020489,1.6745790001004934,0.07199999992735684,0,0,2,measured_from_next_stimulus_flip
92,support,0,1296754.218,1296754.4087433,1296755.8180000002,1296756.0087433,1296755.828,1296756.0146347,0.009999999776482582,1296755.8180000002,1296755.906,1296756.0999449,1.6879999998491257,1.6912016000133008,0.08799999975599349,0,0,2,measured_from_next_stimulus_flip
93,support,0,1296755.906,1296756.0999449,1296757.506,1296757.6999449,1296757.515,1296757.7025974,0.008999999845400453,1296757.506,1296757.578,1296757.7790512,1.672000000020489,1.6791062999982387,0.07199999992735684,0,0,2,measured_from_next_stimulus_flip
94,support,0,1296757.578,1296757.7790512,1296759.178,1296759.3790512,1296759.187,1296759.3729346,0.008999999845400453,1296759.178,1296759.281,1296759.4794505,1.702999999979511,1.700399300083518,0.10299999988637865,0,0,2,measured_from_next_stimulus_flip
95,support,0,1296759.281,1296759.4794505,1296760.881,1296761.0794505002,1296760.89,1296761.0776143,0.008999999845400453,1296760.881,1296761.0,1296761.1916749,1.7190000000409782,1.7122243999037892,0.11899999994784594,0,0,2,measured_from_next_stimulus_flip
96,support,0,1296761.0,1296761.1916749,1296762.6,1296762.7916749,1296762.609,1296762.7972729,0.008999999845400453,1296762.6,1296762.687,1296762.8754047,1.6869999999180436,1.6837297999300063,0.08699999982491136,0,0,2,measured_from_next_stimulus_flip
97,support,0,1296762.687,1296762.8754047,1296764.287,1296764.4754047,1296764.296,1296764.4835243,0.009000000078231096,1296764.287,1296764.359,1296764.5576368,1.672000000020489,1.6822321000508964,0.07199999992735684,0,0,2,measured_from_next_stimulus_flip
98,support,0,1296764.359,1296764.5576368,1296765.959,1296766.1576368,1296765.968,1296766.1568909,0.009000000078231096,1296765.959,1296766.031,1296766.2198252,1.672000000020489,1.6621884000487626,0.07199999992735684,0,0,2,measured_from_next_stimulus_flip
99,support,0,1296766.031,1296766.2198252,1296767.631,1296767.8198252001,1296767.64,1296767.8277233,0.008999999845400453,1296767.631,1296767.703,1296767.8982635,1.672000000020489,1.6784383000340313,0.07199999992735684,0,0,2,measured_from_next_stimulus_flip
100,support,0,1296767.703,1296767.8982635,1296769.303,1296769.4982635002,1296769.312,1296769.4981215,0.008999999845400453,1296769.303,1296769.406,1296769.596763,1.702999999979511,1.6984994998201728,0.10299999988637865,0,0,2,measured_from_next_stimulus_flip
101,support,0,1296769.406,1296769.596763,1296771.006,1296771.196763,1296771.015,1296771.2026034,0.008999999845400453,1296771.006,1296771.109,1296771.3015159,1.702999999979511,1.704752900172025,0.10299999988637865,0,0,2,measured_from_next_stimulus_flip
102,support,0,1296771.109,1296771.3015159,1296772.709,1296772.9015159002,1296772.718,1296772.9067393,0.009000000078231096,1296772.709,1296772.781,1296772.9779257,1.672000000020489,1.6764097998384386,0.07199999992735684,0,0,2,measured_from_next_stimulus_flip
103,support,0,1296772.781,1296772.9779257,1296774.381,1296774.5779257,1296774.39,1296774.5770403,0.008999999845400453,1296774.381,1296774.453,1296774.6459445,1.672000000020489,1.6680188002064824,0.07199999992735684,0,0,2,measured_from_next_stimulus_flip
104,support,0,1296774.453,1296774.6459445,1296776.053,1296776.2459445002,1296776.062,1296776.2486298,0.008999999845400453,1296776.053,1296776.14,1296776.3287502,1.6869999999180436,1.6828056999947876,0.08699999982491136,0,0,2,measured_from_next_stimulus_flip
105,support,0,1296776.14,1296776.3287502,1296777.74,1296777.9287502002,1296777.75,1296777.9361257,0.010000000009313226,1296777.74,1296777.812,1296778.0101557,1.672000000020489,1.681405499810353,0.07199999992735684,0,0,2,measured_from_next_stimulus_flip
106,support,0,1296777.812,1296778.0101557,1296779.412,1296779.6101557,1296779.421,1296779.6098541,0.009000000078231096,1296779.412,1296779.468,1296779.6628813,1.6560000001918525,1.6527256001718342,0.05600000009872019,0,0,2,measured_from_next_stimulus_flip
107,support,0,1296779.468,1296779.6628813,1296781.0680000002,1296781.2628813002,1296781.078,1296781.2634468,0.009999999776482582,1296781.0680000002,1296781.14,1296781.3275129,1.6719999997876585,1.6646316000260413,0.0719999996945262,0,0,2,measured_from_next_stimulus_flip
108,support,0,1296781.14,1296781.3275129,1296782.74,1296782.9275129002,1296782.75,1296782.9360644,0.010000000009313226,1296782.74,1296782.812,1296783.0082624,1.672000000020489,1.6807494999375194,0.07199999992735684,0,0,2,measured_from_next_stimulus_flip
109,support,0,1296782.812,1296783.0082624,1296784.412,1296784.6082624001,1296784.421,1296784.6073254,0.009000000078231096,1296784.412,1296784.468,1296784.6671648,1.6560000001918525,1.6589023999404162,0.05600000009872019,0,0,2,measured_from_next_stimulus_flip
110,support,0,1296784.468,1296784.6671648,1296786.0680000002,1296786.2671648,1296786.078,1296786.2654868,0.009999999776482582,1296786.0680000002,1296786.156,1296786.3452956,1.6879999998491257,1.6781307999044657,0.08799999975599349,0,0,2,measured_from_next_stimulus_flip
111,support,0,1296786.156,1296786.3452956,1296787.756,1296787.9452956,1296787.765,1296787.9515818,0.008999999845400453,1296787.756,1296787.828,1296788.0250874,1.672000000020489,1.679791800212115,0.07199999992735684,0,0,2,measured_from_next_stimulus_flip
112,support,0,1296787.828,1296788.0250874,1296789.428,1296789.6250874002,1296789.437,1296789.6250916,0.008999999845400453,1296789.428,1296789.5,1296789.6924979,1.672000000020489,1.667410499881953,0.07199999992735684,0,0,2,measured_from_next_stimulus_flip
113,support,0,1296789.5,1296789.6924979,1296791.1,1296791.2924979,1296791.109,1296791.2962499,0.008999999845400453,1296791.1,1296791.187,1296791.3774843,1.6869999999180436,1.6849863999523222,0.08699999982491136,0,0,2,measured_from_next_stimulus_flip
114,support,0,1296791.187,1296791.3774843,1296792.787,1296792.9774843,1296792.796,1296792.9834613,0.009000000078231096,1296792.787,1296792.875,1296793.0604948,1.6880000000819564,1.683010500157252,0.08799999998882413,0,0,2,measured_from_next_stimulus_flip
115,support,0,1296792.875,1296793.0604948,1296794.475,1296794.6604948002,1296794.484,1296794.671487,0.008999999845400453,1296794.475,1296794.531,1296794.7326947,1.6559999999590218,1.6721998997963965,0.05599999986588955,0,0,2,measured_from_next_stimulus_flip
116,support,0,1296794.531,1296794.7326947,1296796.131,1296796.3326947,1296796.14,1296796.3291547,0.008999999845400453,1296796.131,1296796.187,1296796.3785813,1.6559999999590218,1.6458866000175476,0.05599999986588955,0,0,2,measured_from_next_stimulus_flip
117,support,0,1296796.187,1296796.3785813,1296797.787,1296797.9785813,1296797.796,1296797.9827896,0.009000000078231096,1296797.787,1296797.859,1296798.0580041,1.672000000020489,1.6794228001963347,0.07199999992735684,0,0,2,measured_from_next_stimulus_flip
118,support,0,1296797.859,1296798.0580041,1296799.459,1296799.6580041002,1296799.468,1296799.6547055,0.009000000078231096,1296799.459,1296799.546,1296799.7403027,1.6870000001508743,1.6822985999751836,0.087000000057742,0,0,2,measured_from_next_stimulus_flip
119,support,0,1296799.546,1296799.7403027,1296801.1460000002,1296801.3403027002,1296801.156,1296801.3421449,0.009999999776482582,1296801.1460000002,1296801.234,1296801.4300125,1.6879999998491257,1.6897097998298705,0.08799999975599349,0,0,2,measured_from_next_stimulus_flip
120,support,0,1296801.234,1296801.4300125,1296802.834,1296803.0300125,1296802.843,1296803.0302128,0.009000000078231096,1296802.834,1296802.921,1296803.1107362,1.6870000001508743,1.6807236999738961,0.087000000057742,0,0,2,measured_from_next_stimulus_flip
121,support,0,1296802.921,1296803.1107362,1296804.5210000002,1296804.7107362,1296804.531,1296804.719397,0.009999999776482582,1296804.5210000002,1296804.593,1296804.7921473,1.672000000020489,1.6814111000858247,0.07199999992735684,0,0,2,measured_from_next_stimulus_flip
122,support,0,1296804.593,1296804.7921473,1296806.1930000002,1296806.3921473,1296806.203,1296806.3902086,0.009999999776482582,1296806.1930000002,1296806.281,1296806.4742522,1.6879999998491257,1.6821049000136554,0.08799999975599349,0,0,2,measured_from_next_stimulus_flip
123,support,0,1296806.281,1296806.4742522,1296807.881,1296808.0742522,1296807.89,1296808.0765659,0.008999999845400453,1296807.881,1296807.968,1296808.158652,1.6870000001508743,1.6843997999094427,0.087000000057742,0,0,2,measured_from_next_stimulus_flip
124,support,0,1296807.968,1296808.158652,1296809.5680000002,1296809.758652,1296809.578,1296809.7662692,0.009999999776482582,1296809.5680000002,1296809.64,1296809.8415816,1.6719999997876585,1.682929600123316,0.0719999996945262,0,0,2,measured_from_next_stimulus_flip
125,support,0,1296809.64,1296809.8415816,1296811.24,1296811.4415816,1296811.25,1296811.4353755,0.010000000009313226,1296811.24,1296811.312,1296811.5098411,1.672000000020489,1.6682595000602305,0.07199999992735684,0,0,2,measured_from_next_stimulus_flip
126,support,0,1296811.312,1296811.5098411,1296812.912,1296813.1098411002,1296812.921,1296813.1080141,0.009000000078231096,1296812.912,1296812.984,1296813.1790434,1.672000000020489,1.669202300021425,0.07199999992735684,0,0,2,measured_from_next_stimulus_flip
127,support,0,1296812.984,1296813.1790434,1296814.584,1296814.7790434002,1296814.593,1296814.7816163,0.009000000078231096,1296814.584,1296814.671,1296814.8617833,1.6870000001508743,1.6827398999594152,0.087000000057742,0,0,2,measured_from_next_stimulus_flip
128,support,0,1296814.671,1296814.8617833,1296816.2710000002,1296816.4617833002,1296816.281,1296816.4675695,0.009999999776482582,1296816.2710000002,1296816.343,1296816.5397512,1.672000000020489,1.6779678999446332,0.07199999992735684,0,0,2,measured_from_next_stimulus_flip
129,support,0,1296816.343,1296816.5397512,1296817.9430000002,1296818.1397512,1296817.953,1296818.1399625,0.009999999776482582,1296817.9430000002,1296818.031,1296818.224835,1.6879999998491257,1.685083799995482,0.08799999975599349,0,0,2,measured_from_next_stimulus_flip
130,support,0,1296818.031,1296818.224835,1296819.631,1296819.824835,1296819.64,1296819.8277624,0.008999999845400453,1296819.631,1296819.687,1296819.8860224,1.6559999999590218,1.661187400110066,0.05599999986588955,0,0,2,measured_from_next_stimulus_flip
131,support,0,1296819.687,1296819.8860224,1296821.287,1296821.4860224002,1296821.296,1296821.4835834,0.009000000078231096,1296821.287,1296821.359,1296821.558939,1.672000000020489,1.6729165997821838,0.07199999992735684,0,0,2,measured_from_next_stimulus_flip
132,support,0,1296821.359,1296821.558939,1296822.959,1296823.158939,1296822.968,1296823.1544491,0.009000000078231096,1296822.959,1296823.031,1296823.2255605,1.672000000020489,1.666621500160545,0.07199999992735684,0,0,2,measured_from_next_stimulus_flip
133,support,0,1296823.031,1296823.2255605,1296824.631,1296824.8255605001,1296824.64,1296824.8262932,0.008999999845400453,1296824.631,1296824.703,1296824.9005525,1.672000000020489,1.6749919999856502,0.07199999992735684,0,0,2,measured_from_next_stimulus_flip
134,support,0,1296824.703,1296824.9005525,1296826.303,1296826.5005525001,1296826.312,1296826.497899,0.008999999845400453,1296826.303,1296826.375,1296826.5658545,1.672000000020489,1.6653020000085235,0.07199999992735684,0,0,2,measured_from_next_stimulus_flip
135,support,0,1296826.375,1296826.5658545,1296827.975,1296828.1658545001,1296827.984,1296828.1712066,0.008999999845400453,1296827.975,1296828.062,1296828.2635205,1.6869999999180436,1.6976659998763353,0.08699999982491136,0,0,2,measured_from_next_stimulus_flip
136,support,0,1296828.062,1296828.2635205,1296829.662,1296829.8635205,1296829.671,1296829.8573526,0.009000000078231096,1296829.662,1296829.75,1296829.9357443,1.6880000000819564,1.6722238000947982,0.08799999998882413,0,0,2,measured_from_next_stimulus_flip
137,support,0,1296829.75,1296829.9357443,1296831.35,1296831.5357443,1296831.359,1296831.5457211,0.008999999845400453,1296831.35,1296831.437,1296831.6368122,1.6869999999180436,1.7010679000522941,0.08699999982491136,0,0,2,measured_from_next_stimulus_flip
138,support,0,1296831.437,1296831.6368122,1296833.037,1296833.2368122002,1296833.046,1296833.2324241,0.009000000078231096,1296833.037,1296833.109,1296833.3013653,1.672000000020489,1.6645531000103801,0.07199999992735684,0,0,2,measured_from_next_stimulus_flip
139,support,0,1296833.109,1296833.3013653,1296834.709,1296834.9013653002,1296834.718,1296834.904982,0.009000000078231096,1296834.709,1296834.781,1296834.9731766,1.672000000020489,1.6718112998642027,0.07199999992735684,0,0,2,measured_from_next_stimulus_flip
140,support,0,1296834.781,1296834.9731766,1296836.381,1296836.5731766,1296836.39,1296836.5766974,0.008999999845400453,1296836.381,1296836.453,1296836.6446457,1.672000000020489,1.6714691000524908,0.07199999992735684,0,0,2,measured_from_next_stimulus_flip
141,support,0,1296836.453,1296836.6446457,1296838.053,1296838.2446457,1296838.062,1296838.2485699,0.008999999845400453,1296838.053,1296838.156,1296838.3431871,1.702999999979511,1.6985414000228047,0.10299999988637865,0,0,2,measured_from_next_stimulus_flip
142,support,0,1296838.156,1296838.3431871,1296839.756,1296839.9431871,1296839.765,1296839.9510513,0.008999999845400453,1296839.756,1296839.828,1296840.0271119,1.672000000020489,1.6839248000178486,0.07199999992735684,0,0,2,measured_from_next_stimulus_flip
143,support,0,1296839.828,1296840.0271119,1296841.428,1296841.6271119001,1296841.437,1296841.6231835,0.008999999845400453,1296841.428,1296841.5,1296841.6860026,1.672000000020489,1.658890699967742,0.07199999992735684,0,0,2,measured_from_next_stimulus_flip
144,support,0,1296841.5,1296841.6860026,1296843.1,1296843.2860026,1296843.109,1296843.29614,0.008999999845400453,1296843.1,1296843.187,1296843.3745611,1.6869999999180436,1.688558500027284,0.08699999982491136,0,0,2,measured_from_next_stimulus_flip
145,support,0,1296843.187,1296843.3745611,1296844.787,1296844.9745611001,1296844.796,1296844.9829009,0.009000000078231096,1296844.787,1296844.875,1296845.061703,1.6880000000819564,1.6871418999508023,0.08799999998882413,0,0,2,measured_from_next_stimulus_flip
146,support,0,1296844.875,1296845.061703,1296846.475,1296846.661703,1296846.484,1296846.6697584,0.008999999845400453,1296846.475,1296846.546,1296846.7437971,1.671000000089407,1.682094099931419,0.07099999999627471,0,0,2,measured_from_next_stimulus_flip
147,support,0,1296846.546,1296846.7437971,1296848.1460000002,1296848.3437971,1296848.156,1296848.3416957,0.009999999776482582,1296848.1460000002,1296848.25,1296848.4359602,1.703999999910593,1.6921631000004709,0.10399999981746078,0,0,2,measured_from_next_stimulus_flip
148,support,0,1296848.25,1296848.4359602,1296849.85,1296850.0359602,1296849.859,1296850.0471475,0.008999999845400453,1296849.85,1296849.921,1296850.1196237,1.671000000089407,1.683663500007242,0.07099999999627471,0,0,2,measured_from_next_stimulus_flip
149,support,0,1296849.921,1296850.1196237,1296851.5210000002,1296851.7196237,1296851.531,1296851.7169096,0.009999999776482582,1296851.5210000002,1296851.609,1296851.8021696,1.6879999998491257,1.682545900112018,0.08799999975599349,0,0,2,measured_from_next_stimulus_flip
150,support,0,1296851.609,1296851.8021696,1296853.209,1296853.4021696001,1296853.218,1296853.4051688,0.009000000078231096,1296853.209,1296853.281,1296853.4751216,1.672000000020489,1.6729520000517368,0.07199999992735684,0,0,2,measured_from_next_stimulus_flip
151,support,0,1296853.281,1296853.4751216,1296854.881,1296855.0751216002,1296854.89,1296855.0760736,0.008999999845400453,1296854.881,1296854.968,1296855.1576995,1.6870000001508743,1.6825778998900205,0.087000000057742,0,0,2,measured_from_next_stimulus_flip
152,support,0,1296854.968,1296855.1576995,1296856.5680000002,1296856.7576995,1296856.578,1296856.7644827,0.009999999776482582,1296856.5680000002,1296856.64,1296856.8356811,1.6719999997876585,1.6779815999325365,0.0719999996945262,0,0,2,measured_from_next_stimulus_flip
153,support,0,1296856.64,1296856.8356811,1296858.24,1296858.4356811,1296858.25,1296858.4360964,0.010000000009313226,1296858.24,1296858.328,1296858.5176574,1.6880000000819564,1.6819763001985848,0.08799999998882413,0,0,2,measured_from_next_stimulus_flip
154,support,0,1296858.328,1296858.5176574,1296859.928,1296860.1176574002,1296859.937,1296860.1238773,0.008999999845400453,1296859.928,1296860.0,1296860.1946361,1.672000000020489,1.676978699862957,0.07199999992735684,0,0,2,measured_from_next_stimulus_flip
155,support,0,1296860.0,1296860.1946361,1296861.6,1296861.7946361,1296861.609,1296861.7948845,0.008999999845400453,1296861.6,1296861.703,1296861.898058,1.702999999979511,1.703421900048852,0.10299999988637865,0,0,2,measured_from_next_stimulus_flip
156,support,0,1296861.703,1296861.898058,1296863.303,1296863.498058,1296863.312,1296863.497969,0.008999999845400453,1296863.303,1296863.39,1296863.5771725,1.6869999999180436,1.6791145000606775,0.08699999982491136,0,0,2,measured_from_next_stimulus_flip
157,support,0,1296863.39,1296863.5771725,1296864.99,1296865.1771725002,1296865.0,1296865.1882418,0.010000000009313226,1296864.99,1296865.078,1296865.2755109,1.6880000000819564,1.6983383998740464,0.08799999998882413,0,0,2,measured_from_next_stimulus_flip
158,support,0,1296865.078,1296865.2755109,1296866.678,1296866.8755109,1296866.687,1296866.8745578,0.008999999845400453,1296866.678,1296866.75,1296866.9467106,1.672000000020489,1.671199700096622,0.07199999992735684,0,0,2,measured_from_next_stimulus_flip
159,support,0,1296866.75,1296866.9467106,1296868.35,1296868.5467106001,1296868.359,1296868.5473683,0.008999999845400453,1296868.35,1296868.437,1296868.6330999,1.6869999999180436,1.6863893000409007,0.08699999982491136,0,0,2,measured_from_next_stimulus_flip
160,support,0,1296868.437,1296868.6330999,1296870.037,1296870.2330999002,1296870.046,1296870.2330645,0.009000000078231096,1296870.037,1296870.125,1296870.3187584,1.6880000000819564,1.6856584998313338,0.08799999998882413,0,0,2,measured_from_next_stimulus_flip
161,support,0,1296870.125,1296870.3187584,1296871.725,1296871.9187584,1296871.734,1296871.9202735,0.008999999845400453,1296871.725,1296871.812,1296872.0134598,1.6869999999180436,1.6947014001198113,0.08699999982491136,0,0,2,measured_from_next_stimulus_flip
162,support,0,1296871.812,1296872.0134598,1296873.412,1296873.6134598001,1296873.421,1296873.6091544,0.009000000078231096,1296873.412,1296873.468,1296873.6693069,1.6560000001918525,1.6558470998425037,0.05600000009872019,0,0,2,measured_from_next_stimulus_flip
163,support,0,1296873.468,1296873.6693069,1296875.0680000002,1296875.2693069,1296875.078,1296875.2650434,0.009999999776482582,1296875.0680000002,1296875.14,1296875.3327232,1.6719999997876585,1.6634163002017885,0.0719999996945262,0,0,2,measured_from_next_stimulus_flip
164,support,0,1296875.14,1296875.3327232,1296876.74,1296876.9327232002,1296876.75,1296876.9358869,0.010000000009313226,1296876.74,1296876.828,1296877.0184369,1.6880000000819564,1.6857137000188231,0.08799999998882413,0,0,2,measured_from_next_stimulus_flip
165,support,0,1296876.828,1296877.0184369,1296878.428,1296878.6184369002,1296878.437,1296878.6226808,0.008999999845400453,1296878.428,1296878.515,1296878.7128712,1.6869999999180436,1.69443429983221,0.08699999982491136,0,0,2,measured_from_next_stimulus_flip
166,support,0,1296878.515,1296878.7128712,1296880.115,1296880.3128712,1296880.125,1296880.3126482,0.010000000009313226,1296880.115,1296880.187,1296880.3757352,1.672000000020489,1.6628640000708401,0.07199999992735684,0,0,2,measured_from_next_stimulus_flip
167,support,0,1296880.187,1296880.3757352,1296881.787,1296881.9757352,1296881.796,1296881.982445,0.009000000078231096,1296881.787,1296881.859,1296882.0585778,1.672000000020489,1.6828425999265164,0.07199999992735684,0,0,2,measured_from_next_stimulus_flip
168,support,0,1296881.859,1296882.0585778,1296883.459,1296883.6585778,1296883.468,1296883.6565428,0.009000000078231096,1296883.459,1296883.515,1296883.7165576,1.6559999999590218,1.6579798001330346,0.05599999986588955,0,0,2,measured_from_next_stimulus_flip
169,support,0,1296883.515,1296883.7165576,1296885.115,1296885.3165576002,1296885.125,1296885.3116214,0.010000000009313226,1296885.115,1296885.187,1296885.37742,1.672000000020489,1.660862399963662,0.07199999992735684,0,0,2,measured_from_next_stimulus_flip
170,support,0,1296885.187,1296885.37742,1296886.787,1296886.9774200001,1296886.796,1296886.9840759,0.009000000078231096,1296886.787,1296886.875,1296887.0608775,1.6880000000819564,1.6834575000684708,0.08799999998882413,0,0,2,measured_from_next_stimulus_flip
171,support,0,1296886.875,1296887.0608775,1296888.475,1296888.6608775002,1296888.484,1296888.6710113,0.008999999845400453,1296888.475,1296888.562,1296888.7588224,1.6869999999180436,1.6979448997881263,0.08699999982491136,0,0,2,measured_from_next_stimulus_flip
172,support,0,1296888.562,1296888.7588224,1296890.162,1296890.3588224,1296890.171,1296890.3597326,0.009000000078231096,1296890.162,1296890.234,1296890.4348548,1.672000000020489,1.6760324002243578,0.07199999992735684,0,0,2,measured_from_next_stimulus_flip
173,support,0,1296890.234,1296890.4348548,1296891.834,1296892.0348548002,1296891.843,1296892.0311786,0.009000000078231096,1296891.834,1296891.937,1296892.1305614,1.702999999979511,1.6957065998576581,0.10299999988637865,0,0,2,measured_from_next_stimulus_flip
174,support,0,1296891.937,1296892.1305614,1296893.537,1296893.7305614,1296893.546,1296893.7338523,0.009000000078231096,1296893.537,1296893.609,1296893.8095339,1.672000000020489,1.6789725001435727,0.07199999992735684,0,0,2,measured_from_next_stimulus_flip
175,support,0,1296893.609,1296893.8095339,1296895.209,1296895.4095339002,1296895.218,1296895.4048827,0.009000000078231096,1296895.209,1296895.296,1296895.4849914,1.6870000001508743,1.6754574999213219,0.087000000057742,0,0,2,measured_from_next_stimulus_flip
176,support,0,1296895.296,1296895.4849914,1296896.8960000002,1296897.0849914001,1296896.906,1296897.0924565,0.009999999776482582,1296896.8960000002,1296896.984,1296897.1772595,1.6879999998491257,1.69226809986867,0.08799999975599349,0,0,2,measured_from_next_stimulus_flip
177,support,0,1296896.984,1296897.1772595,1296898.584,1296898.7772595,1296898.593,1296898.7813024,0.009000000078231096,1296898.584,1296898.687,1296898.8754374,1.702999999979511,1.6981779001653194,0.10299999988637865,0,0,2,measured_from_next_stimulus_flip
178,support,0,1296898.687,1296898.8754374,1296900.287,1296900.4754374002,1296900.296,1296900.4840517,0.009000000078231096,1296900.287,1296900.359,1296900.5572482,1.672000000020489,1.681810799986124,0.07199999992735684,0,0,2,measured_from_next_stimulus_flip
179,support,0,1296900.359,1296900.5572482,1296901.959,1296902.1572482002,1296901.968,1296902.1549354,0.009000000078231096,1296901.959,1296902.046,1296902.2422083,1.6870000001508743,1.6849600998684764,0.087000000057742,0,0,2,measured_from_next_stimulus_flip
180,support,0,1296902.046,1296902.2422083,1296903.6460000002,1296903.8422083,1296903.656,1296903.8422957,0.009999999776482582,1296903.6460000002,1296903.718,1296903.9186304,1.672000000020489,1.6764221000485122,0.07199999992735684,0,0,2,measured_from_next_stimulus_flip
181,support,0,1296903.718,1296903.9186304,1296905.3180000002,1296905.5186304,1296905.328,1296905.5139005,0.009999999776482582,1296905.3180000002,1296905.406,1296905.5919264,1.6879999998491257,1.6732960001099855,0.08799999975599349,0,0,2,measured_from_next_stimulus_flip
182,support,0,1296905.406,1296905.5919264,1296907.006,1296907.1919264002,1296907.015,1296907.2037411,0.008999999845400453,1296907.006,1296907.093,1296907.2920757,1.6870000001508743,1.7001492998097092,0.087000000057742,0,0,2,measured_from_next_stimulus_flip
183,support,0,1296907.093,1296907.2920757,1296908.6930000002,1296908.8920757,1296908.703,1296908.8886211,0.009999999776482582,1296908.6930000002,1296908.765,1296908.9664295,1.6719999997876585,1.674353800015524,0.0719999996945262,0,0,2,measured_from_next_stimulus_flip
184,support,0,1296908.765,1296908.9664295,1296910.365,1296910.5664295,1296910.375,1296910.5607333,0.010000000009313226,1296910.365,1296910.437,1296910.6353872,1.672000000020489,1.668957700021565,0.07199999992735684,0,0,2,measured_from_next_stimulus_flip
185,support,0,1296910.437,1296910.6353872,1296912.037,1296912.2353872,1296912.046,1296912.2324901,0.009000000078231096,1296912.037,1296912.109,1296912.3092444,1.672000000020489,1.673857199959457,0.07199999992735684,0,0,2,measured_from_next_stimulus_flip
186,support,0,1296912.109,1296912.3092444,1296913.709,1296913.9092444,1296913.718,1296913.9065797,0.009000000078231096,1296913.709,1296913.781,1296913.9771418,1.672000000020489,1.6678974002134055,0.07199999992735684,0,0,2,measured_from_next_stimulus_flip
187,support,0,1296913.781,1296913.9771418,1296915.381,1296915.5771418002,1296915.39,1296915.5768534,0.008999999845400453,1296915.381,1296915.437,1296915.6298222,1.6559999999590218,1.6526803998276591,0.05599999986588955,0,0,2,measured_from_next_stimulus_flip
188,support,0,1296915.437,1296915.6298222,1296917.037,1296917.2298222,1296917.046,1296917.2345282,0.009000000078231096,1296917.037,1296917.109,1296917.2958753,1.672000000020489,1.6660531000234187,0.07199999992735684,0,0,2,measured_from_next_stimulus_flip
189,support,0,1296917.109,1296917.2958753,1296918.709,1296918.8958753,1296918.718,1296918.9055014,0.009000000078231096,1296918.709,1296918.765,1296918.9613465,1.6559999999590218,1.6654712001327425,0.05599999986588955,0,0,2,measured_from_next_stimulus_flip
190,support,0,1296918.765,1296918.9613465,1296920.365,1296920.5613465002,1296920.375,1296920.5617788,0.010000000009313226,1296920.365,1296920.421,1296920.6122523,1.6560000001918525,1.6509057998191565,0.05600000009872019,0,0,2,measured_from_next_stimulus_flip
191,support,0,1296920.421,1296920.6122523,1296922.0210000002,1296922.2122523,1296922.031,1296922.2184262,0.009999999776482582,1296922.0210000002,1296922.109,1296922.2996658,1.6879999998491257,1.6874135001562536,0.08799999975599349,0,0,2,measured_from_next_stimulus_flip
192,support,0,1296922.109,1296922.2996658,1296923.709,1296923.8996658002,1296923.718,1296923.9057394,0.009000000078231096,1296923.709,1296923.796,1296923.9830661,1.6870000001508743,1.6834002998657525,0.087000000057742,0,0,2,measured_from_next_stimulus_flip
193,support,0,1296923.796,1296923.9830661,1296925.3960000002,1296925.5830661,1296925.406,1296925.5918575,0.009999999776482582,1296925.3960000002,1296925.484,1296925.6767936,1.6879999998491257,1.6937275000382215,0.08799999975599349,0,0,2,measured_from_next_stimulus_flip
194,support,0,1296925.484,1296925.6767936,1296927.084,1296927.2767936,1296927.093,1296927.280506,0.009000000078231096,1296927.084,1296927.156,1296927.3506204,1.672000000020489,1.673826799960807,0.07199999992735684,0,0,2,measured_from_next_stimulus_flip
195,support,0,1296927.156,1296927.3506204,1296928.756,1296928.9506204,1296928.765,1296928.9513065,0.008999999845400453,1296928.756,1296928.843,1296929.036424,1.6870000001508743,1.6858036001212895,0.087000000057742,0,0,2,measured_from_next_stimulus_flip
196,support,0,1296928.843,1296929.036424,1296930.4430000002,1296930.6364240001,1296930.453,1296930.6391999,0.009999999776482582,1296930.4430000002,1296930.515,1296930.706962,1.6719999997876585,1.6705380000639707,0.0719999996945262,0,0,2,measured_from_next_stimulus_flip
197,support,0,1296930.515,1296930.706962,1296932.115,1296932.3069620002,1296932.125,1296932.3106577,0.010000000009313226,1296932.115,1296932.203,1296932.3979245,1.6880000000819564,1.6909624999389052,0.08799999998882413,0,0,2,measured_from_next_stimulus_flip
198,support,0,1296932.203,1296932.3979245,1296933.803,1296933.9979245001,1296933.812,1296933.9978048,0.008999999845400453,1296933.803,1296933.906,1296934.0943798,1.702999999979511,1.6964552998542786,0.10299999988637865,0,0,2,measured_from_next_stimulus_flip
199,support,0,1296933.906,1296934.0943798,1296935.506,1296935.6943798,1296935.515,1296935.7020843,0.008999999845400453,1296935.506,1296935.578,1296935.7673445,1.672000000020489,1.6729647000320256,0.07199999992735684,0,0,2,measured_from_next_stimulus_flip
200,support,0,1296935.578,1296935.7673445,1296937.178,1296937.3673445,1296937.187,1296937.3729471,0.008999999845400453,1296937.178,1296937.25,1296937.446707,1.672000000020489,1.6793625000864267,0.07199999992735684,0,0,2,measured_from_next_stimulus_flip
201,support,0,1296937.25,1296937.446707,1296938.85,1296939.0467070001,1296938.859,1296939.0457245,0.008999999845400453,1296938.85,1296938.937,1296939.1254008,1.6869999999180436,1.6786938000004739,0.08699999982491136,0,0,2,measured_from_next_stimulus_flip
202,support,0,1296938.937,1296939.1254008,1296940.537,1296940.7254008001,1296940.546,1296940.7334781,0.009000000078231096,1296940.537,1296940.625,1296940.8125673,1.6880000000819564,1.6871664999052882,0.08799999998882413,0,0,2,measured_from_next_stimulus_flip
203,support,0,1296940.625,1296940.8125673,1296942.225,1296942.4125673,1296942.234,1296942.4205958,0.008999999845400453,1296942.225,1296942.296,1296942.4912675,1.671000000089407,1.6787002000492066,0.07099999999627471,0,0,2,measured_from_next_stimulus_flip
204,support,0,1296942.296,1296942.4912675,1296943.8960000002,1296944.0912675,1296943.906,1296944.0923111,0.009999999776482582,1296943.8960000002,1296943.953,1296944.1516957,1.656999999890104,1.660428199917078,0.05699999979697168,0,0,2,measured_from_next_stimulus_flip
205,support,0,1296943.953,1296944.1516957,1296945.553,1296945.7516957,1296945.562,1296945.749467,0.008999999845400453,1296945.553,1296945.64,1296945.8271099,1.6869999999180436,1.675414200173691,0.08699999982491136,0,0,2,measured_from_next_stimulus_flip
206,support,0,1296945.64,1296945.8271099,1296947.24,1296947.4271099002,1296947.25,1296947.4367296,0.010000000009313226,1296947.24,1296947.312,1296947.508651,1.672000000020489,1.6815410999115556,0.07199999992735684,0,0,2,measured_from_next_stimulus_flip
207,support,0,1296947.312,1296947.508651,1296948.912,1296949.108651,1296948.921,1296949.1089445,0.009000000078231096,1296948.912,1296949.0,1296949.1920097,1.6880000000819564,1.6833587000146508,0.08799999998882413,0,0,2,measured_from_next_stimulus_flip
208,support,0,1296949.0,1296949.1920097,1296950.6,1296950.7920097,1296950.609,1296950.7966926,0.008999999845400453,1296950.6,1296950.687,1296950.8753962,1.6869999999180436,1.683386499993503,0.08699999982491136,0,0,2,measured_from_next_stimulus_flip
209,support,0,1296950.687,1296950.8753962,1296952.287,1296952.4753962,1296952.296,1296952.4839823,0.009000000078231096,1296952.287,1296952.39,1296952.5793785,1.702999999979511,1.7039823001250625,0.10299999988637865,0,0,2,measured_from_next_stimulus_flip
210,support,0,1296952.39,1296952.5793785,1296953.99,1296954.1793785002,1296954.0,1296954.187123,0.010000000009313226,1296953.99,1296954.078,1296954.2743145,1.6880000000819564,1.6949359998106956,0.08799999998882413,0,0,2,measured_from_next_stimulus_flip
211,support,0,1296954.078,1296954.2743145,1296955.678,1296955.8743145,1296955.687,1296955.8738812,0.008999999845400453,1296955.678,1296955.765,1296955.9586707,1.6869999999180436,1.684356200043112,0.08699999982491136,0,0,2,measured_from_next_stimulus_flip
212,support,0,1296955.765,1296955.9586707,1296957.365,1296957.5586707,1296957.375,1296957.5626064,0.010000000009313226,1296957.365,1296957.453,1296957.6436399,1.6880000000819564,1.6849692000541836,0.08799999998882413,0,0,2,measured_from_next_stimulus_flip
213,support,0,1296957.453,1296957.6436399,1296959.053,1296959.2436399,1296959.062,1296959.2483542,0.008999999845400453,1296959.053,1296959.14,1296959.3411923,1.6869999999180436,1.6975523999426514,0.08699999982491136,0,0,2,measured_from_next_stimulus_flip
214,support,0,1296959.14,1296959.3411923,1296960.74,1296960.9411923,1296960.75,1296960.9358052,0.010000000009313226,1296960.74,1296960.828,1296961.0266689,1.6880000000819564,1.6854765999596566,0.08799999998882413,0,0,2,measured_from_next_stimulus_flip
215,support,0,1296960.828,1296961.0266689,1296962.428,1296962.6266689,1296962.437,1296962.6253163,0.008999999845400453,1296962.428,1296962.515,1296962.7088044,1.6869999999180436,1.6821355000138283,0.08699999982491136,0,0,2,measured_from_next_stimulus_flip
216,support,0,1296962.515,1296962.7088044,1296964.115,1296964.3088044,1296964.125,1296964.3115456,0.010000000009313226,1296964.115,1296964.203,1296964.3913609,1.6880000000819564,1.682556499959901,0.08799999998882413,0,0,2,measured_from_next_stimulus_flip
217,support,0,1296964.203,1296964.3913609,1296965.803,1296965.9913609,1296965.812,1296966.0002752,0.008999999845400453,1296965.803,1296965.875,1296966.0753322,1.672000000020489,1.6839713000226766,0.07199999992735684,0,0,2,measured_from_next_stimulus_flip
218,support,0,1296965.875,1296966.0753322,1296967.475,1296967.6753322,1296967.484,1296967.6712637,0.008999999845400453,1296967.475,1296967.546,1296967.7353299,1.671000000089407,1.659997700015083,0.07099999999627471,0,0,2,measured_from_next_stimulus_flip
219,support,0,1296967.546,1296967.7353299,1296969.1460000002,1296969.3353299,1296969.156,1296969.3440106,0.009999999776482582,1296969.1460000002,1296969.234,1296969.4259658,1.6879999998491257,1.6906359000131488,0.08799999975599349,0,0,2,measured_from_next_stimulus_flip
220,support,0,1296969.234,1296969.4259658,1296970.834,1296971.0259658,1296970.843,1296971.0302762,0.009000000078231096,1296970.834,1296970.921,1296971.10891,1.6870000001508743,1.682944200001657,0.087000000057742,0,0,2,measured_from_next_stimulus_flip
221,support,0,1296970.921,1296971.10891,1296972.5210000002,1296972.70891,1296972.531,1296972.7181833,0.009999999776482582,1296972.5210000002,1296972.593,1296972.7915709,1.672000000020489,1.6826609000563622,0.07199999992735684,0,0,2,measured_from_next_stimulus_flip
222,support,0,1296972.593,1296972.7915709,1296974.1930000002,1296974.3915709,1296974.203,1296974.3892117,0.009999999776482582,1296974.1930000002,1296974.265,1296974.4587031,1.6719999997876585,1.6671321999747306,0.0719999996945262,0,0,2,measured_from_next_stimulus_flip
223,support,0,1296974.265,1296974.4587031,1296975.865,1296976.0587031,1296975.875,1296976.0605735,0.010000000009313226,1296975.865,1296975.921,1296976.1171953,1.6560000001918525,1.65849220007658,0.05600000009872019,0,0,2,measured_from_next_stimulus_flip
224,support,0,1296975.921,1296976.1171953,1296977.5210000002,1296977.7171953002,1296977.531,1296977.7181536,0.009999999776482582,1296977.5210000002,1296977.593,1296977.7920285,1.672000000020489,1.6748331999406219,0.07199999992735684,0,0,2,measured_from_next_stimulus_flip
225,support,0,1296977.593,1296977.7920285,1296979.1930000002,1296979.3920285,1296979.203,1296979.3893504,0.009999999776482582,1296979.1930000002,1296979.281,1296979.476796,1.6879999998491257,1.6847675000317395,0.08799999975599349,0,0,2,measured_from_next_stimulus_flip
226,support,0,1296979.281,1296979.476796,1296980.881,1296981.0767960001,1296980.89,1296981.0763587,0.008999999845400453,1296980.881,1296980.968,1296981.1587049,1.6870000001508743,1.6819088999181986,0.087000000057742,0,0,2,measured_from_next_stimulus_flip
227,support,0,1296980.968,1296981.1587049,1296982.5680000002,1296982.7587049,1296982.578,1296982.7651623,0.009999999776482582,1296982.5680000002,1296982.64,1296982.8353172,1.6719999997876585,1.676612300099805,0.0719999996945262,0,0,2,measured_from_next_stimulus_flip
228,support,0,1296982.64,1296982.8353172,1296984.24,1296984.4353172001,1296984.25,1296984.4369581,0.010000000009313226,1296984.24,1296984.328,1296984.5143091,1.6880000000819564,1.6789919000584632,0.08799999998882413,0,0,2,measured_from_next_stimulus_flip
229,support,0,1296984.328,1296984.5143091,1296985.928,1296986.1143091002,1296985.937,1296986.1235865,0.008999999845400453,1296985.928,1296986.015,1296986.2165448,1.6869999999180436,1.7022356998641044,0.08699999982491136,0,0,2,measured_from_next_stimulus_flip
230,support,0,1296986.015,1296986.2165448,1296987.615,1296987.8165448,1296987.625,1296987.8123135,0.010000000009313226,1296987.615,1296987.687,1296987.8780081,1.672000000020489,1.6614632999990135,0.07199999992735684,0,0,2,measured_from_next_stimulus_flip
231,support,0,1296987.687,1296987.8780081,1296989.287,1296989.4780081,1296989.296,1296989.4852348,0.009000000078231096,1296989.287,1296989.359,1296989.55688,1.672000000020489,1.6788719000760466,0.07199999992735684,0,0,2,measured_from_next_stimulus_flip
232,support,0,1296989.359,1296989.55688,1296990.959,1296991.1568800001,1296990.968,1296991.1547658,0.009000000078231096,1296990.959,1296991.046,1296991.2429543,1.6870000001508743,1.6860742999706417,0.087000000057742,0,0,2,measured_from_next_stimulus_flip
233,support,0,1296991.046,1296991.2429543,1296992.6460000002,1296992.8429543,1296992.656,1296992.8435143,0.009999999776482582,1296992.6460000002,1296992.734,1296992.9254126,1.6879999998491257,1.6824582999106497,0.08799999975599349,0,0,2,measured_from_next_stimulus_flip
234,support,0,1296992.734,1296992.9254126,1296994.334,1296994.5254126,1296994.343,1296994.5300361,0.009000000078231096,1296994.334,1296994.406,1296994.6027039,1.672000000020489,1.6772913001477718,0.07199999992735684,0,0,2,measured_from_next_stimulus_flip
235,support,0,1296994.406,1296994.6027039,1296996.006,1296996.2027039002,1296996.015,1296996.2021665,0.008999999845400453,1296996.006,1296996.078,1296996.2791917,1.672000000020489,1.6764877999667078,0.07199999992735684,0,0,2,measured_from_next_stimulus_flip
236,support,0,1296996.078,1296996.2791917,1296997.678,1296997.8791917001,1296997.687,1296997.8741593,0.008999999845400453,1296997.678,1296997.75,1296997.9422366,1.672000000020489,1.6630448999349028,0.07199999992735684,0,0,2,measured_from_next_stimulus_flip
237,support,0,1296997.75,1296997.9422366,1296999.35,1296999.5422366,1296999.359,1296999.5470963,0.008999999845400453,1296999.35,1296999.421,1296999.6145958,1.671000000089407,1.6723591999616474,0.07099999999627471,0,0,2,measured_from_next_stimulus_flip
238,support,0,1296999.421,1296999.6145958,1297001.0210000002,1297001.2145958,1297001.031,1297001.2192989,0.009999999776482582,1297001.0210000002,1297001.109,1297001.2955678,1.6879999998491257,1.680972000118345,0.08799999975599349,0,0,2,measured_from_next_stimulus_flip
239,support,0,1297001.109,1297001.2955678,1297002.709,1297002.8955678002,1297002.718,1297002.9063376,0.009000000078231096,1297002.709,1297002.796,1297002.992031,1.6870000001508743,1.6964632000308484,0.087000000057742,0,0,2,measured_from_next_stimulus_flip
240,support,0,1297002.796,1297002.992031,1297004.3960000002,1297004.5920310002,1297004.406,1297004.5935247,0.009999999776482582,1297004.3960000002,1297004.468,1297004.6558523,1.672000000020489,1.6638213000260293,0.07199999992735684,0,0,2,measured_from_next_stimulus_flip
241,support,0,1297004.468,1297004.6558523,1297006.0680000002,1297006.2558523002,1297006.078,1297006.2648692,0.009999999776482582,1297006.0680000002,1297006.14,1297006.3414887,1.6719999997876585,1.6856363997794688,0.0719999996945262,0,0,2,measured_from_next_stimulus_flip
242,support,0,1297006.14,1297006.3414887,1297007.74,1297007.9414887,1297007.75,1297007.9367559,0.010000000009313226,1297007.74,1297007.812,1297007.9994868,1.672000000020489,1.6579981001559645,0.07199999992735684,0,0,2,measured_from_next_stimulus_flip
243,support,0,1297007.812,1297007.9994868,1297009.412,1297009.5994868001,1297009.421,1297009.6089891,0.009000000078231096,1297009.412,1297009.484,1297009.6849473,1.672000000020489,1.6854604999534786,0.07199999992735684,0,0,2,measured_from_next_stimulus_flip
244,support,0,1297009.484,1297009.6849473,1297011.084,1297011.2849473,1297011.093,1297011.2806529,0.009000000078231096,1297011.084,1297011.14,1297011.3413327,1.6559999999590218,1.6563854000996798,0.05599999986588955,0,0,2,measured_from_next_stimulus_flip
245,support,0,1297011.14,1297011.3413327,1297012.74,1297012.9413327002,1297012.75,1297012.9371273,0.010000000009313226,1297012.74,1297012.812,1297013.0008143,1.672000000020489,1.6594815999269485,0.07199999992735684,0,0,2,measured_from_next_stimulus_flip
246,support,0,1297012.812,1297013.0008143,1297014.412,1297014.6008143001,1297014.421,1297014.6078471,0.009000000078231096,1297014.412,1297014.484,1297014.6747042,1.672000000020489,1.6738898998592049,0.07199999992735684,0,0,2,measured_from_next_stimulus_flip
247,support,0,1297014.484,1297014.6747042,1297016.084,1297016.2747042,1297016.093,1297016.2807008,0.009000000078231096,1297016.084,1297016.156,1297016.3474497,1.672000000020489,1.6727455002255738,0.07199999992735684,0,0,2,measured_from_next_stimulus_flip
248,support,0,1297016.156,1297016.3474497,1297017.756,1297017.9474497002,1297017.765,1297017.9522231,0.008999999845400453,1297017.756,1297017.828,1297018.0249888,1.672000000020489,1.6775390999391675,0.07199999992735684,0,0,2,measured_from_next_stimulus_flip
249,support,0,1297017.828,1297018.0249888,1297019.428,1297019.6249888001,1297019.437,1297019.6241922,0.008999999845400453,1297019.428,1297019.515,1297019.7113841,1.6869999999180436,1.686395299853757,0.08699999982491136,0,0,2,measured_from_next_stimulus_flip
250,support,0,1297019.515,1297019.7113841,1297021.115,1297021.3113841,1297021.125,1297021.3103336,0.010000000009313226,1297021.115,1297073.718,1297073.9164657,54.20300000021234,54.20508159999736,,1,0,2,measured_from_next_stimulus_flip
251,support,0,1297073.718,1297073.9164657,1297075.3180000002,1297075.5164657,1297075.328,1297075.5141449,0.009999999776482582,1297075.3180000002,1297075.375,1297075.5661926,1.656999999890104,1.6497269000392407,0.05699999979697168,0,0,2,measured_from_next_stimulus_flip
252,support,0,1297075.375,1297075.5661926,1297076.975,1297077.1661926,1297076.984,1297077.1703911,0.008999999845400453,1297076.975,1297077.046,1297077.2339033,1.671000000089407,1.6677107000723481,0.07099999999627471,0,0,2,measured_from_next_stimulus_flip
253,support,0,1297077.046,1297077.2339033,1297078.6460000002,1297078.8339033,1297078.656,1297078.8424179,0.009999999776482582,1297078.6460000002,1297078.718,1297078.9086785,1.672000000020489,1.6747751999646425,0.07199999992735684,0,0,2,measured_from_next_stimulus_flip
254,support,0,1297078.718,1297078.9086785,1297080.3180000002,1297080.5086785,1297080.328,1297080.5138035,0.009999999776482582,1297080.3180000002,1297080.375,1297080.5757473,1.656999999890104,1.667068799957633,0.05699999979697168,0,0,2,measured_from_next_stimulus_flip
255,support,0,1297080.375,1297080.5757473,1297081.975,1297082.1757473,1297081.984,1297082.1706591,0.008999999845400453,1297081.975,1297082.031,1297082.2307365,1.6559999999590218,1.6549891999457031,0.05599999986588955,0,0,2,measured_from_next_stimulus_flip
256,support,0,1297082.031,1297082.2307365,1297083.631,1297083.8307365,1297083.64,1297083.8290075,0.008999999845400453,1297083.631,1297083.718,1297083.9070942,1.6870000001508743,1.6763577000238001,0.087000000057742,0,0,2,measured_from_next_stimulus_flip
257,support,0,1297083.718,1297083.9070942,1297085.3180000002,1297085.5070942,1297085.328,1297085.5145,0.009999999776482582,1297085.3180000002,1297085.39,1297085.5820617,1.6719999997876585,1.674967500148341,0.0719999996945262,0,0,2,measured_from_next_stimulus_flip
258,support,0,1297085.39,1297085.5820617,1297086.99,1297087.1820617002,1297087.0,1297087.187518,0.010000000009313226,1297086.99,1297087.062,1297087.2591936,1.672000000020489,1.6771318998653442,0.07199999992735684,0,0,2,measured_from_next_stimulus_flip
259,support,0,1297087.062,1297087.2591936,1297088.662,1297088.8591936,1297088.671,1297088.8575803,0.009000000078231096,1297088.662,1297088.734,1297088.9286067,1.672000000020489,1.6694130999967456,0.07199999992735684,0,0,2,measured_from_next_stimulus_flip
260,support,0,1297088.734,1297088.9286067,1297090.334,1297090.5286067,1297090.343,1297090.5299574,0.009000000078231096,1297090.334,1297090.39,1297090.5837787,1.6559999999590218,1.6551720001734793,0.05599999986588955,0,0,2,measured_from_next_stimulus_flip
261,support,0,1297090.39,1297090.5837787,1297091.99,1297092.1837787002,1297092.0,1297092.1865262,0.010000000009313226,1297091.99,1297092.062,1297092.256771,1.672000000020489,1.672992300009355,0.07199999992735684,0,0,2,measured_from_next_stimulus_flip
262,support,0,1297092.062,1297092.256771,1297093.662,1297093.8567710002,1297093.671,1297093.8592414,0.009000000078231096,1297093.662,1297093.75,1297093.942366,1.6880000000819564,1.68559499992989,0.08799999998882413,0,0,2,measured_from_next_stimulus_flip
263,support,0,1297093.75,1297093.942366,1297095.35,1297095.5423660001,1297095.359,1297095.5469609,0.008999999845400453,1297095.35,1297095.437,1297095.625542,1.6869999999180436,1.6831759999040514,0.08699999982491136,0,0,2,measured_from_next_stimulus_flip
264,support,0,1297095.437,1297095.625542,1297097.037,1297097.225542,1297097.046,1297097.2327499,0.009000000078231096,1297097.037,1297097.109,1297097.2980202,1.672000000020489,1.6724782001692802,0.07199999992735684,0,0,2,measured_from_next_stimulus_flip
265,support,0,1297097.109,1297097.2980202,1297098.709,1297098.8980202002,1297098.718,1297098.9059906,0.009000000078231096,1297098.709,1297098.781,1297098.9781083,1.672000000020489,1.680088099790737,0.07199999992735684,0,0,2,measured_from_next_stimulus_flip
266,support,0,1297098.781,1297098.9781083,1297100.381,1297100.5781083,1297100.39,1297100.5772727,0.008999999845400453,1297100.381,1297100.453,1297100.6401411,1.672000000020489,1.6620328000281006,0.07199999992735684,0,0,2,measured_from_next_stimulus_flip
267,support,0,1297100.453,1297100.6401411,1297102.053,1297102.2401411,1297102.062,1297102.249585,0.008999999845400453,1297102.053,1297102.125,1297102.318438,1.672000000020489,1.6782969001214951,0.07199999992735684,0,0,2,measured_from_next_stimulus_flip
268,support,0,1297102.125,1297102.318438,1297103.725,1297103.9184380001,1297103.734,1297103.9206889,0.008999999845400453,1297103.725,1297103.796,1297103.9840818,1.671000000089407,1.6656438000500202,0.07099999999627471,0,0,2,measured_from_next_stimulus_flip
269,support,0,1297103.796,1297103.9840818,1297105.3960000002,1297105.5840818002,1297105.406,1297105.5941417,0.009999999776482582,1297105.3960000002,1297105.484,1297105.6746597,1.6879999998491257,1.6905778998043388,0.08799999975599349,0,0,2,measured_from_next_stimulus_flip
270,support,0,1297105.484,1297105.6746597,1297107.084,1297107.2746597,1297107.093,1297107.2801604,0.009000000078231096,1297107.084,1297107.14,1297107.3335294,1.6559999999590218,1.6588697000406682,0.05599999986588955,0,0,2,measured_from_next_stimulus_flip
271,support,0,1297107.14,1297107.3335294,1297108.74,1297108.9335294,1297108.75,1297108.9386745,0.010000000009313226,1297108.74,1297108.796,1297108.9924079,1.6560000001918525,1.6588785001076758,0.05600000009872019,0,0,2,measured_from_next_stimulus_flip
272,support,0,1297108.796,1297108.9924079,1297110.3960000002,1297110.5924079001,1297110.406,1297110.5945303,0.009999999776482582,1297110.3960000002,1297110.468,1297110.6626034,1.672000000020489,1.6701954999007285,0.07199999992735684,0,0,2,measured_from_next_stimulus_flip
273,support,0,1297110.468,1297110.6626034,1297112.0680000002,1297112.2626034,1297112.078,1297112.2654462,0.009999999776482582,1297112.0680000002,1297112.156,1297112.3453165,1.6879999998491257,1.6827130999881774,0.08799999975599349,0,0,2,measured_from_next_stimulus_flip
274,support,0,1297112.156,1297112.3453165,1297113.756,1297113.9453165,1297113.765,1297113.9510977,0.008999999845400453,1297113.756,1297113.828,1297114.0166061,1.672000000020489,1.6712895999662578,0.07199999992735684,0,0,2,measured_from_next_stimulus_flip
275,support,0,1297113.828,1297114.0166061,1297115.428,1297115.6166061,1297115.437,1297115.6234906,0.008999999845400453,1297115.428,1297115.5,1297115.6995667,1.672000000020489,1.6829606001265347,0.07199999992735684,0,0,2,measured_from_next_stimulus_flip
276,support,0,1297115.5,1297115.6995667,1297117.1,1297117.2995667001,1297117.109,1297117.2954464,0.008999999845400453,1297117.1,1297117.156,1297117.3482157,1.6559999999590218,1.6486489998642355,0.05599999986588955,0,0,2,measured_from_next_stimulus_flip
277,support,0,1297117.156,1297117.3482157,1297118.756,1297118.9482157,1297118.765,1297118.9522657,0.008999999845400453,1297118.756,1297118.828,1297119.0271481,1.672000000020489,1.6789324001874775,0.07199999992735684,0,0,2,measured_from_next_stimulus_flip
278,support,0,1297118.828,1297119.0271481,1297120.428,1297120.6271481002,1297120.437,1297120.6232584,0.008999999845400453,1297120.428,1297120.5,1297120.700351,1.672000000020489,1.6732028999831527,0.07199999992735684,0,0,2,measured_from_next_stimulus_flip
279,support,0,1297120.5,1297120.700351,1297122.1,1297122.3003510002,1297122.109,1297122.2961703,0.008999999845400453,1297122.1,1297122.171,1297122.3601233,1.671000000089407,1.6597722999285907,0.07099999999627471,0,0,2,measured_from_next_stimulus_flip
280,support,0,1297122.171,1297122.3601233,1297123.7710000002,1297123.9601233,1297123.781,1297123.9683109,0.009999999776482582,1297123.7710000002,1297123.875,1297124.0678021,1.703999999910593,1.707678799983114,0.10399999981746078,0,0,2,measured_from_next_stimulus_flip
281,support,0,1297123.875,1297124.0678021,1297125.475,1297125.6678021,1297125.484,1297125.670021,0.008999999845400453,1297125.475,1297125.578,1297125.7665629,1.702999999979511,1.69876080006361,0.10299999988637865,0,0,2,measured_from_next_stimulus_flip
282,support,0,1297125.578,1297125.7665629,1297127.178,1297127.3665629001,1297127.187,1297127.3739714,0.008999999845400453,1297127.178,1297127.234,1297127.4268865,1.6559999999590218,1.6603236000519246,0.05599999986588955,0,0,2,measured_from_next_stimulus_flip
283,support,0,1297127.234,1297127.4268865,1297128.834,1297129.0268865002,1297128.843,1297129.0314507,0.009000000078231096,1297128.834,1297128.906,1297129.0957097,1.672000000020489,1.6688231998123229,0.07199999992735684,0,0,2,measured_from_next_stimulus_flip
284,support,0,1297128.906,1297129.0957097,1297130.506,1297130.6957097,1297130.515,1297130.7023548,0.008999999845400453,1297130.506,1297130.578,1297130.7688715,1.672000000020489,1.673161800019443,0.07199999992735684,0,0,2,measured_from_next_stimulus_flip
285,support,0,1297130.578,1297130.7688715,1297132.178,1297132.3688715,1297132.187,1297132.3757401,0.008999999845400453,1297132.178,1297132.265,1297132.4627084,1.6869999999180436,1.6938369001727551,0.08699999982491136,0,0,2,measured_from_next_stimulus_flip
286,support,0,1297132.265,1297132.4627084,1297133.865,1297134.0627084002,1297133.875,1297134.0617405,0.010000000009313226,1297133.865,1297133.953,1297134.1407476,1.6880000000819564,1.67803919990547,0.08799999998882413,0,0,2,measured_from_next_stimulus_flip
287,support,0,1297133.953,1297134.1407476,1297135.553,1297135.7407476,1297135.562,1297135.7496416,0.008999999845400453,1297135.553,1297135.625,1297135.8191754,1.672000000020489,1.6784278000704944,0.07199999992735684,0,0,2,measured_from_next_stimulus_flip
288,support,0,1297135.625,1297135.8191754,1297137.225,1297137.4191754002,1297137.234,1297137.4226421,0.008999999845400453,1297137.225,1297137.296,1297137.4826765,1.671000000089407,1.663501099916175,0.07099999999627471,0,0,2,measured_from_next_stimulus_flip
289,support,0,1297137.296,1297137.4826765,1297138.8960000002,1297139.0826765,1297138.906,1297139.092001,0.009999999776482582,1297138.8960000002,1297138.953,1297139.1441948,1.656999999890104,1.6615182999521494,0.05699999979697168,0,0,2,measured_from_next_stimulus_flip
290,support,0,1297138.953,1297139.1441948,1297140.553,1297140.7441948,1297140.562,1297140.7490944,0.008999999845400453,1297140.553,1297140.625,1297140.8179009,1.672000000020489,1.6737061000894755,0.07199999992735684,0,0,2,measured_from_next_stimulus_flip
291,support,0,1297140.625,1297140.8179009,1297142.225,1297142.4179009001,1297142.234,1297142.4209953,0.008999999845400453,1297142.225,1297142.296,1297142.4918508,1.671000000089407,1.6739499000832438,0.07099999999627471,0,0,2,measured_from_next_stimulus_flip
292,support,0,1297142.296,1297142.4918508,1297143.8960000002,1297144.0918508002,1297143.906,1297144.0941868,0.009999999776482582,1297143.8960000002,1297143.984,1297144.174167,1.6879999998491257,1.682316199876368,0.08799999975599349,0,0,2,measured_from_next_stimulus_flip
293,support,0,1297143.984,1297144.174167,1297145.584,1297145.774167,1297145.593,1297145.7814511,0.009000000078231096,1297145.584,1297145.671,1297145.8589682,1.6870000001508743,1.684801199939102,0.087000000057742,0,0,2,measured_from_next_stimulus_flip
294,support,0,1297145.671,1297145.8589682,1297147.2710000002,1297147.4589682,1297147.281,1297147.4670435,0.009999999776482582,1297147.2710000002,1297147.343,1297147.5433799,1.672000000020489,1.6844117001164705,0.07199999992735684,0,0,2,measured_from_next_stimulus_flip
295,support,0,1297147.343,1297147.5433799,1297148.9430000002,1297149.1433799001,1297148.953,1297149.1394015,0.009999999776482582,1297148.9430000002,1297149.015,1297149.2117433,1.6719999997876585,1.668363400036469,0.0719999996945262,0,0,2,measured_from_next_stimulus_flip
296,support,0,1297149.015,1297149.2117433,1297150.615,1297150.8117433002,1297150.625,1297150.810859,0.010000000009313226,1297150.615,1297150.671,1297150.8660416,1.6560000001918525,1.6542982999235392,0.05600000009872019,0,0,2,measured_from_next_stimulus_flip
297,support,0,1297150.671,1297150.8660416,1297152.2710000002,1297152.4660416,1297152.281,1297152.4693516,0.009999999776482582,1297152.2710000002,1297152.343,1297152.5376237,1.672000000020489,1.671582099981606,0.07199999992735684,0,0,2,measured_from_next_stimulus_flip
298,support,0,1297152.343,1297152.5376237,1297153.9430000002,1297154.1376237,1297153.953,1297154.1404693,0.009999999776482582,1297153.9430000002,1297154.031,1297154.2236694,1.6879999998491257,1.6860456999856979,0.08799999975599349,0,0,2,measured_from_next_stimulus_flip
299,support,0,1297154.031,1297154.2236694,1297155.631,1297155.8236694,1297155.64,1297155.8282278,0.008999999845400453,1297155.631,1297155.703,1297155.8999762,1.672000000020489,1.6763067999854684,0.07199999992735684,0,0,2,measured_from_next_stimulus_flip
300,support,0,1297155.703,1297155.8999762,1297157.303,1297157.4999762,1297157.312,1297157.499689,0.008999999845400453,1297157.303,1297157.375,1297157.564558,1.672000000020489,1.6645818001125008,0.07199999992735684,0,0,2,measured_from_next_stimulus_flip
301,support,0,1297157.375,1297157.564558,1297158.975,1297159.1645580002,1297158.984,1297159.1710455,0.008999999845400453,1297158.975,1297159.046,1297159.2323134,1.671000000089407,1.6677553998306394,0.07099999999627471,0,0,2,measured_from_next_stimulus_flip
302,support,0,1297159.046,1297159.2323134,1297160.6460000002,1297160.8323134,1297160.656,1297160.8440967,0.009999999776482582,1297160.6460000002,1297160.718,1297160.9077613,1.672000000020489,1.6754479000810534,0.07199999992735684,0,0,2,measured_from_next_stimulus_flip
303,support,0,1297160.718,1297160.9077613,1297162.3180000002,1297162.5077613,1297162.328,1297162.5161743,0.009999999776482582,1297162.3180000002,1297162.406,1297162.5930133,1.6879999998491257,1.6852520001120865,0.08799999975599349,0,0,2,measured_from_next_stimulus_flip
304,support,0,1297162.406,1297162.5930133,1297164.006,1297164.1930133002,1297164.015,1297164.2020857,0.008999999845400453,1297164.006,1297164.109,1297164.3012255,1.702999999979511,1.7082121998537332,0.10299999988637865,0,0,2,measured_from_next_stimulus_flip
305,support,0,1297164.109,1297164.3012255,1297165.709,1297165.9012255,1297165.718,1297165.9043443,0.009000000078231096,1297165.709,1297165.796,1297165.985728,1.6870000001508743,1.6845025001093745,0.087000000057742,0,0,2,measured_from_next_stimulus_flip
306,support,0,1297165.796,1297165.985728,1297167.3960000002,1297167.5857280002,1297167.406,1297167.5920941,0.009999999776482582,1297167.3960000002,1297167.468,1297167.6546063,1.672000000020489,1.6688782998826355,0.07199999992735684,0,0,2,measured_from_next_stimulus_flip
307,support,0,1297167.468,1297167.6546063,1297169.0680000002,1297169.2546063,1297169.078,1297169.2644481,0.009999999776482582,1297169.0680000002,1297169.156,1297169.342295,1.6879999998491257,1.6876887001562864,0.08799999975599349,0,0,2,measured_from_next_stimulus_flip
308,support,0,1297169.156,1297169.342295,1297170.756,1297170.9422950002,1297170.765,1297170.9535611,0.008999999845400453,1297170.756,1297170.843,1297171.0388503,1.6870000001508743,1.696555299917236,0.087000000057742,0,0,2,measured_from_next_stimulus_flip
309,support,0,1297170.843,1297171.0388503,1297172.4430000002,1297172.6388503,1297172.453,1297172.6387302,0.009999999776482582,1297172.4430000002,1297172.515,1297172.717443,1.6719999997876585,1.6785927000455558,0.0719999996945262,0,0,2,measured_from_next_stimulus_flip
310,support,0,1297172.515,1297172.717443,1297174.115,1297174.3174430002,1297174.125,1297174.310757,0.010000000009313226,1297174.115,1297174.203,1297174.39036,1.6880000000819564,1.6729170000180602,0.08799999998882413,0,0,2,measured_from_next_stimulus_flip
311,support,0,1297174.203,1297174.39036,1297175.803,1297175.9903600002,1297175.812,1297175.9981867,0.008999999845400453,1297175.803,1297175.875,1297176.0732716,1.672000000020489,1.6829115999862552,0.07199999992735684,0,0,2,measured_from_next_stimulus_flip
312,support,0,1297175.875,1297176.0732716,1297177.475,1297177.6732716002,1297177.484,1297177.6699989,0.008999999845400453,1297177.475,1297177.562,1297177.7571071,1.6869999999180436,1.683835499919951,0.08699999982491136,0,0,2,measured_from_next_stimulus_flip
313,support,0,1297177.562,1297177.7571071,1297179.162,1297179.3571071,1297179.171,1297179.3581158,0.009000000078231096,1297179.162,1297179.234,1297179.425278,1.672000000020489,1.6681709000840783,0.07199999992735684,0,0,2,measured_from_next_stimulus_flip
314,support,0,1297179.234,1297179.425278,1297180.834,1297181.0252780002,1297180.843,1297181.0308594,0.009000000078231096,1297180.834,1297180.89,1297181.090057,1.6559999999590218,1.6647789999842644,0.05599999986588955,0,0,2,measured_from_next_stimulus_flip
315,support,0,1297180.89,1297181.090057,1297182.49,1297182.6900570001,1297182.5,1297182.6861949,0.010000000009313226,1297182.49,1297182.562,1297182.7509879,1.672000000020489,1.6609308999031782,0.07199999992735684,0,0,2,measured_from_next_stimulus_flip
316,support,0,1297182.562,1297182.7509879,1297184.162,1297184.3509879,1297184.171,1297184.3588356,0.009000000078231096,1297184.162,1297184.265,1297184.4585342,1.702999999979511,1.7075463000219315,0.10299999988637865,0,0,2,measured_from_next_stimulus_flip
317,support,0,1297184.265,1297184.4585342,1297185.865,1297186.0585342,1297185.875,1297186.0611101,0.010000000009313226,1297185.865,1297185.953,1297186.1393236,1.6880000000819564,1.6807894001249224,0.08799999998882413,0,0,2,measured_from_next_stimulus_flip
318,support,0,1297185.953,1297186.1393236,1297187.553,1297187.7393236002,1297187.562,1297187.7492069,0.008999999845400453,1297187.553,1297187.64,1297187.8354205,1.6869999999180436,1.6960968999192119,0.08699999982491136,0,0,2,measured_from_next_stimulus_flip
319,support,0,1297187.64,1297187.8354205,1297189.24,1297189.4354205,1297189.25,1297189.4360206,0.010000000009313226,1297189.24,1297189.328,1297189.5215988,1.6880000000819564,1.6861783000640571,0.08799999998882413,0,0,2,measured_from_next_stimulus_flip
320,support,0,1297189.328,1297189.5215988,1297190.928,1297191.1215988002,1297190.937,1297191.1244095,0.008999999845400453,1297190.928,1297191.0,1297191.1929309,1.672000000020489,1.6713320999406278,0.07199999992735684,0,0,2,measured_from_next_stimulus_flip
321,support,0,1297191.0,1297191.1929309,1297192.6,1297192.7929309001,1297192.609,1297192.7946716,0.008999999845400453,1297192.6,1297192.687,1297192.873568,1.6869999999180436,1.680637100012973,0.08699999982491136,0,0,2,measured_from_next_stimulus_flip
322,support,0,1297192.687,1297192.873568,1297194.287,1297194.4735680001,1297194.296,1297194.4828313,0.009000000078231096,1297194.287,1297194.39,1297194.5783711,1.702999999979511,1.7048030998557806,0.10299999988637865,0,0,2,measured_from_next_stimulus_flip
323,support,0,1297194.39,1297194.5783711,1297195.99,1297196.1783711,1297196.0,1297196.1860624,0.010000000009313226,1297195.99,1297196.078,1297196.2770407,1.6880000000819564,1.6986696000676602,0.08799999998882413,0,0,2,measured_from_next_stimulus_flip
324,support,0,1297196.078,1297196.2770407,1297197.678,1297197.8770407,1297197.687,1297197.8734853,0.008999999845400453,1297197.678,1297197.75,1297197.9494474,1.672000000020489,1.6724066999740899,0.07199999992735684,0,0,2,measured_from_next_stimulus_flip
325,support,0,1297197.75,1297197.9494474,1297199.35,1297199.5494474,1297199.359,1297199.5454042,0.008999999845400453,1297199.35,1297199.421,1297199.6184781,1.671000000089407,1.6690307001117617,0.07099999999627471,0,0,2,measured_from_next_stimulus_flip
326,support,0,1297199.421,1297199.6184781,1297201.0210000002,1297201.2184781001,1297201.031,1297201.2180891,0.009999999776482582,1297201.0210000002,1297201.093,1297201.2890986,1.672000000020489,1.6706204998772591,0.07199999992735684,0,0,2,measured_from_next_stimulus_flip
327,support,0,1297201.093,1297201.2890986,1297202.6930000002,1297202.8890986,1297202.703,1297202.8907032,0.009999999776482582,1297202.6930000002,1297202.781,1297202.9751329,1.6879999998491257,1.6860343001317233,0.08799999975599349,0,0,2,measured_from_next_stimulus_flip
328,support,0,1297202.781,1297202.9751329,1297204.381,1297204.5751329002,1297204.39,1297204.5776285,0.008999999845400453,1297204.381,1297204.453,1297204.6513465,1.672000000020489,1.6762135999742895,0.07199999992735684,0,0,2,measured_from_next_stimulus_flip
329,support,0,1297204.453,1297204.6513465,1297206.053,1297206.2513465001,1297206.062,1297206.248837,0.008999999845400453,1297206.053,1297206.125,1297206.3180701,1.672000000020489,1.666723599890247,0.07199999992735684,0,0,2,measured_from_next_stimulus_flip
330,support,0,1297206.125,1297206.3180701,1297207.725,1297207.9180701,1297207.734,1297207.9203076,0.008999999845400453,1297207.725,1297207.796,1297207.9882137,1.671000000089407,1.6701436000876129,0.07099999999627471,0,0,2,measured_from_next_stimulus_flip
331,support,0,1297207.796,1297207.9882137,1297209.3960000002,1297209.5882137,1297209.406,1297209.5927112,0.009999999776482582,1297209.3960000002,1297209.453,1297209.6500614,1.656999999890104,1.6618476998992264,0.05699999979697168,0,0,2,measured_from_next_stimulus_flip
332,support,0,1297209.453,1297209.6500614,1297211.053,1297211.2500614,1297211.062,1297211.2483161,0.008999999845400453,1297211.053,1297211.125,1297211.3180895,1.672000000020489,1.6680281001608819,0.07199999992735684,0,0,2,measured_from_next_stimulus_flip
333,support,0,1297211.125,1297211.3180895,1297212.725,1297212.9180895002,1297212.734,1297212.9208226,0.008999999845400453,1297212.725,1297212.796,1297212.9928882,1.671000000089407,1.6747987000271678,0.07099999999627471,0,0,2,measured_from_next_stimulus_flip
334,support,0,1297212.796,1297212.9928882,1297214.3960000002,1297214.5928882002,1297214.406,1297214.5932494,0.009999999776482582,1297214.3960000002,1297214.468,1297214.6640493,1.672000000020489,1.6711610998027027,0.07199999992735684,0,0,2,measured_from_next_stimulus_flip
335,support,0,1297214.468,1297214.6640493,1297216.0680000002,1297216.2640493,1297216.078,1297216.2640666,0.009999999776482582,1297216.0680000002,1297216.156,1297216.3419063,1.6879999998491257,1.6778570001479238,0.08799999975599349,0,0,2,measured_from_next_stimulus_flip
336,support,0,1297216.156,1297216.3419063,1297217.756,1297217.9419063001,1297217.765,1297217.9522641,0.008999999845400453,1297217.756,1297217.828,1297218.0244993,1.672000000020489,1.682592999888584,0.07199999992735684,0,0,2,measured_from_next_stimulus_flip
337,support,0,1297217.828,1297218.0244993,1297219.428,1297219.6244993,1297219.437,1297219.6237687,0.008999999845400453,1297219.428,1297219.5,1297219.6958211,1.672000000020489,1.6713217999786139,0.07199999992735684,0,0,2,measured_from_next_stimulus_flip
338,support,0,1297219.5,1297219.6958211,1297221.1,1297221.2958211,1297221.109,1297221.2980549,0.008999999845400453,1297221.1,1297221.171,1297221.3592414,1.671000000089407,1.6634202999994159,0.07099999999627471,0,0,2,measured_from_next_stimulus_flip
339,support,0,1297221.171,1297221.3592414,1297222.7710000002,1297222.9592414,1297222.781,1297222.9675928,0.009999999776482582,1297222.7710000002,1297222.843,1297223.0329154,1.672000000020489,1.6736740001942962,0.07199999992735684,0,0,2,measured_from_next_stimulus_flip
340,support,0,1297222.843,1297223.0329154,1297224.4430000002,1297224.6329154002,1297224.453,1297224.6386487,0.009999999776482582,1297224.4430000002,1297224.546,1297224.7438531,1.702999999979511,1.710937700001523,0.10299999988637865,0,0,2,measured_from_next_stimulus_flip
341,support,0,1297224.546,1297224.7438531,1297226.1460000002,1297226.3438531002,1297226.156,1297226.3416354,0.009999999776482582,1297226.1460000002,1297226.218,1297226.4169056,1.672000000020489,1.6730525000020862,0.07199999992735684,0,0,2,measured_from_next_stimulus_flip
342,support,0,1297226.218,1297226.4169056,1297227.8180000002,1297228.0169056002,1297227.828,1297228.0155946,0.009999999776482582,1297227.8180000002,1297227.89,1297228.0868701,1.6719999997876585,1.6699645000044256,0.0719999996945262,0,0,2,measured_from_next_stimulus_flip
343,support,0,1297227.89,1297228.0868701,1297229.49,1297229.6868701002,1297229.5,1297229.6866524,0.010000000009313226,1297229.49,1297229.593,1297229.7844293,1.7030000002123415,1.69755919999443,0.10300000011920929,0,0,2,measured_from_next_stimulus_flip
344,support,0,1297229.593,1297229.7844293,1297231.1930000002,1297231.3844293002,1297231.203,1297231.3908343,0.009999999776482582,1297231.1930000002,1297231.281,1297231.4682667,1.6879999998491257,1.6838373998180032,0.08799999975599349,0,0,2,measured_from_next_stimulus_flip
345,support,0,1297231.281,1297231.4682667,1297232.881,1297233.0682667,1297232.89,1297233.0780587,0.008999999845400453,1297232.881,1297232.953,1297233.1513196,1.672000000020489,1.6830529000144452,0.07199999992735684,0,0,2,measured_from_next_stimulus_flip
346,support,0,1297232.953,1297233.1513196,1297234.553,1297234.7513196,1297234.562,1297234.7478924,0.008999999845400453,1297234.553,1297234.64,1297234.832299,1.6869999999180436,1.6809793999418616,0.08699999982491136,0,0,2,measured_from_next_stimulus_flip
347,support,0,1297234.64,1297234.832299,1297236.24,1297236.432299,1297236.25,1297236.4380593,0.010000000009313226,1297236.24,1297236.312,1297236.5000239,1.672000000020489,1.667724900180474,0.07199999992735684,0,0,2,measured_from_next_stimulus_flip
348,support,0,1297236.312,1297236.5000239,1297237.912,1297238.1000239002,1297237.921,1297238.1076853,0.009000000078231096,1297237.912,1297237.984,1297238.175551,1.672000000020489,1.6755270999856293,0.07199999992735684,0,0,2,measured_from_next_stimulus_flip
349,support,0,1297237.984,1297238.175551,1297239.584,1297239.7755510001,1297239.593,1297239.7792017,0.009000000078231096,1297239.584,1297239.64,1297239.8351075,1.6559999999590218,1.6595564999151975,0.05599999986588955,0,0,2,measured_from_next_stimulus_flip
350,support,0,1297239.64,1297239.8351075,1297241.24,1297241.4351075,1297241.25,1297241.4373728,0.010000000009313226,1297241.24,1297241.312,1297241.5070268,1.672000000020489,1.671919299988076,0.07199999992735684,0,0,2,measured_from_next_stimulus_flip
351,support,0,1297241.312,1297241.5070268,1297242.912,1297243.1070268,1297242.921,1297243.107376,0.009000000078231096,1297242.912,1297243.0,1297243.1878905,1.6880000000819564,1.6808637001086026,0.08799999998882413,0,0,2,measured_from_next_stimulus_flip
352,support,0,1297243.0,1297243.1878905,1297244.6,1297244.7878905002,1297244.609,1297244.7955206,0.008999999845400453,1297244.6,1297244.671,1297244.864286,1.671000000089407,1.6763954998459667,0.07099999999627471,0,0,2,measured_from_next_stimulus_flip
353,support,0,1297244.671,1297244.864286,1297246.2710000002,1297246.464286,1297246.281,1297246.4677223,0.009999999776482582,1297246.2710000002,1297246.343,1297246.5393589,1.672000000020489,1.675072900019586,0.07199999992735684,0,0,2,measured_from_next_stimulus_flip
354,support,0,1297246.343,1297246.5393589,1297247.9430000002,1297248.1393589,1297247.953,1297248.1403588,0.009999999776482582,1297247.9430000002,1297248.0,1297248.1989311,1.656999999890104,1.6595722001511604,0.05699999979697168,0,0,2,measured_from_next_stimulus_flip
355,support,0,1297248.0,1297248.1989311,1297249.6,1297249.7989311002,1297249.609,1297249.7951095,0.008999999845400453,1297249.6,1297249.687,1297249.8800798,1.6869999999180436,1.6811486999504268,0.08699999982491136,0,0,2,measured_from_next_stimulus_flip
356,support,0,1297249.687,1297249.8800798,1297251.287,1297251.4800798001,1297251.296,1297251.4826065,0.009000000078231096,1297251.287,1297251.359,1297251.5516787,1.672000000020489,1.6715988998766989,0.07199999992735684,0,0,2,measured_from_next_stimulus_flip
357,support,0,1297251.359,1297251.5516787,1297252.959,1297253.1516787,1297252.968,1297253.1543338,0.009000000078231096,1297252.959,1297253.031,1297253.22869,1.672000000020489,1.6770113001111895,0.07199999992735684,0,0,2,measured_from_next_stimulus_flip
358,support,0,1297253.031,1297253.22869,1297254.631,1297254.82869,1297254.64,1297254.8276988,0.008999999845400453,1297254.631,1297254.765,1297254.9629428,1.7339999999385327,1.7342528000008315,0.13399999984540045,0,0,2,measured_from_next_stimulus_flip
359,support,0,1297254.765,1297254.9629428,1297256.365,1297256.5629428,1297256.375,1297256.5608159,0.010000000009313226,1297256.365,1297256.453,1297256.6409206,1.6880000000819564,1.6779777999036014,0.08799999998882413,0,0,2,measured_from_next_stimulus_flip
360,support,0,1297256.453,1297256.6409206,1297258.053,1297258.2409206,1297258.062,1297258.250445,0.008999999845400453,1297258.053,1297258.125,1297258.3132166,1.672000000020489,1.6722960001789033,0.07199999992735684,0,0,2,measured_from_next_stimulus_flip
361,support,0,1297258.125,1297258.3132166,1297259.725,1297259.9132166002,1297259.734,1297259.9204416,0.008999999845400453,1297259.725,1297259.796,1297259.9930862,1.671000000089407,1.6798695998732,0.07099999999627471,0,0,2,measured_from_next_stimulus_flip
362,support,0,1297259.796,1297259.9930862,1297261.3960000002,1297261.5930862,1297261.406,1297261.5933516,0.009999999776482582,1297261.3960000002,1297261.468,1297261.6587919,1.672000000020489,1.6657056999392807,0.07199999992735684,0,0,2,measured_from_next_stimulus_flip
363,support,0,1297261.468,1297261.6587919,1297263.0680000002,1297263.2587919,1297263.078,1297263.2653365,0.009999999776482582,1297263.0680000002,1297263.156,1297263.341825,1.6879999998491257,1.6830331000965089,0.08799999975599349,0,0,2,measured_from_next_stimulus_flip
364,support,0,1297263.156,1297263.341825,1297264.756,1297264.941825,1297264.765,1297264.9537509,0.008999999845400453,1297264.756,1297264.828,1297265.0166082,1.672000000020489,1.6747832000255585,0.07199999992735684,0,0,2,measured_from_next_stimulus_flip
365,support,0,1297264.828,1297265.0166082,1297266.428,1297266.6166082001,1297266.437,1297266.6251844,0.008999999845400453,1297266.428,1297266.5,1297266.6938465,1.672000000020489,1.6772382999770343,0.07199999992735684,0,0,2,measured_from_next_stimulus_flip
366,support,0,1297266.5,1297266.6938465,1297268.1,1297268.2938465,1297268.109,1297268.2965688,0.008999999845400453,1297268.1,1297268.187,1297268.375461,1.6869999999180436,1.6816145000047982,0.08699999982491136,0,0,2,measured_from_next_stimulus_flip
367,support,0,1297268.187,1297268.375461,1297269.787,1297269.975461,1297269.796,1297269.9829196,0.009000000078231096,1297269.787,1297269.875,1297270.0633507,1.6880000000819564,1.687889700056985,0.08799999998882413,0,0,2,measured_from_next_stimulus_flip
368,support,0,1297269.875,1297270.0633507,1297271.475,1297271.6633507002,1297271.484,1297271.6696843,0.008999999845400453,1297271.475,1297271.531,1297271.7319257,1.6559999999590218,1.6685750000178814,0.05599999986588955,0,0,2,measured_from_next_stimulus_flip
369,support,0,1297271.531,1297271.7319257,1297273.131,1297273.3319257002,1297273.14,1297273.3273415,0.008999999845400453,1297273.131,1297273.203,1297273.4013799,1.672000000020489,1.6694541999604553,0.07199999992735684,0,0,2,measured_from_next_stimulus_flip
370,support,0,1297273.203,1297273.4013799,1297274.803,1297275.0013799001,1297274.812,1297274.9985455,0.008999999845400453,1297274.803,1297274.875,1297275.0678171,1.672000000020489,1.6664372000377625,0.07199999992735684,0,0,2,measured_from_next_stimulus_flip
371,support,0,1297274.875,1297275.0678171,1297276.475,1297276.6678171002,1297276.484,1297276.6715392,0.008999999845400453,1297276.475,1297276.562,1297276.7513688,1.6869999999180436,1.6835516998544335,0.08699999982491136,0,0,2,measured_from_next_stimulus_flip
372,support,0,1297276.562,1297276.7513688,1297278.162,1297278.3513688,1297278.171,1297278.357927,0.009000000078231096,1297278.162,1297278.25,1297278.4435726,1.6880000000819564,1.6922037999611348,0.08799999998882413,0,0,2,measured_from_next_stimulus_flip
373,support,0,1297278.25,1297278.4435726,1297279.85,1297280.0435726,1297279.859,1297280.0465191,0.008999999845400453,1297279.85,1297279.906,1297280.1019525,1.6559999999590218,1.6583799000363797,0.05599999986588955,0,0,2,measured_from_next_stimulus_flip
374,support,0,1297279.906,1297280.1019525,1297281.506,1297281.7019525,1297281.515,1297281.7022623,0.008999999845400453,1297281.506,1297281.578,1297281.7747308,1.672000000020489,1.6727783000096679,0.07199999992735684,0,0,2,measured_from_next_stimulus_flip
375,support,0,1297281.578,1297281.7747308,1297283.178,1297283.3747308,1297283.187,1297283.3746231,0.008999999845400453,1297283.178,1297283.234,1297283.434649,1.6559999999590218,1.6599181999918073,0.05599999986588955,0,0,2,measured_from_next_stimulus_flip
376,support,0,1297283.234,1297283.434649,1297284.834,1297285.034649,1297284.843,1297285.0302388,0.009000000078231096,1297284.834,1297284.921,1297285.1108098,1.6870000001508743,1.6761608000379056,0.087000000057742,0,0,2,measured_from_next_stimulus_flip
377,support,0,1297284.921,1297285.1108098,1297286.5210000002,1297286.7108098,1297286.531,1297286.7185821,0.009999999776482582,1297286.5210000002,1297286.593,1297286.7908644,1.672000000020489,1.6800546001177281,0.07199999992735684,0,0,2,measured_from_next_stimulus_flip
378,support,0,1297286.593,1297286.7908644,1297288.1930000002,1297288.3908644002,1297288.203,1297288.391408,0.009999999776482582,1297288.1930000002,1297288.265,1297288.458394,1.6719999997876585,1.667529599973932,0.0719999996945262,0,0,2,measured_from_next_stimulus_flip
379,support,0,1297288.265,1297288.458394,1297289.865,1297290.0583940002,1297289.875,1297290.0602728,0.010000000009313226,1297289.865,1297289.953,1297290.1478066,1.6880000000819564,1.6894125998951495,0.08799999998882413,0,0,2,measured_from_next_stimulus_flip
380,support,0,1297289.953,1297290.1478066,1297291.553,1297291.7478066,1297291.562,1297291.7498646,0.008999999845400453,1297291.553,1297291.625,1297291.8223468,1.672000000020489,1.6745402000378817,0.07199999992735684,0,0,2,measured_from_next_stimulus_flip
381,support,0,1297291.625,1297291.8223468,1297293.225,1297293.4223468,1297293.234,1297293.4215386,0.008999999845400453,1297293.225,1297293.312,1297293.5068103,1.6869999999180436,1.68446350004524,0.08699999982491136,0,0,2,measured_from_next_stimulus_flip
382,support,0,1297293.312,1297293.5068103,1297294.912,1297295.1068103001,1297294.921,1297295.107107,0.009000000078231096,1297294.912,1297295.0,1297295.1883811,1.6880000000819564,1.6815708000212908,0.08799999998882413,0,0,2,measured_from_next_stimulus_flip
383,support,0,1297295.0,1297295.1883811,1297296.6,1297296.7883811002,1297296.609,1297296.7965943,0.008999999845400453,1297296.6,1297296.687,1297296.8734372,1.6869999999180436,1.6850560999009758,0.08699999982491136,0,0,2,measured_from_next_stimulus_flip
384,support,0,1297296.687,1297296.8734372,1297298.287,1297298.4734372,1297298.296,1297298.4835901,0.009000000078231096,1297298.287,1297298.359,1297298.5513508,1.672000000020489,1.6779136001132429,0.07199999992735684,0,0,2,measured_from_next_stimulus_flip
385,support,0,1297298.359,1297298.5513508,1297299.959,1297300.1513508002,1297299.968,1297300.1554176,0.009000000078231096,1297299.959,1297300.031,1297300.2232278,1.672000000020489,1.671877000015229,0.07199999992735684,0,0,2,measured_from_next_stimulus_flip
386,support,0,1297300.031,1297300.2232278,1297301.631,1297301.8232278002,1297301.64,1297301.8271575,0.008999999845400453,1297301.631,1297301.687,1297301.8846103,1.6559999999590218,1.6613824998494238,0.05599999986588955,0,0,2,measured_from_next_stimulus_flip
387,support,0,1297301.687,1297301.8846103,1297303.287,1297303.4846103,1297303.296,1297303.4821419,0.009000000078231096,1297303.287,1297303.359,1297303.5547972,1.672000000020489,1.6701869000680745,0.07199999992735684,0,0,2,measured_from_next_stimulus_flip
388,support,0,1297303.359,1297303.5547972,1297304.959,1297305.1547972,1297304.968,1297305.1560653,0.009000000078231096,1297304.959,1297305.015,1297305.2128961,1.6559999999590218,1.6580988999921829,0.05599999986588955,0,0,2,measured_from_next_stimulus_flip
389,support,0,1297305.015,1297305.2128961,1297306.615,1297306.8128961,1297306.625,1297306.8119746,0.010000000009313226,1297306.615,1297306.703,1297306.8900477,1.6880000000819564,1.6771515998989344,0.08799999998882413,0,0,2,measured_from_next_stimulus_flip
390,support,0,1297306.703,1297306.8900477,1297308.303,1297308.4900477,1297308.312,1297308.4987953,0.008999999845400453,1297308.303,1297308.375,1297308.5675771,1.672000000020489,1.6775293999817222,0.07199999992735684,0,0,2,measured_from_next_stimulus_flip
391,support,0,1297308.375,1297308.5675771,1297309.975,1297310.1675771,1297309.984,1297310.171661,0.008999999845400453,1297309.975,1297310.031,1297310.231899,1.6559999999590218,1.6643219001125544,0.05599999986588955,0,0,2,measured_from_next_stimulus_flip
392,support,0,1297310.031,1297310.231899,1297311.631,1297311.831899,1297311.64,1297311.8263315,0.008999999845400453,1297311.631,1297311.687,1297311.8845343,1.6559999999590218,1.652635300066322,0.05599999986588955,0,0,2,measured_from_next_stimulus_flip
393,support,0,1297311.687,1297311.8845343,1297313.287,1297313.4845343002,1297313.296,1297313.4830812,0.009000000078231096,1297313.287,1297313.359,1297313.5486318,1.672000000020489,1.6640975000336766,0.07199999992735684,0,0,2,measured_from_next_stimulus_flip
394,support,0,1297313.359,1297313.5486318,1297314.959,1297315.1486318002,1297314.968,1297315.1557681,0.009000000078231096,1297314.959,1297315.078,1297315.273134,1.7190000000409782,1.7245021997950971,0.11899999994784594,0,0,2,measured_from_next_stimulus_flip
395,support,0,1297315.078,1297315.273134,1297316.678,1297316.873134,1297316.687,1297316.8747524,0.008999999845400453,1297316.678,1297316.765,1297316.9598826,1.6869999999180436,1.6867486000992358,0.08699999982491136,0,0,2,measured_from_next_stimulus_flip
396,support,0,1297316.765,1297316.9598826,1297318.365,1297318.5598826,1297318.375,1297318.5618186,0.010000000009313226,1297318.365,1297318.437,1297318.6373298,1.672000000020489,1.6774472000543028,0.07199999992735684,0,0,2,measured_from_next_stimulus_flip
397,support,0,1297318.437,1297318.6373298,1297320.037,1297320.2373298001,1297320.046,1297320.2342066,0.009000000078231096,1297320.037,1297320.125,1297320.3215079,1.6880000000819564,1.6841780999675393,0.08799999998882413,0,0,2,measured_from_next_stimulus_flip
398,support,0,1297320.125,1297320.3215079,1297321.725,1297321.9215079,1297321.734,1297321.919886,0.008999999845400453,1297321.725,1297321.812,1297322.0084081,1.6869999999180436,1.6869002000894397,0.08699999982491136,0,0,2,measured_from_next_stimulus_flip
399,support,0,1297321.812,1297322.0084081,1297323.412,1297323.6084081002,1297323.421,1297323.6086868,0.009000000078231096,1297323.412,1297323.5,1297323.6904594,1.6880000000819564,1.6820512998383492,0.08799999998882413,0,0,2,measured_from_next_stimulus_flip
400,support,0,1297323.5,1297323.6904594,1297325.1,1297325.2904594,1297325.109,1297325.2971917,0.008999999845400453,1297325.1,1297325.203,1297325.3972007,1.702999999979511,1.706741299945861,0.10299999988637865,0,0,2,measured_from_next_stimulus_flip
401,support,0,1297325.203,1297325.3972007,1297326.803,1297326.9972007,1297326.812,1297326.9987418,0.008999999845400453,1297326.803,1297326.89,1297327.0904158,1.6869999999180436,1.693215100094676,0.08699999982491136,0,0,2,measured_from_next_stimulus_flip
402,support,0,1297326.89,1297327.0904158,1297328.49,1297328.6904158,1297328.5,1297328.6869771,0.010000000009313226,1297328.49,1297328.562,1297328.7567604,1.672000000020489,1.6663446000311524,0.07199999992735684,0,0,2,measured_from_next_stimulus_flip
403,support,0,1297328.562,1297328.7567604,1297330.162,1297330.3567604,1297330.171,1297330.3589138,0.009000000078231096,1297330.162,1297330.234,1297330.4301702,1.672000000020489,1.6734098000451922,0.07199999992735684,0,0,2,measured_from_next_stimulus_flip
404,support,0,1297330.234,1297330.4301702,1297331.834,1297332.0301702002,1297331.843,1297332.0291098,0.009000000078231096,1297331.834,1297331.906,1297332.1072243,1.672000000020489,1.6770540999714285,0.07199999992735684,0,0,2,measured_from_next_stimulus_flip
405,support,0,1297331.906,1297332.1072243,1297333.506,1297333.7072243001,1297333.515,1297333.701553,0.008999999845400453,1297333.506,1297333.578,1297333.774042,1.672000000020489,1.6668177000246942,0.07199999992735684,0,0,2,measured_from_next_stimulus_flip
406,support,0,1297333.578,1297333.774042,1297335.178,1297335.3740420002,1297335.187,1297335.3744965,0.008999999845400453,1297335.178,1297335.265,1297335.4658015,1.6869999999180436,1.6917594999540597,0.08699999982491136,0,0,2,measured_from_next_stimulus_flip
407,support,0,1297335.265,1297335.4658015,1297336.865,1297337.0658015,1297336.875,1297337.0617075,0.010000000009313226,1297336.865,1297336.953,1297337.1483792,1.6880000000819564,1.6825776998884976,0.08799999998882413,0,0,2,measured_from_next_stimulus_flip
408,support,0,1297336.953,1297337.1483792,1297338.553,1297338.7483792,1297338.562,1297338.7488053,0.008999999845400453,1297338.553,1297338.625,1297338.8230385,1.672000000020489,1.6746593001298606,0.07199999992735684,0,0,2,measured_from_next_stimulus_flip
409,support,0,1297338.625,1297338.8230385,1297340.225,1297340.4230385001,1297340.234,1297340.4223075,0.008999999845400453,1297340.225,1297340.281,1297340.4816073,1.6559999999590218,1.6585687999613583,0.05599999986588955,0,0,2,measured_from_next_stimulus_flip
410,support,0,1297340.281,1297340.4816073,1297341.881,1297342.0816073,1297341.89,1297342.0760534,0.008999999845400453,1297341.881,1297341.968,1297342.160995,1.6870000001508743,1.6793877000454813,0.087000000057742,0,0,2,measured_from_next_stimulus_flip
411,support,0,1297341.968,1297342.160995,1297343.5680000002,1297343.7609950001,1297343.578,1297343.766058,0.009999999776482582,1297343.5680000002,1297343.656,1297343.8459098,1.6879999998491257,1.6849147998727858,0.08799999975599349,0,0,2,measured_from_next_stimulus_flip
412,support,0,1297343.656,1297343.8459098,1297345.256,1297345.4459098,1297345.265,1297345.4522253,0.008999999845400453,1297345.256,1297345.343,1297345.5300682,1.6870000001508743,1.6841584001667798,0.087000000057742,0,0,2,measured_from_next_stimulus_flip
413,support,0,1297345.343,1297345.5300682,1297346.9430000002,1297347.1300682002,1297346.953,1297347.1402038,0.009999999776482582,1297346.9430000002,1297347.015,1297347.2071629,1.6719999997876585,1.6770946998149157,0.0719999996945262,0,0,2,measured_from_next_stimulus_flip
414,support,0,1297347.015,1297347.2071629,1297348.615,1297348.8071629,1297348.625,1297348.8111198,0.010000000009313226,1297348.615,1297348.687,1297348.8816521,1.672000000020489,1.6744892001152039,0.07199999992735684,0,0,2,measured_from_next_stimulus_flip
415,support,0,1297348.687,1297348.8816521,1297350.287,1297350.4816521,1297350.296,1297350.4836341,0.009000000078231096,1297350.287,1297350.375,1297350.5620367,1.6880000000819564,1.6803846000693738,0.08799999998882413,0,0,2,measured_from_next_stimulus_flip
416,support,0,1297350.375,1297350.5620367,1297351.975,1297352.1620367002,1297351.984,1297352.1714953,0.008999999845400453,1297351.975,1297352.046,1297352.2334023,1.671000000089407,1.6713655998464674,0.07099999999627471,0,0,2,measured_from_next_stimulus_flip
417,support,0,1297352.046,1297352.2334023,1297353.6460000002,1297353.8334023,1297353.656,1297353.8414337,0.009999999776482582,1297353.6460000002,1297353.718,1297353.9064241,1.672000000020489,1.6730218001175672,0.07199999992735684,0,0,2,measured_from_next_stimulus_flip
418,support,0,1297353.718,1297353.9064241,1297355.3180000002,1297355.5064241001,1297355.328,1297355.5145898,0.009999999776482582,1297355.3180000002,1297355.406,1297355.6047224,1.6879999998491257,1.6982982999179512,0.08799999975599349,0,0,2,measured_from_next_stimulus_flip
419,support,0,1297355.406,1297355.6047224,1297357.006,1297357.2047224,1297357.015,1297357.2013505,0.008999999845400453,1297357.006,1297357.062,1297357.2618865,1.6559999999590218,1.6571641000919044,0.05599999986588955,0,0,2,measured_from_next_stimulus_flip
420,support,0,1297357.062,1297357.2618865,1297358.662,1297358.8618865001,1297358.671,1297358.8584621,0.009000000078231096,1297358.662,1297358.734,1297358.9311027,1.672000000020489,1.669216200010851,0.07199999992735684,0,0,2,measured_from_next_stimulus_flip
421,support,0,1297358.734,1297358.9311027,1297360.334,1297360.5311027002,1297360.343,1297360.5292575,0.009000000078231096,1297360.334,1297360.406,1297360.6064341,1.672000000020489,1.6753314000088722,0.07199999992735684,0,0,2,measured_from_next_stimulus_flip
422,support,0,1297360.406,1297360.6064341,1297362.006,1297362.2064341002,1297362.015,1297362.2018911,0.008999999845400453,1297362.006,1297362.078,1297362.2723535,1.672000000020489,1.6659193998202682,0.07199999992735684,0,0,2,measured_from_next_stimulus_flip
423,support,0,1297362.078,1297362.2723535,1297363.678,1297363.8723535,1297363.687,1297363.8749299,0.008999999845400453,1297363.678,1297363.75,1297363.9494578,1.672000000020489,1.6771043001208454,0.07199999992735684,0,0,2,measured_from_next_stimulus_flip
424,support,0,1297363.75,1297363.9494578,1297365.35,1297365.5494578,1297365.359,1297365.5472786,0.008999999845400453,1297365.35,1297365.437,1297365.624833,1.6869999999180436,1.6753751998767257,0.08699999982491136,0,0,2,measured_from_next_stimulus_flip
425,support,0,1297365.437,1297365.624833,1297367.037,1297367.224833,1297367.046,1297367.2340249,0.009000000078231096,1297367.037,1297367.109,1297367.2986689,1.672000000020489,1.6738359001465142,0.07199999992735684,0,0,2,measured_from_next_stimulus_flip
426,support,0,1297367.109,1297367.2986689,1297368.709,1297368.8986689001,1297368.718,1297368.9056296,0.009000000078231096,1297368.709,1297368.781,1297368.9792671,1.672000000020489,1.6805982000660151,0.07199999992735684,0,0,2,measured_from_next_stimulus_flip
427,support,0,1297368.781,1297368.9792671,1297370.381,1297370.5792671002,1297370.39,1297370.5780634,0.008999999845400453,1297370.381,1297370.468,1297370.656045,1.6870000001508743,1.6767778999637812,0.087000000057742,0,0,2,measured_from_next_stimulus_flip
428,support,0,1297370.468,1297370.656045,1297372.0680000002,1297372.2560450002,1297372.078,1297372.2669706,0.009999999776482582,1297372.0680000002,1297372.14,1297372.3338478,1.6719999997876585,1.677802799968049,0.0719999996945262,0,0,2,measured_from_next_stimulus_flip
429,support,0,1297372.14,1297372.3338478,1297373.74,1297373.9338478001,1297373.75,1297373.9351894,0.010000000009313226,1297373.74,1297373.796,1297373.9927875,1.6560000001918525,1.6589396998751909,0.05600000009872019,0,0,2,measured_from_next_stimulus_flip
430,support,0,1297373.796,1297373.9927875,1297375.3960000002,1297375.5927875,1297375.406,1297375.5920157,0.009999999776482582,1297375.3960000002,1297375.468,1297375.6591439,1.672000000020489,1.6663564001210034,0.07199999992735684,0,0,2,measured_from_next_stimulus_flip
431,support,0,1297375.468,1297375.6591439,1297377.0680000002,1297377.2591439001,1297377.078,1297377.2650545,0.009999999776482582,1297377.0680000002,1297377.14,1297377.3393647,1.6719999997876585,1.680220799986273,0.0719999996945262,0,0,2,measured_from_next_stimulus_flip
432,support,0,1297377.14,1297377.3393647,1297378.74,1297378.9393647,1297378.75,1297378.9359219,0.010000000009313226,1297378.74,1297378.812,1297378.9992975,1.672000000020489,1.6599327998701483,0.07199999992735684,0,0,2,measured_from_next_stimulus_flip
433,support,0,1297378.812,1297378.9992975,1297380.412,1297380.5992975,1297380.421,1297380.6077332,0.009000000078231096,1297380.412,1297380.468,1297380.6660381,1.6560000001918525,1.6667406000196934,0.05600000009872019,0,0,2,measured_from_next_stimulus_flip
434,support,0,1297380.468,1297380.6660381,1297382.0680000002,1297382.2660381,1297382.078,1297382.2650681,0.009999999776482582,1297382.0680000002,1297382.14,1297382.3415427,1.6719999997876585,1.6755046001635492,0.0719999996945262,0,0,2,measured_from_next_stimulus_flip
435,support,0,1297382.14,1297382.3415427,1297383.74,1297383.9415427002,1297383.75,1297383.9358015,0.010000000009313226,1297383.74,1297383.828,1297384.0164011,1.6880000000819564,1.6748583998996764,0.08799999998882413,0,0,2,measured_from_next_stimulus_flip
436,support,0,1297383.828,1297384.0164011,1297385.428,1297385.6164011,1297385.437,1297385.6235525,0.008999999845400453,1297385.428,1297385.531,1297385.7234471,1.702999999979511,1.7070460000541061,0.10299999988637865,0,0,2,measured_from_next_stimulus_flip
437,support,0,1297385.531,1297385.7234471,1297387.131,1297387.3234471001,1297387.14,1297387.3264702,0.008999999845400453,1297387.131,1297387.218,1297387.4080454,1.6870000001508743,1.6845982999075204,0.087000000057742,0,0,2,measured_from_next_stimulus_flip
438,support,0,1297387.218,1297387.4080454,1297388.8180000002,1297389.0080454,1297388.828,1297389.0148862,0.009999999776482582,1297388.8180000002,1297388.89,1297389.0880656,1.6719999997876585,1.6800202000886202,0.0719999996945262,0,0,2,measured_from_next_stimulus_flip
439,support,0,1297388.89,1297389.0880656,1297390.49,1297390.6880656,1297390.5,1297390.6868382,0.010000000009313226,1297390.49,1297390.546,1297390.7480168,1.6560000001918525,1.659951200010255,0.05600000009872019,0,0,2,measured_from_next_stimulus_flip
440,support,0,1297390.546,1297390.7480168,1297392.1460000002,1297392.3480168001,1297392.156,1297392.3416888,0.009999999776482582,1297392.1460000002,1297392.218,1297392.4186018,1.672000000020489,1.6705849999561906,0.07199999992735684,0,0,2,measured_from_next_stimulus_flip
441,support,0,1297392.218,1297392.4186018,1297393.8180000002,1297394.0186018,1297393.828,1297394.0143317,0.009999999776482582,1297393.8180000002,1297393.906,1297394.0943222,1.6879999998491257,1.6757203999441117,0.08799999975599349,0,0,2,measured_from_next_stimulus_flip
442,support,0,1297393.906,1297394.0943222,1297395.506,1297395.6943222,1297395.515,1297395.7025315,0.008999999845400453,1297395.506,1297395.609,1297395.8013567,1.702999999979511,1.7070345000829548,0.10299999988637865,0,0,2,measured_from_next_stimulus_flip
443,support,0,1297395.609,1297395.8013567,1297397.209,1297397.4013567,1297397.218,1297397.4045397,0.009000000078231096,1297397.209,1297397.281,1297397.4756199,1.672000000020489,1.6742632000241429,0.07199999992735684,0,0,2,measured_from_next_stimulus_flip
444,support,0,1297397.281,1297397.4756199,1297398.881,1297399.0756199001,1297398.89,1297399.0767094,0.008999999845400453,1297398.881,1297398.953,1297399.148831,1.672000000020489,1.6732111000455916,0.07199999992735684,0,0,2,measured_from_next_stimulus_flip
445,support,0,1297398.953,1297399.148831,1297400.553,1297400.7488310002,1297400.562,1297400.7491976,0.008999999845400453,1297400.553,1297400.64,1297400.8325036,1.6869999999180436,1.6836725999601185,0.08699999982491136,0,0,2,measured_from_next_stimulus_flip
446,support,0,1297400.64,1297400.8325036,1297402.24,1297402.4325036001,1297402.25,1297402.4378308,0.010000000009313226,1297402.24,1297402.296,1297402.4929044,1.6560000001918525,1.6604007999412715,0.05600000009872019,0,0,2,measured_from_next_stimulus_flip
447,support,0,1297402.296,1297402.4929044,1297403.8960000002,1297404.0929044,1297403.906,1297404.0914602,0.009999999776482582,1297403.8960000002,1297403.968,1297404.1587494,1.672000000020489,1.6658449999522418,0.07199999992735684,0,0,2,measured_from_next_stimulus_flip
448,support,0,1297403.968,1297404.1587494,1297405.5680000002,1297405.7587494,1297405.578,1297405.7640259,0.009999999776482582,1297405.5680000002,1297405.625,1297405.82651,1.656999999890104,1.6677606001030654,0.05699999979697168,0,0,2,measured_from_next_stimulus_flip
449,support,0,1297405.625,1297405.82651,1297407.225,1297407.4265100001,1297407.234,1297407.4215398,0.008999999845400453,1297407.225,1297407.281,1297407.4760906,1.6559999999590218,1.6495805999729782,0.05599999986588955,0,0,2,measured_from_next_stimulus_flip
450,support,0,1297407.281,1297407.4760906,1297408.881,1297409.0760906,1297408.89,1297409.0779661,0.008999999845400453,1297408.881,1297408.953,1297409.1422228,1.672000000020489,1.6661322000436485,0.07199999992735684,0,0,2,measured_from_next_stimulus_flip
451,support,0,1297408.953,1297409.1422228,1297410.553,1297410.7422228002,1297410.562,1297410.748848,0.008999999845400453,1297410.553,1297410.625,1297410.8191745,1.672000000020489,1.6769516998901963,0.07199999992735684,0,0,2,measured_from_next_stimulus_flip
452,support,0,1297410.625,1297410.8191745,1297412.225,1297412.4191745,1297412.234,1297412.4203346,0.008999999845400453,1297412.225,1297412.296,1297412.4907274,1.671000000089407,1.6715528999920934,0.07099999999627471,0,0,2,measured_from_next_stimulus_flip
453,support,0,1297412.296,1297412.4907274,1297413.8960000002,1297414.0907274,1297413.906,1297414.0914516,0.009999999776482582,1297413.8960000002,1297413.953,1297414.1511065,1.656999999890104,1.660379100125283,0.05699999979697168,0,0,2,measured_from_next_stimulus_flip
454,support,0,1297413.953,1297414.1511065,1297415.553,1297415.7511065002,1297415.562,1297415.7490414,0.008999999845400453,1297415.553,1297415.64,1297415.8279542,1.6869999999180436,1.6768477000296116,0.08699999982491136,0,0,2,measured_from_next_stimulus_flip
455,support,0,1297415.64,1297415.8279542,1297417.24,1297417.4279542002,1297417.25,1297417.4356494,0.010000000009313226,1297417.24,1297417.328,1297417.5219803,1.6880000000819564,1.6940260999836028,0.08799999998882413,0,0,2,measured_from_next_stimulus_flip
456,support,0,1297417.328,1297417.5219803,1297418.928,1297419.1219803002,1297418.937,1297419.1248645,0.008999999845400453,1297418.928,1297419.015,1297419.2042725,1.6869999999180436,1.6822921999264508,0.08699999982491136,0,0,2,measured_from_next_stimulus_flip
457,support,0,1297419.015,1297419.2042725,1297420.615,1297420.8042725,1297420.625,1297420.8110539,0.010000000009313226,1297420.615,1297420.671,1297420.8687423,1.6560000001918525,1.6644697999581695,0.05600000009872019,0,0,2,measured_from_next_stimulus_flip
458,support,0,1297420.671,1297420.8687423,1297422.2710000002,1297422.4687423,1297422.281,1297422.4685912,0.009999999776482582,1297422.2710000002,1297422.343,1297422.5390087,1.672000000020489,1.67026640009135,0.07199999992735684,0,0,2,measured_from_next_stimulus_flip
459,support,0,1297422.343,1297422.5390087,1297423.9430000002,1297424.1390087001,1297423.953,1297424.1399772,0.009999999776482582,1297423.9430000002,1297424.015,1297424.2069369,1.6719999997876585,1.6679281999822706,0.0719999996945262,0,0,2,measured_from_next_stimulus_flip
460,support,0,1297424.015,1297424.2069369,1297425.615,1297425.8069369001,1297425.625,1297425.8109415,0.010000000009313226,1297425.615,1297425.671,1297425.8650406,1.6560000001918525,1.6581037000287324,0.05600000009872019,0,0,2,measured_from_next_stimulus_flip
461,support,0,1297425.671,1297425.8650406,1297427.2710000002,1297427.4650406002,1297427.281,1297427.4677802,0.009999999776482582,1297427.2710000002,1297427.343,1297427.5430949,1.672000000020489,1.6780542999040335,0.07199999992735684,0,0,2,measured_from_next_stimulus_flip
462,support,0,1297427.343,1297427.5430949,1297428.9430000002,1297429.1430949,1297428.953,1297429.1405127,0.009999999776482582,1297428.9430000002,1297429.015,1297429.2094016,1.6719999997876585,1.666306700091809,0.0719999996945262,0,0,2,measured_from_next_stimulus_flip
463,support,0,1297429.015,1297429.2094016,1297430.615,1297430.8094016002,1297430.625,1297430.810775,0.010000000009313226,1297430.615,1297430.703,1297430.8994216,1.6880000000819564,1.6900199998635799,0.08799999998882413,0,0,2,measured_from_next_stimulus_flip
464,support,0,1297430.703,1297430.8994216,1297432.303,1297432.4994216,1297432.312,1297432.5004729,0.008999999845400453,1297432.303,1297432.375,1297432.5709394,1.672000000020489,1.6715178000740707,0.07199999992735684,0,0,2,measured_from_next_stimulus_flip
465,support,0,1297432.375,1297432.5709394,1297433.975,1297434.1709394,1297433.984,1297434.1720263,0.008999999845400453,1297433.975,1297434.046,1297434.2419821,1.671000000089407,1.6710427000652999,0.07099999999627471,0,0,2,measured_from_next_stimulus_flip
466,support,0,1297434.046,1297434.2419821,1297435.6460000002,1297435.8419821002,1297435.656,1297435.8430912,0.009999999776482582,1297435.6460000002,1297435.718,1297435.9161151,1.672000000020489,1.6741329999640584,0.07199999992735684,0,0,2,measured_from_next_stimulus_flip
467,support,0,1297435.718,1297435.9161151,1297437.3180000002,1297437.5161151001,1297437.328,1297437.515018,0.009999999776482582,1297437.3180000002,1297437.39,1297437.5896267,1.6719999997876585,1.673511599889025,0.0719999996945262,0,0,2,measured_from_next_stimulus_flip
468,support,0,1297437.39,1297437.5896267,1297438.99,1297439.1896267,1297439.0,1297439.1856161,0.010000000009313226,1297438.99,1297439.062,1297439.2534491,1.672000000020489,1.6638224001508206,0.07199999992735684,0,0,2,measured_from_next_stimulus_flip
469,support,0,1297439.062,1297439.2534491,1297440.662,1297440.8534491002,1297440.671,1297440.8580016,0.009000000078231096,1297440.662,1297440.75,1297440.9367472,1.6880000000819564,1.6832981000188738,0.08799999998882413,0,0,2,measured_from_next_stimulus_flip
470,support,0,1297440.75,1297440.9367472,1297442.35,1297442.5367472002,1297442.359,1297442.5463542,0.008999999845400453,1297442.35,1297442.437,1297442.6376161,1.6869999999180436,1.7008688999339938,0.08699999982491136,0,0,2,measured_from_next_stimulus_flip
471,support,0,1297442.437,1297442.6376161,1297444.037,1297444.2376161,1297444.046,1297444.2335056,0.009000000078231096,1297444.037,1297444.109,1297444.3094915,1.672000000020489,1.6718754000030458,0.07199999992735684,0,0,2,measured_from_next_stimulus_flip
472,support,0,1297444.109,1297444.3094915,1297445.709,1297445.9094915001,1297445.718,1297445.9054492,0.009000000078231096,1297445.709,1297445.796,1297445.9847776,1.6870000001508743,1.6752861000131816,0.087000000057742,0,0,2,measured_from_next_stimulus_flip
473,support,0,1297445.796,1297445.9847776,1297447.3960000002,1297447.5847776001,1297447.406,1297447.5917091,0.009999999776482582,1297447.3960000002,1297447.484,1297447.6769688,1.6879999998491257,1.6921911998651922,0.08799999975599349,0,0,2,measured_from_next_stimulus_flip
474,support,0,1297447.484,1297447.6769688,1297449.084,1297449.2769688,1297449.093,1297449.2805565,0.009000000078231096,1297449.084,1297449.156,1297449.3562902,1.672000000020489,1.679321400122717,0.07199999992735684,0,0,2,measured_from_next_stimulus_flip
475,support,0,1297449.156,1297449.3562902,1297450.756,1297450.9562902001,1297450.765,1297450.9530798,0.008999999845400453,1297450.756,1297450.843,1297451.0344521,1.6870000001508743,1.678161900024861,0.087000000057742,0,0,2,measured_from_next_stimulus_flip
476,support,0,1297450.843,1297451.0344521,1297452.4430000002,1297452.6344521001,1297452.453,1297452.6403143,0.009999999776482582,1297452.4430000002,1297452.531,1297452.7229989,1.6879999998491257,1.6885468000546098,0.08799999975599349,0,0,2,measured_from_next_stimulus_flip
477,support,0,1297452.531,1297452.7229989,1297454.131,1297454.3229989002,1297454.14,1297454.3263831,0.008999999845400453,1297454.131,1297454.203,1297454.3975972,1.672000000020489,1.6745982998982072,0.07199999992735684,0,0,2,measured_from_next_stimulus_flip
478,support,0,1297454.203,1297454.3975972,1297455.803,1297455.9975972,1297455.812,1297456.0003528,0.008999999845400453,1297455.803,1297455.89,1297456.0891316,1.6869999999180436,1.691534399986267,0.08699999982491136,0,0,2,measured_from_next_stimulus_flip
479,support,0,1297455.89,1297456.0891316,1297457.49,1297457.6891316,1297457.5,1297457.6864423,0.010000000009313226,1297457.49,1297457.578,1297457.7683614,1.6880000000819564,1.6792298001237214,0.08799999998882413,0,0,2,measured_from_next_stimulus_flip
480,support,0,1297457.578,1297457.7683614,1297459.178,1297459.3683614002,1297459.187,1297459.3730822,0.008999999845400453,1297459.178,1297459.265,1297459.4591755,1.6869999999180436,1.6908140999730676,0.08699999982491136,0,0,2,measured_from_next_stimulus_flip
481,support,0,1297459.265,1297459.4591755,1297460.865,1297461.0591755002,1297460.875,1297461.0617494,0.010000000009313226,1297460.865,1297460.953,1297461.1417502,1.6880000000819564,1.682574699865654,0.08799999998882413,0,0,2,measured_from_next_stimulus_flip
482,support,0,1297460.953,1297461.1417502,1297462.553,1297462.7417502,1297462.562,1297462.7484044,0.008999999845400453,1297462.553,1297462.625,1297462.8243709,1.672000000020489,1.6826206999830902,0.07199999992735684,0,0,2,measured_from_next_stimulus_flip
483,support,0,1297462.625,1297462.8243709,1297464.225,1297464.4243709,1297464.234,1297464.4209782,0.008999999845400453,1297464.225,1297464.312,1297464.5090188,1.6869999999180436,1.6846479000523686,0.08699999982491136,0,0,2,measured_from_next_stimulus_flip
484,support,0,1297464.312,1297464.5090188,1297465.912,1297466.1090188,1297465.921,1297466.1086004,0.009000000078231096,1297465.912,1297465.984,1297466.1812876,1.672000000020489,1.6722687999717891,0.07199999992735684,0,0,2,measured_from_next_stimulus_flip
485,support,0,1297465.984,1297466.1812876,1297467.584,1297467.7812876,1297467.593,1297467.7808109,0.009000000078231096,1297467.584,1297467.687,1297467.8756555,1.702999999979511,1.6943679000250995,0.10299999988637865,0,0,2,measured_from_next_stimulus_flip
486,support,0,1297467.687,1297467.8756555,1297469.287,1297469.4756555,1297469.296,1297469.4823365,0.009000000078231096,1297469.287,1297469.39,1297469.5771691,1.702999999979511,1.7015136000700295,0.10299999988637865,0,0,2,measured_from_next_stimulus_flip
487,support,0,1297469.39,1297469.5771691,1297470.99,1297471.1771691001,1297471.0,1297471.1871402,0.010000000009313226,1297470.99,1297471.078,1297471.2734333,1.6880000000819564,1.696264199912548,0.08799999998882413,0,0,2,measured_from_next_stimulus_flip
488,support,0,1297471.078,1297471.2734333,1297472.678,1297472.8734333,1297472.687,1297472.8729239,0.008999999845400453,1297472.678,1297472.75,1297472.94865,1.672000000020489,1.675216699950397,0.07199999992735684,0,0,2,measured_from_next_stimulus_flip
489,support,0,1297472.75,1297472.94865,1297474.35,1297474.54865,1297474.359,1297474.5451537,0.008999999845400453,1297474.35,1297474.421,1297474.6165806,1.671000000089407,1.6679306000005454,0.07099999999627471,0,0,2,measured_from_next_stimulus_flip
490,support,0,1297474.421,1297474.6165806,1297476.0210000002,1297476.2165806,1297476.031,1297476.2164568,0.009999999776482582,1297476.0210000002,1297476.093,1297476.2897528,1.672000000020489,1.6731722000986338,0.07199999992735684,0,0,2,measured_from_next_stimulus_flip
491,support,0,1297476.093,1297476.2897528,1297477.6930000002,1297477.8897528,1297477.703,1297477.8910429,0.009999999776482582,1297477.6930000002,1297477.781,1297477.9725013,1.6879999998491257,1.6827485000248998,0.08799999975599349,0,0,2,measured_from_next_stimulus_flip
492,support,0,1297477.781,1297477.9725013,1297479.381,1297479.5725013001,1297479.39,1297479.5763891,0.008999999845400453,1297479.381,1297479.437,1297479.6317754,1.6559999999590218,1.6592740998603404,0.05599999986588955,0,0,2,measured_from_next_stimulus_flip
493,support,0,1297479.437,1297479.6317754,1297481.037,1297481.2317754,1297481.046,1297481.2345723,0.009000000078231096,1297481.037,1297481.109,1297481.2987519,1.672000000020489,1.6669765000697225,0.07199999992735684,0,0,2,measured_from_next_stimulus_flip
494,support,0,1297481.109,1297481.2987519,1297482.709,1297482.8987519,1297482.718,1297482.9065817,0.009000000078231096,1297482.709,1297482.781,1297482.9724348,1.672000000020489,1.6736828999128193,0.07199999992735684,0,0,2,measured_from_next_stimulus_flip
495,support,0,1297482.781,1297482.9724348,1297484.381,1297484.5724348,1297484.39,1297484.5773586,0.008999999845400453,1297484.381,1297484.437,1297484.6342579,1.6559999999590218,1.6618231001775712,0.05599999986588955,0,0,2,measured_from_next_stimulus_flip
496,support,0,1297484.437,1297484.6342579,1297486.037,1297486.2342579002,1297486.046,1297486.2324076,0.009000000078231096,1297486.037,1297486.109,1297486.2960131,1.672000000020489,1.661755200009793,0.07199999992735684,0,0,2,measured_from_next_stimulus_flip
497,support,0,1297486.109,1297486.2960131,1297487.709,1297487.8960131002,1297487.718,1297487.9065278,0.009000000078231096,1297487.709,1297487.781,1297487.9810889,1.672000000020489,1.685075799934566,0.07199999992735684,0,0,2,measured_from_next_stimulus_flip
498,support,0,1297487.781,1297487.9810889,1297489.381,1297489.5810889,1297489.39,1297489.5758607,0.008999999845400453,1297489.381,1297489.437,1297489.6333594,1.6559999999590218,1.6522705000825226,0.05599999986588955,0,0,2,measured_from_next_stimulus_flip
499,support,0,1297489.437,1297489.6333594,1297491.037,1297491.2333594002,1297491.046,1297491.23244,0.009000000078231096,1297491.037,1297491.109,1297491.2953071,1.672000000020489,1.6619476999621838,0.07199999992735684,0,0,2,measured_from_next_stimulus_flip
500,support,0,1297491.109,1297491.2953071,1297492.709,1297492.8953071001,1297492.718,1297492.9040383,0.009000000078231096,1297492.709,1297544.859,1297545.0553868,53.75,53.76007970003411,,1,0,2,measured_from_next_stimulus_flip
501,query,0,1297544.859,1297545.0553868,1297546.459,1297546.6553868002,1297546.468,1297546.6549662,0.009000000078231096,1297546.459,1297546.546,1297546.7390946,1.6870000001508743,1.683707799995318,0.087000000057742,0,0,2,measured_from_next_stimulus_flip
502,query,0,1297546.546,1297546.7390946,1297548.1460000002,1297548.3390946002,1297548.156,1297548.3429183,0.009999999776482582,1297548.1460000002,1297548.218,1297548.4173326,1.672000000020489,1.6782380000222474,0.07199999992735684,0,0,2,measured_from_next_stimulus_flip
503,query,0,1297548.218,1297548.4173326,1297549.8180000002,1297550.0173326002,1297549.828,1297550.0157811,0.009999999776482582,1297549.8180000002,1297549.906,1297550.0917349,1.6879999998491257,1.6744022998027503,0.08799999975599349,0,0,2,measured_from_next_stimulus_flip
504,query,0,1297549.906,1297550.0917349,1297551.506,1297551.6917349,1297551.515,1297551.7023181,0.008999999845400453,1297551.506,1297551.578,1297551.7662768,1.672000000020489,1.6745419001672417,0.07199999992735684,0,0,2,measured_from_next_stimulus_flip
505,query,0,1297551.578,1297551.7662768,1297553.178,1297553.3662768002,1297553.187,1297553.3732327,0.008999999845400453,1297553.178,1297553.265,1297553.4572942,1.6869999999180436,1.691017400007695,0.08699999982491136,0,0,2,measured_from_next_stimulus_flip
506,query,0,1297553.265,1297553.4572942,1297554.865,1297555.0572942002,1297554.875,1297555.061627,0.010000000009313226,1297554.865,1297554.953,1297555.1417189,1.6880000000819564,1.6844246999826282,0.08799999998882413,0,0,2,measured_from_next_stimulus_flip
507,query,0,1297554.953,1297555.1417189,1297556.553,1297556.7417189002,1297556.562,1297556.7486095,0.008999999845400453,1297556.553,1297556.625,1297556.8229562,1.672000000020489,1.681237299926579,0.07199999992735684,0,0,2,measured_from_next_stimulus_flip
508,query,0,1297556.625,1297556.8229562,1297558.225,1297558.4229562,1297558.234,1297558.4205351,0.008999999845400453,1297558.225,1297558.296,1297558.489948,1.671000000089407,1.666991800069809,0.07099999999627471,0,0,2,measured_from_next_stimulus_flip
509,query,0,1297558.296,1297558.489948,1297559.8960000002,1297560.0899480002,1297559.906,1297560.0926188,0.009999999776482582,1297559.8960000002,1297559.968,1297560.16502,1.672000000020489,1.6750719998963177,0.07199999992735684,0,0,2,measured_from_next_stimulus_flip
510,query,0,1297559.968,1297560.16502,1297561.5680000002,1297561.76502,1297561.578,1297561.7636725,0.009999999776482582,1297561.5680000002,1297561.64,1297561.8339423,1.6719999997876585,1.6689222999848425,0.0719999996945262,0,0,2,measured_from_next_stimulus_flip
511,query,0,1297561.64,1297561.8339423,1297563.24,1297563.4339423,1297563.25,1297563.436752,0.010000000009313226,1297563.24,1297563.312,1297563.5115923,1.672000000020489,1.6776499999687076,0.07199999992735684,0,0,2,measured_from_next_stimulus_flip
512,query,0,1297563.312,1297563.5115923,1297564.912,1297565.1115923,1297564.921,1297565.1095551,0.009000000078231096,1297564.912,1297565.0,1297565.1893984,1.6880000000819564,1.677806100109592,0.08799999998882413,0,0,2,measured_from_next_stimulus_flip
513,query,0,1297565.0,1297565.1893984,1297566.6,1297566.7893984,1297566.609,1297566.7961717,0.008999999845400453,1297566.6,1297566.656,1297566.8440634,1.6559999999590218,1.6546650000382215,0.05599999986588955,0,0,2,measured_from_next_stimulus_flip
514,query,0,1297566.656,1297566.8440634,1297568.256,1297568.4440634002,1297568.265,1297568.4516309,0.008999999845400453,1297568.256,1297568.328,1297568.5149846,1.672000000020489,1.6709211999550462,0.07199999992735684,0,0,2,measured_from_next_stimulus_flip
515,query,0,1297568.328,1297568.5149846,1297569.928,1297570.1149846,1297569.937,1297570.124183,0.008999999845400453,1297569.928,1297570.0,1297570.1923595,1.672000000020489,1.6773749000858516,0.07199999992735684,0,0,2,measured_from_next_stimulus_flip
516,query,0,1297570.0,1297570.1923595,1297571.6,1297571.7923595002,1297571.609,1297571.7961416,0.008999999845400453,1297571.6,1297571.656,1297571.856289,1.6559999999590218,1.663929499918595,0.05599999986588955,0,0,2,measured_from_next_stimulus_flip
517,query,0,1297571.656,1297571.856289,1297573.256,1297573.456289,1297573.265,1297573.4515787,0.008999999845400453,1297573.256,1297573.328,1297573.515181,1.672000000020489,1.6588920000940561,0.07199999992735684,0,0,2,measured_from_next_stimulus_flip
518,query,0,1297573.328,1297573.515181,1297574.928,1297575.1151810002,1297574.937,1297575.1246909,0.008999999845400453,1297574.928,1297575.015,1297575.2091116,1.6869999999180436,1.6939305998384953,0.08699999982491136,0,0,2,measured_from_next_stimulus_flip
519,query,0,1297575.015,1297575.2091116,1297576.615,1297576.8091116,1297576.625,1297576.8107191,0.010000000009313226,1297576.615,1297576.671,1297576.8710058,1.6560000001918525,1.661894200136885,0.05600000009872019,0,0,2,measured_from_next_stimulus_flip
520,query,0,1297576.671,1297576.8710058,1297578.2710000002,1297578.4710058002,1297578.281,1297578.4682231,0.009999999776482582,1297578.2710000002,1297578.343,1297578.531111,1.672000000020489,1.6601052000187337,0.07199999992735684,0,0,2,measured_from_next_stimulus_flip
521,query,0,1297578.343,1297578.531111,1297579.9430000002,1297580.1311110002,1297579.953,1297580.1410012,0.009999999776482582,1297579.9430000002,1297580.015,1297580.2062506,1.6719999997876585,1.6751395999453962,0.0719999996945262,0,0,2,measured_from_next_stimulus_flip
522,query,0,1297580.015,1297580.2062506,1297581.615,1297581.8062506001,1297581.625,1297581.8114263,0.010000000009313226,1297581.615,1297581.671,1297581.8729351,1.6560000001918525,1.6666844999417663,0.05600000009872019,0,0,2,measured_from_next_stimulus_flip
523,query,0,1297581.671,1297581.8729351,1297583.2710000002,1297583.4729351,1297583.281,1297583.466831,0.009999999776482582,1297583.2710000002,1297583.343,1297583.537878,1.672000000020489,1.6649428999517113,0.07199999992735684,0,0,2,measured_from_next_stimulus_flip
524,query,0,1297583.343,1297583.537878,1297584.9430000002,1297585.137878,1297584.953,1297585.1396299,0.009999999776482582,1297584.9430000002,1297585.031,1297585.2206521,1.6879999998491257,1.6827740999870002,0.08799999975599349,0,0,2,measured_from_next_stimulus_flip
525,query,0,1297585.031,1297585.2206521,1297586.631,1297586.8206521,1297586.64,1297586.8268921,0.008999999845400453,1297586.631,1297586.703,1297586.8895914,1.672000000020489,1.668939300114289,0.07199999992735684,0,0,2,measured_from_next_stimulus_flip
526,query,0,1297586.703,1297586.8895914,1297588.303,1297588.4895914001,1297588.312,1297588.4997566,0.008999999845400453,1297588.303,1297588.39,1297588.5798447,1.6869999999180436,1.6902532998938113,0.08699999982491136,0,0,2,measured_from_next_stimulus_flip
527,query,0,1297588.39,1297588.5798447,1297589.99,1297590.1798447,1297590.0,1297590.1869468,0.010000000009313226,1297589.99,1297590.062,1297590.2575779,1.672000000020489,1.6777332001365721,0.07199999992735684,0,0,2,measured_from_next_stimulus_flip
528,query,0,1297590.062,1297590.2575779,1297591.662,1297591.8575779002,1297591.671,1297591.8582028,0.009000000078231096,1297591.662,1297591.718,1297591.9164569,1.6560000001918525,1.6588789999950677,0.05600000009872019,0,0,2,measured_from_next_stimulus_flip
529,query,0,1297591.718,1297591.9164569,1297593.3180000002,1297593.5164569002,1297593.328,1297593.5158153,0.009999999776482582,1297593.3180000002,1297593.406,1297593.6017077,1.6879999998491257,1.6852507998701185,0.08799999975599349,0,0,2,measured_from_next_stimulus_flip
530,query,0,1297593.406,1297593.6017077,1297595.006,1297595.2017077,1297595.015,1297595.2012343,0.008999999845400453,1297595.006,1297595.078,1297595.265376,1.672000000020489,1.663668300025165,0.07199999992735684,0,0,2,measured_from_next_stimulus_flip
531,query,0,1297595.078,1297595.265376,1297596.678,1297596.865376,1297596.687,1297596.8731725,0.008999999845400453,1297596.678,1297596.734,1297596.9311776,1.6559999999590218,1.665801600087434,0.05599999986588955,0,0,2,measured_from_next_stimulus_flip
532,query,0,1297596.734,1297596.9311776,1297598.334,1297598.5311776001,1297598.343,1297598.5308138,0.009000000078231096,1297598.334,1297598.406,1297598.5975843,1.672000000020489,1.6664066999219358,0.07199999992735684,0,0,2,measured_from_next_stimulus_flip
533,query,0,1297598.406,1297598.5975843,1297600.006,1297600.1975843,1297600.015,1297600.2032869,0.008999999845400453,1297600.006,1297600.078,1297600.2655819,1.672000000020489,1.6679976000450552,0.07199999992735684,0,0,2,measured_from_next_stimulus_flip
534,query,0,1297600.078,1297600.2655819,1297601.678,1297601.8655819,1297601.687,1297601.8727679,0.008999999845400453,1297601.678,1297601.75,1297601.9399431,1.672000000020489,1.6743612000718713,0.07199999992735684,0,0,2,measured_from_next_stimulus_flip
535,query,0,1297601.75,1297601.9399431,1297603.35,1297603.5399431002,1297603.359,1297603.5466769,0.008999999845400453,1297603.35,1297603.437,1297603.6306524,1.6869999999180436,1.6907092998735607,0.08699999982491136,0,0,2,measured_from_next_stimulus_flip
536,query,0,1297603.437,1297603.6306524,1297605.037,1297605.2306524,1297605.046,1297605.2323873,0.009000000078231096,1297605.037,1297605.109,1297605.3060742,1.672000000020489,1.6754217999987304,0.07199999992735684,0,0,2,measured_from_next_stimulus_flip
537,query,0,1297605.109,1297605.3060742,1297606.709,1297606.9060742,1297606.718,1297606.9046464,0.009000000078231096,1297606.709,1297606.781,1297606.9760341,1.672000000020489,1.669959899969399,0.07199999992735684,0,0,2,measured_from_next_stimulus_flip
538,query,0,1297606.781,1297606.9760341,1297608.381,1297608.5760341,1297608.39,1297608.5768034,0.008999999845400453,1297608.381,1297608.437,1297608.6330979,1.6559999999590218,1.657063800143078,0.05599999986588955,0,0,2,measured_from_next_stimulus_flip
539,query,0,1297608.437,1297608.6330979,1297610.037,1297610.2330979002,1297610.046,1297610.2332487,0.009000000078231096,1297610.037,1297610.109,1297610.3084337,1.672000000020489,1.6753357998095453,0.07199999992735684,0,0,2,measured_from_next_stimulus_flip
540,query,0,1297610.109,1297610.3084337,1297611.709,1297611.9084337,1297611.718,1297611.9052298,0.009000000078231096,1297611.709,1297611.781,1297611.974588,1.672000000020489,1.6661543000955135,0.07199999992735684,0,0,2,measured_from_next_stimulus_flip
541,query,0,1297611.781,1297611.974588,1297613.381,1297613.574588,1297613.39,1297613.5775294,0.008999999845400453,1297613.381,1297613.437,1297613.634305,1.6559999999590218,1.6597170000895858,0.05599999986588955,0,0,2,measured_from_next_stimulus_flip
542,query,0,1297613.437,1297613.634305,1297615.037,1297615.2343050002,1297615.046,1297615.2325515,0.009000000078231096,1297615.037,1297615.109,1297615.3059391,1.672000000020489,1.6716340999118984,0.07199999992735684,0,0,2,measured_from_next_stimulus_flip
543,query,0,1297615.109,1297615.3059391,1297616.709,1297616.9059391,1297616.718,1297616.9046597,0.009000000078231096,1297616.709,1297616.781,1297616.9735165,1.672000000020489,1.667577400105074,0.07199999992735684,0,0,2,measured_from_next_stimulus_flip
544,query,0,1297616.781,1297616.9735165,1297618.381,1297618.5735165002,1297618.39,1297618.576794,0.008999999845400453,1297618.381,1297618.437,1297618.63458,1.6559999999590218,1.6610634999815375,0.05599999986588955,0,0,2,measured_from_next_stimulus_flip
545,query,0,1297618.437,1297618.63458,1297620.037,1297620.2345800002,1297620.046,1297620.2334671,0.009000000078231096,1297620.037,1297620.109,1297620.3064247,1.672000000020489,1.6718446998856962,0.07199999992735684,0,0,2,measured_from_next_stimulus_flip
546,query,0,1297620.109,1297620.3064247,1297621.709,1297621.9064247,1297621.718,1297621.9055644,0.009000000078231096,1297621.709,1297621.765,1297621.9648376,1.6559999999590218,1.6584129000548273,0.05599999986588955,0,0,2,measured_from_next_stimulus_flip
547,query,0,1297621.765,1297621.9648376,1297623.365,1297623.5648376,1297623.375,1297623.5614413,0.010000000009313226,1297623.365,1297623.421,1297623.6226426,1.6560000001918525,1.6578049999661744,0.05600000009872019,0,0,2,measured_from_next_stimulus_flip
548,query,0,1297623.421,1297623.6226426,1297625.0210000002,1297625.2226426,1297625.031,1297625.2169181,0.009999999776482582,1297625.0210000002,1297625.093,1297625.2912526,1.672000000020489,1.668610000051558,0.07199999992735684,0,0,2,measured_from_next_stimulus_flip
549,query,0,1297625.093,1297625.2912526,1297626.6930000002,1297626.8912526001,1297626.703,1297626.8909703,0.009999999776482582,1297626.6930000002,1297626.75,1297626.9481609,1.656999999890104,1.6569083000067621,0.05699999979697168,0,0,2,measured_from_next_stimulus_flip
550,query,0,1297626.75,1297626.9481609,1297628.35,1297628.5481609001,1297628.359,1297628.5456701,0.008999999845400453,1297628.35,1297628.421,1297628.6148913,1.671000000089407,1.6667303999420255,0.07099999999627471,0,0,2,measured_from_next_stimulus_flip
551,query,0,1297628.421,1297628.6148913,1297630.0210000002,1297630.2148913,1297630.031,1297630.217416,0.009999999776482582,1297630.0210000002,1297630.093,1297630.2884767,1.672000000020489,1.6735853999853134,0.07199999992735684,0,0,2,measured_from_next_stimulus_flip
552,query,0,1297630.093,1297630.2884767,1297631.6930000002,1297631.8884767,1297631.703,1297631.8896301,0.009999999776482582,1297631.6930000002,1297631.765,1297631.9560141,1.6719999997876585,1.667537400033325,0.0719999996945262,0,0,2,measured_from_next_stimulus_flip
553,query,0,1297631.765,1297631.9560141,1297633.365,1297633.5560141,1297633.375,1297633.5612455,0.010000000009313226,1297633.365,1297633.421,1297633.6225972,1.6560000001918525,1.6665831001009792,0.05600000009872019,0,0,2,measured_from_next_stimulus_flip
554,query,0,1297633.421,1297633.6225972,1297635.0210000002,1297635.2225972002,1297635.031,1297635.2176801,0.009999999776482582,1297635.0210000002,1297635.093,1297635.2847897,1.672000000020489,1.6621924999635667,0.07199999992735684,0,0,2,measured_from_next_stimulus_flip
555,query,0,1297635.093,1297635.2847897,1297636.6930000002,1297636.8847897002,1297636.703,1297636.8884104,0.009999999776482582,1297636.6930000002,1297636.765,1297636.9608196,1.6719999997876585,1.6760298998560756,0.0719999996945262,0,0,2,measured_from_next_stimulus_flip
556,query,0,1297636.765,1297636.9608196,1297638.365,1297638.5608196,1297638.375,1297638.5607646,0.010000000009313226,1297638.365,1297638.421,1297638.6168072,1.6560000001918525,1.6559876000974327,0.05600000009872019,0,0,2,measured_from_next_stimulus_flip
557,query,0,1297638.421,1297638.6168072,1297640.0210000002,1297640.2168072,1297640.031,1297640.2183141,0.009999999776482582,1297640.0210000002,1297640.093,1297640.2898976,1.672000000020489,1.6730903999414295,0.07199999992735684,0,0,2,measured_from_next_stimulus_flip
558,query,0,1297640.093,1297640.2898976,1297641.6930000002,1297641.8898976,1297641.703,1297641.8903333,0.009999999776482582,1297641.6930000002,1297641.765,1297641.9559143,1.6719999997876585,1.6660166999790817,0.0719999996945262,0,0,2,measured_from_next_stimulus_flip
559,query,0,1297641.765,1297641.9559143,1297643.365,1297643.5559143,1297643.375,1297643.5615413,0.010000000009313226,1297643.365,1297643.421,1297643.6224699,1.6560000001918525,1.666555600007996,0.05600000009872019,0,0,2,measured_from_next_stimulus_flip
560,query,0,1297643.421,1297643.6224699,1297645.0210000002,1297645.2224699,1297645.031,1297645.2176832,0.009999999776482582,1297645.0210000002,1297645.093,1297645.2895883,1.672000000020489,1.6671184001024812,0.07199999992735684,0,0,2,measured_from_next_stimulus_flip
561,query,0,1297645.093,1297645.2895883,1297646.6930000002,1297646.8895883001,1297646.703,1297646.8892117,0.009999999776482582,1297646.6930000002,1297646.765,1297646.9641206,1.6719999997876585,1.674532299861312,0.0719999996945262,0,0,2,measured_from_next_stimulus_flip
562,query,0,1297646.765,1297646.9641206,1297648.365,1297648.5641206,1297648.375,1297648.5613067,0.010000000009313226,1297648.365,1297648.437,1297648.6299013,1.672000000020489,1.6657807000447065,0.07199999992735684,0,0,2,measured_from_next_stimulus_flip
563,query,0,1297648.437,1297648.6299013,1297650.037,1297650.2299013,1297650.046,1297650.2324651,0.009000000078231096,1297650.037,1297650.109,1297650.3085668,1.672000000020489,1.6786655001342297,0.07199999992735684,0,0,2,measured_from_next_stimulus_flip
564,query,0,1297650.109,1297650.3085668,1297651.709,1297651.9085668002,1297651.718,1297651.9062082,0.009000000078231096,1297651.709,1297651.765,1297651.9624278,1.6559999999590218,1.6538609999697655,0.05599999986588955,0,0,2,measured_from_next_stimulus_flip
565,query,0,1297651.765,1297651.9624278,1297653.365,1297653.5624278001,1297653.375,1297653.5611681,0.010000000009313226,1297653.365,1297653.421,1297653.6156946,1.6560000001918525,1.6532667998690158,0.05600000009872019,0,0,2,measured_from_next_stimulus_flip
566,query,0,1297653.421,1297653.6156946,1297655.0210000002,1297655.2156946,1297655.031,1297655.218115,0.009999999776482582,1297655.0210000002,1297655.093,1297655.2882021,1.672000000020489,1.6725075000431389,0.07199999992735684,0,0,2,measured_from_next_stimulus_flip
567,query,0,1297655.093,1297655.2882021,1297656.6930000002,1297656.8882021,1297656.703,1297656.890661,0.009999999776482582,1297656.6930000002,1297656.781,1297656.9731014,1.6879999998491257,1.6848993001040071,0.08799999975599349,0,0,2,measured_from_next_stimulus_flip
568,query,0,1297656.781,1297656.9731014,1297658.381,1297658.5731014002,1297658.39,1297658.5775189,0.008999999845400453,1297658.381,1297658.453,1297658.6507039,1.672000000020489,1.677602499956265,0.07199999992735684,0,0,2,measured_from_next_stimulus_flip
569,query,0,1297658.453,1297658.6507039,1297660.053,1297660.2507039001,1297660.062,1297660.247947,0.008999999845400453,1297660.053,1297660.14,1297660.3281147,1.6869999999180436,1.677410800009966,0.08699999982491136,0,0,2,measured_from_next_stimulus_flip
570,query,0,1297660.14,1297660.3281147,1297661.74,1297661.9281147001,1297661.75,1297661.9363736,0.010000000009313226,1297661.74,1297661.812,1297662.0037689,1.672000000020489,1.6756541999056935,0.07199999992735684,0,0,2,measured_from_next_stimulus_flip
571,query,0,1297661.812,1297662.0037689,1297663.412,1297663.6037689,1297663.421,1297663.6080921,0.009000000078231096,1297663.412,1297663.5,1297663.694326,1.6880000000819564,1.6905571001116186,0.08799999998882413,0,0,2,measured_from_next_stimulus_flip
572,query,0,1297663.5,1297663.694326,1297665.1,1297665.2943260001,1297665.109,1297665.29506,0.008999999845400453,1297665.1,1297665.187,1297665.3748751,1.6869999999180436,1.6805491000413895,0.08699999982491136,0,0,2,measured_from_next_stimulus_flip
573,query,0,1297665.187,1297665.3748751,1297666.787,1297666.9748751002,1297666.796,1297666.9828771,0.009000000078231096,1297666.787,1297666.875,1297667.063638,1.6880000000819564,1.688762899953872,0.08799999998882413,0,0,2,measured_from_next_stimulus_flip
574,query,0,1297666.875,1297667.063638,1297668.475,1297668.6636380001,1297668.484,1297668.672088,0.008999999845400453,1297668.475,1297668.562,1297668.7535941,1.6869999999180436,1.6899560999590904,0.08699999982491136,0,0,2,measured_from_next_stimulus_flip
575,query,0,1297668.562,1297668.7535941,1297670.162,1297670.3535941,1297670.171,1297670.3576555,0.009000000078231096,1297670.162,1297670.234,1297670.4332043,1.672000000020489,1.6796101999934763,0.07199999992735684,0,0,2,measured_from_next_stimulus_flip
576,query,0,1297670.234,1297670.4332043,1297671.834,1297672.0332043,1297671.843,1297672.0311073,0.009000000078231096,1297671.834,1297671.921,1297672.1120535,1.6870000001508743,1.678849200019613,0.087000000057742,0,0,2,measured_from_next_stimulus_flip
577,query,0,1297671.921,1297672.1120535,1297673.5210000002,1297673.7120535,1297673.531,1297673.7169209,0.009999999776482582,1297673.5210000002,1297673.578,1297673.7780056,1.656999999890104,1.6659520999528468,0.05699999979697168,0,0,2,measured_from_next_stimulus_flip
578,query,0,1297673.578,1297673.7780056,1297675.178,1297675.3780056,1297675.187,1297675.3748716,0.008999999845400453,1297675.178,1297675.265,1297675.4579576,1.6869999999180436,1.679952000034973,0.08699999982491136,0,0,2,measured_from_next_stimulus_flip
579,query,0,1297675.265,1297675.4579576,1297676.865,1297677.0579576,1297676.875,1297677.061158,0.010000000009313226,1297676.865,1297676.937,1297677.1387201,1.672000000020489,1.6807625000365078,0.07199999992735684,0,0,2,measured_from_next_stimulus_flip
580,query,0,1297676.937,1297677.1387201,1297678.537,1297678.7387201001,1297678.546,1297678.7330193,0.009000000078231096,1297678.537,1297678.625,1297678.8225876,1.6880000000819564,1.683867499930784,0.08799999998882413,0,0,2,measured_from_next_stimulus_flip
581,query,0,1297678.625,1297678.8225876,1297680.225,1297680.4225876,1297680.234,1297680.4225114,0.008999999845400453,1297680.225,1297680.312,1297680.5092997,1.6869999999180436,1.686712099937722,0.08699999982491136,0,0,2,measured_from_next_stimulus_flip
582,query,0,1297680.312,1297680.5092997,1297681.912,1297682.1092997,1297681.921,1297682.1078866,0.009000000078231096,1297681.912,1297681.984,1297682.1848229,1.672000000020489,1.6755232000723481,0.07199999992735684,0,0,2,measured_from_next_stimulus_flip
583,query,0,1297681.984,1297682.1848229,1297683.584,1297683.7848229,1297683.593,1297683.7805045,0.009000000078231096,1297683.584,1297683.656,1297683.8576954,1.672000000020489,1.6728725000284612,0.07199999992735684,0,0,2,measured_from_next_stimulus_flip
584,query,0,1297683.656,1297683.8576954,1297685.256,1297685.4576954,1297685.265,1297685.4514931,0.008999999845400453,1297685.256,1297685.343,1297685.5393867,1.6870000001508743,1.6816912998910993,0.087000000057742,0,0,2,measured_from_next_stimulus_flip
585,query,0,1297685.343,1297685.5393867,1297686.9430000002,1297687.1393867,1297686.953,1297687.1392834,0.009999999776482582,1297686.9430000002,1297687.031,1297687.2207862,1.6879999998491257,1.6813994999974966,0.08799999975599349,0,0,2,measured_from_next_stimulus_flip
586,query,0,1297687.031,1297687.2207862,1297688.631,1297688.8207862,1297688.64,1297688.8262471,0.008999999845400453,1297688.631,1297688.703,1297688.8992035,1.672000000020489,1.6784173001069576,0.07199999992735684,0,0,2,measured_from_next_stimulus_flip
587,query,0,1297688.703,1297688.8992035,1297690.303,1297690.4992035,1297690.312,1297690.4988323,0.008999999845400453,1297690.303,1297690.39,1297690.5832618,1.6869999999180436,1.6840582999866456,0.08699999982491136,0,0,2,measured_from_next_stimulus_flip
588,query,0,1297690.39,1297690.5832618,1297691.99,1297692.1832618,1297692.0,1297692.1869988,0.010000000009313226,1297691.99,1297692.062,1297692.2635103,1.672000000020489,1.6802485000807792,0.07199999992735684,0,0,2,measured_from_next_stimulus_flip
589,query,0,1297692.062,1297692.2635103,1297693.662,1297693.8635103002,1297693.671,1297693.8575053,0.009000000078231096,1297693.662,1297693.75,1297693.9405259,1.6880000000819564,1.6770156000275165,0.08799999998882413,0,0,2,measured_from_next_stimulus_flip
590,query,0,1297693.75,1297693.9405259,1297695.35,1297695.5405259002,1297695.359,1297695.5451954,0.008999999845400453,1297695.35,1297695.437,1297695.6244684,1.6869999999180436,1.6839424998033792,0.08699999982491136,0,0,2,measured_from_next_stimulus_flip
591,query,0,1297695.437,1297695.6244684,1297697.037,1297697.2244684,1297697.046,1297697.2341587,0.009000000078231096,1297697.037,1297697.125,1297697.3121061,1.6880000000819564,1.6876377000007778,0.08799999998882413,0,0,2,measured_from_next_stimulus_flip
592,query,0,1297697.125,1297697.3121061,1297698.725,1297698.9121061,1297698.734,1297698.9200128,0.008999999845400453,1297698.725,1297698.796,1297698.9928873,1.671000000089407,1.6807812000624835,0.07099999999627471,0,0,2,measured_from_next_stimulus_flip
593,query,0,1297698.796,1297698.9928873,1297700.3960000002,1297700.5928873,1297700.406,1297700.5936479,0.009999999776482582,1297700.3960000002,1297700.468,1297700.6598184,1.672000000020489,1.6669310999568552,0.07199999992735684,0,0,2,measured_from_next_stimulus_flip
594,query,0,1297700.468,1297700.6598184,1297702.0680000002,1297702.2598184,1297702.078,1297702.2651387,0.009999999776482582,1297702.0680000002,1297702.14,1297702.3267536,1.6719999997876585,1.66693520010449,0.0719999996945262,0,0,2,measured_from_next_stimulus_flip
595,query,0,1297702.14,1297702.3267536,1297703.74,1297703.9267536001,1297703.75,1297703.9372514,0.010000000009313226,1297703.74,1297703.812,1297704.0130794,1.672000000020489,1.6863257999066263,0.07199999992735684,0,0,2,measured_from_next_stimulus_flip
596,query,0,1297703.812,1297704.0130794,1297705.412,1297705.6130794,1297705.421,1297705.6090558,0.009000000078231096,1297705.412,1297705.484,1297705.6761084,1.672000000020489,1.6630290001630783,0.07199999992735684,0,0,2,measured_from_next_stimulus_flip
597,query,0,1297705.484,1297705.6761084,1297707.084,1297707.2761084002,1297707.093,1297707.2822869,0.009000000078231096,1297707.084,1297707.203,1297707.38928,1.7190000000409782,1.7131715998984873,0.11899999994784594,0,0,2,measured_from_next_stimulus_flip
598,query,0,1297707.203,1297707.38928,1297708.803,1297708.98928,1297708.812,1297708.999929,0.008999999845400453,1297708.803,1297708.906,1297709.0941064,1.702999999979511,1.704826399916783,0.10299999988637865,0,0,2,measured_from_next_stimulus_flip
599,query,0,1297708.906,1297709.0941064,1297710.506,1297710.6941064,1297710.515,1297710.7028299,0.008999999845400453,1297710.506,1297710.578,1297710.7759073,1.672000000020489,1.6818009000271559,0.07199999992735684,0,0,2,measured_from_next_stimulus_flip
600,query,0,1297710.578,1297710.7759073,1297712.178,1297712.3759073,1297712.187,1297712.3738756,0.008999999845400453,1297712.178,1297712.25,1297712.4421617,1.672000000020489,1.666254400042817,0.07199999992735684,0,0,2,measured_from_next_stimulus_flip
601,query,0,1297712.25,1297712.4421617,1297713.85,1297714.0421617,1297713.859,1297714.0447312,0.008999999845400453,1297713.85,1297713.937,1297714.1236717,1.6869999999180436,1.6815100000239909,0.08699999982491136,0,0,2,measured_from_next_stimulus_flip
602,query,0,1297713.937,1297714.1236717,1297715.537,1297715.7236717,1297715.546,1297715.7353479,0.009000000078231096,1297715.537,1297715.609,1297715.8089407,1.672000000020489,1.6852690000087023,0.07199999992735684,0,0,2,measured_from_next_stimulus_flip
603,query,0,1297715.609,1297715.8089407,1297717.209,1297717.4089407,1297717.218,1297717.4047825,0.009000000078231096,1297717.209,1297717.281,1297717.4764197,1.672000000020489,1.6674790000542998,0.07199999992735684,0,0,2,measured_from_next_stimulus_flip
604,query,0,1297717.281,1297717.4764197,1297718.881,1297719.0764197002,1297718.89,1297719.0769507,0.008999999845400453,1297718.881,1297718.968,1297719.1607619,1.6870000001508743,1.6843421999365091,0.087000000057742,0,0,2,measured_from_next_stimulus_flip
605,query,0,1297718.968,1297719.1607619,1297720.5680000002,1297720.7607619,1297720.578,1297720.765741,0.009999999776482582,1297720.5680000002,1297720.656,1297720.8555231,1.6879999998491257,1.694761199876666,0.08799999975599349,0,0,2,measured_from_next_stimulus_flip
606,query,0,1297720.656,1297720.8555231,1297722.256,1297722.4555231,1297722.265,1297722.4522914,0.008999999845400453,1297722.256,1297722.328,1297722.5152239,1.672000000020489,1.6597008001990616,0.07199999992735684,0,0,2,measured_from_next_stimulus_flip
607,query,0,1297722.328,1297722.5152239,1297723.928,1297724.1152239002,1297723.937,1297724.1253181,0.008999999845400453,1297723.928,1297724.015,1297724.2104745,1.6869999999180436,1.6952505998779088,0.08699999982491136,0,0,2,measured_from_next_stimulus_flip
608,query,0,1297724.015,1297724.2104745,1297725.615,1297725.8104745,1297725.625,1297725.8107672,0.010000000009313226,1297725.615,1297725.703,1297725.8938632,1.6880000000819564,1.683388700010255,0.08799999998882413,0,0,2,measured_from_next_stimulus_flip
609,query,0,1297725.703,1297725.8938632,1297727.303,1297727.4938632,1297727.312,1297727.4995306,0.008999999845400453,1297727.303,1297727.39,1297727.5912935,1.6869999999180436,1.6974303000606596,0.08699999982491136,0,0,2,measured_from_next_stimulus_flip
610,query,0,1297727.39,1297727.5912935,1297728.99,1297729.1912935001,1297729.0,1297729.1856609,0.010000000009313226,1297728.99,1297729.078,1297729.2761311,1.6880000000819564,1.6848375999834388,0.08799999998882413,0,0,2,measured_from_next_stimulus_flip
611,query,0,1297729.078,1297729.2761311,1297730.678,1297730.8761311,1297730.687,1297730.8750671,0.008999999845400453,1297730.678,1297730.765,1297730.953237,1.6869999999180436,1.677105899900198,0.08699999982491136,0,0,2,measured_from_next_stimulus_flip
612,query,0,1297730.765,1297730.953237,1297732.365,1297732.553237,1297732.375,1297732.5614877,0.010000000009313226,1297732.365,1297732.421,1297732.6102899,1.6560000001918525,1.6570529001764953,0.05600000009872019,0,0,2,measured_from_next_stimulus_flip
613,query,0,1297732.421,1297732.6102899,1297734.0210000002,1297734.2102899002,1297734.031,1297734.2164307,0.009999999776482582,1297734.0210000002,1297734.093,1297734.2934167,1.672000000020489,1.6831267999950796,0.07199999992735684,0,0,2,measured_from_next_stimulus_flip
614,query,0,1297734.093,1297734.2934167,1297735.6930000002,1297735.8934167002,1297735.703,1297735.8885592,0.009999999776482582,1297735.6930000002,1297735.765,1297735.9654823,1.6719999997876585,1.672065599821508,0.0719999996945262,0,0,2,measured_from_next_stimulus_flip
615,query,0,1297735.765,1297735.9654823,1297737.365,1297737.5654823,1297737.375,1297737.5622551,0.010000000009313226,1297737.365,1297737.437,1297737.6329209,1.672000000020489,1.667438599979505,0.07199999992735684,0,0,2,measured_from_next_stimulus_flip
616,query,0,1297737.437,1297737.6329209,1297739.037,1297739.2329209,1297739.046,1297739.2339699,0.009000000078231096,1297739.037,1297739.125,1297739.3227117,1.6880000000819564,1.6897908002138138,0.08799999998882413,0,0,2,measured_from_next_stimulus_flip
617,query,0,1297739.125,1297739.3227117,1297740.725,1297740.9227117002,1297740.734,1297740.922273,0.008999999845400453,1297740.725,1297740.812,1297741.0085199,1.6869999999180436,1.6858081999234855,0.08699999982491136,0,0,2,measured_from_next_stimulus_flip
618,query,0,1297740.812,1297741.0085199,1297742.412,1297742.6085199001,1297742.421,1297742.607786,0.009000000078231096,1297742.412,1297742.5,1297742.6912471,1.6880000000819564,1.6827271999791265,0.08799999998882413,0,0,2,measured_from_next_stimulus_flip
619,query,0,1297742.5,1297742.6912471,1297744.1,1297744.2912471,1297744.109,1297744.2956812,0.008999999845400453,1297744.1,1297744.187,1297744.3787259,1.6869999999180436,1.6874788000714034,0.08699999982491136,0,0,2,measured_from_next_stimulus_flip
620,query,0,1297744.187,1297744.3787259,1297745.787,1297745.9787259002,1297745.796,1297745.9837794,0.009000000078231096,1297745.787,1297745.859,1297746.0512154,1.672000000020489,1.672489499906078,0.07199999992735684,0,0,2,measured_from_next_stimulus_flip
621,query,0,1297745.859,1297746.0512154,1297747.459,1297747.6512154,1297747.468,1297747.6548946,0.009000000078231096,1297747.459,1297747.546,1297747.7391733,1.6870000001508743,1.6879579001106322,0.087000000057742,0,0,2,measured_from_next_stimulus_flip
622,query,0,1297747.546,1297747.7391733,1297749.1460000002,1297749.3391733002,1297749.156,1297749.3422245,0.009999999776482582,1297749.1460000002,1297749.218,1297749.4181762,1.672000000020489,1.679002899909392,0.07199999992735684,0,0,2,measured_from_next_stimulus_flip
623,query,0,1297749.218,1297749.4181762,1297750.8180000002,1297751.0181762,1297750.828,1297751.0137162,0.009999999776482582,1297750.8180000002,1297750.89,1297751.0912436,1.6719999997876585,1.6730673999991268,0.0719999996945262,0,0,2,measured_from_next_stimulus_flip
624,query,0,1297750.89,1297751.0912436,1297752.49,1297752.6912436,1297752.5,1297752.6864137,0.010000000009313226,1297752.49,1297752.578,1297752.7701663,1.6880000000819564,1.6789226999972016,0.08799999998882413,0,0,2,measured_from_next_stimulus_flip
625,query,0,1297752.578,1297752.7701663,1297754.178,1297754.3701663,1297754.187,1297754.3745023,0.008999999845400453,1297754.178,1297754.265,1297754.4637507,1.6869999999180436,1.6935843999963254,0.08699999982491136,0,0,2,measured_from_next_stimulus_flip
626,query,0,1297754.265,1297754.4637507,1297755.865,1297756.0637507,1297755.875,1297756.0617377,0.010000000009313226,1297755.865,1297755.953,1297756.1410973,1.6880000000819564,1.6773465999867767,0.08799999998882413,0,0,2,measured_from_next_stimulus_flip
627,query,0,1297755.953,1297756.1410973,1297757.553,1297757.7410973,1297757.562,1297757.7478358,0.008999999845400453,1297757.553,1297757.64,1297757.8273675,1.6869999999180436,1.6862701999489218,0.08699999982491136,0,0,2,measured_from_next_stimulus_flip
628,query,0,1297757.64,1297757.8273675,1297759.24,1297759.4273675,1297759.25,1297759.4366437,0.010000000009313226,1297759.24,1297759.328,1297759.5200369,1.6880000000819564,1.6926694000139832,0.08799999998882413,0,0,2,measured_from_next_stimulus_flip
629,query,0,1297759.328,1297759.5200369,1297760.928,1297761.1200369,1297760.937,1297761.1247482,0.008999999845400453,1297760.928,1297761.015,1297761.2110082,1.6869999999180436,1.6909713000059128,0.08699999982491136,0,0,2,measured_from_next_stimulus_flip
630,query,0,1297761.015,1297761.2110082,1297762.615,1297762.8110082,1297762.625,1297762.8107696,0.010000000009313226,1297762.615,1297762.687,1297762.8887971,1.672000000020489,1.6777888999786228,0.07199999992735684,0,0,2,measured_from_next_stimulus_flip
631,query,0,1297762.687,1297762.8887971,1297764.287,1297764.4887971,1297764.296,1297764.4844438,0.009000000078231096,1297764.287,1297764.375,1297764.5742039,1.6880000000819564,1.685406800126657,0.08799999998882413,0,0,2,measured_from_next_stimulus_flip
632,query,0,1297764.375,1297764.5742039,1297765.975,1297766.1742039002,1297765.984,1297766.1717122,0.008999999845400453,1297765.975,1297766.062,1297766.2560565,1.6869999999180436,1.6818525998387486,0.08699999982491136,0,0,2,measured_from_next_stimulus_flip
633,query,0,1297766.062,1297766.2560565,1297767.662,1297767.8560565,1297767.671,1297767.8589893,0.009000000078231096,1297767.662,1297767.75,1297767.9417316,1.6880000000819564,1.685675100190565,0.08799999998882413,0,0,2,measured_from_next_stimulus_flip
634,query,0,1297767.75,1297767.9417316,1297769.35,1297769.5417316002,1297769.359,1297769.5472463,0.008999999845400453,1297769.35,1297769.453,1297769.6397975,1.702999999979511,1.6980659000109881,0.10299999988637865,0,0,2,measured_from_next_stimulus_flip
635,query,0,1297769.453,1297769.6397975,1297771.053,1297771.2397975002,1297771.062,1297771.2493246,0.008999999845400453,1297771.053,1297771.125,1297771.3163755,1.672000000020489,1.6765779999550432,0.07199999992735684,0,0,2,measured_from_next_stimulus_flip
636,query,0,1297771.125,1297771.3163755,1297772.725,1297772.9163755002,1297772.734,1297772.9210949,0.008999999845400453,1297772.725,1297772.812,1297773.0005858,1.6869999999180436,1.6842102999798954,0.08699999982491136,0,0,2,measured_from_next_stimulus_flip
637,query,0,1297772.812,1297773.0005858,1297774.412,1297774.6005858001,1297774.421,1297774.6086919,0.009000000078231096,1297774.412,1297774.5,1297774.6923525,1.6880000000819564,1.691766700008884,0.08799999998882413,0,0,2,measured_from_next_stimulus_flip
638,query,0,1297774.5,1297774.6923525,1297776.1,1297776.2923525001,1297776.109,1297776.2958163,0.008999999845400453,1297776.1,1297776.156,1297776.3477972,1.6559999999590218,1.6554447000380605,0.05599999986588955,0,0,2,measured_from_next_stimulus_flip
639,query,0,1297776.156,1297776.3477972,1297777.756,1297777.9477972002,1297777.765,1297777.9514389,0.008999999845400453,1297777.756,1297777.843,1297778.0382769,1.6870000001508743,1.6904796999879181,0.087000000057742,0,0,2,measured_from_next_stimulus_flip
640,query,0,1297777.843,1297778.0382769,1297779.4430000002,1297779.6382769002,1297779.453,1297779.6395945,0.009999999776482582,1297779.4430000002,1297779.531,1297779.721504,1.6879999998491257,1.683227099943906,0.08799999975599349,0,0,2,measured_from_next_stimulus_flip
641,query,0,1297779.531,1297779.721504,1297781.131,1297781.321504,1297781.14,1297781.3286834,0.008999999845400453,1297781.131,1297781.218,1297781.4055855,1.6870000001508743,1.6840814999304712,0.087000000057742,0,0,2,measured_from_next_stimulus_flip
642,query,0,1297781.218,1297781.4055855,1297782.8180000002,1297783.0055855,1297782.828,1297783.0154563,0.009999999776482582,1297782.8180000002,1297782.89,1297783.0920753,1.6719999997876585,1.68648979999125,0.0719999996945262,0,0,2,measured_from_next_stimulus_flip
643,query,0,1297782.89,1297783.0920753,1297784.49,1297784.6920753,1297784.5,1297784.6875594,0.010000000009313226,1297784.49,1297784.562,1297784.7498555,1.672000000020489,1.6577802000101656,0.07199999992735684,0,0,2,measured_from_next_stimulus_flip
644,query,0,1297784.562,1297784.7498555,1297786.162,1297786.3498555,1297786.171,1297786.3589767,0.009000000078231096,1297786.162,1297786.234,1297786.4244909,1.672000000020489,1.6746354000642896,0.07199999992735684,0,0,2,measured_from_next_stimulus_flip
645,query,0,1297786.234,1297786.4244909,1297787.834,1297788.0244909,1297787.843,1297788.0316505,0.009000000078231096,1297787.834,1297787.906,1297788.1061623,1.672000000020489,1.6816714000888169,0.07199999992735684,0,0,2,measured_from_next_stimulus_flip
646,query,0,1297787.906,1297788.1061623,1297789.506,1297789.7061623002,1297789.515,1297789.7031788,0.008999999845400453,1297789.506,1297789.578,1297789.7713583,1.672000000020489,1.665195999899879,0.07199999992735684,0,0,2,measured_from_next_stimulus_flip
647,query,0,1297789.578,1297789.7713583,1297791.178,1297791.3713583,1297791.187,1297791.3756914,0.008999999845400453,1297791.178,1297791.25,1297791.4452486,1.672000000020489,1.6738903000950813,0.07199999992735684,0,0,2,measured_from_next_stimulus_flip
648,query,0,1297791.25,1297791.4452486,1297792.85,1297793.0452486002,1297792.859,1297793.0462878,0.008999999845400453,1297792.85,1297792.921,1297793.1171125,1.671000000089407,1.6718638997990638,0.07099999999627471,0,0,2,measured_from_next_stimulus_flip
649,query,0,1297792.921,1297793.1171125,1297794.5210000002,1297794.7171125,1297794.531,1297794.7166048,0.009999999776482582,1297794.5210000002,1297794.593,1297794.7894038,1.672000000020489,1.6722913000267,0.07199999992735684,0,0,2,measured_from_next_stimulus_flip
650,query,0,1297794.593,1297794.7894038,1297796.1930000002,1297796.3894038,1297796.203,1297796.3912627,0.009999999776482582,1297796.1930000002,1297796.265,1297796.4588228,1.6719999997876585,1.6694190001580864,0.0719999996945262,0,0,2,measured_from_next_stimulus_flip
651,query,0,1297796.265,1297796.4588228,1297797.865,1297798.0588228002,1297797.875,1297798.0616274,0.010000000009313226,1297797.865,1297797.937,1297798.1301509,1.672000000020489,1.6713280999101698,0.07199999992735684,0,0,2,measured_from_next_stimulus_flip
652,query,0,1297797.937,1297798.1301509,1297799.537,1297799.7301509,1297799.546,1297799.7328749,0.009000000078231096,1297799.537,1297799.609,1297799.8064287,1.672000000020489,1.6762777999974787,0.07199999992735684,0,0,2,measured_from_next_stimulus_flip
653,query,0,1297799.609,1297799.8064287,1297801.209,1297801.4064287,1297801.218,1297801.4045098,0.009000000078231096,1297801.209,1297801.281,1297801.4756842,1.672000000020489,1.6692554999608546,0.07199999992735684,0,0,2,measured_from_next_stimulus_flip
654,query,0,1297801.281,1297801.4756842,1297802.881,1297803.0756842,1297802.89,1297803.0771276,0.008999999845400453,1297802.881,1297802.953,1297803.1504265,1.672000000020489,1.6747423000633717,0.07199999992735684,0,0,2,measured_from_next_stimulus_flip
655,query,0,1297802.953,1297803.1504265,1297804.553,1297804.7504265,1297804.562,1297804.749107,0.008999999845400453,1297804.553,1297804.64,1297804.832936,1.6869999999180436,1.682509500067681,0.08699999982491136,0,0,2,measured_from_next_stimulus_flip
656,query,0,1297804.64,1297804.832936,1297806.24,1297806.4329360002,1297806.25,1297806.4364102,0.010000000009313226,1297806.24,1297806.328,1297806.5151549,1.6880000000819564,1.682218899950385,0.08799999998882413,0,0,2,measured_from_next_stimulus_flip
657,query,0,1297806.328,1297806.5151549,1297807.928,1297808.1151549001,1297807.937,1297808.1245462,0.008999999845400453,1297807.928,1297808.031,1297808.2238114,1.702999999979511,1.7086564998608083,0.10299999988637865,0,0,2,measured_from_next_stimulus_flip
658,query,0,1297808.031,1297808.2238114,1297809.631,1297809.8238114,1297809.64,1297809.8273742,0.008999999845400453,1297809.631,1297809.718,1297809.9153089,1.6870000001508743,1.6914975000545382,0.087000000057742,0,0,2,measured_from_next_stimulus_flip
659,query,0,1297809.718,1297809.9153089,1297811.3180000002,1297811.5153089,1297811.328,1297811.5142771,0.009999999776482582,1297811.3180000002,1297811.39,1297811.5804373,1.6719999997876585,1.6651284000836313,0.0719999996945262,0,0,2,measured_from_next_stimulus_flip
660,query,0,1297811.39,1297811.5804373,1297812.99,1297813.1804373001,1297813.0,1297813.1865679,0.010000000009313226,1297812.99,1297813.078,1297813.2672389,1.6880000000819564,1.6868016000371426,0.08799999998882413,0,0,2,measured_from_next_stimulus_flip
661,query,0,1297813.078,1297813.2672389,1297814.678,1297814.8672389002,1297814.687,1297814.8752923,0.008999999845400453,1297814.678,1297814.781,1297814.9729705,1.702999999979511,1.705731599824503,0.10299999988637865,0,0,2,measured_from_next_stimulus_flip
662,query,0,1297814.781,1297814.9729705,1297816.381,1297816.5729705,1297816.39,1297816.5761219,0.008999999845400453,1297816.381,1297816.468,1297816.6588561,1.6870000001508743,1.685885600047186,0.087000000057742,0,0,2,measured_from_next_stimulus_flip
663,query,0,1297816.468,1297816.6588561,1297818.0680000002,1297818.2588561,1297818.078,1297818.2643772,0.009999999776482582,1297818.0680000002,1297818.156,1297818.3506065,1.6879999998491257,1.6917504000011832,0.08799999975599349,0,0,2,measured_from_next_stimulus_flip
664,query,0,1297818.156,1297818.3506065,1297819.756,1297819.9506065,1297819.765,1297819.9510423,0.008999999845400453,1297819.756,1297819.843,1297820.0302411,1.6870000001508743,1.6796345999464393,0.087000000057742,0,0,2,measured_from_next_stimulus_flip
665,query,0,1297819.843,1297820.0302411,1297821.4430000002,1297821.6302411,1297821.453,1297821.6398235,0.009999999776482582,1297821.4430000002,1297821.515,1297821.7107542,1.6719999997876585,1.6805131000000983,0.0719999996945262,0,0,2,measured_from_next_stimulus_flip
666,query,0,1297821.515,1297821.7107542,1297823.115,1297823.3107542,1297823.125,1297823.3130807,0.010000000009313226,1297823.115,1297823.187,1297823.3751001,1.672000000020489,1.6643459000624716,0.07199999992735684,0,0,2,measured_from_next_stimulus_flip
667,query,0,1297823.187,1297823.3751001,1297824.787,1297824.9751001,1297824.796,1297824.9834875,0.009000000078231096,1297824.787,1297824.859,1297825.0557353,1.672000000020489,1.6806352001149207,0.07199999992735684,0,0,2,measured_from_next_stimulus_flip
668,query,0,1297824.859,1297825.0557353,1297826.459,1297826.6557353002,1297826.468,1297826.6540932,0.009000000078231096,1297826.459,1297826.531,1297826.7271096,1.672000000020489,1.6713743000291288,0.07199999992735684,0,0,2,measured_from_next_stimulus_flip
669,query,0,1297826.531,1297826.7271096,1297828.131,1297828.3271096002,1297828.14,1297828.3259071,0.008999999845400453,1297828.131,1297828.218,1297828.4061803,1.6870000001508743,1.6790706999599934,0.087000000057742,0,0,2,measured_from_next_stimulus_flip
670,query,0,1297828.218,1297828.4061803,1297829.8180000002,1297830.0061803001,1297829.828,1297830.0145104,0.009999999776482582,1297829.8180000002,1297829.906,1297830.0942186,1.6879999998491257,1.6880383000243455,0.08799999975599349,0,0,2,measured_from_next_stimulus_flip
671,query,0,1297829.906,1297830.0942186,1297831.506,1297831.6942186002,1297831.515,1297831.702454,0.008999999845400453,1297831.506,1297831.593,1297831.781947,1.6870000001508743,1.6877283998765051,0.087000000057742,0,0,2,measured_from_next_stimulus_flip
672,query,0,1297831.593,1297831.781947,1297833.1930000002,1297833.381947,1297833.203,1297833.3902238,0.009999999776482582,1297833.1930000002,1297833.25,1297833.4460977,1.656999999890104,1.6641506999731064,0.05699999979697168,0,0,2,measured_from_next_stimulus_flip
673,query,0,1297833.25,1297833.4460977,1297834.85,1297835.0460977,1297834.859,1297835.0454804,0.008999999845400453,1297834.85,1297834.937,1297835.1291233,1.6869999999180436,1.6830256001558155,0.08699999982491136,0,0,2,measured_from_next_stimulus_flip
674,query,0,1297834.937,1297835.1291233,1297836.537,1297836.7291233002,1297836.546,1297836.734263,0.009000000078231096,1297836.537,1297836.609,1297836.8006695,1.672000000020489,1.671546199824661,0.07199999992735684,0,0,2,measured_from_next_stimulus_flip
675,query,0,1297836.609,1297836.8006695,1297838.209,1297838.4006695,1297838.218,1297838.4049804,0.009000000078231096,1297838.209,1297838.265,1297838.4656803,1.6559999999590218,1.6650108001194894,0.05599999986588955,0,0,2,measured_from_next_stimulus_flip
676,query,0,1297838.265,1297838.4656803,1297839.865,1297840.0656803001,1297839.875,1297840.0621465,0.010000000009313226,1297839.865,1297839.937,1297840.1263508,1.672000000020489,1.66067050001584,0.07199999992735684,0,0,2,measured_from_next_stimulus_flip
677,query,0,1297839.937,1297840.1263508,1297841.537,1297841.7263508001,1297841.546,1297841.7332288,0.009000000078231096,1297841.537,1297841.625,1297841.8224866,1.6880000000819564,1.6961357998661697,0.08799999998882413,0,0,2,measured_from_next_stimulus_flip
678,query,0,1297841.625,1297841.8224866,1297843.225,1297843.4224866,1297843.234,1297843.4198811,0.008999999845400453,1297843.225,1297843.296,1297843.4924009,1.671000000089407,1.6699143000878394,0.07099999999627471,0,0,2,measured_from_next_stimulus_flip
679,query,0,1297843.296,1297843.4924009,1297844.8960000002,1297845.0924009,1297844.906,1297845.0919173,0.009999999776482582,1297844.8960000002,1297844.953,1297845.1511168,1.656999999890104,1.6587159000337124,0.05699999979697168,0,0,2,measured_from_next_stimulus_flip
680,query,0,1297844.953,1297845.1511168,1297846.553,1297846.7511168001,1297846.562,1297846.7504005,0.008999999845400453,1297846.553,1297846.625,1297846.8225914,1.672000000020489,1.6714745999779552,0.07199999992735684,0,0,2,measured_from_next_stimulus_flip
681,query,0,1297846.625,1297846.8225914,1297848.225,1297848.4225914,1297848.234,1297848.421171,0.008999999845400453,1297848.225,1297848.296,1297848.4914743,1.671000000089407,1.6688828999176621,0.07099999999627471,0,0,2,measured_from_next_stimulus_flip
682,query,0,1297848.296,1297848.4914743,1297849.8960000002,1297850.0914743,1297849.906,1297850.0921814,0.009999999776482582,1297849.8960000002,1297849.968,1297850.1642613,1.672000000020489,1.6727869999594986,0.07199999992735684,0,0,2,measured_from_next_stimulus_flip
683,query,0,1297849.968,1297850.1642613,1297851.5680000002,1297851.7642613,1297851.578,1297851.7658919,0.009999999776482582,1297851.5680000002,1297851.64,1297851.8413529,1.6719999997876585,1.6770916001405567,0.0719999996945262,0,0,2,measured_from_next_stimulus_flip
684,query,0,1297851.64,1297851.8413529,1297853.24,1297853.4413529001,1297853.25,1297853.436162,0.010000000009313226,1297853.24,1297853.312,1297853.5010763,1.672000000020489,1.659723399905488,0.07199999992735684,0,0,2,measured_from_next_stimulus_flip
685,query,0,1297853.312,1297853.5010763,1297854.912,1297855.1010763,1297854.921,1297855.1076027,0.009000000078231096,1297854.912,1297854.968,1297855.1609335,1.6560000001918525,1.6598571999929845,0.05600000009872019,0,0,2,measured_from_next_stimulus_flip
686,query,0,1297854.968,1297855.1609335,1297856.5680000002,1297856.7609335,1297856.578,1297856.7640187,0.009999999776482582,1297856.5680000002,1297856.64,1297856.8392469,1.6719999997876585,1.678313400130719,0.0719999996945262,0,0,2,measured_from_next_stimulus_flip
687,query,0,1297856.64,1297856.8392469,1297858.24,1297858.4392469001,1297858.25,1297858.4367376,0.010000000009313226,1297858.24,1297858.312,1297858.4991537,1.672000000020489,1.6599067999050021,0.07199999992735684,0,0,2,measured_from_next_stimulus_flip
688,query,0,1297858.312,1297858.4991537,1297859.912,1297860.0991537,1297859.921,1297860.1089166,0.009000000078231096,1297859.912,1297859.984,1297860.1744072,1.672000000020489,1.6752534999977797,0.07199999992735684,0,0,2,measured_from_next_stimulus_flip
689,query,0,1297859.984,1297860.1744072,1297861.584,1297861.7744072,1297861.593,1297861.779753,0.009000000078231096,1297861.584,1297861.656,1297861.8507154,1.672000000020489,1.6763081999961287,0.07199999992735684,0,0,2,measured_from_next_stimulus_flip
690,query,0,1297861.656,1297861.8507154,1297863.256,1297863.4507154,1297863.265,1297863.4512194,0.008999999845400453,1297863.256,1297863.328,1297863.5261617,1.672000000020489,1.6754463000688702,0.07199999992735684,0,0,2,measured_from_next_stimulus_flip
691,query,0,1297863.328,1297863.5261617,1297864.928,1297865.1261617,1297864.937,1297865.1253019,0.008999999845400453,1297864.928,1297864.984,1297865.1837043,1.6559999999590218,1.657542600063607,0.05599999986588955,0,0,2,measured_from_next_stimulus_flip
692,query,0,1297864.984,1297865.1837043,1297866.584,1297866.7837043002,1297866.593,1297866.7802667,0.009000000078231096,1297866.584,1297866.671,1297866.8601187,1.6870000001508743,1.6764143998734653,0.087000000057742,0,0,2,measured_from_next_stimulus_flip
693,query,0,1297866.671,1297866.8601187,1297868.2710000002,1297868.4601187,1297868.281,1297868.4685819,0.009999999776482582,1297868.2710000002,1297868.343,1297868.5317849,1.672000000020489,1.6716662000399083,0.07199999992735684,0,0,2,measured_from_next_stimulus_flip
694,query,0,1297868.343,1297868.5317849,1297869.9430000002,1297870.1317849,1297869.953,1297870.1396733,0.009999999776482582,1297869.9430000002,1297870.015,1297870.2053619,1.6719999997876585,1.6735769999213517,0.0719999996945262,0,0,2,measured_from_next_stimulus_flip
695,query,0,1297870.015,1297870.2053619,1297871.615,1297871.8053619,1297871.625,1297871.8117248,0.010000000009313226,1297871.615,1297871.687,1297871.8768974,1.672000000020489,1.671535500092432,0.07199999992735684,0,0,2,measured_from_next_stimulus_flip
696,query,0,1297871.687,1297871.8768974,1297873.287,1297873.4768974,1297873.296,1297873.4838856,0.009000000078231096,1297873.287,1297873.359,1297873.5491894,1.672000000020489,1.6722919999156147,0.07199999992735684,0,0,2,measured_from_next_stimulus_flip
697,query,0,1297873.359,1297873.5491894,1297874.959,1297875.1491894,1297874.968,1297875.1541661,0.009000000078231096,1297874.959,1297875.015,1297875.2144072,1.6559999999590218,1.665217800065875,0.05599999986588955,0,0,2,measured_from_next_stimulus_flip
698,query,0,1297875.015,1297875.2144072,1297876.615,1297876.8144072,1297876.625,1297876.8135382,0.010000000009313226,1297876.615,1297876.687,1297876.8823705,1.672000000020489,1.6679632999002934,0.07199999992735684,0,0,2,measured_from_next_stimulus_flip
699,query,0,1297876.687,1297876.8823705,1297878.287,1297878.4823705,1297878.296,1297878.4823331,0.009000000078231096,1297878.287,1297878.359,1297878.5503833,1.672000000020489,1.6680128001607955,0.07199999992735684,0,0,2,measured_from_next_stimulus_flip
700,query,0,1297878.359,1297878.5503833,1297879.959,1297880.1503833001,1297879.968,1297880.1539565,0.009000000078231096,1297879.959,1297880.031,1297880.2169365,1.672000000020489,1.6665531999897212,0.07199999992735684,0,0,2,measured_from_next_stimulus_flip
701,query,0,1297880.031,1297880.2169365,1297881.631,1297881.8169365001,1297881.64,1297881.826365,0.008999999845400453,1297881.631,1297881.703,1297881.8922201,1.672000000020489,1.67528359987773,0.07199999992735684,0,0,2,measured_from_next_stimulus_flip
702,query,0,1297881.703,1297881.8922201,1297883.303,1297883.4922201,1297883.312,1297883.4992242,0.008999999845400453,1297883.303,1297883.375,1297883.5724965,1.672000000020489,1.6802764001768082,0.07199999992735684,0,0,2,measured_from_next_stimulus_flip
703,query,0,1297883.375,1297883.5724965,1297884.975,1297885.1724965002,1297884.984,1297885.1702568,0.008999999845400453,1297884.975,1297885.046,1297885.233569,1.671000000089407,1.6610724998172373,0.07099999999627471,0,0,2,measured_from_next_stimulus_flip
704,query,0,1297885.046,1297885.233569,1297886.6460000002,1297886.833569,1297886.656,1297886.8439132,0.009999999776482582,1297886.6460000002,1297886.718,1297886.9151958,1.672000000020489,1.6816267999820411,0.07199999992735684,0,0,2,measured_from_next_stimulus_flip
705,query,0,1297886.718,1297886.9151958,1297888.3180000002,1297888.5151958,1297888.328,1297888.5139019,0.009999999776482582,1297888.3180000002,1297888.39,1297888.5807384,1.6719999997876585,1.665542600210756,0.0719999996945262,0,0,2,measured_from_next_stimulus_flip
706,query,0,1297888.39,1297888.5807384,1297889.99,1297890.1807384002,1297890.0,1297890.1884511,0.010000000009313226,1297889.99,1297890.078,1297890.2726124,1.6880000000819564,1.6918739997781813,0.08799999998882413,0,0,2,measured_from_next_stimulus_flip
707,query,0,1297890.078,1297890.2726124,1297891.678,1297891.8726124,1297891.687,1297891.8729223,0.008999999845400453,1297891.678,1297891.75,1297891.9427734,1.672000000020489,1.670161000220105,0.07199999992735684,0,0,2,measured_from_next_stimulus_flip
708,query,0,1297891.75,1297891.9427734,1297893.35,1297893.5427734002,1297893.359,1297893.545061,0.008999999845400453,1297893.35,1297893.406,1297893.6050448,1.6559999999590218,1.6622713999822736,0.05599999986588955,0,0,2,measured_from_next_stimulus_flip
709,query,0,1297893.406,1297893.6050448,1297895.006,1297895.2050448002,1297895.015,1297895.2028652,0.008999999845400453,1297895.006,1297895.078,1297895.2742893,1.672000000020489,1.6692444998770952,0.07199999992735684,0,0,2,measured_from_next_stimulus_flip
710,query,0,1297895.078,1297895.2742893,1297896.678,1297896.8742893,1297896.687,1297896.8748785,0.008999999845400453,1297896.678,1297896.734,1297896.9285612,1.6559999999590218,1.6542718999553472,0.05599999986588955,0,0,2,measured_from_next_stimulus_flip
711,query,0,1297896.734,1297896.9285612,1297898.334,1297898.5285612,1297898.343,1297898.5316619,0.009000000078231096,1297898.334,1297898.421,1297898.6077971,1.6870000001508743,1.6792359000537544,0.087000000057742,0,0,2,measured_from_next_stimulus_flip
712,query,0,1297898.421,1297898.6077971,1297900.0210000002,1297900.2077971,1297900.031,1297900.2186126,0.009999999776482582,1297900.0210000002,1297900.093,1297900.2899426,1.672000000020489,1.6821455000899732,0.07199999992735684,0,0,2,measured_from_next_stimulus_flip
713,query,0,1297900.093,1297900.2899426,1297901.6930000002,1297901.8899426002,1297901.703,1297901.8913828,0.009999999776482582,1297901.6930000002,1297901.75,1297901.9508214,1.656999999890104,1.660878799855709,0.05699999979697168,0,0,2,measured_from_next_stimulus_flip
714,query,0,1297901.75,1297901.9508214,1297903.35,1297903.5508214,1297903.359,1297903.5459287,0.008999999845400453,1297903.35,1297903.421,1297903.6224897,1.671000000089407,1.671668300172314,0.07099999999627471,0,0,2,measured_from_next_stimulus_flip
715,query,0,1297903.421,1297903.6224897,1297905.0210000002,1297905.2224897002,1297905.031,1297905.2167234,0.009999999776482582,1297905.0210000002,1297905.093,1297905.2890779,1.672000000020489,1.6665881997905672,0.07199999992735684,0,0,2,measured_from_next_stimulus_flip
716,query,0,1297905.093,1297905.2890779,1297906.6930000002,1297906.8890779,1297906.703,1297906.8909649,0.009999999776482582,1297906.6930000002,1297906.75,1297906.9496491,1.656999999890104,1.660571200074628,0.05699999979697168,0,0,2,measured_from_next_stimulus_flip
717,query,0,1297906.75,1297906.9496491,1297908.35,1297908.5496491,1297908.359,1297908.5447398,0.008999999845400453,1297908.35,1297908.421,1297908.6152013,1.671000000089407,1.6655522000510246,0.07099999999627471,0,0,2,measured_from_next_stimulus_flip
718,query,0,1297908.421,1297908.6152013,1297910.0210000002,1297910.2152013,1297910.031,1297910.2171085,0.009999999776482582,1297910.0210000002,1297910.093,1297910.2893922,1.672000000020489,1.6741909000556916,0.07199999992735684,0,0,2,measured_from_next_stimulus_flip
719,query,0,1297910.093,1297910.2893922,1297911.6930000002,1297911.8893922002,1297911.703,1297911.889287,0.009999999776482582,1297911.6930000002,1297911.75,1297911.9491908,1.656999999890104,1.6597986000124365,0.05699999979697168,0,0,2,measured_from_next_stimulus_flip
720,query,0,1297911.75,1297911.9491908,1297913.35,1297913.5491908002,1297913.359,1297913.5467047,0.008999999845400453,1297913.35,1297913.421,1297913.6224496,1.671000000089407,1.6732587998267263,0.07099999999627471,0,0,2,measured_from_next_stimulus_flip
721,query,0,1297913.421,1297913.6224496,1297915.0210000002,1297915.2224496,1297915.031,1297915.2184713,0.009999999776482582,1297915.0210000002,1297915.093,1297915.2806586,1.672000000020489,1.6582090000156313,0.07199999992735684,0,0,2,measured_from_next_stimulus_flip
722,query,0,1297915.093,1297915.2806586,1297916.6930000002,1297916.8806586,1297916.703,1297916.8902106,0.009999999776482582,1297916.6930000002,1297916.75,1297916.9439043,1.656999999890104,1.6632457000669092,0.05699999979697168,0,0,2,measured_from_next_stimulus_flip
723,query,0,1297916.75,1297916.9439043,1297918.35,1297918.5439043,1297918.359,1297918.5465377,0.008999999845400453,1297918.35,1297918.421,1297918.6105982,1.671000000089407,1.6666939000133425,0.07099999999627471,0,0,2,measured_from_next_stimulus_flip
724,query,0,1297918.421,1297918.6105982,1297920.0210000002,1297920.2105982,1297920.031,1297920.2182899,0.009999999776482582,1297920.0210000002,1297920.078,1297920.2754774,1.656999999890104,1.6648792000487447,0.05699999979697168,0,0,2,measured_from_next_stimulus_flip
725,query,0,1297920.078,1297920.2754774,1297921.678,1297921.8754774001,1297921.687,1297921.8740294,0.008999999845400453,1297921.678,1297921.75,1297921.9502382,1.672000000020489,1.6747607998549938,0.07199999992735684,0,0,2,measured_from_next_stimulus_flip
726,query,0,1297921.75,1297921.9502382,1297923.35,1297923.5502382,1297923.359,1297923.5460469,0.008999999845400453,1297923.35,1297923.421,1297923.6156031,1.671000000089407,1.6653649001382291,0.07099999999627471,0,0,2,measured_from_next_stimulus_flip
727,query,0,1297923.421,1297923.6156031,1297925.0210000002,1297925.2156031001,1297925.031,1297925.217846,0.009999999776482582,1297925.0210000002,1297925.093,1297925.2884134,1.672000000020489,1.672810300020501,0.07199999992735684,0,0,2,measured_from_next_stimulus_flip
728,query,0,1297925.093,1297925.2884134,1297926.6930000002,1297926.8884134002,1297926.703,1297926.8896776,0.009999999776482582,1297926.6930000002,1297926.781,1297926.9697486,1.6879999998491257,1.6813351998571306,0.08799999975599349,0,0,2,measured_from_next_stimulus_flip
729,query,0,1297926.781,1297926.9697486,1297928.381,1297928.5697486,1297928.39,1297928.5759668,0.008999999845400453,1297928.381,1297928.468,1297928.6548422,1.6870000001508743,1.685093600070104,0.087000000057742,0,0,2,measured_from_next_stimulus_flip
730,query,0,1297928.468,1297928.6548422,1297930.0680000002,1297930.2548422,1297930.078,1297930.2638011,0.009999999776482582,1297930.0680000002,1297930.14,1297930.3355585,1.6719999997876585,1.680716299917549,0.0719999996945262,0,0,2,measured_from_next_stimulus_flip
731,query,0,1297930.14,1297930.3355585,1297931.74,1297931.9355585,1297931.75,1297931.9363304,0.010000000009313226,1297931.74,1297931.812,1297932.0032627,1.672000000020489,1.6677042001392692,0.07199999992735684,0,0,2,measured_from_next_stimulus_flip
732,query,0,1297931.812,1297932.0032627,1297933.412,1297933.6032627001,1297933.421,1297933.6095533,0.009000000078231096,1297933.412,1297933.468,1297933.6578543,1.6560000001918525,1.654591599944979,0.05600000009872019,0,0,2,measured_from_next_stimulus_flip
733,query,0,1297933.468,1297933.6578543,1297935.0680000002,1297935.2578543,1297935.078,1297935.2642469,0.009999999776482582,1297935.0680000002,1297935.14,1297935.3279144,1.6719999997876585,1.6700601000338793,0.0719999996945262,0,0,2,measured_from_next_stimulus_flip
734,query,0,1297935.14,1297935.3279144,1297936.74,1297936.9279144001,1297936.75,1297936.9365457,0.010000000009313226,1297936.74,1297936.812,1297936.9983785,1.672000000020489,1.6704641000833362,0.07199999992735684,0,0,2,measured_from_next_stimulus_flip
735,query,0,1297936.812,1297936.9983785,1297938.412,1297938.5983785002,1297938.421,1297938.6094142,0.009000000078231096,1297938.412,1297938.5,1297938.693488,1.6880000000819564,1.6951094998512417,0.08799999998882413,0,0,2,measured_from_next_stimulus_flip
736,query,0,1297938.5,1297938.693488,1297940.1,1297940.293488,1297940.109,1297940.2949915,0.008999999845400453,1297940.1,1297940.171,1297940.3728266,1.671000000089407,1.6793386000208557,0.07099999999627471,0,0,2,measured_from_next_stimulus_flip
737,query,0,1297940.171,1297940.3728266,1297941.7710000002,1297941.9728266,1297941.781,1297941.9672444,0.009999999776482582,1297941.7710000002,1297941.843,1297942.0377769,1.672000000020489,1.6649503000080585,0.07199999992735684,0,0,2,measured_from_next_stimulus_flip
738,query,0,1297941.843,1297942.0377769,1297943.4430000002,1297943.6377769,1297943.453,1297943.6386765,0.009999999776482582,1297943.4430000002,1297943.531,1297943.722427,1.6879999998491257,1.6846501000691205,0.08799999975599349,0,0,2,measured_from_next_stimulus_flip
739,query,0,1297943.531,1297943.722427,1297945.131,1297945.3224270002,1297945.14,1297945.327516,0.008999999845400453,1297945.131,1297945.203,1297945.40334,1.672000000020489,1.6809129999019206,0.07199999992735684,0,0,2,measured_from_next_stimulus_flip
740,query,0,1297945.203,1297945.40334,1297946.803,1297947.00334,1297946.812,1297946.9994093,0.008999999845400453,1297946.803,1297946.875,1297947.061602,1.672000000020489,1.6582619999535382,0.07199999992735684,0,0,2,measured_from_next_stimulus_flip
741,query,0,1297946.875,1297947.061602,1297948.475,1297948.661602,1297948.484,1297948.6713012,0.008999999845400453,1297948.475,1297948.546,1297948.7420916,1.671000000089407,1.6804896001704037,0.07099999999627471,0,0,2,measured_from_next_stimulus_flip
742,query,0,1297948.546,1297948.7420916,1297950.1460000002,1297950.3420916002,1297950.156,1297950.3437156,0.009999999776482582,1297950.1460000002,1297950.218,1297950.4062471,1.672000000020489,1.664155500009656,0.07199999992735684,0,0,2,measured_from_next_stimulus_flip
743,query,0,1297950.218,1297950.4062471,1297951.8180000002,1297952.0062471002,1297951.828,1297952.0156346,0.009999999776482582,1297951.8180000002,1297951.906,1297952.0928953,1.6879999998491257,1.686648199800402,0.08799999975599349,0,0,2,measured_from_next_stimulus_flip
744,query,0,1297951.906,1297952.0928953,1297953.506,1297953.6928953,1297953.515,1297953.702625,0.008999999845400453,1297953.506,1297953.578,1297953.7736421,1.672000000020489,1.6807468000333756,0.07199999992735684,0,0,2,measured_from_next_stimulus_flip
745,query,0,1297953.578,1297953.7736421,1297955.178,1297955.3736421,1297955.187,1297955.374393,0.008999999845400453,1297955.178,1297955.234,1297955.4319055,1.6559999999590218,1.6582633999641985,0.05599999986588955,0,0,2,measured_from_next_stimulus_flip
746,query,0,1297955.234,1297955.4319055,1297956.834,1297957.0319055,1297956.843,1297957.0303227,0.009000000078231096,1297956.834,1297956.921,1297957.1163915,1.6870000001508743,1.6844860001001507,0.087000000057742,0,0,2,measured_from_next_stimulus_flip
747,query,0,1297956.921,1297957.1163915,1297958.5210000002,1297958.7163915,1297958.531,1297958.7184246,0.009999999776482582,1297958.5210000002,1297958.578,1297958.7784039,1.656999999890104,1.6620124001055956,0.05699999979697168,0,0,2,measured_from_next_stimulus_flip
748,query,0,1297958.578,1297958.7784039,1297960.178,1297960.3784039002,1297960.187,1297960.373651,0.008999999845400453,1297960.178,1297960.234,1297960.4337206,1.6559999999590218,1.655316699994728,0.05599999986588955,0,0,2,measured_from_next_stimulus_flip
749,query,0,1297960.234,1297960.4337206,1297961.834,1297962.0337206002,1297961.843,1297962.0293981,0.009000000078231096,1297961.834,1297961.906,1297962.0986633,1.672000000020489,1.6649426999501884,0.07199999992735684,0,0,2,measured_from_next_stimulus_flip
750,query,0,1297961.906,1297962.0986633,1297963.506,1297963.6986633001,1297963.515,1297963.7027685,0.008999999845400453,1297963.506,1298006.609,1298006.804132,44.70299999997951,44.705468700034544,,1,0,2,measured_from_next_stimulus_flip
751,query,0,1298006.609,1298006.804132,1298008.209,1298008.4041320002,1298008.218,1298008.4058801,0.009000000078231096,1298008.209,1298008.265,1298008.4642699,1.6559999999590218,1.6601378999184817,0.05599999986588955,0,0,2,measured_from_next_stimulus_flip
752,query,0,1298008.265,1298008.4642699,1298009.865,1298010.0642699,1298009.875,1298010.0619244,0.010000000009313226,1298009.865,1298009.953,1298010.1389268,1.6880000000819564,1.6746569001115859,0.08799999998882413,0,0,2,measured_from_next_stimulus_flip
753,query,0,1298009.953,1298010.1389268,1298011.553,1298011.7389268002,1298011.562,1298011.7489933,0.008999999845400453,1298011.553,1298011.625,1298011.8164538,1.672000000020489,1.6775269999634475,0.07199999992735684,0,0,2,measured_from_next_stimulus_flip
754,query,0,1298011.625,1298011.8164538,1298013.225,1298013.4164538002,1298013.234,1298013.4213113,0.008999999845400453,1298013.225,1298013.281,1298013.476551,1.6559999999590218,1.6600971999578178,0.05599999986588955,0,0,2,measured_from_next_stimulus_flip
755,query,0,1298013.281,1298013.476551,1298014.881,1298015.0765510001,1298014.89,1298015.0777194,0.008999999845400453,1298014.881,1298014.968,1298015.1639896,1.6870000001508743,1.6874385999981314,0.087000000057742,0,0,2,measured_from_next_stimulus_flip
756,query,0,1298014.968,1298015.1639896,1298016.5680000002,1298016.7639896001,1298016.578,1298016.7657262,0.009999999776482582,1298016.5680000002,1298016.687,1298016.8819828,1.7189999998081475,1.7179932000581175,0.11899999971501529,0,0,2,measured_from_next_stimulus_flip
757,query,0,1298016.687,1298016.8819828,1298018.287,1298018.4819828002,1298018.296,1298018.48437,0.009000000078231096,1298018.287,1298018.359,1298018.5603224,1.672000000020489,1.6783395998645574,0.07199999992735684,0,0,2,measured_from_next_stimulus_flip
758,query,0,1298018.359,1298018.5603224,1298019.959,1298020.1603224,1298019.968,1298020.1557724,0.009000000078231096,1298019.959,1298020.031,1298020.2250474,1.672000000020489,1.664725000038743,0.07199999992735684,0,0,2,measured_from_next_stimulus_flip
759,query,0,1298020.031,1298020.2250474,1298021.631,1298021.8250474,1298021.64,1298021.8270681,0.008999999845400453,1298021.631,1298021.687,1298021.8888365,1.6559999999590218,1.6637891000136733,0.05599999986588955,0,0,2,measured_from_next_stimulus_flip
760,query,0,1298021.687,1298021.8888365,1298023.287,1298023.4888365,1298023.296,1298023.4830195,0.009000000078231096,1298023.287,1298023.359,1298023.5475934,1.672000000020489,1.658756900113076,0.07199999992735684,0,0,2,measured_from_next_stimulus_flip
761,query,0,1298023.359,1298023.5475934,1298024.959,1298025.1475934002,1298024.968,1298025.1542153,0.009000000078231096,1298024.959,1298025.015,1298025.2138395,1.6559999999590218,1.6662460998632014,0.05599999986588955,0,0,2,measured_from_next_stimulus_flip
762,query,0,1298025.015,1298025.2138395,1298026.615,1298026.8138395,1298026.625,1298026.8129077,0.010000000009313226,1298026.615,1298026.687,1298026.8888066,1.672000000020489,1.6749670999124646,0.07199999992735684,0,0,2,measured_from_next_stimulus_flip
763,query,0,1298026.687,1298026.8888066,1298028.287,1298028.4888066,1298028.296,1298028.4838473,0.009000000078231096,1298028.287,1298028.359,1298028.5461016,1.672000000020489,1.6572950000409037,0.07199999992735684,0,0,2,measured_from_next_stimulus_flip
764,query,0,1298028.359,1298028.5461016,1298029.959,1298030.1461016,1298029.968,1298030.1562121,0.009000000078231096,1298029.959,1298030.031,1298030.2229725,1.672000000020489,1.6768708999734372,0.07199999992735684,0,0,2,measured_from_next_stimulus_flip
765,query,0,1298030.031,1298030.2229725,1298031.631,1298031.8229725,1298031.64,1298031.8268398,0.008999999845400453,1298031.631,1298031.703,1298031.8933832,1.672000000020489,1.6704107001423836,0.07199999992735684,0,0,2,measured_from_next_stimulus_flip
766,query,0,1298031.703,1298031.8933832,1298033.303,1298033.4933832001,1298033.312,1298033.4977397,0.008999999845400453,1298033.303,1298033.375,1298033.5618342,1.672000000020489,1.6684510000050068,0.07199999992735684,0,0,2,measured_from_next_stimulus_flip
767,query,0,1298033.375,1298033.5618342,1298034.975,1298035.1618342001,1298034.984,1298035.1701608,0.008999999845400453,1298034.975,1298035.046,1298035.2388528,1.671000000089407,1.67701860005036,0.07099999999627471,0,0,2,measured_from_next_stimulus_flip
768,query,0,1298035.046,1298035.2388528,1298036.6460000002,1298036.8388528002,1298036.656,1298036.8428267,0.009999999776482582,1298036.6460000002,1298036.734,1298036.9238745,1.6879999998491257,1.685021699871868,0.08799999975599349,0,0,2,measured_from_next_stimulus_flip
769,query,0,1298036.734,1298036.9238745,1298038.334,1298038.5238745,1298038.343,1298038.5318185,0.009000000078231096,1298038.334,1298038.406,1298038.5965264,1.672000000020489,1.6726518999785185,0.07199999992735684,0,0,2,measured_from_next_stimulus_flip
770,query,0,1298038.406,1298038.5965264,1298040.006,1298040.1965264,1298040.015,1298040.2020889,0.008999999845400453,1298040.006,1298040.078,1298040.2669537,1.672000000020489,1.6704273000359535,0.07199999992735684,0,0,2,measured_from_next_stimulus_flip
771,query,0,1298040.078,1298040.2669537,1298041.678,1298041.8669537,1298041.687,1298041.8742912,0.008999999845400453,1298041.678,1298041.734,1298041.9328983,1.6559999999590218,1.6659446000121534,0.05599999986588955,0,0,2,measured_from_next_stimulus_flip
772,query,0,1298041.734,1298041.9328983,1298043.334,1298043.5328983,1298043.343,1298043.5291505,0.009000000078231096,1298043.334,1298043.39,1298043.5809983,1.6559999999590218,1.648100000107661,0.05599999986588955,0,0,2,measured_from_next_stimulus_flip
773,query,0,1298043.39,1298043.5809983,1298044.99,1298045.1809983002,1298045.0,1298045.1871923,0.010000000009313226,1298044.99,1298045.062,1298045.2537672,1.672000000020489,1.6727688999380916,0.07199999992735684,0,0,2,measured_from_next_stimulus_flip
774,query,0,1298045.062,1298045.2537672,1298046.662,1298046.8537672001,1298046.671,1298046.8597853,0.009000000078231096,1298046.662,1298046.75,1298046.938483,1.6880000000819564,1.6847157999873161,0.08799999998882413,0,0,2,measured_from_next_stimulus_flip
775,query,0,1298046.75,1298046.938483,1298048.35,1298048.5384830001,1298048.359,1298048.5476559,0.008999999845400453,1298048.35,1298048.421,1298048.6107396,1.671000000089407,1.6722565998788923,0.07099999999627471,0,0,2,measured_from_next_stimulus_flip
776,query,0,1298048.421,1298048.6107396,1298050.0210000002,1298050.2107396,1298050.031,1298050.2182186,0.009999999776482582,1298050.0210000002,1298050.093,1298050.2835195,1.672000000020489,1.672779900021851,0.07199999992735684,0,0,2,measured_from_next_stimulus_flip
777,query,0,1298050.093,1298050.2835195,1298051.6930000002,1298051.8835195,1298051.703,1298051.8883465,0.009999999776482582,1298051.6930000002,1298051.781,1298051.9727036,1.6879999998491257,1.6891841001342982,0.08799999975599349,0,0,2,measured_from_next_stimulus_flip
778,query,0,1298051.781,1298051.9727036,1298053.381,1298053.5727036002,1298053.39,1298053.5775858,0.008999999845400453,1298053.381,1298053.453,1298053.6504233,1.672000000020489,1.6777196999173611,0.07199999992735684,0,0,2,measured_from_next_stimulus_flip
779,query,0,1298053.453,1298053.6504233,1298055.053,1298055.2504233,1298055.062,1298055.2497068,0.008999999845400453,1298055.053,1298055.125,1298055.3227505,1.672000000020489,1.6723271999508142,0.07199999992735684,0,0,2,measured_from_next_stimulus_flip
780,query,0,1298055.125,1298055.3227505,1298056.725,1298056.9227505,1298056.734,1298056.9227203,0.008999999845400453,1298056.725,1298056.828,1298057.0223728,1.702999999979511,1.6996222999878228,0.10299999988637865,0,0,2,measured_from_next_stimulus_flip
781,query,0,1298056.828,1298057.0223728,1298058.428,1298058.6223728,1298058.437,1298058.6237944,0.008999999845400453,1298058.428,1298058.5,1298058.6967205,1.672000000020489,1.674347700085491,0.07199999992735684,0,0,2,measured_from_next_stimulus_flip
782,query,0,1298058.5,1298058.6967205,1298060.1,1298060.2967205,1298060.109,1298060.295742,0.008999999845400453,1298060.1,1298060.171,1298060.3719321,1.671000000089407,1.6752116000279784,0.07099999999627471,0,0,2,measured_from_next_stimulus_flip
783,query,0,1298060.171,1298060.3719321,1298061.7710000002,1298061.9719321001,1298061.781,1298061.9700244,0.009999999776482582,1298061.7710000002,1298061.859,1298062.0477907,1.6879999998491257,1.6758586000651121,0.08799999975599349,0,0,2,measured_from_next_stimulus_flip
784,query,0,1298061.859,1298062.0477907,1298063.459,1298063.6477907002,1298063.468,1298063.6557287,0.009000000078231096,1298063.459,1298063.546,1298063.7377038,1.6870000001508743,1.6899130998644978,0.087000000057742,0,0,2,measured_from_next_stimulus_flip
785,query,0,1298063.546,1298063.7377038,1298065.1460000002,1298065.3377038,1298065.156,1298065.3424297,0.009999999776482582,1298065.1460000002,1298065.218,1298065.4174026,1.672000000020489,1.6796987999696285,0.07199999992735684,0,0,2,measured_from_next_stimulus_flip
786,query,0,1298065.218,1298065.4174026,1298066.8180000002,1298067.0174026,1298066.828,1298067.0147372,0.009999999776482582,1298066.8180000002,1298066.906,1298067.1052666,1.6879999998491257,1.6878639999777079,0.08799999975599349,0,0,2,measured_from_next_stimulus_flip
787,query,0,1298066.906,1298067.1052666,1298068.506,1298068.7052666,1298068.515,1298068.7036943,0.008999999845400453,1298068.506,1298068.578,1298068.7720021,1.672000000020489,1.6667355000972748,0.07199999992735684,0,0,2,measured_from_next_stimulus_flip
788,query,0,1298068.578,1298068.7720021,1298070.178,1298070.3720021,1298070.187,1298070.3730024,0.008999999845400453,1298070.178,1298070.25,1298070.4484565,1.672000000020489,1.6764543999452144,0.07199999992735684,0,0,2,measured_from_next_stimulus_flip
789,query,0,1298070.25,1298070.4484565,1298071.85,1298072.0484565,1298071.859,1298072.0446278,0.008999999845400453,1298071.85,1298071.921,1298072.1142395,1.671000000089407,1.6657829999458045,0.07099999999627471,0,0,2,measured_from_next_stimulus_flip
790,query,0,1298071.921,1298072.1142395,1298073.5210000002,1298073.7142395,1298073.531,1298073.7172569,0.009999999776482582,1298073.5210000002,1298073.593,1298073.7818542,1.672000000020489,1.6676147000398487,0.07199999992735684,0,0,2,measured_from_next_stimulus_flip
791,query,0,1298073.593,1298073.7818542,1298075.1930000002,1298075.3818542,1298075.203,1298075.3892427,0.009999999776482582,1298075.1930000002,1298075.265,1298075.4552276,1.6719999997876585,1.6733734000008553,0.0719999996945262,0,0,2,measured_from_next_stimulus_flip
792,query,0,1298075.265,1298075.4552276,1298076.865,1298077.0552276,1298076.875,1298077.0627138,0.010000000009313226,1298076.865,1298076.937,1298077.1387092,1.672000000020489,1.6834816001355648,0.07199999992735684,0,0,2,measured_from_next_stimulus_flip
793,query,0,1298076.937,1298077.1387092,1298078.537,1298078.7387092002,1298078.546,1298078.7324627,0.009000000078231096,1298078.537,1298078.609,1298078.8039799,1.672000000020489,1.6652706998866051,0.07199999992735684,0,0,2,measured_from_next_stimulus_flip
794,query,0,1298078.609,1298078.8039799,1298080.209,1298080.4039799,1298080.218,1298080.4058905,0.009000000078231096,1298080.209,1298080.281,1298080.4673351,1.672000000020489,1.663355200085789,0.07199999992735684,0,0,2,measured_from_next_stimulus_flip
795,query,0,1298080.281,1298080.4673351,1298081.881,1298082.0673351001,1298081.89,1298082.0781845,0.008999999845400453,1298081.881,1298081.968,1298082.1555157,1.6870000001508743,1.68818060006015,0.087000000057742,0,0,2,measured_from_next_stimulus_flip
796,query,0,1298081.968,1298082.1555157,1298083.5680000002,1298083.7555157002,1298083.578,1298083.7652004,0.009999999776482582,1298083.5680000002,1298083.64,1298083.8307773,1.6719999997876585,1.6752615999430418,0.0719999996945262,0,0,2,measured_from_next_stimulus_flip
797,query,0,1298083.64,1298083.8307773,1298085.24,1298085.4307773001,1298085.25,1298085.4375418,0.010000000009313226,1298085.24,1298085.296,1298085.4928473,1.6560000001918525,1.6620699998456985,0.05600000009872019,0,0,2,measured_from_next_stimulus_flip
798,query,0,1298085.296,1298085.4928473,1298086.8960000002,1298087.0928473,1298086.906,1298087.0926201,0.009999999776482582,1298086.8960000002,1298086.968,1298087.1637938,1.672000000020489,1.6709465000312775,0.07199999992735684,0,0,2,measured_from_next_stimulus_flip
799,query,0,1298086.968,1298087.1637938,1298088.5680000002,1298088.7637938,1298088.578,1298088.7647411,0.009999999776482582,1298088.5680000002,1298088.64,1298088.830491,1.6719999997876585,1.6666972001548856,0.0719999996945262,0,0,2,measured_from_next_stimulus_flip
800,query,0,1298088.64,1298088.830491,1298090.24,1298090.4304910002,1298090.25,1298090.4376619,0.010000000009313226,1298090.24,1298090.312,1298090.5007349,1.672000000020489,1.6702438998036087,0.07199999992735684,0,0,2,measured_from_next_stimulus_flip
801,query,0,1298090.312,1298090.5007349,1298091.912,1298092.1007349,1298091.921,1298092.1081231,0.009000000078231096,1298091.912,1298091.984,1298092.173164,1.672000000020489,1.6724291001446545,0.07199999992735684,0,0,2,measured_from_next_stimulus_flip
802,query,0,1298091.984,1298092.173164,1298093.584,1298093.7731640001,1298093.593,1298093.7808757,0.009000000078231096,1298093.584,1298093.656,1298093.8563242,1.672000000020489,1.683160200016573,0.07199999992735684,0,0,2,measured_from_next_stimulus_flip
803,query,0,1298093.656,1298093.8563242,1298095.256,1298095.4563242001,1298095.265,1298095.4528523,0.008999999845400453,1298095.256,1298095.328,1298095.5168997,1.672000000020489,1.660575499990955,0.07199999992735684,0,0,2,measured_from_next_stimulus_flip
804,query,0,1298095.328,1298095.5168997,1298096.928,1298097.1168997001,1298096.937,1298097.1238736,0.008999999845400453,1298096.928,1298097.015,1298097.2057143,1.6869999999180436,1.6888145999982953,0.08699999982491136,0,0,2,measured_from_next_stimulus_flip
805,query,0,1298097.015,1298097.2057143,1298098.615,1298098.8057143001,1298098.625,1298098.8127908,0.010000000009313226,1298098.615,1298098.671,1298098.8645871,1.6560000001918525,1.6588727999478579,0.05600000009872019,0,0,2,measured_from_next_stimulus_flip
806,query,0,1298098.671,1298098.8645871,1298100.2710000002,1298100.4645871,1298100.281,1298100.467663,0.009999999776482582,1298100.2710000002,1298100.343,1298100.5312325,1.672000000020489,1.6666453999932855,0.07199999992735684,0,0,2,measured_from_next_stimulus_flip
807,query,0,1298100.343,1298100.5312325,1298101.9430000002,1298102.1312325,1298101.953,1298102.1407182,0.009999999776482582,1298101.9430000002,1298102.015,1298102.2032501,1.6719999997876585,1.6720175999216735,0.0719999996945262,0,0,2,measured_from_next_stimulus_flip
808,query,0,1298102.015,1298102.2032501,1298103.615,1298103.8032501,1298103.625,1298103.810893,0.010000000009313226,1298103.615,1298103.671,1298103.8635971,1.6560000001918525,1.660346999997273,0.05600000009872019,0,0,2,measured_from_next_stimulus_flip
809,query,0,1298103.671,1298103.8635971,1298105.2710000002,1298105.4635971,1298105.281,1298105.4687004,0.009999999776482582,1298105.2710000002,1298105.343,1298105.5424534,1.672000000020489,1.6788563001900911,0.07199999992735684,0,0,2,measured_from_next_stimulus_flip
810,query,0,1298105.343,1298105.5424534,1298106.9430000002,1298107.1424534002,1298106.953,1298107.1401721,0.009999999776482582,1298106.9430000002,1298107.031,1298107.2227864,1.6879999998491257,1.6803329999092966,0.08799999975599349,0,0,2,measured_from_next_stimulus_flip
811,query,0,1298107.031,1298107.2227864,1298108.631,1298108.8227864,1298108.64,1298108.8273256,0.008999999845400453,1298108.631,1298108.703,1298108.9036068,1.672000000020489,1.6808203998953104,0.07199999992735684,0,0,2,measured_from_next_stimulus_flip
812,query,0,1298108.703,1298108.9036068,1298110.303,1298110.5036068,1298110.312,1298110.4982453,0.008999999845400453,1298110.303,1298110.375,1298110.5722526,1.672000000020489,1.6686458000913262,0.07199999992735684,0,0,2,measured_from_next_stimulus_flip
813,query,0,1298110.375,1298110.5722526,1298111.975,1298112.1722526,1298111.984,1298112.1703852,0.008999999845400453,1298111.975,1298112.062,1298112.2543288,1.6869999999180436,1.6820761999115348,0.08699999982491136,0,0,2,measured_from_next_stimulus_flip
814,query,0,1298112.062,1298112.2543288,1298113.662,1298113.8543288,1298113.671,1298113.8576106,0.009000000078231096,1298113.662,1298113.734,1298113.9334177,1.672000000020489,1.6790889000985771,0.07199999992735684,0,0,2,measured_from_next_stimulus_flip
815,query,0,1298113.734,1298113.9334177,1298115.334,1298115.5334177,1298115.343,1298115.5307136,0.009000000078231096,1298115.334,1298115.406,1298115.5991042,1.672000000020489,1.6656865000259131,0.07199999992735684,0,0,2,measured_from_next_stimulus_flip
816,query,0,1298115.406,1298115.5991042,1298117.006,1298117.1991042001,1298117.015,1298117.2011286,0.008999999845400453,1298117.006,1298117.093,1298117.2895211,1.6870000001508743,1.6904168999753892,0.087000000057742,0,0,2,measured_from_next_stimulus_flip
817,query,0,1298117.093,1298117.2895211,1298118.6930000002,1298118.8895211,1298118.703,1298118.8885708,0.009999999776482582,1298118.6930000002,1298118.75,1298118.9480148,1.656999999890104,1.6584936999715865,0.05699999979697168,0,0,2,measured_from_next_stimulus_flip
818,query,0,1298118.75,1298118.9480148,1298120.35,1298120.5480148,1298120.359,1298120.5449474,0.008999999845400453,1298120.35,1298120.421,1298120.6152229,1.671000000089407,1.667208099970594,0.07099999999627471,0,0,2,measured_from_next_stimulus_flip
819,query,0,1298120.421,1298120.6152229,1298122.0210000002,1298122.2152229,1298122.031,1298122.2189809,0.009999999776482582,1298122.0210000002,1298122.109,1298122.2987934,1.6879999998491257,1.683570499997586,0.08799999975599349,0,0,2,measured_from_next_stimulus_flip
820,query,0,1298122.109,1298122.2987934,1298123.709,1298123.8987934,1298123.718,1298123.9046661,0.009000000078231096,1298123.709,1298123.796,1298123.9946964,1.6870000001508743,1.6959029999561608,0.087000000057742,0,0,2,measured_from_next_stimulus_flip
821,query,0,1298123.796,1298123.9946964,1298125.3960000002,1298125.5946964,1298125.406,1298125.5934739,0.009999999776482582,1298125.3960000002,1298125.468,1298125.6600445,1.672000000020489,1.6653481000103056,0.07199999992735684,0,0,2,measured_from_next_stimulus_flip
822,query,0,1298125.468,1298125.6600445,1298127.0680000002,1298127.2600445,1298127.078,1298127.2647786,0.009999999776482582,1298127.0680000002,1298127.156,1298127.3488727,1.6879999998491257,1.6888282001018524,0.08799999975599349,0,0,2,measured_from_next_stimulus_flip
823,query,0,1298127.156,1298127.3488727,1298128.756,1298128.9488727,1298128.765,1298128.953687,0.008999999845400453,1298128.756,1298128.843,1298129.0294442,1.6870000001508743,1.6805714999791235,0.087000000057742,0,0,2,measured_from_next_stimulus_flip
824,query,0,1298128.843,1298129.0294442,1298130.4430000002,1298130.6294442,1298130.453,1298130.6391735,0.009999999776482582,1298130.4430000002,1298130.531,1298130.7273466,1.6879999998491257,1.697902400046587,0.08799999975599349,0,0,2,measured_from_next_stimulus_flip
825,query,0,1298130.531,1298130.7273466,1298132.131,1298132.3273466001,1298132.14,1298132.326587,0.008999999845400453,1298132.131,1298132.218,1298132.4062416,1.6870000001508743,1.6788949999026954,0.087000000057742,0,0,2,measured_from_next_stimulus_flip
826,query,0,1298132.218,1298132.4062416,1298133.8180000002,1298134.0062416,1298133.828,1298134.0152222,0.009999999776482582,1298133.8180000002,1298133.89,1298134.0826486,1.6719999997876585,1.6764070000499487,0.0719999996945262,0,0,2,measured_from_next_stimulus_flip
827,query,0,1298133.89,1298134.0826486,1298135.49,1298135.6826486,1298135.5,1298135.6871496,0.010000000009313226,1298135.49,1298135.562,1298135.7498916,1.672000000020489,1.6672430001199245,0.07199999992735684,0,0,2,measured_from_next_stimulus_flip
828,query,0,1298135.562,1298135.7498916,1298137.162,1298137.3498916002,1298137.171,1298137.3600261,0.009000000078231096,1298137.162,1298137.234,1298137.4337911,1.672000000020489,1.6838994999416173,0.07199999992735684,0,0,2,measured_from_next_stimulus_flip
829,query,0,1298137.234,1298137.4337911,1298138.834,1298139.0337911001,1298138.843,1298139.0308558,0.009000000078231096,1298138.834,1298138.906,1298139.0949338,1.672000000020489,1.6611426998861134,0.07199999992735684,0,0,2,measured_from_next_stimulus_flip
830,query,0,1298138.906,1298139.0949338,1298140.506,1298140.6949338,1298140.515,1298140.7031499,0.008999999845400453,1298140.506,1298140.562,1298140.7612581,1.6559999999590218,1.6663242999929935,0.05599999986588955,0,0,2,measured_from_next_stimulus_flip
831,query,0,1298140.562,1298140.7612581,1298142.162,1298142.3612581,1298142.171,1298142.3579934,0.009000000078231096,1298142.162,1298142.234,1298142.4209765,1.672000000020489,1.659718400100246,0.07199999992735684,0,0,2,measured_from_next_stimulus_flip
832,query,0,1298142.234,1298142.4209765,1298143.834,1298144.0209765001,1298143.843,1298144.0312946,0.009000000078231096,1298143.834,1298143.921,1298144.1125918,1.6870000001508743,1.691615300020203,0.087000000057742,0,0,2,measured_from_next_stimulus_flip
833,query,0,1298143.921,1298144.1125918,1298145.5210000002,1298145.7125918001,1298145.531,1298145.7180085,0.009999999776482582,1298145.5210000002,1298145.593,1298145.7811218,1.672000000020489,1.6685299999080598,0.07199999992735684,0,0,2,measured_from_next_stimulus_flip
834,query,0,1298145.593,1298145.7811218,1298147.1930000002,1298147.3811218,1298147.203,1298147.3909336,0.009999999776482582,1298147.1930000002,1298147.296,1298147.4890353,1.702999999979511,1.7079135000240058,0.10299999988637865,0,0,2,measured_from_next_stimulus_flip
835,query,0,1298147.296,1298147.4890353,1298148.8960000002,1298149.0890353,1298148.906,1298149.0923106,0.009999999776482582,1298148.8960000002,1298148.968,1298149.1566413,1.672000000020489,1.667606000090018,0.07199999992735684,0,0,2,measured_from_next_stimulus_flip
836,query,0,1298148.968,1298149.1566413,1298150.5680000002,1298150.7566413002,1298150.578,1298150.764026,0.009999999776482582,1298150.5680000002,1298150.64,1298150.8376786,1.6719999997876585,1.6810373000334948,0.0719999996945262,0,0,2,measured_from_next_stimulus_flip
837,query,0,1298150.64,1298150.8376786,1298152.24,1298152.4376786002,1298152.25,1298152.4372863,0.010000000009313226,1298152.24,1298152.312,1298152.5028771,1.672000000020489,1.6651984998025,0.07199999992735684,0,0,2,measured_from_next_stimulus_flip
838,query,0,1298152.312,1298152.5028771,1298153.912,1298154.1028771,1298153.921,1298154.1097987,0.009000000078231096,1298153.912,1298153.968,1298154.1598798,1.6560000001918525,1.6570027000270784,0.05600000009872019,0,0,2,measured_from_next_stimulus_flip
839,query,0,1298153.968,1298154.1598798,1298155.5680000002,1298155.7598798,1298155.578,1298155.7665777,0.009999999776482582,1298155.5680000002,1298155.64,1298155.8265475,1.6719999997876585,1.6666677000466734,0.0719999996945262,0,0,2,measured_from_next_stimulus_flip
840,query,0,1298155.64,1298155.8265475,1298157.24,1298157.4265475,1298157.25,1298157.4373426,0.010000000009313226,1298157.24,1298157.296,1298157.4938663,1.6560000001918525,1.6673187999986112,0.05600000009872019,0,0,2,measured_from_next_stimulus_flip
841,query,0,1298157.296,1298157.4938663,1298158.8960000002,1298159.0938663,1298158.906,1298159.0924868,0.009999999776482582,1298158.8960000002,1298158.953,1298159.1480302,1.656999999890104,1.6541639000643045,0.05699999979697168,0,0,2,measured_from_next_stimulus_flip
842,query,0,1298158.953,1298159.1480302,1298160.553,1298160.7480302001,1298160.562,1298160.7497943,0.008999999845400453,1298160.553,1298160.625,1298160.8112236,1.672000000020489,1.6631934000179172,0.07199999992735684,0,0,2,measured_from_next_stimulus_flip
843,query,0,1298160.625,1298160.8112236,1298162.225,1298162.4112236002,1298162.234,1298162.4214563,0.008999999845400453,1298162.225,1298162.296,1298162.4938329,1.671000000089407,1.682609299896285,0.07099999999627471,0,0,2,measured_from_next_stimulus_flip
844,query,0,1298162.296,1298162.4938329,1298163.8960000002,1298164.0938329,1298163.906,1298164.0920873,0.009999999776482582,1298163.8960000002,1298163.984,1298164.1713317,1.6879999998491257,1.6774987999815494,0.08799999975599349,0,0,2,measured_from_next_stimulus_flip
845,query,0,1298163.984,1298164.1713317,1298165.584,1298165.7713317,1298165.593,1298165.7806118,0.009000000078231096,1298165.584,1298165.656,1298165.8557002,1.672000000020489,1.684368500020355,0.07199999992735684,0,0,2,measured_from_next_stimulus_flip
846,query,0,1298165.656,1298165.8557002,1298167.256,1298167.4557002,1298167.265,1298167.4532112,0.008999999845400453,1298167.256,1298167.343,1298167.5386698,1.6870000001508743,1.6829695999622345,0.087000000057742,0,0,2,measured_from_next_stimulus_flip
847,query,0,1298167.343,1298167.5386698,1298168.9430000002,1298169.1386698,1298168.953,1298169.1408854,0.009999999776482582,1298168.9430000002,1298169.015,1298169.2149608,1.6719999997876585,1.67629100009799,0.0719999996945262,0,0,2,measured_from_next_stimulus_flip
848,query,0,1298169.015,1298169.2149608,1298170.615,1298170.8149608,1298170.625,1298170.8123959,0.010000000009313226,1298170.615,1298170.703,1298170.8894462,1.6880000000819564,1.6744854000862688,0.08799999998882413,0,0,2,measured_from_next_stimulus_flip
849,query,0,1298170.703,1298170.8894462,1298172.303,1298172.4894462002,1298172.312,1298172.4995758,0.008999999845400453,1298172.303,1298172.375,1298172.5750591,1.672000000020489,1.6856128999497741,0.07199999992735684,0,0,2,measured_from_next_stimulus_flip
850,query,0,1298172.375,1298172.5750591,1298173.975,1298174.1750591001,1298173.984,1298174.1721571,0.008999999845400453,1298173.975,1298174.046,1298174.2380765,1.671000000089407,1.6630173998419195,0.07099999999627471,0,0,2,measured_from_next_stimulus_flip
851,query,0,1298174.046,1298174.2380765,1298175.6460000002,1298175.8380765,1298175.656,1298175.8436419,0.009999999776482582,1298175.6460000002,1298175.734,1298175.9215766,1.6879999998491257,1.6835001001600176,0.08799999975599349,0,0,2,measured_from_next_stimulus_flip
852,query,0,1298175.734,1298175.9215766,1298177.334,1298177.5215766001,1298177.343,1298177.5304137,0.009000000078231096,1298177.334,1298177.421,1298177.6127128,1.6870000001508743,1.6911361999809742,0.087000000057742,0,0,2,measured_from_next_stimulus_flip
853,query,0,1298177.421,1298177.6127128,1298179.0210000002,1298179.2127128001,1298179.031,1298179.2167486,0.009999999776482582,1298179.0210000002,1298179.093,1298179.2900759,1.672000000020489,1.6773630999960005,0.07199999992735684,0,0,2,measured_from_next_stimulus_flip
854,query,0,1298179.093,1298179.2900759,1298180.6930000002,1298180.8900759001,1298180.703,1298180.8910381,0.009999999776482582,1298180.6930000002,1298180.781,1298180.9709333,1.6879999998491257,1.680857399944216,0.08799999975599349,0,0,2,measured_from_next_stimulus_flip
855,query,0,1298180.781,1298180.9709333,1298182.381,1298182.5709333,1298182.39,1298182.5775045,0.008999999845400453,1298182.381,1298182.468,1298182.6544609,1.6870000001508743,1.6835276000201702,0.087000000057742,0,0,2,measured_from_next_stimulus_flip
856,query,0,1298182.468,1298182.6544609,1298184.0680000002,1298184.2544609,1298184.078,1298184.2648128,0.009999999776482582,1298184.0680000002,1298184.156,1298184.3490378,1.6879999998491257,1.6945768999867141,0.08799999975599349,0,0,2,measured_from_next_stimulus_flip
857,query,0,1298184.156,1298184.3490378,1298185.756,1298185.9490378,1298185.765,1298185.9534176,0.008999999845400453,1298185.756,1298185.828,1298186.0217877,1.672000000020489,1.672749900026247,0.07199999992735684,0,0,2,measured_from_next_stimulus_flip
858,query,0,1298185.828,1298186.0217877,1298187.428,1298187.6217877,1298187.437,1298187.624156,0.008999999845400453,1298187.428,1298187.531,1298187.7226265,1.702999999979511,1.7008388000540435,0.10299999988637865,0,0,2,measured_from_next_stimulus_flip
859,query,0,1298187.531,1298187.7226265,1298189.131,1298189.3226265002,1298189.14,1298189.3267358,0.008999999845400453,1298189.131,1298189.218,1298189.4055532,1.6870000001508743,1.6829266999848187,0.087000000057742,0,0,2,measured_from_next_stimulus_flip
860,query,0,1298189.218,1298189.4055532,1298190.8180000002,1298191.0055532001,1298190.828,1298191.0145182,0.009999999776482582,1298190.8180000002,1298190.89,1298191.0895264,1.6719999997876585,1.6839731999207288,0.0719999996945262,0,0,2,measured_from_next_stimulus_flip
861,query,0,1298190.89,1298191.0895264,1298192.49,1298192.6895264,1298192.5,1298192.6859629,0.010000000009313226,1298192.49,1298192.562,1298192.7482964,1.672000000020489,1.6587700000964105,0.07199999992735684,0,0,2,measured_from_next_stimulus_flip
862,query,0,1298192.562,1298192.7482964,1298194.162,1298194.3482964002,1298194.171,1298194.3579676,0.009000000078231096,1298194.162,1298194.218,1298194.4172766,1.6560000001918525,1.668980199843645,0.05600000009872019,0,0,2,measured_from_next_stimulus_flip
863,query,0,1298194.218,1298194.4172766,1298195.8180000002,1298196.0172766,1298195.828,1298196.0148156,0.009999999776482582,1298195.8180000002,1298195.89,1298196.0902393,1.6719999997876585,1.6729627000167966,0.0719999996945262,0,0,2,measured_from_next_stimulus_flip
864,query,0,1298195.89,1298196.0902393,1298197.49,1298197.6902393,1298197.5,1298197.6856021,0.010000000009313226,1298197.49,1298197.562,1298197.7589764,1.672000000020489,1.6687370999716222,0.07199999992735684,0,0,2,measured_from_next_stimulus_flip
865,query,0,1298197.562,1298197.7589764,1298199.162,1298199.3589764,1298199.171,1298199.3580913,0.009000000078231096,1298199.162,1298199.218,1298199.4134883,1.6560000001918525,1.654511900153011,0.05600000009872019,0,0,2,measured_from_next_stimulus_flip
866,query,0,1298199.218,1298199.4134883,1298200.8180000002,1298201.0134883001,1298200.828,1298201.013877,0.009999999776482582,1298200.8180000002,1298200.89,1298201.0884777,1.6719999997876585,1.6749893999658525,0.0719999996945262,0,0,2,measured_from_next_stimulus_flip
867,query,0,1298200.89,1298201.0884777,1298202.49,1298202.6884777,1298202.5,1298202.6879362,0.010000000009313226,1298202.49,1298202.562,1298202.7598183,1.672000000020489,1.6713405998889357,0.07199999992735684,0,0,2,measured_from_next_stimulus_flip
868,query,0,1298202.562,1298202.7598183,1298204.162,1298204.3598183,1298204.171,1298204.3584374,0.009000000078231096,1298204.162,1298204.218,1298204.420083,1.6560000001918525,1.6602647001855075,0.05600000009872019,0,0,2,measured_from_next_stimulus_flip
869,query,0,1298204.218,1298204.420083,1298205.8180000002,1298206.0200830002,1298205.828,1298206.014035,0.009999999776482582,1298205.8180000002,1298205.89,1298206.0876711,1.6719999997876585,1.6675880998373032,0.0719999996945262,0,0,2,measured_from_next_stimulus_flip
870,query,0,1298205.89,1298206.0876711,1298207.49,1298207.6876711,1298207.5,1298207.6866365,0.010000000009313226,1298207.49,1298207.578,1298207.7736707,1.6880000000819564,1.6859995999839157,0.08799999998882413,0,0,2,measured_from_next_stimulus_flip
871,query,0,1298207.578,1298207.7736707,1298209.178,1298209.3736707,1298209.187,1298209.3737789,0.008999999845400453,1298209.178,1298209.234,1298209.4332139,1.6559999999590218,1.6595432001631707,0.05599999986588955,0,0,2,measured_from_next_stimulus_flip
872,query,0,1298209.234,1298209.4332139,1298210.834,1298211.0332139002,1298210.843,1298211.0302353,0.009000000078231096,1298210.834,1298210.906,1298211.1073111,1.672000000020489,1.6740971999242902,0.07199999992735684,0,0,2,measured_from_next_stimulus_flip
873,query,0,1298210.906,1298211.1073111,1298212.506,1298212.7073111,1298212.515,1298212.7015994,0.008999999845400453,1298212.506,1298212.578,1298212.7695263,1.672000000020489,1.6622152000200003,0.07199999992735684,0,0,2,measured_from_next_stimulus_flip
874,query,0,1298212.578,1298212.7695263,1298214.178,1298214.3695263,1298214.187,1298214.3747671,0.008999999845400453,1298214.178,1298214.281,1298214.4778795,1.702999999979511,1.7083531999960542,0.10299999988637865,0,0,2,measured_from_next_stimulus_flip
875,query,0,1298214.281,1298214.4778795,1298215.881,1298216.0778795,1298215.89,1298216.07703,0.008999999845400453,1298215.881,1298215.953,1298216.1477516,1.672000000020489,1.6698720999993384,0.07199999992735684,0,0,2,measured_from_next_stimulus_flip
876,query,0,1298215.953,1298216.1477516,1298217.553,1298217.7477516,1298217.562,1298217.7486834,0.008999999845400453,1298217.553,1298217.64,1298217.8344734,1.6869999999180436,1.6867217998951674,0.08699999982491136,0,0,2,measured_from_next_stimulus_flip
877,query,0,1298217.64,1298217.8344734,1298219.24,1298219.4344734,1298219.25,1298219.4367199,0.010000000009313226,1298219.24,1298219.312,1298219.5034363,1.672000000020489,1.6689629000611603,0.07199999992735684,0,0,2,measured_from_next_stimulus_flip
878,query,0,1298219.312,1298219.5034363,1298220.912,1298221.1034363,1298220.921,1298221.1081797,0.009000000078231096,1298220.912,1298220.984,1298221.1718442,1.672000000020489,1.668407900026068,0.07199999992735684,0,0,2,measured_from_next_stimulus_flip
879,query,0,1298220.984,1298221.1718442,1298222.584,1298222.7718442,1298222.593,1298222.7818436,0.009000000078231096,1298222.584,1298222.656,1298222.8550572,1.672000000020489,1.683212999952957,0.07199999992735684,0,0,2,measured_from_next_stimulus_flip
880,query,0,1298222.656,1298222.8550572,1298224.256,1298224.4550572,1298224.265,1298224.4534254,0.008999999845400453,1298224.256,1298224.328,1298224.5270842,1.672000000020489,1.6720269999932498,0.07199999992735684,0,0,2,measured_from_next_stimulus_flip
881,query,0,1298224.328,1298224.5270842,1298225.928,1298226.1270842,1298225.937,1298226.1230501,0.008999999845400453,1298225.928,1298225.984,1298226.1832221,1.6559999999590218,1.6561378999613225,0.05599999986588955,0,0,2,measured_from_next_stimulus_flip
882,query,0,1298225.984,1298226.1832221,1298227.584,1298227.7832221,1298227.593,1298227.7806973,0.009000000078231096,1298227.584,1298227.656,1298227.8572445,1.672000000020489,1.674022400053218,0.07199999992735684,0,0,2,measured_from_next_stimulus_flip
883,query,0,1298227.656,1298227.8572445,1298229.256,1298229.4572445,1298229.265,1298229.4516894,0.008999999845400453,1298229.256,1298229.343,1298229.5316181,1.6870000001508743,1.6743735999334604,0.087000000057742,0,0,2,measured_from_next_stimulus_flip
884,query,0,1298229.343,1298229.5316181,1298230.9430000002,1298231.1316181,1298230.953,1298231.1419439,0.009999999776482582,1298230.9430000002,1298231.031,1298231.2222552,1.6879999998491257,1.6906371000222862,0.08799999975599349,0,0,2,measured_from_next_stimulus_flip
885,query,0,1298231.031,1298231.2222552,1298232.631,1298232.8222552,1298232.64,1298232.8283505,0.008999999845400453,1298232.631,1298232.703,1298232.903091,1.672000000020489,1.6808358000125736,0.07199999992735684,0,0,2,measured_from_next_stimulus_flip
886,query,0,1298232.703,1298232.903091,1298234.303,1298234.503091,1298234.312,1298234.4992259,0.008999999845400453,1298234.303,1298234.375,1298234.5648077,1.672000000020489,1.661716700065881,0.07199999992735684,0,0,2,measured_from_next_stimulus_flip
887,query,0,1298234.375,1298234.5648077,1298235.975,1298236.1648077,1298235.984,1298236.1720509,0.008999999845400453,1298235.975,1298236.031,1298236.2246413,1.6559999999590218,1.6598336000461131,0.05599999986588955,0,0,2,measured_from_next_stimulus_flip
888,query,0,1298236.031,1298236.2246413,1298237.631,1298237.8246413001,1298237.64,1298237.8264401,0.008999999845400453,1298237.631,1298237.703,1298237.8961671,1.672000000020489,1.671525799902156,0.07199999992735684,0,0,2,measured_from_next_stimulus_flip
889,query,0,1298237.703,1298237.8961671,1298239.303,1298239.4961671,1298239.312,1298239.4995686,0.008999999845400453,1298239.303,1298239.39,1298239.579453,1.6869999999180436,1.6832859001588076,0.08699999982491136,0,0,2,measured_from_next_stimulus_flip
890,query,0,1298239.39,1298239.579453,1298240.99,1298241.1794530002,1298241.0,1298241.1871348,0.010000000009313226,1298240.99,1298241.062,1298241.2550132,1.672000000020489,1.675560199888423,0.07199999992735684,0,0,2,measured_from_next_stimulus_flip
891,query,0,1298241.062,1298241.2550132,1298242.662,1298242.8550132,1298242.671,1298242.857401,0.009000000078231096,1298242.662,1298242.734,1298242.9260425,1.672000000020489,1.6710292999632657,0.07199999992735684,0,0,2,measured_from_next_stimulus_flip
892,query,0,1298242.734,1298242.9260425,1298244.334,1298244.5260425,1298244.343,1298244.5295182,0.009000000078231096,1298244.334,1298244.39,1298244.5822286,1.6559999999590218,1.6561861000955105,0.05599999986588955,0,0,2,measured_from_next_stimulus_flip
893,query,0,1298244.39,1298244.5822286,1298245.99,1298246.1822286001,1298246.0,1298246.1877363,0.010000000009313226,1298245.99,1298246.062,1298246.2571609,1.672000000020489,1.674932299880311,0.07199999992735684,0,0,2,measured_from_next_stimulus_flip
894,query,0,1298246.062,1298246.2571609,1298247.662,1298247.8571609,1298247.671,1298247.8589753,0.009000000078231096,1298247.662,1298247.75,1298247.9383309,1.6880000000819564,1.6811699999962002,0.08799999998882413,0,0,2,measured_from_next_stimulus_flip
895,query,0,1298247.75,1298247.9383309,1298249.35,1298249.5383309,1298249.359,1298249.5446462,0.008999999845400453,1298249.35,1298249.421,1298249.6075063,1.671000000089407,1.669175400165841,0.07099999999627471,0,0,2,measured_from_next_stimulus_flip
896,query,0,1298249.421,1298249.6075063,1298251.0210000002,1298251.2075063002,1298251.031,1298251.2184169,0.009999999776482582,1298251.0210000002,1298251.093,1298251.2876618,1.672000000020489,1.6801554998382926,0.07199999992735684,0,0,2,measured_from_next_stimulus_flip
897,query,0,1298251.093,1298251.2876618,1298252.6930000002,1298252.8876618,1298252.703,1298252.8885301,0.009999999776482582,1298252.6930000002,1298252.765,1298252.9600304,1.6719999997876585,1.6723686000332236,0.0719999996945262,0,0,2,measured_from_next_stimulus_flip
898,query,0,1298252.765,1298252.9600304,1298254.365,1298254.5600304,1298254.375,1298254.5603818,0.010000000009313226,1298254.365,1298254.421,1298254.6156803,1.6560000001918525,1.65564989997074,0.05600000009872019,0,0,2,measured_from_next_stimulus_flip
899,query,0,1298254.421,1298254.6156803,1298256.0210000002,1298256.2156803,1298256.031,1298256.2173473,0.009999999776482582,1298256.0210000002,1298256.093,1298256.2887753,1.672000000020489,1.6730949999764562,0.07199999992735684,0,0,2,measured_from_next_stimulus_flip
900,query,0,1298256.093,1298256.2887753,1298257.6930000002,1298257.8887753,1298257.703,1298257.8886372,0.009999999776482582,1298257.6930000002,1298257.765,1298257.9575838,1.6719999997876585,1.6688085000496358,0.0719999996945262,0,0,2,measured_from_next_stimulus_flip
901,query,0,1298257.765,1298257.9575838,1298259.365,1298259.5575838,1298259.375,1298259.5618659,0.010000000009313226,1298259.365,1298259.437,1298259.6368204,1.672000000020489,1.6792365999426693,0.07199999992735684,0,0,2,measured_from_next_stimulus_flip
902,query,0,1298259.437,1298259.6368204,1298261.037,1298261.2368204,1298261.046,1298261.2343966,0.009000000078231096,1298261.037,1298261.109,1298261.3088664,1.672000000020489,1.6720460001379251,0.07199999992735684,0,0,2,measured_from_next_stimulus_flip
903,query,0,1298261.109,1298261.3088664,1298262.709,1298262.9088664001,1298262.718,1298262.9043372,0.009000000078231096,1298262.709,1298262.781,1298262.9734138,1.672000000020489,1.6645473998505622,0.07199999992735684,0,0,2,measured_from_next_stimulus_flip
904,query,0,1298262.781,1298262.9734138,1298264.381,1298264.5734138,1298264.39,1298264.57587,0.008999999845400453,1298264.381,1298264.437,1298264.6382373,1.6559999999590218,1.664823500206694,0.05599999986588955,0,0,2,measured_from_next_stimulus_flip
905,query,0,1298264.437,1298264.6382373,1298266.037,1298266.2382373002,1298266.046,1298266.2351521,0.009000000078231096,1298266.037,1298266.109,1298266.2996703,1.672000000020489,1.6614329998847097,0.07199999992735684,0,0,2,measured_from_next_stimulus_flip
906,query,0,1298266.109,1298266.2996703,1298267.709,1298267.8996703,1298267.718,1298267.9060414,0.009000000078231096,1298267.709,1298267.796,1298267.9887003,1.6870000001508743,1.6890300000086427,0.087000000057742,0,0,2,measured_from_next_stimulus_flip
907,query,0,1298267.796,1298267.9887003,1298269.3960000002,1298269.5887003,1298269.406,1298269.5925406,0.009999999776482582,1298269.3960000002,1298269.468,1298269.6654549,1.672000000020489,1.6767545999027789,0.07199999992735684,0,0,2,measured_from_next_stimulus_flip
908,query,0,1298269.468,1298269.6654549,1298271.0680000002,1298271.2654549,1298271.078,1298271.2655014,0.009999999776482582,1298271.0680000002,1298271.156,1298271.3498179,1.6879999998491257,1.6843630000948906,0.08799999975599349,0,0,2,measured_from_next_stimulus_flip
909,query,0,1298271.156,1298271.3498179,1298272.756,1298272.9498179,1298272.765,1298272.953205,0.008999999845400453,1298272.756,1298272.828,1298273.0165216,1.672000000020489,1.6667037000879645,0.07199999992735684,0,0,2,measured_from_next_stimulus_flip
910,query,0,1298272.828,1298273.0165216,1298274.428,1298274.6165216002,1298274.437,1298274.6243279,0.008999999845400453,1298274.428,1298274.5,1298274.6980258,1.672000000020489,1.6815041999798268,0.07199999992735684,0,0,2,measured_from_next_stimulus_flip
911,query,0,1298274.5,1298274.6980258,1298276.1,1298276.2980258001,1298276.109,1298276.2964038,0.008999999845400453,1298276.1,1298276.187,1298276.3735509,1.6869999999180436,1.6755250999704003,0.08699999982491136,0,0,2,measured_from_next_stimulus_flip
912,query,0,1298276.187,1298276.3735509,1298277.787,1298277.9735509001,1298277.796,1298277.9828133,0.009000000078231096,1298277.787,1298277.859,1298278.0542988,1.672000000020489,1.6807478999253362,0.07199999992735684,0,0,2,measured_from_next_stimulus_flip
913,query,0,1298277.859,1298278.0542988,1298279.459,1298279.6542988,1298279.468,1298279.6541956,0.009000000078231096,1298279.459,1298279.531,1298279.7224478,1.672000000020489,1.6681490000337362,0.07199999992735684,0,0,2,measured_from_next_stimulus_flip
914,query,0,1298279.531,1298279.7224478,1298281.131,1298281.3224478,1298281.14,1298281.3276812,0.008999999845400453,1298281.131,1298281.218,1298281.4042182,1.6870000001508743,1.6817703999113292,0.087000000057742,0,0,2,measured_from_next_stimulus_flip
915,query,0,1298281.218,1298281.4042182,1298282.8180000002,1298283.0042182,1298282.828,1298283.0153667,0.009999999776482582,1298282.8180000002,1298282.89,1298283.0823373,1.6719999997876585,1.678119100164622,0.0719999996945262,0,0,2,measured_from_next_stimulus_flip
916,query,0,1298282.89,1298283.0823373,1298284.49,1298284.6823373002,1298284.5,1298284.686316,0.010000000009313226,1298284.49,1298284.562,1298284.750108,1.672000000020489,1.6677706998307258,0.07199999992735684,0,0,2,measured_from_next_stimulus_flip
917,query,0,1298284.562,1298284.750108,1298286.162,1298286.350108,1298286.171,1298286.3572954,0.009000000078231096,1298286.162,1298286.218,1298286.4198516,1.6560000001918525,1.6697436000686139,0.05600000009872019,0,0,2,measured_from_next_stimulus_flip
918,query,0,1298286.218,1298286.4198516,1298287.8180000002,1298288.0198516,1298287.828,1298288.0146494,0.009999999776482582,1298287.8180000002,1298287.906,1298288.0930304,1.6879999998491257,1.6731788001488894,0.08799999975599349,0,0,2,measured_from_next_stimulus_flip
919,query,0,1298287.906,1298288.0930304,1298289.506,1298289.6930304002,1298289.515,1298289.7011047,0.008999999845400453,1298289.506,1298289.578,1298289.773655,1.672000000020489,1.6806245998013765,0.07199999992735684,0,0,2,measured_from_next_stimulus_flip
920,query,0,1298289.578,1298289.773655,1298291.178,1298291.373655,1298291.187,1298291.3747981,0.008999999845400453,1298291.178,1298291.234,1298291.4329773,1.6559999999590218,1.6593222999945283,0.05599999986588955,0,0,2,measured_from_next_stimulus_flip
921,query,0,1298291.234,1298291.4329773,1298292.834,1298293.0329773,1298292.843,1298293.0303953,0.009000000078231096,1298292.834,1298292.906,1298293.0974032,1.672000000020489,1.6644259002059698,0.07199999992735684,0,0,2,measured_from_next_stimulus_flip
922,query,0,1298292.906,1298293.0974032,1298294.506,1298294.6974032002,1298294.515,1298294.7012063,0.008999999845400453,1298294.506,1298294.593,1298294.7883669,1.6870000001508743,1.6909636999480426,0.087000000057742,0,0,2,measured_from_next_stimulus_flip
923,query,0,1298294.593,1298294.7883669,1298296.1930000002,1298296.3883669002,1298296.203,1298296.3915265,0.009999999776482582,1298296.1930000002,1298296.265,1298296.4574242,1.6719999997876585,1.669057299848646,0.0719999996945262,0,0,2,measured_from_next_stimulus_flip
924,query,0,1298296.265,1298296.4574242,1298297.865,1298298.0574242,1298297.875,1298298.0610891,0.010000000009313226,1298297.865,1298297.937,1298298.1382519,1.672000000020489,1.6808277000673115,0.07199999992735684,0,0,2,measured_from_next_stimulus_flip
925,query,0,1298297.937,1298298.1382519,1298299.537,1298299.7382519,1298299.546,1298299.7327373,0.009000000078231096,1298299.537,1298299.609,1298299.8053136,1.672000000020489,1.6670617000199854,0.07199999992735684,0,0,2,measured_from_next_stimulus_flip
926,query,0,1298299.609,1298299.8053136,1298301.209,1298301.4053136,1298301.218,1298301.4039584,0.009000000078231096,1298301.209,1298301.265,1298301.4664748,1.6559999999590218,1.6611611999105662,0.05599999986588955,0,0,2,measured_from_next_stimulus_flip
927,query,0,1298301.265,1298301.4664748,1298302.865,1298303.0664748,1298302.875,1298303.0626422,0.010000000009313226,1298302.865,1298302.937,1298303.1236356,1.672000000020489,1.657160800183192,0.07199999992735684,0,0,2,measured_from_next_stimulus_flip
928,query,0,1298302.937,1298303.1236356,1298304.537,1298304.7236356002,1298304.546,1298304.7324828,0.009000000078231096,1298304.537,1298304.609,1298304.7978673,1.672000000020489,1.6742316999007016,0.07199999992735684,0,0,2,measured_from_next_stimulus_flip
929,query,0,1298304.609,1298304.7978673,1298306.209,1298306.3978673,1298306.218,1298306.4044413,0.009000000078231096,1298306.209,1298306.265,1298306.4664768,1.6559999999590218,1.6686094999313354,0.05599999986588955,0,0,2,measured_from_next_stimulus_flip
930,query,0,1298306.265,1298306.4664768,1298307.865,1298308.0664768,1298307.875,1298308.0614297,0.010000000009313226,1298307.865,1298307.953,1298308.1504031,1.6880000000819564,1.6839263001456857,0.08799999998882413,0,0,2,measured_from_next_stimulus_flip
931,query,0,1298307.953,1298308.1504031,1298309.553,1298309.7504031002,1298309.562,1298309.7505452,0.008999999845400453,1298309.553,1298309.609,1298309.8076393,1.6559999999590218,1.6572361998260021,0.05599999986588955,0,0,2,measured_from_next_stimulus_flip
932,query,0,1298309.609,1298309.8076393,1298311.209,1298311.4076393,1298311.218,1298311.4046525,0.009000000078231096,1298311.209,1298311.265,1298311.4642189,1.6559999999590218,1.6565796001814306,0.05599999986588955,0,0,2,measured_from_next_stimulus_flip
933,query,0,1298311.265,1298311.4642189,1298312.865,1298313.0642189002,1298312.875,1298313.0615298,0.010000000009313226,1298312.865,1298312.921,1298313.1214888,1.6560000001918525,1.6572698999661952,0.05600000009872019,0,0,2,measured_from_next_stimulus_flip
934,query,0,1298312.921,1298313.1214888,1298314.5210000002,1298314.7214888001,1298314.531,1298314.7178164,0.009999999776482582,1298314.5210000002,1298314.593,1298314.7916846,1.672000000020489,1.6701958000194281,0.07199999992735684,0,0,2,measured_from_next_stimulus_flip
935,query,0,1298314.593,1298314.7916846,1298316.1930000002,1298316.3916846002,1298316.203,1298316.3903374,0.009999999776482582,1298316.1930000002,1298316.265,1298316.4580417,1.6719999997876585,1.6663571000099182,0.0719999996945262,0,0,2,measured_from_next_stimulus_flip
936,query,0,1298316.265,1298316.4580417,1298317.865,1298318.0580417002,1298317.875,1298318.0601958,0.010000000009313226,1298317.865,1298317.937,1298318.1379825,1.672000000020489,1.6799407999496907,0.07199999992735684,0,0,2,measured_from_next_stimulus_flip
937,query,0,1298317.937,1298318.1379825,1298319.537,1298319.7379825,1298319.546,1298319.733963,0.009000000078231096,1298319.537,1298319.609,1298319.8094629,1.672000000020489,1.6714804000221193,0.07199999992735684,0,0,2,measured_from_next_stimulus_flip
938,query,0,1298319.609,1298319.8094629,1298321.209,1298321.4094629001,1298321.218,1298321.4061145,0.009000000078231096,1298321.209,1298321.265,1298321.4643423,1.6559999999590218,1.6548794000409544,0.05599999986588955,0,0,2,measured_from_next_stimulus_flip
939,query,0,1298321.265,1298321.4643423,1298322.865,1298323.0643423002,1298322.875,1298323.0621069,0.010000000009313226,1298322.865,1298322.937,1298323.138288,1.672000000020489,1.6739456998184323,0.07199999992735684,0,0,2,measured_from_next_stimulus_flip
940,query,0,1298322.937,1298323.138288,1298324.537,1298324.738288,1298324.546,1298324.7330684,0.009000000078231096,1298324.537,1298324.609,1298324.8055943,1.672000000020489,1.6673063000198454,0.07199999992735684,0,0,2,measured_from_next_stimulus_flip
941,query,0,1298324.609,1298324.8055943,1298326.209,1298326.4055943,1298326.218,1298326.4051799,0.009000000078231096,1298326.209,1298326.265,1298326.4655451,1.6559999999590218,1.6599508000072092,0.05599999986588955,0,0,2,measured_from_next_stimulus_flip
942,query,0,1298326.265,1298326.4655451,1298327.865,1298328.0655451,1298327.875,1298328.0611328,0.010000000009313226,1298327.865,1298327.937,1298328.1339155,1.672000000020489,1.6683704000897706,0.07199999992735684,0,0,2,measured_from_next_stimulus_flip
943,query,0,1298327.937,1298328.1339155,1298329.537,1298329.7339155,1298329.546,1298329.7335326,0.009000000078231096,1298329.537,1298329.593,1298329.7924711,1.6560000001918525,1.6585556000936776,0.05600000009872019,0,0,2,measured_from_next_stimulus_flip
944,query,0,1298329.593,1298329.7924711,1298331.1930000002,1298331.3924711002,1298331.203,1298331.3894751,0.009999999776482582,1298331.1930000002,1298331.265,1298331.464905,1.6719999997876585,1.6724338999483734,0.0719999996945262,0,0,2,measured_from_next_stimulus_flip
945,query,0,1298331.265,1298331.464905,1298332.865,1298333.0649050002,1298332.875,1298333.0612222,0.010000000009313226,1298332.865,1298332.937,1298333.1384099,1.672000000020489,1.6735048999544233,0.07199999992735684,0,0,2,measured_from_next_stimulus_flip
946,query,0,1298332.937,1298333.1384099,1298334.537,1298334.7384099,1298334.546,1298334.7323965,0.009000000078231096,1298334.537,1298334.609,1298334.7992313,1.672000000020489,1.6608213998842984,0.07199999992735684,0,0,2,measured_from_next_stimulus_flip
947,query,0,1298334.609,1298334.7992313,1298336.209,1298336.3992313,1298336.218,1298336.404094,0.009000000078231096,1298336.209,1298336.265,1298336.4665805,1.6559999999590218,1.6673491999972612,0.05599999986588955,0,0,2,measured_from_next_stimulus_flip
948,query,0,1298336.265,1298336.4665805,1298337.865,1298338.0665805,1298337.875,1298338.0609797,0.010000000009313226,1298337.865,1298337.953,1298338.1409962,1.6880000000819564,1.6744157001376152,0.08799999998882413,0,0,2,measured_from_next_stimulus_flip
949,query,0,1298337.953,1298338.1409962,1298339.553,1298339.7409962001,1298339.562,1298339.7490863,0.008999999845400453,1298339.553,1298339.625,1298339.8218118,1.672000000020489,1.6808155998587608,0.07199999992735684,0,0,2,measured_from_next_stimulus_flip
950,query,0,1298339.625,1298339.8218118,1298341.225,1298341.4218118,1298341.234,1298341.4202027,0.008999999845400453,1298341.225,1298341.312,1298341.5052126,1.6869999999180436,1.6834008002188057,0.08699999982491136,0,0,2,measured_from_next_stimulus_flip
951,query,0,1298341.312,1298341.5052126,1298342.912,1298343.1052126002,1298342.921,1298343.1078181,0.009000000078231096,1298342.912,1298342.984,1298343.1735144,1.672000000020489,1.668301799800247,0.07199999992735684,0,0,2,measured_from_next_stimulus_flip
952,query,0,1298342.984,1298343.1735144,1298344.584,1298344.7735144,1298344.593,1298344.7820205,0.009000000078231096,1298344.584,1298344.656,1298344.8566903,1.672000000020489,1.6831759000197053,0.07199999992735684,0,0,2,measured_from_next_stimulus_flip
953,query,0,1298344.656,1298344.8566903,1298346.256,1298346.4566903,1298346.265,1298346.4539178,0.008999999845400453,1298346.256,1298346.328,1298346.5201187,1.672000000020489,1.6634284001775086,0.07199999992735684,0,0,2,measured_from_next_stimulus_flip
954,query,0,1298346.328,1298346.5201187,1298347.928,1298348.1201187002,1298347.937,1298348.1231036,0.008999999845400453,1298347.928,1298348.0,1298348.1913443,1.672000000020489,1.6712255999445915,0.07199999992735684,0,0,2,measured_from_next_stimulus_flip
955,query,0,1298348.0,1298348.1913443,1298349.6,1298349.7913443001,1298349.609,1298349.7954373,0.008999999845400453,1298349.6,1298349.671,1298349.8715613,1.671000000089407,1.680216999957338,0.07099999999627471,0,0,2,measured_from_next_stimulus_flip
956,query,0,1298349.671,1298349.8715613,1298351.2710000002,1298351.4715613,1298351.281,1298351.4679515,0.009999999776482582,1298351.2710000002,1298351.359,1298351.5581749,1.6879999998491257,1.6866136000026017,0.08799999975599349,0,0,2,measured_from_next_stimulus_flip
957,query,0,1298351.359,1298351.5581749,1298352.959,1298353.1581749,1298352.968,1298353.1565136,0.009000000078231096,1298352.959,1298353.015,1298353.2155484,1.6559999999590218,1.6573735000565648,0.05599999986588955,0,0,2,measured_from_next_stimulus_flip
958,query,0,1298353.015,1298353.2155484,1298354.615,1298354.8155484002,1298354.625,1298354.8108983,0.010000000009313226,1298354.615,1298354.703,1298354.8904222,1.6880000000819564,1.6748738000169396,0.08799999998882413,0,0,2,measured_from_next_stimulus_flip
959,query,0,1298354.703,1298354.8904222,1298356.303,1298356.4904222002,1298356.312,1298356.498081,0.008999999845400453,1298356.303,1298356.375,1298356.5688556,1.672000000020489,1.678433399880305,0.07199999992735684,0,0,2,measured_from_next_stimulus_flip
960,query,0,1298356.375,1298356.5688556,1298357.975,1298358.1688556,1298357.984,1298358.1709302,0.008999999845400453,1298357.975,1298358.046,1298358.2370172,1.671000000089407,1.6681616001296788,0.07099999999627471,0,0,2,measured_from_next_stimulus_flip
961,query,0,1298358.046,1298358.2370172,1298359.6460000002,1298359.8370172002,1298359.656,1298359.8421393,0.009999999776482582,1298359.6460000002,1298359.734,1298359.9218119,1.6879999998491257,1.684794700006023,0.08799999975599349,0,0,2,measured_from_next_stimulus_flip
962,query,0,1298359.734,1298359.9218119,1298361.334,1298361.5218119002,1298361.343,1298361.5292135,0.009000000078231096,1298361.334,1298361.437,1298361.6247425,1.702999999979511,1.7029305999167264,0.10299999988637865,0,0,2,measured_from_next_stimulus_flip
963,query,0,1298361.437,1298361.6247425,1298363.037,1298363.2247425,1298363.046,1298363.2333553,0.009000000078231096,1298363.037,1298363.109,1298363.3047616,1.672000000020489,1.680019099963829,0.07199999992735684,0,0,2,measured_from_next_stimulus_flip
964,query,0,1298363.109,1298363.3047616,1298364.709,1298364.9047616,1298364.718,1298364.9059151,0.009000000078231096,1298364.709,1298364.781,1298364.9764058,1.672000000020489,1.67164420010522,0.07199999992735684,0,0,2,measured_from_next_stimulus_flip
965,query,0,1298364.781,1298364.9764058,1298366.381,1298366.5764058002,1298366.39,1298366.5783303,0.008999999845400453,1298366.381,1298366.453,1298366.6469908,1.672000000020489,1.6705849999561906,0.07199999992735684,0,0,2,measured_from_next_stimulus_flip
966,query,0,1298366.453,1298366.6469908,1298368.053,1298368.2469908001,1298368.062,1298368.2493273,0.008999999845400453,1298368.053,1298368.125,1298368.3217503,1.672000000020489,1.6747594999615103,0.07199999992735684,0,0,2,measured_from_next_stimulus_flip
967,query,0,1298368.125,1298368.3217503,1298369.725,1298369.9217503,1298369.734,1298369.9222079,0.008999999845400453,1298369.725,1298369.796,1298369.9919655,1.671000000089407,1.6702151999343187,0.07099999999627471,0,0,2,measured_from_next_stimulus_flip
968,query,0,1298369.796,1298369.9919655,1298371.3960000002,1298371.5919655,1298371.406,1298371.5944076,0.009999999776482582,1298371.3960000002,1298371.468,1298371.6618059,1.672000000020489,1.669840400107205,0.07199999992735684,0,0,2,measured_from_next_stimulus_flip
969,query,0,1298371.468,1298371.6618059,1298373.0680000002,1298373.2618059001,1298373.078,1298373.263851,0.009999999776482582,1298373.0680000002,1298373.14,1298373.3386757,1.6719999997876585,1.676869799848646,0.0719999996945262,0,0,2,measured_from_next_stimulus_flip
970,query,0,1298373.14,1298373.3386757,1298374.74,1298374.9386757,1298374.75,1298374.9374522,0.010000000009313226,1298374.74,1298374.812,1298375.0109525,1.672000000020489,1.672276800032705,0.07199999992735684,0,0,2,measured_from_next_stimulus_flip
971,query,0,1298374.812,1298375.0109525,1298376.412,1298376.6109525,1298376.421,1298376.6088343,0.009000000078231096,1298376.412,1298376.5,1298376.6875547,1.6880000000819564,1.676602200139314,0.08799999998882413,0,0,2,measured_from_next_stimulus_flip
972,query,0,1298376.5,1298376.6875547,1298378.1,1298378.2875547002,1298378.109,1298378.297048,0.008999999845400453,1298378.1,1298378.171,1298378.3706378,1.671000000089407,1.6830831000115722,0.07099999999627471,0,0,2,measured_from_next_stimulus_flip
973,query,0,1298378.171,1298378.3706378,1298379.7710000002,1298379.9706378002,1298379.781,1298379.9680891,0.009999999776482582,1298379.7710000002,1298379.843,1298380.0311552,1.672000000020489,1.660517399897799,0.07199999992735684,0,0,2,measured_from_next_stimulus_flip
974,query,0,1298379.843,1298380.0311552,1298381.4430000002,1298381.6311552,1298381.453,1298381.6388439,0.009999999776482582,1298381.4430000002,1298381.531,1298381.723332,1.6879999998491257,1.6921767999883741,0.08799999975599349,0,0,2,measured_from_next_stimulus_flip
975,query,0,1298381.531,1298381.723332,1298383.131,1298383.323332,1298383.14,1298383.3268113,0.008999999845400453,1298383.131,1298383.218,1298383.408146,1.6870000001508743,1.6848140000365674,0.087000000057742,0,0,2,measured_from_next_stimulus_flip
976,query,0,1298383.218,1298383.408146,1298384.8180000002,1298385.008146,1298384.828,1298385.0143169,0.009999999776482582,1298384.8180000002,1298384.906,1298385.092678,1.6879999998491257,1.6845319999847561,0.08799999975599349,0,0,2,measured_from_next_stimulus_flip
977,query,0,1298384.906,1298385.092678,1298386.506,1298386.692678,1298386.515,1298386.7010918,0.008999999845400453,1298386.506,1298386.578,1298386.7736718,1.672000000020489,1.6809938000515103,0.07199999992735684,0,0,2,measured_from_next_stimulus_flip
978,query,0,1298386.578,1298386.7736718,1298388.178,1298388.3736718001,1298388.187,1298388.3743607,0.008999999845400453,1298388.178,1298388.234,1298388.4302615,1.6559999999590218,1.656589699909091,0.05599999986588955,0,0,2,measured_from_next_stimulus_flip
979,query,0,1298388.234,1298388.4302615,1298389.834,1298390.0302615,1298389.843,1298390.0297206,0.009000000078231096,1298389.834,1298389.906,1298390.1047198,1.672000000020489,1.6744582999963313,0.07199999992735684,0,0,2,measured_from_next_stimulus_flip
980,query,0,1298389.906,1298390.1047198,1298391.506,1298391.7047198,1298391.515,1298391.7031226,0.008999999845400453,1298391.506,1298391.609,1298391.7982202,1.702999999979511,1.6935004000551999,0.10299999988637865,0,0,2,measured_from_next_stimulus_flip
981,query,0,1298391.609,1298391.7982202,1298393.209,1298393.3982202,1298393.218,1298393.4046303,0.009000000078231096,1298393.209,1298393.281,1298393.4697513,1.672000000020489,1.6715311000589281,0.07199999992735684,0,0,2,measured_from_next_stimulus_flip
982,query,0,1298393.281,1298393.4697513,1298394.881,1298395.0697513002,1298394.89,1298395.0780584,0.008999999845400453,1298394.881,1298394.953,1298395.1444818,1.672000000020489,1.6747304999735206,0.07199999992735684,0,0,2,measured_from_next_stimulus_flip
983,query,0,1298394.953,1298395.1444818,1298396.553,1298396.7444818001,1298396.562,1298396.7490366,0.008999999845400453,1298396.553,1298396.625,1298396.8219624,1.672000000020489,1.6774806000757962,0.07199999992735684,0,0,2,measured_from_next_stimulus_flip
984,query,0,1298396.625,1298396.8219624,1298398.225,1298398.4219624002,1298398.234,1298398.4211679,0.008999999845400453,1298398.225,1298398.296,1298398.4882123,1.671000000089407,1.6662498998921365,0.07099999999627471,0,0,2,measured_from_next_stimulus_flip
985,query,0,1298398.296,1298398.4882123,1298399.8960000002,1298400.0882123,1298399.906,1298400.0933286,0.009999999776482582,1298399.8960000002,1298399.968,1298400.1668119,1.672000000020489,1.6785995999816805,0.07199999992735684,0,0,2,measured_from_next_stimulus_flip
986,query,0,1298399.968,1298400.1668119,1298401.5680000002,1298401.7668119,1298401.578,1298401.7645191,0.009999999776482582,1298401.5680000002,1298401.656,1298401.8440313,1.6879999998491257,1.6772193999495357,0.08799999975599349,0,0,2,measured_from_next_stimulus_flip
987,query,0,1298401.656,1298401.8440313,1298403.256,1298403.4440313,1298403.265,1298403.4530291,0.008999999845400453,1298403.256,1298403.328,1298403.5223244,1.672000000020489,1.67829310009256,0.07199999992735684,0,0,2,measured_from_next_stimulus_flip
988,query,0,1298403.328,1298403.5223244,1298404.928,1298405.1223244,1298404.937,1298405.1248654,0.008999999845400453,1298404.928,1298405.015,1298405.2031578,1.6869999999180436,1.6808333999942988,0.08699999982491136,0,0,2,measured_from_next_stimulus_flip
989,query,0,1298405.015,1298405.2031578,1298406.615,1298406.8031578,1298406.625,1298406.8109094,0.010000000009313226,1298406.615,1298406.703,1298406.8900454,1.6880000000819564,1.6868875999934971,0.08799999998882413,0,0,2,measured_from_next_stimulus_flip
990,query,0,1298406.703,1298406.8900454,1298408.303,1298408.4900454,1298408.312,1298408.4988309,0.008999999845400453,1298408.303,1298408.375,1298408.5732463,1.672000000020489,1.683200899977237,0.07199999992735684,0,0,2,measured_from_next_stimulus_flip
991,query,0,1298408.375,1298408.5732463,1298409.975,1298410.1732463,1298409.984,1298410.1707398,0.008999999845400453,1298409.975,1298410.046,1298410.2479754,1.671000000089407,1.6747290999628603,0.07099999999627471,0,0,2,measured_from_next_stimulus_flip
992,query,0,1298410.046,1298410.2479754,1298411.6460000002,1298411.8479754,1298411.656,1298411.8418536,0.009999999776482582,1298411.6460000002,1298411.718,1298411.9092992,1.672000000020489,1.6613237999845296,0.07199999992735684,0,0,2,measured_from_next_stimulus_flip
993,query,0,1298411.718,1298411.9092992,1298413.3180000002,1298413.5092992,1298413.328,1298413.5137656,0.009999999776482582,1298413.3180000002,1298413.39,1298413.5829444,1.6719999997876585,1.6736451999749988,0.0719999996945262,0,0,2,measured_from_next_stimulus_flip
994,query,0,1298413.39,1298413.5829444,1298414.99,1298415.1829444,1298415.0,1298415.1854221,0.010000000009313226,1298414.99,1298415.062,1298415.2576135,1.672000000020489,1.6746691002044827,0.07199999992735684,0,0,2,measured_from_next_stimulus_flip
995,query,0,1298415.062,1298415.2576135,1298416.662,1298416.8576135002,1298416.671,1298416.8577202,0.009000000078231096,1298416.662,1298416.75,1298416.9380535,1.6880000000819564,1.6804399997927248,0.08799999998882413,0,0,2,measured_from_next_stimulus_flip
996,query,0,1298416.75,1298416.9380535,1298418.35,1298418.5380535,1298418.359,1298418.5447202,0.008999999845400453,1298418.35,1298418.421,1298418.6117198,1.671000000089407,1.6736663000192493,0.07099999999627471,0,0,2,measured_from_next_stimulus_flip
997,query,0,1298418.421,1298418.6117198,1298420.0210000002,1298420.2117198,1298420.031,1298420.2192617,0.009999999776482582,1298420.0210000002,1298420.093,1298420.2900943,1.672000000020489,1.6783745000138879,0.07199999992735684,0,0,2,measured_from_next_stimulus_flip
998,query,0,1298420.093,1298420.2900943,1298421.6930000002,1298421.8900943,1298421.703,1298421.8903563,0.009999999776482582,1298421.6930000002,1298421.781,1298421.9732818,1.6879999998491257,1.6831875001080334,0.08799999975599349,0,0,2,measured_from_next_stimulus_flip
999,query,0,1298421.781,1298421.9732818,1298423.381,1298423.5732818001,1298423.39,1298423.5782681,0.008999999845400453,1298423.381,1298423.453,1298423.6541369,1.672000000020489,1.680855100043118,0.07199999992735684,0,0,2,measured_from_next_stimulus_flip
1000,query,0,1298423.453,1298423.6541369,1298425.053,1298425.2541369002,1298425.062,1298425.2481258,0.008999999845400453,1298425.053,,,,,,0,0,2,terminal_no_following_stimulus_flip
