trial,label,event_type,timestamp,value,metadata
,dynamic_sart_task_start,SYSTEM,1399166.828,,"{""lsl_timestamp"": 1399167.0177585, ""marker_emit_attempted"": true, ""marker_stream_name"": ""EEGleMarkers"", ""marker_stream_source_id"": ""eegle-markers-dynamic_sart-run-20260820T161425-cd265ce895a2"", ""marker_stream_type"": ""Markers"", ""mode"": ""psychopy"", ""task"": ""dynamic_sart""}"
,dynamic_sart_key_event,EVENT,1399169.0365033,space,"{""assigned_block"": null, ""assigned_phase"": null, ""event_id"": ""key-00000001"", ""hardware_timestamped"": true, ""is_escape_key"": false, ""is_late"": false, ""is_premature"": false, ""is_response_key"": true, ""keyboard_backend"": ""psychopy.hardware.keyboard.Keyboard"", ""keyboard_time"": 2.224507100181654, ""schema"": ""eegle.dynamic_sart.key_event.v1"", ""task_state"": ""INSTRUCTIONS"", ""timestamp_lsl_if_available"": 1399169.2253224002}"
,dynamic_sart_practice_start,SYSTEM,1399169.171,,"{""lsl_timestamp"": 1399169.3608527, ""marker_emit_attempted"": true, ""marker_stream_name"": ""EEGleMarkers"", ""marker_stream_source_id"": ""eegle-markers-dynamic_sart-run-20260820T161425-cd265ce895a2"", ""marker_stream_type"": ""Markers"", ""task"": ""dynamic_sart""}"
-1,dynamic_sart_stimulus_onset__v=1__trial=-1__condition=go__digit=4__block=-1__phase=practice__practice=1,EVENT,1399169.203,,"{""block"": -1, ""condition"": ""go"", ""cue_assignment"": null, ""cue_opportunity"": false, ""cue_opportunity_index"": null, ""cue_randomization_block_index"": null, ""digit"": 4, ""expected_visual_onset_lsl_timestamp"": 1399169.391748, ""expected_visual_onset_monotonic"": 1399169.203, ""expected_visual_onset_uncertainty_ms"": 4.148969997186214, ""fixed_display_latency_ms"": 0.0, ""flip_lsl_timestamp"": 1399169.391748, ""flip_monotonic"": 1399169.203, ""lsl_timestamp"": 1399169.391748, ""marker_emit_attempted"": true, ""marker_stream_name"": ""EEGleMarkers"", ""marker_stream_source_id"": ""eegle-markers-dynamic_sart-run-20260820T161425-cd265ce895a2"", ""marker_stream_type"": ""Markers"", ""phase"": ""practice"", ""photodiode_verification_enabled"": false, ""practice"": true, ""scheduled_on_flip"": true, ""schema_version"": 1, ""sequence_id"": ""237942804d5e24dc51a11ff9281243bab0f3fb0afd493a5da2f3cce232c141d1"", ""study_segment"": null, ""task"": ""dynamic_sart"", ""timing_model"": ""psychopy_callOnFlip_plus_fixed_display_latency""}"
-1,dynamic_sart_stimulus_offset__v=1__trial=-1__condition=go__digit=4__block=-1__phase=practice__practice=1,EVENT,1399169.453,,"{""block"": -1, ""condition"": ""go"", ""cue_assignment"": null, ""cue_opportunity"": false, ""cue_opportunity_index"": null, ""cue_randomization_block_index"": null, ""digit"": 4, ""expected_visual_onset_lsl_timestamp"": 1399169.6508629, ""expected_visual_onset_monotonic"": 1399169.453, ""expected_visual_onset_uncertainty_ms"": 4.148969997186214, ""fixed_display_latency_ms"": 0.0, ""flip_lsl_timestamp"": 1399169.6508629, ""flip_monotonic"": 1399169.453, ""lsl_timestamp"": 1399169.6508629, ""marker_emit_attempted"": true, ""marker_stream_name"": ""EEGleMarkers"", ""marker_stream_source_id"": ""eegle-markers-dynamic_sart-run-20260820T161425-cd265ce895a2"", ""marker_stream_type"": ""Markers"", ""phase"": ""practice"", ""photodiode_verification_enabled"": false, ""practice"": true, ""scheduled_on_flip"": true, ""schema_version"": 1, ""sequence_id"": ""237942804d5e24dc51a11ff9281243bab0f3fb0afd493a5da2f3cce232c141d1"", ""study_segment"": null, ""task"": ""dynamic_sart"", ""timing_model"": ""psychopy_callOnFlip_plus_fixed_display_latency""}"
-1,dynamic_sart_key_event,EVENT,1399170.3626531,space,"{""assigned_block"": -1, ""assigned_phase"": ""practice"", ""event_id"": ""key-00000002"", ""hardware_timestamped"": true, ""is_escape_key"": false, ""is_late"": false, ""is_premature"": false, ""is_response_key"": true, ""keyboard_backend"": ""psychopy.hardware.keyboard.Keyboard"", ""keyboard_time"": 3.550656900042668, ""schema"": ""eegle.dynamic_sart.key_event.v1"", ""task_state"": ""RESPONSE_WINDOW_MASK"", ""timestamp_lsl_if_available"": 1399170.5514722}"
-1,dynamic_sart_response_window_close__v=1__trial=-1__condition=go__digit=4__block=-1__phase=practice__practice=1,EVENT,1399170.812,,"{""block"": -1, ""condition"": ""go"", ""cue_assignment"": null, ""cue_opportunity"": false, ""cue_opportunity_index"": null, ""cue_randomization_block_index"": null, ""digit"": 4, ""flip_lsl_timestamp"": 1399171.0111978, ""flip_monotonic"": 1399170.812, ""lsl_timestamp"": 1399171.0111978, ""phase"": ""practice"", ""practice"": true, ""response_window_close_overshoot_seconds"": 0.008999999845400453, ""scheduled_on_flip"": true, ""scheduled_response_window_close_lsl"": 1399170.991748, ""scheduled_response_window_close_monotonic"": 1399170.803, ""schema_version"": 1, ""sequence_id"": ""237942804d5e24dc51a11ff9281243bab0f3fb0afd493a5da2f3cce232c141d1"", ""study_segment"": null}"
-1,dynamic_sart_trial_complete__v=1__trial=-1__condition=go__digit=4__block=-1__phase=practice__practice=1,EVENT,1399170.812,,"{""block"": -1, ""condition"": ""go"", ""correct"": true, ""cue_assignment"": null, ""cue_opportunity"": false, ""cue_opportunity_index"": null, ""cue_randomization_block_index"": null, ""digit"": 4, ""lsl_timestamp"": 1399171.0111978, ""marker_emit_attempted"": true, ""marker_stream_name"": ""EEGleMarkers"", ""marker_stream_source_id"": ""eegle-markers-dynamic_sart-run-20260820T161425-cd265ce895a2"", ""marker_stream_type"": ""Markers"", ""phase"": ""practice"", ""practice"": true, ""primary_outcome"": ""correct_go"", ""reaction_time_seconds"": 1.1596530999522656, ""schema_version"": 1, ""sequence_id"": ""237942804d5e24dc51a11ff9281243bab0f3fb0afd493a5da2f3cce232c141d1"", ""study_segment"": null, ""task"": ""dynamic_sart""}"
-2,dynamic_sart_stimulus_onset__v=1__trial=-2__condition=go__digit=5__block=-1__phase=practice__practice=1,EVENT,1399171.218,,"{""block"": -1, ""condition"": ""go"", ""cue_assignment"": null, ""cue_opportunity"": false, ""cue_opportunity_index"": null, ""cue_randomization_block_index"": null, ""digit"": 5, ""expected_visual_onset_lsl_timestamp"": 1399171.411488, ""expected_visual_onset_monotonic"": 1399171.218, ""expected_visual_onset_uncertainty_ms"": 4.148969997186214, ""fixed_display_latency_ms"": 0.0, ""flip_lsl_timestamp"": 1399171.411488, ""flip_monotonic"": 1399171.218, ""lsl_timestamp"": 1399171.411488, ""marker_emit_attempted"": true, ""marker_stream_name"": ""EEGleMarkers"", ""marker_stream_source_id"": ""eegle-markers-dynamic_sart-run-20260820T161425-cd265ce895a2"", ""marker_stream_type"": ""Markers"", ""phase"": ""practice"", ""photodiode_verification_enabled"": false, ""practice"": true, ""scheduled_on_flip"": true, ""schema_version"": 1, ""sequence_id"": ""237942804d5e24dc51a11ff9281243bab0f3fb0afd493a5da2f3cce232c141d1"", ""study_segment"": null, ""task"": ""dynamic_sart"", ""timing_model"": ""psychopy_callOnFlip_plus_fixed_display_latency""}"
-2,dynamic_sart_stimulus_offset__v=1__trial=-2__condition=go__digit=5__block=-1__phase=practice__practice=1,EVENT,1399171.468,,"{""block"": -1, ""condition"": ""go"", ""cue_assignment"": null, ""cue_opportunity"": false, ""cue_opportunity_index"": null, ""cue_randomization_block_index"": null, ""digit"": 5, ""expected_visual_onset_lsl_timestamp"": 1399171.6650587, ""expected_visual_onset_monotonic"": 1399171.468, ""expected_visual_onset_uncertainty_ms"": 4.148969997186214, ""fixed_display_latency_ms"": 0.0, ""flip_lsl_timestamp"": 1399171.6650587, ""flip_monotonic"": 1399171.468, ""lsl_timestamp"": 1399171.6650587, ""marker_emit_attempted"": true, ""marker_stream_name"": ""EEGleMarkers"", ""marker_stream_source_id"": ""eegle-markers-dynamic_sart-run-20260820T161425-cd265ce895a2"", ""marker_stream_type"": ""Markers"", ""phase"": ""practice"", ""photodiode_verification_enabled"": false, ""practice"": true, ""scheduled_on_flip"": true, ""schema_version"": 1, ""sequence_id"": ""237942804d5e24dc51a11ff9281243bab0f3fb0afd493a5da2f3cce232c141d1"", ""study_segment"": null, ""task"": ""dynamic_sart"", ""timing_model"": ""psychopy_callOnFlip_plus_fixed_display_latency""}"
-2,dynamic_sart_key_event,EVENT,1399171.6422882,space,"{""assigned_block"": -1, ""assigned_phase"": ""practice"", ""event_id"": ""key-00000003"", ""hardware_timestamped"": true, ""is_escape_key"": false, ""is_late"": false, ""is_premature"": false, ""is_response_key"": true, ""keyboard_backend"": ""psychopy.hardware.keyboard.Keyboard"", ""keyboard_time"": 4.830292000202462, ""schema"": ""eegle.dynamic_sart.key_event.v1"", ""task_state"": ""RESPONSE_WINDOW_MASK"", ""timestamp_lsl_if_available"": 1399171.8311073002}"
-2,dynamic_sart_response_window_close__v=1__trial=-2__condition=go__digit=5__block=-1__phase=practice__practice=1,EVENT,1399172.812,,"{""block"": -1, ""condition"": ""go"", ""cue_assignment"": null, ""cue_opportunity"": false, ""cue_opportunity_index"": null, ""cue_randomization_block_index"": null, ""digit"": 5, ""flip_lsl_timestamp"": 1399173.0093496, ""flip_monotonic"": 1399172.812, ""lsl_timestamp"": 1399173.0093496, ""phase"": ""practice"", ""practice"": true, ""response_window_close_overshoot_seconds"": 0.0, ""scheduled_on_flip"": true, ""scheduled_response_window_close_lsl"": 1399173.0114880002, ""scheduled_response_window_close_monotonic"": 1399172.8180000002, ""schema_version"": 1, ""sequence_id"": ""237942804d5e24dc51a11ff9281243bab0f3fb0afd493a5da2f3cce232c141d1"", ""study_segment"": null}"
-2,dynamic_sart_trial_complete__v=1__trial=-2__condition=go__digit=5__block=-1__phase=practice__practice=1,EVENT,1399172.812,,"{""block"": -1, ""condition"": ""go"", ""correct"": true, ""cue_assignment"": null, ""cue_opportunity"": false, ""cue_opportunity_index"": null, ""cue_randomization_block_index"": null, ""digit"": 5, ""lsl_timestamp"": 1399173.0093496, ""marker_emit_attempted"": true, ""marker_stream_name"": ""EEGleMarkers"", ""marker_stream_source_id"": ""eegle-markers-dynamic_sart-run-20260820T161425-cd265ce895a2"", ""marker_stream_type"": ""Markers"", ""phase"": ""practice"", ""practice"": true, ""primary_outcome"": ""correct_go"", ""reaction_time_seconds"": 0.42428819998167455, ""schema_version"": 1, ""sequence_id"": ""237942804d5e24dc51a11ff9281243bab0f3fb0afd493a5da2f3cce232c141d1"", ""study_segment"": null, ""task"": ""dynamic_sart""}"
-3,dynamic_sart_stimulus_onset__v=1__trial=-3__condition=go__digit=6__block=-1__phase=practice__practice=1,EVENT,1399173.218,,"{""block"": -1, ""condition"": ""go"", ""cue_assignment"": null, ""cue_opportunity"": false, ""cue_opportunity_index"": null, ""cue_randomization_block_index"": null, ""digit"": 6, ""expected_visual_onset_lsl_timestamp"": 1399173.4092414, ""expected_visual_onset_monotonic"": 1399173.218, ""expected_visual_onset_uncertainty_ms"": 4.148969997186214, ""fixed_display_latency_ms"": 0.0, ""flip_lsl_timestamp"": 1399173.4092414, ""flip_monotonic"": 1399173.218, ""lsl_timestamp"": 1399173.4092414, ""marker_emit_attempted"": true, ""marker_stream_name"": ""EEGleMarkers"", ""marker_stream_source_id"": ""eegle-markers-dynamic_sart-run-20260820T161425-cd265ce895a2"", ""marker_stream_type"": ""Markers"", ""phase"": ""practice"", ""photodiode_verification_enabled"": false, ""practice"": true, ""scheduled_on_flip"": true, ""schema_version"": 1, ""sequence_id"": ""237942804d5e24dc51a11ff9281243bab0f3fb0afd493a5da2f3cce232c141d1"", ""study_segment"": null, ""task"": ""dynamic_sart"", ""timing_model"": ""psychopy_callOnFlip_plus_fixed_display_latency""}"
-3,dynamic_sart_stimulus_offset__v=1__trial=-3__condition=go__digit=6__block=-1__phase=practice__practice=1,EVENT,1399173.468,,"{""block"": -1, ""condition"": ""go"", ""cue_assignment"": null, ""cue_opportunity"": false, ""cue_opportunity_index"": null, ""cue_randomization_block_index"": null, ""digit"": 6, ""expected_visual_onset_lsl_timestamp"": 1399173.6655233, ""expected_visual_onset_monotonic"": 1399173.468, ""expected_visual_onset_uncertainty_ms"": 4.148969997186214, ""fixed_display_latency_ms"": 0.0, ""flip_lsl_timestamp"": 1399173.6655233, ""flip_monotonic"": 1399173.468, ""lsl_timestamp"": 1399173.6655233, ""marker_emit_attempted"": true, ""marker_stream_name"": ""EEGleMarkers"", ""marker_stream_source_id"": ""eegle-markers-dynamic_sart-run-20260820T161425-cd265ce895a2"", ""marker_stream_type"": ""Markers"", ""phase"": ""practice"", ""photodiode_verification_enabled"": false, ""practice"": true, ""scheduled_on_flip"": true, ""schema_version"": 1, ""sequence_id"": ""237942804d5e24dc51a11ff9281243bab0f3fb0afd493a5da2f3cce232c141d1"", ""study_segment"": null, ""task"": ""dynamic_sart"", ""timing_model"": ""psychopy_callOnFlip_plus_fixed_display_latency""}"
-3,dynamic_sart_key_event,EVENT,1399173.6470175,space,"{""assigned_block"": -1, ""assigned_phase"": ""practice"", ""event_id"": ""key-00000004"", ""hardware_timestamped"": true, ""is_escape_key"": false, ""is_late"": false, ""is_premature"": false, ""is_response_key"": true, ""keyboard_backend"": ""psychopy.hardware.keyboard.Keyboard"", ""keyboard_time"": 6.8350213000085205, ""schema"": ""eegle.dynamic_sart.key_event.v1"", ""task_state"": ""RESPONSE_WINDOW_MASK"", ""timestamp_lsl_if_available"": 1399173.8358366}"
-3,dynamic_sart_response_window_close__v=1__trial=-3__condition=go__digit=6__block=-1__phase=practice__practice=1,EVENT,1399174.812,,"{""block"": -1, ""condition"": ""go"", ""cue_assignment"": null, ""cue_opportunity"": false, ""cue_opportunity_index"": null, ""cue_randomization_block_index"": null, ""digit"": 6, ""flip_lsl_timestamp"": 1399175.0093661, ""flip_monotonic"": 1399174.812, ""lsl_timestamp"": 1399175.0093661, ""phase"": ""practice"", ""practice"": true, ""response_window_close_overshoot_seconds"": 0.0, ""scheduled_on_flip"": true, ""scheduled_response_window_close_lsl"": 1399175.0092414, ""scheduled_response_window_close_monotonic"": 1399174.8180000002, ""schema_version"": 1, ""sequence_id"": ""237942804d5e24dc51a11ff9281243bab0f3fb0afd493a5da2f3cce232c141d1"", ""study_segment"": null}"
-3,dynamic_sart_trial_complete__v=1__trial=-3__condition=go__digit=6__block=-1__phase=practice__practice=1,EVENT,1399174.812,,"{""block"": -1, ""condition"": ""go"", ""correct"": true, ""cue_assignment"": null, ""cue_opportunity"": false, ""cue_opportunity_index"": null, ""cue_randomization_block_index"": null, ""digit"": 6, ""lsl_timestamp"": 1399175.0093661, ""marker_emit_attempted"": true, ""marker_stream_name"": ""EEGleMarkers"", ""marker_stream_source_id"": ""eegle-markers-dynamic_sart-run-20260820T161425-cd265ce895a2"", ""marker_stream_type"": ""Markers"", ""phase"": ""practice"", ""practice"": true, ""primary_outcome"": ""correct_go"", ""reaction_time_seconds"": 0.42901749978773296, ""schema_version"": 1, ""sequence_id"": ""237942804d5e24dc51a11ff9281243bab0f3fb0afd493a5da2f3cce232c141d1"", ""study_segment"": null, ""task"": ""dynamic_sart""}"
-4,dynamic_sart_stimulus_onset__v=1__trial=-4__condition=go__digit=7__block=-1__phase=practice__practice=1,EVENT,1399175.218,,"{""block"": -1, ""condition"": ""go"", ""cue_assignment"": null, ""cue_opportunity"": false, ""cue_opportunity_index"": null, ""cue_randomization_block_index"": null, ""digit"": 7, ""expected_visual_onset_lsl_timestamp"": 1399175.406548, ""expected_visual_onset_monotonic"": 1399175.218, ""expected_visual_onset_uncertainty_ms"": 4.148969997186214, ""fixed_display_latency_ms"": 0.0, ""flip_lsl_timestamp"": 1399175.406548, ""flip_monotonic"": 1399175.218, ""lsl_timestamp"": 1399175.406548, ""marker_emit_attempted"": true, ""marker_stream_name"": ""EEGleMarkers"", ""marker_stream_source_id"": ""eegle-markers-dynamic_sart-run-20260820T161425-cd265ce895a2"", ""marker_stream_type"": ""Markers"", ""phase"": ""practice"", ""photodiode_verification_enabled"": false, ""practice"": true, ""scheduled_on_flip"": true, ""schema_version"": 1, ""sequence_id"": ""237942804d5e24dc51a11ff9281243bab0f3fb0afd493a5da2f3cce232c141d1"", ""study_segment"": null, ""task"": ""dynamic_sart"", ""timing_model"": ""psychopy_callOnFlip_plus_fixed_display_latency""}"
-4,dynamic_sart_stimulus_offset__v=1__trial=-4__condition=go__digit=7__block=-1__phase=practice__practice=1,EVENT,1399175.468,,"{""block"": -1, ""condition"": ""go"", ""cue_assignment"": null, ""cue_opportunity"": false, ""cue_opportunity_index"": null, ""cue_randomization_block_index"": null, ""digit"": 7, ""expected_visual_onset_lsl_timestamp"": 1399175.6648574, ""expected_visual_onset_monotonic"": 1399175.468, ""expected_visual_onset_uncertainty_ms"": 4.148969997186214, ""fixed_display_latency_ms"": 0.0, ""flip_lsl_timestamp"": 1399175.6648574, ""flip_monotonic"": 1399175.468, ""lsl_timestamp"": 1399175.6648574, ""marker_emit_attempted"": true, ""marker_stream_name"": ""EEGleMarkers"", ""marker_stream_source_id"": ""eegle-markers-dynamic_sart-run-20260820T161425-cd265ce895a2"", ""marker_stream_type"": ""Markers"", ""phase"": ""practice"", ""photodiode_verification_enabled"": false, ""practice"": true, ""scheduled_on_flip"": true, ""schema_version"": 1, ""sequence_id"": ""237942804d5e24dc51a11ff9281243bab0f3fb0afd493a5da2f3cce232c141d1"", ""study_segment"": null, ""task"": ""dynamic_sart"", ""timing_model"": ""psychopy_callOnFlip_plus_fixed_display_latency""}"
-4,dynamic_sart_key_event,EVENT,1399175.6740958,space,"{""assigned_block"": -1, ""assigned_phase"": ""practice"", ""event_id"": ""key-00000005"", ""hardware_timestamped"": true, ""is_escape_key"": false, ""is_late"": false, ""is_premature"": false, ""is_response_key"": true, ""keyboard_backend"": ""psychopy.hardware.keyboard.Keyboard"", ""keyboard_time"": 8.862099600024521, ""schema"": ""eegle.dynamic_sart.key_event.v1"", ""task_state"": ""RESPONSE_WINDOW_MASK"", ""timestamp_lsl_if_available"": 1399175.8629149}"
-4,dynamic_sart_response_window_close__v=1__trial=-4__condition=go__digit=7__block=-1__phase=practice__practice=1,EVENT,1399176.812,,"{""block"": -1, ""condition"": ""go"", ""cue_assignment"": null, ""cue_opportunity"": false, ""cue_opportunity_index"": null, ""cue_randomization_block_index"": null, ""digit"": 7, ""flip_lsl_timestamp"": 1399177.0101568, ""flip_monotonic"": 1399176.812, ""lsl_timestamp"": 1399177.0101568, ""phase"": ""practice"", ""practice"": true, ""response_window_close_overshoot_seconds"": 0.0, ""scheduled_on_flip"": true, ""scheduled_response_window_close_lsl"": 1399177.006548, ""scheduled_response_window_close_monotonic"": 1399176.8180000002, ""schema_version"": 1, ""sequence_id"": ""237942804d5e24dc51a11ff9281243bab0f3fb0afd493a5da2f3cce232c141d1"", ""study_segment"": null}"
-4,dynamic_sart_trial_complete__v=1__trial=-4__condition=go__digit=7__block=-1__phase=practice__practice=1,EVENT,1399176.812,,"{""block"": -1, ""condition"": ""go"", ""correct"": true, ""cue_assignment"": null, ""cue_opportunity"": false, ""cue_opportunity_index"": null, ""cue_randomization_block_index"": null, ""digit"": 7, ""lsl_timestamp"": 1399177.0101568, ""marker_emit_attempted"": true, ""marker_stream_name"": ""EEGleMarkers"", ""marker_stream_source_id"": ""eegle-markers-dynamic_sart-run-20260820T161425-cd265ce895a2"", ""marker_stream_type"": ""Markers"", ""phase"": ""practice"", ""practice"": true, ""primary_outcome"": ""correct_go"", ""reaction_time_seconds"": 0.4560957998037338, ""schema_version"": 1, ""sequence_id"": ""237942804d5e24dc51a11ff9281243bab0f3fb0afd493a5da2f3cce232c141d1"", ""study_segment"": null, ""task"": ""dynamic_sart""}"
-5,dynamic_sart_stimulus_onset__v=1__trial=-5__condition=go__digit=2__block=-1__phase=practice__practice=1,EVENT,1399177.218,,"{""block"": -1, ""condition"": ""go"", ""cue_assignment"": null, ""cue_opportunity"": false, ""cue_opportunity_index"": null, ""cue_randomization_block_index"": null, ""digit"": 2, ""expected_visual_onset_lsl_timestamp"": 1399177.4151201, ""expected_visual_onset_monotonic"": 1399177.218, ""expected_visual_onset_uncertainty_ms"": 4.148969997186214, ""fixed_display_latency_ms"": 0.0, ""flip_lsl_timestamp"": 1399177.4151201, ""flip_monotonic"": 1399177.218, ""lsl_timestamp"": 1399177.4151201, ""marker_emit_attempted"": true, ""marker_stream_name"": ""EEGleMarkers"", ""marker_stream_source_id"": ""eegle-markers-dynamic_sart-run-20260820T161425-cd265ce895a2"", ""marker_stream_type"": ""Markers"", ""phase"": ""practice"", ""photodiode_verification_enabled"": false, ""practice"": true, ""scheduled_on_flip"": true, ""schema_version"": 1, ""sequence_id"": ""237942804d5e24dc51a11ff9281243bab0f3fb0afd493a5da2f3cce232c141d1"", ""study_segment"": null, ""task"": ""dynamic_sart"", ""timing_model"": ""psychopy_callOnFlip_plus_fixed_display_latency""}"
-5,dynamic_sart_stimulus_offset__v=1__trial=-5__condition=go__digit=2__block=-1__phase=practice__practice=1,EVENT,1399177.468,,"{""block"": -1, ""condition"": ""go"", ""cue_assignment"": null, ""cue_opportunity"": false, ""cue_opportunity_index"": null, ""cue_randomization_block_index"": null, ""digit"": 2, ""expected_visual_onset_lsl_timestamp"": 1399177.6648502, ""expected_visual_onset_monotonic"": 1399177.468, ""expected_visual_onset_uncertainty_ms"": 4.148969997186214, ""fixed_display_latency_ms"": 0.0, ""flip_lsl_timestamp"": 1399177.6648502, ""flip_monotonic"": 1399177.468, ""lsl_timestamp"": 1399177.6648502, ""marker_emit_attempted"": true, ""marker_stream_name"": ""EEGleMarkers"", ""marker_stream_source_id"": ""eegle-markers-dynamic_sart-run-20260820T161425-cd265ce895a2"", ""marker_stream_type"": ""Markers"", ""phase"": ""practice"", ""photodiode_verification_enabled"": false, ""practice"": true, ""scheduled_on_flip"": true, ""schema_version"": 1, ""sequence_id"": ""237942804d5e24dc51a11ff9281243bab0f3fb0afd493a5da2f3cce232c141d1"", ""study_segment"": null, ""task"": ""dynamic_sart"", ""timing_model"": ""psychopy_callOnFlip_plus_fixed_display_latency""}"
-5,dynamic_sart_key_event,EVENT,1399177.6568836,space,"{""assigned_block"": -1, ""assigned_phase"": ""practice"", ""event_id"": ""key-00000006"", ""hardware_timestamped"": true, ""is_escape_key"": false, ""is_late"": false, ""is_premature"": false, ""is_response_key"": true, ""keyboard_backend"": ""psychopy.hardware.keyboard.Keyboard"", ""keyboard_time"": 10.844887400045991, ""schema"": ""eegle.dynamic_sart.key_event.v1"", ""task_state"": ""RESPONSE_WINDOW_MASK"", ""timestamp_lsl_if_available"": 1399177.8457027}"
-5,dynamic_sart_response_window_close__v=1__trial=-5__condition=go__digit=2__block=-1__phase=practice__practice=1,EVENT,1399178.812,,"{""block"": -1, ""condition"": ""go"", ""cue_assignment"": null, ""cue_opportunity"": false, ""cue_opportunity_index"": null, ""cue_randomization_block_index"": null, ""digit"": 2, ""flip_lsl_timestamp"": 1399179.0093386, ""flip_monotonic"": 1399178.812, ""lsl_timestamp"": 1399179.0093386, ""phase"": ""practice"", ""practice"": true, ""response_window_close_overshoot_seconds"": 0.0, ""scheduled_on_flip"": true, ""scheduled_response_window_close_lsl"": 1399179.0151201, ""scheduled_response_window_close_monotonic"": 1399178.8180000002, ""schema_version"": 1, ""sequence_id"": ""237942804d5e24dc51a11ff9281243bab0f3fb0afd493a5da2f3cce232c141d1"", ""study_segment"": null}"
-5,dynamic_sart_trial_complete__v=1__trial=-5__condition=go__digit=2__block=-1__phase=practice__practice=1,EVENT,1399178.812,,"{""block"": -1, ""condition"": ""go"", ""correct"": true, ""cue_assignment"": null, ""cue_opportunity"": false, ""cue_opportunity_index"": null, ""cue_randomization_block_index"": null, ""digit"": 2, ""lsl_timestamp"": 1399179.0093386, ""marker_emit_attempted"": true, ""marker_stream_name"": ""EEGleMarkers"", ""marker_stream_source_id"": ""eegle-markers-dynamic_sart-run-20260820T161425-cd265ce895a2"", ""marker_stream_type"": ""Markers"", ""phase"": ""practice"", ""practice"": true, ""primary_outcome"": ""correct_go"", ""reaction_time_seconds"": 0.4388835998252034, ""schema_version"": 1, ""sequence_id"": ""237942804d5e24dc51a11ff9281243bab0f3fb0afd493a5da2f3cce232c141d1"", ""study_segment"": null, ""task"": ""dynamic_sart""}"
-6,dynamic_sart_stimulus_onset__v=1__trial=-6__condition=go__digit=9__block=-1__phase=practice__practice=1,EVENT,1399179.218,,"{""block"": -1, ""condition"": ""go"", ""cue_assignment"": null, ""cue_opportunity"": false, ""cue_opportunity_index"": null, ""cue_randomization_block_index"": null, ""digit"": 9, ""expected_visual_onset_lsl_timestamp"": 1399179.4149126, ""expected_visual_onset_monotonic"": 1399179.218, ""expected_visual_onset_uncertainty_ms"": 4.148969997186214, ""fixed_display_latency_ms"": 0.0, ""flip_lsl_timestamp"": 1399179.4149126, ""flip_monotonic"": 1399179.218, ""lsl_timestamp"": 1399179.4149126, ""marker_emit_attempted"": true, ""marker_stream_name"": ""EEGleMarkers"", ""marker_stream_source_id"": ""eegle-markers-dynamic_sart-run-20260820T161425-cd265ce895a2"", ""marker_stream_type"": ""Markers"", ""phase"": ""practice"", ""photodiode_verification_enabled"": false, ""practice"": true, ""scheduled_on_flip"": true, ""schema_version"": 1, ""sequence_id"": ""237942804d5e24dc51a11ff9281243bab0f3fb0afd493a5da2f3cce232c141d1"", ""study_segment"": null, ""task"": ""dynamic_sart"", ""timing_model"": ""psychopy_callOnFlip_plus_fixed_display_latency""}"
-6,dynamic_sart_stimulus_offset__v=1__trial=-6__condition=go__digit=9__block=-1__phase=practice__practice=1,EVENT,1399179.468,,"{""block"": -1, ""condition"": ""go"", ""cue_assignment"": null, ""cue_opportunity"": false, ""cue_opportunity_index"": null, ""cue_randomization_block_index"": null, ""digit"": 9, ""expected_visual_onset_lsl_timestamp"": 1399179.6649347, ""expected_visual_onset_monotonic"": 1399179.468, ""expected_visual_onset_uncertainty_ms"": 4.148969997186214, ""fixed_display_latency_ms"": 0.0, ""flip_lsl_timestamp"": 1399179.6649347, ""flip_monotonic"": 1399179.468, ""lsl_timestamp"": 1399179.6649347, ""marker_emit_attempted"": true, ""marker_stream_name"": ""EEGleMarkers"", ""marker_stream_source_id"": ""eegle-markers-dynamic_sart-run-20260820T161425-cd265ce895a2"", ""marker_stream_type"": ""Markers"", ""phase"": ""practice"", ""photodiode_verification_enabled"": false, ""practice"": true, ""scheduled_on_flip"": true, ""schema_version"": 1, ""sequence_id"": ""237942804d5e24dc51a11ff9281243bab0f3fb0afd493a5da2f3cce232c141d1"", ""study_segment"": null, ""task"": ""dynamic_sart"", ""timing_model"": ""psychopy_callOnFlip_plus_fixed_display_latency""}"
-6,dynamic_sart_key_event,EVENT,1399179.5943955,space,"{""assigned_block"": -1, ""assigned_phase"": ""practice"", ""event_id"": ""key-00000007"", ""hardware_timestamped"": true, ""is_escape_key"": false, ""is_late"": false, ""is_premature"": false, ""is_response_key"": true, ""keyboard_backend"": ""psychopy.hardware.keyboard.Keyboard"", ""keyboard_time"": 12.782399300020188, ""schema"": ""eegle.dynamic_sart.key_event.v1"", ""task_state"": ""RESPONSE_WINDOW_MASK"", ""timestamp_lsl_if_available"": 1399179.7832146}"
-6,dynamic_sart_response_window_close__v=1__trial=-6__condition=go__digit=9__block=-1__phase=practice__practice=1,EVENT,1399180.812,,"{""block"": -1, ""condition"": ""go"", ""cue_assignment"": null, ""cue_opportunity"": false, ""cue_opportunity_index"": null, ""cue_randomization_block_index"": null, ""digit"": 9, ""flip_lsl_timestamp"": 1399181.0098091, ""flip_monotonic"": 1399180.812, ""lsl_timestamp"": 1399181.0098091, ""phase"": ""practice"", ""practice"": true, ""response_window_close_overshoot_seconds"": 0.0, ""scheduled_on_flip"": true, ""scheduled_response_window_close_lsl"": 1399181.0149126002, ""scheduled_response_window_close_monotonic"": 1399180.8180000002, ""schema_version"": 1, ""sequence_id"": ""237942804d5e24dc51a11ff9281243bab0f3fb0afd493a5da2f3cce232c141d1"", ""study_segment"": null}"
-6,dynamic_sart_trial_complete__v=1__trial=-6__condition=go__digit=9__block=-1__phase=practice__practice=1,EVENT,1399180.812,,"{""block"": -1, ""condition"": ""go"", ""correct"": true, ""cue_assignment"": null, ""cue_opportunity"": false, ""cue_opportunity_index"": null, ""cue_randomization_block_index"": null, ""digit"": 9, ""lsl_timestamp"": 1399181.0098091, ""marker_emit_attempted"": true, ""marker_stream_name"": ""EEGleMarkers"", ""marker_stream_source_id"": ""eegle-markers-dynamic_sart-run-20260820T161425-cd265ce895a2"", ""marker_stream_type"": ""Markers"", ""phase"": ""practice"", ""practice"": true, ""primary_outcome"": ""correct_go"", ""reaction_time_seconds"": 0.37639549979940057, ""schema_version"": 1, ""sequence_id"": ""237942804d5e24dc51a11ff9281243bab0f3fb0afd493a5da2f3cce232c141d1"", ""study_segment"": null, ""task"": ""dynamic_sart""}"
-7,dynamic_sart_stimulus_onset__v=1__trial=-7__condition=go__digit=0__block=-1__phase=practice__practice=1,EVENT,1399181.218,,"{""block"": -1, ""condition"": ""go"", ""cue_assignment"": null, ""cue_opportunity"": false, ""cue_opportunity_index"": null, ""cue_randomization_block_index"": null, ""digit"": 0, ""expected_visual_onset_lsl_timestamp"": 1399181.4090755, ""expected_visual_onset_monotonic"": 1399181.218, ""expected_visual_onset_uncertainty_ms"": 4.148969997186214, ""fixed_display_latency_ms"": 0.0, ""flip_lsl_timestamp"": 1399181.4090755, ""flip_monotonic"": 1399181.218, ""lsl_timestamp"": 1399181.4090755, ""marker_emit_attempted"": true, ""marker_stream_name"": ""EEGleMarkers"", ""marker_stream_source_id"": ""eegle-markers-dynamic_sart-run-20260820T161425-cd265ce895a2"", ""marker_stream_type"": ""Markers"", ""phase"": ""practice"", ""photodiode_verification_enabled"": false, ""practice"": true, ""scheduled_on_flip"": true, ""schema_version"": 1, ""sequence_id"": ""237942804d5e24dc51a11ff9281243bab0f3fb0afd493a5da2f3cce232c141d1"", ""study_segment"": null, ""task"": ""dynamic_sart"", ""timing_model"": ""psychopy_callOnFlip_plus_fixed_display_latency""}"
-7,dynamic_sart_key_event,EVENT,1399181.4560957,space,"{""assigned_block"": -1, ""assigned_phase"": ""practice"", ""event_id"": ""key-00000008"", ""hardware_timestamped"": true, ""is_escape_key"": false, ""is_late"": false, ""is_premature"": false, ""is_response_key"": true, ""keyboard_backend"": ""psychopy.hardware.keyboard.Keyboard"", ""keyboard_time"": 14.64409950003028, ""schema"": ""eegle.dynamic_sart.key_event.v1"", ""task_state"": ""STIMULUS_VISIBLE"", ""timestamp_lsl_if_available"": 1399181.6449148}"
-7,dynamic_sart_stimulus_offset__v=1__trial=-7__condition=go__digit=0__block=-1__phase=practice__practice=1,EVENT,1399181.468,,"{""block"": -1, ""condition"": ""go"", ""cue_assignment"": null, ""cue_opportunity"": false, ""cue_opportunity_index"": null, ""cue_randomization_block_index"": null, ""digit"": 0, ""expected_visual_onset_lsl_timestamp"": 1399181.6650541, ""expected_visual_onset_monotonic"": 1399181.468, ""expected_visual_onset_uncertainty_ms"": 4.148969997186214, ""fixed_display_latency_ms"": 0.0, ""flip_lsl_timestamp"": 1399181.6650541, ""flip_monotonic"": 1399181.468, ""lsl_timestamp"": 1399181.6650541, ""marker_emit_attempted"": true, ""marker_stream_name"": ""EEGleMarkers"", ""marker_stream_source_id"": ""eegle-markers-dynamic_sart-run-20260820T161425-cd265ce895a2"", ""marker_stream_type"": ""Markers"", ""phase"": ""practice"", ""photodiode_verification_enabled"": false, ""practice"": true, ""scheduled_on_flip"": true, ""schema_version"": 1, ""sequence_id"": ""237942804d5e24dc51a11ff9281243bab0f3fb0afd493a5da2f3cce232c141d1"", ""study_segment"": null, ""task"": ""dynamic_sart"", ""timing_model"": ""psychopy_callOnFlip_plus_fixed_display_latency""}"
-7,dynamic_sart_response_window_close__v=1__trial=-7__condition=go__digit=0__block=-1__phase=practice__practice=1,EVENT,1399182.812,,"{""block"": -1, ""condition"": ""go"", ""cue_assignment"": null, ""cue_opportunity"": false, ""cue_opportunity_index"": null, ""cue_randomization_block_index"": null, ""digit"": 0, ""flip_lsl_timestamp"": 1399183.0065717, ""flip_monotonic"": 1399182.812, ""lsl_timestamp"": 1399183.0065717, ""phase"": ""practice"", ""practice"": true, ""response_window_close_overshoot_seconds"": 0.0, ""scheduled_on_flip"": true, ""scheduled_response_window_close_lsl"": 1399183.0090755, ""scheduled_response_window_close_monotonic"": 1399182.8180000002, ""schema_version"": 1, ""sequence_id"": ""237942804d5e24dc51a11ff9281243bab0f3fb0afd493a5da2f3cce232c141d1"", ""study_segment"": null}"
-7,dynamic_sart_trial_complete__v=1__trial=-7__condition=go__digit=0__block=-1__phase=practice__practice=1,EVENT,1399182.812,,"{""block"": -1, ""condition"": ""go"", ""correct"": true, ""cue_assignment"": null, ""cue_opportunity"": false, ""cue_opportunity_index"": null, ""cue_randomization_block_index"": null, ""digit"": 0, ""lsl_timestamp"": 1399183.0065717, ""marker_emit_attempted"": true, ""marker_stream_name"": ""EEGleMarkers"", ""marker_stream_source_id"": ""eegle-markers-dynamic_sart-run-20260820T161425-cd265ce895a2"", ""marker_stream_type"": ""Markers"", ""phase"": ""practice"", ""practice"": true, ""primary_outcome"": ""correct_go"", ""reaction_time_seconds"": 0.23809569980949163, ""schema_version"": 1, ""sequence_id"": ""237942804d5e24dc51a11ff9281243bab0f3fb0afd493a5da2f3cce232c141d1"", ""study_segment"": null, ""task"": ""dynamic_sart""}"
-8,dynamic_sart_stimulus_onset__v=1__trial=-8__condition=go__digit=1__block=-1__phase=practice__practice=1,EVENT,1399183.203,,"{""block"": -1, ""condition"": ""go"", ""cue_assignment"": null, ""cue_opportunity"": false, ""cue_opportunity_index"": null, ""cue_randomization_block_index"": null, ""digit"": 1, ""expected_visual_onset_lsl_timestamp"": 1399183.3982558, ""expected_visual_onset_monotonic"": 1399183.203, ""expected_visual_onset_uncertainty_ms"": 4.148969997186214, ""fixed_display_latency_ms"": 0.0, ""flip_lsl_timestamp"": 1399183.3982558, ""flip_monotonic"": 1399183.203, ""lsl_timestamp"": 1399183.3982558, ""marker_emit_attempted"": true, ""marker_stream_name"": ""EEGleMarkers"", ""marker_stream_source_id"": ""eegle-markers-dynamic_sart-run-20260820T161425-cd265ce895a2"", ""marker_stream_type"": ""Markers"", ""phase"": ""practice"", ""photodiode_verification_enabled"": false, ""practice"": true, ""scheduled_on_flip"": true, ""schema_version"": 1, ""sequence_id"": ""237942804d5e24dc51a11ff9281243bab0f3fb0afd493a5da2f3cce232c141d1"", ""study_segment"": null, ""task"": ""dynamic_sart"", ""timing_model"": ""psychopy_callOnFlip_plus_fixed_display_latency""}"
-8,dynamic_sart_stimulus_offset__v=1__trial=-8__condition=go__digit=1__block=-1__phase=practice__practice=1,EVENT,1399183.453,,"{""block"": -1, ""condition"": ""go"", ""cue_assignment"": null, ""cue_opportunity"": false, ""cue_opportunity_index"": null, ""cue_randomization_block_index"": null, ""digit"": 1, ""expected_visual_onset_lsl_timestamp"": 1399183.6506709, ""expected_visual_onset_monotonic"": 1399183.453, ""expected_visual_onset_uncertainty_ms"": 4.148969997186214, ""fixed_display_latency_ms"": 0.0, ""flip_lsl_timestamp"": 1399183.6506709, ""flip_monotonic"": 1399183.453, ""lsl_timestamp"": 1399183.6506709, ""marker_emit_attempted"": true, ""marker_stream_name"": ""EEGleMarkers"", ""marker_stream_source_id"": ""eegle-markers-dynamic_sart-run-20260820T161425-cd265ce895a2"", ""marker_stream_type"": ""Markers"", ""phase"": ""practice"", ""photodiode_verification_enabled"": false, ""practice"": true, ""scheduled_on_flip"": true, ""schema_version"": 1, ""sequence_id"": ""237942804d5e24dc51a11ff9281243bab0f3fb0afd493a5da2f3cce232c141d1"", ""study_segment"": null, ""task"": ""dynamic_sart"", ""timing_model"": ""psychopy_callOnFlip_plus_fixed_display_latency""}"
-8,dynamic_sart_key_event,EVENT,1399183.5039273,space,"{""assigned_block"": -1, ""assigned_phase"": ""practice"", ""event_id"": ""key-00000009"", ""hardware_timestamped"": true, ""is_escape_key"": false, ""is_late"": false, ""is_premature"": false, ""is_response_key"": true, ""keyboard_backend"": ""psychopy.hardware.keyboard.Keyboard"", ""keyboard_time"": 16.691931100096554, ""schema"": ""eegle.dynamic_sart.key_event.v1"", ""task_state"": ""RESPONSE_WINDOW_MASK"", ""timestamp_lsl_if_available"": 1399183.6927464001}"
-8,dynamic_sart_response_window_close__v=1__trial=-8__condition=go__digit=1__block=-1__phase=practice__practice=1,EVENT,1399184.812,,"{""block"": -1, ""condition"": ""go"", ""cue_assignment"": null, ""cue_opportunity"": false, ""cue_opportunity_index"": null, ""cue_randomization_block_index"": null, ""digit"": 1, ""flip_lsl_timestamp"": 1399185.0087879, ""flip_monotonic"": 1399184.812, ""lsl_timestamp"": 1399185.0087879, ""phase"": ""practice"", ""practice"": true, ""response_window_close_overshoot_seconds"": 0.008999999845400453, ""scheduled_on_flip"": true, ""scheduled_response_window_close_lsl"": 1399184.9982558, ""scheduled_response_window_close_monotonic"": 1399184.803, ""schema_version"": 1, ""sequence_id"": ""237942804d5e24dc51a11ff9281243bab0f3fb0afd493a5da2f3cce232c141d1"", ""study_segment"": null}"
-8,dynamic_sart_trial_complete__v=1__trial=-8__condition=go__digit=1__block=-1__phase=practice__practice=1,EVENT,1399184.812,,"{""block"": -1, ""condition"": ""go"", ""correct"": true, ""cue_assignment"": null, ""cue_opportunity"": false, ""cue_opportunity_index"": null, ""cue_randomization_block_index"": null, ""digit"": 1, ""lsl_timestamp"": 1399185.0087879, ""marker_emit_attempted"": true, ""marker_stream_name"": ""EEGleMarkers"", ""marker_stream_source_id"": ""eegle-markers-dynamic_sart-run-20260820T161425-cd265ce895a2"", ""marker_stream_type"": ""Markers"", ""phase"": ""practice"", ""practice"": true, ""primary_outcome"": ""correct_go"", ""reaction_time_seconds"": 0.3009273000061512, ""schema_version"": 1, ""sequence_id"": ""237942804d5e24dc51a11ff9281243bab0f3fb0afd493a5da2f3cce232c141d1"", ""study_segment"": null, ""task"": ""dynamic_sart""}"
-9,dynamic_sart_stimulus_onset__v=1__trial=-9__condition=go__digit=8__block=-1__phase=practice__practice=1,EVENT,1399185.203,,"{""block"": -1, ""condition"": ""go"", ""cue_assignment"": null, ""cue_opportunity"": false, ""cue_opportunity_index"": null, ""cue_randomization_block_index"": null, ""digit"": 8, ""expected_visual_onset_lsl_timestamp"": 1399185.399083, ""expected_visual_onset_monotonic"": 1399185.203, ""expected_visual_onset_uncertainty_ms"": 4.148969997186214, ""fixed_display_latency_ms"": 0.0, ""flip_lsl_timestamp"": 1399185.399083, ""flip_monotonic"": 1399185.203, ""lsl_timestamp"": 1399185.399083, ""marker_emit_attempted"": true, ""marker_stream_name"": ""EEGleMarkers"", ""marker_stream_source_id"": ""eegle-markers-dynamic_sart-run-20260820T161425-cd265ce895a2"", ""marker_stream_type"": ""Markers"", ""phase"": ""practice"", ""photodiode_verification_enabled"": false, ""practice"": true, ""scheduled_on_flip"": true, ""schema_version"": 1, ""sequence_id"": ""237942804d5e24dc51a11ff9281243bab0f3fb0afd493a5da2f3cce232c141d1"", ""study_segment"": null, ""task"": ""dynamic_sart"", ""timing_model"": ""psychopy_callOnFlip_plus_fixed_display_latency""}"
-9,dynamic_sart_stimulus_offset__v=1__trial=-9__condition=go__digit=8__block=-1__phase=practice__practice=1,EVENT,1399185.453,,"{""block"": -1, ""condition"": ""go"", ""cue_assignment"": null, ""cue_opportunity"": false, ""cue_opportunity_index"": null, ""cue_randomization_block_index"": null, ""digit"": 8, ""expected_visual_onset_lsl_timestamp"": 1399185.6484241, ""expected_visual_onset_monotonic"": 1399185.453, ""expected_visual_onset_uncertainty_ms"": 4.148969997186214, ""fixed_display_latency_ms"": 0.0, ""flip_lsl_timestamp"": 1399185.6484241, ""flip_monotonic"": 1399185.453, ""lsl_timestamp"": 1399185.6484241, ""marker_emit_attempted"": true, ""marker_stream_name"": ""EEGleMarkers"", ""marker_stream_source_id"": ""eegle-markers-dynamic_sart-run-20260820T161425-cd265ce895a2"", ""marker_stream_type"": ""Markers"", ""phase"": ""practice"", ""photodiode_verification_enabled"": false, ""practice"": true, ""scheduled_on_flip"": true, ""schema_version"": 1, ""sequence_id"": ""237942804d5e24dc51a11ff9281243bab0f3fb0afd493a5da2f3cce232c141d1"", ""study_segment"": null, ""task"": ""dynamic_sart"", ""timing_model"": ""psychopy_callOnFlip_plus_fixed_display_latency""}"
-9,dynamic_sart_key_event,EVENT,1399185.4887617,space,"{""assigned_block"": -1, ""assigned_phase"": ""practice"", ""event_id"": ""key-00000010"", ""hardware_timestamped"": true, ""is_escape_key"": false, ""is_late"": false, ""is_premature"": false, ""is_response_key"": true, ""keyboard_backend"": ""psychopy.hardware.keyboard.Keyboard"", ""keyboard_time"": 18.676765500102192, ""schema"": ""eegle.dynamic_sart.key_event.v1"", ""task_state"": ""RESPONSE_WINDOW_MASK"", ""timestamp_lsl_if_available"": 1399185.6775808001}"
-9,dynamic_sart_response_window_close__v=1__trial=-9__condition=go__digit=8__block=-1__phase=practice__practice=1,EVENT,1399186.812,,"{""block"": -1, ""condition"": ""go"", ""cue_assignment"": null, ""cue_opportunity"": false, ""cue_opportunity_index"": null, ""cue_randomization_block_index"": null, ""digit"": 8, ""flip_lsl_timestamp"": 1399187.0089318, ""flip_monotonic"": 1399186.812, ""lsl_timestamp"": 1399187.0089318, ""phase"": ""practice"", ""practice"": true, ""response_window_close_overshoot_seconds"": 0.008999999845400453, ""scheduled_on_flip"": true, ""scheduled_response_window_close_lsl"": 1399186.999083, ""scheduled_response_window_close_monotonic"": 1399186.803, ""schema_version"": 1, ""sequence_id"": ""237942804d5e24dc51a11ff9281243bab0f3fb0afd493a5da2f3cce232c141d1"", ""study_segment"": null}"
-9,dynamic_sart_trial_complete__v=1__trial=-9__condition=go__digit=8__block=-1__phase=practice__practice=1,EVENT,1399186.812,,"{""block"": -1, ""condition"": ""go"", ""correct"": true, ""cue_assignment"": null, ""cue_opportunity"": false, ""cue_opportunity_index"": null, ""cue_randomization_block_index"": null, ""digit"": 8, ""lsl_timestamp"": 1399187.0089318, ""marker_emit_attempted"": true, ""marker_stream_name"": ""EEGleMarkers"", ""marker_stream_source_id"": ""eegle-markers-dynamic_sart-run-20260820T161425-cd265ce895a2"", ""marker_stream_type"": ""Markers"", ""phase"": ""practice"", ""practice"": true, ""primary_outcome"": ""correct_go"", ""reaction_time_seconds"": 0.2857617000117898, ""schema_version"": 1, ""sequence_id"": ""237942804d5e24dc51a11ff9281243bab0f3fb0afd493a5da2f3cce232c141d1"", ""study_segment"": null, ""task"": ""dynamic_sart""}"
-10,dynamic_sart_stimulus_onset__v=1__trial=-10__condition=go__digit=5__block=-1__phase=practice__practice=1,EVENT,1399187.203,,"{""block"": -1, ""condition"": ""go"", ""cue_assignment"": null, ""cue_opportunity"": false, ""cue_opportunity_index"": null, ""cue_randomization_block_index"": null, ""digit"": 5, ""expected_visual_onset_lsl_timestamp"": 1399187.3985339, ""expected_visual_onset_monotonic"": 1399187.203, ""expected_visual_onset_uncertainty_ms"": 4.148969997186214, ""fixed_display_latency_ms"": 0.0, ""flip_lsl_timestamp"": 1399187.3985339, ""flip_monotonic"": 1399187.203, ""lsl_timestamp"": 1399187.3985339, ""marker_emit_attempted"": true, ""marker_stream_name"": ""EEGleMarkers"", ""marker_stream_source_id"": ""eegle-markers-dynamic_sart-run-20260820T161425-cd265ce895a2"", ""marker_stream_type"": ""Markers"", ""phase"": ""practice"", ""photodiode_verification_enabled"": false, ""practice"": true, ""scheduled_on_flip"": true, ""schema_version"": 1, ""sequence_id"": ""237942804d5e24dc51a11ff9281243bab0f3fb0afd493a5da2f3cce232c141d1"", ""study_segment"": null, ""task"": ""dynamic_sart"", ""timing_model"": ""psychopy_callOnFlip_plus_fixed_display_latency""}"
-10,dynamic_sart_stimulus_offset__v=1__trial=-10__condition=go__digit=5__block=-1__phase=practice__practice=1,EVENT,1399187.453,,"{""block"": -1, ""condition"": ""go"", ""cue_assignment"": null, ""cue_opportunity"": false, ""cue_opportunity_index"": null, ""cue_randomization_block_index"": null, ""digit"": 5, ""expected_visual_onset_lsl_timestamp"": 1399187.6481813, ""expected_visual_onset_monotonic"": 1399187.453, ""expected_visual_onset_uncertainty_ms"": 4.148969997186214, ""fixed_display_latency_ms"": 0.0, ""flip_lsl_timestamp"": 1399187.6481813, ""flip_monotonic"": 1399187.453, ""lsl_timestamp"": 1399187.6481813, ""marker_emit_attempted"": true, ""marker_stream_name"": ""EEGleMarkers"", ""marker_stream_source_id"": ""eegle-markers-dynamic_sart-run-20260820T161425-cd265ce895a2"", ""marker_stream_type"": ""Markers"", ""phase"": ""practice"", ""photodiode_verification_enabled"": false, ""practice"": true, ""scheduled_on_flip"": true, ""schema_version"": 1, ""sequence_id"": ""237942804d5e24dc51a11ff9281243bab0f3fb0afd493a5da2f3cce232c141d1"", ""study_segment"": null, ""task"": ""dynamic_sart"", ""timing_model"": ""psychopy_callOnFlip_plus_fixed_display_latency""}"
-10,dynamic_sart_key_event,EVENT,1399187.4707927,space,"{""assigned_block"": -1, ""assigned_phase"": ""practice"", ""event_id"": ""key-00000011"", ""hardware_timestamped"": true, ""is_escape_key"": false, ""is_late"": false, ""is_premature"": false, ""is_response_key"": true, ""keyboard_backend"": ""psychopy.hardware.keyboard.Keyboard"", ""keyboard_time"": 20.65879650018178, ""schema"": ""eegle.dynamic_sart.key_event.v1"", ""task_state"": ""RESPONSE_WINDOW_MASK"", ""timestamp_lsl_if_available"": 1399187.6596118002}"
-10,dynamic_sart_response_window_close__v=1__trial=-10__condition=go__digit=5__block=-1__phase=practice__practice=1,EVENT,1399188.812,,"{""block"": -1, ""condition"": ""go"", ""cue_assignment"": null, ""cue_opportunity"": false, ""cue_opportunity_index"": null, ""cue_randomization_block_index"": null, ""digit"": 5, ""flip_lsl_timestamp"": 1399189.0094862, ""flip_monotonic"": 1399188.812, ""lsl_timestamp"": 1399189.0094862, ""phase"": ""practice"", ""practice"": true, ""response_window_close_overshoot_seconds"": 0.008999999845400453, ""scheduled_on_flip"": true, ""scheduled_response_window_close_lsl"": 1399188.9985339001, ""scheduled_response_window_close_monotonic"": 1399188.803, ""schema_version"": 1, ""sequence_id"": ""237942804d5e24dc51a11ff9281243bab0f3fb0afd493a5da2f3cce232c141d1"", ""study_segment"": null}"
-10,dynamic_sart_trial_complete__v=1__trial=-10__condition=go__digit=5__block=-1__phase=practice__practice=1,EVENT,1399188.812,,"{""block"": -1, ""condition"": ""go"", ""correct"": true, ""cue_assignment"": null, ""cue_opportunity"": false, ""cue_opportunity_index"": null, ""cue_randomization_block_index"": null, ""digit"": 5, ""lsl_timestamp"": 1399189.0094862, ""marker_emit_attempted"": true, ""marker_stream_name"": ""EEGleMarkers"", ""marker_stream_source_id"": ""eegle-markers-dynamic_sart-run-20260820T161425-cd265ce895a2"", ""marker_stream_type"": ""Markers"", ""phase"": ""practice"", ""practice"": true, ""primary_outcome"": ""correct_go"", ""reaction_time_seconds"": 0.2677927000913769, ""schema_version"": 1, ""sequence_id"": ""237942804d5e24dc51a11ff9281243bab0f3fb0afd493a5da2f3cce232c141d1"", ""study_segment"": null, ""task"": ""dynamic_sart""}"
-11,dynamic_sart_stimulus_onset__v=1__trial=-11__condition=go__digit=4__block=-1__phase=practice__practice=1,EVENT,1399189.218,,"{""block"": -1, ""condition"": ""go"", ""cue_assignment"": null, ""cue_opportunity"": false, ""cue_opportunity_index"": null, ""cue_randomization_block_index"": null, ""digit"": 4, ""expected_visual_onset_lsl_timestamp"": 1399189.4151428, ""expected_visual_onset_monotonic"": 1399189.218, ""expected_visual_onset_uncertainty_ms"": 4.148969997186214, ""fixed_display_latency_ms"": 0.0, ""flip_lsl_timestamp"": 1399189.4151428, ""flip_monotonic"": 1399189.218, ""lsl_timestamp"": 1399189.4151428, ""marker_emit_attempted"": true, ""marker_stream_name"": ""EEGleMarkers"", ""marker_stream_source_id"": ""eegle-markers-dynamic_sart-run-20260820T161425-cd265ce895a2"", ""marker_stream_type"": ""Markers"", ""phase"": ""practice"", ""photodiode_verification_enabled"": false, ""practice"": true, ""scheduled_on_flip"": true, ""schema_version"": 1, ""sequence_id"": ""237942804d5e24dc51a11ff9281243bab0f3fb0afd493a5da2f3cce232c141d1"", ""study_segment"": null, ""task"": ""dynamic_sart"", ""timing_model"": ""psychopy_callOnFlip_plus_fixed_display_latency""}"
-11,dynamic_sart_stimulus_offset__v=1__trial=-11__condition=go__digit=4__block=-1__phase=practice__practice=1,EVENT,1399189.468,,"{""block"": -1, ""condition"": ""go"", ""cue_assignment"": null, ""cue_opportunity"": false, ""cue_opportunity_index"": null, ""cue_randomization_block_index"": null, ""digit"": 4, ""expected_visual_onset_lsl_timestamp"": 1399189.6652928, ""expected_visual_onset_monotonic"": 1399189.468, ""expected_visual_onset_uncertainty_ms"": 4.148969997186214, ""fixed_display_latency_ms"": 0.0, ""flip_lsl_timestamp"": 1399189.6652928, ""flip_monotonic"": 1399189.468, ""lsl_timestamp"": 1399189.6652928, ""marker_emit_attempted"": true, ""marker_stream_name"": ""EEGleMarkers"", ""marker_stream_source_id"": ""eegle-markers-dynamic_sart-run-20260820T161425-cd265ce895a2"", ""marker_stream_type"": ""Markers"", ""phase"": ""practice"", ""photodiode_verification_enabled"": false, ""practice"": true, ""scheduled_on_flip"": true, ""schema_version"": 1, ""sequence_id"": ""237942804d5e24dc51a11ff9281243bab0f3fb0afd493a5da2f3cce232c141d1"", ""study_segment"": null, ""task"": ""dynamic_sart"", ""timing_model"": ""psychopy_callOnFlip_plus_fixed_display_latency""}"
-11,dynamic_sart_key_event,EVENT,1399189.5450621,space,"{""assigned_block"": -1, ""assigned_phase"": ""practice"", ""event_id"": ""key-00000012"", ""hardware_timestamped"": true, ""is_escape_key"": false, ""is_late"": false, ""is_premature"": false, ""is_response_key"": true, ""keyboard_backend"": ""psychopy.hardware.keyboard.Keyboard"", ""keyboard_time"": 22.73306590016, ""schema"": ""eegle.dynamic_sart.key_event.v1"", ""task_state"": ""RESPONSE_WINDOW_MASK"", ""timestamp_lsl_if_available"": 1399189.7338812002}"
-11,dynamic_sart_response_window_close__v=1__trial=-11__condition=go__digit=4__block=-1__phase=practice__practice=1,EVENT,1399190.812,,"{""block"": -1, ""condition"": ""go"", ""cue_assignment"": null, ""cue_opportunity"": false, ""cue_opportunity_index"": null, ""cue_randomization_block_index"": null, ""digit"": 4, ""flip_lsl_timestamp"": 1399191.0063696, ""flip_monotonic"": 1399190.812, ""lsl_timestamp"": 1399191.0063696, ""phase"": ""practice"", ""practice"": true, ""response_window_close_overshoot_seconds"": 0.0, ""scheduled_on_flip"": true, ""scheduled_response_window_close_lsl"": 1399191.0151428, ""scheduled_response_window_close_monotonic"": 1399190.8180000002, ""schema_version"": 1, ""sequence_id"": ""237942804d5e24dc51a11ff9281243bab0f3fb0afd493a5da2f3cce232c141d1"", ""study_segment"": null}"
-11,dynamic_sart_trial_complete__v=1__trial=-11__condition=go__digit=4__block=-1__phase=practice__practice=1,EVENT,1399190.812,,"{""block"": -1, ""condition"": ""go"", ""correct"": true, ""cue_assignment"": null, ""cue_opportunity"": false, ""cue_opportunity_index"": null, ""cue_randomization_block_index"": null, ""digit"": 4, ""lsl_timestamp"": 1399191.0063696, ""marker_emit_attempted"": true, ""marker_stream_name"": ""EEGleMarkers"", ""marker_stream_source_id"": ""eegle-markers-dynamic_sart-run-20260820T161425-cd265ce895a2"", ""marker_stream_type"": ""Markers"", ""phase"": ""practice"", ""practice"": true, ""primary_outcome"": ""correct_go"", ""reaction_time_seconds"": 0.3270620999392122, ""schema_version"": 1, ""sequence_id"": ""237942804d5e24dc51a11ff9281243bab0f3fb0afd493a5da2f3cce232c141d1"", ""study_segment"": null, ""task"": ""dynamic_sart""}"
-12,dynamic_sart_stimulus_onset__v=1__trial=-12__condition=go__digit=0__block=-1__phase=practice__practice=1,EVENT,1399191.203,,"{""block"": -1, ""condition"": ""go"", ""cue_assignment"": null, ""cue_opportunity"": false, ""cue_opportunity_index"": null, ""cue_randomization_block_index"": null, ""digit"": 0, ""expected_visual_onset_lsl_timestamp"": 1399191.3898903, ""expected_visual_onset_monotonic"": 1399191.203, ""expected_visual_onset_uncertainty_ms"": 4.148969997186214, ""fixed_display_latency_ms"": 0.0, ""flip_lsl_timestamp"": 1399191.3898903, ""flip_monotonic"": 1399191.203, ""lsl_timestamp"": 1399191.3898903, ""marker_emit_attempted"": true, ""marker_stream_name"": ""EEGleMarkers"", ""marker_stream_source_id"": ""eegle-markers-dynamic_sart-run-20260820T161425-cd265ce895a2"", ""marker_stream_type"": ""Markers"", ""phase"": ""practice"", ""photodiode_verification_enabled"": false, ""practice"": true, ""scheduled_on_flip"": true, ""schema_version"": 1, ""sequence_id"": ""237942804d5e24dc51a11ff9281243bab0f3fb0afd493a5da2f3cce232c141d1"", ""study_segment"": null, ""task"": ""dynamic_sart"", ""timing_model"": ""psychopy_callOnFlip_plus_fixed_display_latency""}"
-12,dynamic_sart_stimulus_offset__v=1__trial=-12__condition=go__digit=0__block=-1__phase=practice__practice=1,EVENT,1399191.453,,"{""block"": -1, ""condition"": ""go"", ""cue_assignment"": null, ""cue_opportunity"": false, ""cue_opportunity_index"": null, ""cue_randomization_block_index"": null, ""digit"": 0, ""expected_visual_onset_lsl_timestamp"": 1399191.6507927, ""expected_visual_onset_monotonic"": 1399191.453, ""expected_visual_onset_uncertainty_ms"": 4.148969997186214, ""fixed_display_latency_ms"": 0.0, ""flip_lsl_timestamp"": 1399191.6507927, ""flip_monotonic"": 1399191.453, ""lsl_timestamp"": 1399191.6507927, ""marker_emit_attempted"": true, ""marker_stream_name"": ""EEGleMarkers"", ""marker_stream_source_id"": ""eegle-markers-dynamic_sart-run-20260820T161425-cd265ce895a2"", ""marker_stream_type"": ""Markers"", ""phase"": ""practice"", ""photodiode_verification_enabled"": false, ""practice"": true, ""scheduled_on_flip"": true, ""schema_version"": 1, ""sequence_id"": ""237942804d5e24dc51a11ff9281243bab0f3fb0afd493a5da2f3cce232c141d1"", ""study_segment"": null, ""task"": ""dynamic_sart"", ""timing_model"": ""psychopy_callOnFlip_plus_fixed_display_latency""}"
-12,dynamic_sart_key_event,EVENT,1399191.5063128,space,"{""assigned_block"": -1, ""assigned_phase"": ""practice"", ""event_id"": ""key-00000013"", ""hardware_timestamped"": true, ""is_escape_key"": false, ""is_late"": false, ""is_premature"": false, ""is_response_key"": true, ""keyboard_backend"": ""psychopy.hardware.keyboard.Keyboard"", ""keyboard_time"": 24.694316600216553, ""schema"": ""eegle.dynamic_sart.key_event.v1"", ""task_state"": ""RESPONSE_WINDOW_MASK"", ""timestamp_lsl_if_available"": 1399191.6951319003}"
-12,dynamic_sart_response_window_close__v=1__trial=-12__condition=go__digit=0__block=-1__phase=practice__practice=1,EVENT,1399192.812,,"{""block"": -1, ""condition"": ""go"", ""cue_assignment"": null, ""cue_opportunity"": false, ""cue_opportunity_index"": null, ""cue_randomization_block_index"": null, ""digit"": 0, ""flip_lsl_timestamp"": 1399193.0094712, ""flip_monotonic"": 1399192.812, ""lsl_timestamp"": 1399193.0094712, ""phase"": ""practice"", ""practice"": true, ""response_window_close_overshoot_seconds"": 0.008999999845400453, ""scheduled_on_flip"": true, ""scheduled_response_window_close_lsl"": 1399192.9898903002, ""scheduled_response_window_close_monotonic"": 1399192.803, ""schema_version"": 1, ""sequence_id"": ""237942804d5e24dc51a11ff9281243bab0f3fb0afd493a5da2f3cce232c141d1"", ""study_segment"": null}"
-12,dynamic_sart_trial_complete__v=1__trial=-12__condition=go__digit=0__block=-1__phase=practice__practice=1,EVENT,1399192.812,,"{""block"": -1, ""condition"": ""go"", ""correct"": true, ""cue_assignment"": null, ""cue_opportunity"": false, ""cue_opportunity_index"": null, ""cue_randomization_block_index"": null, ""digit"": 0, ""lsl_timestamp"": 1399193.0094712, ""marker_emit_attempted"": true, ""marker_stream_name"": ""EEGleMarkers"", ""marker_stream_source_id"": ""eegle-markers-dynamic_sart-run-20260820T161425-cd265ce895a2"", ""marker_stream_type"": ""Markers"", ""phase"": ""practice"", ""practice"": true, ""primary_outcome"": ""correct_go"", ""reaction_time_seconds"": 0.30331280012615025, ""schema_version"": 1, ""sequence_id"": ""237942804d5e24dc51a11ff9281243bab0f3fb0afd493a5da2f3cce232c141d1"", ""study_segment"": null, ""task"": ""dynamic_sart""}"
-13,dynamic_sart_stimulus_onset__v=1__trial=-13__condition=no_go__digit=3__block=-1__phase=practice__practice=1,EVENT,1399193.203,,"{""block"": -1, ""condition"": ""no_go"", ""cue_assignment"": null, ""cue_opportunity"": false, ""cue_opportunity_index"": null, ""cue_randomization_block_index"": null, ""digit"": 3, ""expected_visual_onset_lsl_timestamp"": 1399193.3902005, ""expected_visual_onset_monotonic"": 1399193.203, ""expected_visual_onset_uncertainty_ms"": 4.148969997186214, ""fixed_display_latency_ms"": 0.0, ""flip_lsl_timestamp"": 1399193.3902005, ""flip_monotonic"": 1399193.203, ""lsl_timestamp"": 1399193.3902005, ""marker_emit_attempted"": true, ""marker_stream_name"": ""EEGleMarkers"", ""marker_stream_source_id"": ""eegle-markers-dynamic_sart-run-20260820T161425-cd265ce895a2"", ""marker_stream_type"": ""Markers"", ""phase"": ""practice"", ""photodiode_verification_enabled"": false, ""practice"": true, ""scheduled_on_flip"": true, ""schema_version"": 1, ""sequence_id"": ""237942804d5e24dc51a11ff9281243bab0f3fb0afd493a5da2f3cce232c141d1"", ""study_segment"": null, ""task"": ""dynamic_sart"", ""timing_model"": ""psychopy_callOnFlip_plus_fixed_display_latency""}"
-13,dynamic_sart_stimulus_offset__v=1__trial=-13__condition=no_go__digit=3__block=-1__phase=practice__practice=1,EVENT,1399193.453,,"{""block"": -1, ""condition"": ""no_go"", ""cue_assignment"": null, ""cue_opportunity"": false, ""cue_opportunity_index"": null, ""cue_randomization_block_index"": null, ""digit"": 3, ""expected_visual_onset_lsl_timestamp"": 1399193.6506393, ""expected_visual_onset_monotonic"": 1399193.453, ""expected_visual_onset_uncertainty_ms"": 4.148969997186214, ""fixed_display_latency_ms"": 0.0, ""flip_lsl_timestamp"": 1399193.6506393, ""flip_monotonic"": 1399193.453, ""lsl_timestamp"": 1399193.6506393, ""marker_emit_attempted"": true, ""marker_stream_name"": ""EEGleMarkers"", ""marker_stream_source_id"": ""eegle-markers-dynamic_sart-run-20260820T161425-cd265ce895a2"", ""marker_stream_type"": ""Markers"", ""phase"": ""practice"", ""photodiode_verification_enabled"": false, ""practice"": true, ""scheduled_on_flip"": true, ""schema_version"": 1, ""sequence_id"": ""237942804d5e24dc51a11ff9281243bab0f3fb0afd493a5da2f3cce232c141d1"", ""study_segment"": null, ""task"": ""dynamic_sart"", ""timing_model"": ""psychopy_callOnFlip_plus_fixed_display_latency""}"
-13,dynamic_sart_response_window_close__v=1__trial=-13__condition=no_go__digit=3__block=-1__phase=practice__practice=1,EVENT,1399194.812,,"{""block"": -1, ""condition"": ""no_go"", ""cue_assignment"": null, ""cue_opportunity"": false, ""cue_opportunity_index"": null, ""cue_randomization_block_index"": null, ""digit"": 3, ""flip_lsl_timestamp"": 1399195.0092509, ""flip_monotonic"": 1399194.812, ""lsl_timestamp"": 1399195.0092509, ""phase"": ""practice"", ""practice"": true, ""response_window_close_overshoot_seconds"": 0.008999999845400453, ""scheduled_on_flip"": true, ""scheduled_response_window_close_lsl"": 1399194.9902005, ""scheduled_response_window_close_monotonic"": 1399194.803, ""schema_version"": 1, ""sequence_id"": ""237942804d5e24dc51a11ff9281243bab0f3fb0afd493a5da2f3cce232c141d1"", ""study_segment"": null}"
-13,dynamic_sart_trial_complete__v=1__trial=-13__condition=no_go__digit=3__block=-1__phase=practice__practice=1,EVENT,1399194.812,,"{""block"": -1, ""condition"": ""no_go"", ""correct"": true, ""cue_assignment"": null, ""cue_opportunity"": false, ""cue_opportunity_index"": null, ""cue_randomization_block_index"": null, ""digit"": 3, ""lsl_timestamp"": 1399195.0092509, ""marker_emit_attempted"": true, ""marker_stream_name"": ""EEGleMarkers"", ""marker_stream_source_id"": ""eegle-markers-dynamic_sart-run-20260820T161425-cd265ce895a2"", ""marker_stream_type"": ""Markers"", ""phase"": ""practice"", ""practice"": true, ""primary_outcome"": ""correct_no_go"", ""reaction_time_seconds"": null, ""schema_version"": 1, ""sequence_id"": ""237942804d5e24dc51a11ff9281243bab0f3fb0afd493a5da2f3cce232c141d1"", ""study_segment"": null, ""task"": ""dynamic_sart""}"
-14,dynamic_sart_stimulus_onset__v=1__trial=-14__condition=no_go__digit=3__block=-1__phase=practice__practice=1,EVENT,1399195.218,,"{""block"": -1, ""condition"": ""no_go"", ""cue_assignment"": null, ""cue_opportunity"": false, ""cue_opportunity_index"": null, ""cue_randomization_block_index"": null, ""digit"": 3, ""expected_visual_onset_lsl_timestamp"": 1399195.4099414, ""expected_visual_onset_monotonic"": 1399195.218, ""expected_visual_onset_uncertainty_ms"": 4.148969997186214, ""fixed_display_latency_ms"": 0.0, ""flip_lsl_timestamp"": 1399195.4099414, ""flip_monotonic"": 1399195.218, ""lsl_timestamp"": 1399195.4099414, ""marker_emit_attempted"": true, ""marker_stream_name"": ""EEGleMarkers"", ""marker_stream_source_id"": ""eegle-markers-dynamic_sart-run-20260820T161425-cd265ce895a2"", ""marker_stream_type"": ""Markers"", ""phase"": ""practice"", ""photodiode_verification_enabled"": false, ""practice"": true, ""scheduled_on_flip"": true, ""schema_version"": 1, ""sequence_id"": ""237942804d5e24dc51a11ff9281243bab0f3fb0afd493a5da2f3cce232c141d1"", ""study_segment"": null, ""task"": ""dynamic_sart"", ""timing_model"": ""psychopy_callOnFlip_plus_fixed_display_latency""}"
-14,dynamic_sart_key_event,EVENT,1399195.4391644,space,"{""assigned_block"": -1, ""assigned_phase"": ""practice"", ""event_id"": ""key-00000014"", ""hardware_timestamped"": true, ""is_escape_key"": false, ""is_late"": false, ""is_premature"": false, ""is_response_key"": true, ""keyboard_backend"": ""psychopy.hardware.keyboard.Keyboard"", ""keyboard_time"": 28.6271682002116, ""schema"": ""eegle.dynamic_sart.key_event.v1"", ""task_state"": ""STIMULUS_VISIBLE"", ""timestamp_lsl_if_available"": 1399195.6279835002}"
-14,dynamic_sart_stimulus_offset__v=1__trial=-14__condition=no_go__digit=3__block=-1__phase=practice__practice=1,EVENT,1399195.468,,"{""block"": -1, ""condition"": ""no_go"", ""cue_assignment"": null, ""cue_opportunity"": false, ""cue_opportunity_index"": null, ""cue_randomization_block_index"": null, ""digit"": 3, ""expected_visual_onset_lsl_timestamp"": 1399195.6648284, ""expected_visual_onset_monotonic"": 1399195.468, ""expected_visual_onset_uncertainty_ms"": 4.148969997186214, ""fixed_display_latency_ms"": 0.0, ""flip_lsl_timestamp"": 1399195.6648284, ""flip_monotonic"": 1399195.468, ""lsl_timestamp"": 1399195.6648284, ""marker_emit_attempted"": true, ""marker_stream_name"": ""EEGleMarkers"", ""marker_stream_source_id"": ""eegle-markers-dynamic_sart-run-20260820T161425-cd265ce895a2"", ""marker_stream_type"": ""Markers"", ""phase"": ""practice"", ""photodiode_verification_enabled"": false, ""practice"": true, ""scheduled_on_flip"": true, ""schema_version"": 1, ""sequence_id"": ""237942804d5e24dc51a11ff9281243bab0f3fb0afd493a5da2f3cce232c141d1"", ""study_segment"": null, ""task"": ""dynamic_sart"", ""timing_model"": ""psychopy_callOnFlip_plus_fixed_display_latency""}"
-14,dynamic_sart_response_window_close__v=1__trial=-14__condition=no_go__digit=3__block=-1__phase=practice__practice=1,EVENT,1399196.812,,"{""block"": -1, ""condition"": ""no_go"", ""cue_assignment"": null, ""cue_opportunity"": false, ""cue_opportunity_index"": null, ""cue_randomization_block_index"": null, ""digit"": 3, ""flip_lsl_timestamp"": 1399197.0103344, ""flip_monotonic"": 1399196.812, ""lsl_timestamp"": 1399197.0103344, ""phase"": ""practice"", ""practice"": true, ""response_window_close_overshoot_seconds"": 0.0, ""scheduled_on_flip"": true, ""scheduled_response_window_close_lsl"": 1399197.0099414, ""scheduled_response_window_close_monotonic"": 1399196.8180000002, ""schema_version"": 1, ""sequence_id"": ""237942804d5e24dc51a11ff9281243bab0f3fb0afd493a5da2f3cce232c141d1"", ""study_segment"": null}"
-14,dynamic_sart_trial_complete__v=1__trial=-14__condition=no_go__digit=3__block=-1__phase=practice__practice=1,EVENT,1399196.812,,"{""block"": -1, ""condition"": ""no_go"", ""correct"": false, ""cue_assignment"": null, ""cue_opportunity"": false, ""cue_opportunity_index"": null, ""cue_randomization_block_index"": null, ""digit"": 3, ""lsl_timestamp"": 1399197.0103344, ""marker_emit_attempted"": true, ""marker_stream_name"": ""EEGleMarkers"", ""marker_stream_source_id"": ""eegle-markers-dynamic_sart-run-20260820T161425-cd265ce895a2"", ""marker_stream_type"": ""Markers"", ""phase"": ""practice"", ""practice"": true, ""primary_outcome"": ""commission_error"", ""reaction_time_seconds"": 0.22116439999081194, ""schema_version"": 1, ""sequence_id"": ""237942804d5e24dc51a11ff9281243bab0f3fb0afd493a5da2f3cce232c141d1"", ""study_segment"": null, ""task"": ""dynamic_sart""}"
-15,dynamic_sart_stimulus_onset__v=1__trial=-15__condition=go__digit=6__block=-1__phase=practice__practice=1,EVENT,1399197.218,,"{""block"": -1, ""condition"": ""go"", ""cue_assignment"": null, ""cue_opportunity"": false, ""cue_opportunity_index"": null, ""cue_randomization_block_index"": null, ""digit"": 6, ""expected_visual_onset_lsl_timestamp"": 1399197.4117663, ""expected_visual_onset_monotonic"": 1399197.218, ""expected_visual_onset_uncertainty_ms"": 4.148969997186214, ""fixed_display_latency_ms"": 0.0, ""flip_lsl_timestamp"": 1399197.4117663, ""flip_monotonic"": 1399197.218, ""lsl_timestamp"": 1399197.4117663, ""marker_emit_attempted"": true, ""marker_stream_name"": ""EEGleMarkers"", ""marker_stream_source_id"": ""eegle-markers-dynamic_sart-run-20260820T161425-cd265ce895a2"", ""marker_stream_type"": ""Markers"", ""phase"": ""practice"", ""photodiode_verification_enabled"": false, ""practice"": true, ""scheduled_on_flip"": true, ""schema_version"": 1, ""sequence_id"": ""237942804d5e24dc51a11ff9281243bab0f3fb0afd493a5da2f3cce232c141d1"", ""study_segment"": null, ""task"": ""dynamic_sart"", ""timing_model"": ""psychopy_callOnFlip_plus_fixed_display_latency""}"
-15,dynamic_sart_stimulus_offset__v=1__trial=-15__condition=go__digit=6__block=-1__phase=practice__practice=1,EVENT,1399197.468,,"{""block"": -1, ""condition"": ""go"", ""cue_assignment"": null, ""cue_opportunity"": false, ""cue_opportunity_index"": null, ""cue_randomization_block_index"": null, ""digit"": 6, ""expected_visual_onset_lsl_timestamp"": 1399197.6653871, ""expected_visual_onset_monotonic"": 1399197.468, ""expected_visual_onset_uncertainty_ms"": 4.148969997186214, ""fixed_display_latency_ms"": 0.0, ""flip_lsl_timestamp"": 1399197.6653871, ""flip_monotonic"": 1399197.468, ""lsl_timestamp"": 1399197.6653871, ""marker_emit_attempted"": true, ""marker_stream_name"": ""EEGleMarkers"", ""marker_stream_source_id"": ""eegle-markers-dynamic_sart-run-20260820T161425-cd265ce895a2"", ""marker_stream_type"": ""Markers"", ""phase"": ""practice"", ""photodiode_verification_enabled"": false, ""practice"": true, ""scheduled_on_flip"": true, ""schema_version"": 1, ""sequence_id"": ""237942804d5e24dc51a11ff9281243bab0f3fb0afd493a5da2f3cce232c141d1"", ""study_segment"": null, ""task"": ""dynamic_sart"", ""timing_model"": ""psychopy_callOnFlip_plus_fixed_display_latency""}"
-15,dynamic_sart_key_event,EVENT,1399197.5407222,space,"{""assigned_block"": -1, ""assigned_phase"": ""practice"", ""event_id"": ""key-00000015"", ""hardware_timestamped"": true, ""is_escape_key"": false, ""is_late"": false, ""is_premature"": false, ""is_response_key"": true, ""keyboard_backend"": ""psychopy.hardware.keyboard.Keyboard"", ""keyboard_time"": 30.728726000059396, ""schema"": ""eegle.dynamic_sart.key_event.v1"", ""task_state"": ""RESPONSE_WINDOW_MASK"", ""timestamp_lsl_if_available"": 1399197.7295413}"
-15,dynamic_sart_response_window_close__v=1__trial=-15__condition=go__digit=6__block=-1__phase=practice__practice=1,EVENT,1399198.812,,"{""block"": -1, ""condition"": ""go"", ""cue_assignment"": null, ""cue_opportunity"": false, ""cue_opportunity_index"": null, ""cue_randomization_block_index"": null, ""digit"": 6, ""flip_lsl_timestamp"": 1399199.0068255, ""flip_monotonic"": 1399198.812, ""lsl_timestamp"": 1399199.0068255, ""phase"": ""practice"", ""practice"": true, ""response_window_close_overshoot_seconds"": 0.0, ""scheduled_on_flip"": true, ""scheduled_response_window_close_lsl"": 1399199.0117663, ""scheduled_response_window_close_monotonic"": 1399198.8180000002, ""schema_version"": 1, ""sequence_id"": ""237942804d5e24dc51a11ff9281243bab0f3fb0afd493a5da2f3cce232c141d1"", ""study_segment"": null}"
-15,dynamic_sart_trial_complete__v=1__trial=-15__condition=go__digit=6__block=-1__phase=practice__practice=1,EVENT,1399198.812,,"{""block"": -1, ""condition"": ""go"", ""correct"": true, ""cue_assignment"": null, ""cue_opportunity"": false, ""cue_opportunity_index"": null, ""cue_randomization_block_index"": null, ""digit"": 6, ""lsl_timestamp"": 1399199.0068255, ""marker_emit_attempted"": true, ""marker_stream_name"": ""EEGleMarkers"", ""marker_stream_source_id"": ""eegle-markers-dynamic_sart-run-20260820T161425-cd265ce895a2"", ""marker_stream_type"": ""Markers"", ""phase"": ""practice"", ""practice"": true, ""primary_outcome"": ""correct_go"", ""reaction_time_seconds"": 0.3227221998386085, ""schema_version"": 1, ""sequence_id"": ""237942804d5e24dc51a11ff9281243bab0f3fb0afd493a5da2f3cce232c141d1"", ""study_segment"": null, ""task"": ""dynamic_sart""}"
-16,dynamic_sart_stimulus_onset__v=1__trial=-16__condition=go__digit=9__block=-1__phase=practice__practice=1,EVENT,1399199.203,,"{""block"": -1, ""condition"": ""go"", ""cue_assignment"": null, ""cue_opportunity"": false, ""cue_opportunity_index"": null, ""cue_randomization_block_index"": null, ""digit"": 9, ""expected_visual_onset_lsl_timestamp"": 1399199.3912644, ""expected_visual_onset_monotonic"": 1399199.203, ""expected_visual_onset_uncertainty_ms"": 4.148969997186214, ""fixed_display_latency_ms"": 0.0, ""flip_lsl_timestamp"": 1399199.3912644, ""flip_monotonic"": 1399199.203, ""lsl_timestamp"": 1399199.3912644, ""marker_emit_attempted"": true, ""marker_stream_name"": ""EEGleMarkers"", ""marker_stream_source_id"": ""eegle-markers-dynamic_sart-run-20260820T161425-cd265ce895a2"", ""marker_stream_type"": ""Markers"", ""phase"": ""practice"", ""photodiode_verification_enabled"": false, ""practice"": true, ""scheduled_on_flip"": true, ""schema_version"": 1, ""sequence_id"": ""237942804d5e24dc51a11ff9281243bab0f3fb0afd493a5da2f3cce232c141d1"", ""study_segment"": null, ""task"": ""dynamic_sart"", ""timing_model"": ""psychopy_callOnFlip_plus_fixed_display_latency""}"
-16,dynamic_sart_stimulus_offset__v=1__trial=-16__condition=go__digit=9__block=-1__phase=practice__practice=1,EVENT,1399199.453,,"{""block"": -1, ""condition"": ""go"", ""cue_assignment"": null, ""cue_opportunity"": false, ""cue_opportunity_index"": null, ""cue_randomization_block_index"": null, ""digit"": 9, ""expected_visual_onset_lsl_timestamp"": 1399199.6532497, ""expected_visual_onset_monotonic"": 1399199.453, ""expected_visual_onset_uncertainty_ms"": 4.148969997186214, ""fixed_display_latency_ms"": 0.0, ""flip_lsl_timestamp"": 1399199.6532497, ""flip_monotonic"": 1399199.453, ""lsl_timestamp"": 1399199.6532497, ""marker_emit_attempted"": true, ""marker_stream_name"": ""EEGleMarkers"", ""marker_stream_source_id"": ""eegle-markers-dynamic_sart-run-20260820T161425-cd265ce895a2"", ""marker_stream_type"": ""Markers"", ""phase"": ""practice"", ""photodiode_verification_enabled"": false, ""practice"": true, ""scheduled_on_flip"": true, ""schema_version"": 1, ""sequence_id"": ""237942804d5e24dc51a11ff9281243bab0f3fb0afd493a5da2f3cce232c141d1"", ""study_segment"": null, ""task"": ""dynamic_sart"", ""timing_model"": ""psychopy_callOnFlip_plus_fixed_display_latency""}"
-16,dynamic_sart_key_event,EVENT,1399199.4988495,space,"{""assigned_block"": -1, ""assigned_phase"": ""practice"", ""event_id"": ""key-00000016"", ""hardware_timestamped"": true, ""is_escape_key"": false, ""is_late"": false, ""is_premature"": false, ""is_response_key"": true, ""keyboard_backend"": ""psychopy.hardware.keyboard.Keyboard"", ""keyboard_time"": 32.686853300081566, ""schema"": ""eegle.dynamic_sart.key_event.v1"", ""task_state"": ""RESPONSE_WINDOW_MASK"", ""timestamp_lsl_if_available"": 1399199.6876686001}"
-16,dynamic_sart_response_window_close__v=1__trial=-16__condition=go__digit=9__block=-1__phase=practice__practice=1,EVENT,1399200.812,,"{""block"": -1, ""condition"": ""go"", ""cue_assignment"": null, ""cue_opportunity"": false, ""cue_opportunity_index"": null, ""cue_randomization_block_index"": null, ""digit"": 9, ""flip_lsl_timestamp"": 1399201.0111954, ""flip_monotonic"": 1399200.812, ""lsl_timestamp"": 1399201.0111954, ""phase"": ""practice"", ""practice"": true, ""response_window_close_overshoot_seconds"": 0.008999999845400453, ""scheduled_on_flip"": true, ""scheduled_response_window_close_lsl"": 1399200.9912644, ""scheduled_response_window_close_monotonic"": 1399200.803, ""schema_version"": 1, ""sequence_id"": ""237942804d5e24dc51a11ff9281243bab0f3fb0afd493a5da2f3cce232c141d1"", ""study_segment"": null}"
-16,dynamic_sart_trial_complete__v=1__trial=-16__condition=go__digit=9__block=-1__phase=practice__practice=1,EVENT,1399200.812,,"{""block"": -1, ""condition"": ""go"", ""correct"": true, ""cue_assignment"": null, ""cue_opportunity"": false, ""cue_opportunity_index"": null, ""cue_randomization_block_index"": null, ""digit"": 9, ""lsl_timestamp"": 1399201.0111954, ""marker_emit_attempted"": true, ""marker_stream_name"": ""EEGleMarkers"", ""marker_stream_source_id"": ""eegle-markers-dynamic_sart-run-20260820T161425-cd265ce895a2"", ""marker_stream_type"": ""Markers"", ""phase"": ""practice"", ""practice"": true, ""primary_outcome"": ""correct_go"", ""reaction_time_seconds"": 0.2958494999911636, ""schema_version"": 1, ""sequence_id"": ""237942804d5e24dc51a11ff9281243bab0f3fb0afd493a5da2f3cce232c141d1"", ""study_segment"": null, ""task"": ""dynamic_sart""}"
-17,dynamic_sart_stimulus_onset__v=1__trial=-17__condition=go__digit=7__block=-1__phase=practice__practice=1,EVENT,1399201.234,,"{""block"": -1, ""condition"": ""go"", ""cue_assignment"": null, ""cue_opportunity"": false, ""cue_opportunity_index"": null, ""cue_randomization_block_index"": null, ""digit"": 7, ""expected_visual_onset_lsl_timestamp"": 1399201.4201185, ""expected_visual_onset_monotonic"": 1399201.234, ""expected_visual_onset_uncertainty_ms"": 4.148969997186214, ""fixed_display_latency_ms"": 0.0, ""flip_lsl_timestamp"": 1399201.4201185, ""flip_monotonic"": 1399201.234, ""lsl_timestamp"": 1399201.4201185, ""marker_emit_attempted"": true, ""marker_stream_name"": ""EEGleMarkers"", ""marker_stream_source_id"": ""eegle-markers-dynamic_sart-run-20260820T161425-cd265ce895a2"", ""marker_stream_type"": ""Markers"", ""phase"": ""practice"", ""photodiode_verification_enabled"": false, ""practice"": true, ""scheduled_on_flip"": true, ""schema_version"": 1, ""sequence_id"": ""237942804d5e24dc51a11ff9281243bab0f3fb0afd493a5da2f3cce232c141d1"", ""study_segment"": null, ""task"": ""dynamic_sart"", ""timing_model"": ""psychopy_callOnFlip_plus_fixed_display_latency""}"
-17,dynamic_sart_stimulus_offset__v=1__trial=-17__condition=go__digit=7__block=-1__phase=practice__practice=1,EVENT,1399201.484,,"{""block"": -1, ""condition"": ""go"", ""cue_assignment"": null, ""cue_opportunity"": false, ""cue_opportunity_index"": null, ""cue_randomization_block_index"": null, ""digit"": 7, ""expected_visual_onset_lsl_timestamp"": 1399201.6735523, ""expected_visual_onset_monotonic"": 1399201.484, ""expected_visual_onset_uncertainty_ms"": 4.148969997186214, ""fixed_display_latency_ms"": 0.0, ""flip_lsl_timestamp"": 1399201.6735523, ""flip_monotonic"": 1399201.484, ""lsl_timestamp"": 1399201.6735523, ""marker_emit_attempted"": true, ""marker_stream_name"": ""EEGleMarkers"", ""marker_stream_source_id"": ""eegle-markers-dynamic_sart-run-20260820T161425-cd265ce895a2"", ""marker_stream_type"": ""Markers"", ""phase"": ""practice"", ""photodiode_verification_enabled"": false, ""practice"": true, ""scheduled_on_flip"": true, ""schema_version"": 1, ""sequence_id"": ""237942804d5e24dc51a11ff9281243bab0f3fb0afd493a5da2f3cce232c141d1"", ""study_segment"": null, ""task"": ""dynamic_sart"", ""timing_model"": ""psychopy_callOnFlip_plus_fixed_display_latency""}"
-17,dynamic_sart_key_event,EVENT,1399201.5264596,space,"{""assigned_block"": -1, ""assigned_phase"": ""practice"", ""event_id"": ""key-00000017"", ""hardware_timestamped"": true, ""is_escape_key"": false, ""is_late"": false, ""is_premature"": false, ""is_response_key"": true, ""keyboard_backend"": ""psychopy.hardware.keyboard.Keyboard"", ""keyboard_time"": 34.71446340018883, ""schema"": ""eegle.dynamic_sart.key_event.v1"", ""task_state"": ""RESPONSE_WINDOW_MASK"", ""timestamp_lsl_if_available"": 1399201.7152787002}"
-17,dynamic_sart_response_window_close__v=1__trial=-17__condition=go__digit=7__block=-1__phase=practice__practice=1,EVENT,1399202.828,,"{""block"": -1, ""condition"": ""go"", ""cue_assignment"": null, ""cue_opportunity"": false, ""cue_opportunity_index"": null, ""cue_randomization_block_index"": null, ""digit"": 7, ""flip_lsl_timestamp"": 1399203.0233784, ""flip_monotonic"": 1399202.828, ""lsl_timestamp"": 1399203.0233784, ""phase"": ""practice"", ""practice"": true, ""response_window_close_overshoot_seconds"": 0.0, ""scheduled_on_flip"": true, ""scheduled_response_window_close_lsl"": 1399203.0201185, ""scheduled_response_window_close_monotonic"": 1399202.834, ""schema_version"": 1, ""sequence_id"": ""237942804d5e24dc51a11ff9281243bab0f3fb0afd493a5da2f3cce232c141d1"", ""study_segment"": null}"
-17,dynamic_sart_trial_complete__v=1__trial=-17__condition=go__digit=7__block=-1__phase=practice__practice=1,EVENT,1399202.828,,"{""block"": -1, ""condition"": ""go"", ""correct"": true, ""cue_assignment"": null, ""cue_opportunity"": false, ""cue_opportunity_index"": null, ""cue_randomization_block_index"": null, ""digit"": 7, ""lsl_timestamp"": 1399203.0233784, ""marker_emit_attempted"": true, ""marker_stream_name"": ""EEGleMarkers"", ""marker_stream_source_id"": ""eegle-markers-dynamic_sart-run-20260820T161425-cd265ce895a2"", ""marker_stream_type"": ""Markers"", ""phase"": ""practice"", ""practice"": true, ""primary_outcome"": ""correct_go"", ""reaction_time_seconds"": 0.2924596001394093, ""schema_version"": 1, ""sequence_id"": ""237942804d5e24dc51a11ff9281243bab0f3fb0afd493a5da2f3cce232c141d1"", ""study_segment"": null, ""task"": ""dynamic_sart""}"
-18,dynamic_sart_stimulus_onset__v=1__trial=-18__condition=no_go__digit=3__block=-1__phase=practice__practice=1,EVENT,1399203.218,,"{""block"": -1, ""condition"": ""no_go"", ""cue_assignment"": null, ""cue_opportunity"": false, ""cue_opportunity_index"": null, ""cue_randomization_block_index"": null, ""digit"": 3, ""expected_visual_onset_lsl_timestamp"": 1399203.41023, ""expected_visual_onset_monotonic"": 1399203.218, ""expected_visual_onset_uncertainty_ms"": 4.148969997186214, ""fixed_display_latency_ms"": 0.0, ""flip_lsl_timestamp"": 1399203.41023, ""flip_monotonic"": 1399203.218, ""lsl_timestamp"": 1399203.41023, ""marker_emit_attempted"": true, ""marker_stream_name"": ""EEGleMarkers"", ""marker_stream_source_id"": ""eegle-markers-dynamic_sart-run-20260820T161425-cd265ce895a2"", ""marker_stream_type"": ""Markers"", ""phase"": ""practice"", ""photodiode_verification_enabled"": false, ""practice"": true, ""scheduled_on_flip"": true, ""schema_version"": 1, ""sequence_id"": ""237942804d5e24dc51a11ff9281243bab0f3fb0afd493a5da2f3cce232c141d1"", ""study_segment"": null, ""task"": ""dynamic_sart"", ""timing_model"": ""psychopy_callOnFlip_plus_fixed_display_latency""}"
-18,dynamic_sart_stimulus_offset__v=1__trial=-18__condition=no_go__digit=3__block=-1__phase=practice__practice=1,EVENT,1399203.468,,"{""block"": -1, ""condition"": ""no_go"", ""cue_assignment"": null, ""cue_opportunity"": false, ""cue_opportunity_index"": null, ""cue_randomization_block_index"": null, ""digit"": 3, ""expected_visual_onset_lsl_timestamp"": 1399203.6564544, ""expected_visual_onset_monotonic"": 1399203.468, ""expected_visual_onset_uncertainty_ms"": 4.148969997186214, ""fixed_display_latency_ms"": 0.0, ""flip_lsl_timestamp"": 1399203.6564544, ""flip_monotonic"": 1399203.468, ""lsl_timestamp"": 1399203.6564544, ""marker_emit_attempted"": true, ""marker_stream_name"": ""EEGleMarkers"", ""marker_stream_source_id"": ""eegle-markers-dynamic_sart-run-20260820T161425-cd265ce895a2"", ""marker_stream_type"": ""Markers"", ""phase"": ""practice"", ""photodiode_verification_enabled"": false, ""practice"": true, ""scheduled_on_flip"": true, ""schema_version"": 1, ""sequence_id"": ""237942804d5e24dc51a11ff9281243bab0f3fb0afd493a5da2f3cce232c141d1"", ""study_segment"": null, ""task"": ""dynamic_sart"", ""timing_model"": ""psychopy_callOnFlip_plus_fixed_display_latency""}"
-18,dynamic_sart_response_window_close__v=1__trial=-18__condition=no_go__digit=3__block=-1__phase=practice__practice=1,EVENT,1399204.812,,"{""block"": -1, ""condition"": ""no_go"", ""cue_assignment"": null, ""cue_opportunity"": false, ""cue_opportunity_index"": null, ""cue_randomization_block_index"": null, ""digit"": 3, ""flip_lsl_timestamp"": 1399205.0099193, ""flip_monotonic"": 1399204.812, ""lsl_timestamp"": 1399205.0099193, ""phase"": ""practice"", ""practice"": true, ""response_window_close_overshoot_seconds"": 0.0, ""scheduled_on_flip"": true, ""scheduled_response_window_close_lsl"": 1399205.0102300001, ""scheduled_response_window_close_monotonic"": 1399204.8180000002, ""schema_version"": 1, ""sequence_id"": ""237942804d5e24dc51a11ff9281243bab0f3fb0afd493a5da2f3cce232c141d1"", ""study_segment"": null}"
-18,dynamic_sart_trial_complete__v=1__trial=-18__condition=no_go__digit=3__block=-1__phase=practice__practice=1,EVENT,1399204.812,,"{""block"": -1, ""condition"": ""no_go"", ""correct"": true, ""cue_assignment"": null, ""cue_opportunity"": false, ""cue_opportunity_index"": null, ""cue_randomization_block_index"": null, ""digit"": 3, ""lsl_timestamp"": 1399205.0099193, ""marker_emit_attempted"": true, ""marker_stream_name"": ""EEGleMarkers"", ""marker_stream_source_id"": ""eegle-markers-dynamic_sart-run-20260820T161425-cd265ce895a2"", ""marker_stream_type"": ""Markers"", ""phase"": ""practice"", ""practice"": true, ""primary_outcome"": ""correct_no_go"", ""reaction_time_seconds"": null, ""schema_version"": 1, ""sequence_id"": ""237942804d5e24dc51a11ff9281243bab0f3fb0afd493a5da2f3cce232c141d1"", ""study_segment"": null, ""task"": ""dynamic_sart""}"
-19,dynamic_sart_stimulus_onset__v=1__trial=-19__condition=go__digit=8__block=-1__phase=practice__practice=1,EVENT,1399205.203,,"{""block"": -1, ""condition"": ""go"", ""cue_assignment"": null, ""cue_opportunity"": false, ""cue_opportunity_index"": null, ""cue_randomization_block_index"": null, ""digit"": 8, ""expected_visual_onset_lsl_timestamp"": 1399205.3903798, ""expected_visual_onset_monotonic"": 1399205.203, ""expected_visual_onset_uncertainty_ms"": 4.148969997186214, ""fixed_display_latency_ms"": 0.0, ""flip_lsl_timestamp"": 1399205.3903798, ""flip_monotonic"": 1399205.203, ""lsl_timestamp"": 1399205.3903798, ""marker_emit_attempted"": true, ""marker_stream_name"": ""EEGleMarkers"", ""marker_stream_source_id"": ""eegle-markers-dynamic_sart-run-20260820T161425-cd265ce895a2"", ""marker_stream_type"": ""Markers"", ""phase"": ""practice"", ""photodiode_verification_enabled"": false, ""practice"": true, ""scheduled_on_flip"": true, ""schema_version"": 1, ""sequence_id"": ""237942804d5e24dc51a11ff9281243bab0f3fb0afd493a5da2f3cce232c141d1"", ""study_segment"": null, ""task"": ""dynamic_sart"", ""timing_model"": ""psychopy_callOnFlip_plus_fixed_display_latency""}"
-19,dynamic_sart_stimulus_offset__v=1__trial=-19__condition=go__digit=8__block=-1__phase=practice__practice=1,EVENT,1399205.453,,"{""block"": -1, ""condition"": ""go"", ""cue_assignment"": null, ""cue_opportunity"": false, ""cue_opportunity_index"": null, ""cue_randomization_block_index"": null, ""digit"": 8, ""expected_visual_onset_lsl_timestamp"": 1399205.6486014, ""expected_visual_onset_monotonic"": 1399205.453, ""expected_visual_onset_uncertainty_ms"": 4.148969997186214, ""fixed_display_latency_ms"": 0.0, ""flip_lsl_timestamp"": 1399205.6486014, ""flip_monotonic"": 1399205.453, ""lsl_timestamp"": 1399205.6486014, ""marker_emit_attempted"": true, ""marker_stream_name"": ""EEGleMarkers"", ""marker_stream_source_id"": ""eegle-markers-dynamic_sart-run-20260820T161425-cd265ce895a2"", ""marker_stream_type"": ""Markers"", ""phase"": ""practice"", ""photodiode_verification_enabled"": false, ""practice"": true, ""scheduled_on_flip"": true, ""schema_version"": 1, ""sequence_id"": ""237942804d5e24dc51a11ff9281243bab0f3fb0afd493a5da2f3cce232c141d1"", ""study_segment"": null, ""task"": ""dynamic_sart"", ""timing_model"": ""psychopy_callOnFlip_plus_fixed_display_latency""}"
-19,dynamic_sart_key_event,EVENT,1399205.472481,space,"{""assigned_block"": -1, ""assigned_phase"": ""practice"", ""event_id"": ""key-00000018"", ""hardware_timestamped"": true, ""is_escape_key"": false, ""is_late"": false, ""is_premature"": false, ""is_response_key"": true, ""keyboard_backend"": ""psychopy.hardware.keyboard.Keyboard"", ""keyboard_time"": 38.66048480011523, ""schema"": ""eegle.dynamic_sart.key_event.v1"", ""task_state"": ""RESPONSE_WINDOW_MASK"", ""timestamp_lsl_if_available"": 1399205.6613001002}"
-19,dynamic_sart_response_window_close__v=1__trial=-19__condition=go__digit=8__block=-1__phase=practice__practice=1,EVENT,1399206.812,,"{""block"": -1, ""condition"": ""go"", ""cue_assignment"": null, ""cue_opportunity"": false, ""cue_opportunity_index"": null, ""cue_randomization_block_index"": null, ""digit"": 8, ""flip_lsl_timestamp"": 1399207.0102298, ""flip_monotonic"": 1399206.812, ""lsl_timestamp"": 1399207.0102298, ""phase"": ""practice"", ""practice"": true, ""response_window_close_overshoot_seconds"": 0.008999999845400453, ""scheduled_on_flip"": true, ""scheduled_response_window_close_lsl"": 1399206.9903798, ""scheduled_response_window_close_monotonic"": 1399206.803, ""schema_version"": 1, ""sequence_id"": ""237942804d5e24dc51a11ff9281243bab0f3fb0afd493a5da2f3cce232c141d1"", ""study_segment"": null}"
-19,dynamic_sart_trial_complete__v=1__trial=-19__condition=go__digit=8__block=-1__phase=practice__practice=1,EVENT,1399206.812,,"{""block"": -1, ""condition"": ""go"", ""correct"": true, ""cue_assignment"": null, ""cue_opportunity"": false, ""cue_opportunity_index"": null, ""cue_randomization_block_index"": null, ""digit"": 8, ""lsl_timestamp"": 1399207.0102298, ""marker_emit_attempted"": true, ""marker_stream_name"": ""EEGleMarkers"", ""marker_stream_source_id"": ""eegle-markers-dynamic_sart-run-20260820T161425-cd265ce895a2"", ""marker_stream_type"": ""Markers"", ""phase"": ""practice"", ""practice"": true, ""primary_outcome"": ""correct_go"", ""reaction_time_seconds"": 0.26948100002482533, ""schema_version"": 1, ""sequence_id"": ""237942804d5e24dc51a11ff9281243bab0f3fb0afd493a5da2f3cce232c141d1"", ""study_segment"": null, ""task"": ""dynamic_sart""}"
-20,dynamic_sart_stimulus_onset__v=1__trial=-20__condition=go__digit=2__block=-1__phase=practice__practice=1,EVENT,1399207.218,,"{""block"": -1, ""condition"": ""go"", ""cue_assignment"": null, ""cue_opportunity"": false, ""cue_opportunity_index"": null, ""cue_randomization_block_index"": null, ""digit"": 2, ""expected_visual_onset_lsl_timestamp"": 1399207.4099645, ""expected_visual_onset_monotonic"": 1399207.218, ""expected_visual_onset_uncertainty_ms"": 4.148969997186214, ""fixed_display_latency_ms"": 0.0, ""flip_lsl_timestamp"": 1399207.4099645, ""flip_monotonic"": 1399207.218, ""lsl_timestamp"": 1399207.4099645, ""marker_emit_attempted"": true, ""marker_stream_name"": ""EEGleMarkers"", ""marker_stream_source_id"": ""eegle-markers-dynamic_sart-run-20260820T161425-cd265ce895a2"", ""marker_stream_type"": ""Markers"", ""phase"": ""practice"", ""photodiode_verification_enabled"": false, ""practice"": true, ""scheduled_on_flip"": true, ""schema_version"": 1, ""sequence_id"": ""237942804d5e24dc51a11ff9281243bab0f3fb0afd493a5da2f3cce232c141d1"", ""study_segment"": null, ""task"": ""dynamic_sart"", ""timing_model"": ""psychopy_callOnFlip_plus_fixed_display_latency""}"
-20,dynamic_sart_stimulus_offset__v=1__trial=-20__condition=go__digit=2__block=-1__phase=practice__practice=1,EVENT,1399207.468,,"{""block"": -1, ""condition"": ""go"", ""cue_assignment"": null, ""cue_opportunity"": false, ""cue_opportunity_index"": null, ""cue_randomization_block_index"": null, ""digit"": 2, ""expected_visual_onset_lsl_timestamp"": 1399207.6648982, ""expected_visual_onset_monotonic"": 1399207.468, ""expected_visual_onset_uncertainty_ms"": 4.148969997186214, ""fixed_display_latency_ms"": 0.0, ""flip_lsl_timestamp"": 1399207.6648982, ""flip_monotonic"": 1399207.468, ""lsl_timestamp"": 1399207.6648982, ""marker_emit_attempted"": true, ""marker_stream_name"": ""EEGleMarkers"", ""marker_stream_source_id"": ""eegle-markers-dynamic_sart-run-20260820T161425-cd265ce895a2"", ""marker_stream_type"": ""Markers"", ""phase"": ""practice"", ""photodiode_verification_enabled"": false, ""practice"": true, ""scheduled_on_flip"": true, ""schema_version"": 1, ""sequence_id"": ""237942804d5e24dc51a11ff9281243bab0f3fb0afd493a5da2f3cce232c141d1"", ""study_segment"": null, ""task"": ""dynamic_sart"", ""timing_model"": ""psychopy_callOnFlip_plus_fixed_display_latency""}"
-20,dynamic_sart_key_event,EVENT,1399207.592121,space,"{""assigned_block"": -1, ""assigned_phase"": ""practice"", ""event_id"": ""key-00000019"", ""hardware_timestamped"": true, ""is_escape_key"": false, ""is_late"": false, ""is_premature"": false, ""is_response_key"": true, ""keyboard_backend"": ""psychopy.hardware.keyboard.Keyboard"", ""keyboard_time"": 40.780124800046906, ""schema"": ""eegle.dynamic_sart.key_event.v1"", ""task_state"": ""RESPONSE_WINDOW_MASK"", ""timestamp_lsl_if_available"": 1399207.7809401}"
-20,dynamic_sart_response_window_close__v=1__trial=-20__condition=go__digit=2__block=-1__phase=practice__practice=1,EVENT,1399208.812,,"{""block"": -1, ""condition"": ""go"", ""cue_assignment"": null, ""cue_opportunity"": false, ""cue_opportunity_index"": null, ""cue_randomization_block_index"": null, ""digit"": 2, ""flip_lsl_timestamp"": 1399209.0094134, ""flip_monotonic"": 1399208.812, ""lsl_timestamp"": 1399209.0094134, ""phase"": ""practice"", ""practice"": true, ""response_window_close_overshoot_seconds"": 0.0, ""scheduled_on_flip"": true, ""scheduled_response_window_close_lsl"": 1399209.0099645, ""scheduled_response_window_close_monotonic"": 1399208.8180000002, ""schema_version"": 1, ""sequence_id"": ""237942804d5e24dc51a11ff9281243bab0f3fb0afd493a5da2f3cce232c141d1"", ""study_segment"": null}"
-20,dynamic_sart_trial_complete__v=1__trial=-20__condition=go__digit=2__block=-1__phase=practice__practice=1,EVENT,1399208.812,,"{""block"": -1, ""condition"": ""go"", ""correct"": true, ""cue_assignment"": null, ""cue_opportunity"": false, ""cue_opportunity_index"": null, ""cue_randomization_block_index"": null, ""digit"": 2, ""lsl_timestamp"": 1399209.0094134, ""marker_emit_attempted"": true, ""marker_stream_name"": ""EEGleMarkers"", ""marker_stream_source_id"": ""eegle-markers-dynamic_sart-run-20260820T161425-cd265ce895a2"", ""marker_stream_type"": ""Markers"", ""phase"": ""practice"", ""practice"": true, ""primary_outcome"": ""correct_go"", ""reaction_time_seconds"": 0.37412099982611835, ""schema_version"": 1, ""sequence_id"": ""237942804d5e24dc51a11ff9281243bab0f3fb0afd493a5da2f3cce232c141d1"", ""study_segment"": null, ""task"": ""dynamic_sart""}"
-21,dynamic_sart_stimulus_onset__v=1__trial=-21__condition=go__digit=1__block=-1__phase=practice__practice=1,EVENT,1399209.218,,"{""block"": -1, ""condition"": ""go"", ""cue_assignment"": null, ""cue_opportunity"": false, ""cue_opportunity_index"": null, ""cue_randomization_block_index"": null, ""digit"": 1, ""expected_visual_onset_lsl_timestamp"": 1399209.4092894, ""expected_visual_onset_monotonic"": 1399209.218, ""expected_visual_onset_uncertainty_ms"": 4.148969997186214, ""fixed_display_latency_ms"": 0.0, ""flip_lsl_timestamp"": 1399209.4092894, ""flip_monotonic"": 1399209.218, ""lsl_timestamp"": 1399209.4092894, ""marker_emit_attempted"": true, ""marker_stream_name"": ""EEGleMarkers"", ""marker_stream_source_id"": ""eegle-markers-dynamic_sart-run-20260820T161425-cd265ce895a2"", ""marker_stream_type"": ""Markers"", ""phase"": ""practice"", ""photodiode_verification_enabled"": false, ""practice"": true, ""scheduled_on_flip"": true, ""schema_version"": 1, ""sequence_id"": ""237942804d5e24dc51a11ff9281243bab0f3fb0afd493a5da2f3cce232c141d1"", ""study_segment"": null, ""task"": ""dynamic_sart"", ""timing_model"": ""psychopy_callOnFlip_plus_fixed_display_latency""}"
-21,dynamic_sart_stimulus_offset__v=1__trial=-21__condition=go__digit=1__block=-1__phase=practice__practice=1,EVENT,1399209.468,,"{""block"": -1, ""condition"": ""go"", ""cue_assignment"": null, ""cue_opportunity"": false, ""cue_opportunity_index"": null, ""cue_randomization_block_index"": null, ""digit"": 1, ""expected_visual_onset_lsl_timestamp"": 1399209.664789, ""expected_visual_onset_monotonic"": 1399209.468, ""expected_visual_onset_uncertainty_ms"": 4.148969997186214, ""fixed_display_latency_ms"": 0.0, ""flip_lsl_timestamp"": 1399209.664789, ""flip_monotonic"": 1399209.468, ""lsl_timestamp"": 1399209.664789, ""marker_emit_attempted"": true, ""marker_stream_name"": ""EEGleMarkers"", ""marker_stream_source_id"": ""eegle-markers-dynamic_sart-run-20260820T161425-cd265ce895a2"", ""marker_stream_type"": ""Markers"", ""phase"": ""practice"", ""photodiode_verification_enabled"": false, ""practice"": true, ""scheduled_on_flip"": true, ""schema_version"": 1, ""sequence_id"": ""237942804d5e24dc51a11ff9281243bab0f3fb0afd493a5da2f3cce232c141d1"", ""study_segment"": null, ""task"": ""dynamic_sart"", ""timing_model"": ""psychopy_callOnFlip_plus_fixed_display_latency""}"
-21,dynamic_sart_key_event,EVENT,1399209.5207616,space,"{""assigned_block"": -1, ""assigned_phase"": ""practice"", ""event_id"": ""key-00000020"", ""hardware_timestamped"": true, ""is_escape_key"": false, ""is_late"": false, ""is_premature"": false, ""is_response_key"": true, ""keyboard_backend"": ""psychopy.hardware.keyboard.Keyboard"", ""keyboard_time"": 42.70876540010795, ""schema"": ""eegle.dynamic_sart.key_event.v1"", ""task_state"": ""RESPONSE_WINDOW_MASK"", ""timestamp_lsl_if_available"": 1399209.7095807001}"
-21,dynamic_sart_response_window_close__v=1__trial=-21__condition=go__digit=1__block=-1__phase=practice__practice=1,EVENT,1399210.812,,"{""block"": -1, ""condition"": ""go"", ""cue_assignment"": null, ""cue_opportunity"": false, ""cue_opportunity_index"": null, ""cue_randomization_block_index"": null, ""digit"": 1, ""flip_lsl_timestamp"": 1399211.0063274, ""flip_monotonic"": 1399210.812, ""lsl_timestamp"": 1399211.0063274, ""phase"": ""practice"", ""practice"": true, ""response_window_close_overshoot_seconds"": 0.0, ""scheduled_on_flip"": true, ""scheduled_response_window_close_lsl"": 1399211.0092894002, ""scheduled_response_window_close_monotonic"": 1399210.8180000002, ""schema_version"": 1, ""sequence_id"": ""237942804d5e24dc51a11ff9281243bab0f3fb0afd493a5da2f3cce232c141d1"", ""study_segment"": null}"
-21,dynamic_sart_trial_complete__v=1__trial=-21__condition=go__digit=1__block=-1__phase=practice__practice=1,EVENT,1399210.812,,"{""block"": -1, ""condition"": ""go"", ""correct"": true, ""cue_assignment"": null, ""cue_opportunity"": false, ""cue_opportunity_index"": null, ""cue_randomization_block_index"": null, ""digit"": 1, ""lsl_timestamp"": 1399211.0063274, ""marker_emit_attempted"": true, ""marker_stream_name"": ""EEGleMarkers"", ""marker_stream_source_id"": ""eegle-markers-dynamic_sart-run-20260820T161425-cd265ce895a2"", ""marker_stream_type"": ""Markers"", ""phase"": ""practice"", ""practice"": true, ""primary_outcome"": ""correct_go"", ""reaction_time_seconds"": 0.30276159988716245, ""schema_version"": 1, ""sequence_id"": ""237942804d5e24dc51a11ff9281243bab0f3fb0afd493a5da2f3cce232c141d1"", ""study_segment"": null, ""task"": ""dynamic_sart""}"
-22,dynamic_sart_stimulus_onset__v=1__trial=-22__condition=no_go__digit=3__block=-1__phase=practice__practice=1,EVENT,1399211.203,,"{""block"": -1, ""condition"": ""no_go"", ""cue_assignment"": null, ""cue_opportunity"": false, ""cue_opportunity_index"": null, ""cue_randomization_block_index"": null, ""digit"": 3, ""expected_visual_onset_lsl_timestamp"": 1399211.3902657, ""expected_visual_onset_monotonic"": 1399211.203, ""expected_visual_onset_uncertainty_ms"": 4.148969997186214, ""fixed_display_latency_ms"": 0.0, ""flip_lsl_timestamp"": 1399211.3902657, ""flip_monotonic"": 1399211.203, ""lsl_timestamp"": 1399211.3902657, ""marker_emit_attempted"": true, ""marker_stream_name"": ""EEGleMarkers"", ""marker_stream_source_id"": ""eegle-markers-dynamic_sart-run-20260820T161425-cd265ce895a2"", ""marker_stream_type"": ""Markers"", ""phase"": ""practice"", ""photodiode_verification_enabled"": false, ""practice"": true, ""scheduled_on_flip"": true, ""schema_version"": 1, ""sequence_id"": ""237942804d5e24dc51a11ff9281243bab0f3fb0afd493a5da2f3cce232c141d1"", ""study_segment"": null, ""task"": ""dynamic_sart"", ""timing_model"": ""psychopy_callOnFlip_plus_fixed_display_latency""}"
-22,dynamic_sart_stimulus_offset__v=1__trial=-22__condition=no_go__digit=3__block=-1__phase=practice__practice=1,EVENT,1399211.453,,"{""block"": -1, ""condition"": ""no_go"", ""cue_assignment"": null, ""cue_opportunity"": false, ""cue_opportunity_index"": null, ""cue_randomization_block_index"": null, ""digit"": 3, ""expected_visual_onset_lsl_timestamp"": 1399211.6482408, ""expected_visual_onset_monotonic"": 1399211.453, ""expected_visual_onset_uncertainty_ms"": 4.148969997186214, ""fixed_display_latency_ms"": 0.0, ""flip_lsl_timestamp"": 1399211.6482408, ""flip_monotonic"": 1399211.453, ""lsl_timestamp"": 1399211.6482408, ""marker_emit_attempted"": true, ""marker_stream_name"": ""EEGleMarkers"", ""marker_stream_source_id"": ""eegle-markers-dynamic_sart-run-20260820T161425-cd265ce895a2"", ""marker_stream_type"": ""Markers"", ""phase"": ""practice"", ""photodiode_verification_enabled"": false, ""practice"": true, ""scheduled_on_flip"": true, ""schema_version"": 1, ""sequence_id"": ""237942804d5e24dc51a11ff9281243bab0f3fb0afd493a5da2f3cce232c141d1"", ""study_segment"": null, ""task"": ""dynamic_sart"", ""timing_model"": ""psychopy_callOnFlip_plus_fixed_display_latency""}"
-22,dynamic_sart_key_event,EVENT,1399211.4752969,space,"{""assigned_block"": -1, ""assigned_phase"": ""practice"", ""event_id"": ""key-00000021"", ""hardware_timestamped"": true, ""is_escape_key"": false, ""is_late"": false, ""is_premature"": false, ""is_response_key"": true, ""keyboard_backend"": ""psychopy.hardware.keyboard.Keyboard"", ""keyboard_time"": 44.663300700020045, ""schema"": ""eegle.dynamic_sart.key_event.v1"", ""task_state"": ""RESPONSE_WINDOW_MASK"", ""timestamp_lsl_if_available"": 1399211.664116}"
-22,dynamic_sart_response_window_close__v=1__trial=-22__condition=no_go__digit=3__block=-1__phase=practice__practice=1,EVENT,1399212.812,,"{""block"": -1, ""condition"": ""no_go"", ""cue_assignment"": null, ""cue_opportunity"": false, ""cue_opportunity_index"": null, ""cue_randomization_block_index"": null, ""digit"": 3, ""flip_lsl_timestamp"": 1399213.0099937, ""flip_monotonic"": 1399212.812, ""lsl_timestamp"": 1399213.0099937, ""phase"": ""practice"", ""practice"": true, ""response_window_close_overshoot_seconds"": 0.008999999845400453, ""scheduled_on_flip"": true, ""scheduled_response_window_close_lsl"": 1399212.9902657, ""scheduled_response_window_close_monotonic"": 1399212.803, ""schema_version"": 1, ""sequence_id"": ""237942804d5e24dc51a11ff9281243bab0f3fb0afd493a5da2f3cce232c141d1"", ""study_segment"": null}"
-22,dynamic_sart_trial_complete__v=1__trial=-22__condition=no_go__digit=3__block=-1__phase=practice__practice=1,EVENT,1399212.812,,"{""block"": -1, ""condition"": ""no_go"", ""correct"": false, ""cue_assignment"": null, ""cue_opportunity"": false, ""cue_opportunity_index"": null, ""cue_randomization_block_index"": null, ""digit"": 3, ""lsl_timestamp"": 1399213.0099937, ""marker_emit_attempted"": true, ""marker_stream_name"": ""EEGleMarkers"", ""marker_stream_source_id"": ""eegle-markers-dynamic_sart-run-20260820T161425-cd265ce895a2"", ""marker_stream_type"": ""Markers"", ""phase"": ""practice"", ""practice"": true, ""primary_outcome"": ""commission_error"", ""reaction_time_seconds"": 0.2722968999296427, ""schema_version"": 1, ""sequence_id"": ""237942804d5e24dc51a11ff9281243bab0f3fb0afd493a5da2f3cce232c141d1"", ""study_segment"": null, ""task"": ""dynamic_sart""}"
-23,dynamic_sart_stimulus_onset__v=1__trial=-23__condition=go__digit=6__block=-1__phase=practice__practice=1,EVENT,1399213.218,,"{""block"": -1, ""condition"": ""go"", ""cue_assignment"": null, ""cue_opportunity"": false, ""cue_opportunity_index"": null, ""cue_randomization_block_index"": null, ""digit"": 6, ""expected_visual_onset_lsl_timestamp"": 1399213.4175227, ""expected_visual_onset_monotonic"": 1399213.218, ""expected_visual_onset_uncertainty_ms"": 4.148969997186214, ""fixed_display_latency_ms"": 0.0, ""flip_lsl_timestamp"": 1399213.4175227, ""flip_monotonic"": 1399213.218, ""lsl_timestamp"": 1399213.4175227, ""marker_emit_attempted"": true, ""marker_stream_name"": ""EEGleMarkers"", ""marker_stream_source_id"": ""eegle-markers-dynamic_sart-run-20260820T161425-cd265ce895a2"", ""marker_stream_type"": ""Markers"", ""phase"": ""practice"", ""photodiode_verification_enabled"": false, ""practice"": true, ""scheduled_on_flip"": true, ""schema_version"": 1, ""sequence_id"": ""237942804d5e24dc51a11ff9281243bab0f3fb0afd493a5da2f3cce232c141d1"", ""study_segment"": null, ""task"": ""dynamic_sart"", ""timing_model"": ""psychopy_callOnFlip_plus_fixed_display_latency""}"
-23,dynamic_sart_stimulus_offset__v=1__trial=-23__condition=go__digit=6__block=-1__phase=practice__practice=1,EVENT,1399213.468,,"{""block"": -1, ""condition"": ""go"", ""cue_assignment"": null, ""cue_opportunity"": false, ""cue_opportunity_index"": null, ""cue_randomization_block_index"": null, ""digit"": 6, ""expected_visual_onset_lsl_timestamp"": 1399213.6650673, ""expected_visual_onset_monotonic"": 1399213.468, ""expected_visual_onset_uncertainty_ms"": 4.148969997186214, ""fixed_display_latency_ms"": 0.0, ""flip_lsl_timestamp"": 1399213.6650673, ""flip_monotonic"": 1399213.468, ""lsl_timestamp"": 1399213.6650673, ""marker_emit_attempted"": true, ""marker_stream_name"": ""EEGleMarkers"", ""marker_stream_source_id"": ""eegle-markers-dynamic_sart-run-20260820T161425-cd265ce895a2"", ""marker_stream_type"": ""Markers"", ""phase"": ""practice"", ""photodiode_verification_enabled"": false, ""practice"": true, ""scheduled_on_flip"": true, ""schema_version"": 1, ""sequence_id"": ""237942804d5e24dc51a11ff9281243bab0f3fb0afd493a5da2f3cce232c141d1"", ""study_segment"": null, ""task"": ""dynamic_sart"", ""timing_model"": ""psychopy_callOnFlip_plus_fixed_display_latency""}"
-23,dynamic_sart_key_event,EVENT,1399213.7461525,space,"{""assigned_block"": -1, ""assigned_phase"": ""practice"", ""event_id"": ""key-00000022"", ""hardware_timestamped"": true, ""is_escape_key"": false, ""is_late"": false, ""is_premature"": false, ""is_response_key"": true, ""keyboard_backend"": ""psychopy.hardware.keyboard.Keyboard"", ""keyboard_time"": 46.934156300034374, ""schema"": ""eegle.dynamic_sart.key_event.v1"", ""task_state"": ""RESPONSE_WINDOW_MASK"", ""timestamp_lsl_if_available"": 1399213.9349716}"
-23,dynamic_sart_response_window_close__v=1__trial=-23__condition=go__digit=6__block=-1__phase=practice__practice=1,EVENT,1399214.812,,"{""block"": -1, ""condition"": ""go"", ""cue_assignment"": null, ""cue_opportunity"": false, ""cue_opportunity_index"": null, ""cue_randomization_block_index"": null, ""digit"": 6, ""flip_lsl_timestamp"": 1399215.0070785, ""flip_monotonic"": 1399214.812, ""lsl_timestamp"": 1399215.0070785, ""phase"": ""practice"", ""practice"": true, ""response_window_close_overshoot_seconds"": 0.0, ""scheduled_on_flip"": true, ""scheduled_response_window_close_lsl"": 1399215.0175227001, ""scheduled_response_window_close_monotonic"": 1399214.8180000002, ""schema_version"": 1, ""sequence_id"": ""237942804d5e24dc51a11ff9281243bab0f3fb0afd493a5da2f3cce232c141d1"", ""study_segment"": null}"
-23,dynamic_sart_trial_complete__v=1__trial=-23__condition=go__digit=6__block=-1__phase=practice__practice=1,EVENT,1399214.812,,"{""block"": -1, ""condition"": ""go"", ""correct"": true, ""cue_assignment"": null, ""cue_opportunity"": false, ""cue_opportunity_index"": null, ""cue_randomization_block_index"": null, ""digit"": 6, ""lsl_timestamp"": 1399215.0070785, ""marker_emit_attempted"": true, ""marker_stream_name"": ""EEGleMarkers"", ""marker_stream_source_id"": ""eegle-markers-dynamic_sart-run-20260820T161425-cd265ce895a2"", ""marker_stream_type"": ""Markers"", ""phase"": ""practice"", ""practice"": true, ""primary_outcome"": ""correct_go"", ""reaction_time_seconds"": 0.5281524998135865, ""schema_version"": 1, ""sequence_id"": ""237942804d5e24dc51a11ff9281243bab0f3fb0afd493a5da2f3cce232c141d1"", ""study_segment"": null, ""task"": ""dynamic_sart""}"
-24,dynamic_sart_stimulus_onset__v=1__trial=-24__condition=go__digit=5__block=-1__phase=practice__practice=1,EVENT,1399215.203,,"{""block"": -1, ""condition"": ""go"", ""cue_assignment"": null, ""cue_opportunity"": false, ""cue_opportunity_index"": null, ""cue_randomization_block_index"": null, ""digit"": 5, ""expected_visual_onset_lsl_timestamp"": 1399215.390532, ""expected_visual_onset_monotonic"": 1399215.203, ""expected_visual_onset_uncertainty_ms"": 4.148969997186214, ""fixed_display_latency_ms"": 0.0, ""flip_lsl_timestamp"": 1399215.390532, ""flip_monotonic"": 1399215.203, ""lsl_timestamp"": 1399215.390532, ""marker_emit_attempted"": true, ""marker_stream_name"": ""EEGleMarkers"", ""marker_stream_source_id"": ""eegle-markers-dynamic_sart-run-20260820T161425-cd265ce895a2"", ""marker_stream_type"": ""Markers"", ""phase"": ""practice"", ""photodiode_verification_enabled"": false, ""practice"": true, ""scheduled_on_flip"": true, ""schema_version"": 1, ""sequence_id"": ""237942804d5e24dc51a11ff9281243bab0f3fb0afd493a5da2f3cce232c141d1"", ""study_segment"": null, ""task"": ""dynamic_sart"", ""timing_model"": ""psychopy_callOnFlip_plus_fixed_display_latency""}"
-24,dynamic_sart_stimulus_offset__v=1__trial=-24__condition=go__digit=5__block=-1__phase=practice__practice=1,EVENT,1399215.453,,"{""block"": -1, ""condition"": ""go"", ""cue_assignment"": null, ""cue_opportunity"": false, ""cue_opportunity_index"": null, ""cue_randomization_block_index"": null, ""digit"": 5, ""expected_visual_onset_lsl_timestamp"": 1399215.6513602, ""expected_visual_onset_monotonic"": 1399215.453, ""expected_visual_onset_uncertainty_ms"": 4.148969997186214, ""fixed_display_latency_ms"": 0.0, ""flip_lsl_timestamp"": 1399215.6513602, ""flip_monotonic"": 1399215.453, ""lsl_timestamp"": 1399215.6513602, ""marker_emit_attempted"": true, ""marker_stream_name"": ""EEGleMarkers"", ""marker_stream_source_id"": ""eegle-markers-dynamic_sart-run-20260820T161425-cd265ce895a2"", ""marker_stream_type"": ""Markers"", ""phase"": ""practice"", ""photodiode_verification_enabled"": false, ""practice"": true, ""scheduled_on_flip"": true, ""schema_version"": 1, ""sequence_id"": ""237942804d5e24dc51a11ff9281243bab0f3fb0afd493a5da2f3cce232c141d1"", ""study_segment"": null, ""task"": ""dynamic_sart"", ""timing_model"": ""psychopy_callOnFlip_plus_fixed_display_latency""}"
-24,dynamic_sart_key_event,EVENT,1399215.5841713,space,"{""assigned_block"": -1, ""assigned_phase"": ""practice"", ""event_id"": ""key-00000023"", ""hardware_timestamped"": true, ""is_escape_key"": false, ""is_late"": false, ""is_premature"": false, ""is_response_key"": true, ""keyboard_backend"": ""psychopy.hardware.keyboard.Keyboard"", ""keyboard_time"": 48.77217510016635, ""schema"": ""eegle.dynamic_sart.key_event.v1"", ""task_state"": ""RESPONSE_WINDOW_MASK"", ""timestamp_lsl_if_available"": 1399215.7729904002}"
-24,dynamic_sart_response_window_close__v=1__trial=-24__condition=go__digit=5__block=-1__phase=practice__practice=1,EVENT,1399216.812,,"{""block"": -1, ""condition"": ""go"", ""cue_assignment"": null, ""cue_opportunity"": false, ""cue_opportunity_index"": null, ""cue_randomization_block_index"": null, ""digit"": 5, ""flip_lsl_timestamp"": 1399217.0094539, ""flip_monotonic"": 1399216.812, ""lsl_timestamp"": 1399217.0094539, ""phase"": ""practice"", ""practice"": true, ""response_window_close_overshoot_seconds"": 0.008999999845400453, ""scheduled_on_flip"": true, ""scheduled_response_window_close_lsl"": 1399216.990532, ""scheduled_response_window_close_monotonic"": 1399216.803, ""schema_version"": 1, ""sequence_id"": ""237942804d5e24dc51a11ff9281243bab0f3fb0afd493a5da2f3cce232c141d1"", ""study_segment"": null}"
-24,dynamic_sart_trial_complete__v=1__trial=-24__condition=go__digit=5__block=-1__phase=practice__practice=1,EVENT,1399216.812,,"{""block"": -1, ""condition"": ""go"", ""correct"": true, ""cue_assignment"": null, ""cue_opportunity"": false, ""cue_opportunity_index"": null, ""cue_randomization_block_index"": null, ""digit"": 5, ""lsl_timestamp"": 1399217.0094539, ""marker_emit_attempted"": true, ""marker_stream_name"": ""EEGleMarkers"", ""marker_stream_source_id"": ""eegle-markers-dynamic_sart-run-20260820T161425-cd265ce895a2"", ""marker_stream_type"": ""Markers"", ""phase"": ""practice"", ""practice"": true, ""primary_outcome"": ""correct_go"", ""reaction_time_seconds"": 0.38117130007594824, ""schema_version"": 1, ""sequence_id"": ""237942804d5e24dc51a11ff9281243bab0f3fb0afd493a5da2f3cce232c141d1"", ""study_segment"": null, ""task"": ""dynamic_sart""}"
-25,dynamic_sart_stimulus_onset__v=1__trial=-25__condition=go__digit=2__block=-1__phase=practice__practice=1,EVENT,1399217.218,,"{""block"": -1, ""condition"": ""go"", ""cue_assignment"": null, ""cue_opportunity"": false, ""cue_opportunity_index"": null, ""cue_randomization_block_index"": null, ""digit"": 2, ""expected_visual_onset_lsl_timestamp"": 1399217.4149587, ""expected_visual_onset_monotonic"": 1399217.218, ""expected_visual_onset_uncertainty_ms"": 4.148969997186214, ""fixed_display_latency_ms"": 0.0, ""flip_lsl_timestamp"": 1399217.4149587, ""flip_monotonic"": 1399217.218, ""lsl_timestamp"": 1399217.4149587, ""marker_emit_attempted"": true, ""marker_stream_name"": ""EEGleMarkers"", ""marker_stream_source_id"": ""eegle-markers-dynamic_sart-run-20260820T161425-cd265ce895a2"", ""marker_stream_type"": ""Markers"", ""phase"": ""practice"", ""photodiode_verification_enabled"": false, ""practice"": true, ""scheduled_on_flip"": true, ""schema_version"": 1, ""sequence_id"": ""237942804d5e24dc51a11ff9281243bab0f3fb0afd493a5da2f3cce232c141d1"", ""study_segment"": null, ""task"": ""dynamic_sart"", ""timing_model"": ""psychopy_callOnFlip_plus_fixed_display_latency""}"
-25,dynamic_sart_stimulus_offset__v=1__trial=-25__condition=go__digit=2__block=-1__phase=practice__practice=1,EVENT,1399217.468,,"{""block"": -1, ""condition"": ""go"", ""cue_assignment"": null, ""cue_opportunity"": false, ""cue_opportunity_index"": null, ""cue_randomization_block_index"": null, ""digit"": 2, ""expected_visual_onset_lsl_timestamp"": 1399217.6646392, ""expected_visual_onset_monotonic"": 1399217.468, ""expected_visual_onset_uncertainty_ms"": 4.148969997186214, ""fixed_display_latency_ms"": 0.0, ""flip_lsl_timestamp"": 1399217.6646392, ""flip_monotonic"": 1399217.468, ""lsl_timestamp"": 1399217.6646392, ""marker_emit_attempted"": true, ""marker_stream_name"": ""EEGleMarkers"", ""marker_stream_source_id"": ""eegle-markers-dynamic_sart-run-20260820T161425-cd265ce895a2"", ""marker_stream_type"": ""Markers"", ""phase"": ""practice"", ""photodiode_verification_enabled"": false, ""practice"": true, ""scheduled_on_flip"": true, ""schema_version"": 1, ""sequence_id"": ""237942804d5e24dc51a11ff9281243bab0f3fb0afd493a5da2f3cce232c141d1"", ""study_segment"": null, ""task"": ""dynamic_sart"", ""timing_model"": ""psychopy_callOnFlip_plus_fixed_display_latency""}"
-25,dynamic_sart_key_event,EVENT,1399217.531366,space,"{""assigned_block"": -1, ""assigned_phase"": ""practice"", ""event_id"": ""key-00000024"", ""hardware_timestamped"": true, ""is_escape_key"": false, ""is_late"": false, ""is_premature"": false, ""is_response_key"": true, ""keyboard_backend"": ""psychopy.hardware.keyboard.Keyboard"", ""keyboard_time"": 50.71936980006285, ""schema"": ""eegle.dynamic_sart.key_event.v1"", ""task_state"": ""RESPONSE_WINDOW_MASK"", ""timestamp_lsl_if_available"": 1399217.7201851}"
-25,dynamic_sart_response_window_close__v=1__trial=-25__condition=go__digit=2__block=-1__phase=practice__practice=1,EVENT,1399218.812,,"{""block"": -1, ""condition"": ""go"", ""cue_assignment"": null, ""cue_opportunity"": false, ""cue_opportunity_index"": null, ""cue_randomization_block_index"": null, ""digit"": 2, ""flip_lsl_timestamp"": 1399219.0064011, ""flip_monotonic"": 1399218.812, ""lsl_timestamp"": 1399219.0064011, ""phase"": ""practice"", ""practice"": true, ""response_window_close_overshoot_seconds"": 0.0, ""scheduled_on_flip"": true, ""scheduled_response_window_close_lsl"": 1399219.0149587002, ""scheduled_response_window_close_monotonic"": 1399218.8180000002, ""schema_version"": 1, ""sequence_id"": ""237942804d5e24dc51a11ff9281243bab0f3fb0afd493a5da2f3cce232c141d1"", ""study_segment"": null}"
-25,dynamic_sart_trial_complete__v=1__trial=-25__condition=go__digit=2__block=-1__phase=practice__practice=1,EVENT,1399218.812,,"{""block"": -1, ""condition"": ""go"", ""correct"": true, ""cue_assignment"": null, ""cue_opportunity"": false, ""cue_opportunity_index"": null, ""cue_randomization_block_index"": null, ""digit"": 2, ""lsl_timestamp"": 1399219.0064011, ""marker_emit_attempted"": true, ""marker_stream_name"": ""EEGleMarkers"", ""marker_stream_source_id"": ""eegle-markers-dynamic_sart-run-20260820T161425-cd265ce895a2"", ""marker_stream_type"": ""Markers"", ""phase"": ""practice"", ""practice"": true, ""primary_outcome"": ""correct_go"", ""reaction_time_seconds"": 0.3133659998420626, ""schema_version"": 1, ""sequence_id"": ""237942804d5e24dc51a11ff9281243bab0f3fb0afd493a5da2f3cce232c141d1"", ""study_segment"": null, ""task"": ""dynamic_sart""}"
-26,dynamic_sart_stimulus_onset__v=1__trial=-26__condition=go__digit=4__block=-1__phase=practice__practice=1,EVENT,1399219.203,,"{""block"": -1, ""condition"": ""go"", ""cue_assignment"": null, ""cue_opportunity"": false, ""cue_opportunity_index"": null, ""cue_randomization_block_index"": null, ""digit"": 4, ""expected_visual_onset_lsl_timestamp"": 1399219.3910869, ""expected_visual_onset_monotonic"": 1399219.203, ""expected_visual_onset_uncertainty_ms"": 4.148969997186214, ""fixed_display_latency_ms"": 0.0, ""flip_lsl_timestamp"": 1399219.3910869, ""flip_monotonic"": 1399219.203, ""lsl_timestamp"": 1399219.3910869, ""marker_emit_attempted"": true, ""marker_stream_name"": ""EEGleMarkers"", ""marker_stream_source_id"": ""eegle-markers-dynamic_sart-run-20260820T161425-cd265ce895a2"", ""marker_stream_type"": ""Markers"", ""phase"": ""practice"", ""photodiode_verification_enabled"": false, ""practice"": true, ""scheduled_on_flip"": true, ""schema_version"": 1, ""sequence_id"": ""237942804d5e24dc51a11ff9281243bab0f3fb0afd493a5da2f3cce232c141d1"", ""study_segment"": null, ""task"": ""dynamic_sart"", ""timing_model"": ""psychopy_callOnFlip_plus_fixed_display_latency""}"
-26,dynamic_sart_stimulus_offset__v=1__trial=-26__condition=go__digit=4__block=-1__phase=practice__practice=1,EVENT,1399219.453,,"{""block"": -1, ""condition"": ""go"", ""cue_assignment"": null, ""cue_opportunity"": false, ""cue_opportunity_index"": null, ""cue_randomization_block_index"": null, ""digit"": 4, ""expected_visual_onset_lsl_timestamp"": 1399219.6506043, ""expected_visual_onset_monotonic"": 1399219.453, ""expected_visual_onset_uncertainty_ms"": 4.148969997186214, ""fixed_display_latency_ms"": 0.0, ""flip_lsl_timestamp"": 1399219.6506043, ""flip_monotonic"": 1399219.453, ""lsl_timestamp"": 1399219.6506043, ""marker_emit_attempted"": true, ""marker_stream_name"": ""EEGleMarkers"", ""marker_stream_source_id"": ""eegle-markers-dynamic_sart-run-20260820T161425-cd265ce895a2"", ""marker_stream_type"": ""Markers"", ""phase"": ""practice"", ""photodiode_verification_enabled"": false, ""practice"": true, ""scheduled_on_flip"": true, ""schema_version"": 1, ""sequence_id"": ""237942804d5e24dc51a11ff9281243bab0f3fb0afd493a5da2f3cce232c141d1"", ""study_segment"": null, ""task"": ""dynamic_sart"", ""timing_model"": ""psychopy_callOnFlip_plus_fixed_display_latency""}"
-26,dynamic_sart_key_event,EVENT,1399219.4672647,space,"{""assigned_block"": -1, ""assigned_phase"": ""practice"", ""event_id"": ""key-00000025"", ""hardware_timestamped"": true, ""is_escape_key"": false, ""is_late"": false, ""is_premature"": false, ""is_response_key"": true, ""keyboard_backend"": ""psychopy.hardware.keyboard.Keyboard"", ""keyboard_time"": 52.65526850009337, ""schema"": ""eegle.dynamic_sart.key_event.v1"", ""task_state"": ""RESPONSE_WINDOW_MASK"", ""timestamp_lsl_if_available"": 1399219.6560838001}"
-26,dynamic_sart_response_window_close__v=1__trial=-26__condition=go__digit=4__block=-1__phase=practice__practice=1,EVENT,1399220.812,,"{""block"": -1, ""condition"": ""go"", ""cue_assignment"": null, ""cue_opportunity"": false, ""cue_opportunity_index"": null, ""cue_randomization_block_index"": null, ""digit"": 4, ""flip_lsl_timestamp"": 1399221.0093858, ""flip_monotonic"": 1399220.812, ""lsl_timestamp"": 1399221.0093858, ""phase"": ""practice"", ""practice"": true, ""response_window_close_overshoot_seconds"": 0.008999999845400453, ""scheduled_on_flip"": true, ""scheduled_response_window_close_lsl"": 1399220.9910869, ""scheduled_response_window_close_monotonic"": 1399220.803, ""schema_version"": 1, ""sequence_id"": ""237942804d5e24dc51a11ff9281243bab0f3fb0afd493a5da2f3cce232c141d1"", ""study_segment"": null}"
-26,dynamic_sart_trial_complete__v=1__trial=-26__condition=go__digit=4__block=-1__phase=practice__practice=1,EVENT,1399220.812,,"{""block"": -1, ""condition"": ""go"", ""correct"": true, ""cue_assignment"": null, ""cue_opportunity"": false, ""cue_opportunity_index"": null, ""cue_randomization_block_index"": null, ""digit"": 4, ""lsl_timestamp"": 1399221.0093858, ""marker_emit_attempted"": true, ""marker_stream_name"": ""EEGleMarkers"", ""marker_stream_source_id"": ""eegle-markers-dynamic_sart-run-20260820T161425-cd265ce895a2"", ""marker_stream_type"": ""Markers"", ""phase"": ""practice"", ""practice"": true, ""primary_outcome"": ""correct_go"", ""reaction_time_seconds"": 0.2642647000029683, ""schema_version"": 1, ""sequence_id"": ""237942804d5e24dc51a11ff9281243bab0f3fb0afd493a5da2f3cce232c141d1"", ""study_segment"": null, ""task"": ""dynamic_sart""}"
-27,dynamic_sart_stimulus_onset__v=1__trial=-27__condition=go__digit=8__block=-1__phase=practice__practice=1,EVENT,1399221.218,,"{""block"": -1, ""condition"": ""go"", ""cue_assignment"": null, ""cue_opportunity"": false, ""cue_opportunity_index"": null, ""cue_randomization_block_index"": null, ""digit"": 8, ""expected_visual_onset_lsl_timestamp"": 1399221.4149119, ""expected_visual_onset_monotonic"": 1399221.218, ""expected_visual_onset_uncertainty_ms"": 4.148969997186214, ""fixed_display_latency_ms"": 0.0, ""flip_lsl_timestamp"": 1399221.4149119, ""flip_monotonic"": 1399221.218, ""lsl_timestamp"": 1399221.4149119, ""marker_emit_attempted"": true, ""marker_stream_name"": ""EEGleMarkers"", ""marker_stream_source_id"": ""eegle-markers-dynamic_sart-run-20260820T161425-cd265ce895a2"", ""marker_stream_type"": ""Markers"", ""phase"": ""practice"", ""photodiode_verification_enabled"": false, ""practice"": true, ""scheduled_on_flip"": true, ""schema_version"": 1, ""sequence_id"": ""237942804d5e24dc51a11ff9281243bab0f3fb0afd493a5da2f3cce232c141d1"", ""study_segment"": null, ""task"": ""dynamic_sart"", ""timing_model"": ""psychopy_callOnFlip_plus_fixed_display_latency""}"
-27,dynamic_sart_stimulus_offset__v=1__trial=-27__condition=go__digit=8__block=-1__phase=practice__practice=1,EVENT,1399221.468,,"{""block"": -1, ""condition"": ""go"", ""cue_assignment"": null, ""cue_opportunity"": false, ""cue_opportunity_index"": null, ""cue_randomization_block_index"": null, ""digit"": 8, ""expected_visual_onset_lsl_timestamp"": 1399221.6651586, ""expected_visual_onset_monotonic"": 1399221.468, ""expected_visual_onset_uncertainty_ms"": 4.148969997186214, ""fixed_display_latency_ms"": 0.0, ""flip_lsl_timestamp"": 1399221.6651586, ""flip_monotonic"": 1399221.468, ""lsl_timestamp"": 1399221.6651586, ""marker_emit_attempted"": true, ""marker_stream_name"": ""EEGleMarkers"", ""marker_stream_source_id"": ""eegle-markers-dynamic_sart-run-20260820T161425-cd265ce895a2"", ""marker_stream_type"": ""Markers"", ""phase"": ""practice"", ""photodiode_verification_enabled"": false, ""practice"": true, ""scheduled_on_flip"": true, ""schema_version"": 1, ""sequence_id"": ""237942804d5e24dc51a11ff9281243bab0f3fb0afd493a5da2f3cce232c141d1"", ""study_segment"": null, ""task"": ""dynamic_sart"", ""timing_model"": ""psychopy_callOnFlip_plus_fixed_display_latency""}"
-27,dynamic_sart_key_event,EVENT,1399221.5375047,space,"{""assigned_block"": -1, ""assigned_phase"": ""practice"", ""event_id"": ""key-00000026"", ""hardware_timestamped"": true, ""is_escape_key"": false, ""is_late"": false, ""is_premature"": false, ""is_response_key"": true, ""keyboard_backend"": ""psychopy.hardware.keyboard.Keyboard"", ""keyboard_time"": 54.7255085001234, ""schema"": ""eegle.dynamic_sart.key_event.v1"", ""task_state"": ""RESPONSE_WINDOW_MASK"", ""timestamp_lsl_if_available"": 1399221.7263238002}"
-27,dynamic_sart_response_window_close__v=1__trial=-27__condition=go__digit=8__block=-1__phase=practice__practice=1,EVENT,1399222.812,,"{""block"": -1, ""condition"": ""go"", ""cue_assignment"": null, ""cue_opportunity"": false, ""cue_opportunity_index"": null, ""cue_randomization_block_index"": null, ""digit"": 8, ""flip_lsl_timestamp"": 1399223.009971, ""flip_monotonic"": 1399222.812, ""lsl_timestamp"": 1399223.009971, ""phase"": ""practice"", ""practice"": true, ""response_window_close_overshoot_seconds"": 0.0, ""scheduled_on_flip"": true, ""scheduled_response_window_close_lsl"": 1399223.0149119, ""scheduled_response_window_close_monotonic"": 1399222.8180000002, ""schema_version"": 1, ""sequence_id"": ""237942804d5e24dc51a11ff9281243bab0f3fb0afd493a5da2f3cce232c141d1"", ""study_segment"": null}"
-27,dynamic_sart_trial_complete__v=1__trial=-27__condition=go__digit=8__block=-1__phase=practice__practice=1,EVENT,1399222.812,,"{""block"": -1, ""condition"": ""go"", ""correct"": true, ""cue_assignment"": null, ""cue_opportunity"": false, ""cue_opportunity_index"": null, ""cue_randomization_block_index"": null, ""digit"": 8, ""lsl_timestamp"": 1399223.009971, ""marker_emit_attempted"": true, ""marker_stream_name"": ""EEGleMarkers"", ""marker_stream_source_id"": ""eegle-markers-dynamic_sart-run-20260820T161425-cd265ce895a2"", ""marker_stream_type"": ""Markers"", ""phase"": ""practice"", ""practice"": true, ""primary_outcome"": ""correct_go"", ""reaction_time_seconds"": 0.319504699902609, ""schema_version"": 1, ""sequence_id"": ""237942804d5e24dc51a11ff9281243bab0f3fb0afd493a5da2f3cce232c141d1"", ""study_segment"": null, ""task"": ""dynamic_sart""}"
-28,dynamic_sart_stimulus_onset__v=1__trial=-28__condition=go__digit=1__block=-1__phase=practice__practice=1,EVENT,1399223.234,,"{""block"": -1, ""condition"": ""go"", ""cue_assignment"": null, ""cue_opportunity"": false, ""cue_opportunity_index"": null, ""cue_randomization_block_index"": null, ""digit"": 1, ""expected_visual_onset_lsl_timestamp"": 1399223.4199297, ""expected_visual_onset_monotonic"": 1399223.234, ""expected_visual_onset_uncertainty_ms"": 4.148969997186214, ""fixed_display_latency_ms"": 0.0, ""flip_lsl_timestamp"": 1399223.4199297, ""flip_monotonic"": 1399223.234, ""lsl_timestamp"": 1399223.4199297, ""marker_emit_attempted"": true, ""marker_stream_name"": ""EEGleMarkers"", ""marker_stream_source_id"": ""eegle-markers-dynamic_sart-run-20260820T161425-cd265ce895a2"", ""marker_stream_type"": ""Markers"", ""phase"": ""practice"", ""photodiode_verification_enabled"": false, ""practice"": true, ""scheduled_on_flip"": true, ""schema_version"": 1, ""sequence_id"": ""237942804d5e24dc51a11ff9281243bab0f3fb0afd493a5da2f3cce232c141d1"", ""study_segment"": null, ""task"": ""dynamic_sart"", ""timing_model"": ""psychopy_callOnFlip_plus_fixed_display_latency""}"
-28,dynamic_sart_key_event,EVENT,1399223.4673714,space,"{""assigned_block"": -1, ""assigned_phase"": ""practice"", ""event_id"": ""key-00000027"", ""hardware_timestamped"": true, ""is_escape_key"": false, ""is_late"": false, ""is_premature"": false, ""is_response_key"": true, ""keyboard_backend"": ""psychopy.hardware.keyboard.Keyboard"", ""keyboard_time"": 56.65537520009093, ""schema"": ""eegle.dynamic_sart.key_event.v1"", ""task_state"": ""STIMULUS_VISIBLE"", ""timestamp_lsl_if_available"": 1399223.6561905001}"
-28,dynamic_sart_stimulus_offset__v=1__trial=-28__condition=go__digit=1__block=-1__phase=practice__practice=1,EVENT,1399223.5,,"{""block"": -1, ""condition"": ""go"", ""cue_assignment"": null, ""cue_opportunity"": false, ""cue_opportunity_index"": null, ""cue_randomization_block_index"": null, ""digit"": 1, ""expected_visual_onset_lsl_timestamp"": 1399223.6860211, ""expected_visual_onset_monotonic"": 1399223.5, ""expected_visual_onset_uncertainty_ms"": 4.148969997186214, ""fixed_display_latency_ms"": 0.0, ""flip_lsl_timestamp"": 1399223.6860211, ""flip_monotonic"": 1399223.5, ""lsl_timestamp"": 1399223.6860211, ""marker_emit_attempted"": true, ""marker_stream_name"": ""EEGleMarkers"", ""marker_stream_source_id"": ""eegle-markers-dynamic_sart-run-20260820T161425-cd265ce895a2"", ""marker_stream_type"": ""Markers"", ""phase"": ""practice"", ""photodiode_verification_enabled"": false, ""practice"": true, ""scheduled_on_flip"": true, ""schema_version"": 1, ""sequence_id"": ""237942804d5e24dc51a11ff9281243bab0f3fb0afd493a5da2f3cce232c141d1"", ""study_segment"": null, ""task"": ""dynamic_sart"", ""timing_model"": ""psychopy_callOnFlip_plus_fixed_display_latency""}"
-28,dynamic_sart_response_window_close__v=1__trial=-28__condition=go__digit=1__block=-1__phase=practice__practice=1,EVENT,1399224.828,,"{""block"": -1, ""condition"": ""go"", ""cue_assignment"": null, ""cue_opportunity"": false, ""cue_opportunity_index"": null, ""cue_randomization_block_index"": null, ""digit"": 1, ""flip_lsl_timestamp"": 1399225.0231435, ""flip_monotonic"": 1399224.828, ""lsl_timestamp"": 1399225.0231435, ""phase"": ""practice"", ""practice"": true, ""response_window_close_overshoot_seconds"": 0.0, ""scheduled_on_flip"": true, ""scheduled_response_window_close_lsl"": 1399225.0199297, ""scheduled_response_window_close_monotonic"": 1399224.834, ""schema_version"": 1, ""sequence_id"": ""237942804d5e24dc51a11ff9281243bab0f3fb0afd493a5da2f3cce232c141d1"", ""study_segment"": null}"
-28,dynamic_sart_trial_complete__v=1__trial=-28__condition=go__digit=1__block=-1__phase=practice__practice=1,EVENT,1399224.828,,"{""block"": -1, ""condition"": ""go"", ""correct"": true, ""cue_assignment"": null, ""cue_opportunity"": false, ""cue_opportunity_index"": null, ""cue_randomization_block_index"": null, ""digit"": 1, ""lsl_timestamp"": 1399225.0231435, ""marker_emit_attempted"": true, ""marker_stream_name"": ""EEGleMarkers"", ""marker_stream_source_id"": ""eegle-markers-dynamic_sart-run-20260820T161425-cd265ce895a2"", ""marker_stream_type"": ""Markers"", ""phase"": ""practice"", ""practice"": true, ""primary_outcome"": ""correct_go"", ""reaction_time_seconds"": 0.2333714000415057, ""schema_version"": 1, ""sequence_id"": ""237942804d5e24dc51a11ff9281243bab0f3fb0afd493a5da2f3cce232c141d1"", ""study_segment"": null, ""task"": ""dynamic_sart""}"
-29,dynamic_sart_stimulus_onset__v=1__trial=-29__condition=go__digit=0__block=-1__phase=practice__practice=1,EVENT,1399225.218,,"{""block"": -1, ""condition"": ""go"", ""cue_assignment"": null, ""cue_opportunity"": false, ""cue_opportunity_index"": null, ""cue_randomization_block_index"": null, ""digit"": 0, ""expected_visual_onset_lsl_timestamp"": 1399225.410473, ""expected_visual_onset_monotonic"": 1399225.218, ""expected_visual_onset_uncertainty_ms"": 4.148969997186214, ""fixed_display_latency_ms"": 0.0, ""flip_lsl_timestamp"": 1399225.410473, ""flip_monotonic"": 1399225.218, ""lsl_timestamp"": 1399225.410473, ""marker_emit_attempted"": true, ""marker_stream_name"": ""EEGleMarkers"", ""marker_stream_source_id"": ""eegle-markers-dynamic_sart-run-20260820T161425-cd265ce895a2"", ""marker_stream_type"": ""Markers"", ""phase"": ""practice"", ""photodiode_verification_enabled"": false, ""practice"": true, ""scheduled_on_flip"": true, ""schema_version"": 1, ""sequence_id"": ""237942804d5e24dc51a11ff9281243bab0f3fb0afd493a5da2f3cce232c141d1"", ""study_segment"": null, ""task"": ""dynamic_sart"", ""timing_model"": ""psychopy_callOnFlip_plus_fixed_display_latency""}"
-29,dynamic_sart_stimulus_offset__v=1__trial=-29__condition=go__digit=0__block=-1__phase=practice__practice=1,EVENT,1399225.468,,"{""block"": -1, ""condition"": ""go"", ""cue_assignment"": null, ""cue_opportunity"": false, ""cue_opportunity_index"": null, ""cue_randomization_block_index"": null, ""digit"": 0, ""expected_visual_onset_lsl_timestamp"": 1399225.6656226, ""expected_visual_onset_monotonic"": 1399225.468, ""expected_visual_onset_uncertainty_ms"": 4.148969997186214, ""fixed_display_latency_ms"": 0.0, ""flip_lsl_timestamp"": 1399225.6656226, ""flip_monotonic"": 1399225.468, ""lsl_timestamp"": 1399225.6656226, ""marker_emit_attempted"": true, ""marker_stream_name"": ""EEGleMarkers"", ""marker_stream_source_id"": ""eegle-markers-dynamic_sart-run-20260820T161425-cd265ce895a2"", ""marker_stream_type"": ""Markers"", ""phase"": ""practice"", ""photodiode_verification_enabled"": false, ""practice"": true, ""scheduled_on_flip"": true, ""schema_version"": 1, ""sequence_id"": ""237942804d5e24dc51a11ff9281243bab0f3fb0afd493a5da2f3cce232c141d1"", ""study_segment"": null, ""task"": ""dynamic_sart"", ""timing_model"": ""psychopy_callOnFlip_plus_fixed_display_latency""}"
-29,dynamic_sart_key_event,EVENT,1399225.561252,space,"{""assigned_block"": -1, ""assigned_phase"": ""practice"", ""event_id"": ""key-00000028"", ""hardware_timestamped"": true, ""is_escape_key"": false, ""is_late"": false, ""is_premature"": false, ""is_response_key"": true, ""keyboard_backend"": ""psychopy.hardware.keyboard.Keyboard"", ""keyboard_time"": 58.74925580015406, ""schema"": ""eegle.dynamic_sart.key_event.v1"", ""task_state"": ""RESPONSE_WINDOW_MASK"", ""timestamp_lsl_if_available"": 1399225.7500711002}"
-29,dynamic_sart_response_window_close__v=1__trial=-29__condition=go__digit=0__block=-1__phase=practice__practice=1,EVENT,1399226.812,,"{""block"": -1, ""condition"": ""go"", ""cue_assignment"": null, ""cue_opportunity"": false, ""cue_opportunity_index"": null, ""cue_randomization_block_index"": null, ""digit"": 0, ""flip_lsl_timestamp"": 1399227.0088669, ""flip_monotonic"": 1399226.812, ""lsl_timestamp"": 1399227.0088669, ""phase"": ""practice"", ""practice"": true, ""response_window_close_overshoot_seconds"": 0.0, ""scheduled_on_flip"": true, ""scheduled_response_window_close_lsl"": 1399227.0104730001, ""scheduled_response_window_close_monotonic"": 1399226.8180000002, ""schema_version"": 1, ""sequence_id"": ""237942804d5e24dc51a11ff9281243bab0f3fb0afd493a5da2f3cce232c141d1"", ""study_segment"": null}"
-29,dynamic_sart_trial_complete__v=1__trial=-29__condition=go__digit=0__block=-1__phase=practice__practice=1,EVENT,1399226.812,,"{""block"": -1, ""condition"": ""go"", ""correct"": true, ""cue_assignment"": null, ""cue_opportunity"": false, ""cue_opportunity_index"": null, ""cue_randomization_block_index"": null, ""digit"": 0, ""lsl_timestamp"": 1399227.0088669, ""marker_emit_attempted"": true, ""marker_stream_name"": ""EEGleMarkers"", ""marker_stream_source_id"": ""eegle-markers-dynamic_sart-run-20260820T161425-cd265ce895a2"", ""marker_stream_type"": ""Markers"", ""phase"": ""practice"", ""practice"": true, ""primary_outcome"": ""correct_go"", ""reaction_time_seconds"": 0.3432519999332726, ""schema_version"": 1, ""sequence_id"": ""237942804d5e24dc51a11ff9281243bab0f3fb0afd493a5da2f3cce232c141d1"", ""study_segment"": null, ""task"": ""dynamic_sart""}"
-30,dynamic_sart_stimulus_onset__v=1__trial=-30__condition=go__digit=7__block=-1__phase=practice__practice=1,EVENT,1399227.218,,"{""block"": -1, ""condition"": ""go"", ""cue_assignment"": null, ""cue_opportunity"": false, ""cue_opportunity_index"": null, ""cue_randomization_block_index"": null, ""digit"": 7, ""expected_visual_onset_lsl_timestamp"": 1399227.4096409, ""expected_visual_onset_monotonic"": 1399227.218, ""expected_visual_onset_uncertainty_ms"": 4.148969997186214, ""fixed_display_latency_ms"": 0.0, ""flip_lsl_timestamp"": 1399227.4096409, ""flip_monotonic"": 1399227.218, ""lsl_timestamp"": 1399227.4096409, ""marker_emit_attempted"": true, ""marker_stream_name"": ""EEGleMarkers"", ""marker_stream_source_id"": ""eegle-markers-dynamic_sart-run-20260820T161425-cd265ce895a2"", ""marker_stream_type"": ""Markers"", ""phase"": ""practice"", ""photodiode_verification_enabled"": false, ""practice"": true, ""scheduled_on_flip"": true, ""schema_version"": 1, ""sequence_id"": ""237942804d5e24dc51a11ff9281243bab0f3fb0afd493a5da2f3cce232c141d1"", ""study_segment"": null, ""task"": ""dynamic_sart"", ""timing_model"": ""psychopy_callOnFlip_plus_fixed_display_latency""}"
-30,dynamic_sart_stimulus_offset__v=1__trial=-30__condition=go__digit=7__block=-1__phase=practice__practice=1,EVENT,1399227.468,,"{""block"": -1, ""condition"": ""go"", ""cue_assignment"": null, ""cue_opportunity"": false, ""cue_opportunity_index"": null, ""cue_randomization_block_index"": null, ""digit"": 7, ""expected_visual_onset_lsl_timestamp"": 1399227.6646693, ""expected_visual_onset_monotonic"": 1399227.468, ""expected_visual_onset_uncertainty_ms"": 4.148969997186214, ""fixed_display_latency_ms"": 0.0, ""flip_lsl_timestamp"": 1399227.6646693, ""flip_monotonic"": 1399227.468, ""lsl_timestamp"": 1399227.6646693, ""marker_emit_attempted"": true, ""marker_stream_name"": ""EEGleMarkers"", ""marker_stream_source_id"": ""eegle-markers-dynamic_sart-run-20260820T161425-cd265ce895a2"", ""marker_stream_type"": ""Markers"", ""phase"": ""practice"", ""photodiode_verification_enabled"": false, ""practice"": true, ""scheduled_on_flip"": true, ""schema_version"": 1, ""sequence_id"": ""237942804d5e24dc51a11ff9281243bab0f3fb0afd493a5da2f3cce232c141d1"", ""study_segment"": null, ""task"": ""dynamic_sart"", ""timing_model"": ""psychopy_callOnFlip_plus_fixed_display_latency""}"
-30,dynamic_sart_key_event,EVENT,1399227.5247407,space,"{""assigned_block"": -1, ""assigned_phase"": ""practice"", ""event_id"": ""key-00000029"", ""hardware_timestamped"": true, ""is_escape_key"": false, ""is_late"": false, ""is_premature"": false, ""is_response_key"": true, ""keyboard_backend"": ""psychopy.hardware.keyboard.Keyboard"", ""keyboard_time"": 60.71274450002238, ""schema"": ""eegle.dynamic_sart.key_event.v1"", ""task_state"": ""RESPONSE_WINDOW_MASK"", ""timestamp_lsl_if_available"": 1399227.7135598}"
-30,dynamic_sart_response_window_close__v=1__trial=-30__condition=go__digit=7__block=-1__phase=practice__practice=1,EVENT,1399228.812,,"{""block"": -1, ""condition"": ""go"", ""cue_assignment"": null, ""cue_opportunity"": false, ""cue_opportunity_index"": null, ""cue_randomization_block_index"": null, ""digit"": 7, ""flip_lsl_timestamp"": 1399229.0094825, ""flip_monotonic"": 1399228.812, ""lsl_timestamp"": 1399229.0094825, ""phase"": ""practice"", ""practice"": true, ""response_window_close_overshoot_seconds"": 0.0, ""scheduled_on_flip"": true, ""scheduled_response_window_close_lsl"": 1399229.0096409002, ""scheduled_response_window_close_monotonic"": 1399228.8180000002, ""schema_version"": 1, ""sequence_id"": ""237942804d5e24dc51a11ff9281243bab0f3fb0afd493a5da2f3cce232c141d1"", ""study_segment"": null}"
-30,dynamic_sart_trial_complete__v=1__trial=-30__condition=go__digit=7__block=-1__phase=practice__practice=1,EVENT,1399228.812,,"{""block"": -1, ""condition"": ""go"", ""correct"": true, ""cue_assignment"": null, ""cue_opportunity"": false, ""cue_opportunity_index"": null, ""cue_randomization_block_index"": null, ""digit"": 7, ""lsl_timestamp"": 1399229.0094825, ""marker_emit_attempted"": true, ""marker_stream_name"": ""EEGleMarkers"", ""marker_stream_source_id"": ""eegle-markers-dynamic_sart-run-20260820T161425-cd265ce895a2"", ""marker_stream_type"": ""Markers"", ""phase"": ""practice"", ""practice"": true, ""primary_outcome"": ""correct_go"", ""reaction_time_seconds"": 0.306740699801594, ""schema_version"": 1, ""sequence_id"": ""237942804d5e24dc51a11ff9281243bab0f3fb0afd493a5da2f3cce232c141d1"", ""study_segment"": null, ""task"": ""dynamic_sart""}"
,dynamic_sart_key_event,EVENT,1399234.7021332,space,"{""assigned_block"": null, ""assigned_phase"": null, ""event_id"": ""key-00000030"", ""hardware_timestamped"": true, ""is_escape_key"": false, ""is_late"": false, ""is_premature"": false, ""is_response_key"": true, ""keyboard_backend"": ""psychopy.hardware.keyboard.Keyboard"", ""keyboard_time"": 67.89013700000942, ""schema"": ""eegle.dynamic_sart.key_event.v1"", ""task_state"": ""PRACTICE_FEEDBACK"", ""timestamp_lsl_if_available"": 1399234.8909523}"
-31,dynamic_sart_stimulus_onset__v=1__trial=-31__condition=go__digit=8__block=-2__phase=practice__practice=1,EVENT,1399234.734,,"{""block"": -2, ""condition"": ""go"", ""cue_assignment"": null, ""cue_opportunity"": false, ""cue_opportunity_index"": null, ""cue_randomization_block_index"": null, ""digit"": 8, ""expected_visual_onset_lsl_timestamp"": 1399234.9263408, ""expected_visual_onset_monotonic"": 1399234.734, ""expected_visual_onset_uncertainty_ms"": 4.148969997186214, ""fixed_display_latency_ms"": 0.0, ""flip_lsl_timestamp"": 1399234.9263408, ""flip_monotonic"": 1399234.734, ""lsl_timestamp"": 1399234.9263408, ""marker_emit_attempted"": true, ""marker_stream_name"": ""EEGleMarkers"", ""marker_stream_source_id"": ""eegle-markers-dynamic_sart-run-20260820T161425-cd265ce895a2"", ""marker_stream_type"": ""Markers"", ""phase"": ""practice"", ""photodiode_verification_enabled"": false, ""practice"": true, ""scheduled_on_flip"": true, ""schema_version"": 1, ""sequence_id"": ""237942804d5e24dc51a11ff9281243bab0f3fb0afd493a5da2f3cce232c141d1"", ""study_segment"": null, ""task"": ""dynamic_sart"", ""timing_model"": ""psychopy_callOnFlip_plus_fixed_display_latency""}"
-31,dynamic_sart_stimulus_offset__v=1__trial=-31__condition=go__digit=8__block=-2__phase=practice__practice=1,EVENT,1399234.984,,"{""block"": -2, ""condition"": ""go"", ""cue_assignment"": null, ""cue_opportunity"": false, ""cue_opportunity_index"": null, ""cue_randomization_block_index"": null, ""digit"": 8, ""expected_visual_onset_lsl_timestamp"": 1399235.1729435, ""expected_visual_onset_monotonic"": 1399234.984, ""expected_visual_onset_uncertainty_ms"": 4.148969997186214, ""fixed_display_latency_ms"": 0.0, ""flip_lsl_timestamp"": 1399235.1729435, ""flip_monotonic"": 1399234.984, ""lsl_timestamp"": 1399235.1729435, ""marker_emit_attempted"": true, ""marker_stream_name"": ""EEGleMarkers"", ""marker_stream_source_id"": ""eegle-markers-dynamic_sart-run-20260820T161425-cd265ce895a2"", ""marker_stream_type"": ""Markers"", ""phase"": ""practice"", ""photodiode_verification_enabled"": false, ""practice"": true, ""scheduled_on_flip"": true, ""schema_version"": 1, ""sequence_id"": ""237942804d5e24dc51a11ff9281243bab0f3fb0afd493a5da2f3cce232c141d1"", ""study_segment"": null, ""task"": ""dynamic_sart"", ""timing_model"": ""psychopy_callOnFlip_plus_fixed_display_latency""}"
-31,dynamic_sart_key_event,EVENT,1399235.1352644,space,"{""assigned_block"": -2, ""assigned_phase"": ""practice"", ""event_id"": ""key-00000031"", ""hardware_timestamped"": true, ""is_escape_key"": false, ""is_late"": false, ""is_premature"": false, ""is_response_key"": true, ""keyboard_backend"": ""psychopy.hardware.keyboard.Keyboard"", ""keyboard_time"": 68.323268200038, ""schema"": ""eegle.dynamic_sart.key_event.v1"", ""task_state"": ""RESPONSE_WINDOW_MASK"", ""timestamp_lsl_if_available"": 1399235.3240835}"
-31,dynamic_sart_response_window_close__v=1__trial=-31__condition=go__digit=8__block=-2__phase=practice__practice=1,EVENT,1399236.328,,"{""block"": -2, ""condition"": ""go"", ""cue_assignment"": null, ""cue_opportunity"": false, ""cue_opportunity_index"": null, ""cue_randomization_block_index"": null, ""digit"": 8, ""flip_lsl_timestamp"": 1399236.5244104, ""flip_monotonic"": 1399236.328, ""lsl_timestamp"": 1399236.5244104, ""phase"": ""practice"", ""practice"": true, ""response_window_close_overshoot_seconds"": 0.0, ""scheduled_on_flip"": true, ""scheduled_response_window_close_lsl"": 1399236.5263408, ""scheduled_response_window_close_monotonic"": 1399236.334, ""schema_version"": 1, ""sequence_id"": ""237942804d5e24dc51a11ff9281243bab0f3fb0afd493a5da2f3cce232c141d1"", ""study_segment"": null}"
-31,dynamic_sart_trial_complete__v=1__trial=-31__condition=go__digit=8__block=-2__phase=practice__practice=1,EVENT,1399236.328,,"{""block"": -2, ""condition"": ""go"", ""correct"": true, ""cue_assignment"": null, ""cue_opportunity"": false, ""cue_opportunity_index"": null, ""cue_randomization_block_index"": null, ""digit"": 8, ""lsl_timestamp"": 1399236.5244104, ""marker_emit_attempted"": true, ""marker_stream_name"": ""EEGleMarkers"", ""marker_stream_source_id"": ""eegle-markers-dynamic_sart-run-20260820T161425-cd265ce895a2"", ""marker_stream_type"": ""Markers"", ""phase"": ""practice"", ""practice"": true, ""primary_outcome"": ""correct_go"", ""reaction_time_seconds"": 0.40126439998857677, ""schema_version"": 1, ""sequence_id"": ""237942804d5e24dc51a11ff9281243bab0f3fb0afd493a5da2f3cce232c141d1"", ""study_segment"": null, ""task"": ""dynamic_sart""}"
-32,dynamic_sart_stimulus_onset__v=1__trial=-32__condition=go__digit=7__block=-2__phase=practice__practice=1,EVENT,1399236.734,,"{""block"": -2, ""condition"": ""go"", ""cue_assignment"": null, ""cue_opportunity"": false, ""cue_opportunity_index"": null, ""cue_randomization_block_index"": null, ""digit"": 7, ""expected_visual_onset_lsl_timestamp"": 1399236.9260816, ""expected_visual_onset_monotonic"": 1399236.734, ""expected_visual_onset_uncertainty_ms"": 4.148969997186214, ""fixed_display_latency_ms"": 0.0, ""flip_lsl_timestamp"": 1399236.9260816, ""flip_monotonic"": 1399236.734, ""lsl_timestamp"": 1399236.9260816, ""marker_emit_attempted"": true, ""marker_stream_name"": ""EEGleMarkers"", ""marker_stream_source_id"": ""eegle-markers-dynamic_sart-run-20260820T161425-cd265ce895a2"", ""marker_stream_type"": ""Markers"", ""phase"": ""practice"", ""photodiode_verification_enabled"": false, ""practice"": true, ""scheduled_on_flip"": true, ""schema_version"": 1, ""sequence_id"": ""237942804d5e24dc51a11ff9281243bab0f3fb0afd493a5da2f3cce232c141d1"", ""study_segment"": null, ""task"": ""dynamic_sart"", ""timing_model"": ""psychopy_callOnFlip_plus_fixed_display_latency""}"
-32,dynamic_sart_stimulus_offset__v=1__trial=-32__condition=go__digit=7__block=-2__phase=practice__practice=1,EVENT,1399236.984,,"{""block"": -2, ""condition"": ""go"", ""cue_assignment"": null, ""cue_opportunity"": false, ""cue_opportunity_index"": null, ""cue_randomization_block_index"": null, ""digit"": 7, ""expected_visual_onset_lsl_timestamp"": 1399237.1731088, ""expected_visual_onset_monotonic"": 1399236.984, ""expected_visual_onset_uncertainty_ms"": 4.148969997186214, ""fixed_display_latency_ms"": 0.0, ""flip_lsl_timestamp"": 1399237.1731088, ""flip_monotonic"": 1399236.984, ""lsl_timestamp"": 1399237.1731088, ""marker_emit_attempted"": true, ""marker_stream_name"": ""EEGleMarkers"", ""marker_stream_source_id"": ""eegle-markers-dynamic_sart-run-20260820T161425-cd265ce895a2"", ""marker_stream_type"": ""Markers"", ""phase"": ""practice"", ""photodiode_verification_enabled"": false, ""practice"": true, ""scheduled_on_flip"": true, ""schema_version"": 1, ""sequence_id"": ""237942804d5e24dc51a11ff9281243bab0f3fb0afd493a5da2f3cce232c141d1"", ""study_segment"": null, ""task"": ""dynamic_sart"", ""timing_model"": ""psychopy_callOnFlip_plus_fixed_display_latency""}"
-32,dynamic_sart_key_event,EVENT,1399236.9954134,space,"{""assigned_block"": -2, ""assigned_phase"": ""practice"", ""event_id"": ""key-00000032"", ""hardware_timestamped"": true, ""is_escape_key"": false, ""is_late"": false, ""is_premature"": false, ""is_response_key"": true, ""keyboard_backend"": ""psychopy.hardware.keyboard.Keyboard"", ""keyboard_time"": 70.18341720011085, ""schema"": ""eegle.dynamic_sart.key_event.v1"", ""task_state"": ""RESPONSE_WINDOW_MASK"", ""timestamp_lsl_if_available"": 1399237.1842325001}"
-32,dynamic_sart_response_window_close__v=1__trial=-32__condition=go__digit=7__block=-2__phase=practice__practice=1,EVENT,1399238.328,,"{""block"": -2, ""condition"": ""go"", ""cue_assignment"": null, ""cue_opportunity"": false, ""cue_opportunity_index"": null, ""cue_randomization_block_index"": null, ""digit"": 7, ""flip_lsl_timestamp"": 1399238.5262689, ""flip_monotonic"": 1399238.328, ""lsl_timestamp"": 1399238.5262689, ""phase"": ""practice"", ""practice"": true, ""response_window_close_overshoot_seconds"": 0.0, ""scheduled_on_flip"": true, ""scheduled_response_window_close_lsl"": 1399238.5260816, ""scheduled_response_window_close_monotonic"": 1399238.334, ""schema_version"": 1, ""sequence_id"": ""237942804d5e24dc51a11ff9281243bab0f3fb0afd493a5da2f3cce232c141d1"", ""study_segment"": null}"
-32,dynamic_sart_trial_complete__v=1__trial=-32__condition=go__digit=7__block=-2__phase=practice__practice=1,EVENT,1399238.328,,"{""block"": -2, ""condition"": ""go"", ""correct"": true, ""cue_assignment"": null, ""cue_opportunity"": false, ""cue_opportunity_index"": null, ""cue_randomization_block_index"": null, ""digit"": 7, ""lsl_timestamp"": 1399238.5262689, ""marker_emit_attempted"": true, ""marker_stream_name"": ""EEGleMarkers"", ""marker_stream_source_id"": ""eegle-markers-dynamic_sart-run-20260820T161425-cd265ce895a2"", ""marker_stream_type"": ""Markers"", ""phase"": ""practice"", ""practice"": true, ""primary_outcome"": ""correct_go"", ""reaction_time_seconds"": 0.26141340006142855, ""schema_version"": 1, ""sequence_id"": ""237942804d5e24dc51a11ff9281243bab0f3fb0afd493a5da2f3cce232c141d1"", ""study_segment"": null, ""task"": ""dynamic_sart""}"
-33,dynamic_sart_stimulus_onset__v=1__trial=-33__condition=go__digit=4__block=-2__phase=practice__practice=1,EVENT,1399238.718,,"{""block"": -2, ""condition"": ""go"", ""cue_assignment"": null, ""cue_opportunity"": false, ""cue_opportunity_index"": null, ""cue_randomization_block_index"": null, ""digit"": 4, ""expected_visual_onset_lsl_timestamp"": 1399238.9149291, ""expected_visual_onset_monotonic"": 1399238.718, ""expected_visual_onset_uncertainty_ms"": 4.148969997186214, ""fixed_display_latency_ms"": 0.0, ""flip_lsl_timestamp"": 1399238.9149291, ""flip_monotonic"": 1399238.718, ""lsl_timestamp"": 1399238.9149291, ""marker_emit_attempted"": true, ""marker_stream_name"": ""EEGleMarkers"", ""marker_stream_source_id"": ""eegle-markers-dynamic_sart-run-20260820T161425-cd265ce895a2"", ""marker_stream_type"": ""Markers"", ""phase"": ""practice"", ""photodiode_verification_enabled"": false, ""practice"": true, ""scheduled_on_flip"": true, ""schema_version"": 1, ""sequence_id"": ""237942804d5e24dc51a11ff9281243bab0f3fb0afd493a5da2f3cce232c141d1"", ""study_segment"": null, ""task"": ""dynamic_sart"", ""timing_model"": ""psychopy_callOnFlip_plus_fixed_display_latency""}"
-33,dynamic_sart_stimulus_offset__v=1__trial=-33__condition=go__digit=4__block=-2__phase=practice__practice=1,EVENT,1399238.968,,"{""block"": -2, ""condition"": ""go"", ""cue_assignment"": null, ""cue_opportunity"": false, ""cue_opportunity_index"": null, ""cue_randomization_block_index"": null, ""digit"": 4, ""expected_visual_onset_lsl_timestamp"": 1399239.16744, ""expected_visual_onset_monotonic"": 1399238.968, ""expected_visual_onset_uncertainty_ms"": 4.148969997186214, ""fixed_display_latency_ms"": 0.0, ""flip_lsl_timestamp"": 1399239.16744, ""flip_monotonic"": 1399238.968, ""lsl_timestamp"": 1399239.16744, ""marker_emit_attempted"": true, ""marker_stream_name"": ""EEGleMarkers"", ""marker_stream_source_id"": ""eegle-markers-dynamic_sart-run-20260820T161425-cd265ce895a2"", ""marker_stream_type"": ""Markers"", ""phase"": ""practice"", ""photodiode_verification_enabled"": false, ""practice"": true, ""scheduled_on_flip"": true, ""schema_version"": 1, ""sequence_id"": ""237942804d5e24dc51a11ff9281243bab0f3fb0afd493a5da2f3cce232c141d1"", ""study_segment"": null, ""task"": ""dynamic_sart"", ""timing_model"": ""psychopy_callOnFlip_plus_fixed_display_latency""}"
-33,dynamic_sart_key_event,EVENT,1399239.0140733,space,"{""assigned_block"": -2, ""assigned_phase"": ""practice"", ""event_id"": ""key-00000033"", ""hardware_timestamped"": true, ""is_escape_key"": false, ""is_late"": false, ""is_premature"": false, ""is_response_key"": true, ""keyboard_backend"": ""psychopy.hardware.keyboard.Keyboard"", ""keyboard_time"": 72.20207710005343, ""schema"": ""eegle.dynamic_sart.key_event.v1"", ""task_state"": ""RESPONSE_WINDOW_MASK"", ""timestamp_lsl_if_available"": 1399239.2028924}"
-33,dynamic_sart_response_window_close__v=1__trial=-33__condition=go__digit=4__block=-2__phase=practice__practice=1,EVENT,1399240.312,,"{""block"": -2, ""condition"": ""go"", ""cue_assignment"": null, ""cue_opportunity"": false, ""cue_opportunity_index"": null, ""cue_randomization_block_index"": null, ""digit"": 4, ""flip_lsl_timestamp"": 1399240.5066307, ""flip_monotonic"": 1399240.312, ""lsl_timestamp"": 1399240.5066307, ""phase"": ""practice"", ""practice"": true, ""response_window_close_overshoot_seconds"": 0.0, ""scheduled_on_flip"": true, ""scheduled_response_window_close_lsl"": 1399240.5149291002, ""scheduled_response_window_close_monotonic"": 1399240.3180000002, ""schema_version"": 1, ""sequence_id"": ""237942804d5e24dc51a11ff9281243bab0f3fb0afd493a5da2f3cce232c141d1"", ""study_segment"": null}"
-33,dynamic_sart_trial_complete__v=1__trial=-33__condition=go__digit=4__block=-2__phase=practice__practice=1,EVENT,1399240.312,,"{""block"": -2, ""condition"": ""go"", ""correct"": true, ""cue_assignment"": null, ""cue_opportunity"": false, ""cue_opportunity_index"": null, ""cue_randomization_block_index"": null, ""digit"": 4, ""lsl_timestamp"": 1399240.5066307, ""marker_emit_attempted"": true, ""marker_stream_name"": ""EEGleMarkers"", ""marker_stream_source_id"": ""eegle-markers-dynamic_sart-run-20260820T161425-cd265ce895a2"", ""marker_stream_type"": ""Markers"", ""phase"": ""practice"", ""practice"": true, ""primary_outcome"": ""correct_go"", ""reaction_time_seconds"": 0.2960732998326421, ""schema_version"": 1, ""sequence_id"": ""237942804d5e24dc51a11ff9281243bab0f3fb0afd493a5da2f3cce232c141d1"", ""study_segment"": null, ""task"": ""dynamic_sart""}"
-34,dynamic_sart_stimulus_onset__v=1__trial=-34__condition=go__digit=2__block=-2__phase=practice__practice=1,EVENT,1399240.703,,"{""block"": -2, ""condition"": ""go"", ""cue_assignment"": null, ""cue_opportunity"": false, ""cue_opportunity_index"": null, ""cue_randomization_block_index"": null, ""digit"": 2, ""expected_visual_onset_lsl_timestamp"": 1399240.8981551, ""expected_visual_onset_monotonic"": 1399240.703, ""expected_visual_onset_uncertainty_ms"": 4.148969997186214, ""fixed_display_latency_ms"": 0.0, ""flip_lsl_timestamp"": 1399240.8981551, ""flip_monotonic"": 1399240.703, ""lsl_timestamp"": 1399240.8981551, ""marker_emit_attempted"": true, ""marker_stream_name"": ""EEGleMarkers"", ""marker_stream_source_id"": ""eegle-markers-dynamic_sart-run-20260820T161425-cd265ce895a2"", ""marker_stream_type"": ""Markers"", ""phase"": ""practice"", ""photodiode_verification_enabled"": false, ""practice"": true, ""scheduled_on_flip"": true, ""schema_version"": 1, ""sequence_id"": ""237942804d5e24dc51a11ff9281243bab0f3fb0afd493a5da2f3cce232c141d1"", ""study_segment"": null, ""task"": ""dynamic_sart"", ""timing_model"": ""psychopy_callOnFlip_plus_fixed_display_latency""}"
-34,dynamic_sart_stimulus_offset__v=1__trial=-34__condition=go__digit=2__block=-2__phase=practice__practice=1,EVENT,1399240.953,,"{""block"": -2, ""condition"": ""go"", ""cue_assignment"": null, ""cue_opportunity"": false, ""cue_opportunity_index"": null, ""cue_randomization_block_index"": null, ""digit"": 2, ""expected_visual_onset_lsl_timestamp"": 1399241.1479801, ""expected_visual_onset_monotonic"": 1399240.953, ""expected_visual_onset_uncertainty_ms"": 4.148969997186214, ""fixed_display_latency_ms"": 0.0, ""flip_lsl_timestamp"": 1399241.1479801, ""flip_monotonic"": 1399240.953, ""lsl_timestamp"": 1399241.1479801, ""marker_emit_attempted"": true, ""marker_stream_name"": ""EEGleMarkers"", ""marker_stream_source_id"": ""eegle-markers-dynamic_sart-run-20260820T161425-cd265ce895a2"", ""marker_stream_type"": ""Markers"", ""phase"": ""practice"", ""photodiode_verification_enabled"": false, ""practice"": true, ""scheduled_on_flip"": true, ""schema_version"": 1, ""sequence_id"": ""237942804d5e24dc51a11ff9281243bab0f3fb0afd493a5da2f3cce232c141d1"", ""study_segment"": null, ""task"": ""dynamic_sart"", ""timing_model"": ""psychopy_callOnFlip_plus_fixed_display_latency""}"
-34,dynamic_sart_key_event,EVENT,1399240.9963898,space,"{""assigned_block"": -2, ""assigned_phase"": ""practice"", ""event_id"": ""key-00000034"", ""hardware_timestamped"": true, ""is_escape_key"": false, ""is_late"": false, ""is_premature"": false, ""is_response_key"": true, ""keyboard_backend"": ""psychopy.hardware.keyboard.Keyboard"", ""keyboard_time"": 74.18439360009506, ""schema"": ""eegle.dynamic_sart.key_event.v1"", ""task_state"": ""RESPONSE_WINDOW_MASK"", ""timestamp_lsl_if_available"": 1399241.1852089001}"
-34,dynamic_sart_response_window_close__v=1__trial=-34__condition=go__digit=2__block=-2__phase=practice__practice=1,EVENT,1399242.312,,"{""block"": -2, ""condition"": ""go"", ""cue_assignment"": null, ""cue_opportunity"": false, ""cue_opportunity_index"": null, ""cue_randomization_block_index"": null, ""digit"": 2, ""flip_lsl_timestamp"": 1399242.5064896, ""flip_monotonic"": 1399242.312, ""lsl_timestamp"": 1399242.5064896, ""phase"": ""practice"", ""practice"": true, ""response_window_close_overshoot_seconds"": 0.008999999845400453, ""scheduled_on_flip"": true, ""scheduled_response_window_close_lsl"": 1399242.4981551, ""scheduled_response_window_close_monotonic"": 1399242.303, ""schema_version"": 1, ""sequence_id"": ""237942804d5e24dc51a11ff9281243bab0f3fb0afd493a5da2f3cce232c141d1"", ""study_segment"": null}"
-34,dynamic_sart_trial_complete__v=1__trial=-34__condition=go__digit=2__block=-2__phase=practice__practice=1,EVENT,1399242.312,,"{""block"": -2, ""condition"": ""go"", ""correct"": true, ""cue_assignment"": null, ""cue_opportunity"": false, ""cue_opportunity_index"": null, ""cue_randomization_block_index"": null, ""digit"": 2, ""lsl_timestamp"": 1399242.5064896, ""marker_emit_attempted"": true, ""marker_stream_name"": ""EEGleMarkers"", ""marker_stream_source_id"": ""eegle-markers-dynamic_sart-run-20260820T161425-cd265ce895a2"", ""marker_stream_type"": ""Markers"", ""phase"": ""practice"", ""practice"": true, ""primary_outcome"": ""correct_go"", ""reaction_time_seconds"": 0.2933898000046611, ""schema_version"": 1, ""sequence_id"": ""237942804d5e24dc51a11ff9281243bab0f3fb0afd493a5da2f3cce232c141d1"", ""study_segment"": null, ""task"": ""dynamic_sart""}"
-35,dynamic_sart_stimulus_onset__v=1__trial=-35__condition=go__digit=5__block=-2__phase=practice__practice=1,EVENT,1399242.703,,"{""block"": -2, ""condition"": ""go"", ""cue_assignment"": null, ""cue_opportunity"": false, ""cue_opportunity_index"": null, ""cue_randomization_block_index"": null, ""digit"": 5, ""expected_visual_onset_lsl_timestamp"": 1399242.8937367, ""expected_visual_onset_monotonic"": 1399242.703, ""expected_visual_onset_uncertainty_ms"": 4.148969997186214, ""fixed_display_latency_ms"": 0.0, ""flip_lsl_timestamp"": 1399242.8937367, ""flip_monotonic"": 1399242.703, ""lsl_timestamp"": 1399242.8937367, ""marker_emit_attempted"": true, ""marker_stream_name"": ""EEGleMarkers"", ""marker_stream_source_id"": ""eegle-markers-dynamic_sart-run-20260820T161425-cd265ce895a2"", ""marker_stream_type"": ""Markers"", ""phase"": ""practice"", ""photodiode_verification_enabled"": false, ""practice"": true, ""scheduled_on_flip"": true, ""schema_version"": 1, ""sequence_id"": ""237942804d5e24dc51a11ff9281243bab0f3fb0afd493a5da2f3cce232c141d1"", ""study_segment"": null, ""task"": ""dynamic_sart"", ""timing_model"": ""psychopy_callOnFlip_plus_fixed_display_latency""}"
-35,dynamic_sart_stimulus_offset__v=1__trial=-35__condition=go__digit=5__block=-2__phase=practice__practice=1,EVENT,1399242.953,,"{""block"": -2, ""condition"": ""go"", ""cue_assignment"": null, ""cue_opportunity"": false, ""cue_opportunity_index"": null, ""cue_randomization_block_index"": null, ""digit"": 5, ""expected_visual_onset_lsl_timestamp"": 1399243.1493313, ""expected_visual_onset_monotonic"": 1399242.953, ""expected_visual_onset_uncertainty_ms"": 4.148969997186214, ""fixed_display_latency_ms"": 0.0, ""flip_lsl_timestamp"": 1399243.1493313, ""flip_monotonic"": 1399242.953, ""lsl_timestamp"": 1399243.1493313, ""marker_emit_attempted"": true, ""marker_stream_name"": ""EEGleMarkers"", ""marker_stream_source_id"": ""eegle-markers-dynamic_sart-run-20260820T161425-cd265ce895a2"", ""marker_stream_type"": ""Markers"", ""phase"": ""practice"", ""photodiode_verification_enabled"": false, ""practice"": true, ""scheduled_on_flip"": true, ""schema_version"": 1, ""sequence_id"": ""237942804d5e24dc51a11ff9281243bab0f3fb0afd493a5da2f3cce232c141d1"", ""study_segment"": null, ""task"": ""dynamic_sart"", ""timing_model"": ""psychopy_callOnFlip_plus_fixed_display_latency""}"
-35,dynamic_sart_key_event,EVENT,1399243.0012826,space,"{""assigned_block"": -2, ""assigned_phase"": ""practice"", ""event_id"": ""key-00000035"", ""hardware_timestamped"": true, ""is_escape_key"": false, ""is_late"": false, ""is_premature"": false, ""is_response_key"": true, ""keyboard_backend"": ""psychopy.hardware.keyboard.Keyboard"", ""keyboard_time"": 76.18928640009835, ""schema"": ""eegle.dynamic_sart.key_event.v1"", ""task_state"": ""RESPONSE_WINDOW_MASK"", ""timestamp_lsl_if_available"": 1399243.1901017001}"
-35,dynamic_sart_response_window_close__v=1__trial=-35__condition=go__digit=5__block=-2__phase=practice__practice=1,EVENT,1399244.312,,"{""block"": -2, ""condition"": ""go"", ""cue_assignment"": null, ""cue_opportunity"": false, ""cue_opportunity_index"": null, ""cue_randomization_block_index"": null, ""digit"": 5, ""flip_lsl_timestamp"": 1399244.5070178, ""flip_monotonic"": 1399244.312, ""lsl_timestamp"": 1399244.5070178, ""phase"": ""practice"", ""practice"": true, ""response_window_close_overshoot_seconds"": 0.008999999845400453, ""scheduled_on_flip"": true, ""scheduled_response_window_close_lsl"": 1399244.4937367002, ""scheduled_response_window_close_monotonic"": 1399244.303, ""schema_version"": 1, ""sequence_id"": ""237942804d5e24dc51a11ff9281243bab0f3fb0afd493a5da2f3cce232c141d1"", ""study_segment"": null}"
-35,dynamic_sart_trial_complete__v=1__trial=-35__condition=go__digit=5__block=-2__phase=practice__practice=1,EVENT,1399244.312,,"{""block"": -2, ""condition"": ""go"", ""correct"": true, ""cue_assignment"": null, ""cue_opportunity"": false, ""cue_opportunity_index"": null, ""cue_randomization_block_index"": null, ""digit"": 5, ""lsl_timestamp"": 1399244.5070178, ""marker_emit_attempted"": true, ""marker_stream_name"": ""EEGleMarkers"", ""marker_stream_source_id"": ""eegle-markers-dynamic_sart-run-20260820T161425-cd265ce895a2"", ""marker_stream_type"": ""Markers"", ""phase"": ""practice"", ""practice"": true, ""primary_outcome"": ""correct_go"", ""reaction_time_seconds"": 0.29828260000795126, ""schema_version"": 1, ""sequence_id"": ""237942804d5e24dc51a11ff9281243bab0f3fb0afd493a5da2f3cce232c141d1"", ""study_segment"": null, ""task"": ""dynamic_sart""}"
-36,dynamic_sart_stimulus_onset__v=1__trial=-36__condition=go__digit=6__block=-2__phase=practice__practice=1,EVENT,1399244.703,,"{""block"": -2, ""condition"": ""go"", ""cue_assignment"": null, ""cue_opportunity"": false, ""cue_opportunity_index"": null, ""cue_randomization_block_index"": null, ""digit"": 6, ""expected_visual_onset_lsl_timestamp"": 1399244.8982075, ""expected_visual_onset_monotonic"": 1399244.703, ""expected_visual_onset_uncertainty_ms"": 4.148969997186214, ""fixed_display_latency_ms"": 0.0, ""flip_lsl_timestamp"": 1399244.8982075, ""flip_monotonic"": 1399244.703, ""lsl_timestamp"": 1399244.8982075, ""marker_emit_attempted"": true, ""marker_stream_name"": ""EEGleMarkers"", ""marker_stream_source_id"": ""eegle-markers-dynamic_sart-run-20260820T161425-cd265ce895a2"", ""marker_stream_type"": ""Markers"", ""phase"": ""practice"", ""photodiode_verification_enabled"": false, ""practice"": true, ""scheduled_on_flip"": true, ""schema_version"": 1, ""sequence_id"": ""237942804d5e24dc51a11ff9281243bab0f3fb0afd493a5da2f3cce232c141d1"", ""study_segment"": null, ""task"": ""dynamic_sart"", ""timing_model"": ""psychopy_callOnFlip_plus_fixed_display_latency""}"
-36,dynamic_sart_stimulus_offset__v=1__trial=-36__condition=go__digit=6__block=-2__phase=practice__practice=1,EVENT,1399244.953,,"{""block"": -2, ""condition"": ""go"", ""cue_assignment"": null, ""cue_opportunity"": false, ""cue_opportunity_index"": null, ""cue_randomization_block_index"": null, ""digit"": 6, ""expected_visual_onset_lsl_timestamp"": 1399245.1483093, ""expected_visual_onset_monotonic"": 1399244.953, ""expected_visual_onset_uncertainty_ms"": 4.148969997186214, ""fixed_display_latency_ms"": 0.0, ""flip_lsl_timestamp"": 1399245.1483093, ""flip_monotonic"": 1399244.953, ""lsl_timestamp"": 1399245.1483093, ""marker_emit_attempted"": true, ""marker_stream_name"": ""EEGleMarkers"", ""marker_stream_source_id"": ""eegle-markers-dynamic_sart-run-20260820T161425-cd265ce895a2"", ""marker_stream_type"": ""Markers"", ""phase"": ""practice"", ""photodiode_verification_enabled"": false, ""practice"": true, ""scheduled_on_flip"": true, ""schema_version"": 1, ""sequence_id"": ""237942804d5e24dc51a11ff9281243bab0f3fb0afd493a5da2f3cce232c141d1"", ""study_segment"": null, ""task"": ""dynamic_sart"", ""timing_model"": ""psychopy_callOnFlip_plus_fixed_display_latency""}"
-36,dynamic_sart_key_event,EVENT,1399244.9938111,space,"{""assigned_block"": -2, ""assigned_phase"": ""practice"", ""event_id"": ""key-00000036"", ""hardware_timestamped"": true, ""is_escape_key"": false, ""is_late"": false, ""is_premature"": false, ""is_response_key"": true, ""keyboard_backend"": ""psychopy.hardware.keyboard.Keyboard"", ""keyboard_time"": 78.18181490013376, ""schema"": ""eegle.dynamic_sart.key_event.v1"", ""task_state"": ""RESPONSE_WINDOW_MASK"", ""timestamp_lsl_if_available"": 1399245.1826302002}"
-36,dynamic_sart_response_window_close__v=1__trial=-36__condition=go__digit=6__block=-2__phase=practice__practice=1,EVENT,1399246.312,,"{""block"": -2, ""condition"": ""go"", ""cue_assignment"": null, ""cue_opportunity"": false, ""cue_opportunity_index"": null, ""cue_randomization_block_index"": null, ""digit"": 6, ""flip_lsl_timestamp"": 1399246.5067701, ""flip_monotonic"": 1399246.312, ""lsl_timestamp"": 1399246.5067701, ""phase"": ""practice"", ""practice"": true, ""response_window_close_overshoot_seconds"": 0.008999999845400453, ""scheduled_on_flip"": true, ""scheduled_response_window_close_lsl"": 1399246.4982075002, ""scheduled_response_window_close_monotonic"": 1399246.303, ""schema_version"": 1, ""sequence_id"": ""237942804d5e24dc51a11ff9281243bab0f3fb0afd493a5da2f3cce232c141d1"", ""study_segment"": null}"
-36,dynamic_sart_trial_complete__v=1__trial=-36__condition=go__digit=6__block=-2__phase=practice__practice=1,EVENT,1399246.312,,"{""block"": -2, ""condition"": ""go"", ""correct"": true, ""cue_assignment"": null, ""cue_opportunity"": false, ""cue_opportunity_index"": null, ""cue_randomization_block_index"": null, ""digit"": 6, ""lsl_timestamp"": 1399246.5067701, ""marker_emit_attempted"": true, ""marker_stream_name"": ""EEGleMarkers"", ""marker_stream_source_id"": ""eegle-markers-dynamic_sart-run-20260820T161425-cd265ce895a2"", ""marker_stream_type"": ""Markers"", ""phase"": ""practice"", ""practice"": true, ""primary_outcome"": ""correct_go"", ""reaction_time_seconds"": 0.2908111000433564, ""schema_version"": 1, ""sequence_id"": ""237942804d5e24dc51a11ff9281243bab0f3fb0afd493a5da2f3cce232c141d1"", ""study_segment"": null, ""task"": ""dynamic_sart""}"
-37,dynamic_sart_stimulus_onset__v=1__trial=-37__condition=go__digit=1__block=-2__phase=practice__practice=1,EVENT,1399246.703,,"{""block"": -2, ""condition"": ""go"", ""cue_assignment"": null, ""cue_opportunity"": false, ""cue_opportunity_index"": null, ""cue_randomization_block_index"": null, ""digit"": 1, ""expected_visual_onset_lsl_timestamp"": 1399246.8980784, ""expected_visual_onset_monotonic"": 1399246.703, ""expected_visual_onset_uncertainty_ms"": 4.148969997186214, ""fixed_display_latency_ms"": 0.0, ""flip_lsl_timestamp"": 1399246.8980784, ""flip_monotonic"": 1399246.703, ""lsl_timestamp"": 1399246.8980784, ""marker_emit_attempted"": true, ""marker_stream_name"": ""EEGleMarkers"", ""marker_stream_source_id"": ""eegle-markers-dynamic_sart-run-20260820T161425-cd265ce895a2"", ""marker_stream_type"": ""Markers"", ""phase"": ""practice"", ""photodiode_verification_enabled"": false, ""practice"": true, ""scheduled_on_flip"": true, ""schema_version"": 1, ""sequence_id"": ""237942804d5e24dc51a11ff9281243bab0f3fb0afd493a5da2f3cce232c141d1"", ""study_segment"": null, ""task"": ""dynamic_sart"", ""timing_model"": ""psychopy_callOnFlip_plus_fixed_display_latency""}"
-37,dynamic_sart_stimulus_offset__v=1__trial=-37__condition=go__digit=1__block=-2__phase=practice__practice=1,EVENT,1399246.953,,"{""block"": -2, ""condition"": ""go"", ""cue_assignment"": null, ""cue_opportunity"": false, ""cue_opportunity_index"": null, ""cue_randomization_block_index"": null, ""digit"": 1, ""expected_visual_onset_lsl_timestamp"": 1399247.1505621, ""expected_visual_onset_monotonic"": 1399246.953, ""expected_visual_onset_uncertainty_ms"": 4.148969997186214, ""fixed_display_latency_ms"": 0.0, ""flip_lsl_timestamp"": 1399247.1505621, ""flip_monotonic"": 1399246.953, ""lsl_timestamp"": 1399247.1505621, ""marker_emit_attempted"": true, ""marker_stream_name"": ""EEGleMarkers"", ""marker_stream_source_id"": ""eegle-markers-dynamic_sart-run-20260820T161425-cd265ce895a2"", ""marker_stream_type"": ""Markers"", ""phase"": ""practice"", ""photodiode_verification_enabled"": false, ""practice"": true, ""scheduled_on_flip"": true, ""schema_version"": 1, ""sequence_id"": ""237942804d5e24dc51a11ff9281243bab0f3fb0afd493a5da2f3cce232c141d1"", ""study_segment"": null, ""task"": ""dynamic_sart"", ""timing_model"": ""psychopy_callOnFlip_plus_fixed_display_latency""}"
-37,dynamic_sart_key_event,EVENT,1399247.0336848,space,"{""assigned_block"": -2, ""assigned_phase"": ""practice"", ""event_id"": ""key-00000037"", ""hardware_timestamped"": true, ""is_escape_key"": false, ""is_late"": false, ""is_premature"": false, ""is_response_key"": true, ""keyboard_backend"": ""psychopy.hardware.keyboard.Keyboard"", ""keyboard_time"": 80.22168860002421, ""schema"": ""eegle.dynamic_sart.key_event.v1"", ""task_state"": ""RESPONSE_WINDOW_MASK"", ""timestamp_lsl_if_available"": 1399247.2225039}"
-37,dynamic_sart_response_window_close__v=1__trial=-37__condition=go__digit=1__block=-2__phase=practice__practice=1,EVENT,1399248.312,,"{""block"": -2, ""condition"": ""go"", ""cue_assignment"": null, ""cue_opportunity"": false, ""cue_opportunity_index"": null, ""cue_randomization_block_index"": null, ""digit"": 1, ""flip_lsl_timestamp"": 1399248.5063068, ""flip_monotonic"": 1399248.312, ""lsl_timestamp"": 1399248.5063068, ""phase"": ""practice"", ""practice"": true, ""response_window_close_overshoot_seconds"": 0.008999999845400453, ""scheduled_on_flip"": true, ""scheduled_response_window_close_lsl"": 1399248.4980784, ""scheduled_response_window_close_monotonic"": 1399248.303, ""schema_version"": 1, ""sequence_id"": ""237942804d5e24dc51a11ff9281243bab0f3fb0afd493a5da2f3cce232c141d1"", ""study_segment"": null}"
-37,dynamic_sart_trial_complete__v=1__trial=-37__condition=go__digit=1__block=-2__phase=practice__practice=1,EVENT,1399248.312,,"{""block"": -2, ""condition"": ""go"", ""correct"": true, ""cue_assignment"": null, ""cue_opportunity"": false, ""cue_opportunity_index"": null, ""cue_randomization_block_index"": null, ""digit"": 1, ""lsl_timestamp"": 1399248.5063068, ""marker_emit_attempted"": true, ""marker_stream_name"": ""EEGleMarkers"", ""marker_stream_source_id"": ""eegle-markers-dynamic_sart-run-20260820T161425-cd265ce895a2"", ""marker_stream_type"": ""Markers"", ""phase"": ""practice"", ""practice"": true, ""primary_outcome"": ""correct_go"", ""reaction_time_seconds"": 0.33068479993380606, ""schema_version"": 1, ""sequence_id"": ""237942804d5e24dc51a11ff9281243bab0f3fb0afd493a5da2f3cce232c141d1"", ""study_segment"": null, ""task"": ""dynamic_sart""}"
-38,dynamic_sart_stimulus_onset__v=1__trial=-38__condition=go__digit=9__block=-2__phase=practice__practice=1,EVENT,1399248.703,,"{""block"": -2, ""condition"": ""go"", ""cue_assignment"": null, ""cue_opportunity"": false, ""cue_opportunity_index"": null, ""cue_randomization_block_index"": null, ""digit"": 9, ""expected_visual_onset_lsl_timestamp"": 1399248.8899997, ""expected_visual_onset_monotonic"": 1399248.703, ""expected_visual_onset_uncertainty_ms"": 4.148969997186214, ""fixed_display_latency_ms"": 0.0, ""flip_lsl_timestamp"": 1399248.8899997, ""flip_monotonic"": 1399248.703, ""lsl_timestamp"": 1399248.8899997, ""marker_emit_attempted"": true, ""marker_stream_name"": ""EEGleMarkers"", ""marker_stream_source_id"": ""eegle-markers-dynamic_sart-run-20260820T161425-cd265ce895a2"", ""marker_stream_type"": ""Markers"", ""phase"": ""practice"", ""photodiode_verification_enabled"": false, ""practice"": true, ""scheduled_on_flip"": true, ""schema_version"": 1, ""sequence_id"": ""237942804d5e24dc51a11ff9281243bab0f3fb0afd493a5da2f3cce232c141d1"", ""study_segment"": null, ""task"": ""dynamic_sart"", ""timing_model"": ""psychopy_callOnFlip_plus_fixed_display_latency""}"
-38,dynamic_sart_stimulus_offset__v=1__trial=-38__condition=go__digit=9__block=-2__phase=practice__practice=1,EVENT,1399248.953,,"{""block"": -2, ""condition"": ""go"", ""cue_assignment"": null, ""cue_opportunity"": false, ""cue_opportunity_index"": null, ""cue_randomization_block_index"": null, ""digit"": 9, ""expected_visual_onset_lsl_timestamp"": 1399249.1504554, ""expected_visual_onset_monotonic"": 1399248.953, ""expected_visual_onset_uncertainty_ms"": 4.148969997186214, ""fixed_display_latency_ms"": 0.0, ""flip_lsl_timestamp"": 1399249.1504554, ""flip_monotonic"": 1399248.953, ""lsl_timestamp"": 1399249.1504554, ""marker_emit_attempted"": true, ""marker_stream_name"": ""EEGleMarkers"", ""marker_stream_source_id"": ""eegle-markers-dynamic_sart-run-20260820T161425-cd265ce895a2"", ""marker_stream_type"": ""Markers"", ""phase"": ""practice"", ""photodiode_verification_enabled"": false, ""practice"": true, ""scheduled_on_flip"": true, ""schema_version"": 1, ""sequence_id"": ""237942804d5e24dc51a11ff9281243bab0f3fb0afd493a5da2f3cce232c141d1"", ""study_segment"": null, ""task"": ""dynamic_sart"", ""timing_model"": ""psychopy_callOnFlip_plus_fixed_display_latency""}"
-38,dynamic_sart_key_event,EVENT,1399249.0612644,space,"{""assigned_block"": -2, ""assigned_phase"": ""practice"", ""event_id"": ""key-00000038"", ""hardware_timestamped"": true, ""is_escape_key"": false, ""is_late"": false, ""is_premature"": false, ""is_response_key"": true, ""keyboard_backend"": ""psychopy.hardware.keyboard.Keyboard"", ""keyboard_time"": 82.24926820001565, ""schema"": ""eegle.dynamic_sart.key_event.v1"", ""task_state"": ""RESPONSE_WINDOW_MASK"", ""timestamp_lsl_if_available"": 1399249.2500835}"
-38,dynamic_sart_response_window_close__v=1__trial=-38__condition=go__digit=9__block=-2__phase=practice__practice=1,EVENT,1399250.312,,"{""block"": -2, ""condition"": ""go"", ""cue_assignment"": null, ""cue_opportunity"": false, ""cue_opportunity_index"": null, ""cue_randomization_block_index"": null, ""digit"": 9, ""flip_lsl_timestamp"": 1399250.506537, ""flip_monotonic"": 1399250.312, ""lsl_timestamp"": 1399250.506537, ""phase"": ""practice"", ""practice"": true, ""response_window_close_overshoot_seconds"": 0.008999999845400453, ""scheduled_on_flip"": true, ""scheduled_response_window_close_lsl"": 1399250.4899997, ""scheduled_response_window_close_monotonic"": 1399250.303, ""schema_version"": 1, ""sequence_id"": ""237942804d5e24dc51a11ff9281243bab0f3fb0afd493a5da2f3cce232c141d1"", ""study_segment"": null}"
-38,dynamic_sart_trial_complete__v=1__trial=-38__condition=go__digit=9__block=-2__phase=practice__practice=1,EVENT,1399250.312,,"{""block"": -2, ""condition"": ""go"", ""correct"": true, ""cue_assignment"": null, ""cue_opportunity"": false, ""cue_opportunity_index"": null, ""cue_randomization_block_index"": null, ""digit"": 9, ""lsl_timestamp"": 1399250.506537, ""marker_emit_attempted"": true, ""marker_stream_name"": ""EEGleMarkers"", ""marker_stream_source_id"": ""eegle-markers-dynamic_sart-run-20260820T161425-cd265ce895a2"", ""marker_stream_type"": ""Markers"", ""phase"": ""practice"", ""practice"": true, ""primary_outcome"": ""correct_go"", ""reaction_time_seconds"": 0.35826439992524683, ""schema_version"": 1, ""sequence_id"": ""237942804d5e24dc51a11ff9281243bab0f3fb0afd493a5da2f3cce232c141d1"", ""study_segment"": null, ""task"": ""dynamic_sart""}"
-39,dynamic_sart_stimulus_onset__v=1__trial=-39__condition=no_go__digit=3__block=-2__phase=practice__practice=1,EVENT,1399250.703,,"{""block"": -2, ""condition"": ""no_go"", ""cue_assignment"": null, ""cue_opportunity"": false, ""cue_opportunity_index"": null, ""cue_randomization_block_index"": null, ""digit"": 3, ""expected_visual_onset_lsl_timestamp"": 1399250.8983787, ""expected_visual_onset_monotonic"": 1399250.703, ""expected_visual_onset_uncertainty_ms"": 4.148969997186214, ""fixed_display_latency_ms"": 0.0, ""flip_lsl_timestamp"": 1399250.8983787, ""flip_monotonic"": 1399250.703, ""lsl_timestamp"": 1399250.8983787, ""marker_emit_attempted"": true, ""marker_stream_name"": ""EEGleMarkers"", ""marker_stream_source_id"": ""eegle-markers-dynamic_sart-run-20260820T161425-cd265ce895a2"", ""marker_stream_type"": ""Markers"", ""phase"": ""practice"", ""photodiode_verification_enabled"": false, ""practice"": true, ""scheduled_on_flip"": true, ""schema_version"": 1, ""sequence_id"": ""237942804d5e24dc51a11ff9281243bab0f3fb0afd493a5da2f3cce232c141d1"", ""study_segment"": null, ""task"": ""dynamic_sart"", ""timing_model"": ""psychopy_callOnFlip_plus_fixed_display_latency""}"
-39,dynamic_sart_stimulus_offset__v=1__trial=-39__condition=no_go__digit=3__block=-2__phase=practice__practice=1,EVENT,1399250.953,,"{""block"": -2, ""condition"": ""no_go"", ""cue_assignment"": null, ""cue_opportunity"": false, ""cue_opportunity_index"": null, ""cue_randomization_block_index"": null, ""digit"": 3, ""expected_visual_onset_lsl_timestamp"": 1399251.1507166, ""expected_visual_onset_monotonic"": 1399250.953, ""expected_visual_onset_uncertainty_ms"": 4.148969997186214, ""fixed_display_latency_ms"": 0.0, ""flip_lsl_timestamp"": 1399251.1507166, ""flip_monotonic"": 1399250.953, ""lsl_timestamp"": 1399251.1507166, ""marker_emit_attempted"": true, ""marker_stream_name"": ""EEGleMarkers"", ""marker_stream_source_id"": ""eegle-markers-dynamic_sart-run-20260820T161425-cd265ce895a2"", ""marker_stream_type"": ""Markers"", ""phase"": ""practice"", ""photodiode_verification_enabled"": false, ""practice"": true, ""scheduled_on_flip"": true, ""schema_version"": 1, ""sequence_id"": ""237942804d5e24dc51a11ff9281243bab0f3fb0afd493a5da2f3cce232c141d1"", ""study_segment"": null, ""task"": ""dynamic_sart"", ""timing_model"": ""psychopy_callOnFlip_plus_fixed_display_latency""}"
-39,dynamic_sart_key_event,EVENT,1399251.0087448,space,"{""assigned_block"": -2, ""assigned_phase"": ""practice"", ""event_id"": ""key-00000039"", ""hardware_timestamped"": true, ""is_escape_key"": false, ""is_late"": false, ""is_premature"": false, ""is_response_key"": true, ""keyboard_backend"": ""psychopy.hardware.keyboard.Keyboard"", ""keyboard_time"": 84.19674860010855, ""schema"": ""eegle.dynamic_sart.key_event.v1"", ""task_state"": ""RESPONSE_WINDOW_MASK"", ""timestamp_lsl_if_available"": 1399251.1975639001}"
-39,dynamic_sart_response_window_close__v=1__trial=-39__condition=no_go__digit=3__block=-2__phase=practice__practice=1,EVENT,1399252.312,,"{""block"": -2, ""condition"": ""no_go"", ""cue_assignment"": null, ""cue_opportunity"": false, ""cue_opportunity_index"": null, ""cue_randomization_block_index"": null, ""digit"": 3, ""flip_lsl_timestamp"": 1399252.5065433, ""flip_monotonic"": 1399252.312, ""lsl_timestamp"": 1399252.5065433, ""phase"": ""practice"", ""practice"": true, ""response_window_close_overshoot_seconds"": 0.008999999845400453, ""scheduled_on_flip"": true, ""scheduled_response_window_close_lsl"": 1399252.4983787, ""scheduled_response_window_close_monotonic"": 1399252.303, ""schema_version"": 1, ""sequence_id"": ""237942804d5e24dc51a11ff9281243bab0f3fb0afd493a5da2f3cce232c141d1"", ""study_segment"": null}"
-39,dynamic_sart_trial_complete__v=1__trial=-39__condition=no_go__digit=3__block=-2__phase=practice__practice=1,EVENT,1399252.312,,"{""block"": -2, ""condition"": ""no_go"", ""correct"": false, ""cue_assignment"": null, ""cue_opportunity"": false, ""cue_opportunity_index"": null, ""cue_randomization_block_index"": null, ""digit"": 3, ""lsl_timestamp"": 1399252.5065433, ""marker_emit_attempted"": true, ""marker_stream_name"": ""EEGleMarkers"", ""marker_stream_source_id"": ""eegle-markers-dynamic_sart-run-20260820T161425-cd265ce895a2"", ""marker_stream_type"": ""Markers"", ""phase"": ""practice"", ""practice"": true, ""primary_outcome"": ""commission_error"", ""reaction_time_seconds"": 0.30574480001814663, ""schema_version"": 1, ""sequence_id"": ""237942804d5e24dc51a11ff9281243bab0f3fb0afd493a5da2f3cce232c141d1"", ""study_segment"": null, ""task"": ""dynamic_sart""}"
-40,dynamic_sart_stimulus_onset__v=1__trial=-40__condition=go__digit=0__block=-2__phase=practice__practice=1,EVENT,1399252.734,,"{""block"": -2, ""condition"": ""go"", ""cue_assignment"": null, ""cue_opportunity"": false, ""cue_opportunity_index"": null, ""cue_randomization_block_index"": null, ""digit"": 0, ""expected_visual_onset_lsl_timestamp"": 1399252.9200343, ""expected_visual_onset_monotonic"": 1399252.734, ""expected_visual_onset_uncertainty_ms"": 4.148969997186214, ""fixed_display_latency_ms"": 0.0, ""flip_lsl_timestamp"": 1399252.9200343, ""flip_monotonic"": 1399252.734, ""lsl_timestamp"": 1399252.9200343, ""marker_emit_attempted"": true, ""marker_stream_name"": ""EEGleMarkers"", ""marker_stream_source_id"": ""eegle-markers-dynamic_sart-run-20260820T161425-cd265ce895a2"", ""marker_stream_type"": ""Markers"", ""phase"": ""practice"", ""photodiode_verification_enabled"": false, ""practice"": true, ""scheduled_on_flip"": true, ""schema_version"": 1, ""sequence_id"": ""237942804d5e24dc51a11ff9281243bab0f3fb0afd493a5da2f3cce232c141d1"", ""study_segment"": null, ""task"": ""dynamic_sart"", ""timing_model"": ""psychopy_callOnFlip_plus_fixed_display_latency""}"
-40,dynamic_sart_stimulus_offset__v=1__trial=-40__condition=go__digit=0__block=-2__phase=practice__practice=1,EVENT,1399252.984,,"{""block"": -2, ""condition"": ""go"", ""cue_assignment"": null, ""cue_opportunity"": false, ""cue_opportunity_index"": null, ""cue_randomization_block_index"": null, ""digit"": 0, ""expected_visual_onset_lsl_timestamp"": 1399253.1778142, ""expected_visual_onset_monotonic"": 1399252.984, ""expected_visual_onset_uncertainty_ms"": 4.148969997186214, ""fixed_display_latency_ms"": 0.0, ""flip_lsl_timestamp"": 1399253.1778142, ""flip_monotonic"": 1399252.984, ""lsl_timestamp"": 1399253.1778142, ""marker_emit_attempted"": true, ""marker_stream_name"": ""EEGleMarkers"", ""marker_stream_source_id"": ""eegle-markers-dynamic_sart-run-20260820T161425-cd265ce895a2"", ""marker_stream_type"": ""Markers"", ""phase"": ""practice"", ""photodiode_verification_enabled"": false, ""practice"": true, ""scheduled_on_flip"": true, ""schema_version"": 1, ""sequence_id"": ""237942804d5e24dc51a11ff9281243bab0f3fb0afd493a5da2f3cce232c141d1"", ""study_segment"": null, ""task"": ""dynamic_sart"", ""timing_model"": ""psychopy_callOnFlip_plus_fixed_display_latency""}"
-40,dynamic_sart_key_event,EVENT,1399253.0424919,space,"{""assigned_block"": -2, ""assigned_phase"": ""practice"", ""event_id"": ""key-00000040"", ""hardware_timestamped"": true, ""is_escape_key"": false, ""is_late"": false, ""is_premature"": false, ""is_response_key"": true, ""keyboard_backend"": ""psychopy.hardware.keyboard.Keyboard"", ""keyboard_time"": 86.230495700147, ""schema"": ""eegle.dynamic_sart.key_event.v1"", ""task_state"": ""RESPONSE_WINDOW_MASK"", ""timestamp_lsl_if_available"": 1399253.2313110002}"
-40,dynamic_sart_response_window_close__v=1__trial=-40__condition=go__digit=0__block=-2__phase=practice__practice=1,EVENT,1399254.328,,"{""block"": -2, ""condition"": ""go"", ""cue_assignment"": null, ""cue_opportunity"": false, ""cue_opportunity_index"": null, ""cue_randomization_block_index"": null, ""digit"": 0, ""flip_lsl_timestamp"": 1399254.5280743, ""flip_monotonic"": 1399254.328, ""lsl_timestamp"": 1399254.5280743, ""phase"": ""practice"", ""practice"": true, ""response_window_close_overshoot_seconds"": 0.0, ""scheduled_on_flip"": true, ""scheduled_response_window_close_lsl"": 1399254.5200343002, ""scheduled_response_window_close_monotonic"": 1399254.334, ""schema_version"": 1, ""sequence_id"": ""237942804d5e24dc51a11ff9281243bab0f3fb0afd493a5da2f3cce232c141d1"", ""study_segment"": null}"
-40,dynamic_sart_trial_complete__v=1__trial=-40__condition=go__digit=0__block=-2__phase=practice__practice=1,EVENT,1399254.328,,"{""block"": -2, ""condition"": ""go"", ""correct"": true, ""cue_assignment"": null, ""cue_opportunity"": false, ""cue_opportunity_index"": null, ""cue_randomization_block_index"": null, ""digit"": 0, ""lsl_timestamp"": 1399254.5280743, ""marker_emit_attempted"": true, ""marker_stream_name"": ""EEGleMarkers"", ""marker_stream_source_id"": ""eegle-markers-dynamic_sart-run-20260820T161425-cd265ce895a2"", ""marker_stream_type"": ""Markers"", ""phase"": ""practice"", ""practice"": true, ""primary_outcome"": ""correct_go"", ""reaction_time_seconds"": 0.30849190009757876, ""schema_version"": 1, ""sequence_id"": ""237942804d5e24dc51a11ff9281243bab0f3fb0afd493a5da2f3cce232c141d1"", ""study_segment"": null, ""task"": ""dynamic_sart""}"
-41,dynamic_sart_stimulus_onset__v=1__trial=-41__condition=go__digit=6__block=-2__phase=practice__practice=1,EVENT,1399254.734,,"{""block"": -2, ""condition"": ""go"", ""cue_assignment"": null, ""cue_opportunity"": false, ""cue_opportunity_index"": null, ""cue_randomization_block_index"": null, ""digit"": 6, ""expected_visual_onset_lsl_timestamp"": 1399254.930322, ""expected_visual_onset_monotonic"": 1399254.734, ""expected_visual_onset_uncertainty_ms"": 4.148969997186214, ""fixed_display_latency_ms"": 0.0, ""flip_lsl_timestamp"": 1399254.930322, ""flip_monotonic"": 1399254.734, ""lsl_timestamp"": 1399254.930322, ""marker_emit_attempted"": true, ""marker_stream_name"": ""EEGleMarkers"", ""marker_stream_source_id"": ""eegle-markers-dynamic_sart-run-20260820T161425-cd265ce895a2"", ""marker_stream_type"": ""Markers"", ""phase"": ""practice"", ""photodiode_verification_enabled"": false, ""practice"": true, ""scheduled_on_flip"": true, ""schema_version"": 1, ""sequence_id"": ""237942804d5e24dc51a11ff9281243bab0f3fb0afd493a5da2f3cce232c141d1"", ""study_segment"": null, ""task"": ""dynamic_sart"", ""timing_model"": ""psychopy_callOnFlip_plus_fixed_display_latency""}"
-41,dynamic_sart_stimulus_offset__v=1__trial=-41__condition=go__digit=6__block=-2__phase=practice__practice=1,EVENT,1399254.984,,"{""block"": -2, ""condition"": ""go"", ""cue_assignment"": null, ""cue_opportunity"": false, ""cue_opportunity_index"": null, ""cue_randomization_block_index"": null, ""digit"": 6, ""expected_visual_onset_lsl_timestamp"": 1399255.178128, ""expected_visual_onset_monotonic"": 1399254.984, ""expected_visual_onset_uncertainty_ms"": 4.148969997186214, ""fixed_display_latency_ms"": 0.0, ""flip_lsl_timestamp"": 1399255.178128, ""flip_monotonic"": 1399254.984, ""lsl_timestamp"": 1399255.178128, ""marker_emit_attempted"": true, ""marker_stream_name"": ""EEGleMarkers"", ""marker_stream_source_id"": ""eegle-markers-dynamic_sart-run-20260820T161425-cd265ce895a2"", ""marker_stream_type"": ""Markers"", ""phase"": ""practice"", ""photodiode_verification_enabled"": false, ""practice"": true, ""scheduled_on_flip"": true, ""schema_version"": 1, ""sequence_id"": ""237942804d5e24dc51a11ff9281243bab0f3fb0afd493a5da2f3cce232c141d1"", ""study_segment"": null, ""task"": ""dynamic_sart"", ""timing_model"": ""psychopy_callOnFlip_plus_fixed_display_latency""}"
-41,dynamic_sart_key_event,EVENT,1399255.0347995,space,"{""assigned_block"": -2, ""assigned_phase"": ""practice"", ""event_id"": ""key-00000041"", ""hardware_timestamped"": true, ""is_escape_key"": false, ""is_late"": false, ""is_premature"": false, ""is_response_key"": true, ""keyboard_backend"": ""psychopy.hardware.keyboard.Keyboard"", ""keyboard_time"": 88.22280330001377, ""schema"": ""eegle.dynamic_sart.key_event.v1"", ""task_state"": ""RESPONSE_WINDOW_MASK"", ""timestamp_lsl_if_available"": 1399255.2236186}"
-41,dynamic_sart_response_window_close__v=1__trial=-41__condition=go__digit=6__block=-2__phase=practice__practice=1,EVENT,1399256.328,,"{""block"": -2, ""condition"": ""go"", ""cue_assignment"": null, ""cue_opportunity"": false, ""cue_opportunity_index"": null, ""cue_randomization_block_index"": null, ""digit"": 6, ""flip_lsl_timestamp"": 1399256.5279648, ""flip_monotonic"": 1399256.328, ""lsl_timestamp"": 1399256.5279648, ""phase"": ""practice"", ""practice"": true, ""response_window_close_overshoot_seconds"": 0.0, ""scheduled_on_flip"": true, ""scheduled_response_window_close_lsl"": 1399256.5303220002, ""scheduled_response_window_close_monotonic"": 1399256.334, ""schema_version"": 1, ""sequence_id"": ""237942804d5e24dc51a11ff9281243bab0f3fb0afd493a5da2f3cce232c141d1"", ""study_segment"": null}"
-41,dynamic_sart_trial_complete__v=1__trial=-41__condition=go__digit=6__block=-2__phase=practice__practice=1,EVENT,1399256.328,,"{""block"": -2, ""condition"": ""go"", ""correct"": true, ""cue_assignment"": null, ""cue_opportunity"": false, ""cue_opportunity_index"": null, ""cue_randomization_block_index"": null, ""digit"": 6, ""lsl_timestamp"": 1399256.5279648, ""marker_emit_attempted"": true, ""marker_stream_name"": ""EEGleMarkers"", ""marker_stream_source_id"": ""eegle-markers-dynamic_sart-run-20260820T161425-cd265ce895a2"", ""marker_stream_type"": ""Markers"", ""phase"": ""practice"", ""practice"": true, ""primary_outcome"": ""correct_go"", ""reaction_time_seconds"": 0.3007994999643415, ""schema_version"": 1, ""sequence_id"": ""237942804d5e24dc51a11ff9281243bab0f3fb0afd493a5da2f3cce232c141d1"", ""study_segment"": null, ""task"": ""dynamic_sart""}"
-42,dynamic_sart_stimulus_onset__v=1__trial=-42__condition=go__digit=8__block=-2__phase=practice__practice=1,EVENT,1399256.734,,"{""block"": -2, ""condition"": ""go"", ""cue_assignment"": null, ""cue_opportunity"": false, ""cue_opportunity_index"": null, ""cue_randomization_block_index"": null, ""digit"": 8, ""expected_visual_onset_lsl_timestamp"": 1399256.9320348, ""expected_visual_onset_monotonic"": 1399256.734, ""expected_visual_onset_uncertainty_ms"": 4.148969997186214, ""fixed_display_latency_ms"": 0.0, ""flip_lsl_timestamp"": 1399256.9320348, ""flip_monotonic"": 1399256.734, ""lsl_timestamp"": 1399256.9320348, ""marker_emit_attempted"": true, ""marker_stream_name"": ""EEGleMarkers"", ""marker_stream_source_id"": ""eegle-markers-dynamic_sart-run-20260820T161425-cd265ce895a2"", ""marker_stream_type"": ""Markers"", ""phase"": ""practice"", ""photodiode_verification_enabled"": false, ""practice"": true, ""scheduled_on_flip"": true, ""schema_version"": 1, ""sequence_id"": ""237942804d5e24dc51a11ff9281243bab0f3fb0afd493a5da2f3cce232c141d1"", ""study_segment"": null, ""task"": ""dynamic_sart"", ""timing_model"": ""psychopy_callOnFlip_plus_fixed_display_latency""}"
-42,dynamic_sart_stimulus_offset__v=1__trial=-42__condition=go__digit=8__block=-2__phase=practice__practice=1,EVENT,1399256.984,,"{""block"": -2, ""condition"": ""go"", ""cue_assignment"": null, ""cue_opportunity"": false, ""cue_opportunity_index"": null, ""cue_randomization_block_index"": null, ""digit"": 8, ""expected_visual_onset_lsl_timestamp"": 1399257.1737231, ""expected_visual_onset_monotonic"": 1399256.984, ""expected_visual_onset_uncertainty_ms"": 4.148969997186214, ""fixed_display_latency_ms"": 0.0, ""flip_lsl_timestamp"": 1399257.1737231, ""flip_monotonic"": 1399256.984, ""lsl_timestamp"": 1399257.1737231, ""marker_emit_attempted"": true, ""marker_stream_name"": ""EEGleMarkers"", ""marker_stream_source_id"": ""eegle-markers-dynamic_sart-run-20260820T161425-cd265ce895a2"", ""marker_stream_type"": ""Markers"", ""phase"": ""practice"", ""photodiode_verification_enabled"": false, ""practice"": true, ""scheduled_on_flip"": true, ""schema_version"": 1, ""sequence_id"": ""237942804d5e24dc51a11ff9281243bab0f3fb0afd493a5da2f3cce232c141d1"", ""study_segment"": null, ""task"": ""dynamic_sart"", ""timing_model"": ""psychopy_callOnFlip_plus_fixed_display_latency""}"
-42,dynamic_sart_key_event,EVENT,1399257.069202,space,"{""assigned_block"": -2, ""assigned_phase"": ""practice"", ""event_id"": ""key-00000042"", ""hardware_timestamped"": true, ""is_escape_key"": false, ""is_late"": false, ""is_premature"": false, ""is_response_key"": true, ""keyboard_backend"": ""psychopy.hardware.keyboard.Keyboard"", ""keyboard_time"": 90.25720580015332, ""schema"": ""eegle.dynamic_sart.key_event.v1"", ""task_state"": ""RESPONSE_WINDOW_MASK"", ""timestamp_lsl_if_available"": 1399257.2580211002}"
-42,dynamic_sart_response_window_close__v=1__trial=-42__condition=go__digit=8__block=-2__phase=practice__practice=1,EVENT,1399258.328,,"{""block"": -2, ""condition"": ""go"", ""cue_assignment"": null, ""cue_opportunity"": false, ""cue_opportunity_index"": null, ""cue_randomization_block_index"": null, ""digit"": 8, ""flip_lsl_timestamp"": 1399258.5243277, ""flip_monotonic"": 1399258.328, ""lsl_timestamp"": 1399258.5243277, ""phase"": ""practice"", ""practice"": true, ""response_window_close_overshoot_seconds"": 0.0, ""scheduled_on_flip"": true, ""scheduled_response_window_close_lsl"": 1399258.5320348002, ""scheduled_response_window_close_monotonic"": 1399258.334, ""schema_version"": 1, ""sequence_id"": ""237942804d5e24dc51a11ff9281243bab0f3fb0afd493a5da2f3cce232c141d1"", ""study_segment"": null}"
-42,dynamic_sart_trial_complete__v=1__trial=-42__condition=go__digit=8__block=-2__phase=practice__practice=1,EVENT,1399258.328,,"{""block"": -2, ""condition"": ""go"", ""correct"": true, ""cue_assignment"": null, ""cue_opportunity"": false, ""cue_opportunity_index"": null, ""cue_randomization_block_index"": null, ""digit"": 8, ""lsl_timestamp"": 1399258.5243277, ""marker_emit_attempted"": true, ""marker_stream_name"": ""EEGleMarkers"", ""marker_stream_source_id"": ""eegle-markers-dynamic_sart-run-20260820T161425-cd265ce895a2"", ""marker_stream_type"": ""Markers"", ""phase"": ""practice"", ""practice"": true, ""primary_outcome"": ""correct_go"", ""reaction_time_seconds"": 0.3352020001038909, ""schema_version"": 1, ""sequence_id"": ""237942804d5e24dc51a11ff9281243bab0f3fb0afd493a5da2f3cce232c141d1"", ""study_segment"": null, ""task"": ""dynamic_sart""}"
-43,dynamic_sart_stimulus_onset__v=1__trial=-43__condition=go__digit=1__block=-2__phase=practice__practice=1,EVENT,1399258.718,,"{""block"": -2, ""condition"": ""go"", ""cue_assignment"": null, ""cue_opportunity"": false, ""cue_opportunity_index"": null, ""cue_randomization_block_index"": null, ""digit"": 1, ""expected_visual_onset_lsl_timestamp"": 1399258.907244, ""expected_visual_onset_monotonic"": 1399258.718, ""expected_visual_onset_uncertainty_ms"": 4.148969997186214, ""fixed_display_latency_ms"": 0.0, ""flip_lsl_timestamp"": 1399258.907244, ""flip_monotonic"": 1399258.718, ""lsl_timestamp"": 1399258.907244, ""marker_emit_attempted"": true, ""marker_stream_name"": ""EEGleMarkers"", ""marker_stream_source_id"": ""eegle-markers-dynamic_sart-run-20260820T161425-cd265ce895a2"", ""marker_stream_type"": ""Markers"", ""phase"": ""practice"", ""photodiode_verification_enabled"": false, ""practice"": true, ""scheduled_on_flip"": true, ""schema_version"": 1, ""sequence_id"": ""237942804d5e24dc51a11ff9281243bab0f3fb0afd493a5da2f3cce232c141d1"", ""study_segment"": null, ""task"": ""dynamic_sart"", ""timing_model"": ""psychopy_callOnFlip_plus_fixed_display_latency""}"
-43,dynamic_sart_stimulus_offset__v=1__trial=-43__condition=go__digit=1__block=-2__phase=practice__practice=1,EVENT,1399258.968,,"{""block"": -2, ""condition"": ""go"", ""cue_assignment"": null, ""cue_opportunity"": false, ""cue_opportunity_index"": null, ""cue_randomization_block_index"": null, ""digit"": 1, ""expected_visual_onset_lsl_timestamp"": 1399259.1658069, ""expected_visual_onset_monotonic"": 1399258.968, ""expected_visual_onset_uncertainty_ms"": 4.148969997186214, ""fixed_display_latency_ms"": 0.0, ""flip_lsl_timestamp"": 1399259.1658069, ""flip_monotonic"": 1399258.968, ""lsl_timestamp"": 1399259.1658069, ""marker_emit_attempted"": true, ""marker_stream_name"": ""EEGleMarkers"", ""marker_stream_source_id"": ""eegle-markers-dynamic_sart-run-20260820T161425-cd265ce895a2"", ""marker_stream_type"": ""Markers"", ""phase"": ""practice"", ""photodiode_verification_enabled"": false, ""practice"": true, ""scheduled_on_flip"": true, ""schema_version"": 1, ""sequence_id"": ""237942804d5e24dc51a11ff9281243bab0f3fb0afd493a5da2f3cce232c141d1"", ""study_segment"": null, ""task"": ""dynamic_sart"", ""timing_model"": ""psychopy_callOnFlip_plus_fixed_display_latency""}"
-43,dynamic_sart_key_event,EVENT,1399259.0431346,space,"{""assigned_block"": -2, ""assigned_phase"": ""practice"", ""event_id"": ""key-00000043"", ""hardware_timestamped"": true, ""is_escape_key"": false, ""is_late"": false, ""is_premature"": false, ""is_response_key"": true, ""keyboard_backend"": ""psychopy.hardware.keyboard.Keyboard"", ""keyboard_time"": 92.23113840003498, ""schema"": ""eegle.dynamic_sart.key_event.v1"", ""task_state"": ""RESPONSE_WINDOW_MASK"", ""timestamp_lsl_if_available"": 1399259.2319537}"
-43,dynamic_sart_response_window_close__v=1__trial=-43__condition=go__digit=1__block=-2__phase=practice__practice=1,EVENT,1399260.312,,"{""block"": -2, ""condition"": ""go"", ""cue_assignment"": null, ""cue_opportunity"": false, ""cue_opportunity_index"": null, ""cue_randomization_block_index"": null, ""digit"": 1, ""flip_lsl_timestamp"": 1399260.506972, ""flip_monotonic"": 1399260.312, ""lsl_timestamp"": 1399260.506972, ""phase"": ""practice"", ""practice"": true, ""response_window_close_overshoot_seconds"": 0.0, ""scheduled_on_flip"": true, ""scheduled_response_window_close_lsl"": 1399260.507244, ""scheduled_response_window_close_monotonic"": 1399260.3180000002, ""schema_version"": 1, ""sequence_id"": ""237942804d5e24dc51a11ff9281243bab0f3fb0afd493a5da2f3cce232c141d1"", ""study_segment"": null}"
-43,dynamic_sart_trial_complete__v=1__trial=-43__condition=go__digit=1__block=-2__phase=practice__practice=1,EVENT,1399260.312,,"{""block"": -2, ""condition"": ""go"", ""correct"": true, ""cue_assignment"": null, ""cue_opportunity"": false, ""cue_opportunity_index"": null, ""cue_randomization_block_index"": null, ""digit"": 1, ""lsl_timestamp"": 1399260.506972, ""marker_emit_attempted"": true, ""marker_stream_name"": ""EEGleMarkers"", ""marker_stream_source_id"": ""eegle-markers-dynamic_sart-run-20260820T161425-cd265ce895a2"", ""marker_stream_type"": ""Markers"", ""phase"": ""practice"", ""practice"": true, ""primary_outcome"": ""correct_go"", ""reaction_time_seconds"": 0.32513459981419146, ""schema_version"": 1, ""sequence_id"": ""237942804d5e24dc51a11ff9281243bab0f3fb0afd493a5da2f3cce232c141d1"", ""study_segment"": null, ""task"": ""dynamic_sart""}"
-44,dynamic_sart_stimulus_onset__v=1__trial=-44__condition=go__digit=4__block=-2__phase=practice__practice=1,EVENT,1399260.703,,"{""block"": -2, ""condition"": ""go"", ""cue_assignment"": null, ""cue_opportunity"": false, ""cue_opportunity_index"": null, ""cue_randomization_block_index"": null, ""digit"": 4, ""expected_visual_onset_lsl_timestamp"": 1399260.8980466, ""expected_visual_onset_monotonic"": 1399260.703, ""expected_visual_onset_uncertainty_ms"": 4.148969997186214, ""fixed_display_latency_ms"": 0.0, ""flip_lsl_timestamp"": 1399260.8980466, ""flip_monotonic"": 1399260.703, ""lsl_timestamp"": 1399260.8980466, ""marker_emit_attempted"": true, ""marker_stream_name"": ""EEGleMarkers"", ""marker_stream_source_id"": ""eegle-markers-dynamic_sart-run-20260820T161425-cd265ce895a2"", ""marker_stream_type"": ""Markers"", ""phase"": ""practice"", ""photodiode_verification_enabled"": false, ""practice"": true, ""scheduled_on_flip"": true, ""schema_version"": 1, ""sequence_id"": ""237942804d5e24dc51a11ff9281243bab0f3fb0afd493a5da2f3cce232c141d1"", ""study_segment"": null, ""task"": ""dynamic_sart"", ""timing_model"": ""psychopy_callOnFlip_plus_fixed_display_latency""}"
-44,dynamic_sart_key_event,EVENT,1399260.9237725,space,"{""assigned_block"": -2, ""assigned_phase"": ""practice"", ""event_id"": ""key-00000044"", ""hardware_timestamped"": true, ""is_escape_key"": false, ""is_late"": false, ""is_premature"": false, ""is_response_key"": true, ""keyboard_backend"": ""psychopy.hardware.keyboard.Keyboard"", ""keyboard_time"": 94.11177630000748, ""schema"": ""eegle.dynamic_sart.key_event.v1"", ""task_state"": ""STIMULUS_VISIBLE"", ""timestamp_lsl_if_available"": 1399261.1125916}"
-44,dynamic_sart_stimulus_offset__v=1__trial=-44__condition=go__digit=4__block=-2__phase=practice__practice=1,EVENT,1399260.953,,"{""block"": -2, ""condition"": ""go"", ""cue_assignment"": null, ""cue_opportunity"": false, ""cue_opportunity_index"": null, ""cue_randomization_block_index"": null, ""digit"": 4, ""expected_visual_onset_lsl_timestamp"": 1399261.1507318, ""expected_visual_onset_monotonic"": 1399260.953, ""expected_visual_onset_uncertainty_ms"": 4.148969997186214, ""fixed_display_latency_ms"": 0.0, ""flip_lsl_timestamp"": 1399261.1507318, ""flip_monotonic"": 1399260.953, ""lsl_timestamp"": 1399261.1507318, ""marker_emit_attempted"": true, ""marker_stream_name"": ""EEGleMarkers"", ""marker_stream_source_id"": ""eegle-markers-dynamic_sart-run-20260820T161425-cd265ce895a2"", ""marker_stream_type"": ""Markers"", ""phase"": ""practice"", ""photodiode_verification_enabled"": false, ""practice"": true, ""scheduled_on_flip"": true, ""schema_version"": 1, ""sequence_id"": ""237942804d5e24dc51a11ff9281243bab0f3fb0afd493a5da2f3cce232c141d1"", ""study_segment"": null, ""task"": ""dynamic_sart"", ""timing_model"": ""psychopy_callOnFlip_plus_fixed_display_latency""}"
-44,dynamic_sart_response_window_close__v=1__trial=-44__condition=go__digit=4__block=-2__phase=practice__practice=1,EVENT,1399262.312,,"{""block"": -2, ""condition"": ""go"", ""cue_assignment"": null, ""cue_opportunity"": false, ""cue_opportunity_index"": null, ""cue_randomization_block_index"": null, ""digit"": 4, ""flip_lsl_timestamp"": 1399262.5069127, ""flip_monotonic"": 1399262.312, ""lsl_timestamp"": 1399262.5069127, ""phase"": ""practice"", ""practice"": true, ""response_window_close_overshoot_seconds"": 0.008999999845400453, ""scheduled_on_flip"": true, ""scheduled_response_window_close_lsl"": 1399262.4980466, ""scheduled_response_window_close_monotonic"": 1399262.303, ""schema_version"": 1, ""sequence_id"": ""237942804d5e24dc51a11ff9281243bab0f3fb0afd493a5da2f3cce232c141d1"", ""study_segment"": null}"
-44,dynamic_sart_trial_complete__v=1__trial=-44__condition=go__digit=4__block=-2__phase=practice__practice=1,EVENT,1399262.312,,"{""block"": -2, ""condition"": ""go"", ""correct"": true, ""cue_assignment"": null, ""cue_opportunity"": false, ""cue_opportunity_index"": null, ""cue_randomization_block_index"": null, ""digit"": 4, ""lsl_timestamp"": 1399262.5069127, ""marker_emit_attempted"": true, ""marker_stream_name"": ""EEGleMarkers"", ""marker_stream_source_id"": ""eegle-markers-dynamic_sart-run-20260820T161425-cd265ce895a2"", ""marker_stream_type"": ""Markers"", ""phase"": ""practice"", ""practice"": true, ""primary_outcome"": ""correct_go"", ""reaction_time_seconds"": 0.22077249991707504, ""schema_version"": 1, ""sequence_id"": ""237942804d5e24dc51a11ff9281243bab0f3fb0afd493a5da2f3cce232c141d1"", ""study_segment"": null, ""task"": ""dynamic_sart""}"
-45,dynamic_sart_stimulus_onset__v=1__trial=-45__condition=go__digit=7__block=-2__phase=practice__practice=1,EVENT,1399262.703,,"{""block"": -2, ""condition"": ""go"", ""cue_assignment"": null, ""cue_opportunity"": false, ""cue_opportunity_index"": null, ""cue_randomization_block_index"": null, ""digit"": 7, ""expected_visual_onset_lsl_timestamp"": 1399262.8905251, ""expected_visual_onset_monotonic"": 1399262.703, ""expected_visual_onset_uncertainty_ms"": 4.148969997186214, ""fixed_display_latency_ms"": 0.0, ""flip_lsl_timestamp"": 1399262.8905251, ""flip_monotonic"": 1399262.703, ""lsl_timestamp"": 1399262.8905251, ""marker_emit_attempted"": true, ""marker_stream_name"": ""EEGleMarkers"", ""marker_stream_source_id"": ""eegle-markers-dynamic_sart-run-20260820T161425-cd265ce895a2"", ""marker_stream_type"": ""Markers"", ""phase"": ""practice"", ""photodiode_verification_enabled"": false, ""practice"": true, ""scheduled_on_flip"": true, ""schema_version"": 1, ""sequence_id"": ""237942804d5e24dc51a11ff9281243bab0f3fb0afd493a5da2f3cce232c141d1"", ""study_segment"": null, ""task"": ""dynamic_sart"", ""timing_model"": ""psychopy_callOnFlip_plus_fixed_display_latency""}"
-45,dynamic_sart_stimulus_offset__v=1__trial=-45__condition=go__digit=7__block=-2__phase=practice__practice=1,EVENT,1399262.953,,"{""block"": -2, ""condition"": ""go"", ""cue_assignment"": null, ""cue_opportunity"": false, ""cue_opportunity_index"": null, ""cue_randomization_block_index"": null, ""digit"": 7, ""expected_visual_onset_lsl_timestamp"": 1399263.150588, ""expected_visual_onset_monotonic"": 1399262.953, ""expected_visual_onset_uncertainty_ms"": 4.148969997186214, ""fixed_display_latency_ms"": 0.0, ""flip_lsl_timestamp"": 1399263.150588, ""flip_monotonic"": 1399262.953, ""lsl_timestamp"": 1399263.150588, ""marker_emit_attempted"": true, ""marker_stream_name"": ""EEGleMarkers"", ""marker_stream_source_id"": ""eegle-markers-dynamic_sart-run-20260820T161425-cd265ce895a2"", ""marker_stream_type"": ""Markers"", ""phase"": ""practice"", ""photodiode_verification_enabled"": false, ""practice"": true, ""scheduled_on_flip"": true, ""schema_version"": 1, ""sequence_id"": ""237942804d5e24dc51a11ff9281243bab0f3fb0afd493a5da2f3cce232c141d1"", ""study_segment"": null, ""task"": ""dynamic_sart"", ""timing_model"": ""psychopy_callOnFlip_plus_fixed_display_latency""}"
-45,dynamic_sart_key_event,EVENT,1399263.0471481,space,"{""assigned_block"": -2, ""assigned_phase"": ""practice"", ""event_id"": ""key-00000045"", ""hardware_timestamped"": true, ""is_escape_key"": false, ""is_late"": false, ""is_premature"": false, ""is_response_key"": true, ""keyboard_backend"": ""psychopy.hardware.keyboard.Keyboard"", ""keyboard_time"": 96.23515190021135, ""schema"": ""eegle.dynamic_sart.key_event.v1"", ""task_state"": ""RESPONSE_WINDOW_MASK"", ""timestamp_lsl_if_available"": 1399263.2359672002}"
-45,dynamic_sart_response_window_close__v=1__trial=-45__condition=go__digit=7__block=-2__phase=practice__practice=1,EVENT,1399264.312,,"{""block"": -2, ""condition"": ""go"", ""cue_assignment"": null, ""cue_opportunity"": false, ""cue_opportunity_index"": null, ""cue_randomization_block_index"": null, ""digit"": 7, ""flip_lsl_timestamp"": 1399264.5074094, ""flip_monotonic"": 1399264.312, ""lsl_timestamp"": 1399264.5074094, ""phase"": ""practice"", ""practice"": true, ""response_window_close_overshoot_seconds"": 0.008999999845400453, ""scheduled_on_flip"": true, ""scheduled_response_window_close_lsl"": 1399264.4905251001, ""scheduled_response_window_close_monotonic"": 1399264.303, ""schema_version"": 1, ""sequence_id"": ""237942804d5e24dc51a11ff9281243bab0f3fb0afd493a5da2f3cce232c141d1"", ""study_segment"": null}"
-45,dynamic_sart_trial_complete__v=1__trial=-45__condition=go__digit=7__block=-2__phase=practice__practice=1,EVENT,1399264.312,,"{""block"": -2, ""condition"": ""go"", ""correct"": true, ""cue_assignment"": null, ""cue_opportunity"": false, ""cue_opportunity_index"": null, ""cue_randomization_block_index"": null, ""digit"": 7, ""lsl_timestamp"": 1399264.5074094, ""marker_emit_attempted"": true, ""marker_stream_name"": ""EEGleMarkers"", ""marker_stream_source_id"": ""eegle-markers-dynamic_sart-run-20260820T161425-cd265ce895a2"", ""marker_stream_type"": ""Markers"", ""phase"": ""practice"", ""practice"": true, ""primary_outcome"": ""correct_go"", ""reaction_time_seconds"": 0.34414810012094676, ""schema_version"": 1, ""sequence_id"": ""237942804d5e24dc51a11ff9281243bab0f3fb0afd493a5da2f3cce232c141d1"", ""study_segment"": null, ""task"": ""dynamic_sart""}"
-46,dynamic_sart_stimulus_onset__v=1__trial=-46__condition=go__digit=0__block=-2__phase=practice__practice=1,EVENT,1399264.703,,"{""block"": -2, ""condition"": ""go"", ""cue_assignment"": null, ""cue_opportunity"": false, ""cue_opportunity_index"": null, ""cue_randomization_block_index"": null, ""digit"": 0, ""expected_visual_onset_lsl_timestamp"": 1399264.8984547, ""expected_visual_onset_monotonic"": 1399264.703, ""expected_visual_onset_uncertainty_ms"": 4.148969997186214, ""fixed_display_latency_ms"": 0.0, ""flip_lsl_timestamp"": 1399264.8984547, ""flip_monotonic"": 1399264.703, ""lsl_timestamp"": 1399264.8984547, ""marker_emit_attempted"": true, ""marker_stream_name"": ""EEGleMarkers"", ""marker_stream_source_id"": ""eegle-markers-dynamic_sart-run-20260820T161425-cd265ce895a2"", ""marker_stream_type"": ""Markers"", ""phase"": ""practice"", ""photodiode_verification_enabled"": false, ""practice"": true, ""scheduled_on_flip"": true, ""schema_version"": 1, ""sequence_id"": ""237942804d5e24dc51a11ff9281243bab0f3fb0afd493a5da2f3cce232c141d1"", ""study_segment"": null, ""task"": ""dynamic_sart"", ""timing_model"": ""psychopy_callOnFlip_plus_fixed_display_latency""}"
-46,dynamic_sart_stimulus_offset__v=1__trial=-46__condition=go__digit=0__block=-2__phase=practice__practice=1,EVENT,1399264.953,,"{""block"": -2, ""condition"": ""go"", ""cue_assignment"": null, ""cue_opportunity"": false, ""cue_opportunity_index"": null, ""cue_randomization_block_index"": null, ""digit"": 0, ""expected_visual_onset_lsl_timestamp"": 1399265.1482127, ""expected_visual_onset_monotonic"": 1399264.953, ""expected_visual_onset_uncertainty_ms"": 4.148969997186214, ""fixed_display_latency_ms"": 0.0, ""flip_lsl_timestamp"": 1399265.1482127, ""flip_monotonic"": 1399264.953, ""lsl_timestamp"": 1399265.1482127, ""marker_emit_attempted"": true, ""marker_stream_name"": ""EEGleMarkers"", ""marker_stream_source_id"": ""eegle-markers-dynamic_sart-run-20260820T161425-cd265ce895a2"", ""marker_stream_type"": ""Markers"", ""phase"": ""practice"", ""photodiode_verification_enabled"": false, ""practice"": true, ""scheduled_on_flip"": true, ""schema_version"": 1, ""sequence_id"": ""237942804d5e24dc51a11ff9281243bab0f3fb0afd493a5da2f3cce232c141d1"", ""study_segment"": null, ""task"": ""dynamic_sart"", ""timing_model"": ""psychopy_callOnFlip_plus_fixed_display_latency""}"
-46,dynamic_sart_key_event,EVENT,1399265.03494,space,"{""assigned_block"": -2, ""assigned_phase"": ""practice"", ""event_id"": ""key-00000046"", ""hardware_timestamped"": true, ""is_escape_key"": false, ""is_late"": false, ""is_premature"": false, ""is_response_key"": true, ""keyboard_backend"": ""psychopy.hardware.keyboard.Keyboard"", ""keyboard_time"": 98.22294380003586, ""schema"": ""eegle.dynamic_sart.key_event.v1"", ""task_state"": ""RESPONSE_WINDOW_MASK"", ""timestamp_lsl_if_available"": 1399265.2237591}"
-46,dynamic_sart_response_window_close__v=1__trial=-46__condition=go__digit=0__block=-2__phase=practice__practice=1,EVENT,1399266.312,,"{""block"": -2, ""condition"": ""go"", ""cue_assignment"": null, ""cue_opportunity"": false, ""cue_opportunity_index"": null, ""cue_randomization_block_index"": null, ""digit"": 0, ""flip_lsl_timestamp"": 1399266.5067973, ""flip_monotonic"": 1399266.312, ""lsl_timestamp"": 1399266.5067973, ""phase"": ""practice"", ""practice"": true, ""response_window_close_overshoot_seconds"": 0.008999999845400453, ""scheduled_on_flip"": true, ""scheduled_response_window_close_lsl"": 1399266.4984547, ""scheduled_response_window_close_monotonic"": 1399266.303, ""schema_version"": 1, ""sequence_id"": ""237942804d5e24dc51a11ff9281243bab0f3fb0afd493a5da2f3cce232c141d1"", ""study_segment"": null}"
-46,dynamic_sart_trial_complete__v=1__trial=-46__condition=go__digit=0__block=-2__phase=practice__practice=1,EVENT,1399266.312,,"{""block"": -2, ""condition"": ""go"", ""correct"": true, ""cue_assignment"": null, ""cue_opportunity"": false, ""cue_opportunity_index"": null, ""cue_randomization_block_index"": null, ""digit"": 0, ""lsl_timestamp"": 1399266.5067973, ""marker_emit_attempted"": true, ""marker_stream_name"": ""EEGleMarkers"", ""marker_stream_source_id"": ""eegle-markers-dynamic_sart-run-20260820T161425-cd265ce895a2"", ""marker_stream_type"": ""Markers"", ""phase"": ""practice"", ""practice"": true, ""primary_outcome"": ""correct_go"", ""reaction_time_seconds"": 0.33193999994546175, ""schema_version"": 1, ""sequence_id"": ""237942804d5e24dc51a11ff9281243bab0f3fb0afd493a5da2f3cce232c141d1"", ""study_segment"": null, ""task"": ""dynamic_sart""}"
-47,dynamic_sart_stimulus_onset__v=1__trial=-47__condition=go__digit=2__block=-2__phase=practice__practice=1,EVENT,1399266.718,,"{""block"": -2, ""condition"": ""go"", ""cue_assignment"": null, ""cue_opportunity"": false, ""cue_opportunity_index"": null, ""cue_randomization_block_index"": null, ""digit"": 2, ""expected_visual_onset_lsl_timestamp"": 1399266.9070057, ""expected_visual_onset_monotonic"": 1399266.718, ""expected_visual_onset_uncertainty_ms"": 4.148969997186214, ""fixed_display_latency_ms"": 0.0, ""flip_lsl_timestamp"": 1399266.9070057, ""flip_monotonic"": 1399266.718, ""lsl_timestamp"": 1399266.9070057, ""marker_emit_attempted"": true, ""marker_stream_name"": ""EEGleMarkers"", ""marker_stream_source_id"": ""eegle-markers-dynamic_sart-run-20260820T161425-cd265ce895a2"", ""marker_stream_type"": ""Markers"", ""phase"": ""practice"", ""photodiode_verification_enabled"": false, ""practice"": true, ""scheduled_on_flip"": true, ""schema_version"": 1, ""sequence_id"": ""237942804d5e24dc51a11ff9281243bab0f3fb0afd493a5da2f3cce232c141d1"", ""study_segment"": null, ""task"": ""dynamic_sart"", ""timing_model"": ""psychopy_callOnFlip_plus_fixed_display_latency""}"
-47,dynamic_sart_stimulus_offset__v=1__trial=-47__condition=go__digit=2__block=-2__phase=practice__practice=1,EVENT,1399266.968,,"{""block"": -2, ""condition"": ""go"", ""cue_assignment"": null, ""cue_opportunity"": false, ""cue_opportunity_index"": null, ""cue_randomization_block_index"": null, ""digit"": 2, ""expected_visual_onset_lsl_timestamp"": 1399267.1648283, ""expected_visual_onset_monotonic"": 1399266.968, ""expected_visual_onset_uncertainty_ms"": 4.148969997186214, ""fixed_display_latency_ms"": 0.0, ""flip_lsl_timestamp"": 1399267.1648283, ""flip_monotonic"": 1399266.968, ""lsl_timestamp"": 1399267.1648283, ""marker_emit_attempted"": true, ""marker_stream_name"": ""EEGleMarkers"", ""marker_stream_source_id"": ""eegle-markers-dynamic_sart-run-20260820T161425-cd265ce895a2"", ""marker_stream_type"": ""Markers"", ""phase"": ""practice"", ""photodiode_verification_enabled"": false, ""practice"": true, ""scheduled_on_flip"": true, ""schema_version"": 1, ""sequence_id"": ""237942804d5e24dc51a11ff9281243bab0f3fb0afd493a5da2f3cce232c141d1"", ""study_segment"": null, ""task"": ""dynamic_sart"", ""timing_model"": ""psychopy_callOnFlip_plus_fixed_display_latency""}"
-47,dynamic_sart_key_event,EVENT,1399266.9848795,space,"{""assigned_block"": -2, ""assigned_phase"": ""practice"", ""event_id"": ""key-00000047"", ""hardware_timestamped"": true, ""is_escape_key"": false, ""is_late"": false, ""is_premature"": false, ""is_response_key"": true, ""keyboard_backend"": ""psychopy.hardware.keyboard.Keyboard"", ""keyboard_time"": 100.1728833001107, ""schema"": ""eegle.dynamic_sart.key_event.v1"", ""task_state"": ""RESPONSE_WINDOW_MASK"", ""timestamp_lsl_if_available"": 1399267.1736986001}"
-47,dynamic_sart_response_window_close__v=1__trial=-47__condition=go__digit=2__block=-2__phase=practice__practice=1,EVENT,1399268.312,,"{""block"": -2, ""condition"": ""go"", ""cue_assignment"": null, ""cue_opportunity"": false, ""cue_opportunity_index"": null, ""cue_randomization_block_index"": null, ""digit"": 2, ""flip_lsl_timestamp"": 1399268.5069691, ""flip_monotonic"": 1399268.312, ""lsl_timestamp"": 1399268.5069691, ""phase"": ""practice"", ""practice"": true, ""response_window_close_overshoot_seconds"": 0.0, ""scheduled_on_flip"": true, ""scheduled_response_window_close_lsl"": 1399268.5070057001, ""scheduled_response_window_close_monotonic"": 1399268.3180000002, ""schema_version"": 1, ""sequence_id"": ""237942804d5e24dc51a11ff9281243bab0f3fb0afd493a5da2f3cce232c141d1"", ""study_segment"": null}"
-47,dynamic_sart_trial_complete__v=1__trial=-47__condition=go__digit=2__block=-2__phase=practice__practice=1,EVENT,1399268.312,,"{""block"": -2, ""condition"": ""go"", ""correct"": true, ""cue_assignment"": null, ""cue_opportunity"": false, ""cue_opportunity_index"": null, ""cue_randomization_block_index"": null, ""digit"": 2, ""lsl_timestamp"": 1399268.5069691, ""marker_emit_attempted"": true, ""marker_stream_name"": ""EEGleMarkers"", ""marker_stream_source_id"": ""eegle-markers-dynamic_sart-run-20260820T161425-cd265ce895a2"", ""marker_stream_type"": ""Markers"", ""phase"": ""practice"", ""practice"": true, ""primary_outcome"": ""correct_go"", ""reaction_time_seconds"": 0.2668794998899102, ""schema_version"": 1, ""sequence_id"": ""237942804d5e24dc51a11ff9281243bab0f3fb0afd493a5da2f3cce232c141d1"", ""study_segment"": null, ""task"": ""dynamic_sart""}"
-48,dynamic_sart_stimulus_onset__v=1__trial=-48__condition=go__digit=9__block=-2__phase=practice__practice=1,EVENT,1399268.703,,"{""block"": -2, ""condition"": ""go"", ""cue_assignment"": null, ""cue_opportunity"": false, ""cue_opportunity_index"": null, ""cue_randomization_block_index"": null, ""digit"": 9, ""expected_visual_onset_lsl_timestamp"": 1399268.8986018, ""expected_visual_onset_monotonic"": 1399268.703, ""expected_visual_onset_uncertainty_ms"": 4.148969997186214, ""fixed_display_latency_ms"": 0.0, ""flip_lsl_timestamp"": 1399268.8986018, ""flip_monotonic"": 1399268.703, ""lsl_timestamp"": 1399268.8986018, ""marker_emit_attempted"": true, ""marker_stream_name"": ""EEGleMarkers"", ""marker_stream_source_id"": ""eegle-markers-dynamic_sart-run-20260820T161425-cd265ce895a2"", ""marker_stream_type"": ""Markers"", ""phase"": ""practice"", ""photodiode_verification_enabled"": false, ""practice"": true, ""scheduled_on_flip"": true, ""schema_version"": 1, ""sequence_id"": ""237942804d5e24dc51a11ff9281243bab0f3fb0afd493a5da2f3cce232c141d1"", ""study_segment"": null, ""task"": ""dynamic_sart"", ""timing_model"": ""psychopy_callOnFlip_plus_fixed_display_latency""}"
-48,dynamic_sart_stimulus_offset__v=1__trial=-48__condition=go__digit=9__block=-2__phase=practice__practice=1,EVENT,1399268.953,,"{""block"": -2, ""condition"": ""go"", ""cue_assignment"": null, ""cue_opportunity"": false, ""cue_opportunity_index"": null, ""cue_randomization_block_index"": null, ""digit"": 9, ""expected_visual_onset_lsl_timestamp"": 1399269.1485761, ""expected_visual_onset_monotonic"": 1399268.953, ""expected_visual_onset_uncertainty_ms"": 4.148969997186214, ""fixed_display_latency_ms"": 0.0, ""flip_lsl_timestamp"": 1399269.1485761, ""flip_monotonic"": 1399268.953, ""lsl_timestamp"": 1399269.1485761, ""marker_emit_attempted"": true, ""marker_stream_name"": ""EEGleMarkers"", ""marker_stream_source_id"": ""eegle-markers-dynamic_sart-run-20260820T161425-cd265ce895a2"", ""marker_stream_type"": ""Markers"", ""phase"": ""practice"", ""photodiode_verification_enabled"": false, ""practice"": true, ""scheduled_on_flip"": true, ""schema_version"": 1, ""sequence_id"": ""237942804d5e24dc51a11ff9281243bab0f3fb0afd493a5da2f3cce232c141d1"", ""study_segment"": null, ""task"": ""dynamic_sart"", ""timing_model"": ""psychopy_callOnFlip_plus_fixed_display_latency""}"
-48,dynamic_sart_key_event,EVENT,1399269.1416269,space,"{""assigned_block"": -2, ""assigned_phase"": ""practice"", ""event_id"": ""key-00000048"", ""hardware_timestamped"": true, ""is_escape_key"": false, ""is_late"": false, ""is_premature"": false, ""is_response_key"": true, ""keyboard_backend"": ""psychopy.hardware.keyboard.Keyboard"", ""keyboard_time"": 102.32963070017286, ""schema"": ""eegle.dynamic_sart.key_event.v1"", ""task_state"": ""RESPONSE_WINDOW_MASK"", ""timestamp_lsl_if_available"": 1399269.3304460002}"
-48,dynamic_sart_response_window_close__v=1__trial=-48__condition=go__digit=9__block=-2__phase=practice__practice=1,EVENT,1399270.312,,"{""block"": -2, ""condition"": ""go"", ""cue_assignment"": null, ""cue_opportunity"": false, ""cue_opportunity_index"": null, ""cue_randomization_block_index"": null, ""digit"": 9, ""flip_lsl_timestamp"": 1399270.5069021, ""flip_monotonic"": 1399270.312, ""lsl_timestamp"": 1399270.5069021, ""phase"": ""practice"", ""practice"": true, ""response_window_close_overshoot_seconds"": 0.008999999845400453, ""scheduled_on_flip"": true, ""scheduled_response_window_close_lsl"": 1399270.4986018, ""scheduled_response_window_close_monotonic"": 1399270.303, ""schema_version"": 1, ""sequence_id"": ""237942804d5e24dc51a11ff9281243bab0f3fb0afd493a5da2f3cce232c141d1"", ""study_segment"": null}"
-48,dynamic_sart_trial_complete__v=1__trial=-48__condition=go__digit=9__block=-2__phase=practice__practice=1,EVENT,1399270.312,,"{""block"": -2, ""condition"": ""go"", ""correct"": true, ""cue_assignment"": null, ""cue_opportunity"": false, ""cue_opportunity_index"": null, ""cue_randomization_block_index"": null, ""digit"": 9, ""lsl_timestamp"": 1399270.5069021, ""marker_emit_attempted"": true, ""marker_stream_name"": ""EEGleMarkers"", ""marker_stream_source_id"": ""eegle-markers-dynamic_sart-run-20260820T161425-cd265ce895a2"", ""marker_stream_type"": ""Markers"", ""phase"": ""practice"", ""practice"": true, ""primary_outcome"": ""correct_go"", ""reaction_time_seconds"": 0.4386269000824541, ""schema_version"": 1, ""sequence_id"": ""237942804d5e24dc51a11ff9281243bab0f3fb0afd493a5da2f3cce232c141d1"", ""study_segment"": null, ""task"": ""dynamic_sart""}"
-49,dynamic_sart_stimulus_onset__v=1__trial=-49__condition=no_go__digit=3__block=-2__phase=practice__practice=1,EVENT,1399270.703,,"{""block"": -2, ""condition"": ""no_go"", ""cue_assignment"": null, ""cue_opportunity"": false, ""cue_opportunity_index"": null, ""cue_randomization_block_index"": null, ""digit"": 3, ""expected_visual_onset_lsl_timestamp"": 1399270.8948918, ""expected_visual_onset_monotonic"": 1399270.703, ""expected_visual_onset_uncertainty_ms"": 4.148969997186214, ""fixed_display_latency_ms"": 0.0, ""flip_lsl_timestamp"": 1399270.8948918, ""flip_monotonic"": 1399270.703, ""lsl_timestamp"": 1399270.8948918, ""marker_emit_attempted"": true, ""marker_stream_name"": ""EEGleMarkers"", ""marker_stream_source_id"": ""eegle-markers-dynamic_sart-run-20260820T161425-cd265ce895a2"", ""marker_stream_type"": ""Markers"", ""phase"": ""practice"", ""photodiode_verification_enabled"": false, ""practice"": true, ""scheduled_on_flip"": true, ""schema_version"": 1, ""sequence_id"": ""237942804d5e24dc51a11ff9281243bab0f3fb0afd493a5da2f3cce232c141d1"", ""study_segment"": null, ""task"": ""dynamic_sart"", ""timing_model"": ""psychopy_callOnFlip_plus_fixed_display_latency""}"
-49,dynamic_sart_stimulus_offset__v=1__trial=-49__condition=no_go__digit=3__block=-2__phase=practice__practice=1,EVENT,1399270.953,,"{""block"": -2, ""condition"": ""no_go"", ""cue_assignment"": null, ""cue_opportunity"": false, ""cue_opportunity_index"": null, ""cue_randomization_block_index"": null, ""digit"": 3, ""expected_visual_onset_lsl_timestamp"": 1399271.150038, ""expected_visual_onset_monotonic"": 1399270.953, ""expected_visual_onset_uncertainty_ms"": 4.148969997186214, ""fixed_display_latency_ms"": 0.0, ""flip_lsl_timestamp"": 1399271.150038, ""flip_monotonic"": 1399270.953, ""lsl_timestamp"": 1399271.150038, ""marker_emit_attempted"": true, ""marker_stream_name"": ""EEGleMarkers"", ""marker_stream_source_id"": ""eegle-markers-dynamic_sart-run-20260820T161425-cd265ce895a2"", ""marker_stream_type"": ""Markers"", ""phase"": ""practice"", ""photodiode_verification_enabled"": false, ""practice"": true, ""scheduled_on_flip"": true, ""schema_version"": 1, ""sequence_id"": ""237942804d5e24dc51a11ff9281243bab0f3fb0afd493a5da2f3cce232c141d1"", ""study_segment"": null, ""task"": ""dynamic_sart"", ""timing_model"": ""psychopy_callOnFlip_plus_fixed_display_latency""}"
-49,dynamic_sart_response_window_close__v=1__trial=-49__condition=no_go__digit=3__block=-2__phase=practice__practice=1,EVENT,1399272.312,,"{""block"": -2, ""condition"": ""no_go"", ""cue_assignment"": null, ""cue_opportunity"": false, ""cue_opportunity_index"": null, ""cue_randomization_block_index"": null, ""digit"": 3, ""flip_lsl_timestamp"": 1399272.5065355, ""flip_monotonic"": 1399272.312, ""lsl_timestamp"": 1399272.5065355, ""phase"": ""practice"", ""practice"": true, ""response_window_close_overshoot_seconds"": 0.008999999845400453, ""scheduled_on_flip"": true, ""scheduled_response_window_close_lsl"": 1399272.4948918, ""scheduled_response_window_close_monotonic"": 1399272.303, ""schema_version"": 1, ""sequence_id"": ""237942804d5e24dc51a11ff9281243bab0f3fb0afd493a5da2f3cce232c141d1"", ""study_segment"": null}"
-49,dynamic_sart_trial_complete__v=1__trial=-49__condition=no_go__digit=3__block=-2__phase=practice__practice=1,EVENT,1399272.312,,"{""block"": -2, ""condition"": ""no_go"", ""correct"": true, ""cue_assignment"": null, ""cue_opportunity"": false, ""cue_opportunity_index"": null, ""cue_randomization_block_index"": null, ""digit"": 3, ""lsl_timestamp"": 1399272.5065355, ""marker_emit_attempted"": true, ""marker_stream_name"": ""EEGleMarkers"", ""marker_stream_source_id"": ""eegle-markers-dynamic_sart-run-20260820T161425-cd265ce895a2"", ""marker_stream_type"": ""Markers"", ""phase"": ""practice"", ""practice"": true, ""primary_outcome"": ""correct_no_go"", ""reaction_time_seconds"": null, ""schema_version"": 1, ""sequence_id"": ""237942804d5e24dc51a11ff9281243bab0f3fb0afd493a5da2f3cce232c141d1"", ""study_segment"": null, ""task"": ""dynamic_sart""}"
-50,dynamic_sart_stimulus_onset__v=1__trial=-50__condition=go__digit=5__block=-2__phase=practice__practice=1,EVENT,1399272.703,,"{""block"": -2, ""condition"": ""go"", ""cue_assignment"": null, ""cue_opportunity"": false, ""cue_opportunity_index"": null, ""cue_randomization_block_index"": null, ""digit"": 5, ""expected_visual_onset_lsl_timestamp"": 1399272.8936032, ""expected_visual_onset_monotonic"": 1399272.703, ""expected_visual_onset_uncertainty_ms"": 4.148969997186214, ""fixed_display_latency_ms"": 0.0, ""flip_lsl_timestamp"": 1399272.8936032, ""flip_monotonic"": 1399272.703, ""lsl_timestamp"": 1399272.8936032, ""marker_emit_attempted"": true, ""marker_stream_name"": ""EEGleMarkers"", ""marker_stream_source_id"": ""eegle-markers-dynamic_sart-run-20260820T161425-cd265ce895a2"", ""marker_stream_type"": ""Markers"", ""phase"": ""practice"", ""photodiode_verification_enabled"": false, ""practice"": true, ""scheduled_on_flip"": true, ""schema_version"": 1, ""sequence_id"": ""237942804d5e24dc51a11ff9281243bab0f3fb0afd493a5da2f3cce232c141d1"", ""study_segment"": null, ""task"": ""dynamic_sart"", ""timing_model"": ""psychopy_callOnFlip_plus_fixed_display_latency""}"
-50,dynamic_sart_key_event,EVENT,1399272.9295817,space,"{""assigned_block"": -2, ""assigned_phase"": ""practice"", ""event_id"": ""key-00000049"", ""hardware_timestamped"": true, ""is_escape_key"": false, ""is_late"": false, ""is_premature"": false, ""is_response_key"": true, ""keyboard_backend"": ""psychopy.hardware.keyboard.Keyboard"", ""keyboard_time"": 106.11758550000377, ""schema"": ""eegle.dynamic_sart.key_event.v1"", ""task_state"": ""STIMULUS_VISIBLE"", ""timestamp_lsl_if_available"": 1399273.1184008}"
-50,dynamic_sart_stimulus_offset__v=1__trial=-50__condition=go__digit=5__block=-2__phase=practice__practice=1,EVENT,1399272.953,,"{""block"": -2, ""condition"": ""go"", ""cue_assignment"": null, ""cue_opportunity"": false, ""cue_opportunity_index"": null, ""cue_randomization_block_index"": null, ""digit"": 5, ""expected_visual_onset_lsl_timestamp"": 1399273.1513978, ""expected_visual_onset_monotonic"": 1399272.953, ""expected_visual_onset_uncertainty_ms"": 4.148969997186214, ""fixed_display_latency_ms"": 0.0, ""flip_lsl_timestamp"": 1399273.1513978, ""flip_monotonic"": 1399272.953, ""lsl_timestamp"": 1399273.1513978, ""marker_emit_attempted"": true, ""marker_stream_name"": ""EEGleMarkers"", ""marker_stream_source_id"": ""eegle-markers-dynamic_sart-run-20260820T161425-cd265ce895a2"", ""marker_stream_type"": ""Markers"", ""phase"": ""practice"", ""photodiode_verification_enabled"": false, ""practice"": true, ""scheduled_on_flip"": true, ""schema_version"": 1, ""sequence_id"": ""237942804d5e24dc51a11ff9281243bab0f3fb0afd493a5da2f3cce232c141d1"", ""study_segment"": null, ""task"": ""dynamic_sart"", ""timing_model"": ""psychopy_callOnFlip_plus_fixed_display_latency""}"
-50,dynamic_sart_response_window_close__v=1__trial=-50__condition=go__digit=5__block=-2__phase=practice__practice=1,EVENT,1399274.312,,"{""block"": -2, ""condition"": ""go"", ""cue_assignment"": null, ""cue_opportunity"": false, ""cue_opportunity_index"": null, ""cue_randomization_block_index"": null, ""digit"": 5, ""flip_lsl_timestamp"": 1399274.5063306, ""flip_monotonic"": 1399274.312, ""lsl_timestamp"": 1399274.5063306, ""phase"": ""practice"", ""practice"": true, ""response_window_close_overshoot_seconds"": 0.008999999845400453, ""scheduled_on_flip"": true, ""scheduled_response_window_close_lsl"": 1399274.4936032002, ""scheduled_response_window_close_monotonic"": 1399274.303, ""schema_version"": 1, ""sequence_id"": ""237942804d5e24dc51a11ff9281243bab0f3fb0afd493a5da2f3cce232c141d1"", ""study_segment"": null}"
-50,dynamic_sart_trial_complete__v=1__trial=-50__condition=go__digit=5__block=-2__phase=practice__practice=1,EVENT,1399274.312,,"{""block"": -2, ""condition"": ""go"", ""correct"": true, ""cue_assignment"": null, ""cue_opportunity"": false, ""cue_opportunity_index"": null, ""cue_randomization_block_index"": null, ""digit"": 5, ""lsl_timestamp"": 1399274.5063306, ""marker_emit_attempted"": true, ""marker_stream_name"": ""EEGleMarkers"", ""marker_stream_source_id"": ""eegle-markers-dynamic_sart-run-20260820T161425-cd265ce895a2"", ""marker_stream_type"": ""Markers"", ""phase"": ""practice"", ""practice"": true, ""primary_outcome"": ""correct_go"", ""reaction_time_seconds"": 0.22658169991336763, ""schema_version"": 1, ""sequence_id"": ""237942804d5e24dc51a11ff9281243bab0f3fb0afd493a5da2f3cce232c141d1"", ""study_segment"": null, ""task"": ""dynamic_sart""}"
-51,dynamic_sart_stimulus_onset__v=1__trial=-51__condition=go__digit=4__block=-2__phase=practice__practice=1,EVENT,1399274.703,,"{""block"": -2, ""condition"": ""go"", ""cue_assignment"": null, ""cue_opportunity"": false, ""cue_opportunity_index"": null, ""cue_randomization_block_index"": null, ""digit"": 4, ""expected_visual_onset_lsl_timestamp"": 1399274.8980179, ""expected_visual_onset_monotonic"": 1399274.703, ""expected_visual_onset_uncertainty_ms"": 4.148969997186214, ""fixed_display_latency_ms"": 0.0, ""flip_lsl_timestamp"": 1399274.8980179, ""flip_monotonic"": 1399274.703, ""lsl_timestamp"": 1399274.8980179, ""marker_emit_attempted"": true, ""marker_stream_name"": ""EEGleMarkers"", ""marker_stream_source_id"": ""eegle-markers-dynamic_sart-run-20260820T161425-cd265ce895a2"", ""marker_stream_type"": ""Markers"", ""phase"": ""practice"", ""photodiode_verification_enabled"": false, ""practice"": true, ""scheduled_on_flip"": true, ""schema_version"": 1, ""sequence_id"": ""237942804d5e24dc51a11ff9281243bab0f3fb0afd493a5da2f3cce232c141d1"", ""study_segment"": null, ""task"": ""dynamic_sart"", ""timing_model"": ""psychopy_callOnFlip_plus_fixed_display_latency""}"
-51,dynamic_sart_stimulus_offset__v=1__trial=-51__condition=go__digit=4__block=-2__phase=practice__practice=1,EVENT,1399274.953,,"{""block"": -2, ""condition"": ""go"", ""cue_assignment"": null, ""cue_opportunity"": false, ""cue_opportunity_index"": null, ""cue_randomization_block_index"": null, ""digit"": 4, ""expected_visual_onset_lsl_timestamp"": 1399275.1504594, ""expected_visual_onset_monotonic"": 1399274.953, ""expected_visual_onset_uncertainty_ms"": 4.148969997186214, ""fixed_display_latency_ms"": 0.0, ""flip_lsl_timestamp"": 1399275.1504594, ""flip_monotonic"": 1399274.953, ""lsl_timestamp"": 1399275.1504594, ""marker_emit_attempted"": true, ""marker_stream_name"": ""EEGleMarkers"", ""marker_stream_source_id"": ""eegle-markers-dynamic_sart-run-20260820T161425-cd265ce895a2"", ""marker_stream_type"": ""Markers"", ""phase"": ""practice"", ""photodiode_verification_enabled"": false, ""practice"": true, ""scheduled_on_flip"": true, ""schema_version"": 1, ""sequence_id"": ""237942804d5e24dc51a11ff9281243bab0f3fb0afd493a5da2f3cce232c141d1"", ""study_segment"": null, ""task"": ""dynamic_sart"", ""timing_model"": ""psychopy_callOnFlip_plus_fixed_display_latency""}"
-51,dynamic_sart_key_event,EVENT,1399274.9759205,space,"{""assigned_block"": -2, ""assigned_phase"": ""practice"", ""event_id"": ""key-00000050"", ""hardware_timestamped"": true, ""is_escape_key"": false, ""is_late"": false, ""is_premature"": false, ""is_response_key"": true, ""keyboard_backend"": ""psychopy.hardware.keyboard.Keyboard"", ""keyboard_time"": 108.16392430011183, ""schema"": ""eegle.dynamic_sart.key_event.v1"", ""task_state"": ""RESPONSE_WINDOW_MASK"", ""timestamp_lsl_if_available"": 1399275.1647396001}"
-51,dynamic_sart_response_window_close__v=1__trial=-51__condition=go__digit=4__block=-2__phase=practice__practice=1,EVENT,1399276.312,,"{""block"": -2, ""condition"": ""go"", ""cue_assignment"": null, ""cue_opportunity"": false, ""cue_opportunity_index"": null, ""cue_randomization_block_index"": null, ""digit"": 4, ""flip_lsl_timestamp"": 1399276.5075334, ""flip_monotonic"": 1399276.312, ""lsl_timestamp"": 1399276.5075334, ""phase"": ""practice"", ""practice"": true, ""response_window_close_overshoot_seconds"": 0.008999999845400453, ""scheduled_on_flip"": true, ""scheduled_response_window_close_lsl"": 1399276.4980179002, ""scheduled_response_window_close_monotonic"": 1399276.303, ""schema_version"": 1, ""sequence_id"": ""237942804d5e24dc51a11ff9281243bab0f3fb0afd493a5da2f3cce232c141d1"", ""study_segment"": null}"
-51,dynamic_sart_trial_complete__v=1__trial=-51__condition=go__digit=4__block=-2__phase=practice__practice=1,EVENT,1399276.312,,"{""block"": -2, ""condition"": ""go"", ""correct"": true, ""cue_assignment"": null, ""cue_opportunity"": false, ""cue_opportunity_index"": null, ""cue_randomization_block_index"": null, ""digit"": 4, ""lsl_timestamp"": 1399276.5075334, ""marker_emit_attempted"": true, ""marker_stream_name"": ""EEGleMarkers"", ""marker_stream_source_id"": ""eegle-markers-dynamic_sart-run-20260820T161425-cd265ce895a2"", ""marker_stream_type"": ""Markers"", ""phase"": ""practice"", ""practice"": true, ""primary_outcome"": ""correct_go"", ""reaction_time_seconds"": 0.27292050002142787, ""schema_version"": 1, ""sequence_id"": ""237942804d5e24dc51a11ff9281243bab0f3fb0afd493a5da2f3cce232c141d1"", ""study_segment"": null, ""task"": ""dynamic_sart""}"
-52,dynamic_sart_stimulus_onset__v=1__trial=-52__condition=no_go__digit=3__block=-2__phase=practice__practice=1,EVENT,1399276.718,,"{""block"": -2, ""condition"": ""no_go"", ""cue_assignment"": null, ""cue_opportunity"": false, ""cue_opportunity_index"": null, ""cue_randomization_block_index"": null, ""digit"": 3, ""expected_visual_onset_lsl_timestamp"": 1399276.9069436, ""expected_visual_onset_monotonic"": 1399276.718, ""expected_visual_onset_uncertainty_ms"": 4.148969997186214, ""fixed_display_latency_ms"": 0.0, ""flip_lsl_timestamp"": 1399276.9069436, ""flip_monotonic"": 1399276.718, ""lsl_timestamp"": 1399276.9069436, ""marker_emit_attempted"": true, ""marker_stream_name"": ""EEGleMarkers"", ""marker_stream_source_id"": ""eegle-markers-dynamic_sart-run-20260820T161425-cd265ce895a2"", ""marker_stream_type"": ""Markers"", ""phase"": ""practice"", ""photodiode_verification_enabled"": false, ""practice"": true, ""scheduled_on_flip"": true, ""schema_version"": 1, ""sequence_id"": ""237942804d5e24dc51a11ff9281243bab0f3fb0afd493a5da2f3cce232c141d1"", ""study_segment"": null, ""task"": ""dynamic_sart"", ""timing_model"": ""psychopy_callOnFlip_plus_fixed_display_latency""}"
-52,dynamic_sart_stimulus_offset__v=1__trial=-52__condition=no_go__digit=3__block=-2__phase=practice__practice=1,EVENT,1399276.968,,"{""block"": -2, ""condition"": ""no_go"", ""cue_assignment"": null, ""cue_opportunity"": false, ""cue_opportunity_index"": null, ""cue_randomization_block_index"": null, ""digit"": 3, ""expected_visual_onset_lsl_timestamp"": 1399277.1668848, ""expected_visual_onset_monotonic"": 1399276.968, ""expected_visual_onset_uncertainty_ms"": 4.148969997186214, ""fixed_display_latency_ms"": 0.0, ""flip_lsl_timestamp"": 1399277.1668848, ""flip_monotonic"": 1399276.968, ""lsl_timestamp"": 1399277.1668848, ""marker_emit_attempted"": true, ""marker_stream_name"": ""EEGleMarkers"", ""marker_stream_source_id"": ""eegle-markers-dynamic_sart-run-20260820T161425-cd265ce895a2"", ""marker_stream_type"": ""Markers"", ""phase"": ""practice"", ""photodiode_verification_enabled"": false, ""practice"": true, ""scheduled_on_flip"": true, ""schema_version"": 1, ""sequence_id"": ""237942804d5e24dc51a11ff9281243bab0f3fb0afd493a5da2f3cce232c141d1"", ""study_segment"": null, ""task"": ""dynamic_sart"", ""timing_model"": ""psychopy_callOnFlip_plus_fixed_display_latency""}"
-52,dynamic_sart_response_window_close__v=1__trial=-52__condition=no_go__digit=3__block=-2__phase=practice__practice=1,EVENT,1399278.312,,"{""block"": -2, ""condition"": ""no_go"", ""cue_assignment"": null, ""cue_opportunity"": false, ""cue_opportunity_index"": null, ""cue_randomization_block_index"": null, ""digit"": 3, ""flip_lsl_timestamp"": 1399278.5068388, ""flip_monotonic"": 1399278.312, ""lsl_timestamp"": 1399278.5068388, ""phase"": ""practice"", ""practice"": true, ""response_window_close_overshoot_seconds"": 0.0, ""scheduled_on_flip"": true, ""scheduled_response_window_close_lsl"": 1399278.5069436, ""scheduled_response_window_close_monotonic"": 1399278.3180000002, ""schema_version"": 1, ""sequence_id"": ""237942804d5e24dc51a11ff9281243bab0f3fb0afd493a5da2f3cce232c141d1"", ""study_segment"": null}"
-52,dynamic_sart_trial_complete__v=1__trial=-52__condition=no_go__digit=3__block=-2__phase=practice__practice=1,EVENT,1399278.312,,"{""block"": -2, ""condition"": ""no_go"", ""correct"": true, ""cue_assignment"": null, ""cue_opportunity"": false, ""cue_opportunity_index"": null, ""cue_randomization_block_index"": null, ""digit"": 3, ""lsl_timestamp"": 1399278.5068388, ""marker_emit_attempted"": true, ""marker_stream_name"": ""EEGleMarkers"", ""marker_stream_source_id"": ""eegle-markers-dynamic_sart-run-20260820T161425-cd265ce895a2"", ""marker_stream_type"": ""Markers"", ""phase"": ""practice"", ""practice"": true, ""primary_outcome"": ""correct_no_go"", ""reaction_time_seconds"": null, ""schema_version"": 1, ""sequence_id"": ""237942804d5e24dc51a11ff9281243bab0f3fb0afd493a5da2f3cce232c141d1"", ""study_segment"": null, ""task"": ""dynamic_sart""}"
-53,dynamic_sart_stimulus_onset__v=1__trial=-53__condition=go__digit=0__block=-2__phase=practice__practice=1,EVENT,1399278.703,,"{""block"": -2, ""condition"": ""go"", ""cue_assignment"": null, ""cue_opportunity"": false, ""cue_opportunity_index"": null, ""cue_randomization_block_index"": null, ""digit"": 0, ""expected_visual_onset_lsl_timestamp"": 1399278.8985396, ""expected_visual_onset_monotonic"": 1399278.703, ""expected_visual_onset_uncertainty_ms"": 4.148969997186214, ""fixed_display_latency_ms"": 0.0, ""flip_lsl_timestamp"": 1399278.8985396, ""flip_monotonic"": 1399278.703, ""lsl_timestamp"": 1399278.8985396, ""marker_emit_attempted"": true, ""marker_stream_name"": ""EEGleMarkers"", ""marker_stream_source_id"": ""eegle-markers-dynamic_sart-run-20260820T161425-cd265ce895a2"", ""marker_stream_type"": ""Markers"", ""phase"": ""practice"", ""photodiode_verification_enabled"": false, ""practice"": true, ""scheduled_on_flip"": true, ""schema_version"": 1, ""sequence_id"": ""237942804d5e24dc51a11ff9281243bab0f3fb0afd493a5da2f3cce232c141d1"", ""study_segment"": null, ""task"": ""dynamic_sart"", ""timing_model"": ""psychopy_callOnFlip_plus_fixed_display_latency""}"
-53,dynamic_sart_stimulus_offset__v=1__trial=-53__condition=go__digit=0__block=-2__phase=practice__practice=1,EVENT,1399278.953,,"{""block"": -2, ""condition"": ""go"", ""cue_assignment"": null, ""cue_opportunity"": false, ""cue_opportunity_index"": null, ""cue_randomization_block_index"": null, ""digit"": 0, ""expected_visual_onset_lsl_timestamp"": 1399279.1537152, ""expected_visual_onset_monotonic"": 1399278.953, ""expected_visual_onset_uncertainty_ms"": 4.148969997186214, ""fixed_display_latency_ms"": 0.0, ""flip_lsl_timestamp"": 1399279.1537152, ""flip_monotonic"": 1399278.953, ""lsl_timestamp"": 1399279.1537152, ""marker_emit_attempted"": true, ""marker_stream_name"": ""EEGleMarkers"", ""marker_stream_source_id"": ""eegle-markers-dynamic_sart-run-20260820T161425-cd265ce895a2"", ""marker_stream_type"": ""Markers"", ""phase"": ""practice"", ""photodiode_verification_enabled"": false, ""practice"": true, ""scheduled_on_flip"": true, ""schema_version"": 1, ""sequence_id"": ""237942804d5e24dc51a11ff9281243bab0f3fb0afd493a5da2f3cce232c141d1"", ""study_segment"": null, ""task"": ""dynamic_sart"", ""timing_model"": ""psychopy_callOnFlip_plus_fixed_display_latency""}"
-53,dynamic_sart_key_event,EVENT,1399278.9602534,space,"{""assigned_block"": -2, ""assigned_phase"": ""practice"", ""event_id"": ""key-00000051"", ""hardware_timestamped"": true, ""is_escape_key"": false, ""is_late"": false, ""is_premature"": false, ""is_response_key"": true, ""keyboard_backend"": ""psychopy.hardware.keyboard.Keyboard"", ""keyboard_time"": 112.1482572001405, ""schema"": ""eegle.dynamic_sart.key_event.v1"", ""task_state"": ""RESPONSE_WINDOW_MASK"", ""timestamp_lsl_if_available"": 1399279.1490725002}"
-53,dynamic_sart_response_window_close__v=1__trial=-53__condition=go__digit=0__block=-2__phase=practice__practice=1,EVENT,1399280.312,,"{""block"": -2, ""condition"": ""go"", ""cue_assignment"": null, ""cue_opportunity"": false, ""cue_opportunity_index"": null, ""cue_randomization_block_index"": null, ""digit"": 0, ""flip_lsl_timestamp"": 1399280.508159, ""flip_monotonic"": 1399280.312, ""lsl_timestamp"": 1399280.508159, ""phase"": ""practice"", ""practice"": true, ""response_window_close_overshoot_seconds"": 0.008999999845400453, ""scheduled_on_flip"": true, ""scheduled_response_window_close_lsl"": 1399280.4985396, ""scheduled_response_window_close_monotonic"": 1399280.303, ""schema_version"": 1, ""sequence_id"": ""237942804d5e24dc51a11ff9281243bab0f3fb0afd493a5da2f3cce232c141d1"", ""study_segment"": null}"
-53,dynamic_sart_trial_complete__v=1__trial=-53__condition=go__digit=0__block=-2__phase=practice__practice=1,EVENT,1399280.312,,"{""block"": -2, ""condition"": ""go"", ""correct"": true, ""cue_assignment"": null, ""cue_opportunity"": false, ""cue_opportunity_index"": null, ""cue_randomization_block_index"": null, ""digit"": 0, ""lsl_timestamp"": 1399280.508159, ""marker_emit_attempted"": true, ""marker_stream_name"": ""EEGleMarkers"", ""marker_stream_source_id"": ""eegle-markers-dynamic_sart-run-20260820T161425-cd265ce895a2"", ""marker_stream_type"": ""Markers"", ""phase"": ""practice"", ""practice"": true, ""primary_outcome"": ""correct_go"", ""reaction_time_seconds"": 0.25725340005010366, ""schema_version"": 1, ""sequence_id"": ""237942804d5e24dc51a11ff9281243bab0f3fb0afd493a5da2f3cce232c141d1"", ""study_segment"": null, ""task"": ""dynamic_sart""}"
-54,dynamic_sart_stimulus_onset__v=1__trial=-54__condition=no_go__digit=3__block=-2__phase=practice__practice=1,EVENT,1399280.718,,"{""block"": -2, ""condition"": ""no_go"", ""cue_assignment"": null, ""cue_opportunity"": false, ""cue_opportunity_index"": null, ""cue_randomization_block_index"": null, ""digit"": 3, ""expected_visual_onset_lsl_timestamp"": 1399280.9080556, ""expected_visual_onset_monotonic"": 1399280.718, ""expected_visual_onset_uncertainty_ms"": 4.148969997186214, ""fixed_display_latency_ms"": 0.0, ""flip_lsl_timestamp"": 1399280.9080556, ""flip_monotonic"": 1399280.718, ""lsl_timestamp"": 1399280.9080556, ""marker_emit_attempted"": true, ""marker_stream_name"": ""EEGleMarkers"", ""marker_stream_source_id"": ""eegle-markers-dynamic_sart-run-20260820T161425-cd265ce895a2"", ""marker_stream_type"": ""Markers"", ""phase"": ""practice"", ""photodiode_verification_enabled"": false, ""practice"": true, ""scheduled_on_flip"": true, ""schema_version"": 1, ""sequence_id"": ""237942804d5e24dc51a11ff9281243bab0f3fb0afd493a5da2f3cce232c141d1"", ""study_segment"": null, ""task"": ""dynamic_sart"", ""timing_model"": ""psychopy_callOnFlip_plus_fixed_display_latency""}"
-54,dynamic_sart_stimulus_offset__v=1__trial=-54__condition=no_go__digit=3__block=-2__phase=practice__practice=1,EVENT,1399280.968,,"{""block"": -2, ""condition"": ""no_go"", ""cue_assignment"": null, ""cue_opportunity"": false, ""cue_opportunity_index"": null, ""cue_randomization_block_index"": null, ""digit"": 3, ""expected_visual_onset_lsl_timestamp"": 1399281.1652571, ""expected_visual_onset_monotonic"": 1399280.968, ""expected_visual_onset_uncertainty_ms"": 4.148969997186214, ""fixed_display_latency_ms"": 0.0, ""flip_lsl_timestamp"": 1399281.1652571, ""flip_monotonic"": 1399280.968, ""lsl_timestamp"": 1399281.1652571, ""marker_emit_attempted"": true, ""marker_stream_name"": ""EEGleMarkers"", ""marker_stream_source_id"": ""eegle-markers-dynamic_sart-run-20260820T161425-cd265ce895a2"", ""marker_stream_type"": ""Markers"", ""phase"": ""practice"", ""photodiode_verification_enabled"": false, ""practice"": true, ""scheduled_on_flip"": true, ""schema_version"": 1, ""sequence_id"": ""237942804d5e24dc51a11ff9281243bab0f3fb0afd493a5da2f3cce232c141d1"", ""study_segment"": null, ""task"": ""dynamic_sart"", ""timing_model"": ""psychopy_callOnFlip_plus_fixed_display_latency""}"
-54,dynamic_sart_response_window_close__v=1__trial=-54__condition=no_go__digit=3__block=-2__phase=practice__practice=1,EVENT,1399282.312,,"{""block"": -2, ""condition"": ""no_go"", ""cue_assignment"": null, ""cue_opportunity"": false, ""cue_opportunity_index"": null, ""cue_randomization_block_index"": null, ""digit"": 3, ""flip_lsl_timestamp"": 1399282.5064039, ""flip_monotonic"": 1399282.312, ""lsl_timestamp"": 1399282.5064039, ""phase"": ""practice"", ""practice"": true, ""response_window_close_overshoot_seconds"": 0.0, ""scheduled_on_flip"": true, ""scheduled_response_window_close_lsl"": 1399282.5080556, ""scheduled_response_window_close_monotonic"": 1399282.3180000002, ""schema_version"": 1, ""sequence_id"": ""237942804d5e24dc51a11ff9281243bab0f3fb0afd493a5da2f3cce232c141d1"", ""study_segment"": null}"
-54,dynamic_sart_trial_complete__v=1__trial=-54__condition=no_go__digit=3__block=-2__phase=practice__practice=1,EVENT,1399282.312,,"{""block"": -2, ""condition"": ""no_go"", ""correct"": true, ""cue_assignment"": null, ""cue_opportunity"": false, ""cue_opportunity_index"": null, ""cue_randomization_block_index"": null, ""digit"": 3, ""lsl_timestamp"": 1399282.5064039, ""marker_emit_attempted"": true, ""marker_stream_name"": ""EEGleMarkers"", ""marker_stream_source_id"": ""eegle-markers-dynamic_sart-run-20260820T161425-cd265ce895a2"", ""marker_stream_type"": ""Markers"", ""phase"": ""practice"", ""practice"": true, ""primary_outcome"": ""correct_no_go"", ""reaction_time_seconds"": null, ""schema_version"": 1, ""sequence_id"": ""237942804d5e24dc51a11ff9281243bab0f3fb0afd493a5da2f3cce232c141d1"", ""study_segment"": null, ""task"": ""dynamic_sart""}"
-55,dynamic_sart_stimulus_onset__v=1__trial=-55__condition=go__digit=9__block=-2__phase=practice__practice=1,EVENT,1399282.703,,"{""block"": -2, ""condition"": ""go"", ""cue_assignment"": null, ""cue_opportunity"": false, ""cue_opportunity_index"": null, ""cue_randomization_block_index"": null, ""digit"": 9, ""expected_visual_onset_lsl_timestamp"": 1399282.8929706, ""expected_visual_onset_monotonic"": 1399282.703, ""expected_visual_onset_uncertainty_ms"": 4.148969997186214, ""fixed_display_latency_ms"": 0.0, ""flip_lsl_timestamp"": 1399282.8929706, ""flip_monotonic"": 1399282.703, ""lsl_timestamp"": 1399282.8929706, ""marker_emit_attempted"": true, ""marker_stream_name"": ""EEGleMarkers"", ""marker_stream_source_id"": ""eegle-markers-dynamic_sart-run-20260820T161425-cd265ce895a2"", ""marker_stream_type"": ""Markers"", ""phase"": ""practice"", ""photodiode_verification_enabled"": false, ""practice"": true, ""scheduled_on_flip"": true, ""schema_version"": 1, ""sequence_id"": ""237942804d5e24dc51a11ff9281243bab0f3fb0afd493a5da2f3cce232c141d1"", ""study_segment"": null, ""task"": ""dynamic_sart"", ""timing_model"": ""psychopy_callOnFlip_plus_fixed_display_latency""}"
-55,dynamic_sart_stimulus_offset__v=1__trial=-55__condition=go__digit=9__block=-2__phase=practice__practice=1,EVENT,1399282.953,,"{""block"": -2, ""condition"": ""go"", ""cue_assignment"": null, ""cue_opportunity"": false, ""cue_opportunity_index"": null, ""cue_randomization_block_index"": null, ""digit"": 9, ""expected_visual_onset_lsl_timestamp"": 1399283.1481125, ""expected_visual_onset_monotonic"": 1399282.953, ""expected_visual_onset_uncertainty_ms"": 4.148969997186214, ""fixed_display_latency_ms"": 0.0, ""flip_lsl_timestamp"": 1399283.1481125, ""flip_monotonic"": 1399282.953, ""lsl_timestamp"": 1399283.1481125, ""marker_emit_attempted"": true, ""marker_stream_name"": ""EEGleMarkers"", ""marker_stream_source_id"": ""eegle-markers-dynamic_sart-run-20260820T161425-cd265ce895a2"", ""marker_stream_type"": ""Markers"", ""phase"": ""practice"", ""photodiode_verification_enabled"": false, ""practice"": true, ""scheduled_on_flip"": true, ""schema_version"": 1, ""sequence_id"": ""237942804d5e24dc51a11ff9281243bab0f3fb0afd493a5da2f3cce232c141d1"", ""study_segment"": null, ""task"": ""dynamic_sart"", ""timing_model"": ""psychopy_callOnFlip_plus_fixed_display_latency""}"
-55,dynamic_sart_key_event,EVENT,1399282.9600136,space,"{""assigned_block"": -2, ""assigned_phase"": ""practice"", ""event_id"": ""key-00000052"", ""hardware_timestamped"": true, ""is_escape_key"": false, ""is_late"": false, ""is_premature"": false, ""is_response_key"": true, ""keyboard_backend"": ""psychopy.hardware.keyboard.Keyboard"", ""keyboard_time"": 116.1480174001772, ""schema"": ""eegle.dynamic_sart.key_event.v1"", ""task_state"": ""RESPONSE_WINDOW_MASK"", ""timestamp_lsl_if_available"": 1399283.1488327002}"
-55,dynamic_sart_response_window_close__v=1__trial=-55__condition=go__digit=9__block=-2__phase=practice__practice=1,EVENT,1399284.312,,"{""block"": -2, ""condition"": ""go"", ""cue_assignment"": null, ""cue_opportunity"": false, ""cue_opportunity_index"": null, ""cue_randomization_block_index"": null, ""digit"": 9, ""flip_lsl_timestamp"": 1399284.5065761, ""flip_monotonic"": 1399284.312, ""lsl_timestamp"": 1399284.5065761, ""phase"": ""practice"", ""practice"": true, ""response_window_close_overshoot_seconds"": 0.008999999845400453, ""scheduled_on_flip"": true, ""scheduled_response_window_close_lsl"": 1399284.4929706, ""scheduled_response_window_close_monotonic"": 1399284.303, ""schema_version"": 1, ""sequence_id"": ""237942804d5e24dc51a11ff9281243bab0f3fb0afd493a5da2f3cce232c141d1"", ""study_segment"": null}"
-55,dynamic_sart_trial_complete__v=1__trial=-55__condition=go__digit=9__block=-2__phase=practice__practice=1,EVENT,1399284.312,,"{""block"": -2, ""condition"": ""go"", ""correct"": true, ""cue_assignment"": null, ""cue_opportunity"": false, ""cue_opportunity_index"": null, ""cue_randomization_block_index"": null, ""digit"": 9, ""lsl_timestamp"": 1399284.5065761, ""marker_emit_attempted"": true, ""marker_stream_name"": ""EEGleMarkers"", ""marker_stream_source_id"": ""eegle-markers-dynamic_sart-run-20260820T161425-cd265ce895a2"", ""marker_stream_type"": ""Markers"", ""phase"": ""practice"", ""practice"": true, ""primary_outcome"": ""correct_go"", ""reaction_time_seconds"": 0.2570136000867933, ""schema_version"": 1, ""sequence_id"": ""237942804d5e24dc51a11ff9281243bab0f3fb0afd493a5da2f3cce232c141d1"", ""study_segment"": null, ""task"": ""dynamic_sart""}"
-56,dynamic_sart_stimulus_onset__v=1__trial=-56__condition=go__digit=7__block=-2__phase=practice__practice=1,EVENT,1399284.703,,"{""block"": -2, ""condition"": ""go"", ""cue_assignment"": null, ""cue_opportunity"": false, ""cue_opportunity_index"": null, ""cue_randomization_block_index"": null, ""digit"": 7, ""expected_visual_onset_lsl_timestamp"": 1399284.89395, ""expected_visual_onset_monotonic"": 1399284.703, ""expected_visual_onset_uncertainty_ms"": 4.148969997186214, ""fixed_display_latency_ms"": 0.0, ""flip_lsl_timestamp"": 1399284.89395, ""flip_monotonic"": 1399284.703, ""lsl_timestamp"": 1399284.89395, ""marker_emit_attempted"": true, ""marker_stream_name"": ""EEGleMarkers"", ""marker_stream_source_id"": ""eegle-markers-dynamic_sart-run-20260820T161425-cd265ce895a2"", ""marker_stream_type"": ""Markers"", ""phase"": ""practice"", ""photodiode_verification_enabled"": false, ""practice"": true, ""scheduled_on_flip"": true, ""schema_version"": 1, ""sequence_id"": ""237942804d5e24dc51a11ff9281243bab0f3fb0afd493a5da2f3cce232c141d1"", ""study_segment"": null, ""task"": ""dynamic_sart"", ""timing_model"": ""psychopy_callOnFlip_plus_fixed_display_latency""}"
-56,dynamic_sart_key_event,EVENT,1399284.9416657,space,"{""assigned_block"": -2, ""assigned_phase"": ""practice"", ""event_id"": ""key-00000053"", ""hardware_timestamped"": true, ""is_escape_key"": false, ""is_late"": false, ""is_premature"": false, ""is_response_key"": true, ""keyboard_backend"": ""psychopy.hardware.keyboard.Keyboard"", ""keyboard_time"": 118.1296695000492, ""schema"": ""eegle.dynamic_sart.key_event.v1"", ""task_state"": ""STIMULUS_VISIBLE"", ""timestamp_lsl_if_available"": 1399285.1304848}"
-56,dynamic_sart_stimulus_offset__v=1__trial=-56__condition=go__digit=7__block=-2__phase=practice__practice=1,EVENT,1399284.953,,"{""block"": -2, ""condition"": ""go"", ""cue_assignment"": null, ""cue_opportunity"": false, ""cue_opportunity_index"": null, ""cue_randomization_block_index"": null, ""digit"": 7, ""expected_visual_onset_lsl_timestamp"": 1399285.1484659, ""expected_visual_onset_monotonic"": 1399284.953, ""expected_visual_onset_uncertainty_ms"": 4.148969997186214, ""fixed_display_latency_ms"": 0.0, ""flip_lsl_timestamp"": 1399285.1484659, ""flip_monotonic"": 1399284.953, ""lsl_timestamp"": 1399285.1484659, ""marker_emit_attempted"": true, ""marker_stream_name"": ""EEGleMarkers"", ""marker_stream_source_id"": ""eegle-markers-dynamic_sart-run-20260820T161425-cd265ce895a2"", ""marker_stream_type"": ""Markers"", ""phase"": ""practice"", ""photodiode_verification_enabled"": false, ""practice"": true, ""scheduled_on_flip"": true, ""schema_version"": 1, ""sequence_id"": ""237942804d5e24dc51a11ff9281243bab0f3fb0afd493a5da2f3cce232c141d1"", ""study_segment"": null, ""task"": ""dynamic_sart"", ""timing_model"": ""psychopy_callOnFlip_plus_fixed_display_latency""}"
-56,dynamic_sart_response_window_close__v=1__trial=-56__condition=go__digit=7__block=-2__phase=practice__practice=1,EVENT,1399286.312,,"{""block"": -2, ""condition"": ""go"", ""cue_assignment"": null, ""cue_opportunity"": false, ""cue_opportunity_index"": null, ""cue_randomization_block_index"": null, ""digit"": 7, ""flip_lsl_timestamp"": 1399286.5090772, ""flip_monotonic"": 1399286.312, ""lsl_timestamp"": 1399286.5090772, ""phase"": ""practice"", ""practice"": true, ""response_window_close_overshoot_seconds"": 0.008999999845400453, ""scheduled_on_flip"": true, ""scheduled_response_window_close_lsl"": 1399286.49395, ""scheduled_response_window_close_monotonic"": 1399286.303, ""schema_version"": 1, ""sequence_id"": ""237942804d5e24dc51a11ff9281243bab0f3fb0afd493a5da2f3cce232c141d1"", ""study_segment"": null}"
-56,dynamic_sart_trial_complete__v=1__trial=-56__condition=go__digit=7__block=-2__phase=practice__practice=1,EVENT,1399286.312,,"{""block"": -2, ""condition"": ""go"", ""correct"": true, ""cue_assignment"": null, ""cue_opportunity"": false, ""cue_opportunity_index"": null, ""cue_randomization_block_index"": null, ""digit"": 7, ""lsl_timestamp"": 1399286.5090772, ""marker_emit_attempted"": true, ""marker_stream_name"": ""EEGleMarkers"", ""marker_stream_source_id"": ""eegle-markers-dynamic_sart-run-20260820T161425-cd265ce895a2"", ""marker_stream_type"": ""Markers"", ""phase"": ""practice"", ""practice"": true, ""primary_outcome"": ""correct_go"", ""reaction_time_seconds"": 0.23866569995880127, ""schema_version"": 1, ""sequence_id"": ""237942804d5e24dc51a11ff9281243bab0f3fb0afd493a5da2f3cce232c141d1"", ""study_segment"": null, ""task"": ""dynamic_sart""}"
-57,dynamic_sart_stimulus_onset__v=1__trial=-57__condition=go__digit=6__block=-2__phase=practice__practice=1,EVENT,1399286.718,,"{""block"": -2, ""condition"": ""go"", ""cue_assignment"": null, ""cue_opportunity"": false, ""cue_opportunity_index"": null, ""cue_randomization_block_index"": null, ""digit"": 6, ""expected_visual_onset_lsl_timestamp"": 1399286.9063787, ""expected_visual_onset_monotonic"": 1399286.718, ""expected_visual_onset_uncertainty_ms"": 4.148969997186214, ""fixed_display_latency_ms"": 0.0, ""flip_lsl_timestamp"": 1399286.9063787, ""flip_monotonic"": 1399286.718, ""lsl_timestamp"": 1399286.9063787, ""marker_emit_attempted"": true, ""marker_stream_name"": ""EEGleMarkers"", ""marker_stream_source_id"": ""eegle-markers-dynamic_sart-run-20260820T161425-cd265ce895a2"", ""marker_stream_type"": ""Markers"", ""phase"": ""practice"", ""photodiode_verification_enabled"": false, ""practice"": true, ""scheduled_on_flip"": true, ""schema_version"": 1, ""sequence_id"": ""237942804d5e24dc51a11ff9281243bab0f3fb0afd493a5da2f3cce232c141d1"", ""study_segment"": null, ""task"": ""dynamic_sart"", ""timing_model"": ""psychopy_callOnFlip_plus_fixed_display_latency""}"
-57,dynamic_sart_key_event,EVENT,1399286.9552704,space,"{""assigned_block"": -2, ""assigned_phase"": ""practice"", ""event_id"": ""key-00000054"", ""hardware_timestamped"": true, ""is_escape_key"": false, ""is_late"": false, ""is_premature"": false, ""is_response_key"": true, ""keyboard_backend"": ""psychopy.hardware.keyboard.Keyboard"", ""keyboard_time"": 120.14327420014888, ""schema"": ""eegle.dynamic_sart.key_event.v1"", ""task_state"": ""STIMULUS_VISIBLE"", ""timestamp_lsl_if_available"": 1399287.1440895002}"
-57,dynamic_sart_stimulus_offset__v=1__trial=-57__condition=go__digit=6__block=-2__phase=practice__practice=1,EVENT,1399286.968,,"{""block"": -2, ""condition"": ""go"", ""cue_assignment"": null, ""cue_opportunity"": false, ""cue_opportunity_index"": null, ""cue_randomization_block_index"": null, ""digit"": 6, ""expected_visual_onset_lsl_timestamp"": 1399287.1672418, ""expected_visual_onset_monotonic"": 1399286.968, ""expected_visual_onset_uncertainty_ms"": 4.148969997186214, ""fixed_display_latency_ms"": 0.0, ""flip_lsl_timestamp"": 1399287.1672418, ""flip_monotonic"": 1399286.968, ""lsl_timestamp"": 1399287.1672418, ""marker_emit_attempted"": true, ""marker_stream_name"": ""EEGleMarkers"", ""marker_stream_source_id"": ""eegle-markers-dynamic_sart-run-20260820T161425-cd265ce895a2"", ""marker_stream_type"": ""Markers"", ""phase"": ""practice"", ""photodiode_verification_enabled"": false, ""practice"": true, ""scheduled_on_flip"": true, ""schema_version"": 1, ""sequence_id"": ""237942804d5e24dc51a11ff9281243bab0f3fb0afd493a5da2f3cce232c141d1"", ""study_segment"": null, ""task"": ""dynamic_sart"", ""timing_model"": ""psychopy_callOnFlip_plus_fixed_display_latency""}"
-57,dynamic_sart_response_window_close__v=1__trial=-57__condition=go__digit=6__block=-2__phase=practice__practice=1,EVENT,1399288.312,,"{""block"": -2, ""condition"": ""go"", ""cue_assignment"": null, ""cue_opportunity"": false, ""cue_opportunity_index"": null, ""cue_randomization_block_index"": null, ""digit"": 6, ""flip_lsl_timestamp"": 1399288.5066135, ""flip_monotonic"": 1399288.312, ""lsl_timestamp"": 1399288.5066135, ""phase"": ""practice"", ""practice"": true, ""response_window_close_overshoot_seconds"": 0.0, ""scheduled_on_flip"": true, ""scheduled_response_window_close_lsl"": 1399288.5063787, ""scheduled_response_window_close_monotonic"": 1399288.3180000002, ""schema_version"": 1, ""sequence_id"": ""237942804d5e24dc51a11ff9281243bab0f3fb0afd493a5da2f3cce232c141d1"", ""study_segment"": null}"
-57,dynamic_sart_trial_complete__v=1__trial=-57__condition=go__digit=6__block=-2__phase=practice__practice=1,EVENT,1399288.312,,"{""block"": -2, ""condition"": ""go"", ""correct"": true, ""cue_assignment"": null, ""cue_opportunity"": false, ""cue_opportunity_index"": null, ""cue_randomization_block_index"": null, ""digit"": 6, ""lsl_timestamp"": 1399288.5066135, ""marker_emit_attempted"": true, ""marker_stream_name"": ""EEGleMarkers"", ""marker_stream_source_id"": ""eegle-markers-dynamic_sart-run-20260820T161425-cd265ce895a2"", ""marker_stream_type"": ""Markers"", ""phase"": ""practice"", ""practice"": true, ""primary_outcome"": ""correct_go"", ""reaction_time_seconds"": 0.23727039992809296, ""schema_version"": 1, ""sequence_id"": ""237942804d5e24dc51a11ff9281243bab0f3fb0afd493a5da2f3cce232c141d1"", ""study_segment"": null, ""task"": ""dynamic_sart""}"
-58,dynamic_sart_stimulus_onset__v=1__trial=-58__condition=go__digit=2__block=-2__phase=practice__practice=1,EVENT,1399288.703,,"{""block"": -2, ""condition"": ""go"", ""cue_assignment"": null, ""cue_opportunity"": false, ""cue_opportunity_index"": null, ""cue_randomization_block_index"": null, ""digit"": 2, ""expected_visual_onset_lsl_timestamp"": 1399288.8910461, ""expected_visual_onset_monotonic"": 1399288.703, ""expected_visual_onset_uncertainty_ms"": 4.148969997186214, ""fixed_display_latency_ms"": 0.0, ""flip_lsl_timestamp"": 1399288.8910461, ""flip_monotonic"": 1399288.703, ""lsl_timestamp"": 1399288.8910461, ""marker_emit_attempted"": true, ""marker_stream_name"": ""EEGleMarkers"", ""marker_stream_source_id"": ""eegle-markers-dynamic_sart-run-20260820T161425-cd265ce895a2"", ""marker_stream_type"": ""Markers"", ""phase"": ""practice"", ""photodiode_verification_enabled"": false, ""practice"": true, ""scheduled_on_flip"": true, ""schema_version"": 1, ""sequence_id"": ""237942804d5e24dc51a11ff9281243bab0f3fb0afd493a5da2f3cce232c141d1"", ""study_segment"": null, ""task"": ""dynamic_sart"", ""timing_model"": ""psychopy_callOnFlip_plus_fixed_display_latency""}"
-58,dynamic_sart_stimulus_offset__v=1__trial=-58__condition=go__digit=2__block=-2__phase=practice__practice=1,EVENT,1399288.953,,"{""block"": -2, ""condition"": ""go"", ""cue_assignment"": null, ""cue_opportunity"": false, ""cue_opportunity_index"": null, ""cue_randomization_block_index"": null, ""digit"": 2, ""expected_visual_onset_lsl_timestamp"": 1399289.1491256, ""expected_visual_onset_monotonic"": 1399288.953, ""expected_visual_onset_uncertainty_ms"": 4.148969997186214, ""fixed_display_latency_ms"": 0.0, ""flip_lsl_timestamp"": 1399289.1491256, ""flip_monotonic"": 1399288.953, ""lsl_timestamp"": 1399289.1491256, ""marker_emit_attempted"": true, ""marker_stream_name"": ""EEGleMarkers"", ""marker_stream_source_id"": ""eegle-markers-dynamic_sart-run-20260820T161425-cd265ce895a2"", ""marker_stream_type"": ""Markers"", ""phase"": ""practice"", ""photodiode_verification_enabled"": false, ""practice"": true, ""scheduled_on_flip"": true, ""schema_version"": 1, ""sequence_id"": ""237942804d5e24dc51a11ff9281243bab0f3fb0afd493a5da2f3cce232c141d1"", ""study_segment"": null, ""task"": ""dynamic_sart"", ""timing_model"": ""psychopy_callOnFlip_plus_fixed_display_latency""}"
-58,dynamic_sart_key_event,EVENT,1399288.962016,space,"{""assigned_block"": -2, ""assigned_phase"": ""practice"", ""event_id"": ""key-00000055"", ""hardware_timestamped"": true, ""is_escape_key"": false, ""is_late"": false, ""is_premature"": false, ""is_response_key"": true, ""keyboard_backend"": ""psychopy.hardware.keyboard.Keyboard"", ""keyboard_time"": 122.15001980005763, ""schema"": ""eegle.dynamic_sart.key_event.v1"", ""task_state"": ""RESPONSE_WINDOW_MASK"", ""timestamp_lsl_if_available"": 1399289.1508351}"
-58,dynamic_sart_response_window_close__v=1__trial=-58__condition=go__digit=2__block=-2__phase=practice__practice=1,EVENT,1399290.312,,"{""block"": -2, ""condition"": ""go"", ""cue_assignment"": null, ""cue_opportunity"": false, ""cue_opportunity_index"": null, ""cue_randomization_block_index"": null, ""digit"": 2, ""flip_lsl_timestamp"": 1399290.5066922, ""flip_monotonic"": 1399290.312, ""lsl_timestamp"": 1399290.5066922, ""phase"": ""practice"", ""practice"": true, ""response_window_close_overshoot_seconds"": 0.008999999845400453, ""scheduled_on_flip"": true, ""scheduled_response_window_close_lsl"": 1399290.4910461002, ""scheduled_response_window_close_monotonic"": 1399290.303, ""schema_version"": 1, ""sequence_id"": ""237942804d5e24dc51a11ff9281243bab0f3fb0afd493a5da2f3cce232c141d1"", ""study_segment"": null}"
-58,dynamic_sart_trial_complete__v=1__trial=-58__condition=go__digit=2__block=-2__phase=practice__practice=1,EVENT,1399290.312,,"{""block"": -2, ""condition"": ""go"", ""correct"": true, ""cue_assignment"": null, ""cue_opportunity"": false, ""cue_opportunity_index"": null, ""cue_randomization_block_index"": null, ""digit"": 2, ""lsl_timestamp"": 1399290.5066922, ""marker_emit_attempted"": true, ""marker_stream_name"": ""EEGleMarkers"", ""marker_stream_source_id"": ""eegle-markers-dynamic_sart-run-20260820T161425-cd265ce895a2"", ""marker_stream_type"": ""Markers"", ""phase"": ""practice"", ""practice"": true, ""primary_outcome"": ""correct_go"", ""reaction_time_seconds"": 0.25901599996723235, ""schema_version"": 1, ""sequence_id"": ""237942804d5e24dc51a11ff9281243bab0f3fb0afd493a5da2f3cce232c141d1"", ""study_segment"": null, ""task"": ""dynamic_sart""}"
-59,dynamic_sart_stimulus_onset__v=1__trial=-59__condition=go__digit=5__block=-2__phase=practice__practice=1,EVENT,1399290.703,,"{""block"": -2, ""condition"": ""go"", ""cue_assignment"": null, ""cue_opportunity"": false, ""cue_opportunity_index"": null, ""cue_randomization_block_index"": null, ""digit"": 5, ""expected_visual_onset_lsl_timestamp"": 1399290.8978586, ""expected_visual_onset_monotonic"": 1399290.703, ""expected_visual_onset_uncertainty_ms"": 4.148969997186214, ""fixed_display_latency_ms"": 0.0, ""flip_lsl_timestamp"": 1399290.8978586, ""flip_monotonic"": 1399290.703, ""lsl_timestamp"": 1399290.8978586, ""marker_emit_attempted"": true, ""marker_stream_name"": ""EEGleMarkers"", ""marker_stream_source_id"": ""eegle-markers-dynamic_sart-run-20260820T161425-cd265ce895a2"", ""marker_stream_type"": ""Markers"", ""phase"": ""practice"", ""photodiode_verification_enabled"": false, ""practice"": true, ""scheduled_on_flip"": true, ""schema_version"": 1, ""sequence_id"": ""237942804d5e24dc51a11ff9281243bab0f3fb0afd493a5da2f3cce232c141d1"", ""study_segment"": null, ""task"": ""dynamic_sart"", ""timing_model"": ""psychopy_callOnFlip_plus_fixed_display_latency""}"
-59,dynamic_sart_stimulus_offset__v=1__trial=-59__condition=go__digit=5__block=-2__phase=practice__practice=1,EVENT,1399290.953,,"{""block"": -2, ""condition"": ""go"", ""cue_assignment"": null, ""cue_opportunity"": false, ""cue_opportunity_index"": null, ""cue_randomization_block_index"": null, ""digit"": 5, ""expected_visual_onset_lsl_timestamp"": 1399291.1480121, ""expected_visual_onset_monotonic"": 1399290.953, ""expected_visual_onset_uncertainty_ms"": 4.148969997186214, ""fixed_display_latency_ms"": 0.0, ""flip_lsl_timestamp"": 1399291.1480121, ""flip_monotonic"": 1399290.953, ""lsl_timestamp"": 1399291.1480121, ""marker_emit_attempted"": true, ""marker_stream_name"": ""EEGleMarkers"", ""marker_stream_source_id"": ""eegle-markers-dynamic_sart-run-20260820T161425-cd265ce895a2"", ""marker_stream_type"": ""Markers"", ""phase"": ""practice"", ""photodiode_verification_enabled"": false, ""practice"": true, ""scheduled_on_flip"": true, ""schema_version"": 1, ""sequence_id"": ""237942804d5e24dc51a11ff9281243bab0f3fb0afd493a5da2f3cce232c141d1"", ""study_segment"": null, ""task"": ""dynamic_sart"", ""timing_model"": ""psychopy_callOnFlip_plus_fixed_display_latency""}"
-59,dynamic_sart_key_event,EVENT,1399291.0107320999,space,"{""assigned_block"": -2, ""assigned_phase"": ""practice"", ""event_id"": ""key-00000056"", ""hardware_timestamped"": true, ""is_escape_key"": false, ""is_late"": false, ""is_premature"": false, ""is_response_key"": true, ""keyboard_backend"": ""psychopy.hardware.keyboard.Keyboard"", ""keyboard_time"": 124.19873589999042, ""schema"": ""eegle.dynamic_sart.key_event.v1"", ""task_state"": ""RESPONSE_WINDOW_MASK"", ""timestamp_lsl_if_available"": 1399291.1995512}"
-59,dynamic_sart_response_window_close__v=1__trial=-59__condition=go__digit=5__block=-2__phase=practice__practice=1,EVENT,1399292.312,,"{""block"": -2, ""condition"": ""go"", ""cue_assignment"": null, ""cue_opportunity"": false, ""cue_opportunity_index"": null, ""cue_randomization_block_index"": null, ""digit"": 5, ""flip_lsl_timestamp"": 1399292.5063699, ""flip_monotonic"": 1399292.312, ""lsl_timestamp"": 1399292.5063699, ""phase"": ""practice"", ""practice"": true, ""response_window_close_overshoot_seconds"": 0.008999999845400453, ""scheduled_on_flip"": true, ""scheduled_response_window_close_lsl"": 1399292.4978586, ""scheduled_response_window_close_monotonic"": 1399292.303, ""schema_version"": 1, ""sequence_id"": ""237942804d5e24dc51a11ff9281243bab0f3fb0afd493a5da2f3cce232c141d1"", ""study_segment"": null}"
-59,dynamic_sart_trial_complete__v=1__trial=-59__condition=go__digit=5__block=-2__phase=practice__practice=1,EVENT,1399292.312,,"{""block"": -2, ""condition"": ""go"", ""correct"": true, ""cue_assignment"": null, ""cue_opportunity"": false, ""cue_opportunity_index"": null, ""cue_randomization_block_index"": null, ""digit"": 5, ""lsl_timestamp"": 1399292.5063699, ""marker_emit_attempted"": true, ""marker_stream_name"": ""EEGleMarkers"", ""marker_stream_source_id"": ""eegle-markers-dynamic_sart-run-20260820T161425-cd265ce895a2"", ""marker_stream_type"": ""Markers"", ""phase"": ""practice"", ""practice"": true, ""primary_outcome"": ""correct_go"", ""reaction_time_seconds"": 0.30773209990002215, ""schema_version"": 1, ""sequence_id"": ""237942804d5e24dc51a11ff9281243bab0f3fb0afd493a5da2f3cce232c141d1"", ""study_segment"": null, ""task"": ""dynamic_sart""}"
-60,dynamic_sart_stimulus_onset__v=1__trial=-60__condition=go__digit=8__block=-2__phase=practice__practice=1,EVENT,1399292.703,,"{""block"": -2, ""condition"": ""go"", ""cue_assignment"": null, ""cue_opportunity"": false, ""cue_opportunity_index"": null, ""cue_randomization_block_index"": null, ""digit"": 8, ""expected_visual_onset_lsl_timestamp"": 1399292.8979354, ""expected_visual_onset_monotonic"": 1399292.703, ""expected_visual_onset_uncertainty_ms"": 4.148969997186214, ""fixed_display_latency_ms"": 0.0, ""flip_lsl_timestamp"": 1399292.8979354, ""flip_monotonic"": 1399292.703, ""lsl_timestamp"": 1399292.8979354, ""marker_emit_attempted"": true, ""marker_stream_name"": ""EEGleMarkers"", ""marker_stream_source_id"": ""eegle-markers-dynamic_sart-run-20260820T161425-cd265ce895a2"", ""marker_stream_type"": ""Markers"", ""phase"": ""practice"", ""photodiode_verification_enabled"": false, ""practice"": true, ""scheduled_on_flip"": true, ""schema_version"": 1, ""sequence_id"": ""237942804d5e24dc51a11ff9281243bab0f3fb0afd493a5da2f3cce232c141d1"", ""study_segment"": null, ""task"": ""dynamic_sart"", ""timing_model"": ""psychopy_callOnFlip_plus_fixed_display_latency""}"
-60,dynamic_sart_stimulus_offset__v=1__trial=-60__condition=go__digit=8__block=-2__phase=practice__practice=1,EVENT,1399292.953,,"{""block"": -2, ""condition"": ""go"", ""cue_assignment"": null, ""cue_opportunity"": false, ""cue_opportunity_index"": null, ""cue_randomization_block_index"": null, ""digit"": 8, ""expected_visual_onset_lsl_timestamp"": 1399293.1508143, ""expected_visual_onset_monotonic"": 1399292.953, ""expected_visual_onset_uncertainty_ms"": 4.148969997186214, ""fixed_display_latency_ms"": 0.0, ""flip_lsl_timestamp"": 1399293.1508143, ""flip_monotonic"": 1399292.953, ""lsl_timestamp"": 1399293.1508143, ""marker_emit_attempted"": true, ""marker_stream_name"": ""EEGleMarkers"", ""marker_stream_source_id"": ""eegle-markers-dynamic_sart-run-20260820T161425-cd265ce895a2"", ""marker_stream_type"": ""Markers"", ""phase"": ""practice"", ""photodiode_verification_enabled"": false, ""practice"": true, ""scheduled_on_flip"": true, ""schema_version"": 1, ""sequence_id"": ""237942804d5e24dc51a11ff9281243bab0f3fb0afd493a5da2f3cce232c141d1"", ""study_segment"": null, ""task"": ""dynamic_sart"", ""timing_model"": ""psychopy_callOnFlip_plus_fixed_display_latency""}"
-60,dynamic_sart_key_event,EVENT,1399293.0015152,space,"{""assigned_block"": -2, ""assigned_phase"": ""practice"", ""event_id"": ""key-00000057"", ""hardware_timestamped"": true, ""is_escape_key"": false, ""is_late"": false, ""is_premature"": false, ""is_response_key"": true, ""keyboard_backend"": ""psychopy.hardware.keyboard.Keyboard"", ""keyboard_time"": 126.18951900000684, ""schema"": ""eegle.dynamic_sart.key_event.v1"", ""task_state"": ""RESPONSE_WINDOW_MASK"", ""timestamp_lsl_if_available"": 1399293.1903343}"
-60,dynamic_sart_response_window_close__v=1__trial=-60__condition=go__digit=8__block=-2__phase=practice__practice=1,EVENT,1399294.312,,"{""block"": -2, ""condition"": ""go"", ""cue_assignment"": null, ""cue_opportunity"": false, ""cue_opportunity_index"": null, ""cue_randomization_block_index"": null, ""digit"": 8, ""flip_lsl_timestamp"": 1399294.5063667, ""flip_monotonic"": 1399294.312, ""lsl_timestamp"": 1399294.5063667, ""phase"": ""practice"", ""practice"": true, ""response_window_close_overshoot_seconds"": 0.008999999845400453, ""scheduled_on_flip"": true, ""scheduled_response_window_close_lsl"": 1399294.4979354, ""scheduled_response_window_close_monotonic"": 1399294.303, ""schema_version"": 1, ""sequence_id"": ""237942804d5e24dc51a11ff9281243bab0f3fb0afd493a5da2f3cce232c141d1"", ""study_segment"": null}"
-60,dynamic_sart_trial_complete__v=1__trial=-60__condition=go__digit=8__block=-2__phase=practice__practice=1,EVENT,1399294.312,,"{""block"": -2, ""condition"": ""go"", ""correct"": true, ""cue_assignment"": null, ""cue_opportunity"": false, ""cue_opportunity_index"": null, ""cue_randomization_block_index"": null, ""digit"": 8, ""lsl_timestamp"": 1399294.5063667, ""marker_emit_attempted"": true, ""marker_stream_name"": ""EEGleMarkers"", ""marker_stream_source_id"": ""eegle-markers-dynamic_sart-run-20260820T161425-cd265ce895a2"", ""marker_stream_type"": ""Markers"", ""phase"": ""practice"", ""practice"": true, ""primary_outcome"": ""correct_go"", ""reaction_time_seconds"": 0.29851519991643727, ""schema_version"": 1, ""sequence_id"": ""237942804d5e24dc51a11ff9281243bab0f3fb0afd493a5da2f3cce232c141d1"", ""study_segment"": null, ""task"": ""dynamic_sart""}"
,dynamic_sart_practice_end,SYSTEM,1399294.703,,"{""lsl_timestamp"": 1399294.9031935, ""marker_emit_attempted"": true, ""marker_stream_name"": ""EEGleMarkers"", ""marker_stream_source_id"": ""eegle-markers-dynamic_sart-run-20260820T161425-cd265ce895a2"", ""marker_stream_type"": ""Markers"", ""passed"": true, ""task"": ""dynamic_sart""}"
,dynamic_sart_countdown_start,SYSTEM,1399294.718,,"{""countdown_steps"": [""5"", ""4"", ""3"", ""2"", ""1"", ""GO!""], ""lsl_timestamp"": 1399294.9099934, ""marker_emit_attempted"": true, ""marker_stream_name"": ""EEGleMarkers"", ""marker_stream_source_id"": ""eegle-markers-dynamic_sart-run-20260820T161425-cd265ce895a2"", ""marker_stream_type"": ""Markers"", ""task"": ""dynamic_sart""}"
,dynamic_sart_countdown_step__step=1__value=5,EVENT,1399294.75,5,"{""countdown_index"": 1, ""countdown_value"": ""5"", ""expected_visual_onset_lsl_timestamp"": 1399294.9429192, ""expected_visual_onset_monotonic"": 1399294.75, ""expected_visual_onset_uncertainty_ms"": 4.148969997186214, ""fixed_display_latency_ms"": 0.0, ""flip_lsl_timestamp"": 1399294.9429192, ""flip_monotonic"": 1399294.75, ""lsl_timestamp"": 1399294.9429192, ""marker_emit_attempted"": true, ""marker_stream_name"": ""EEGleMarkers"", ""marker_stream_source_id"": ""eegle-markers-dynamic_sart-run-20260820T161425-cd265ce895a2"", ""marker_stream_type"": ""Markers"", ""photodiode_verification_enabled"": false, ""scheduled_on_flip"": true, ""task"": ""dynamic_sart"", ""task_state"": ""COUNTDOWN"", ""timing_model"": ""psychopy_callOnFlip_plus_fixed_display_latency""}"
,dynamic_sart_key_event,EVENT,1399295.1568931,space,"{""assigned_block"": null, ""assigned_phase"": null, ""event_id"": ""key-00000058"", ""hardware_timestamped"": true, ""is_escape_key"": false, ""is_late"": false, ""is_premature"": false, ""is_response_key"": true, ""keyboard_backend"": ""psychopy.hardware.keyboard.Keyboard"", ""keyboard_time"": 128.3448969000019, ""schema"": ""eegle.dynamic_sart.key_event.v1"", ""task_state"": ""COUNTDOWN"", ""timestamp_lsl_if_available"": 1399295.3457122}"
,dynamic_sart_countdown_step__step=2__value=4,EVENT,1399295.765,4,"{""countdown_index"": 2, ""countdown_value"": ""4"", ""expected_visual_onset_lsl_timestamp"": 1399295.9618186, ""expected_visual_onset_monotonic"": 1399295.765, ""expected_visual_onset_uncertainty_ms"": 4.148969997186214, ""fixed_display_latency_ms"": 0.0, ""flip_lsl_timestamp"": 1399295.9618186, ""flip_monotonic"": 1399295.765, ""lsl_timestamp"": 1399295.9618186, ""marker_emit_attempted"": true, ""marker_stream_name"": ""EEGleMarkers"", ""marker_stream_source_id"": ""eegle-markers-dynamic_sart-run-20260820T161425-cd265ce895a2"", ""marker_stream_type"": ""Markers"", ""photodiode_verification_enabled"": false, ""scheduled_on_flip"": true, ""task"": ""dynamic_sart"", ""task_state"": ""COUNTDOWN"", ""timing_model"": ""psychopy_callOnFlip_plus_fixed_display_latency""}"
,dynamic_sart_countdown_step__step=3__value=3,EVENT,1399296.796,3,"{""countdown_index"": 3, ""countdown_value"": ""3"", ""expected_visual_onset_lsl_timestamp"": 1399296.9897951, ""expected_visual_onset_monotonic"": 1399296.796, ""expected_visual_onset_uncertainty_ms"": 4.148969997186214, ""fixed_display_latency_ms"": 0.0, ""flip_lsl_timestamp"": 1399296.9897951, ""flip_monotonic"": 1399296.796, ""lsl_timestamp"": 1399296.9897951, ""marker_emit_attempted"": true, ""marker_stream_name"": ""EEGleMarkers"", ""marker_stream_source_id"": ""eegle-markers-dynamic_sart-run-20260820T161425-cd265ce895a2"", ""marker_stream_type"": ""Markers"", ""photodiode_verification_enabled"": false, ""scheduled_on_flip"": true, ""task"": ""dynamic_sart"", ""task_state"": ""COUNTDOWN"", ""timing_model"": ""psychopy_callOnFlip_plus_fixed_display_latency""}"
,dynamic_sart_countdown_step__step=4__value=2,EVENT,1399297.828,2,"{""countdown_index"": 4, ""countdown_value"": ""2"", ""expected_visual_onset_lsl_timestamp"": 1399298.0229827, ""expected_visual_onset_monotonic"": 1399297.828, ""expected_visual_onset_uncertainty_ms"": 4.148969997186214, ""fixed_display_latency_ms"": 0.0, ""flip_lsl_timestamp"": 1399298.0229827, ""flip_monotonic"": 1399297.828, ""lsl_timestamp"": 1399298.0229827, ""marker_emit_attempted"": true, ""marker_stream_name"": ""EEGleMarkers"", ""marker_stream_source_id"": ""eegle-markers-dynamic_sart-run-20260820T161425-cd265ce895a2"", ""marker_stream_type"": ""Markers"", ""photodiode_verification_enabled"": false, ""scheduled_on_flip"": true, ""task"": ""dynamic_sart"", ""task_state"": ""COUNTDOWN"", ""timing_model"": ""psychopy_callOnFlip_plus_fixed_display_latency""}"
,dynamic_sart_countdown_step__step=5__value=1,EVENT,1399298.843,1,"{""countdown_index"": 5, ""countdown_value"": ""1"", ""expected_visual_onset_lsl_timestamp"": 1399299.0403807, ""expected_visual_onset_monotonic"": 1399298.843, ""expected_visual_onset_uncertainty_ms"": 4.148969997186214, ""fixed_display_latency_ms"": 0.0, ""flip_lsl_timestamp"": 1399299.0403807, ""flip_monotonic"": 1399298.843, ""lsl_timestamp"": 1399299.0403807, ""marker_emit_attempted"": true, ""marker_stream_name"": ""EEGleMarkers"", ""marker_stream_source_id"": ""eegle-markers-dynamic_sart-run-20260820T161425-cd265ce895a2"", ""marker_stream_type"": ""Markers"", ""photodiode_verification_enabled"": false, ""scheduled_on_flip"": true, ""task"": ""dynamic_sart"", ""task_state"": ""COUNTDOWN"", ""timing_model"": ""psychopy_callOnFlip_plus_fixed_display_latency""}"
,dynamic_sart_countdown_step__step=6__value=GO,EVENT,1399299.875,GO!,"{""countdown_index"": 6, ""countdown_value"": ""GO!"", ""expected_visual_onset_lsl_timestamp"": 1399300.0743162, ""expected_visual_onset_monotonic"": 1399299.875, ""expected_visual_onset_uncertainty_ms"": 4.148969997186214, ""fixed_display_latency_ms"": 0.0, ""flip_lsl_timestamp"": 1399300.0743162, ""flip_monotonic"": 1399299.875, ""lsl_timestamp"": 1399300.0743162, ""marker_emit_attempted"": true, ""marker_stream_name"": ""EEGleMarkers"", ""marker_stream_source_id"": ""eegle-markers-dynamic_sart-run-20260820T161425-cd265ce895a2"", ""marker_stream_type"": ""Markers"", ""photodiode_verification_enabled"": false, ""scheduled_on_flip"": true, ""task"": ""dynamic_sart"", ""task_state"": ""COUNTDOWN"", ""timing_model"": ""psychopy_callOnFlip_plus_fixed_display_latency""}"
,dynamic_sart_countdown_end,SYSTEM,1399300.89,,"{""lsl_timestamp"": 1399301.0770905, ""marker_emit_attempted"": true, ""marker_stream_name"": ""EEGleMarkers"", ""marker_stream_source_id"": ""eegle-markers-dynamic_sart-run-20260820T161425-cd265ce895a2"", ""marker_stream_type"": ""Markers"", ""task"": ""dynamic_sart""}"
,dynamic_sart_block_start__block=1__phase=support,SYSTEM,1399300.89,,"{""block_index"": 1, ""lsl_timestamp"": 1399301.0833674, ""marker_emit_attempted"": true, ""marker_stream_name"": ""EEGleMarkers"", ""marker_stream_source_id"": ""eegle-markers-dynamic_sart-run-20260820T161425-cd265ce895a2"", ""marker_stream_type"": ""Markers"", ""phase"": ""support"", ""task"": ""dynamic_sart""}"
1,dynamic_sart_stimulus_onset__v=1__trial=1__condition=go__digit=1__block=1__phase=support__segment=session1_main__practice=0,EVENT,1399300.921,,"{""block"": 1, ""condition"": ""go"", ""cue_assignment"": null, ""cue_opportunity"": false, ""cue_opportunity_index"": null, ""cue_randomization_block_index"": null, ""digit"": 1, ""expected_visual_onset_lsl_timestamp"": 1399301.107877, ""expected_visual_onset_monotonic"": 1399300.921, ""expected_visual_onset_uncertainty_ms"": 4.148969997186214, ""fixed_display_latency_ms"": 0.0, ""flip_lsl_timestamp"": 1399301.107877, ""flip_monotonic"": 1399300.921, ""lsl_timestamp"": 1399301.107877, ""marker_emit_attempted"": true, ""marker_stream_name"": ""EEGleMarkers"", ""marker_stream_source_id"": ""eegle-markers-dynamic_sart-run-20260820T161425-cd265ce895a2"", ""marker_stream_type"": ""Markers"", ""phase"": ""support"", ""photodiode_verification_enabled"": false, ""practice"": false, ""scheduled_on_flip"": true, ""schema_version"": 1, ""sequence_id"": ""237942804d5e24dc51a11ff9281243bab0f3fb0afd493a5da2f3cce232c141d1"", ""study_segment"": ""session1_main"", ""task"": ""dynamic_sart"", ""timing_model"": ""psychopy_callOnFlip_plus_fixed_display_latency""}"
1,dynamic_sart_key_event,EVENT,1399301.1390398,space,"{""assigned_block"": 1, ""assigned_phase"": ""support"", ""event_id"": ""key-00000059"", ""hardware_timestamped"": true, ""is_escape_key"": false, ""is_late"": false, ""is_premature"": false, ""is_response_key"": true, ""keyboard_backend"": ""psychopy.hardware.keyboard.Keyboard"", ""keyboard_time"": 134.3270436001476, ""schema"": ""eegle.dynamic_sart.key_event.v1"", ""task_state"": ""STIMULUS_VISIBLE"", ""timestamp_lsl_if_available"": 1399301.3278589002}"
1,dynamic_sart_stimulus_offset__v=1__trial=1__condition=go__digit=1__block=1__phase=support__segment=session1_main__practice=0,EVENT,1399301.171,,"{""block"": 1, ""condition"": ""go"", ""cue_assignment"": null, ""cue_opportunity"": false, ""cue_opportunity_index"": null, ""cue_randomization_block_index"": null, ""digit"": 1, ""expected_visual_onset_lsl_timestamp"": 1399301.3672966, ""expected_visual_onset_monotonic"": 1399301.171, ""expected_visual_onset_uncertainty_ms"": 4.148969997186214, ""fixed_display_latency_ms"": 0.0, ""flip_lsl_timestamp"": 1399301.3672966, ""flip_monotonic"": 1399301.171, ""lsl_timestamp"": 1399301.3672966, ""marker_emit_attempted"": true, ""marker_stream_name"": ""EEGleMarkers"", ""marker_stream_source_id"": ""eegle-markers-dynamic_sart-run-20260820T161425-cd265ce895a2"", ""marker_stream_type"": ""Markers"", ""phase"": ""support"", ""photodiode_verification_enabled"": false, ""practice"": false, ""scheduled_on_flip"": true, ""schema_version"": 1, ""sequence_id"": ""237942804d5e24dc51a11ff9281243bab0f3fb0afd493a5da2f3cce232c141d1"", ""study_segment"": ""session1_main"", ""task"": ""dynamic_sart"", ""timing_model"": ""psychopy_callOnFlip_plus_fixed_display_latency""}"
1,dynamic_sart_response_window_close__v=1__trial=1__condition=go__digit=1__block=1__phase=support__segment=session1_main__practice=0,EVENT,1399302.515,,"{""block"": 1, ""condition"": ""go"", ""cue_assignment"": null, ""cue_opportunity"": false, ""cue_opportunity_index"": null, ""cue_randomization_block_index"": null, ""digit"": 1, ""flip_lsl_timestamp"": 1399302.706837, ""flip_monotonic"": 1399302.515, ""lsl_timestamp"": 1399302.706837, ""phase"": ""support"", ""practice"": false, ""response_window_close_overshoot_seconds"": 0.0, ""scheduled_on_flip"": true, ""scheduled_response_window_close_lsl"": 1399302.707877, ""scheduled_response_window_close_monotonic"": 1399302.5210000002, ""schema_version"": 1, ""sequence_id"": ""237942804d5e24dc51a11ff9281243bab0f3fb0afd493a5da2f3cce232c141d1"", ""study_segment"": ""session1_main""}"
2,dynamic_sart_stimulus_onset__v=1__trial=2__condition=go__digit=5__block=1__phase=support__segment=session1_main__practice=0,EVENT,1399302.515,,"{""block"": 1, ""condition"": ""go"", ""cue_assignment"": null, ""cue_opportunity"": false, ""cue_opportunity_index"": null, ""cue_randomization_block_index"": null, ""digit"": 5, ""expected_visual_onset_lsl_timestamp"": 1399302.706879, ""expected_visual_onset_monotonic"": 1399302.515, ""expected_visual_onset_uncertainty_ms"": 4.148969997186214, ""fixed_display_latency_ms"": 0.0, ""flip_lsl_timestamp"": 1399302.706879, ""flip_monotonic"": 1399302.515, ""lsl_timestamp"": 1399302.706879, ""marker_emit_attempted"": true, ""marker_stream_name"": ""EEGleMarkers"", ""marker_stream_source_id"": ""eegle-markers-dynamic_sart-run-20260820T161425-cd265ce895a2"", ""marker_stream_type"": ""Markers"", ""phase"": ""support"", ""photodiode_verification_enabled"": false, ""practice"": false, ""scheduled_on_flip"": true, ""schema_version"": 1, ""sequence_id"": ""237942804d5e24dc51a11ff9281243bab0f3fb0afd493a5da2f3cce232c141d1"", ""study_segment"": ""session1_main"", ""task"": ""dynamic_sart"", ""timing_model"": ""psychopy_callOnFlip_plus_fixed_display_latency""}"
1,dynamic_sart_trial_complete__v=1__trial=1__condition=go__digit=1__block=1__phase=support__segment=session1_main__practice=0,EVENT,1399302.515,,"{""block"": 1, ""condition"": ""go"", ""correct"": true, ""cue_assignment"": null, ""cue_opportunity"": false, ""cue_opportunity_index"": null, ""cue_randomization_block_index"": null, ""digit"": 1, ""lsl_timestamp"": 1399302.706837, ""marker_emit_attempted"": true, ""marker_stream_name"": ""EEGleMarkers"", ""marker_stream_source_id"": ""eegle-markers-dynamic_sart-run-20260820T161425-cd265ce895a2"", ""marker_stream_type"": ""Markers"", ""phase"": ""support"", ""practice"": false, ""primary_outcome"": ""correct_go"", ""reaction_time_seconds"": 0.2180397999472916, ""schema_version"": 1, ""sequence_id"": ""237942804d5e24dc51a11ff9281243bab0f3fb0afd493a5da2f3cce232c141d1"", ""study_segment"": ""session1_main"", ""task"": ""dynamic_sart""}"
2,dynamic_sart_stimulus_offset__v=1__trial=2__condition=go__digit=5__block=1__phase=support__segment=session1_main__practice=0,EVENT,1399302.765,,"{""block"": 1, ""condition"": ""go"", ""cue_assignment"": null, ""cue_opportunity"": false, ""cue_opportunity_index"": null, ""cue_randomization_block_index"": null, ""digit"": 5, ""expected_visual_onset_lsl_timestamp"": 1399302.9561417, ""expected_visual_onset_monotonic"": 1399302.765, ""expected_visual_onset_uncertainty_ms"": 4.148969997186214, ""fixed_display_latency_ms"": 0.0, ""flip_lsl_timestamp"": 1399302.9561417, ""flip_monotonic"": 1399302.765, ""lsl_timestamp"": 1399302.9561417, ""marker_emit_attempted"": true, ""marker_stream_name"": ""EEGleMarkers"", ""marker_stream_source_id"": ""eegle-markers-dynamic_sart-run-20260820T161425-cd265ce895a2"", ""marker_stream_type"": ""Markers"", ""phase"": ""support"", ""photodiode_verification_enabled"": false, ""practice"": false, ""scheduled_on_flip"": true, ""schema_version"": 1, ""sequence_id"": ""237942804d5e24dc51a11ff9281243bab0f3fb0afd493a5da2f3cce232c141d1"", ""study_segment"": ""session1_main"", ""task"": ""dynamic_sart"", ""timing_model"": ""psychopy_callOnFlip_plus_fixed_display_latency""}"
2,dynamic_sart_key_event,EVENT,1399303.0270265,space,"{""assigned_block"": 1, ""assigned_phase"": ""support"", ""event_id"": ""key-00000060"", ""hardware_timestamped"": true, ""is_escape_key"": false, ""is_late"": false, ""is_premature"": false, ""is_response_key"": true, ""keyboard_backend"": ""psychopy.hardware.keyboard.Keyboard"", ""keyboard_time"": 136.21503030019812, ""schema"": ""eegle.dynamic_sart.key_event.v1"", ""task_state"": ""RESPONSE_WINDOW_MASK"", ""timestamp_lsl_if_available"": 1399303.2158456002}"
2,dynamic_sart_response_window_close__v=1__trial=2__condition=go__digit=5__block=1__phase=support__segment=session1_main__practice=0,EVENT,1399304.109,,"{""block"": 1, ""condition"": ""go"", ""cue_assignment"": null, ""cue_opportunity"": false, ""cue_opportunity_index"": null, ""cue_randomization_block_index"": null, ""digit"": 5, ""flip_lsl_timestamp"": 1399304.3065129, ""flip_monotonic"": 1399304.109, ""lsl_timestamp"": 1399304.3065129, ""phase"": ""support"", ""practice"": false, ""response_window_close_overshoot_seconds"": 0.0, ""scheduled_on_flip"": true, ""scheduled_response_window_close_lsl"": 1399304.306879, ""scheduled_response_window_close_monotonic"": 1399304.115, ""schema_version"": 1, ""sequence_id"": ""237942804d5e24dc51a11ff9281243bab0f3fb0afd493a5da2f3cce232c141d1"", ""study_segment"": ""session1_main""}"
3,dynamic_sart_stimulus_onset__v=1__trial=3__condition=go__digit=9__block=1__phase=support__segment=session1_main__practice=0,EVENT,1399304.109,,"{""block"": 1, ""condition"": ""go"", ""cue_assignment"": null, ""cue_opportunity"": false, ""cue_opportunity_index"": null, ""cue_randomization_block_index"": null, ""digit"": 9, ""expected_visual_onset_lsl_timestamp"": 1399304.3065581, ""expected_visual_onset_monotonic"": 1399304.109, ""expected_visual_onset_uncertainty_ms"": 4.148969997186214, ""fixed_display_latency_ms"": 0.0, ""flip_lsl_timestamp"": 1399304.3065581, ""flip_monotonic"": 1399304.109, ""lsl_timestamp"": 1399304.3065581, ""marker_emit_attempted"": true, ""marker_stream_name"": ""EEGleMarkers"", ""marker_stream_source_id"": ""eegle-markers-dynamic_sart-run-20260820T161425-cd265ce895a2"", ""marker_stream_type"": ""Markers"", ""phase"": ""support"", ""photodiode_verification_enabled"": false, ""practice"": false, ""scheduled_on_flip"": true, ""schema_version"": 1, ""sequence_id"": ""237942804d5e24dc51a11ff9281243bab0f3fb0afd493a5da2f3cce232c141d1"", ""study_segment"": ""session1_main"", ""task"": ""dynamic_sart"", ""timing_model"": ""psychopy_callOnFlip_plus_fixed_display_latency""}"
2,dynamic_sart_trial_complete__v=1__trial=2__condition=go__digit=5__block=1__phase=support__segment=session1_main__practice=0,EVENT,1399304.109,,"{""block"": 1, ""condition"": ""go"", ""correct"": true, ""cue_assignment"": null, ""cue_opportunity"": false, ""cue_opportunity_index"": null, ""cue_randomization_block_index"": null, ""digit"": 5, ""lsl_timestamp"": 1399304.3065129, ""marker_emit_attempted"": true, ""marker_stream_name"": ""EEGleMarkers"", ""marker_stream_source_id"": ""eegle-markers-dynamic_sart-run-20260820T161425-cd265ce895a2"", ""marker_stream_type"": ""Markers"", ""phase"": ""support"", ""practice"": false, ""primary_outcome"": ""correct_go"", ""reaction_time_seconds"": 0.5120265001896769, ""schema_version"": 1, ""sequence_id"": ""237942804d5e24dc51a11ff9281243bab0f3fb0afd493a5da2f3cce232c141d1"", ""study_segment"": ""session1_main"", ""task"": ""dynamic_sart""}"
3,dynamic_sart_stimulus_offset__v=1__trial=3__condition=go__digit=9__block=1__phase=support__segment=session1_main__practice=0,EVENT,1399304.359,,"{""block"": 1, ""condition"": ""go"", ""cue_assignment"": null, ""cue_opportunity"": false, ""cue_opportunity_index"": null, ""cue_randomization_block_index"": null, ""digit"": 9, ""expected_visual_onset_lsl_timestamp"": 1399304.5479527, ""expected_visual_onset_monotonic"": 1399304.359, ""expected_visual_onset_uncertainty_ms"": 4.148969997186214, ""fixed_display_latency_ms"": 0.0, ""flip_lsl_timestamp"": 1399304.5479527, ""flip_monotonic"": 1399304.359, ""lsl_timestamp"": 1399304.5479527, ""marker_emit_attempted"": true, ""marker_stream_name"": ""EEGleMarkers"", ""marker_stream_source_id"": ""eegle-markers-dynamic_sart-run-20260820T161425-cd265ce895a2"", ""marker_stream_type"": ""Markers"", ""phase"": ""support"", ""photodiode_verification_enabled"": false, ""practice"": false, ""scheduled_on_flip"": true, ""schema_version"": 1, ""sequence_id"": ""237942804d5e24dc51a11ff9281243bab0f3fb0afd493a5da2f3cce232c141d1"", ""study_segment"": ""session1_main"", ""task"": ""dynamic_sart"", ""timing_model"": ""psychopy_callOnFlip_plus_fixed_display_latency""}"
3,dynamic_sart_key_event,EVENT,1399304.3642092,space,"{""assigned_block"": 1, ""assigned_phase"": ""support"", ""event_id"": ""key-00000061"", ""hardware_timestamped"": true, ""is_escape_key"": false, ""is_late"": false, ""is_premature"": false, ""is_response_key"": true, ""keyboard_backend"": ""psychopy.hardware.keyboard.Keyboard"", ""keyboard_time"": 137.55221300013363, ""schema"": ""eegle.dynamic_sart.key_event.v1"", ""task_state"": ""RESPONSE_WINDOW_MASK"", ""timestamp_lsl_if_available"": 1399304.5530283002}"
3,dynamic_sart_response_window_close__v=1__trial=3__condition=go__digit=9__block=1__phase=support__segment=session1_main__practice=0,EVENT,1399305.703,,"{""block"": 1, ""condition"": ""go"", ""cue_assignment"": null, ""cue_opportunity"": false, ""cue_opportunity_index"": null, ""cue_randomization_block_index"": null, ""digit"": 9, ""flip_lsl_timestamp"": 1399305.8979565, ""flip_monotonic"": 1399305.703, ""lsl_timestamp"": 1399305.8979565, ""phase"": ""support"", ""practice"": false, ""response_window_close_overshoot_seconds"": 0.0, ""scheduled_on_flip"": true, ""scheduled_response_window_close_lsl"": 1399305.9065581001, ""scheduled_response_window_close_monotonic"": 1399305.709, ""schema_version"": 1, ""sequence_id"": ""237942804d5e24dc51a11ff9281243bab0f3fb0afd493a5da2f3cce232c141d1"", ""study_segment"": ""session1_main""}"
4,dynamic_sart_stimulus_onset__v=1__trial=4__condition=go__digit=8__block=1__phase=support__segment=session1_main__practice=0,EVENT,1399305.703,,"{""block"": 1, ""condition"": ""go"", ""cue_assignment"": null, ""cue_opportunity"": false, ""cue_opportunity_index"": null, ""cue_randomization_block_index"": null, ""digit"": 8, ""expected_visual_onset_lsl_timestamp"": 1399305.897996, ""expected_visual_onset_monotonic"": 1399305.703, ""expected_visual_onset_uncertainty_ms"": 4.148969997186214, ""fixed_display_latency_ms"": 0.0, ""flip_lsl_timestamp"": 1399305.897996, ""flip_monotonic"": 1399305.703, ""lsl_timestamp"": 1399305.897996, ""marker_emit_attempted"": true, ""marker_stream_name"": ""EEGleMarkers"", ""marker_stream_source_id"": ""eegle-markers-dynamic_sart-run-20260820T161425-cd265ce895a2"", ""marker_stream_type"": ""Markers"", ""phase"": ""support"", ""photodiode_verification_enabled"": false, ""practice"": false, ""scheduled_on_flip"": true, ""schema_version"": 1, ""sequence_id"": ""237942804d5e24dc51a11ff9281243bab0f3fb0afd493a5da2f3cce232c141d1"", ""study_segment"": ""session1_main"", ""task"": ""dynamic_sart"", ""timing_model"": ""psychopy_callOnFlip_plus_fixed_display_latency""}"
3,dynamic_sart_trial_complete__v=1__trial=3__condition=go__digit=9__block=1__phase=support__segment=session1_main__practice=0,EVENT,1399305.703,,"{""block"": 1, ""condition"": ""go"", ""correct"": true, ""cue_assignment"": null, ""cue_opportunity"": false, ""cue_opportunity_index"": null, ""cue_randomization_block_index"": null, ""digit"": 9, ""lsl_timestamp"": 1399305.8979565, ""marker_emit_attempted"": true, ""marker_stream_name"": ""EEGleMarkers"", ""marker_stream_source_id"": ""eegle-markers-dynamic_sart-run-20260820T161425-cd265ce895a2"", ""marker_stream_type"": ""Markers"", ""phase"": ""support"", ""practice"": false, ""primary_outcome"": ""correct_go"", ""reaction_time_seconds"": 0.25520920008420944, ""schema_version"": 1, ""sequence_id"": ""237942804d5e24dc51a11ff9281243bab0f3fb0afd493a5da2f3cce232c141d1"", ""study_segment"": ""session1_main"", ""task"": ""dynamic_sart""}"
4,dynamic_sart_stimulus_offset__v=1__trial=4__condition=go__digit=8__block=1__phase=support__segment=session1_main__practice=0,EVENT,1399305.953,,"{""block"": 1, ""condition"": ""go"", ""cue_assignment"": null, ""cue_opportunity"": false, ""cue_opportunity_index"": null, ""cue_randomization_block_index"": null, ""digit"": 8, ""expected_visual_onset_lsl_timestamp"": 1399306.1480845, ""expected_visual_onset_monotonic"": 1399305.953, ""expected_visual_onset_uncertainty_ms"": 4.148969997186214, ""fixed_display_latency_ms"": 0.0, ""flip_lsl_timestamp"": 1399306.1480845, ""flip_monotonic"": 1399305.953, ""lsl_timestamp"": 1399306.1480845, ""marker_emit_attempted"": true, ""marker_stream_name"": ""EEGleMarkers"", ""marker_stream_source_id"": ""eegle-markers-dynamic_sart-run-20260820T161425-cd265ce895a2"", ""marker_stream_type"": ""Markers"", ""phase"": ""support"", ""photodiode_verification_enabled"": false, ""practice"": false, ""scheduled_on_flip"": true, ""schema_version"": 1, ""sequence_id"": ""237942804d5e24dc51a11ff9281243bab0f3fb0afd493a5da2f3cce232c141d1"", ""study_segment"": ""session1_main"", ""task"": ""dynamic_sart"", ""timing_model"": ""psychopy_callOnFlip_plus_fixed_display_latency""}"
4,dynamic_sart_key_event,EVENT,1399305.9487282,space,"{""assigned_block"": 1, ""assigned_phase"": ""support"", ""event_id"": ""key-00000062"", ""hardware_timestamped"": true, ""is_escape_key"": false, ""is_late"": false, ""is_premature"": false, ""is_response_key"": true, ""keyboard_backend"": ""psychopy.hardware.keyboard.Keyboard"", ""keyboard_time"": 139.1367320001591, ""schema"": ""eegle.dynamic_sart.key_event.v1"", ""task_state"": ""RESPONSE_WINDOW_MASK"", ""timestamp_lsl_if_available"": 1399306.1375473002}"
4,dynamic_sart_response_window_close__v=1__trial=4__condition=go__digit=8__block=1__phase=support__segment=session1_main__practice=0,EVENT,1399307.312,,"{""block"": 1, ""condition"": ""go"", ""cue_assignment"": null, ""cue_opportunity"": false, ""cue_opportunity_index"": null, ""cue_randomization_block_index"": null, ""digit"": 8, ""flip_lsl_timestamp"": 1399307.5063065, ""flip_monotonic"": 1399307.312, ""lsl_timestamp"": 1399307.5063065, ""phase"": ""support"", ""practice"": false, ""response_window_close_overshoot_seconds"": 0.008999999845400453, ""scheduled_on_flip"": true, ""scheduled_response_window_close_lsl"": 1399307.497996, ""scheduled_response_window_close_monotonic"": 1399307.303, ""schema_version"": 1, ""sequence_id"": ""237942804d5e24dc51a11ff9281243bab0f3fb0afd493a5da2f3cce232c141d1"", ""study_segment"": ""session1_main""}"
5,dynamic_sart_stimulus_onset__v=1__trial=5__condition=go__digit=0__block=1__phase=support__segment=session1_main__practice=0,EVENT,1399307.312,,"{""block"": 1, ""condition"": ""go"", ""cue_assignment"": null, ""cue_opportunity"": false, ""cue_opportunity_index"": null, ""cue_randomization_block_index"": null, ""digit"": 0, ""expected_visual_onset_lsl_timestamp"": 1399307.5063533, ""expected_visual_onset_monotonic"": 1399307.312, ""expected_visual_onset_uncertainty_ms"": 4.148969997186214, ""fixed_display_latency_ms"": 0.0, ""flip_lsl_timestamp"": 1399307.5063533, ""flip_monotonic"": 1399307.312, ""lsl_timestamp"": 1399307.5063533, ""marker_emit_attempted"": true, ""marker_stream_name"": ""EEGleMarkers"", ""marker_stream_source_id"": ""eegle-markers-dynamic_sart-run-20260820T161425-cd265ce895a2"", ""marker_stream_type"": ""Markers"", ""phase"": ""support"", ""photodiode_verification_enabled"": false, ""practice"": false, ""scheduled_on_flip"": true, ""schema_version"": 1, ""sequence_id"": ""237942804d5e24dc51a11ff9281243bab0f3fb0afd493a5da2f3cce232c141d1"", ""study_segment"": ""session1_main"", ""task"": ""dynamic_sart"", ""timing_model"": ""psychopy_callOnFlip_plus_fixed_display_latency""}"
4,dynamic_sart_trial_complete__v=1__trial=4__condition=go__digit=8__block=1__phase=support__segment=session1_main__practice=0,EVENT,1399307.312,,"{""block"": 1, ""condition"": ""go"", ""correct"": true, ""cue_assignment"": null, ""cue_opportunity"": false, ""cue_opportunity_index"": null, ""cue_randomization_block_index"": null, ""digit"": 8, ""lsl_timestamp"": 1399307.5063065, ""marker_emit_attempted"": true, ""marker_stream_name"": ""EEGleMarkers"", ""marker_stream_source_id"": ""eegle-markers-dynamic_sart-run-20260820T161425-cd265ce895a2"", ""marker_stream_type"": ""Markers"", ""phase"": ""support"", ""practice"": false, ""primary_outcome"": ""correct_go"", ""reaction_time_seconds"": 0.24572820006869733, ""schema_version"": 1, ""sequence_id"": ""237942804d5e24dc51a11ff9281243bab0f3fb0afd493a5da2f3cce232c141d1"", ""study_segment"": ""session1_main"", ""task"": ""dynamic_sart""}"
5,dynamic_sart_stimulus_offset__v=1__trial=5__condition=go__digit=0__block=1__phase=support__segment=session1_main__practice=0,EVENT,1399307.562,,"{""block"": 1, ""condition"": ""go"", ""cue_assignment"": null, ""cue_opportunity"": false, ""cue_opportunity_index"": null, ""cue_randomization_block_index"": null, ""digit"": 0, ""expected_visual_onset_lsl_timestamp"": 1399307.7571167, ""expected_visual_onset_monotonic"": 1399307.562, ""expected_visual_onset_uncertainty_ms"": 4.148969997186214, ""fixed_display_latency_ms"": 0.0, ""flip_lsl_timestamp"": 1399307.7571167, ""flip_monotonic"": 1399307.562, ""lsl_timestamp"": 1399307.7571167, ""marker_emit_attempted"": true, ""marker_stream_name"": ""EEGleMarkers"", ""marker_stream_source_id"": ""eegle-markers-dynamic_sart-run-20260820T161425-cd265ce895a2"", ""marker_stream_type"": ""Markers"", ""phase"": ""support"", ""photodiode_verification_enabled"": false, ""practice"": false, ""scheduled_on_flip"": true, ""schema_version"": 1, ""sequence_id"": ""237942804d5e24dc51a11ff9281243bab0f3fb0afd493a5da2f3cce232c141d1"", ""study_segment"": ""session1_main"", ""task"": ""dynamic_sart"", ""timing_model"": ""psychopy_callOnFlip_plus_fixed_display_latency""}"
5,dynamic_sart_key_event,EVENT,1399307.5749473,space,"{""assigned_block"": 1, ""assigned_phase"": ""support"", ""event_id"": ""key-00000063"", ""hardware_timestamped"": true, ""is_escape_key"": false, ""is_late"": false, ""is_premature"": false, ""is_response_key"": true, ""keyboard_backend"": ""psychopy.hardware.keyboard.Keyboard"", ""keyboard_time"": 140.7629511000123, ""schema"": ""eegle.dynamic_sart.key_event.v1"", ""task_state"": ""RESPONSE_WINDOW_MASK"", ""timestamp_lsl_if_available"": 1399307.7637664}"
5,dynamic_sart_response_window_close__v=1__trial=5__condition=go__digit=0__block=1__phase=support__segment=session1_main__practice=0,EVENT,1399308.906,,"{""block"": 1, ""condition"": ""go"", ""cue_assignment"": null, ""cue_opportunity"": false, ""cue_opportunity_index"": null, ""cue_randomization_block_index"": null, ""digit"": 0, ""flip_lsl_timestamp"": 1399309.098128, ""flip_monotonic"": 1399308.906, ""lsl_timestamp"": 1399309.098128, ""phase"": ""support"", ""practice"": false, ""response_window_close_overshoot_seconds"": 0.0, ""scheduled_on_flip"": true, ""scheduled_response_window_close_lsl"": 1399309.1063533002, ""scheduled_response_window_close_monotonic"": 1399308.912, ""schema_version"": 1, ""sequence_id"": ""237942804d5e24dc51a11ff9281243bab0f3fb0afd493a5da2f3cce232c141d1"", ""study_segment"": ""session1_main""}"
6,dynamic_sart_stimulus_onset__v=1__trial=6__condition=no_go__digit=3__block=1__phase=support__segment=session1_main__practice=0,EVENT,1399308.906,,"{""block"": 1, ""condition"": ""no_go"", ""cue_assignment"": null, ""cue_opportunity"": false, ""cue_opportunity_index"": null, ""cue_randomization_block_index"": null, ""digit"": 3, ""expected_visual_onset_lsl_timestamp"": 1399309.0981661, ""expected_visual_onset_monotonic"": 1399308.906, ""expected_visual_onset_uncertainty_ms"": 4.148969997186214, ""fixed_display_latency_ms"": 0.0, ""flip_lsl_timestamp"": 1399309.0981661, ""flip_monotonic"": 1399308.906, ""lsl_timestamp"": 1399309.0981661, ""marker_emit_attempted"": true, ""marker_stream_name"": ""EEGleMarkers"", ""marker_stream_source_id"": ""eegle-markers-dynamic_sart-run-20260820T161425-cd265ce895a2"", ""marker_stream_type"": ""Markers"", ""phase"": ""support"", ""photodiode_verification_enabled"": false, ""practice"": false, ""scheduled_on_flip"": true, ""schema_version"": 1, ""sequence_id"": ""237942804d5e24dc51a11ff9281243bab0f3fb0afd493a5da2f3cce232c141d1"", ""study_segment"": ""session1_main"", ""task"": ""dynamic_sart"", ""timing_model"": ""psychopy_callOnFlip_plus_fixed_display_latency""}"
5,dynamic_sart_trial_complete__v=1__trial=5__condition=go__digit=0__block=1__phase=support__segment=session1_main__practice=0,EVENT,1399308.906,,"{""block"": 1, ""condition"": ""go"", ""correct"": true, ""cue_assignment"": null, ""cue_opportunity"": false, ""cue_opportunity_index"": null, ""cue_randomization_block_index"": null, ""digit"": 0, ""lsl_timestamp"": 1399309.098128, ""marker_emit_attempted"": true, ""marker_stream_name"": ""EEGleMarkers"", ""marker_stream_source_id"": ""eegle-markers-dynamic_sart-run-20260820T161425-cd265ce895a2"", ""marker_stream_type"": ""Markers"", ""phase"": ""support"", ""practice"": false, ""primary_outcome"": ""correct_go"", ""reaction_time_seconds"": 0.2629472999833524, ""schema_version"": 1, ""sequence_id"": ""237942804d5e24dc51a11ff9281243bab0f3fb0afd493a5da2f3cce232c141d1"", ""study_segment"": ""session1_main"", ""task"": ""dynamic_sart""}"
6,dynamic_sart_key_event,EVENT,1399309.1298249,space,"{""assigned_block"": 1, ""assigned_phase"": ""support"", ""event_id"": ""key-00000064"", ""hardware_timestamped"": true, ""is_escape_key"": false, ""is_late"": false, ""is_premature"": false, ""is_response_key"": true, ""keyboard_backend"": ""psychopy.hardware.keyboard.Keyboard"", ""keyboard_time"": 142.31782870017923, ""schema"": ""eegle.dynamic_sart.key_event.v1"", ""task_state"": ""STIMULUS_VISIBLE"", ""timestamp_lsl_if_available"": 1399309.3186440002}"
6,dynamic_sart_stimulus_offset__v=1__trial=6__condition=no_go__digit=3__block=1__phase=support__segment=session1_main__practice=0,EVENT,1399309.156,,"{""block"": 1, ""condition"": ""no_go"", ""cue_assignment"": null, ""cue_opportunity"": false, ""cue_opportunity_index"": null, ""cue_randomization_block_index"": null, ""digit"": 3, ""expected_visual_onset_lsl_timestamp"": 1399309.3481615, ""expected_visual_onset_monotonic"": 1399309.156, ""expected_visual_onset_uncertainty_ms"": 4.148969997186214, ""fixed_display_latency_ms"": 0.0, ""flip_lsl_timestamp"": 1399309.3481615, ""flip_monotonic"": 1399309.156, ""lsl_timestamp"": 1399309.3481615, ""marker_emit_attempted"": true, ""marker_stream_name"": ""EEGleMarkers"", ""marker_stream_source_id"": ""eegle-markers-dynamic_sart-run-20260820T161425-cd265ce895a2"", ""marker_stream_type"": ""Markers"", ""phase"": ""support"", ""photodiode_verification_enabled"": false, ""practice"": false, ""scheduled_on_flip"": true, ""schema_version"": 1, ""sequence_id"": ""237942804d5e24dc51a11ff9281243bab0f3fb0afd493a5da2f3cce232c141d1"", ""study_segment"": ""session1_main"", ""task"": ""dynamic_sart"", ""timing_model"": ""psychopy_callOnFlip_plus_fixed_display_latency""}"
6,dynamic_sart_response_window_close__v=1__trial=6__condition=no_go__digit=3__block=1__phase=support__segment=session1_main__practice=0,EVENT,1399310.5,,"{""block"": 1, ""condition"": ""no_go"", ""cue_assignment"": null, ""cue_opportunity"": false, ""cue_opportunity_index"": null, ""cue_randomization_block_index"": null, ""digit"": 3, ""flip_lsl_timestamp"": 1399310.6907132, ""flip_monotonic"": 1399310.5, ""lsl_timestamp"": 1399310.6907132, ""phase"": ""support"", ""practice"": false, ""response_window_close_overshoot_seconds"": 0.0, ""scheduled_on_flip"": true, ""scheduled_response_window_close_lsl"": 1399310.6981661, ""scheduled_response_window_close_monotonic"": 1399310.506, ""schema_version"": 1, ""sequence_id"": ""237942804d5e24dc51a11ff9281243bab0f3fb0afd493a5da2f3cce232c141d1"", ""study_segment"": ""session1_main""}"
7,dynamic_sart_stimulus_onset__v=1__trial=7__condition=go__digit=7__block=1__phase=support__segment=session1_main__practice=0,EVENT,1399310.5,,"{""block"": 1, ""condition"": ""go"", ""cue_assignment"": null, ""cue_opportunity"": false, ""cue_opportunity_index"": null, ""cue_randomization_block_index"": null, ""digit"": 7, ""expected_visual_onset_lsl_timestamp"": 1399310.6907554, ""expected_visual_onset_monotonic"": 1399310.5, ""expected_visual_onset_uncertainty_ms"": 4.148969997186214, ""fixed_display_latency_ms"": 0.0, ""flip_lsl_timestamp"": 1399310.6907554, ""flip_monotonic"": 1399310.5, ""lsl_timestamp"": 1399310.6907554, ""marker_emit_attempted"": true, ""marker_stream_name"": ""EEGleMarkers"", ""marker_stream_source_id"": ""eegle-markers-dynamic_sart-run-20260820T161425-cd265ce895a2"", ""marker_stream_type"": ""Markers"", ""phase"": ""support"", ""photodiode_verification_enabled"": false, ""practice"": false, ""scheduled_on_flip"": true, ""schema_version"": 1, ""sequence_id"": ""237942804d5e24dc51a11ff9281243bab0f3fb0afd493a5da2f3cce232c141d1"", ""study_segment"": ""session1_main"", ""task"": ""dynamic_sart"", ""timing_model"": ""psychopy_callOnFlip_plus_fixed_display_latency""}"
6,dynamic_sart_trial_complete__v=1__trial=6__condition=no_go__digit=3__block=1__phase=support__segment=session1_main__practice=0,EVENT,1399310.5,,"{""block"": 1, ""condition"": ""no_go"", ""correct"": false, ""cue_assignment"": null, ""cue_opportunity"": false, ""cue_opportunity_index"": null, ""cue_randomization_block_index"": null, ""digit"": 3, ""lsl_timestamp"": 1399310.6907132, ""marker_emit_attempted"": true, ""marker_stream_name"": ""EEGleMarkers"", ""marker_stream_source_id"": ""eegle-markers-dynamic_sart-run-20260820T161425-cd265ce895a2"", ""marker_stream_type"": ""Markers"", ""phase"": ""support"", ""practice"": false, ""primary_outcome"": ""commission_error"", ""reaction_time_seconds"": 0.22382490010932088, ""schema_version"": 1, ""sequence_id"": ""237942804d5e24dc51a11ff9281243bab0f3fb0afd493a5da2f3cce232c141d1"", ""study_segment"": ""session1_main"", ""task"": ""dynamic_sart""}"
7,dynamic_sart_key_event,EVENT,1399310.730522,space,"{""assigned_block"": 1, ""assigned_phase"": ""support"", ""event_id"": ""key-00000065"", ""hardware_timestamped"": true, ""is_escape_key"": false, ""is_late"": false, ""is_premature"": false, ""is_response_key"": true, ""keyboard_backend"": ""psychopy.hardware.keyboard.Keyboard"", ""keyboard_time"": 143.9185258001089, ""schema"": ""eegle.dynamic_sart.key_event.v1"", ""task_state"": ""STIMULUS_VISIBLE"", ""timestamp_lsl_if_available"": 1399310.9193411001}"
7,dynamic_sart_stimulus_offset__v=1__trial=7__condition=go__digit=7__block=1__phase=support__segment=session1_main__practice=0,EVENT,1399310.75,,"{""block"": 1, ""condition"": ""go"", ""cue_assignment"": null, ""cue_opportunity"": false, ""cue_opportunity_index"": null, ""cue_randomization_block_index"": null, ""digit"": 7, ""expected_visual_onset_lsl_timestamp"": 1399310.9485023, ""expected_visual_onset_monotonic"": 1399310.75, ""expected_visual_onset_uncertainty_ms"": 4.148969997186214, ""fixed_display_latency_ms"": 0.0, ""flip_lsl_timestamp"": 1399310.9485023, ""flip_monotonic"": 1399310.75, ""lsl_timestamp"": 1399310.9485023, ""marker_emit_attempted"": true, ""marker_stream_name"": ""EEGleMarkers"", ""marker_stream_source_id"": ""eegle-markers-dynamic_sart-run-20260820T161425-cd265ce895a2"", ""marker_stream_type"": ""Markers"", ""phase"": ""support"", ""photodiode_verification_enabled"": false, ""practice"": false, ""scheduled_on_flip"": true, ""schema_version"": 1, ""sequence_id"": ""237942804d5e24dc51a11ff9281243bab0f3fb0afd493a5da2f3cce232c141d1"", ""study_segment"": ""session1_main"", ""task"": ""dynamic_sart"", ""timing_model"": ""psychopy_callOnFlip_plus_fixed_display_latency""}"
7,dynamic_sart_response_window_close__v=1__trial=7__condition=go__digit=7__block=1__phase=support__segment=session1_main__practice=0,EVENT,1399312.109,,"{""block"": 1, ""condition"": ""go"", ""cue_assignment"": null, ""cue_opportunity"": false, ""cue_opportunity_index"": null, ""cue_randomization_block_index"": null, ""digit"": 7, ""flip_lsl_timestamp"": 1399312.2984628, ""flip_monotonic"": 1399312.109, ""lsl_timestamp"": 1399312.2984628, ""phase"": ""support"", ""practice"": false, ""response_window_close_overshoot_seconds"": 0.008999999845400453, ""scheduled_on_flip"": true, ""scheduled_response_window_close_lsl"": 1399312.2907554002, ""scheduled_response_window_close_monotonic"": 1399312.1, ""schema_version"": 1, ""sequence_id"": ""237942804d5e24dc51a11ff9281243bab0f3fb0afd493a5da2f3cce232c141d1"", ""study_segment"": ""session1_main""}"
8,dynamic_sart_stimulus_onset__v=1__trial=8__condition=go__digit=2__block=1__phase=support__segment=session1_main__practice=0,EVENT,1399312.109,,"{""block"": 1, ""condition"": ""go"", ""cue_assignment"": null, ""cue_opportunity"": false, ""cue_opportunity_index"": null, ""cue_randomization_block_index"": null, ""digit"": 2, ""expected_visual_onset_lsl_timestamp"": 1399312.2985057, ""expected_visual_onset_monotonic"": 1399312.109, ""expected_visual_onset_uncertainty_ms"": 4.148969997186214, ""fixed_display_latency_ms"": 0.0, ""flip_lsl_timestamp"": 1399312.2985057, ""flip_monotonic"": 1399312.109, ""lsl_timestamp"": 1399312.2985057, ""marker_emit_attempted"": true, ""marker_stream_name"": ""EEGleMarkers"", ""marker_stream_source_id"": ""eegle-markers-dynamic_sart-run-20260820T161425-cd265ce895a2"", ""marker_stream_type"": ""Markers"", ""phase"": ""support"", ""photodiode_verification_enabled"": false, ""practice"": false, ""scheduled_on_flip"": true, ""schema_version"": 1, ""sequence_id"": ""237942804d5e24dc51a11ff9281243bab0f3fb0afd493a5da2f3cce232c141d1"", ""study_segment"": ""session1_main"", ""task"": ""dynamic_sart"", ""timing_model"": ""psychopy_callOnFlip_plus_fixed_display_latency""}"
7,dynamic_sart_trial_complete__v=1__trial=7__condition=go__digit=7__block=1__phase=support__segment=session1_main__practice=0,EVENT,1399312.109,,"{""block"": 1, ""condition"": ""go"", ""correct"": true, ""cue_assignment"": null, ""cue_opportunity"": false, ""cue_opportunity_index"": null, ""cue_randomization_block_index"": null, ""digit"": 7, ""lsl_timestamp"": 1399312.2984628, ""marker_emit_attempted"": true, ""marker_stream_name"": ""EEGleMarkers"", ""marker_stream_source_id"": ""eegle-markers-dynamic_sart-run-20260820T161425-cd265ce895a2"", ""marker_stream_type"": ""Markers"", ""phase"": ""support"", ""practice"": false, ""primary_outcome"": ""correct_go"", ""reaction_time_seconds"": 0.23052199999801815, ""schema_version"": 1, ""sequence_id"": ""237942804d5e24dc51a11ff9281243bab0f3fb0afd493a5da2f3cce232c141d1"", ""study_segment"": ""session1_main"", ""task"": ""dynamic_sart""}"
8,dynamic_sart_key_event,EVENT,1399312.3303884,space,"{""assigned_block"": 1, ""assigned_phase"": ""support"", ""event_id"": ""key-00000066"", ""hardware_timestamped"": true, ""is_escape_key"": false, ""is_late"": false, ""is_premature"": false, ""is_response_key"": true, ""keyboard_backend"": ""psychopy.hardware.keyboard.Keyboard"", ""keyboard_time"": 145.51839220011607, ""schema"": ""eegle.dynamic_sart.key_event.v1"", ""task_state"": ""STIMULUS_VISIBLE"", ""timestamp_lsl_if_available"": 1399312.5192075002}"
8,dynamic_sart_stimulus_offset__v=1__trial=8__condition=go__digit=2__block=1__phase=support__segment=session1_main__practice=0,EVENT,1399312.359,,"{""block"": 1, ""condition"": ""go"", ""cue_assignment"": null, ""cue_opportunity"": false, ""cue_opportunity_index"": null, ""cue_randomization_block_index"": null, ""digit"": 2, ""expected_visual_onset_lsl_timestamp"": 1399312.548227, ""expected_visual_onset_monotonic"": 1399312.359, ""expected_visual_onset_uncertainty_ms"": 4.148969997186214, ""fixed_display_latency_ms"": 0.0, ""flip_lsl_timestamp"": 1399312.548227, ""flip_monotonic"": 1399312.359, ""lsl_timestamp"": 1399312.548227, ""marker_emit_attempted"": true, ""marker_stream_name"": ""EEGleMarkers"", ""marker_stream_source_id"": ""eegle-markers-dynamic_sart-run-20260820T161425-cd265ce895a2"", ""marker_stream_type"": ""Markers"", ""phase"": ""support"", ""photodiode_verification_enabled"": false, ""practice"": false, ""scheduled_on_flip"": true, ""schema_version"": 1, ""sequence_id"": ""237942804d5e24dc51a11ff9281243bab0f3fb0afd493a5da2f3cce232c141d1"", ""study_segment"": ""session1_main"", ""task"": ""dynamic_sart"", ""timing_model"": ""psychopy_callOnFlip_plus_fixed_display_latency""}"
8,dynamic_sart_response_window_close__v=1__trial=8__condition=go__digit=2__block=1__phase=support__segment=session1_main__practice=0,EVENT,1399313.703,,"{""block"": 1, ""condition"": ""go"", ""cue_assignment"": null, ""cue_opportunity"": false, ""cue_opportunity_index"": null, ""cue_randomization_block_index"": null, ""digit"": 2, ""flip_lsl_timestamp"": 1399313.8984129, ""flip_monotonic"": 1399313.703, ""lsl_timestamp"": 1399313.8984129, ""phase"": ""support"", ""practice"": false, ""response_window_close_overshoot_seconds"": 0.0, ""scheduled_on_flip"": true, ""scheduled_response_window_close_lsl"": 1399313.8985057, ""scheduled_response_window_close_monotonic"": 1399313.709, ""schema_version"": 1, ""sequence_id"": ""237942804d5e24dc51a11ff9281243bab0f3fb0afd493a5da2f3cce232c141d1"", ""study_segment"": ""session1_main""}"
9,dynamic_sart_stimulus_onset__v=1__trial=9__condition=go__digit=6__block=1__phase=support__segment=session1_main__practice=0,EVENT,1399313.703,,"{""block"": 1, ""condition"": ""go"", ""cue_assignment"": null, ""cue_opportunity"": false, ""cue_opportunity_index"": null, ""cue_randomization_block_index"": null, ""digit"": 6, ""expected_visual_onset_lsl_timestamp"": 1399313.8984561, ""expected_visual_onset_monotonic"": 1399313.703, ""expected_visual_onset_uncertainty_ms"": 4.148969997186214, ""fixed_display_latency_ms"": 0.0, ""flip_lsl_timestamp"": 1399313.8984561, ""flip_monotonic"": 1399313.703, ""lsl_timestamp"": 1399313.8984561, ""marker_emit_attempted"": true, ""marker_stream_name"": ""EEGleMarkers"", ""marker_stream_source_id"": ""eegle-markers-dynamic_sart-run-20260820T161425-cd265ce895a2"", ""marker_stream_type"": ""Markers"", ""phase"": ""support"", ""photodiode_verification_enabled"": false, ""practice"": false, ""scheduled_on_flip"": true, ""schema_version"": 1, ""sequence_id"": ""237942804d5e24dc51a11ff9281243bab0f3fb0afd493a5da2f3cce232c141d1"", ""study_segment"": ""session1_main"", ""task"": ""dynamic_sart"", ""timing_model"": ""psychopy_callOnFlip_plus_fixed_display_latency""}"
8,dynamic_sart_trial_complete__v=1__trial=8__condition=go__digit=2__block=1__phase=support__segment=session1_main__practice=0,EVENT,1399313.703,,"{""block"": 1, ""condition"": ""go"", ""correct"": true, ""cue_assignment"": null, ""cue_opportunity"": false, ""cue_opportunity_index"": null, ""cue_randomization_block_index"": null, ""digit"": 2, ""lsl_timestamp"": 1399313.8984129, ""marker_emit_attempted"": true, ""marker_stream_name"": ""EEGleMarkers"", ""marker_stream_source_id"": ""eegle-markers-dynamic_sart-run-20260820T161425-cd265ce895a2"", ""marker_stream_type"": ""Markers"", ""phase"": ""support"", ""practice"": false, ""primary_outcome"": ""correct_go"", ""reaction_time_seconds"": 0.22138840006664395, ""schema_version"": 1, ""sequence_id"": ""237942804d5e24dc51a11ff9281243bab0f3fb0afd493a5da2f3cce232c141d1"", ""study_segment"": ""session1_main"", ""task"": ""dynamic_sart""}"
9,dynamic_sart_stimulus_offset__v=1__trial=9__condition=go__digit=6__block=1__phase=support__segment=session1_main__practice=0,EVENT,1399313.953,,"{""block"": 1, ""condition"": ""go"", ""cue_assignment"": null, ""cue_opportunity"": false, ""cue_opportunity_index"": null, ""cue_randomization_block_index"": null, ""digit"": 6, ""expected_visual_onset_lsl_timestamp"": 1399314.1483502, ""expected_visual_onset_monotonic"": 1399313.953, ""expected_visual_onset_uncertainty_ms"": 4.148969997186214, ""fixed_display_latency_ms"": 0.0, ""flip_lsl_timestamp"": 1399314.1483502, ""flip_monotonic"": 1399313.953, ""lsl_timestamp"": 1399314.1483502, ""marker_emit_attempted"": true, ""marker_stream_name"": ""EEGleMarkers"", ""marker_stream_source_id"": ""eegle-markers-dynamic_sart-run-20260820T161425-cd265ce895a2"", ""marker_stream_type"": ""Markers"", ""phase"": ""support"", ""photodiode_verification_enabled"": false, ""practice"": false, ""scheduled_on_flip"": true, ""schema_version"": 1, ""sequence_id"": ""237942804d5e24dc51a11ff9281243bab0f3fb0afd493a5da2f3cce232c141d1"", ""study_segment"": ""session1_main"", ""task"": ""dynamic_sart"", ""timing_model"": ""psychopy_callOnFlip_plus_fixed_display_latency""}"
9,dynamic_sart_key_event,EVENT,1399314.0221251,space,"{""assigned_block"": 1, ""assigned_phase"": ""support"", ""event_id"": ""key-00000067"", ""hardware_timestamped"": true, ""is_escape_key"": false, ""is_late"": false, ""is_premature"": false, ""is_response_key"": true, ""keyboard_backend"": ""psychopy.hardware.keyboard.Keyboard"", ""keyboard_time"": 147.21012890012935, ""schema"": ""eegle.dynamic_sart.key_event.v1"", ""task_state"": ""RESPONSE_WINDOW_MASK"", ""timestamp_lsl_if_available"": 1399314.2109442002}"
9,dynamic_sart_response_window_close__v=1__trial=9__condition=go__digit=6__block=1__phase=support__segment=session1_main__practice=0,EVENT,1399315.312,,"{""block"": 1, ""condition"": ""go"", ""cue_assignment"": null, ""cue_opportunity"": false, ""cue_opportunity_index"": null, ""cue_randomization_block_index"": null, ""digit"": 6, ""flip_lsl_timestamp"": 1399315.5071215, ""flip_monotonic"": 1399315.312, ""lsl_timestamp"": 1399315.5071215, ""phase"": ""support"", ""practice"": false, ""response_window_close_overshoot_seconds"": 0.008999999845400453, ""scheduled_on_flip"": true, ""scheduled_response_window_close_lsl"": 1399315.4984561, ""scheduled_response_window_close_monotonic"": 1399315.303, ""schema_version"": 1, ""sequence_id"": ""237942804d5e24dc51a11ff9281243bab0f3fb0afd493a5da2f3cce232c141d1"", ""study_segment"": ""session1_main""}"
10,dynamic_sart_stimulus_onset__v=1__trial=10__condition=go__digit=4__block=1__phase=support__segment=session1_main__practice=0,EVENT,1399315.312,,"{""block"": 1, ""condition"": ""go"", ""cue_assignment"": null, ""cue_opportunity"": false, ""cue_opportunity_index"": null, ""cue_randomization_block_index"": null, ""digit"": 4, ""expected_visual_onset_lsl_timestamp"": 1399315.5071608, ""expected_visual_onset_monotonic"": 1399315.312, ""expected_visual_onset_uncertainty_ms"": 4.148969997186214, ""fixed_display_latency_ms"": 0.0, ""flip_lsl_timestamp"": 1399315.5071608, ""flip_monotonic"": 1399315.312, ""lsl_timestamp"": 1399315.5071608, ""marker_emit_attempted"": true, ""marker_stream_name"": ""EEGleMarkers"", ""marker_stream_source_id"": ""eegle-markers-dynamic_sart-run-20260820T161425-cd265ce895a2"", ""marker_stream_type"": ""Markers"", ""phase"": ""support"", ""photodiode_verification_enabled"": false, ""practice"": false, ""scheduled_on_flip"": true, ""schema_version"": 1, ""sequence_id"": ""237942804d5e24dc51a11ff9281243bab0f3fb0afd493a5da2f3cce232c141d1"", ""study_segment"": ""session1_main"", ""task"": ""dynamic_sart"", ""timing_model"": ""psychopy_callOnFlip_plus_fixed_display_latency""}"
9,dynamic_sart_trial_complete__v=1__trial=9__condition=go__digit=6__block=1__phase=support__segment=session1_main__practice=0,EVENT,1399315.312,,"{""block"": 1, ""condition"": ""go"", ""correct"": true, ""cue_assignment"": null, ""cue_opportunity"": false, ""cue_opportunity_index"": null, ""cue_randomization_block_index"": null, ""digit"": 6, ""lsl_timestamp"": 1399315.5071215, ""marker_emit_attempted"": true, ""marker_stream_name"": ""EEGleMarkers"", ""marker_stream_source_id"": ""eegle-markers-dynamic_sart-run-20260820T161425-cd265ce895a2"", ""marker_stream_type"": ""Markers"", ""phase"": ""support"", ""practice"": false, ""primary_outcome"": ""correct_go"", ""reaction_time_seconds"": 0.3191251000389457, ""schema_version"": 1, ""sequence_id"": ""237942804d5e24dc51a11ff9281243bab0f3fb0afd493a5da2f3cce232c141d1"", ""study_segment"": ""session1_main"", ""task"": ""dynamic_sart""}"
10,dynamic_sart_stimulus_offset__v=1__trial=10__condition=go__digit=4__block=1__phase=support__segment=session1_main__practice=0,EVENT,1399315.562,,"{""block"": 1, ""condition"": ""go"", ""cue_assignment"": null, ""cue_opportunity"": false, ""cue_opportunity_index"": null, ""cue_randomization_block_index"": null, ""digit"": 4, ""expected_visual_onset_lsl_timestamp"": 1399315.7637054, ""expected_visual_onset_monotonic"": 1399315.562, ""expected_visual_onset_uncertainty_ms"": 4.148969997186214, ""fixed_display_latency_ms"": 0.0, ""flip_lsl_timestamp"": 1399315.7637054, ""flip_monotonic"": 1399315.562, ""lsl_timestamp"": 1399315.7637054, ""marker_emit_attempted"": true, ""marker_stream_name"": ""EEGleMarkers"", ""marker_stream_source_id"": ""eegle-markers-dynamic_sart-run-20260820T161425-cd265ce895a2"", ""marker_stream_type"": ""Markers"", ""phase"": ""support"", ""photodiode_verification_enabled"": false, ""practice"": false, ""scheduled_on_flip"": true, ""schema_version"": 1, ""sequence_id"": ""237942804d5e24dc51a11ff9281243bab0f3fb0afd493a5da2f3cce232c141d1"", ""study_segment"": ""session1_main"", ""task"": ""dynamic_sart"", ""timing_model"": ""psychopy_callOnFlip_plus_fixed_display_latency""}"
10,dynamic_sart_key_event,EVENT,1399315.5682897,space,"{""assigned_block"": 1, ""assigned_phase"": ""support"", ""event_id"": ""key-00000068"", ""hardware_timestamped"": true, ""is_escape_key"": false, ""is_late"": false, ""is_premature"": false, ""is_response_key"": true, ""keyboard_backend"": ""psychopy.hardware.keyboard.Keyboard"", ""keyboard_time"": 148.75629350007512, ""schema"": ""eegle.dynamic_sart.key_event.v1"", ""task_state"": ""RESPONSE_WINDOW_MASK"", ""timestamp_lsl_if_available"": 1399315.7571088}"
10,dynamic_sart_response_window_close__v=1__trial=10__condition=go__digit=4__block=1__phase=support__segment=session1_main__practice=0,EVENT,1399316.906,,"{""block"": 1, ""condition"": ""go"", ""cue_assignment"": null, ""cue_opportunity"": false, ""cue_opportunity_index"": null, ""cue_randomization_block_index"": null, ""digit"": 4, ""flip_lsl_timestamp"": 1399317.0983043, ""flip_monotonic"": 1399316.906, ""lsl_timestamp"": 1399317.0983043, ""phase"": ""support"", ""practice"": false, ""response_window_close_overshoot_seconds"": 0.0, ""scheduled_on_flip"": true, ""scheduled_response_window_close_lsl"": 1399317.1071608001, ""scheduled_response_window_close_monotonic"": 1399316.912, ""schema_version"": 1, ""sequence_id"": ""237942804d5e24dc51a11ff9281243bab0f3fb0afd493a5da2f3cce232c141d1"", ""study_segment"": ""session1_main""}"
10,dynamic_sart_trial_complete__v=1__trial=10__condition=go__digit=4__block=1__phase=support__segment=session1_main__practice=0,EVENT,1399316.906,,"{""block"": 1, ""condition"": ""go"", ""correct"": true, ""cue_assignment"": null, ""cue_opportunity"": false, ""cue_opportunity_index"": null, ""cue_randomization_block_index"": null, ""digit"": 4, ""lsl_timestamp"": 1399317.0983043, ""marker_emit_attempted"": true, ""marker_stream_name"": ""EEGleMarkers"", ""marker_stream_source_id"": ""eegle-markers-dynamic_sart-run-20260820T161425-cd265ce895a2"", ""marker_stream_type"": ""Markers"", ""phase"": ""support"", ""practice"": false, ""primary_outcome"": ""correct_go"", ""reaction_time_seconds"": 0.2562897000461817, ""schema_version"": 1, ""sequence_id"": ""237942804d5e24dc51a11ff9281243bab0f3fb0afd493a5da2f3cce232c141d1"", ""study_segment"": ""session1_main"", ""task"": ""dynamic_sart""}"
,dynamic_sart_block_end__block=1__phase=support,SYSTEM,1399316.921,,"{""block_index"": 1, ""completed_trials"": 10, ""lsl_timestamp"": 1399317.1081019, ""marker_emit_attempted"": true, ""marker_stream_name"": ""EEGleMarkers"", ""marker_stream_source_id"": ""eegle-markers-dynamic_sart-run-20260820T161425-cd265ce895a2"", ""marker_stream_type"": ""Markers"", ""phase"": ""support"", ""task"": ""dynamic_sart""}"
,dynamic_sart_support_complete,SYSTEM,1399316.953,,"{""lsl_timestamp"": 1399317.1795126, ""marker_emit_attempted"": true, ""marker_stream_name"": ""EEGleMarkers"", ""marker_stream_source_id"": ""eegle-markers-dynamic_sart-run-20260820T161425-cd265ce895a2"", ""marker_stream_type"": ""Markers"", ""reference_hash"": ""e0265a7d5c08f78c252338c0dae3379748a6232faf49bfadd2d3d01335cda291"", ""task"": ""dynamic_sart"", ""valid_support_go_count"": 9}"
,dynamic_sart_block_start__block=2__phase=query,SYSTEM,1399316.984,,"{""block_index"": 2, ""lsl_timestamp"": 1399317.1842096, ""marker_emit_attempted"": true, ""marker_stream_name"": ""EEGleMarkers"", ""marker_stream_source_id"": ""eegle-markers-dynamic_sart-run-20260820T161425-cd265ce895a2"", ""marker_stream_type"": ""Markers"", ""phase"": ""query"", ""task"": ""dynamic_sart""}"
11,dynamic_sart_stimulus_onset__v=1__trial=11__condition=go__digit=4__block=2__phase=query__segment=session1_main__practice=0,EVENT,1399317.015,,"{""block"": 2, ""condition"": ""go"", ""cue_assignment"": null, ""cue_opportunity"": false, ""cue_opportunity_index"": null, ""cue_randomization_block_index"": null, ""digit"": 4, ""expected_visual_onset_lsl_timestamp"": 1399317.2101237, ""expected_visual_onset_monotonic"": 1399317.015, ""expected_visual_onset_uncertainty_ms"": 4.148969997186214, ""fixed_display_latency_ms"": 0.0, ""flip_lsl_timestamp"": 1399317.2101237, ""flip_monotonic"": 1399317.015, ""lsl_timestamp"": 1399317.2101237, ""marker_emit_attempted"": true, ""marker_stream_name"": ""EEGleMarkers"", ""marker_stream_source_id"": ""eegle-markers-dynamic_sart-run-20260820T161425-cd265ce895a2"", ""marker_stream_type"": ""Markers"", ""phase"": ""query"", ""photodiode_verification_enabled"": false, ""practice"": false, ""scheduled_on_flip"": true, ""schema_version"": 1, ""sequence_id"": ""237942804d5e24dc51a11ff9281243bab0f3fb0afd493a5da2f3cce232c141d1"", ""study_segment"": ""session1_main"", ""task"": ""dynamic_sart"", ""timing_model"": ""psychopy_callOnFlip_plus_fixed_display_latency""}"
11,dynamic_sart_stimulus_offset__v=1__trial=11__condition=go__digit=4__block=2__phase=query__segment=session1_main__practice=0,EVENT,1399317.265,,"{""block"": 2, ""condition"": ""go"", ""cue_assignment"": null, ""cue_opportunity"": false, ""cue_opportunity_index"": null, ""cue_randomization_block_index"": null, ""digit"": 4, ""expected_visual_onset_lsl_timestamp"": 1399317.4571814, ""expected_visual_onset_monotonic"": 1399317.265, ""expected_visual_onset_uncertainty_ms"": 4.148969997186214, ""fixed_display_latency_ms"": 0.0, ""flip_lsl_timestamp"": 1399317.4571814, ""flip_monotonic"": 1399317.265, ""lsl_timestamp"": 1399317.4571814, ""marker_emit_attempted"": true, ""marker_stream_name"": ""EEGleMarkers"", ""marker_stream_source_id"": ""eegle-markers-dynamic_sart-run-20260820T161425-cd265ce895a2"", ""marker_stream_type"": ""Markers"", ""phase"": ""query"", ""photodiode_verification_enabled"": false, ""practice"": false, ""scheduled_on_flip"": true, ""schema_version"": 1, ""sequence_id"": ""237942804d5e24dc51a11ff9281243bab0f3fb0afd493a5da2f3cce232c141d1"", ""study_segment"": ""session1_main"", ""task"": ""dynamic_sart"", ""timing_model"": ""psychopy_callOnFlip_plus_fixed_display_latency""}"
11,dynamic_sart_key_event,EVENT,1399317.3376402,space,"{""assigned_block"": 2, ""assigned_phase"": ""query"", ""event_id"": ""key-00000069"", ""hardware_timestamped"": true, ""is_escape_key"": false, ""is_late"": false, ""is_premature"": false, ""is_response_key"": true, ""keyboard_backend"": ""psychopy.hardware.keyboard.Keyboard"", ""keyboard_time"": 150.525644000154, ""schema"": ""eegle.dynamic_sart.key_event.v1"", ""task_state"": ""RESPONSE_WINDOW_MASK"", ""timestamp_lsl_if_available"": 1399317.5264593002}"
11,dynamic_sart_response_window_close__v=1__trial=11__condition=go__digit=4__block=2__phase=query__segment=session1_main__practice=0,EVENT,1399318.609,,"{""block"": 2, ""condition"": ""go"", ""cue_assignment"": null, ""cue_opportunity"": false, ""cue_opportunity_index"": null, ""cue_randomization_block_index"": null, ""digit"": 4, ""flip_lsl_timestamp"": 1399318.809081, ""flip_monotonic"": 1399318.609, ""lsl_timestamp"": 1399318.809081, ""phase"": ""query"", ""practice"": false, ""response_window_close_overshoot_seconds"": 0.0, ""scheduled_on_flip"": true, ""scheduled_response_window_close_lsl"": 1399318.8101237002, ""scheduled_response_window_close_monotonic"": 1399318.615, ""schema_version"": 1, ""sequence_id"": ""237942804d5e24dc51a11ff9281243bab0f3fb0afd493a5da2f3cce232c141d1"", ""study_segment"": ""session1_main""}"
12,dynamic_sart_stimulus_onset__v=1__trial=12__condition=go__digit=2__block=2__phase=query__segment=session1_main__practice=0,EVENT,1399318.609,,"{""block"": 2, ""condition"": ""go"", ""cue_assignment"": null, ""cue_opportunity"": false, ""cue_opportunity_index"": null, ""cue_randomization_block_index"": null, ""digit"": 2, ""expected_visual_onset_lsl_timestamp"": 1399318.8091229, ""expected_visual_onset_monotonic"": 1399318.609, ""expected_visual_onset_uncertainty_ms"": 4.148969997186214, ""fixed_display_latency_ms"": 0.0, ""flip_lsl_timestamp"": 1399318.8091229, ""flip_monotonic"": 1399318.609, ""lsl_timestamp"": 1399318.8091229, ""marker_emit_attempted"": true, ""marker_stream_name"": ""EEGleMarkers"", ""marker_stream_source_id"": ""eegle-markers-dynamic_sart-run-20260820T161425-cd265ce895a2"", ""marker_stream_type"": ""Markers"", ""phase"": ""query"", ""photodiode_verification_enabled"": false, ""practice"": false, ""scheduled_on_flip"": true, ""schema_version"": 1, ""sequence_id"": ""237942804d5e24dc51a11ff9281243bab0f3fb0afd493a5da2f3cce232c141d1"", ""study_segment"": ""session1_main"", ""task"": ""dynamic_sart"", ""timing_model"": ""psychopy_callOnFlip_plus_fixed_display_latency""}"
11,dynamic_sart_trial_complete__v=1__trial=11__condition=go__digit=4__block=2__phase=query__segment=session1_main__practice=0,EVENT,1399318.609,,"{""block"": 2, ""condition"": ""go"", ""correct"": true, ""cue_assignment"": null, ""cue_opportunity"": false, ""cue_opportunity_index"": null, ""cue_randomization_block_index"": null, ""digit"": 4, ""lsl_timestamp"": 1399318.809081, ""marker_emit_attempted"": true, ""marker_stream_name"": ""EEGleMarkers"", ""marker_stream_source_id"": ""eegle-markers-dynamic_sart-run-20260820T161425-cd265ce895a2"", ""marker_stream_type"": ""Markers"", ""phase"": ""query"", ""practice"": false, ""primary_outcome"": ""correct_go"", ""reaction_time_seconds"": 0.3226402001455426, ""schema_version"": 1, ""sequence_id"": ""237942804d5e24dc51a11ff9281243bab0f3fb0afd493a5da2f3cce232c141d1"", ""study_segment"": ""session1_main"", ""task"": ""dynamic_sart""}"
12,dynamic_sart_key_event,EVENT,1399318.8374754,space,"{""assigned_block"": 2, ""assigned_phase"": ""query"", ""event_id"": ""key-00000070"", ""hardware_timestamped"": true, ""is_escape_key"": false, ""is_late"": false, ""is_premature"": false, ""is_response_key"": true, ""keyboard_backend"": ""psychopy.hardware.keyboard.Keyboard"", ""keyboard_time"": 152.02547920006327, ""schema"": ""eegle.dynamic_sart.key_event.v1"", ""task_state"": ""STIMULUS_VISIBLE"", ""timestamp_lsl_if_available"": 1399319.0262945}"
12,dynamic_sart_stimulus_offset__v=1__trial=12__condition=go__digit=2__block=2__phase=query__segment=session1_main__practice=0,EVENT,1399318.859,,"{""block"": 2, ""condition"": ""go"", ""cue_assignment"": null, ""cue_opportunity"": false, ""cue_opportunity_index"": null, ""cue_randomization_block_index"": null, ""digit"": 2, ""expected_visual_onset_lsl_timestamp"": 1399319.0506921, ""expected_visual_onset_monotonic"": 1399318.859, ""expected_visual_onset_uncertainty_ms"": 4.148969997186214, ""fixed_display_latency_ms"": 0.0, ""flip_lsl_timestamp"": 1399319.0506921, ""flip_monotonic"": 1399318.859, ""lsl_timestamp"": 1399319.0506921, ""marker_emit_attempted"": true, ""marker_stream_name"": ""EEGleMarkers"", ""marker_stream_source_id"": ""eegle-markers-dynamic_sart-run-20260820T161425-cd265ce895a2"", ""marker_stream_type"": ""Markers"", ""phase"": ""query"", ""photodiode_verification_enabled"": false, ""practice"": false, ""scheduled_on_flip"": true, ""schema_version"": 1, ""sequence_id"": ""237942804d5e24dc51a11ff9281243bab0f3fb0afd493a5da2f3cce232c141d1"", ""study_segment"": ""session1_main"", ""task"": ""dynamic_sart"", ""timing_model"": ""psychopy_callOnFlip_plus_fixed_display_latency""}"
12,dynamic_sart_response_window_close__v=1__trial=12__condition=go__digit=2__block=2__phase=query__segment=session1_main__practice=0,EVENT,1399320.203,,"{""block"": 2, ""condition"": ""go"", ""cue_assignment"": null, ""cue_opportunity"": false, ""cue_opportunity_index"": null, ""cue_randomization_block_index"": null, ""digit"": 2, ""flip_lsl_timestamp"": 1399320.3991975, ""flip_monotonic"": 1399320.203, ""lsl_timestamp"": 1399320.3991975, ""phase"": ""query"", ""practice"": false, ""response_window_close_overshoot_seconds"": 0.0, ""scheduled_on_flip"": true, ""scheduled_response_window_close_lsl"": 1399320.4091229, ""scheduled_response_window_close_monotonic"": 1399320.209, ""schema_version"": 1, ""sequence_id"": ""237942804d5e24dc51a11ff9281243bab0f3fb0afd493a5da2f3cce232c141d1"", ""study_segment"": ""session1_main""}"
13,dynamic_sart_stimulus_onset__v=1__trial=13__condition=go__digit=1__block=2__phase=query__segment=session1_main__practice=0,EVENT,1399320.203,,"{""block"": 2, ""condition"": ""go"", ""cue_assignment"": null, ""cue_opportunity"": false, ""cue_opportunity_index"": null, ""cue_randomization_block_index"": null, ""digit"": 1, ""expected_visual_onset_lsl_timestamp"": 1399320.3992379, ""expected_visual_onset_monotonic"": 1399320.203, ""expected_visual_onset_uncertainty_ms"": 4.148969997186214, ""fixed_display_latency_ms"": 0.0, ""flip_lsl_timestamp"": 1399320.3992379, ""flip_monotonic"": 1399320.203, ""lsl_timestamp"": 1399320.3992379, ""marker_emit_attempted"": true, ""marker_stream_name"": ""EEGleMarkers"", ""marker_stream_source_id"": ""eegle-markers-dynamic_sart-run-20260820T161425-cd265ce895a2"", ""marker_stream_type"": ""Markers"", ""phase"": ""query"", ""photodiode_verification_enabled"": false, ""practice"": false, ""scheduled_on_flip"": true, ""schema_version"": 1, ""sequence_id"": ""237942804d5e24dc51a11ff9281243bab0f3fb0afd493a5da2f3cce232c141d1"", ""study_segment"": ""session1_main"", ""task"": ""dynamic_sart"", ""timing_model"": ""psychopy_callOnFlip_plus_fixed_display_latency""}"
12,dynamic_sart_trial_complete__v=1__trial=12__condition=go__digit=2__block=2__phase=query__segment=session1_main__practice=0,EVENT,1399320.203,,"{""block"": 2, ""condition"": ""go"", ""correct"": true, ""cue_assignment"": null, ""cue_opportunity"": false, ""cue_opportunity_index"": null, ""cue_randomization_block_index"": null, ""digit"": 2, ""lsl_timestamp"": 1399320.3991975, ""marker_emit_attempted"": true, ""marker_stream_name"": ""EEGleMarkers"", ""marker_stream_source_id"": ""eegle-markers-dynamic_sart-run-20260820T161425-cd265ce895a2"", ""marker_stream_type"": ""Markers"", ""phase"": ""query"", ""practice"": false, ""primary_outcome"": ""correct_go"", ""reaction_time_seconds"": 0.22847540001384914, ""schema_version"": 1, ""sequence_id"": ""237942804d5e24dc51a11ff9281243bab0f3fb0afd493a5da2f3cce232c141d1"", ""study_segment"": ""session1_main"", ""task"": ""dynamic_sart""}"
13,dynamic_sart_key_event,EVENT,1399320.4422883,space,"{""assigned_block"": 2, ""assigned_phase"": ""query"", ""event_id"": ""key-00000071"", ""hardware_timestamped"": true, ""is_escape_key"": false, ""is_late"": false, ""is_premature"": false, ""is_response_key"": true, ""keyboard_backend"": ""psychopy.hardware.keyboard.Keyboard"", ""keyboard_time"": 153.63029210013337, ""schema"": ""eegle.dynamic_sart.key_event.v1"", ""task_state"": ""STIMULUS_VISIBLE"", ""timestamp_lsl_if_available"": 1399320.6311074002}"
13,dynamic_sart_stimulus_offset__v=1__trial=13__condition=go__digit=1__block=2__phase=query__segment=session1_main__practice=0,EVENT,1399320.453,,"{""block"": 2, ""condition"": ""go"", ""cue_assignment"": null, ""cue_opportunity"": false, ""cue_opportunity_index"": null, ""cue_randomization_block_index"": null, ""digit"": 1, ""expected_visual_onset_lsl_timestamp"": 1399320.6506206, ""expected_visual_onset_monotonic"": 1399320.453, ""expected_visual_onset_uncertainty_ms"": 4.148969997186214, ""fixed_display_latency_ms"": 0.0, ""flip_lsl_timestamp"": 1399320.6506206, ""flip_monotonic"": 1399320.453, ""lsl_timestamp"": 1399320.6506206, ""marker_emit_attempted"": true, ""marker_stream_name"": ""EEGleMarkers"", ""marker_stream_source_id"": ""eegle-markers-dynamic_sart-run-20260820T161425-cd265ce895a2"", ""marker_stream_type"": ""Markers"", ""phase"": ""query"", ""photodiode_verification_enabled"": false, ""practice"": false, ""scheduled_on_flip"": true, ""schema_version"": 1, ""sequence_id"": ""237942804d5e24dc51a11ff9281243bab0f3fb0afd493a5da2f3cce232c141d1"", ""study_segment"": ""session1_main"", ""task"": ""dynamic_sart"", ""timing_model"": ""psychopy_callOnFlip_plus_fixed_display_latency""}"
13,dynamic_sart_response_window_close__v=1__trial=13__condition=go__digit=1__block=2__phase=query__segment=session1_main__practice=0,EVENT,1399321.812,,"{""block"": 2, ""condition"": ""go"", ""cue_assignment"": null, ""cue_opportunity"": false, ""cue_opportunity_index"": null, ""cue_randomization_block_index"": null, ""digit"": 1, ""flip_lsl_timestamp"": 1399322.0086392, ""flip_monotonic"": 1399321.812, ""lsl_timestamp"": 1399322.0086392, ""phase"": ""query"", ""practice"": false, ""response_window_close_overshoot_seconds"": 0.008999999845400453, ""scheduled_on_flip"": true, ""scheduled_response_window_close_lsl"": 1399321.9992379001, ""scheduled_response_window_close_monotonic"": 1399321.803, ""schema_version"": 1, ""sequence_id"": ""237942804d5e24dc51a11ff9281243bab0f3fb0afd493a5da2f3cce232c141d1"", ""study_segment"": ""session1_main""}"
14,dynamic_sart_stimulus_onset__v=1__trial=14__condition=go__digit=5__block=2__phase=query__segment=session1_main__practice=0,EVENT,1399321.812,,"{""block"": 2, ""condition"": ""go"", ""cue_assignment"": null, ""cue_opportunity"": false, ""cue_opportunity_index"": null, ""cue_randomization_block_index"": null, ""digit"": 5, ""expected_visual_onset_lsl_timestamp"": 1399322.0086817, ""expected_visual_onset_monotonic"": 1399321.812, ""expected_visual_onset_uncertainty_ms"": 4.148969997186214, ""fixed_display_latency_ms"": 0.0, ""flip_lsl_timestamp"": 1399322.0086817, ""flip_monotonic"": 1399321.812, ""lsl_timestamp"": 1399322.0086817, ""marker_emit_attempted"": true, ""marker_stream_name"": ""EEGleMarkers"", ""marker_stream_source_id"": ""eegle-markers-dynamic_sart-run-20260820T161425-cd265ce895a2"", ""marker_stream_type"": ""Markers"", ""phase"": ""query"", ""photodiode_verification_enabled"": false, ""practice"": false, ""scheduled_on_flip"": true, ""schema_version"": 1, ""sequence_id"": ""237942804d5e24dc51a11ff9281243bab0f3fb0afd493a5da2f3cce232c141d1"", ""study_segment"": ""session1_main"", ""task"": ""dynamic_sart"", ""timing_model"": ""psychopy_callOnFlip_plus_fixed_display_latency""}"
13,dynamic_sart_trial_complete__v=1__trial=13__condition=go__digit=1__block=2__phase=query__segment=session1_main__practice=0,EVENT,1399321.812,,"{""block"": 2, ""condition"": ""go"", ""correct"": true, ""cue_assignment"": null, ""cue_opportunity"": false, ""cue_opportunity_index"": null, ""cue_randomization_block_index"": null, ""digit"": 1, ""lsl_timestamp"": 1399322.0086392, ""marker_emit_attempted"": true, ""marker_stream_name"": ""EEGleMarkers"", ""marker_stream_source_id"": ""eegle-markers-dynamic_sart-run-20260820T161425-cd265ce895a2"", ""marker_stream_type"": ""Markers"", ""phase"": ""query"", ""practice"": false, ""primary_outcome"": ""correct_go"", ""reaction_time_seconds"": 0.23928830004297197, ""schema_version"": 1, ""sequence_id"": ""237942804d5e24dc51a11ff9281243bab0f3fb0afd493a5da2f3cce232c141d1"", ""study_segment"": ""session1_main"", ""task"": ""dynamic_sart""}"
14,dynamic_sart_stimulus_offset__v=1__trial=14__condition=go__digit=5__block=2__phase=query__segment=session1_main__practice=0,EVENT,1399322.062,,"{""block"": 2, ""condition"": ""go"", ""cue_assignment"": null, ""cue_opportunity"": false, ""cue_opportunity_index"": null, ""cue_randomization_block_index"": null, ""digit"": 5, ""expected_visual_onset_lsl_timestamp"": 1399322.2565609, ""expected_visual_onset_monotonic"": 1399322.062, ""expected_visual_onset_uncertainty_ms"": 4.148969997186214, ""fixed_display_latency_ms"": 0.0, ""flip_lsl_timestamp"": 1399322.2565609, ""flip_monotonic"": 1399322.062, ""lsl_timestamp"": 1399322.2565609, ""marker_emit_attempted"": true, ""marker_stream_name"": ""EEGleMarkers"", ""marker_stream_source_id"": ""eegle-markers-dynamic_sart-run-20260820T161425-cd265ce895a2"", ""marker_stream_type"": ""Markers"", ""phase"": ""query"", ""photodiode_verification_enabled"": false, ""practice"": false, ""scheduled_on_flip"": true, ""schema_version"": 1, ""sequence_id"": ""237942804d5e24dc51a11ff9281243bab0f3fb0afd493a5da2f3cce232c141d1"", ""study_segment"": ""session1_main"", ""task"": ""dynamic_sart"", ""timing_model"": ""psychopy_callOnFlip_plus_fixed_display_latency""}"
14,dynamic_sart_key_event,EVENT,1399322.148206,space,"{""assigned_block"": 2, ""assigned_phase"": ""query"", ""event_id"": ""key-00000072"", ""hardware_timestamped"": true, ""is_escape_key"": false, ""is_late"": false, ""is_premature"": false, ""is_response_key"": true, ""keyboard_backend"": ""psychopy.hardware.keyboard.Keyboard"", ""keyboard_time"": 155.33620980009437, ""schema"": ""eegle.dynamic_sart.key_event.v1"", ""task_state"": ""RESPONSE_WINDOW_MASK"", ""timestamp_lsl_if_available"": 1399322.3370251001}"
14,dynamic_sart_key_event,EVENT,1399322.4055379,space,"{""assigned_block"": 2, ""assigned_phase"": ""query"", ""event_id"": ""key-00000073"", ""hardware_timestamped"": true, ""is_escape_key"": false, ""is_late"": false, ""is_premature"": false, ""is_response_key"": true, ""keyboard_backend"": ""psychopy.hardware.keyboard.Keyboard"", ""keyboard_time"": 155.59354170016013, ""schema"": ""eegle.dynamic_sart.key_event.v1"", ""task_state"": ""RESPONSE_WINDOW_MASK"", ""timestamp_lsl_if_available"": 1399322.5943570002}"
14,dynamic_sart_response_window_close__v=1__trial=14__condition=go__digit=5__block=2__phase=query__segment=session1_main__practice=0,EVENT,1399323.406,,"{""block"": 2, ""condition"": ""go"", ""cue_assignment"": null, ""cue_opportunity"": false, ""cue_opportunity_index"": null, ""cue_randomization_block_index"": null, ""digit"": 5, ""flip_lsl_timestamp"": 1399323.5984968, ""flip_monotonic"": 1399323.406, ""lsl_timestamp"": 1399323.5984968, ""phase"": ""query"", ""practice"": false, ""response_window_close_overshoot_seconds"": 0.0, ""scheduled_on_flip"": true, ""scheduled_response_window_close_lsl"": 1399323.6086817002, ""scheduled_response_window_close_monotonic"": 1399323.412, ""schema_version"": 1, ""sequence_id"": ""237942804d5e24dc51a11ff9281243bab0f3fb0afd493a5da2f3cce232c141d1"", ""study_segment"": ""session1_main""}"
15,dynamic_sart_stimulus_onset__v=1__trial=15__condition=no_go__digit=3__block=2__phase=query__segment=session1_main__practice=0,EVENT,1399323.406,,"{""block"": 2, ""condition"": ""no_go"", ""cue_assignment"": null, ""cue_opportunity"": false, ""cue_opportunity_index"": null, ""cue_randomization_block_index"": null, ""digit"": 3, ""expected_visual_onset_lsl_timestamp"": 1399323.5985403, ""expected_visual_onset_monotonic"": 1399323.406, ""expected_visual_onset_uncertainty_ms"": 4.148969997186214, ""fixed_display_latency_ms"": 0.0, ""flip_lsl_timestamp"": 1399323.5985403, ""flip_monotonic"": 1399323.406, ""lsl_timestamp"": 1399323.5985403, ""marker_emit_attempted"": true, ""marker_stream_name"": ""EEGleMarkers"", ""marker_stream_source_id"": ""eegle-markers-dynamic_sart-run-20260820T161425-cd265ce895a2"", ""marker_stream_type"": ""Markers"", ""phase"": ""query"", ""photodiode_verification_enabled"": false, ""practice"": false, ""scheduled_on_flip"": true, ""schema_version"": 1, ""sequence_id"": ""237942804d5e24dc51a11ff9281243bab0f3fb0afd493a5da2f3cce232c141d1"", ""study_segment"": ""session1_main"", ""task"": ""dynamic_sart"", ""timing_model"": ""psychopy_callOnFlip_plus_fixed_display_latency""}"
14,dynamic_sart_trial_complete__v=1__trial=14__condition=go__digit=5__block=2__phase=query__segment=session1_main__practice=0,EVENT,1399323.406,,"{""block"": 2, ""condition"": ""go"", ""correct"": true, ""cue_assignment"": null, ""cue_opportunity"": false, ""cue_opportunity_index"": null, ""cue_randomization_block_index"": null, ""digit"": 5, ""lsl_timestamp"": 1399323.5984968, ""marker_emit_attempted"": true, ""marker_stream_name"": ""EEGleMarkers"", ""marker_stream_source_id"": ""eegle-markers-dynamic_sart-run-20260820T161425-cd265ce895a2"", ""marker_stream_type"": ""Markers"", ""phase"": ""query"", ""practice"": false, ""primary_outcome"": ""correct_go"", ""reaction_time_seconds"": 0.336206000065431, ""schema_version"": 1, ""sequence_id"": ""237942804d5e24dc51a11ff9281243bab0f3fb0afd493a5da2f3cce232c141d1"", ""study_segment"": ""session1_main"", ""task"": ""dynamic_sart""}"
15,dynamic_sart_stimulus_offset__v=1__trial=15__condition=no_go__digit=3__block=2__phase=query__segment=session1_main__practice=0,EVENT,1399323.656,,"{""block"": 2, ""condition"": ""no_go"", ""cue_assignment"": null, ""cue_opportunity"": false, ""cue_opportunity_index"": null, ""cue_randomization_block_index"": null, ""digit"": 3, ""expected_visual_onset_lsl_timestamp"": 1399323.8482576, ""expected_visual_onset_monotonic"": 1399323.656, ""expected_visual_onset_uncertainty_ms"": 4.148969997186214, ""fixed_display_latency_ms"": 0.0, ""flip_lsl_timestamp"": 1399323.8482576, ""flip_monotonic"": 1399323.656, ""lsl_timestamp"": 1399323.8482576, ""marker_emit_attempted"": true, ""marker_stream_name"": ""EEGleMarkers"", ""marker_stream_source_id"": ""eegle-markers-dynamic_sart-run-20260820T161425-cd265ce895a2"", ""marker_stream_type"": ""Markers"", ""phase"": ""query"", ""photodiode_verification_enabled"": false, ""practice"": false, ""scheduled_on_flip"": true, ""schema_version"": 1, ""sequence_id"": ""237942804d5e24dc51a11ff9281243bab0f3fb0afd493a5da2f3cce232c141d1"", ""study_segment"": ""session1_main"", ""task"": ""dynamic_sart"", ""timing_model"": ""psychopy_callOnFlip_plus_fixed_display_latency""}"
15,dynamic_sart_response_window_close__v=1__trial=15__condition=no_go__digit=3__block=2__phase=query__segment=session1_main__practice=0,EVENT,1399325.0,,"{""block"": 2, ""condition"": ""no_go"", ""cue_assignment"": null, ""cue_opportunity"": false, ""cue_opportunity_index"": null, ""cue_randomization_block_index"": null, ""digit"": 3, ""flip_lsl_timestamp"": 1399325.1897156, ""flip_monotonic"": 1399325.0, ""lsl_timestamp"": 1399325.1897156, ""phase"": ""query"", ""practice"": false, ""response_window_close_overshoot_seconds"": 0.0, ""scheduled_on_flip"": true, ""scheduled_response_window_close_lsl"": 1399325.1985403001, ""scheduled_response_window_close_monotonic"": 1399325.006, ""schema_version"": 1, ""sequence_id"": ""237942804d5e24dc51a11ff9281243bab0f3fb0afd493a5da2f3cce232c141d1"", ""study_segment"": ""session1_main""}"
16,dynamic_sart_stimulus_onset__v=1__trial=16__condition=go__digit=9__block=2__phase=query__segment=session1_main__practice=0,EVENT,1399325.0,,"{""block"": 2, ""condition"": ""go"", ""cue_assignment"": null, ""cue_opportunity"": false, ""cue_opportunity_index"": null, ""cue_randomization_block_index"": null, ""digit"": 9, ""expected_visual_onset_lsl_timestamp"": 1399325.1897549, ""expected_visual_onset_monotonic"": 1399325.0, ""expected_visual_onset_uncertainty_ms"": 4.148969997186214, ""fixed_display_latency_ms"": 0.0, ""flip_lsl_timestamp"": 1399325.1897549, ""flip_monotonic"": 1399325.0, ""lsl_timestamp"": 1399325.1897549, ""marker_emit_attempted"": true, ""marker_stream_name"": ""EEGleMarkers"", ""marker_stream_source_id"": ""eegle-markers-dynamic_sart-run-20260820T161425-cd265ce895a2"", ""marker_stream_type"": ""Markers"", ""phase"": ""query"", ""photodiode_verification_enabled"": false, ""practice"": false, ""scheduled_on_flip"": true, ""schema_version"": 1, ""sequence_id"": ""237942804d5e24dc51a11ff9281243bab0f3fb0afd493a5da2f3cce232c141d1"", ""study_segment"": ""session1_main"", ""task"": ""dynamic_sart"", ""timing_model"": ""psychopy_callOnFlip_plus_fixed_display_latency""}"
15,dynamic_sart_trial_complete__v=1__trial=15__condition=no_go__digit=3__block=2__phase=query__segment=session1_main__practice=0,EVENT,1399325.0,,"{""block"": 2, ""condition"": ""no_go"", ""correct"": true, ""cue_assignment"": null, ""cue_opportunity"": false, ""cue_opportunity_index"": null, ""cue_randomization_block_index"": null, ""digit"": 3, ""lsl_timestamp"": 1399325.1897156, ""marker_emit_attempted"": true, ""marker_stream_name"": ""EEGleMarkers"", ""marker_stream_source_id"": ""eegle-markers-dynamic_sart-run-20260820T161425-cd265ce895a2"", ""marker_stream_type"": ""Markers"", ""phase"": ""query"", ""practice"": false, ""primary_outcome"": ""correct_no_go"", ""reaction_time_seconds"": null, ""schema_version"": 1, ""sequence_id"": ""237942804d5e24dc51a11ff9281243bab0f3fb0afd493a5da2f3cce232c141d1"", ""study_segment"": ""session1_main"", ""task"": ""dynamic_sart""}"
16,dynamic_sart_key_event,EVENT,1399325.2277365,space,"{""assigned_block"": 2, ""assigned_phase"": ""query"", ""event_id"": ""key-00000074"", ""hardware_timestamped"": true, ""is_escape_key"": false, ""is_late"": false, ""is_premature"": false, ""is_response_key"": true, ""keyboard_backend"": ""psychopy.hardware.keyboard.Keyboard"", ""keyboard_time"": 158.41574030020274, ""schema"": ""eegle.dynamic_sart.key_event.v1"", ""task_state"": ""STIMULUS_VISIBLE"", ""timestamp_lsl_if_available"": 1399325.4165556002}"
16,dynamic_sart_stimulus_offset__v=1__trial=16__condition=go__digit=9__block=2__phase=query__segment=session1_main__practice=0,EVENT,1399325.25,,"{""block"": 2, ""condition"": ""go"", ""cue_assignment"": null, ""cue_opportunity"": false, ""cue_opportunity_index"": null, ""cue_randomization_block_index"": null, ""digit"": 9, ""expected_visual_onset_lsl_timestamp"": 1399325.4415061, ""expected_visual_onset_monotonic"": 1399325.25, ""expected_visual_onset_uncertainty_ms"": 4.148969997186214, ""fixed_display_latency_ms"": 0.0, ""flip_lsl_timestamp"": 1399325.4415061, ""flip_monotonic"": 1399325.25, ""lsl_timestamp"": 1399325.4415061, ""marker_emit_attempted"": true, ""marker_stream_name"": ""EEGleMarkers"", ""marker_stream_source_id"": ""eegle-markers-dynamic_sart-run-20260820T161425-cd265ce895a2"", ""marker_stream_type"": ""Markers"", ""phase"": ""query"", ""photodiode_verification_enabled"": false, ""practice"": false, ""scheduled_on_flip"": true, ""schema_version"": 1, ""sequence_id"": ""237942804d5e24dc51a11ff9281243bab0f3fb0afd493a5da2f3cce232c141d1"", ""study_segment"": ""session1_main"", ""task"": ""dynamic_sart"", ""timing_model"": ""psychopy_callOnFlip_plus_fixed_display_latency""}"
16,dynamic_sart_response_window_close__v=1__trial=16__condition=go__digit=9__block=2__phase=query__segment=session1_main__practice=0,EVENT,1399326.609,,"{""block"": 2, ""condition"": ""go"", ""cue_assignment"": null, ""cue_opportunity"": false, ""cue_opportunity_index"": null, ""cue_randomization_block_index"": null, ""digit"": 9, ""flip_lsl_timestamp"": 1399326.7991147, ""flip_monotonic"": 1399326.609, ""lsl_timestamp"": 1399326.7991147, ""phase"": ""query"", ""practice"": false, ""response_window_close_overshoot_seconds"": 0.008999999845400453, ""scheduled_on_flip"": true, ""scheduled_response_window_close_lsl"": 1399326.7897549002, ""scheduled_response_window_close_monotonic"": 1399326.6, ""schema_version"": 1, ""sequence_id"": ""237942804d5e24dc51a11ff9281243bab0f3fb0afd493a5da2f3cce232c141d1"", ""study_segment"": ""session1_main""}"
17,dynamic_sart_stimulus_onset__v=1__trial=17__condition=go__digit=0__block=2__phase=query__segment=session1_main__practice=0,EVENT,1399326.609,,"{""block"": 2, ""condition"": ""go"", ""cue_assignment"": null, ""cue_opportunity"": false, ""cue_opportunity_index"": null, ""cue_randomization_block_index"": null, ""digit"": 0, ""expected_visual_onset_lsl_timestamp"": 1399326.7991544, ""expected_visual_onset_monotonic"": 1399326.609, ""expected_visual_onset_uncertainty_ms"": 4.148969997186214, ""fixed_display_latency_ms"": 0.0, ""flip_lsl_timestamp"": 1399326.7991544, ""flip_monotonic"": 1399326.609, ""lsl_timestamp"": 1399326.7991544, ""marker_emit_attempted"": true, ""marker_stream_name"": ""EEGleMarkers"", ""marker_stream_source_id"": ""eegle-markers-dynamic_sart-run-20260820T161425-cd265ce895a2"", ""marker_stream_type"": ""Markers"", ""phase"": ""query"", ""photodiode_verification_enabled"": false, ""practice"": false, ""scheduled_on_flip"": true, ""schema_version"": 1, ""sequence_id"": ""237942804d5e24dc51a11ff9281243bab0f3fb0afd493a5da2f3cce232c141d1"", ""study_segment"": ""session1_main"", ""task"": ""dynamic_sart"", ""timing_model"": ""psychopy_callOnFlip_plus_fixed_display_latency""}"
16,dynamic_sart_trial_complete__v=1__trial=16__condition=go__digit=9__block=2__phase=query__segment=session1_main__practice=0,EVENT,1399326.609,,"{""block"": 2, ""condition"": ""go"", ""correct"": true, ""cue_assignment"": null, ""cue_opportunity"": false, ""cue_opportunity_index"": null, ""cue_randomization_block_index"": null, ""digit"": 9, ""lsl_timestamp"": 1399326.7991147, ""marker_emit_attempted"": true, ""marker_stream_name"": ""EEGleMarkers"", ""marker_stream_source_id"": ""eegle-markers-dynamic_sart-run-20260820T161425-cd265ce895a2"", ""marker_stream_type"": ""Markers"", ""phase"": ""query"", ""practice"": false, ""primary_outcome"": ""correct_go"", ""reaction_time_seconds"": 0.22773650009185076, ""schema_version"": 1, ""sequence_id"": ""237942804d5e24dc51a11ff9281243bab0f3fb0afd493a5da2f3cce232c141d1"", ""study_segment"": ""session1_main"", ""task"": ""dynamic_sart""}"
17,dynamic_sart_stimulus_offset__v=1__trial=17__condition=go__digit=0__block=2__phase=query__segment=session1_main__practice=0,EVENT,1399326.859,,"{""block"": 2, ""condition"": ""go"", ""cue_assignment"": null, ""cue_opportunity"": false, ""cue_opportunity_index"": null, ""cue_randomization_block_index"": null, ""digit"": 0, ""expected_visual_onset_lsl_timestamp"": 1399327.0562826, ""expected_visual_onset_monotonic"": 1399326.859, ""expected_visual_onset_uncertainty_ms"": 4.148969997186214, ""fixed_display_latency_ms"": 0.0, ""flip_lsl_timestamp"": 1399327.0562826, ""flip_monotonic"": 1399326.859, ""lsl_timestamp"": 1399327.0562826, ""marker_emit_attempted"": true, ""marker_stream_name"": ""EEGleMarkers"", ""marker_stream_source_id"": ""eegle-markers-dynamic_sart-run-20260820T161425-cd265ce895a2"", ""marker_stream_type"": ""Markers"", ""phase"": ""query"", ""photodiode_verification_enabled"": false, ""practice"": false, ""scheduled_on_flip"": true, ""schema_version"": 1, ""sequence_id"": ""237942804d5e24dc51a11ff9281243bab0f3fb0afd493a5da2f3cce232c141d1"", ""study_segment"": ""session1_main"", ""task"": ""dynamic_sart"", ""timing_model"": ""psychopy_callOnFlip_plus_fixed_display_latency""}"
17,dynamic_sart_key_event,EVENT,1399326.8601616,space,"{""assigned_block"": 2, ""assigned_phase"": ""query"", ""event_id"": ""key-00000075"", ""hardware_timestamped"": true, ""is_escape_key"": false, ""is_late"": false, ""is_premature"": false, ""is_response_key"": true, ""keyboard_backend"": ""psychopy.hardware.keyboard.Keyboard"", ""keyboard_time"": 160.04816540004686, ""schema"": ""eegle.dynamic_sart.key_event.v1"", ""task_state"": ""RESPONSE_WINDOW_MASK"", ""timestamp_lsl_if_available"": 1399327.0489807}"
17,dynamic_sart_response_window_close__v=1__trial=17__condition=go__digit=0__block=2__phase=query__segment=session1_main__practice=0,EVENT,1399328.203,,"{""block"": 2, ""condition"": ""go"", ""cue_assignment"": null, ""cue_opportunity"": false, ""cue_opportunity_index"": null, ""cue_randomization_block_index"": null, ""digit"": 0, ""flip_lsl_timestamp"": 1399328.3990448, ""flip_monotonic"": 1399328.203, ""lsl_timestamp"": 1399328.3990448, ""phase"": ""query"", ""practice"": false, ""response_window_close_overshoot_seconds"": 0.0, ""scheduled_on_flip"": true, ""scheduled_response_window_close_lsl"": 1399328.3991544, ""scheduled_response_window_close_monotonic"": 1399328.209, ""schema_version"": 1, ""sequence_id"": ""237942804d5e24dc51a11ff9281243bab0f3fb0afd493a5da2f3cce232c141d1"", ""study_segment"": ""session1_main""}"
18,dynamic_sart_stimulus_onset__v=1__trial=18__condition=go__digit=6__block=2__phase=query__segment=session1_main__practice=0,EVENT,1399328.203,,"{""block"": 2, ""condition"": ""go"", ""cue_assignment"": null, ""cue_opportunity"": false, ""cue_opportunity_index"": null, ""cue_randomization_block_index"": null, ""digit"": 6, ""expected_visual_onset_lsl_timestamp"": 1399328.3990881, ""expected_visual_onset_monotonic"": 1399328.203, ""expected_visual_onset_uncertainty_ms"": 4.148969997186214, ""fixed_display_latency_ms"": 0.0, ""flip_lsl_timestamp"": 1399328.3990881, ""flip_monotonic"": 1399328.203, ""lsl_timestamp"": 1399328.3990881, ""marker_emit_attempted"": true, ""marker_stream_name"": ""EEGleMarkers"", ""marker_stream_source_id"": ""eegle-markers-dynamic_sart-run-20260820T161425-cd265ce895a2"", ""marker_stream_type"": ""Markers"", ""phase"": ""query"", ""photodiode_verification_enabled"": false, ""practice"": false, ""scheduled_on_flip"": true, ""schema_version"": 1, ""sequence_id"": ""237942804d5e24dc51a11ff9281243bab0f3fb0afd493a5da2f3cce232c141d1"", ""study_segment"": ""session1_main"", ""task"": ""dynamic_sart"", ""timing_model"": ""psychopy_callOnFlip_plus_fixed_display_latency""}"
17,dynamic_sart_trial_complete__v=1__trial=17__condition=go__digit=0__block=2__phase=query__segment=session1_main__practice=0,EVENT,1399328.203,,"{""block"": 2, ""condition"": ""go"", ""correct"": true, ""cue_assignment"": null, ""cue_opportunity"": false, ""cue_opportunity_index"": null, ""cue_randomization_block_index"": null, ""digit"": 0, ""lsl_timestamp"": 1399328.3990448, ""marker_emit_attempted"": true, ""marker_stream_name"": ""EEGleMarkers"", ""marker_stream_source_id"": ""eegle-markers-dynamic_sart-run-20260820T161425-cd265ce895a2"", ""marker_stream_type"": ""Markers"", ""phase"": ""query"", ""practice"": false, ""primary_outcome"": ""correct_go"", ""reaction_time_seconds"": 0.25116159999743104, ""schema_version"": 1, ""sequence_id"": ""237942804d5e24dc51a11ff9281243bab0f3fb0afd493a5da2f3cce232c141d1"", ""study_segment"": ""session1_main"", ""task"": ""dynamic_sart""}"
18,dynamic_sart_stimulus_offset__v=1__trial=18__condition=go__digit=6__block=2__phase=query__segment=session1_main__practice=0,EVENT,1399328.453,,"{""block"": 2, ""condition"": ""go"", ""cue_assignment"": null, ""cue_opportunity"": false, ""cue_opportunity_index"": null, ""cue_randomization_block_index"": null, ""digit"": 6, ""expected_visual_onset_lsl_timestamp"": 1399328.6504756, ""expected_visual_onset_monotonic"": 1399328.453, ""expected_visual_onset_uncertainty_ms"": 4.148969997186214, ""fixed_display_latency_ms"": 0.0, ""flip_lsl_timestamp"": 1399328.6504756, ""flip_monotonic"": 1399328.453, ""lsl_timestamp"": 1399328.6504756, ""marker_emit_attempted"": true, ""marker_stream_name"": ""EEGleMarkers"", ""marker_stream_source_id"": ""eegle-markers-dynamic_sart-run-20260820T161425-cd265ce895a2"", ""marker_stream_type"": ""Markers"", ""phase"": ""query"", ""photodiode_verification_enabled"": false, ""practice"": false, ""scheduled_on_flip"": true, ""schema_version"": 1, ""sequence_id"": ""237942804d5e24dc51a11ff9281243bab0f3fb0afd493a5da2f3cce232c141d1"", ""study_segment"": ""session1_main"", ""task"": ""dynamic_sart"", ""timing_model"": ""psychopy_callOnFlip_plus_fixed_display_latency""}"
18,dynamic_sart_key_event,EVENT,1399328.4654838,space,"{""assigned_block"": 2, ""assigned_phase"": ""query"", ""event_id"": ""key-00000076"", ""hardware_timestamped"": true, ""is_escape_key"": false, ""is_late"": false, ""is_premature"": false, ""is_response_key"": true, ""keyboard_backend"": ""psychopy.hardware.keyboard.Keyboard"", ""keyboard_time"": 161.6534876001533, ""schema"": ""eegle.dynamic_sart.key_event.v1"", ""task_state"": ""RESPONSE_WINDOW_MASK"", ""timestamp_lsl_if_available"": 1399328.6543029002}"
18,dynamic_sart_response_window_close__v=1__trial=18__condition=go__digit=6__block=2__phase=query__segment=session1_main__practice=0,EVENT,1399329.812,,"{""block"": 2, ""condition"": ""go"", ""cue_assignment"": null, ""cue_opportunity"": false, ""cue_opportunity_index"": null, ""cue_randomization_block_index"": null, ""digit"": 6, ""flip_lsl_timestamp"": 1399330.0105255, ""flip_monotonic"": 1399329.812, ""lsl_timestamp"": 1399330.0105255, ""phase"": ""query"", ""practice"": false, ""response_window_close_overshoot_seconds"": 0.008999999845400453, ""scheduled_on_flip"": true, ""scheduled_response_window_close_lsl"": 1399329.9990881002, ""scheduled_response_window_close_monotonic"": 1399329.803, ""schema_version"": 1, ""sequence_id"": ""237942804d5e24dc51a11ff9281243bab0f3fb0afd493a5da2f3cce232c141d1"", ""study_segment"": ""session1_main""}"
19,dynamic_sart_stimulus_onset__v=1__trial=19__condition=go__digit=8__block=2__phase=query__segment=session1_main__practice=0,EVENT,1399329.812,,"{""block"": 2, ""condition"": ""go"", ""cue_assignment"": null, ""cue_opportunity"": false, ""cue_opportunity_index"": null, ""cue_randomization_block_index"": null, ""digit"": 8, ""expected_visual_onset_lsl_timestamp"": 1399330.010567, ""expected_visual_onset_monotonic"": 1399329.812, ""expected_visual_onset_uncertainty_ms"": 4.148969997186214, ""fixed_display_latency_ms"": 0.0, ""flip_lsl_timestamp"": 1399330.010567, ""flip_monotonic"": 1399329.812, ""lsl_timestamp"": 1399330.010567, ""marker_emit_attempted"": true, ""marker_stream_name"": ""EEGleMarkers"", ""marker_stream_source_id"": ""eegle-markers-dynamic_sart-run-20260820T161425-cd265ce895a2"", ""marker_stream_type"": ""Markers"", ""phase"": ""query"", ""photodiode_verification_enabled"": false, ""practice"": false, ""scheduled_on_flip"": true, ""schema_version"": 1, ""sequence_id"": ""237942804d5e24dc51a11ff9281243bab0f3fb0afd493a5da2f3cce232c141d1"", ""study_segment"": ""session1_main"", ""task"": ""dynamic_sart"", ""timing_model"": ""psychopy_callOnFlip_plus_fixed_display_latency""}"
18,dynamic_sart_trial_complete__v=1__trial=18__condition=go__digit=6__block=2__phase=query__segment=session1_main__practice=0,EVENT,1399329.812,,"{""block"": 2, ""condition"": ""go"", ""correct"": true, ""cue_assignment"": null, ""cue_opportunity"": false, ""cue_opportunity_index"": null, ""cue_randomization_block_index"": null, ""digit"": 6, ""lsl_timestamp"": 1399330.0105255, ""marker_emit_attempted"": true, ""marker_stream_name"": ""EEGleMarkers"", ""marker_stream_source_id"": ""eegle-markers-dynamic_sart-run-20260820T161425-cd265ce895a2"", ""marker_stream_type"": ""Markers"", ""phase"": ""query"", ""practice"": false, ""primary_outcome"": ""correct_go"", ""reaction_time_seconds"": 0.2624838000629097, ""schema_version"": 1, ""sequence_id"": ""237942804d5e24dc51a11ff9281243bab0f3fb0afd493a5da2f3cce232c141d1"", ""study_segment"": ""session1_main"", ""task"": ""dynamic_sart""}"
19,dynamic_sart_stimulus_offset__v=1__trial=19__condition=go__digit=8__block=2__phase=query__segment=session1_main__practice=0,EVENT,1399330.062,,"{""block"": 2, ""condition"": ""go"", ""cue_assignment"": null, ""cue_opportunity"": false, ""cue_opportunity_index"": null, ""cue_randomization_block_index"": null, ""digit"": 8, ""expected_visual_onset_lsl_timestamp"": 1399330.2614565, ""expected_visual_onset_monotonic"": 1399330.062, ""expected_visual_onset_uncertainty_ms"": 4.148969997186214, ""fixed_display_latency_ms"": 0.0, ""flip_lsl_timestamp"": 1399330.2614565, ""flip_monotonic"": 1399330.062, ""lsl_timestamp"": 1399330.2614565, ""marker_emit_attempted"": true, ""marker_stream_name"": ""EEGleMarkers"", ""marker_stream_source_id"": ""eegle-markers-dynamic_sart-run-20260820T161425-cd265ce895a2"", ""marker_stream_type"": ""Markers"", ""phase"": ""query"", ""photodiode_verification_enabled"": false, ""practice"": false, ""scheduled_on_flip"": true, ""schema_version"": 1, ""sequence_id"": ""237942804d5e24dc51a11ff9281243bab0f3fb0afd493a5da2f3cce232c141d1"", ""study_segment"": ""session1_main"", ""task"": ""dynamic_sart"", ""timing_model"": ""psychopy_callOnFlip_plus_fixed_display_latency""}"
19,dynamic_sart_key_event,EVENT,1399330.1060325,space,"{""assigned_block"": 2, ""assigned_phase"": ""query"", ""event_id"": ""key-00000077"", ""hardware_timestamped"": true, ""is_escape_key"": false, ""is_late"": false, ""is_premature"": false, ""is_response_key"": true, ""keyboard_backend"": ""psychopy.hardware.keyboard.Keyboard"", ""keyboard_time"": 163.2940363001544, ""schema"": ""eegle.dynamic_sart.key_event.v1"", ""task_state"": ""RESPONSE_WINDOW_MASK"", ""timestamp_lsl_if_available"": 1399330.2948516002}"
19,dynamic_sart_response_window_close__v=1__trial=19__condition=go__digit=8__block=2__phase=query__segment=session1_main__practice=0,EVENT,1399331.406,,"{""block"": 2, ""condition"": ""go"", ""cue_assignment"": null, ""cue_opportunity"": false, ""cue_opportunity_index"": null, ""cue_randomization_block_index"": null, ""digit"": 8, ""flip_lsl_timestamp"": 1399331.5978106, ""flip_monotonic"": 1399331.406, ""lsl_timestamp"": 1399331.5978106, ""phase"": ""query"", ""practice"": false, ""response_window_close_overshoot_seconds"": 0.0, ""scheduled_on_flip"": true, ""scheduled_response_window_close_lsl"": 1399331.610567, ""scheduled_response_window_close_monotonic"": 1399331.412, ""schema_version"": 1, ""sequence_id"": ""237942804d5e24dc51a11ff9281243bab0f3fb0afd493a5da2f3cce232c141d1"", ""study_segment"": ""session1_main""}"
20,dynamic_sart_stimulus_onset__v=1__trial=20__condition=go__digit=7__block=2__phase=query__segment=session1_main__practice=0,EVENT,1399331.406,,"{""block"": 2, ""condition"": ""go"", ""cue_assignment"": null, ""cue_opportunity"": false, ""cue_opportunity_index"": null, ""cue_randomization_block_index"": null, ""digit"": 7, ""expected_visual_onset_lsl_timestamp"": 1399331.5978503, ""expected_visual_onset_monotonic"": 1399331.406, ""expected_visual_onset_uncertainty_ms"": 4.148969997186214, ""fixed_display_latency_ms"": 0.0, ""flip_lsl_timestamp"": 1399331.5978503, ""flip_monotonic"": 1399331.406, ""lsl_timestamp"": 1399331.5978503, ""marker_emit_attempted"": true, ""marker_stream_name"": ""EEGleMarkers"", ""marker_stream_source_id"": ""eegle-markers-dynamic_sart-run-20260820T161425-cd265ce895a2"", ""marker_stream_type"": ""Markers"", ""phase"": ""query"", ""photodiode_verification_enabled"": false, ""practice"": false, ""scheduled_on_flip"": true, ""schema_version"": 1, ""sequence_id"": ""237942804d5e24dc51a11ff9281243bab0f3fb0afd493a5da2f3cce232c141d1"", ""study_segment"": ""session1_main"", ""task"": ""dynamic_sart"", ""timing_model"": ""psychopy_callOnFlip_plus_fixed_display_latency""}"
19,dynamic_sart_trial_complete__v=1__trial=19__condition=go__digit=8__block=2__phase=query__segment=session1_main__practice=0,EVENT,1399331.406,,"{""block"": 2, ""condition"": ""go"", ""correct"": true, ""cue_assignment"": null, ""cue_opportunity"": false, ""cue_opportunity_index"": null, ""cue_randomization_block_index"": null, ""digit"": 8, ""lsl_timestamp"": 1399331.5978106, ""marker_emit_attempted"": true, ""marker_stream_name"": ""EEGleMarkers"", ""marker_stream_source_id"": ""eegle-markers-dynamic_sart-run-20260820T161425-cd265ce895a2"", ""marker_stream_type"": ""Markers"", ""phase"": ""query"", ""practice"": false, ""primary_outcome"": ""correct_go"", ""reaction_time_seconds"": 0.2940325001254678, ""schema_version"": 1, ""sequence_id"": ""237942804d5e24dc51a11ff9281243bab0f3fb0afd493a5da2f3cce232c141d1"", ""study_segment"": ""session1_main"", ""task"": ""dynamic_sart""}"
20,dynamic_sart_key_event,EVENT,1399331.6372041,space,"{""assigned_block"": 2, ""assigned_phase"": ""query"", ""event_id"": ""key-00000078"", ""hardware_timestamped"": true, ""is_escape_key"": false, ""is_late"": false, ""is_premature"": false, ""is_response_key"": true, ""keyboard_backend"": ""psychopy.hardware.keyboard.Keyboard"", ""keyboard_time"": 164.8252079000231, ""schema"": ""eegle.dynamic_sart.key_event.v1"", ""task_state"": ""STIMULUS_VISIBLE"", ""timestamp_lsl_if_available"": 1399331.8260232}"
20,dynamic_sart_stimulus_offset__v=1__trial=20__condition=go__digit=7__block=2__phase=query__segment=session1_main__practice=0,EVENT,1399331.656,,"{""block"": 2, ""condition"": ""go"", ""cue_assignment"": null, ""cue_opportunity"": false, ""cue_opportunity_index"": null, ""cue_randomization_block_index"": null, ""digit"": 7, ""expected_visual_onset_lsl_timestamp"": 1399331.8509968, ""expected_visual_onset_monotonic"": 1399331.656, ""expected_visual_onset_uncertainty_ms"": 4.148969997186214, ""fixed_display_latency_ms"": 0.0, ""flip_lsl_timestamp"": 1399331.8509968, ""flip_monotonic"": 1399331.656, ""lsl_timestamp"": 1399331.8509968, ""marker_emit_attempted"": true, ""marker_stream_name"": ""EEGleMarkers"", ""marker_stream_source_id"": ""eegle-markers-dynamic_sart-run-20260820T161425-cd265ce895a2"", ""marker_stream_type"": ""Markers"", ""phase"": ""query"", ""photodiode_verification_enabled"": false, ""practice"": false, ""scheduled_on_flip"": true, ""schema_version"": 1, ""sequence_id"": ""237942804d5e24dc51a11ff9281243bab0f3fb0afd493a5da2f3cce232c141d1"", ""study_segment"": ""session1_main"", ""task"": ""dynamic_sart"", ""timing_model"": ""psychopy_callOnFlip_plus_fixed_display_latency""}"
20,dynamic_sart_response_window_close__v=1__trial=20__condition=go__digit=7__block=2__phase=query__segment=session1_main__practice=0,EVENT,1399333.0,,"{""block"": 2, ""condition"": ""go"", ""cue_assignment"": null, ""cue_opportunity"": false, ""cue_opportunity_index"": null, ""cue_randomization_block_index"": null, ""digit"": 7, ""flip_lsl_timestamp"": 1399333.1897442, ""flip_monotonic"": 1399333.0, ""lsl_timestamp"": 1399333.1897442, ""phase"": ""query"", ""practice"": false, ""response_window_close_overshoot_seconds"": 0.0, ""scheduled_on_flip"": true, ""scheduled_response_window_close_lsl"": 1399333.1978503, ""scheduled_response_window_close_monotonic"": 1399333.006, ""schema_version"": 1, ""sequence_id"": ""237942804d5e24dc51a11ff9281243bab0f3fb0afd493a5da2f3cce232c141d1"", ""study_segment"": ""session1_main""}"
20,dynamic_sart_trial_complete__v=1__trial=20__condition=go__digit=7__block=2__phase=query__segment=session1_main__practice=0,EVENT,1399333.0,,"{""block"": 2, ""condition"": ""go"", ""correct"": true, ""cue_assignment"": null, ""cue_opportunity"": false, ""cue_opportunity_index"": null, ""cue_randomization_block_index"": null, ""digit"": 7, ""lsl_timestamp"": 1399333.1897442, ""marker_emit_attempted"": true, ""marker_stream_name"": ""EEGleMarkers"", ""marker_stream_source_id"": ""eegle-markers-dynamic_sart-run-20260820T161425-cd265ce895a2"", ""marker_stream_type"": ""Markers"", ""phase"": ""query"", ""practice"": false, ""primary_outcome"": ""correct_go"", ""reaction_time_seconds"": 0.2312040999531746, ""schema_version"": 1, ""sequence_id"": ""237942804d5e24dc51a11ff9281243bab0f3fb0afd493a5da2f3cce232c141d1"", ""study_segment"": ""session1_main"", ""task"": ""dynamic_sart""}"
,dynamic_sart_block_end__block=2__phase=query,SYSTEM,1399333.0,,"{""block_index"": 2, ""completed_trials"": 10, ""lsl_timestamp"": 1399333.200513, ""marker_emit_attempted"": true, ""marker_stream_name"": ""EEGleMarkers"", ""marker_stream_source_id"": ""eegle-markers-dynamic_sart-run-20260820T161425-cd265ce895a2"", ""marker_stream_type"": ""Markers"", ""phase"": ""query"", ""task"": ""dynamic_sart""}"
,dynamic_sart_break_start__block=2,SYSTEM,1399333.046,,"{""lsl_timestamp"": 1399333.2376109, ""marker_emit_attempted"": true, ""marker_stream_name"": ""EEGleMarkers"", ""marker_stream_source_id"": ""eegle-markers-dynamic_sart-run-20260820T161425-cd265ce895a2"", ""marker_stream_type"": ""Markers"", ""maximum_break_seconds"": 0.0, ""minimum_break_seconds"": 0.0, ""task"": ""dynamic_sart""}"
,dynamic_sart_break_end__block=2,SYSTEM,1399333.062,,"{""actual_break_seconds"": 0.015999999828636646, ""break_end_reason"": ""maximum_elapsed"", ""ended_at_monotonic"": 1399333.062, ""ignored_early_continue_presses"": 0, ""lsl_timestamp"": 1399333.2583994, ""marker_emit_attempted"": true, ""marker_stream_name"": ""EEGleMarkers"", ""marker_stream_source_id"": ""eegle-markers-dynamic_sart-run-20260820T161425-cd265ce895a2"", ""marker_stream_type"": ""Markers"", ""maximum_break_seconds"": 0.0, ""minimum_break_seconds"": 0.0, ""task"": ""dynamic_sart""}"
,dynamic_sart_block_start__block=3__phase=query,SYSTEM,1399333.078,,"{""block_index"": 3, ""lsl_timestamp"": 1399333.2650409, ""marker_emit_attempted"": true, ""marker_stream_name"": ""EEGleMarkers"", ""marker_stream_source_id"": ""eegle-markers-dynamic_sart-run-20260820T161425-cd265ce895a2"", ""marker_stream_type"": ""Markers"", ""phase"": ""query"", ""task"": ""dynamic_sart""}"
21,dynamic_sart_stimulus_onset__v=1__trial=21__condition=go__digit=9__block=3__phase=query__segment=session1_main__practice=0,EVENT,1399333.093,,"{""block"": 3, ""condition"": ""go"", ""cue_assignment"": null, ""cue_opportunity"": false, ""cue_opportunity_index"": null, ""cue_randomization_block_index"": null, ""digit"": 9, ""expected_visual_onset_lsl_timestamp"": 1399333.2935324, ""expected_visual_onset_monotonic"": 1399333.093, ""expected_visual_onset_uncertainty_ms"": 4.148969997186214, ""fixed_display_latency_ms"": 0.0, ""flip_lsl_timestamp"": 1399333.2935324, ""flip_monotonic"": 1399333.093, ""lsl_timestamp"": 1399333.2935324, ""marker_emit_attempted"": true, ""marker_stream_name"": ""EEGleMarkers"", ""marker_stream_source_id"": ""eegle-markers-dynamic_sart-run-20260820T161425-cd265ce895a2"", ""marker_stream_type"": ""Markers"", ""phase"": ""query"", ""photodiode_verification_enabled"": false, ""practice"": false, ""scheduled_on_flip"": true, ""schema_version"": 1, ""sequence_id"": ""237942804d5e24dc51a11ff9281243bab0f3fb0afd493a5da2f3cce232c141d1"", ""study_segment"": ""session1_main"", ""task"": ""dynamic_sart"", ""timing_model"": ""psychopy_callOnFlip_plus_fixed_display_latency""}"
21,dynamic_sart_stimulus_offset__v=1__trial=21__condition=go__digit=9__block=3__phase=query__segment=session1_main__practice=0,EVENT,1399333.343,,"{""block"": 3, ""condition"": ""go"", ""cue_assignment"": null, ""cue_opportunity"": false, ""cue_opportunity_index"": null, ""cue_randomization_block_index"": null, ""digit"": 9, ""expected_visual_onset_lsl_timestamp"": 1399333.5396219, ""expected_visual_onset_monotonic"": 1399333.343, ""expected_visual_onset_uncertainty_ms"": 4.148969997186214, ""fixed_display_latency_ms"": 0.0, ""flip_lsl_timestamp"": 1399333.5396219, ""flip_monotonic"": 1399333.343, ""lsl_timestamp"": 1399333.5396219, ""marker_emit_attempted"": true, ""marker_stream_name"": ""EEGleMarkers"", ""marker_stream_source_id"": ""eegle-markers-dynamic_sart-run-20260820T161425-cd265ce895a2"", ""marker_stream_type"": ""Markers"", ""phase"": ""query"", ""photodiode_verification_enabled"": false, ""practice"": false, ""scheduled_on_flip"": true, ""schema_version"": 1, ""sequence_id"": ""237942804d5e24dc51a11ff9281243bab0f3fb0afd493a5da2f3cce232c141d1"", ""study_segment"": ""session1_main"", ""task"": ""dynamic_sart"", ""timing_model"": ""psychopy_callOnFlip_plus_fixed_display_latency""}"
21,dynamic_sart_key_event,EVENT,1399333.8574038,space,"{""assigned_block"": 3, ""assigned_phase"": ""query"", ""event_id"": ""key-00000079"", ""hardware_timestamped"": true, ""is_escape_key"": false, ""is_late"": false, ""is_premature"": false, ""is_response_key"": true, ""keyboard_backend"": ""psychopy.hardware.keyboard.Keyboard"", ""keyboard_time"": 167.04540760000236, ""schema"": ""eegle.dynamic_sart.key_event.v1"", ""task_state"": ""RESPONSE_WINDOW_MASK"", ""timestamp_lsl_if_available"": 1399334.0462229}"
21,dynamic_sart_response_window_close__v=1__trial=21__condition=go__digit=9__block=3__phase=query__segment=session1_main__practice=0,EVENT,1399334.687,,"{""block"": 3, ""condition"": ""go"", ""cue_assignment"": null, ""cue_opportunity"": false, ""cue_opportunity_index"": null, ""cue_randomization_block_index"": null, ""digit"": 9, ""flip_lsl_timestamp"": 1399334.8824016, ""flip_monotonic"": 1399334.687, ""lsl_timestamp"": 1399334.8824016, ""phase"": ""query"", ""practice"": false, ""response_window_close_overshoot_seconds"": 0.0, ""scheduled_on_flip"": true, ""scheduled_response_window_close_lsl"": 1399334.8935324, ""scheduled_response_window_close_monotonic"": 1399334.6930000002, ""schema_version"": 1, ""sequence_id"": ""237942804d5e24dc51a11ff9281243bab0f3fb0afd493a5da2f3cce232c141d1"", ""study_segment"": ""session1_main""}"
22,dynamic_sart_stimulus_onset__v=1__trial=22__condition=go__digit=4__block=3__phase=query__segment=session1_main__practice=0,EVENT,1399334.687,,"{""block"": 3, ""condition"": ""go"", ""cue_assignment"": null, ""cue_opportunity"": false, ""cue_opportunity_index"": null, ""cue_randomization_block_index"": null, ""digit"": 4, ""expected_visual_onset_lsl_timestamp"": 1399334.8824453, ""expected_visual_onset_monotonic"": 1399334.687, ""expected_visual_onset_uncertainty_ms"": 4.148969997186214, ""fixed_display_latency_ms"": 0.0, ""flip_lsl_timestamp"": 1399334.8824453, ""flip_monotonic"": 1399334.687, ""lsl_timestamp"": 1399334.8824453, ""marker_emit_attempted"": true, ""marker_stream_name"": ""EEGleMarkers"", ""marker_stream_source_id"": ""eegle-markers-dynamic_sart-run-20260820T161425-cd265ce895a2"", ""marker_stream_type"": ""Markers"", ""phase"": ""query"", ""photodiode_verification_enabled"": false, ""practice"": false, ""scheduled_on_flip"": true, ""schema_version"": 1, ""sequence_id"": ""237942804d5e24dc51a11ff9281243bab0f3fb0afd493a5da2f3cce232c141d1"", ""study_segment"": ""session1_main"", ""task"": ""dynamic_sart"", ""timing_model"": ""psychopy_callOnFlip_plus_fixed_display_latency""}"
21,dynamic_sart_trial_complete__v=1__trial=21__condition=go__digit=9__block=3__phase=query__segment=session1_main__practice=0,EVENT,1399334.687,,"{""block"": 3, ""condition"": ""go"", ""correct"": true, ""cue_assignment"": null, ""cue_opportunity"": false, ""cue_opportunity_index"": null, ""cue_randomization_block_index"": null, ""digit"": 9, ""lsl_timestamp"": 1399334.8824016, ""marker_emit_attempted"": true, ""marker_stream_name"": ""EEGleMarkers"", ""marker_stream_source_id"": ""eegle-markers-dynamic_sart-run-20260820T161425-cd265ce895a2"", ""marker_stream_type"": ""Markers"", ""phase"": ""query"", ""practice"": false, ""primary_outcome"": ""correct_go"", ""reaction_time_seconds"": 0.7644037997815758, ""schema_version"": 1, ""sequence_id"": ""237942804d5e24dc51a11ff9281243bab0f3fb0afd493a5da2f3cce232c141d1"", ""study_segment"": ""session1_main"", ""task"": ""dynamic_sart""}"
22,dynamic_sart_stimulus_offset__v=1__trial=22__condition=go__digit=4__block=3__phase=query__segment=session1_main__practice=0,EVENT,1399334.937,,"{""block"": 3, ""condition"": ""go"", ""cue_assignment"": null, ""cue_opportunity"": false, ""cue_opportunity_index"": null, ""cue_randomization_block_index"": null, ""digit"": 4, ""expected_visual_onset_lsl_timestamp"": 1399335.1344632, ""expected_visual_onset_monotonic"": 1399334.937, ""expected_visual_onset_uncertainty_ms"": 4.148969997186214, ""fixed_display_latency_ms"": 0.0, ""flip_lsl_timestamp"": 1399335.1344632, ""flip_monotonic"": 1399334.937, ""lsl_timestamp"": 1399335.1344632, ""marker_emit_attempted"": true, ""marker_stream_name"": ""EEGleMarkers"", ""marker_stream_source_id"": ""eegle-markers-dynamic_sart-run-20260820T161425-cd265ce895a2"", ""marker_stream_type"": ""Markers"", ""phase"": ""query"", ""photodiode_verification_enabled"": false, ""practice"": false, ""scheduled_on_flip"": true, ""schema_version"": 1, ""sequence_id"": ""237942804d5e24dc51a11ff9281243bab0f3fb0afd493a5da2f3cce232c141d1"", ""study_segment"": ""session1_main"", ""task"": ""dynamic_sart"", ""timing_model"": ""psychopy_callOnFlip_plus_fixed_display_latency""}"
22,dynamic_sart_key_event,EVENT,1399334.9805638,space,"{""assigned_block"": 3, ""assigned_phase"": ""query"", ""event_id"": ""key-00000080"", ""hardware_timestamped"": true, ""is_escape_key"": false, ""is_late"": false, ""is_premature"": false, ""is_response_key"": true, ""keyboard_backend"": ""psychopy.hardware.keyboard.Keyboard"", ""keyboard_time"": 168.16856760019436, ""schema"": ""eegle.dynamic_sart.key_event.v1"", ""task_state"": ""RESPONSE_WINDOW_MASK"", ""timestamp_lsl_if_available"": 1399335.1693829002}"
22,dynamic_sart_response_window_close__v=1__trial=22__condition=go__digit=4__block=3__phase=query__segment=session1_main__practice=0,EVENT,1399336.281,,"{""block"": 3, ""condition"": ""go"", ""cue_assignment"": null, ""cue_opportunity"": false, ""cue_opportunity_index"": null, ""cue_randomization_block_index"": null, ""digit"": 4, ""flip_lsl_timestamp"": 1399336.4730373, ""flip_monotonic"": 1399336.281, ""lsl_timestamp"": 1399336.4730373, ""phase"": ""query"", ""practice"": false, ""response_window_close_overshoot_seconds"": 0.0, ""scheduled_on_flip"": true, ""scheduled_response_window_close_lsl"": 1399336.4824453, ""scheduled_response_window_close_monotonic"": 1399336.287, ""schema_version"": 1, ""sequence_id"": ""237942804d5e24dc51a11ff9281243bab0f3fb0afd493a5da2f3cce232c141d1"", ""study_segment"": ""session1_main""}"
23,dynamic_sart_stimulus_onset__v=1__trial=23__condition=go__digit=1__block=3__phase=query__segment=session1_main__practice=0,EVENT,1399336.281,,"{""block"": 3, ""condition"": ""go"", ""cue_assignment"": null, ""cue_opportunity"": false, ""cue_opportunity_index"": null, ""cue_randomization_block_index"": null, ""digit"": 1, ""expected_visual_onset_lsl_timestamp"": 1399336.4730782, ""expected_visual_onset_monotonic"": 1399336.281, ""expected_visual_onset_uncertainty_ms"": 4.148969997186214, ""fixed_display_latency_ms"": 0.0, ""flip_lsl_timestamp"": 1399336.4730782, ""flip_monotonic"": 1399336.281, ""lsl_timestamp"": 1399336.4730782, ""marker_emit_attempted"": true, ""marker_stream_name"": ""EEGleMarkers"", ""marker_stream_source_id"": ""eegle-markers-dynamic_sart-run-20260820T161425-cd265ce895a2"", ""marker_stream_type"": ""Markers"", ""phase"": ""query"", ""photodiode_verification_enabled"": false, ""practice"": false, ""scheduled_on_flip"": true, ""schema_version"": 1, ""sequence_id"": ""237942804d5e24dc51a11ff9281243bab0f3fb0afd493a5da2f3cce232c141d1"", ""study_segment"": ""session1_main"", ""task"": ""dynamic_sart"", ""timing_model"": ""psychopy_callOnFlip_plus_fixed_display_latency""}"
22,dynamic_sart_trial_complete__v=1__trial=22__condition=go__digit=4__block=3__phase=query__segment=session1_main__practice=0,EVENT,1399336.281,,"{""block"": 3, ""condition"": ""go"", ""correct"": true, ""cue_assignment"": null, ""cue_opportunity"": false, ""cue_opportunity_index"": null, ""cue_randomization_block_index"": null, ""digit"": 4, ""lsl_timestamp"": 1399336.4730373, ""marker_emit_attempted"": true, ""marker_stream_name"": ""EEGleMarkers"", ""marker_stream_source_id"": ""eegle-markers-dynamic_sart-run-20260820T161425-cd265ce895a2"", ""marker_stream_type"": ""Markers"", ""phase"": ""query"", ""practice"": false, ""primary_outcome"": ""correct_go"", ""reaction_time_seconds"": 0.2935638001654297, ""schema_version"": 1, ""sequence_id"": ""237942804d5e24dc51a11ff9281243bab0f3fb0afd493a5da2f3cce232c141d1"", ""study_segment"": ""session1_main"", ""task"": ""dynamic_sart""}"
23,dynamic_sart_stimulus_offset__v=1__trial=23__condition=go__digit=1__block=3__phase=query__segment=session1_main__practice=0,EVENT,1399336.531,,"{""block"": 3, ""condition"": ""go"", ""cue_assignment"": null, ""cue_opportunity"": false, ""cue_opportunity_index"": null, ""cue_randomization_block_index"": null, ""digit"": 1, ""expected_visual_onset_lsl_timestamp"": 1399336.7254802, ""expected_visual_onset_monotonic"": 1399336.531, ""expected_visual_onset_uncertainty_ms"": 4.148969997186214, ""fixed_display_latency_ms"": 0.0, ""flip_lsl_timestamp"": 1399336.7254802, ""flip_monotonic"": 1399336.531, ""lsl_timestamp"": 1399336.7254802, ""marker_emit_attempted"": true, ""marker_stream_name"": ""EEGleMarkers"", ""marker_stream_source_id"": ""eegle-markers-dynamic_sart-run-20260820T161425-cd265ce895a2"", ""marker_stream_type"": ""Markers"", ""phase"": ""query"", ""photodiode_verification_enabled"": false, ""practice"": false, ""scheduled_on_flip"": true, ""schema_version"": 1, ""sequence_id"": ""237942804d5e24dc51a11ff9281243bab0f3fb0afd493a5da2f3cce232c141d1"", ""study_segment"": ""session1_main"", ""task"": ""dynamic_sart"", ""timing_model"": ""psychopy_callOnFlip_plus_fixed_display_latency""}"
23,dynamic_sart_key_event,EVENT,1399336.5472343,space,"{""assigned_block"": 3, ""assigned_phase"": ""query"", ""event_id"": ""key-00000081"", ""hardware_timestamped"": true, ""is_escape_key"": false, ""is_late"": false, ""is_premature"": false, ""is_response_key"": true, ""keyboard_backend"": ""psychopy.hardware.keyboard.Keyboard"", ""keyboard_time"": 169.73523810016923, ""schema"": ""eegle.dynamic_sart.key_event.v1"", ""task_state"": ""RESPONSE_WINDOW_MASK"", ""timestamp_lsl_if_available"": 1399336.7360534002}"
23,dynamic_sart_response_window_close__v=1__trial=23__condition=go__digit=1__block=3__phase=query__segment=session1_main__practice=0,EVENT,1399337.875,,"{""block"": 3, ""condition"": ""go"", ""cue_assignment"": null, ""cue_opportunity"": false, ""cue_opportunity_index"": null, ""cue_randomization_block_index"": null, ""digit"": 1, ""flip_lsl_timestamp"": 1399338.0650321, ""flip_monotonic"": 1399337.875, ""lsl_timestamp"": 1399338.0650321, ""phase"": ""query"", ""practice"": false, ""response_window_close_overshoot_seconds"": 0.0, ""scheduled_on_flip"": true, ""scheduled_response_window_close_lsl"": 1399338.0730782, ""scheduled_response_window_close_monotonic"": 1399337.881, ""schema_version"": 1, ""sequence_id"": ""237942804d5e24dc51a11ff9281243bab0f3fb0afd493a5da2f3cce232c141d1"", ""study_segment"": ""session1_main""}"
24,dynamic_sart_stimulus_onset__v=1__trial=24__condition=go__digit=8__block=3__phase=query__segment=session1_main__practice=0,EVENT,1399337.875,,"{""block"": 3, ""condition"": ""go"", ""cue_assignment"": null, ""cue_opportunity"": false, ""cue_opportunity_index"": null, ""cue_randomization_block_index"": null, ""digit"": 8, ""expected_visual_onset_lsl_timestamp"": 1399338.0650808, ""expected_visual_onset_monotonic"": 1399337.875, ""expected_visual_onset_uncertainty_ms"": 4.148969997186214, ""fixed_display_latency_ms"": 0.0, ""flip_lsl_timestamp"": 1399338.0650808, ""flip_monotonic"": 1399337.875, ""lsl_timestamp"": 1399338.0650808, ""marker_emit_attempted"": true, ""marker_stream_name"": ""EEGleMarkers"", ""marker_stream_source_id"": ""eegle-markers-dynamic_sart-run-20260820T161425-cd265ce895a2"", ""marker_stream_type"": ""Markers"", ""phase"": ""query"", ""photodiode_verification_enabled"": false, ""practice"": false, ""scheduled_on_flip"": true, ""schema_version"": 1, ""sequence_id"": ""237942804d5e24dc51a11ff9281243bab0f3fb0afd493a5da2f3cce232c141d1"", ""study_segment"": ""session1_main"", ""task"": ""dynamic_sart"", ""timing_model"": ""psychopy_callOnFlip_plus_fixed_display_latency""}"
23,dynamic_sart_trial_complete__v=1__trial=23__condition=go__digit=1__block=3__phase=query__segment=session1_main__practice=0,EVENT,1399337.875,,"{""block"": 3, ""condition"": ""go"", ""correct"": true, ""cue_assignment"": null, ""cue_opportunity"": false, ""cue_opportunity_index"": null, ""cue_randomization_block_index"": null, ""digit"": 1, ""lsl_timestamp"": 1399338.0650321, ""marker_emit_attempted"": true, ""marker_stream_name"": ""EEGleMarkers"", ""marker_stream_source_id"": ""eegle-markers-dynamic_sart-run-20260820T161425-cd265ce895a2"", ""marker_stream_type"": ""Markers"", ""phase"": ""query"", ""practice"": false, ""primary_outcome"": ""correct_go"", ""reaction_time_seconds"": 0.26623430009931326, ""schema_version"": 1, ""sequence_id"": ""237942804d5e24dc51a11ff9281243bab0f3fb0afd493a5da2f3cce232c141d1"", ""study_segment"": ""session1_main"", ""task"": ""dynamic_sart""}"
24,dynamic_sart_key_event,EVENT,1399338.1162247,space,"{""assigned_block"": 3, ""assigned_phase"": ""query"", ""event_id"": ""key-00000082"", ""hardware_timestamped"": true, ""is_escape_key"": false, ""is_late"": false, ""is_premature"": false, ""is_response_key"": true, ""keyboard_backend"": ""psychopy.hardware.keyboard.Keyboard"", ""keyboard_time"": 171.3042284999974, ""schema"": ""eegle.dynamic_sart.key_event.v1"", ""task_state"": ""STIMULUS_VISIBLE"", ""timestamp_lsl_if_available"": 1399338.3050438}"
24,dynamic_sart_stimulus_offset__v=1__trial=24__condition=go__digit=8__block=3__phase=query__segment=session1_main__practice=0,EVENT,1399338.14,,"{""block"": 3, ""condition"": ""go"", ""cue_assignment"": null, ""cue_opportunity"": false, ""cue_opportunity_index"": null, ""cue_randomization_block_index"": null, ""digit"": 8, ""expected_visual_onset_lsl_timestamp"": 1399338.3259712, ""expected_visual_onset_monotonic"": 1399338.14, ""expected_visual_onset_uncertainty_ms"": 4.148969997186214, ""fixed_display_latency_ms"": 0.0, ""flip_lsl_timestamp"": 1399338.3259712, ""flip_monotonic"": 1399338.14, ""lsl_timestamp"": 1399338.3259712, ""marker_emit_attempted"": true, ""marker_stream_name"": ""EEGleMarkers"", ""marker_stream_source_id"": ""eegle-markers-dynamic_sart-run-20260820T161425-cd265ce895a2"", ""marker_stream_type"": ""Markers"", ""phase"": ""query"", ""photodiode_verification_enabled"": false, ""practice"": false, ""scheduled_on_flip"": true, ""schema_version"": 1, ""sequence_id"": ""237942804d5e24dc51a11ff9281243bab0f3fb0afd493a5da2f3cce232c141d1"", ""study_segment"": ""session1_main"", ""task"": ""dynamic_sart"", ""timing_model"": ""psychopy_callOnFlip_plus_fixed_display_latency""}"
24,dynamic_sart_response_window_close__v=1__trial=24__condition=go__digit=8__block=3__phase=query__segment=session1_main__practice=0,EVENT,1399339.484,,"{""block"": 3, ""condition"": ""go"", ""cue_assignment"": null, ""cue_opportunity"": false, ""cue_opportunity_index"": null, ""cue_randomization_block_index"": null, ""digit"": 8, ""flip_lsl_timestamp"": 1399339.6837047, ""flip_monotonic"": 1399339.484, ""lsl_timestamp"": 1399339.6837047, ""phase"": ""query"", ""practice"": false, ""response_window_close_overshoot_seconds"": 0.008999999845400453, ""scheduled_on_flip"": true, ""scheduled_response_window_close_lsl"": 1399339.6650808002, ""scheduled_response_window_close_monotonic"": 1399339.475, ""schema_version"": 1, ""sequence_id"": ""237942804d5e24dc51a11ff9281243bab0f3fb0afd493a5da2f3cce232c141d1"", ""study_segment"": ""session1_main""}"
25,dynamic_sart_stimulus_onset__v=1__trial=25__condition=go__digit=2__block=3__phase=query__segment=session1_main__practice=0,EVENT,1399339.484,,"{""block"": 3, ""condition"": ""go"", ""cue_assignment"": null, ""cue_opportunity"": false, ""cue_opportunity_index"": null, ""cue_randomization_block_index"": null, ""digit"": 2, ""expected_visual_onset_lsl_timestamp"": 1399339.6837511, ""expected_visual_onset_monotonic"": 1399339.484, ""expected_visual_onset_uncertainty_ms"": 4.148969997186214, ""fixed_display_latency_ms"": 0.0, ""flip_lsl_timestamp"": 1399339.6837511, ""flip_monotonic"": 1399339.484, ""lsl_timestamp"": 1399339.6837511, ""marker_emit_attempted"": true, ""marker_stream_name"": ""EEGleMarkers"", ""marker_stream_source_id"": ""eegle-markers-dynamic_sart-run-20260820T161425-cd265ce895a2"", ""marker_stream_type"": ""Markers"", ""phase"": ""query"", ""photodiode_verification_enabled"": false, ""practice"": false, ""scheduled_on_flip"": true, ""schema_version"": 1, ""sequence_id"": ""237942804d5e24dc51a11ff9281243bab0f3fb0afd493a5da2f3cce232c141d1"", ""study_segment"": ""session1_main"", ""task"": ""dynamic_sart"", ""timing_model"": ""psychopy_callOnFlip_plus_fixed_display_latency""}"
24,dynamic_sart_trial_complete__v=1__trial=24__condition=go__digit=8__block=3__phase=query__segment=session1_main__practice=0,EVENT,1399339.484,,"{""block"": 3, ""condition"": ""go"", ""correct"": true, ""cue_assignment"": null, ""cue_opportunity"": false, ""cue_opportunity_index"": null, ""cue_randomization_block_index"": null, ""digit"": 8, ""lsl_timestamp"": 1399339.6837047, ""marker_emit_attempted"": true, ""marker_stream_name"": ""EEGleMarkers"", ""marker_stream_source_id"": ""eegle-markers-dynamic_sart-run-20260820T161425-cd265ce895a2"", ""marker_stream_type"": ""Markers"", ""phase"": ""query"", ""practice"": false, ""primary_outcome"": ""correct_go"", ""reaction_time_seconds"": 0.24122469988651574, ""schema_version"": 1, ""sequence_id"": ""237942804d5e24dc51a11ff9281243bab0f3fb0afd493a5da2f3cce232c141d1"", ""study_segment"": ""session1_main"", ""task"": ""dynamic_sart""}"
25,dynamic_sart_stimulus_offset__v=1__trial=25__condition=go__digit=2__block=3__phase=query__segment=session1_main__practice=0,EVENT,1399339.734,,"{""block"": 3, ""condition"": ""go"", ""cue_assignment"": null, ""cue_opportunity"": false, ""cue_opportunity_index"": null, ""cue_randomization_block_index"": null, ""digit"": 2, ""expected_visual_onset_lsl_timestamp"": 1399339.9312366, ""expected_visual_onset_monotonic"": 1399339.734, ""expected_visual_onset_uncertainty_ms"": 4.148969997186214, ""fixed_display_latency_ms"": 0.0, ""flip_lsl_timestamp"": 1399339.9312366, ""flip_monotonic"": 1399339.734, ""lsl_timestamp"": 1399339.9312366, ""marker_emit_attempted"": true, ""marker_stream_name"": ""EEGleMarkers"", ""marker_stream_source_id"": ""eegle-markers-dynamic_sart-run-20260820T161425-cd265ce895a2"", ""marker_stream_type"": ""Markers"", ""phase"": ""query"", ""photodiode_verification_enabled"": false, ""practice"": false, ""scheduled_on_flip"": true, ""schema_version"": 1, ""sequence_id"": ""237942804d5e24dc51a11ff9281243bab0f3fb0afd493a5da2f3cce232c141d1"", ""study_segment"": ""session1_main"", ""task"": ""dynamic_sart"", ""timing_model"": ""psychopy_callOnFlip_plus_fixed_display_latency""}"
25,dynamic_sart_key_event,EVENT,1399339.8069535,space,"{""assigned_block"": 3, ""assigned_phase"": ""query"", ""event_id"": ""key-00000083"", ""hardware_timestamped"": true, ""is_escape_key"": false, ""is_late"": false, ""is_premature"": false, ""is_response_key"": true, ""keyboard_backend"": ""psychopy.hardware.keyboard.Keyboard"", ""keyboard_time"": 172.99495730013587, ""schema"": ""eegle.dynamic_sart.key_event.v1"", ""task_state"": ""RESPONSE_WINDOW_MASK"", ""timestamp_lsl_if_available"": 1399339.9957726002}"
25,dynamic_sart_response_window_close__v=1__trial=25__condition=go__digit=2__block=3__phase=query__segment=session1_main__practice=0,EVENT,1399341.078,,"{""block"": 3, ""condition"": ""go"", ""cue_assignment"": null, ""cue_opportunity"": false, ""cue_opportunity_index"": null, ""cue_randomization_block_index"": null, ""digit"": 2, ""flip_lsl_timestamp"": 1399341.2777053, ""flip_monotonic"": 1399341.078, ""lsl_timestamp"": 1399341.2777053, ""phase"": ""query"", ""practice"": false, ""response_window_close_overshoot_seconds"": 0.0, ""scheduled_on_flip"": true, ""scheduled_response_window_close_lsl"": 1399341.2837511, ""scheduled_response_window_close_monotonic"": 1399341.084, ""schema_version"": 1, ""sequence_id"": ""237942804d5e24dc51a11ff9281243bab0f3fb0afd493a5da2f3cce232c141d1"", ""study_segment"": ""session1_main""}"
26,dynamic_sart_stimulus_onset__v=1__trial=26__condition=no_go__digit=3__block=3__phase=query__segment=session1_main__practice=0,EVENT,1399341.078,,"{""block"": 3, ""condition"": ""no_go"", ""cue_assignment"": null, ""cue_opportunity"": false, ""cue_opportunity_index"": null, ""cue_randomization_block_index"": null, ""digit"": 3, ""expected_visual_onset_lsl_timestamp"": 1399341.2777512, ""expected_visual_onset_monotonic"": 1399341.078, ""expected_visual_onset_uncertainty_ms"": 4.148969997186214, ""fixed_display_latency_ms"": 0.0, ""flip_lsl_timestamp"": 1399341.2777512, ""flip_monotonic"": 1399341.078, ""lsl_timestamp"": 1399341.2777512, ""marker_emit_attempted"": true, ""marker_stream_name"": ""EEGleMarkers"", ""marker_stream_source_id"": ""eegle-markers-dynamic_sart-run-20260820T161425-cd265ce895a2"", ""marker_stream_type"": ""Markers"", ""phase"": ""query"", ""photodiode_verification_enabled"": false, ""practice"": false, ""scheduled_on_flip"": true, ""schema_version"": 1, ""sequence_id"": ""237942804d5e24dc51a11ff9281243bab0f3fb0afd493a5da2f3cce232c141d1"", ""study_segment"": ""session1_main"", ""task"": ""dynamic_sart"", ""timing_model"": ""psychopy_callOnFlip_plus_fixed_display_latency""}"
25,dynamic_sart_trial_complete__v=1__trial=25__condition=go__digit=2__block=3__phase=query__segment=session1_main__practice=0,EVENT,1399341.078,,"{""block"": 3, ""condition"": ""go"", ""correct"": true, ""cue_assignment"": null, ""cue_opportunity"": false, ""cue_opportunity_index"": null, ""cue_randomization_block_index"": null, ""digit"": 2, ""lsl_timestamp"": 1399341.2777053, ""marker_emit_attempted"": true, ""marker_stream_name"": ""EEGleMarkers"", ""marker_stream_source_id"": ""eegle-markers-dynamic_sart-run-20260820T161425-cd265ce895a2"", ""marker_stream_type"": ""Markers"", ""phase"": ""query"", ""practice"": false, ""primary_outcome"": ""correct_go"", ""reaction_time_seconds"": 0.32295350008644164, ""schema_version"": 1, ""sequence_id"": ""237942804d5e24dc51a11ff9281243bab0f3fb0afd493a5da2f3cce232c141d1"", ""study_segment"": ""session1_main"", ""task"": ""dynamic_sart""}"
26,dynamic_sart_stimulus_offset__v=1__trial=26__condition=no_go__digit=3__block=3__phase=query__segment=session1_main__practice=0,EVENT,1399341.328,,"{""block"": 3, ""condition"": ""no_go"", ""cue_assignment"": null, ""cue_opportunity"": false, ""cue_opportunity_index"": null, ""cue_randomization_block_index"": null, ""digit"": 3, ""expected_visual_onset_lsl_timestamp"": 1399341.5281981, ""expected_visual_onset_monotonic"": 1399341.328, ""expected_visual_onset_uncertainty_ms"": 4.148969997186214, ""fixed_display_latency_ms"": 0.0, ""flip_lsl_timestamp"": 1399341.5281981, ""flip_monotonic"": 1399341.328, ""lsl_timestamp"": 1399341.5281981, ""marker_emit_attempted"": true, ""marker_stream_name"": ""EEGleMarkers"", ""marker_stream_source_id"": ""eegle-markers-dynamic_sart-run-20260820T161425-cd265ce895a2"", ""marker_stream_type"": ""Markers"", ""phase"": ""query"", ""photodiode_verification_enabled"": false, ""practice"": false, ""scheduled_on_flip"": true, ""schema_version"": 1, ""sequence_id"": ""237942804d5e24dc51a11ff9281243bab0f3fb0afd493a5da2f3cce232c141d1"", ""study_segment"": ""session1_main"", ""task"": ""dynamic_sart"", ""timing_model"": ""psychopy_callOnFlip_plus_fixed_display_latency""}"
26,dynamic_sart_response_window_close__v=1__trial=26__condition=no_go__digit=3__block=3__phase=query__segment=session1_main__practice=0,EVENT,1399342.703,,"{""block"": 3, ""condition"": ""no_go"", ""cue_assignment"": null, ""cue_opportunity"": false, ""cue_opportunity_index"": null, ""cue_randomization_block_index"": null, ""digit"": 3, ""flip_lsl_timestamp"": 1399342.8885315, ""flip_monotonic"": 1399342.703, ""lsl_timestamp"": 1399342.8885315, ""phase"": ""query"", ""practice"": false, ""response_window_close_overshoot_seconds"": 0.024999999906867743, ""scheduled_on_flip"": true, ""scheduled_response_window_close_lsl"": 1399342.8777512, ""scheduled_response_window_close_monotonic"": 1399342.678, ""schema_version"": 1, ""sequence_id"": ""237942804d5e24dc51a11ff9281243bab0f3fb0afd493a5da2f3cce232c141d1"", ""study_segment"": ""session1_main""}"
27,dynamic_sart_stimulus_onset__v=1__trial=27__condition=go__digit=7__block=3__phase=query__segment=session1_main__practice=0,EVENT,1399342.703,,"{""block"": 3, ""condition"": ""go"", ""cue_assignment"": null, ""cue_opportunity"": false, ""cue_opportunity_index"": null, ""cue_randomization_block_index"": null, ""digit"": 7, ""expected_visual_onset_lsl_timestamp"": 1399342.8885758, ""expected_visual_onset_monotonic"": 1399342.703, ""expected_visual_onset_uncertainty_ms"": 4.148969997186214, ""fixed_display_latency_ms"": 0.0, ""flip_lsl_timestamp"": 1399342.8885758, ""flip_monotonic"": 1399342.703, ""lsl_timestamp"": 1399342.8885758, ""marker_emit_attempted"": true, ""marker_stream_name"": ""EEGleMarkers"", ""marker_stream_source_id"": ""eegle-markers-dynamic_sart-run-20260820T161425-cd265ce895a2"", ""marker_stream_type"": ""Markers"", ""phase"": ""query"", ""photodiode_verification_enabled"": false, ""practice"": false, ""scheduled_on_flip"": true, ""schema_version"": 1, ""sequence_id"": ""237942804d5e24dc51a11ff9281243bab0f3fb0afd493a5da2f3cce232c141d1"", ""study_segment"": ""session1_main"", ""task"": ""dynamic_sart"", ""timing_model"": ""psychopy_callOnFlip_plus_fixed_display_latency""}"
26,dynamic_sart_trial_complete__v=1__trial=26__condition=no_go__digit=3__block=3__phase=query__segment=session1_main__practice=0,EVENT,1399342.703,,"{""block"": 3, ""condition"": ""no_go"", ""correct"": true, ""cue_assignment"": null, ""cue_opportunity"": false, ""cue_opportunity_index"": null, ""cue_randomization_block_index"": null, ""digit"": 3, ""lsl_timestamp"": 1399342.8885315, ""marker_emit_attempted"": true, ""marker_stream_name"": ""EEGleMarkers"", ""marker_stream_source_id"": ""eegle-markers-dynamic_sart-run-20260820T161425-cd265ce895a2"", ""marker_stream_type"": ""Markers"", ""phase"": ""query"", ""practice"": false, ""primary_outcome"": ""correct_no_go"", ""reaction_time_seconds"": null, ""schema_version"": 1, ""sequence_id"": ""237942804d5e24dc51a11ff9281243bab0f3fb0afd493a5da2f3cce232c141d1"", ""study_segment"": ""session1_main"", ""task"": ""dynamic_sart""}"
27,dynamic_sart_key_event,EVENT,1399342.9376716,space,"{""assigned_block"": 3, ""assigned_phase"": ""query"", ""event_id"": ""key-00000084"", ""hardware_timestamped"": true, ""is_escape_key"": false, ""is_late"": false, ""is_premature"": false, ""is_response_key"": true, ""keyboard_backend"": ""psychopy.hardware.keyboard.Keyboard"", ""keyboard_time"": 176.12567540002055, ""schema"": ""eegle.dynamic_sart.key_event.v1"", ""task_state"": ""STIMULUS_VISIBLE"", ""timestamp_lsl_if_available"": 1399343.1264907}"
27,dynamic_sart_stimulus_offset__v=1__trial=27__condition=go__digit=7__block=3__phase=query__segment=session1_main__practice=0,EVENT,1399342.953,,"{""block"": 3, ""condition"": ""go"", ""cue_assignment"": null, ""cue_opportunity"": false, ""cue_opportunity_index"": null, ""cue_randomization_block_index"": null, ""digit"": 7, ""expected_visual_onset_lsl_timestamp"": 1399343.1526704, ""expected_visual_onset_monotonic"": 1399342.953, ""expected_visual_onset_uncertainty_ms"": 4.148969997186214, ""fixed_display_latency_ms"": 0.0, ""flip_lsl_timestamp"": 1399343.1526704, ""flip_monotonic"": 1399342.953, ""lsl_timestamp"": 1399343.1526704, ""marker_emit_attempted"": true, ""marker_stream_name"": ""EEGleMarkers"", ""marker_stream_source_id"": ""eegle-markers-dynamic_sart-run-20260820T161425-cd265ce895a2"", ""marker_stream_type"": ""Markers"", ""phase"": ""query"", ""photodiode_verification_enabled"": false, ""practice"": false, ""scheduled_on_flip"": true, ""schema_version"": 1, ""sequence_id"": ""237942804d5e24dc51a11ff9281243bab0f3fb0afd493a5da2f3cce232c141d1"", ""study_segment"": ""session1_main"", ""task"": ""dynamic_sart"", ""timing_model"": ""psychopy_callOnFlip_plus_fixed_display_latency""}"
27,dynamic_sart_response_window_close__v=1__trial=27__condition=go__digit=7__block=3__phase=query__segment=session1_main__practice=0,EVENT,1399344.312,,"{""block"": 3, ""condition"": ""go"", ""cue_assignment"": null, ""cue_opportunity"": false, ""cue_opportunity_index"": null, ""cue_randomization_block_index"": null, ""digit"": 7, ""flip_lsl_timestamp"": 1399344.5069473, ""flip_monotonic"": 1399344.312, ""lsl_timestamp"": 1399344.5069473, ""phase"": ""query"", ""practice"": false, ""response_window_close_overshoot_seconds"": 0.008999999845400453, ""scheduled_on_flip"": true, ""scheduled_response_window_close_lsl"": 1399344.4885758, ""scheduled_response_window_close_monotonic"": 1399344.303, ""schema_version"": 1, ""sequence_id"": ""237942804d5e24dc51a11ff9281243bab0f3fb0afd493a5da2f3cce232c141d1"", ""study_segment"": ""session1_main""}"
28,dynamic_sart_stimulus_onset__v=1__trial=28__condition=go__digit=5__block=3__phase=query__segment=session1_main__practice=0,EVENT,1399344.312,,"{""block"": 3, ""condition"": ""go"", ""cue_assignment"": null, ""cue_opportunity"": false, ""cue_opportunity_index"": null, ""cue_randomization_block_index"": null, ""digit"": 5, ""expected_visual_onset_lsl_timestamp"": 1399344.5069943, ""expected_visual_onset_monotonic"": 1399344.312, ""expected_visual_onset_uncertainty_ms"": 4.148969997186214, ""fixed_display_latency_ms"": 0.0, ""flip_lsl_timestamp"": 1399344.5069943, ""flip_monotonic"": 1399344.312, ""lsl_timestamp"": 1399344.5069943, ""marker_emit_attempted"": true, ""marker_stream_name"": ""EEGleMarkers"", ""marker_stream_source_id"": ""eegle-markers-dynamic_sart-run-20260820T161425-cd265ce895a2"", ""marker_stream_type"": ""Markers"", ""phase"": ""query"", ""photodiode_verification_enabled"": false, ""practice"": false, ""scheduled_on_flip"": true, ""schema_version"": 1, ""sequence_id"": ""237942804d5e24dc51a11ff9281243bab0f3fb0afd493a5da2f3cce232c141d1"", ""study_segment"": ""session1_main"", ""task"": ""dynamic_sart"", ""timing_model"": ""psychopy_callOnFlip_plus_fixed_display_latency""}"
27,dynamic_sart_trial_complete__v=1__trial=27__condition=go__digit=7__block=3__phase=query__segment=session1_main__practice=0,EVENT,1399344.312,,"{""block"": 3, ""condition"": ""go"", ""correct"": true, ""cue_assignment"": null, ""cue_opportunity"": false, ""cue_opportunity_index"": null, ""cue_randomization_block_index"": null, ""digit"": 7, ""lsl_timestamp"": 1399344.5069473, ""marker_emit_attempted"": true, ""marker_stream_name"": ""EEGleMarkers"", ""marker_stream_source_id"": ""eegle-markers-dynamic_sart-run-20260820T161425-cd265ce895a2"", ""marker_stream_type"": ""Markers"", ""phase"": ""query"", ""practice"": false, ""primary_outcome"": ""correct_go"", ""reaction_time_seconds"": 0.2346715999301523, ""schema_version"": 1, ""sequence_id"": ""237942804d5e24dc51a11ff9281243bab0f3fb0afd493a5da2f3cce232c141d1"", ""study_segment"": ""session1_main"", ""task"": ""dynamic_sart""}"
28,dynamic_sart_key_event,EVENT,1399344.5230499,space,"{""assigned_block"": 3, ""assigned_phase"": ""query"", ""event_id"": ""key-00000085"", ""hardware_timestamped"": true, ""is_escape_key"": false, ""is_late"": false, ""is_premature"": false, ""is_response_key"": true, ""keyboard_backend"": ""psychopy.hardware.keyboard.Keyboard"", ""keyboard_time"": 177.7110537001863, ""schema"": ""eegle.dynamic_sart.key_event.v1"", ""task_state"": ""STIMULUS_VISIBLE"", ""timestamp_lsl_if_available"": 1399344.7118690002}"
28,dynamic_sart_stimulus_offset__v=1__trial=28__condition=go__digit=5__block=3__phase=query__segment=session1_main__practice=0,EVENT,1399344.562,,"{""block"": 3, ""condition"": ""go"", ""cue_assignment"": null, ""cue_opportunity"": false, ""cue_opportunity_index"": null, ""cue_randomization_block_index"": null, ""digit"": 5, ""expected_visual_onset_lsl_timestamp"": 1399344.7607916, ""expected_visual_onset_monotonic"": 1399344.562, ""expected_visual_onset_uncertainty_ms"": 4.148969997186214, ""fixed_display_latency_ms"": 0.0, ""flip_lsl_timestamp"": 1399344.7607916, ""flip_monotonic"": 1399344.562, ""lsl_timestamp"": 1399344.7607916, ""marker_emit_attempted"": true, ""marker_stream_name"": ""EEGleMarkers"", ""marker_stream_source_id"": ""eegle-markers-dynamic_sart-run-20260820T161425-cd265ce895a2"", ""marker_stream_type"": ""Markers"", ""phase"": ""query"", ""photodiode_verification_enabled"": false, ""practice"": false, ""scheduled_on_flip"": true, ""schema_version"": 1, ""sequence_id"": ""237942804d5e24dc51a11ff9281243bab0f3fb0afd493a5da2f3cce232c141d1"", ""study_segment"": ""session1_main"", ""task"": ""dynamic_sart"", ""timing_model"": ""psychopy_callOnFlip_plus_fixed_display_latency""}"
28,dynamic_sart_response_window_close__v=1__trial=28__condition=go__digit=5__block=3__phase=query__segment=session1_main__practice=0,EVENT,1399345.906,,"{""block"": 3, ""condition"": ""go"", ""cue_assignment"": null, ""cue_opportunity"": false, ""cue_opportunity_index"": null, ""cue_randomization_block_index"": null, ""digit"": 5, ""flip_lsl_timestamp"": 1399346.099894, ""flip_monotonic"": 1399345.906, ""lsl_timestamp"": 1399346.099894, ""phase"": ""query"", ""practice"": false, ""response_window_close_overshoot_seconds"": 0.0, ""scheduled_on_flip"": true, ""scheduled_response_window_close_lsl"": 1399346.1069943001, ""scheduled_response_window_close_monotonic"": 1399345.912, ""schema_version"": 1, ""sequence_id"": ""237942804d5e24dc51a11ff9281243bab0f3fb0afd493a5da2f3cce232c141d1"", ""study_segment"": ""session1_main""}"
29,dynamic_sart_stimulus_onset__v=1__trial=29__condition=go__digit=6__block=3__phase=query__segment=session1_main__practice=0,EVENT,1399345.906,,"{""block"": 3, ""condition"": ""go"", ""cue_assignment"": null, ""cue_opportunity"": false, ""cue_opportunity_index"": null, ""cue_randomization_block_index"": null, ""digit"": 6, ""expected_visual_onset_lsl_timestamp"": 1399346.0999364, ""expected_visual_onset_monotonic"": 1399345.906, ""expected_visual_onset_uncertainty_ms"": 4.148969997186214, ""fixed_display_latency_ms"": 0.0, ""flip_lsl_timestamp"": 1399346.0999364, ""flip_monotonic"": 1399345.906, ""lsl_timestamp"": 1399346.0999364, ""marker_emit_attempted"": true, ""marker_stream_name"": ""EEGleMarkers"", ""marker_stream_source_id"": ""eegle-markers-dynamic_sart-run-20260820T161425-cd265ce895a2"", ""marker_stream_type"": ""Markers"", ""phase"": ""query"", ""photodiode_verification_enabled"": false, ""practice"": false, ""scheduled_on_flip"": true, ""schema_version"": 1, ""sequence_id"": ""237942804d5e24dc51a11ff9281243bab0f3fb0afd493a5da2f3cce232c141d1"", ""study_segment"": ""session1_main"", ""task"": ""dynamic_sart"", ""timing_model"": ""psychopy_callOnFlip_plus_fixed_display_latency""}"
28,dynamic_sart_trial_complete__v=1__trial=28__condition=go__digit=5__block=3__phase=query__segment=session1_main__practice=0,EVENT,1399345.906,,"{""block"": 3, ""condition"": ""go"", ""correct"": true, ""cue_assignment"": null, ""cue_opportunity"": false, ""cue_opportunity_index"": null, ""cue_randomization_block_index"": null, ""digit"": 5, ""lsl_timestamp"": 1399346.099894, ""marker_emit_attempted"": true, ""marker_stream_name"": ""EEGleMarkers"", ""marker_stream_source_id"": ""eegle-markers-dynamic_sart-run-20260820T161425-cd265ce895a2"", ""marker_stream_type"": ""Markers"", ""phase"": ""query"", ""practice"": false, ""primary_outcome"": ""correct_go"", ""reaction_time_seconds"": 0.21104990015737712, ""schema_version"": 1, ""sequence_id"": ""237942804d5e24dc51a11ff9281243bab0f3fb0afd493a5da2f3cce232c141d1"", ""study_segment"": ""session1_main"", ""task"": ""dynamic_sart""}"
29,dynamic_sart_key_event,EVENT,1399346.1430642,space,"{""assigned_block"": 3, ""assigned_phase"": ""query"", ""event_id"": ""key-00000086"", ""hardware_timestamped"": true, ""is_escape_key"": false, ""is_late"": false, ""is_premature"": false, ""is_response_key"": true, ""keyboard_backend"": ""psychopy.hardware.keyboard.Keyboard"", ""keyboard_time"": 179.3310680000577, ""schema"": ""eegle.dynamic_sart.key_event.v1"", ""task_state"": ""STIMULUS_VISIBLE"", ""timestamp_lsl_if_available"": 1399346.3318833}"
29,dynamic_sart_stimulus_offset__v=1__trial=29__condition=go__digit=6__block=3__phase=query__segment=session1_main__practice=0,EVENT,1399346.156,,"{""block"": 3, ""condition"": ""go"", ""cue_assignment"": null, ""cue_opportunity"": false, ""cue_opportunity_index"": null, ""cue_randomization_block_index"": null, ""digit"": 6, ""expected_visual_onset_lsl_timestamp"": 1399346.3492614, ""expected_visual_onset_monotonic"": 1399346.156, ""expected_visual_onset_uncertainty_ms"": 4.148969997186214, ""fixed_display_latency_ms"": 0.0, ""flip_lsl_timestamp"": 1399346.3492614, ""flip_monotonic"": 1399346.156, ""lsl_timestamp"": 1399346.3492614, ""marker_emit_attempted"": true, ""marker_stream_name"": ""EEGleMarkers"", ""marker_stream_source_id"": ""eegle-markers-dynamic_sart-run-20260820T161425-cd265ce895a2"", ""marker_stream_type"": ""Markers"", ""phase"": ""query"", ""photodiode_verification_enabled"": false, ""practice"": false, ""scheduled_on_flip"": true, ""schema_version"": 1, ""sequence_id"": ""237942804d5e24dc51a11ff9281243bab0f3fb0afd493a5da2f3cce232c141d1"", ""study_segment"": ""session1_main"", ""task"": ""dynamic_sart"", ""timing_model"": ""psychopy_callOnFlip_plus_fixed_display_latency""}"
29,dynamic_sart_response_window_close__v=1__trial=29__condition=go__digit=6__block=3__phase=query__segment=session1_main__practice=0,EVENT,1399347.5,,"{""block"": 3, ""condition"": ""go"", ""cue_assignment"": null, ""cue_opportunity"": false, ""cue_opportunity_index"": null, ""cue_randomization_block_index"": null, ""digit"": 6, ""flip_lsl_timestamp"": 1399347.6960269, ""flip_monotonic"": 1399347.5, ""lsl_timestamp"": 1399347.6960269, ""phase"": ""query"", ""practice"": false, ""response_window_close_overshoot_seconds"": 0.0, ""scheduled_on_flip"": true, ""scheduled_response_window_close_lsl"": 1399347.6999364002, ""scheduled_response_window_close_monotonic"": 1399347.506, ""schema_version"": 1, ""sequence_id"": ""237942804d5e24dc51a11ff9281243bab0f3fb0afd493a5da2f3cce232c141d1"", ""study_segment"": ""session1_main""}"
30,dynamic_sart_stimulus_onset__v=1__trial=30__condition=go__digit=0__block=3__phase=query__segment=session1_main__practice=0,EVENT,1399347.5,,"{""block"": 3, ""condition"": ""go"", ""cue_assignment"": null, ""cue_opportunity"": false, ""cue_opportunity_index"": null, ""cue_randomization_block_index"": null, ""digit"": 0, ""expected_visual_onset_lsl_timestamp"": 1399347.6960695, ""expected_visual_onset_monotonic"": 1399347.5, ""expected_visual_onset_uncertainty_ms"": 4.148969997186214, ""fixed_display_latency_ms"": 0.0, ""flip_lsl_timestamp"": 1399347.6960695, ""flip_monotonic"": 1399347.5, ""lsl_timestamp"": 1399347.6960695, ""marker_emit_attempted"": true, ""marker_stream_name"": ""EEGleMarkers"", ""marker_stream_source_id"": ""eegle-markers-dynamic_sart-run-20260820T161425-cd265ce895a2"", ""marker_stream_type"": ""Markers"", ""phase"": ""query"", ""photodiode_verification_enabled"": false, ""practice"": false, ""scheduled_on_flip"": true, ""schema_version"": 1, ""sequence_id"": ""237942804d5e24dc51a11ff9281243bab0f3fb0afd493a5da2f3cce232c141d1"", ""study_segment"": ""session1_main"", ""task"": ""dynamic_sart"", ""timing_model"": ""psychopy_callOnFlip_plus_fixed_display_latency""}"
29,dynamic_sart_trial_complete__v=1__trial=29__condition=go__digit=6__block=3__phase=query__segment=session1_main__practice=0,EVENT,1399347.5,,"{""block"": 3, ""condition"": ""go"", ""correct"": true, ""cue_assignment"": null, ""cue_opportunity"": false, ""cue_opportunity_index"": null, ""cue_randomization_block_index"": null, ""digit"": 6, ""lsl_timestamp"": 1399347.6960269, ""marker_emit_attempted"": true, ""marker_stream_name"": ""EEGleMarkers"", ""marker_stream_source_id"": ""eegle-markers-dynamic_sart-run-20260820T161425-cd265ce895a2"", ""marker_stream_type"": ""Markers"", ""phase"": ""query"", ""practice"": false, ""primary_outcome"": ""correct_go"", ""reaction_time_seconds"": 0.23706419998779893, ""schema_version"": 1, ""sequence_id"": ""237942804d5e24dc51a11ff9281243bab0f3fb0afd493a5da2f3cce232c141d1"", ""study_segment"": ""session1_main"", ""task"": ""dynamic_sart""}"
30,dynamic_sart_key_event,EVENT,1399347.7266429,space,"{""assigned_block"": 3, ""assigned_phase"": ""query"", ""event_id"": ""key-00000087"", ""hardware_timestamped"": true, ""is_escape_key"": false, ""is_late"": false, ""is_premature"": false, ""is_response_key"": true, ""keyboard_backend"": ""psychopy.hardware.keyboard.Keyboard"", ""keyboard_time"": 180.9146467000246, ""schema"": ""eegle.dynamic_sart.key_event.v1"", ""task_state"": ""STIMULUS_VISIBLE"", ""timestamp_lsl_if_available"": 1399347.915462}"
30,dynamic_sart_stimulus_offset__v=1__trial=30__condition=go__digit=0__block=3__phase=query__segment=session1_main__practice=0,EVENT,1399347.75,,"{""block"": 3, ""condition"": ""go"", ""cue_assignment"": null, ""cue_opportunity"": false, ""cue_opportunity_index"": null, ""cue_randomization_block_index"": null, ""digit"": 0, ""expected_visual_onset_lsl_timestamp"": 1399347.947848, ""expected_visual_onset_monotonic"": 1399347.75, ""expected_visual_onset_uncertainty_ms"": 4.148969997186214, ""fixed_display_latency_ms"": 0.0, ""flip_lsl_timestamp"": 1399347.947848, ""flip_monotonic"": 1399347.75, ""lsl_timestamp"": 1399347.947848, ""marker_emit_attempted"": true, ""marker_stream_name"": ""EEGleMarkers"", ""marker_stream_source_id"": ""eegle-markers-dynamic_sart-run-20260820T161425-cd265ce895a2"", ""marker_stream_type"": ""Markers"", ""phase"": ""query"", ""photodiode_verification_enabled"": false, ""practice"": false, ""scheduled_on_flip"": true, ""schema_version"": 1, ""sequence_id"": ""237942804d5e24dc51a11ff9281243bab0f3fb0afd493a5da2f3cce232c141d1"", ""study_segment"": ""session1_main"", ""task"": ""dynamic_sart"", ""timing_model"": ""psychopy_callOnFlip_plus_fixed_display_latency""}"
30,dynamic_sart_response_window_close__v=1__trial=30__condition=go__digit=0__block=3__phase=query__segment=session1_main__practice=0,EVENT,1399349.109,,"{""block"": 3, ""condition"": ""go"", ""cue_assignment"": null, ""cue_opportunity"": false, ""cue_opportunity_index"": null, ""cue_randomization_block_index"": null, ""digit"": 0, ""flip_lsl_timestamp"": 1399349.2977344, ""flip_monotonic"": 1399349.109, ""lsl_timestamp"": 1399349.2977344, ""phase"": ""query"", ""practice"": false, ""response_window_close_overshoot_seconds"": 0.008999999845400453, ""scheduled_on_flip"": true, ""scheduled_response_window_close_lsl"": 1399349.2960695, ""scheduled_response_window_close_monotonic"": 1399349.1, ""schema_version"": 1, ""sequence_id"": ""237942804d5e24dc51a11ff9281243bab0f3fb0afd493a5da2f3cce232c141d1"", ""study_segment"": ""session1_main""}"
30,dynamic_sart_trial_complete__v=1__trial=30__condition=go__digit=0__block=3__phase=query__segment=session1_main__practice=0,EVENT,1399349.109,,"{""block"": 3, ""condition"": ""go"", ""correct"": true, ""cue_assignment"": null, ""cue_opportunity"": false, ""cue_opportunity_index"": null, ""cue_randomization_block_index"": null, ""digit"": 0, ""lsl_timestamp"": 1399349.2977344, ""marker_emit_attempted"": true, ""marker_stream_name"": ""EEGleMarkers"", ""marker_stream_source_id"": ""eegle-markers-dynamic_sart-run-20260820T161425-cd265ce895a2"", ""marker_stream_type"": ""Markers"", ""phase"": ""query"", ""practice"": false, ""primary_outcome"": ""correct_go"", ""reaction_time_seconds"": 0.22664289991371334, ""schema_version"": 1, ""sequence_id"": ""237942804d5e24dc51a11ff9281243bab0f3fb0afd493a5da2f3cce232c141d1"", ""study_segment"": ""session1_main"", ""task"": ""dynamic_sart""}"
,dynamic_sart_timing_warning__block=3,SYSTEM,1399349.109,,"{""action"": ""recording continues; review the timing report after acquisition"", ""affected_timing_measurements"": 2, ""allowed_error_seconds"": 0.01244690999155864, ""block_index"": 3, ""lsl_timestamp"": 1399349.3079515, ""marker_emit_attempted"": true, ""marker_stream_name"": ""EEGleMarkers"", ""marker_stream_source_id"": ""eegle-markers-dynamic_sart-run-20260820T161425-cd265ce895a2"", ""marker_stream_type"": ""Markers"", ""maximum_soi_error_seconds"": 0.02499999999999991, ""maximum_stimulus_error_seconds"": 0.014999999897554517, ""task"": ""dynamic_sart"", ""warning"": true}"
,dynamic_sart_block_end__block=3__phase=query,SYSTEM,1399349.125,,"{""block_index"": 3, ""completed_trials"": 10, ""lsl_timestamp"": 1399349.3140297, ""marker_emit_attempted"": true, ""marker_stream_name"": ""EEGleMarkers"", ""marker_stream_source_id"": ""eegle-markers-dynamic_sart-run-20260820T161425-cd265ce895a2"", ""marker_stream_type"": ""Markers"", ""phase"": ""query"", ""task"": ""dynamic_sart""}"
,dynamic_sart_task_end,SYSTEM,1399349.156,,"{""aborted"": false, ""lsl_timestamp"": 1399349.3495361, ""marker_emit_attempted"": true, ""marker_stream_name"": ""EEGleMarkers"", ""marker_stream_source_id"": ""eegle-markers-dynamic_sart-run-20260820T161425-cd265ce895a2"", ""marker_stream_type"": ""Markers"", ""task"": ""dynamic_sart""}"
,dynamic_sart_key_event,EVENT,1399350.8263512999,space,"{""assigned_block"": null, ""assigned_phase"": null, ""event_id"": ""key-00000088"", ""hardware_timestamped"": true, ""is_escape_key"": false, ""is_late"": false, ""is_premature"": false, ""is_response_key"": true, ""keyboard_backend"": ""psychopy.hardware.keyboard.Keyboard"", ""keyboard_time"": 184.01435509999283, ""schema"": ""eegle.dynamic_sart.key_event.v1"", ""task_state"": ""COMPLETE"", ""timestamp_lsl_if_available"": 1399351.0151704}"
