window_start_lsl_timestamp,window_end_lsl_timestamp,window_mid_lsl_timestamp,window_start_monotonic,window_end_monotonic,window_mid_monotonic,posterior_alpha_power,Fz_alpha_power,Cz_alpha_power,Pz_alpha_power,C3_alpha_power,C4_alpha_power,P3_alpha_power,P4_alpha_power,Oz_alpha_power
504767.69544145,504768.69344135,504768.1944414,504768.264000103,504768.726,504768.4950000515,0.3841900953944368,0.2768214435577241,0.4768959086065613,0.4074803186048108,0.2387963452868184,0.31037091468367284,0.5005757146737174,0.26508315142002953,0.5974969663221605
504767.795441346,504768.79344135,504768.294441348,504768.363999999,504768.823,504768.5934999995,0.49844551310430996,0.4222869008399625,0.440520087553407,0.7000413476958695,0.41432625822555136,0.4157838995945057,0.7162636722010085,0.413142116492783,0.46519982223139283
504767.895441348,504768.89344135,504768.394441349,504768.336,504768.92,504768.628,0.8651674061560248,0.8928261973374473,0.6164839009431005,1.0501116370383996,0.9585404501505672,0.9535762601971389,0.934115322010673,0.901787601958243,0.6138978796126285
504767.995441349,504768.99344135,504768.4944413495,504768.308,504769.032,504768.67000000004,1.50317294044957,1.8861516472312636,0.9692325120169154,1.3049802546113005,1.989781253701858,1.7154370891263495,1.2383120905381453,1.8364880202869822,1.0850006560837437
504768.095441349,504769.09344135,504768.5944413495,504768.28,504769.132,504768.706,2.1583722361659583,3.244906021669551,1.2380922852164784,1.3397132357516395,3.147067846931269,2.144691743532573,1.6467393213783033,2.893857022191596,1.6119104126562562
504768.195441349,504769.19344135,504768.6944413495,504768.38,504769.245,504768.8125,2.503389150315999,4.4301604606041245,1.21285815295577,1.1735995769647702,3.8211017595935592,1.9256945267624905,1.9920836740318213,3.5319633346156865,1.939651716999769
504768.295441349,504769.29344135,504768.79444134946,504768.352,504769.342,504768.847,2.388289008321829,4.832754063504812,0.9101177358198103,0.9584484248409403,3.710247061632694,1.2510461964503534,2.039947946583899,3.424408699040963,1.9793419387011584
504768.395441349,504769.39344135,504768.89444134955,504768.434,504769.439,504768.9365,1.9644643079814879,4.216840510284421,0.6162197505044287,0.9037184333104528,3.007999425675211,0.6752836467554416,1.7803121525739651,2.7177272389202525,1.797613305827729
504768.49544135,504769.49344135,504768.99444135,504768.531,504769.536,504769.0335,1.8889387860179438,3.1692108618265538,0.9195386640126125,1.5700434717427803,2.4088330857157536,0.7996031051889407,1.8973165216948098,2.0829616012623644,2.264002976699736
504768.59544135,504769.59344135,504769.09444134997,504768.628,504769.636,504769.132,2.74255734424755,2.558594449792912,2.0198928013302564,3.275380317715989,2.468402778068373,1.864297110443076,3.03785269190143,2.08985447869447,4.6261841260338965
504768.69544135,504769.69344135,504769.19444135,504768.728,504769.733,504769.2305,4.07932209458849,2.593714262137048,3.2210868204761716,5.110317917731672,2.9217035541356857,3.24399065115088,4.62271458336363,2.519985167443604,8.401063800269231
504768.79544135,504769.79344135,504769.29444135004,504768.825,504769.845,504769.33499999996,4.760249158600276,2.8460775235591713,3.58246790353438,5.616822625667515,3.1262264592756326,3.8908708748427188,5.2829325361094215,2.7867881607967946,10.949807185016578
504768.89544135,504769.89344135,504769.39444135,504768.922,504769.942,504769.43200000003,4.188333137442822,2.819930655827112,2.961772913626443,4.402997960804725,2.763379795985946,3.424725713437056,4.432197942647241,2.578788173717228,10.122871943496824
504768.99544135,504769.99344135,504769.49444135,504769.034,504770.042,504769.538,2.9729630726910203,2.419250364424339,2.1452200756365714,2.699823020925039,2.1615406547116165,2.5197166157484574,2.893637656531717,2.1085123628978213,6.836003830652601
504769.09544135,504770.09344135,504769.59444134997,504769.134,504770.139,504769.6365,2.156578049976452,1.8995334291260129,1.8345902651258017,1.9888213360895126,1.8308565025942984,1.9676582556713658,1.9276374176371187,1.8193684458667156,3.9841587477007896
504769.19544135,504770.19344135,504769.69444135,504769.247,504770.252,504769.7495,1.9820940474391773,1.4267828781330953,1.8771704339932906,2.2911190596479134,1.8046500045973086,1.7902901312532278,1.7903957977633733,1.791939233288586,3.0844048408366236
504769.29544135,504770.29344135,504769.79444135004,504769.344,504770.333,504769.83849999995,2.066431837895104,1.1480417296009662,1.8963466520246008,2.718180909334584,1.95083349848915,1.7696687955951749,2.0165166060180453,1.8782962371407494,3.153570274957562
504769.39544135,504770.39344135,504769.89444135,504769.441,504770.446,504769.9435,2.5715990725472864,1.6349891098747182,2.3799797820366972,3.240039426245321,2.7483905202462697,2.189666774732033,2.774284526464262,2.3384797788897567,3.266962661889231
504769.49544135,504770.49344135,504769.99444135,504769.538,504770.546,504770.042,3.512816731322461,2.77296878029971,3.558734609052642,4.0397371760183685,4.104167041875992,3.1167274639426052,3.998931138859599,3.092848186876459,3.418419453654316
504769.59544135,504770.593441264,504770.094441307,504769.638,504770.643000151,504770.1405000755,4.1681905187888155,3.553482348928082,4.627747254941566,4.628527123855623,4.892771399501811,3.855676175612601,4.804697028620746,3.4479760212585067,3.5346467975915914
504769.69544135,504770.693440931,504770.1944411405,504769.735,504770.724000216,504770.229500108,3.8409234913750554,3.20164241805875,4.592090684036123,4.371366527105809,4.219322233772187,3.783810276342468,4.3918399191810185,2.9417147039747684,3.225601168529319
504769.79544135,504770.793440636,504770.294440993,504769.847,504770.837000263,504770.3420001315,2.7214780208620075,1.9777765884546148,3.4470493555717967,3.359635144537216,2.5041050329925185,2.99478124414445,3.0951202473857764,1.8889581561888753,2.50439839762081
504769.89544135,504770.893440373,504770.39444086154,504769.944,504770.937,504770.4405,1.642260260992657,0.8194644128240101,2.1033742486545397,2.3307461781211716,1.0379882630408173,2.054006226908387,1.985050723760996,0.996608814937502,1.810843219693834
504769.99544135,504770.993440137,504770.49444074347,504770.044,504771.050000061,504770.5470000305,1.127728323721695,0.31375806425317887,1.3247420880670469,1.767212320990935,0.5386921541242715,1.410551912910571,1.5750252989264157,0.6401850326677345,1.4516597178334067
504770.09544135,504771.093439927,504770.5944406385,504770.141,504771.147000108,504770.644000054,1.036024078868075,0.3714955649782158,1.1051807694967417,1.5726498349592752,0.7135211102194177,1.0991362741605712,1.5045406379125086,0.6713035165629877,1.250364922654882
504770.19544135,504771.193439738,504770.694440544,504770.254,504771.228000144,504770.741000072,1.4063922859477866,0.9364822040951298,1.4226254959289877,2.0674953518990424,1.4215410916701865,1.1758999400864445,1.8347718476916386,1.0967418205861426,1.2955805356247208
504770.29544135,504771.293439568,504770.794440459,504770.335,504771.325000171,504770.8300000855,2.5031327111295916,2.099053397844081,2.4631247830118914,3.712577272736734,2.7968906064308507,1.6447845674072104,3.0068959610649513,2.081088649057422,2.2206464514835913
504770.39544135,504771.393439414,504770.894440382,504770.448,504771.425000017,504770.93650000845,4.077430573499132,3.560602982100531,4.101543155056127,5.969976466697283,4.475570156655626,2.314838242608407,4.771489111252498,3.3768127800572136,4.0486116935653715
504770.49544135,504771.493439276,504770.99444031296,504770.548,504771.538000052,504771.043000026,5.131246376688651,4.462228257143703,5.3751473808766175,7.295422173792529,5.400024683859908,2.7514876711570855,5.925569628314037,4.138198249351328,5.701892969013997
504770.595441257,504771.593439151,504771.094440204,504770.645000144,504771.650000078,504771.147500111,4.831817281490065,4.198561111393469,5.282350016891327,6.587462813080689,4.827948871194014,2.6040217934119916,5.441240172349151,3.7488146202835475,5.964138853316336
504770.695440925,504771.693439037,504771.194439981,504770.72600021,504771.747000099,504771.2365001545,3.576012537252331,3.3147751915331556,4.081707189052501,4.426240182406565,3.428738571805392,2.062559853765967,3.7886481256925837,2.643241031972896,4.8621901517895845
504770.79544063,504771.793438934,504771.29443978204,504770.839000258,504771.844000115,504771.3415001865,2.7110679327619343,3.1218561538780785,3.177388755391851,2.5499774839262956,2.8380064514933627,1.8273708646431732,2.5761672717746684,1.9725224434865454,3.625254037501497
504770.895440368,504771.893438841,504771.3944396045,504770.952000292,504771.944000021,504771.4480001565,3.0529056645022967,4.126369494980452,3.614355278487427,2.093879716090154,3.787536192289872,2.553152851995523,2.7548154253718096,2.378148667746727,3.114987689056408
504770.995440133,504771.993438756,504771.4944394445,504771.052000057,504772.041000041,504771.546500049,3.900981577029941,5.243169284944686,4.711492762516167,2.5699165618161794,5.115383676277027,3.819203526946614,3.550382180444176,3.2116559900915598,2.986648633203118
504771.095439923,504772.093438678,504771.5944393005,504771.149000104,504772.123000057,504771.6360000805,4.0398131811494595,5.09277621374816,4.959084514157227,2.8507420975933795,5.19764664819196,4.499082018344374,3.715189277031505,3.377244792074864,2.6267398880542063
504771.195439734,504772.193438608,504771.694439171,504771.23000014,504772.235000069,504771.7325001045,3.126815798055269,3.6198491044545027,3.8246155584195423,2.4084179676224733,3.736512410363029,3.9543624108347917,2.9096355430274166,2.5464235946176528,2.0147097951027435
504771.295439564,504772.293438543,504771.7944390535,504771.327000167,504772.335000005,504771.83100008604,1.8756818394346233,2.115100503288732,2.170347553499934,1.4960884109172454,1.9568324495938172,2.6771613770662674,1.8126423916637242,1.4728852396415029,1.3043967898057631
504771.395439411,504772.393438484,504771.8944389475,504771.427000014,504772.41700002,504771.922000017,1.2219149127127904,1.684758594096722,1.1936803432198047,0.7973931059262325,1.185622903410009,1.75892170844562,1.2678995233877188,1.047546111435874,0.8394970117803429
504771.495439273,504772.493438431,504771.994438852,504771.540000049,504772.529000032,504772.03450004046,1.2252339005565245,2.061778636056437,1.046652131071415,0.5370971316219078,1.3537199686217618,1.6306112626552298,1.1907158701626943,1.2581903335259046,0.7231058707368456
504771.595439148,504772.593438382,504772.094438765,504771.652000076,504772.626000041,504772.1390000585,1.3445953143569849,2.23521479820611,1.1709660526397783,0.5898042753896227,1.5080120991609915,1.7981191914797263,1.0976684244130481,1.4658081838345136,0.8911694897320885
504771.695439035,504772.693438337,504772.194438686,504771.749000097,504772.739000019,504772.244000058,1.3863196503838187,1.7862357730028227,1.3218495284489724,1.0294178954132929,1.1993549278012092,1.8745107487244814,1.0617927228141752,1.306719845177322,1.5106757616882722
504771.795438932,504772.793438301,504772.2944386165,504771.846000113,504772.838999983,504772.342500048,1.5681961437524015,1.089237198324784,1.6826152076157856,1.9608046835312796,0.7467372179557813,1.940934751730072,1.3901965692172467,0.9394414463151443,2.795602075329118
504771.895438839,504772.893438385,504772.394438612,504771.946000019,504772.935999961,504772.44099999,1.9523739339607795,0.6000137645232366,2.3278251110993775,3.123635450032902,0.5865115074578185,2.0694492455232756,2.009205827286921,0.6085825047298873,4.293768061032817
504771.995438754,504772.993438465,504772.49443860946,504772.04300004,504773.016999942,504772.529999991,2.2066880956375474,0.424605997956662,2.7663210664505984,3.7927684742655328,0.693218080758206,2.0214995738375823,2.371955677166496,0.41818938463245564,5.164946510032846
504772.095438677,504773.09343854,504772.5944386085,504772.125000055,504773.145999926,504772.63549999055,2.113795959096814,0.6341755593562598,2.5445633285708746,3.604976348164435,0.8678121684875122,1.6804078440273214,2.1645614453347455,0.5722124286498637,4.841658550183501
504772.195438606,504773.193438611,504772.6944386085,504772.237000068,504773.245999997,504772.7415000325,1.9068540291472682,1.2743836098009904,1.840453758145951,2.992785757204091,1.0450150084094372,1.458787027519042,1.687656709821646,1.2145025014264952,3.741247860850495
504772.295438542,504773.293438678,504772.79443860997,504772.337000004,504773.342999979,504772.83999999147,2.159394672695765,2.2369780110415043,1.5981506556673948,2.9351391287231365,1.4024824368719266,2.333133886482587,1.5894319004615984,2.193521218640944,2.9863201436770304
504772.395438483,504773.393438742,504772.8944386125,504772.419000019,504773.439999964,504772.9294999915,3.0113776751848143,3.1698492144023303,2.5539139487264206,3.698128712326891,1.960154554598549,4.458182020228538,2.068941138272805,3.0418343362809193,3.1400174766420603
504772.49543843,504773.493438802,504772.994438616,504772.531000031,504773.53699995,504773.0339999905,3.889674865991541,3.6945019061043123,4.282360558533344,4.456450796494382,2.474884011732093,6.453236219691522,2.7021749546106104,3.2804344751100114,3.7733560056560513
504772.595438381,504773.593438859,504773.09443862,504772.628000041,504773.648999937,504773.138499989,3.9797888257974234,3.4754043876338043,5.275520161092389,4.213328827850255,2.5089857940929434,6.596410292662218,2.824768386064317,2.760312267849685,4.183580489133777
504772.695438336,504773.693438913,504773.1944386245,504772.741000018,504773.748999992,504773.245000005,3.1349342803615485,2.560931444954592,4.638392971502861,3.0373103255831846,1.9830515858232904,4.778601621948962,2.3041448879463964,1.8122186339505406,3.9648227711825648
504772.795438302,504773.793438965,504773.2944386335,504772.840999984,504773.830999978,504773.33599998103,1.9969227480526912,1.5014551906883002,2.9802268979133357,1.8429810576454302,1.3331943971054476,2.6028057732459544,1.5692757379132662,0.9913957544734544,3.154047175436342
504772.895438387,504773.893439013,504773.3944387,504772.937999963,504773.942999966,504773.4404999645,1.3235907321369123,0.9709948833340993,1.6514558052782915,1.3972389764171174,1.0650785834424181,1.525182273109278,1.1692837025795628,0.6574344769896674,2.1520571559448634
504772.995438466,504773.99343906,504773.494438763,504773.018999944,504774.024999956,504773.52199995,1.2266055164497132,1.0347319956462957,1.235973859040779,1.5805290405283905,1.179669997395608,1.406791190576291,1.2076110154685105,0.7068731720075546,1.4606638609342757
504773.095438542,504774.093439104,504773.594438823,504773.147999928,504774.125,504773.636499964,1.2234185355927938,1.0932320578152241,1.201221735533958,1.7518322184118118,1.1948298233915788,1.3378505458428953,1.288212551862558,0.7657596668594824,1.154409685024841
504773.195438612,504774.193439146,504773.694438879,504773.247999999,504774.236999989,504773.742499994,1.0129011861303885,0.8006759602497664,1.0284421955206784,1.543266713940839,0.9028016092007796,1.0851542433383201,1.130983527090676,0.68199277489979,0.9298924648022588
504773.29543868,504774.293439187,504773.7944389335,504773.344999981,504774.318999978,504773.8319999795,0.7545100434183396,0.44537770478366095,0.8318267760781624,1.0621143071908963,0.6195659956684173,1.010103263829052,0.8761190643120143,0.5779980590559165,0.6129751764285973
504773.395438743,504774.393439225,504773.894438984,504773.441999965,504774.446999969,504773.94449996704,0.6647626332572035,0.2902199623689277,0.810291981164565,0.6586536217727866,0.6205471264390632,1.2499191289776523,0.7764524938109547,0.5777965309304857,0.33422022059319284
504773.495438803,504774.493439262,504773.9944390325,504773.538999951,504774.544000086,504774.0415000185,0.7899100317509965,0.3582333396551983,0.9751023395355142,0.6233151727018791,0.8336569543129118,1.640344684100545,0.8901228868960647,0.638241341552892,0.3602635352529667
504773.59543886,504774.593439186,504774.094439023,504773.650999939,504774.644000011,504774.147499975,0.9174574126995035,0.42896641098415045,1.0375308797566154,0.8495420685328827,0.899489327739072,1.7872604575027013,0.9535308776418959,0.6569420661438183,0.7263972132948923
504773.695438914,504774.693439101,504774.1944390075,504773.750999993,504774.741000033,504774.24600001296,1.0224535482699728,0.6213183141233126,0.94241966098357,1.174308129050567,0.8089684599999523,1.7469654898249847,0.901138054397219,0.8154814573399977,1.1690288204401798
504773.795438966,504774.79343902,504774.294438993,504773.832999979,504774.838000053,504774.335500016,1.4171289483931802,1.4493161648834603,0.9829734916092939,1.6647651157734051,1.0805895750176715,1.8718299521931498,1.109057398173685,1.5261335133631022,1.6523663761316725
504773.895439014,504774.893438942,504774.394438978,504773.944999967,504774.91900007,504774.43200001854,2.3217394841324652,3.2408668237591414,1.4878398016515353,2.3228264338435687,2.1531798209544464,2.350688759184865,1.8659961869384918,2.8874177886788495,2.2651002580488235
504773.995439061,504774.993438869,504774.494438965,504774.026999957,504775.032000086,504774.5295000215,3.24477393349013,5.1724354034251165,2.1458514829013184,2.7740894754849967,3.4676215510703683,2.7600410465889764,2.732050622303616,4.097137994080697,2.808963892065948
504774.095439105,504775.0934388,504774.5944389525,504774.138999947,504775.132000016,504774.63549998146,3.3936351219138277,5.762396032638532,2.3640439680435406,2.646626500558325,3.851945485885147,2.7060463441095375,2.8898914788822108,4.135847069343088,2.792284095850241
504774.195439147,504775.193438734,504774.6944389405,504774.238999989,504775.244000033,504774.741500011,2.6496049393615406,4.510078000203059,2.0635636047736634,2.0131811621619966,2.9339348307370723,2.439065052623406,2.1607697825094165,2.9780295231310063,2.098217558752705
504774.295439187,504775.293438671,504774.79443892895,504774.320999979,504775.326000048,504774.8235000135,1.7805325523612525,2.548758153375145,1.7939301283004951,1.396520161557134,1.6321530458073128,2.5533538240464595,1.2746241380698287,1.7886717764180031,1.2562491913156413
504774.395439226,504775.393438612,504774.89443891903,504774.44899997,504775.423000061,504774.93600001547,1.4938056372949562,1.266264429430527,1.9762590454362359,1.190605174942928,0.982749526935274,3.031373649179886,1.0371876314460147,1.4581679821314415,1.0078376588573423
504774.495439262,504775.493438555,504774.9944389085,504774.546000086,504775.523000004,504775.034500045,1.7016421153084793,0.9019325569307349,2.33832767354581,1.3148646530148214,1.0560320506799032,3.2100996376302415,1.4662988797851457,1.6829090813626486,1.6426723895185285
504774.595439185,504775.593438501,504775.09443884296,504774.646000009,504775.620000019,504775.133000014,1.7703492619142893,0.7996221121457019,2.2302028820910174,1.3816050243433768,1.212150227092776,2.582861284489822,1.8541054872256129,1.6864807698068733,2.415766308119134
504774.695439099,504775.69343845,504775.1944387745,504774.743000031,504775.732000032,504775.2375000315,1.4740448812990319,0.5693911846494989,1.5766847119408613,1.275004657086078,1.1358941549039512,1.532717963306478,1.759878724873606,1.3755943481033077,2.5671933055284737
504774.795439018,504775.793438401,504775.2944387095,504774.840000051,504775.829000043,504775.334500047,1.0454040331538919,0.3282906213611311,0.9009157395037589,1.0382021799146262,0.9328454745252679,0.6829739420171168,1.3012315918164505,1.060043706277231,2.1187290098155525
504774.895438941,504775.893438354,504775.39443864755,504774.921000069,504775.926000053,504775.42350006104,0.7198435985387828,0.1867931077828865,0.6303253495043033,0.7207928060920566,0.7048849686289902,0.27344899304272197,0.8340568917045406,0.8455057557200665,1.562940915834697
504774.995438868,504775.99343831,504775.49443858897,504775.034000084,504776.026000009,504775.5300000465,0.624078545440654,0.14617547694315966,0.8473190676981235,0.5024444649417386,0.5483106566888679,0.236494655295384,0.6872258917727491,0.6282574951941777,1.396400654991031
504775.095438798,504776.093438268,504775.594438533,504775.134000015,504776.13900002,504775.6365000175,0.6835804397639759,0.14288892597732505,1.2024511228024541,0.47312531110065165,0.46176001475694056,0.38530263298145084,0.7664225000529447,0.36642901966117625,1.670263990778864
504775.195438733,504776.193438227,504775.69443847996,504775.246000032,504776.267000029,504775.7565000305,0.916220471224847,0.26127465494858193,1.3433386142446972,0.7572888190728616,0.6404472194240547,0.720779898334745,1.0317498793208673,0.346867055523304,2.2280176289296634
504775.29543867,504776.293438189,504775.7944384295,504775.328000047,504776.333000038,504775.83050004253,1.2530589003812693,0.5238479010628789,1.2167838641347184,1.2232118187512184,1.113318005902716,1.0990430944431708,1.4300990959756126,0.6863814210240451,2.731786001755795
504775.39543861,504776.393438152,504775.89443838096,504775.42500006,504776.433000001,504775.9290000305,1.5403381444488984,0.8083968641578897,1.0144185889761341,1.6122489009286667,1.6683009445057115,1.3080178323934402,1.8142972753960582,1.1318767948224087,2.9651479544108765
504775.495438554,504776.493438117,504775.9944383355,504775.525000003,504776.530000011,504776.02750000695,1.5878719467520868,1.0495463253529493,0.9069389159577466,1.6707966725658432,1.9277228634242318,1.210834067136318,1.8602102005052843,1.3444534945852797,2.7324730344890398
504775.5954385,504776.593438084,504776.09443829197,504775.622000018,504776.627000019,504776.12450001854,1.468078083017477,1.482073541849699,1.0658023039646405,1.4459106903815033,1.8727595891817943,0.970387634681654,1.545881982574998,1.3327234809270028,2.0290854405785232
504775.695438449,504776.693438052,504776.1944382505,504775.734000031,504776.724000079,504776.229000055,1.6888390797768076,2.4800802056789637,1.9089024958826417,1.4703814444756818,2.0895595240101192,1.009953894398119,1.5379547920266359,1.491084319056096,1.5227959626862022
504775.7954384,504776.79343796,504776.29443818,504775.831000042,504776.821000133,504776.3260000875,2.4272888769134875,3.7967678974829395,3.4807660658678374,1.9688910770041246,2.81279753563864,1.446651636847788,2.272027031280764,1.91830312954345,1.722106641642356
504775.895438353,504776.893437845,504776.394438099,504775.928000052,504776.921000018,504776.424500035,3.134373559683113,4.5309017543577665,4.987210595828117,2.503082316326844,3.412276469637769,1.8927664326362599,3.198003909194691,2.1617944907802435,2.3889525087032086
504775.995438309,504776.993437734,504776.4944380215,504776.028000008,504777.034000047,504776.53100002755,3.1501277680326125,4.044549436204472,5.333928114358464,2.5372995754358936,3.117973599560557,1.9330988748490183,3.347694426847755,1.8020742400224026,3.0844038769823374
504776.095438267,504777.093437628,504776.5944379475,504776.141000019,504777.131000074,504776.6360000465,2.7274822230702718,2.731477728100554,4.682989949977184,2.4241377777292583,2.1689636637452665,2.0496811362070044,2.774879213340915,1.1498953677631256,3.8378329476988653
504776.195438227,504777.193437526,504776.69443787646,504776.269000029,504777.243000098,504776.7560000635,2.7815276423083084,1.6096890431989186,4.4106995358424985,3.1592639508323455,1.499281777222333,3.199586967730844,2.525024226208007,0.9244181859573557,4.924257451474165
504776.295438188,504777.293437428,504776.794437808,504776.335000037,504777.343,504776.8390000185,3.478968301912989,1.1216202391821182,5.134615834814498,4.7862839926611755,1.4690583457068342,5.058450538797649,3.102745193395668,1.2388812295760236,5.920091041169945
504776.395438152,504777.393437334,504776.894437743,504776.435000001,504777.440000026,504776.9375000135,4.048435068013204,1.103643506766853,5.991168642605982,6.119027482876902,1.7395585107368996,6.138397959840358,3.8567045341306248,1.5855220225351423,5.853457884612874
504776.495438117,504777.493437243,504776.99443768,504776.53200001,504777.553000049,504777.04250002955,3.806329638610717,1.2865015964396658,5.867165350198708,5.972664792282916,1.9075023608976867,5.583692161765363,3.8830366484950813,1.5569747966442038,4.393099402162112
504776.595438083,504777.593437156,504777.0944376195,504776.629000019,504777.634000071,504777.13150004495,2.944631408666636,1.4223719859271147,4.799685496739384,4.5918706516518,1.8040443559397783,4.12389557394485,3.07785333847395,1.2126833293014674,2.5246465373547444
504776.695438052,504777.693437073,504777.1944375625,504776.726000078,504777.73100009,504777.228500084,2.1624731839520086,1.434640743272736,3.7827851847011953,3.1949312361944693,1.5127811668442157,3.054574549948132,2.0874299998801016,0.8657724389435147,1.3668701518317037
504776.795437957,504777.793436992,504777.29443747445,504776.823000131,504777.831000009,504777.32700007,1.7163612040791092,1.2701548107176992,3.2237931445394876,2.4462802324249298,1.0838699710266553,2.619026987407468,1.3223931242645932,0.6845238399600097,1.0808475222920322
504776.895437842,504777.893436914,504777.39443737804,504776.923000016,504777.94400003,504777.433500023,1.3799078134001175,0.9548407429719572,2.712719856797758,2.047152183387078,0.6193318107455008,2.206119612486371,0.769025039555421,0.5790469876166664,1.1510262736401873
504776.995437732,504777.99343684,504777.49443728605,504777.036000045,504778.025000049,504777.530500047,1.1253975982394615,0.760745213006393,2.136865936755554,1.7375742278275284,0.4158731297524787,1.7229429182083242,0.44738757600581847,0.5482993395045566,1.2334924448550375
504777.095437626,504778.093436768,504777.59443719697,504777.133000072,504778.138000067,504777.6355000695,1.3409814307945824,1.337371104255423,1.979663704247294,1.8247803327764245,0.8598504815197812,1.7026342352383657,0.6327296291076424,1.036538509912687,1.3542834492990412
504777.195437524,504778.193436699,504777.6944371115,504777.245000096,504778.235000082,504777.740000089,2.12798557033289,2.814435059059021,2.4358602935301916,2.564315367381902,1.9330310219902445,2.1286277009339463,1.3975866219877253,2.2278363633083145,1.5221921344717755
504777.295437426,504778.293436632,504777.79443702905,504777.342000118,504778.335000016,504777.838500067,3.2373073195163586,4.593202400176696,3.160488734487088,3.797948944485832,3.204106132103206,2.5937363152732247,2.58888323624263,3.679439044751696,2.2806537486105
504777.395437332,504778.393436568,504777.89443695,504777.442000024,504778.432000032,504777.937000028,4.031423049851741,5.482966898744233,3.4499334569722375,4.747737018430101,3.937712732061018,2.6711732499478416,3.633948483833671,4.433591988583574,3.8943205702412493
504777.495437242,504778.493436506,504777.994436874,504777.555000047,504778.529000048,504778.0420000475,3.9112779158408637,4.781423463763136,2.970474303283526,4.617862948110922,3.6085284292032136,2.220624025686014,3.844035914665396,3.9005083059635464,5.346765936051158
504777.595437155,504778.593436446,504778.09443680046,504777.636000069,504778.626000062,504778.1310000655,2.929101727137682,3.070106312612639,2.0106360244459625,3.4267032108101025,2.4847278006494395,1.4843485918467294,3.119274573790628,2.5545968935035352,5.282420409442417
504777.695437071,504778.693436388,504778.1944367295,504777.733000088,504778.726000005,504778.22950004647,1.799304451978477,1.559891177035308,1.1722092227197103,2.1179108502453667,1.3612569189255717,0.912588115798544,2.1369595851479293,1.4509430407845159,3.682676705170872
504777.79543699,504778.793436333,504778.2944366615,504777.833000008,504778.839000019,504778.3360000135,1.3885735998251136,0.8536609159440989,1.001861370368984,1.8108274268980944,0.8443011189675309,1.20863466310128,1.8161011052937188,1.1919694010933766,2.3812327969338254
504777.895436913,504778.893436314,504778.39443661354,504777.946000029,504778.935999981,504778.441000005,1.975668094321809,0.7609474922084759,1.6232719700013727,2.726430715088532,0.990118153208216,2.731092102062346,2.544786967150348,1.5894997821435168,2.8391975727116643
504777.995436838,504778.993436345,504778.4944365915,504778.027000048,504779.032999973,504778.5300000105,3.0798700384072535,0.8249068698119522,2.6654906881662876,4.149371795273327,1.4311141739692979,4.878789877704497,3.886479815312337,2.068294841832374,4.734512245187956
504778.095436766,504779.093436374,504778.59443656995,504778.140000065,504779.144999966,504778.6425000155,3.7896009685090113,0.8592603342254711,3.4262026695210297,4.926987033587243,1.7603992655913294,6.275562738283133,4.870602047605723,2.170695305656403,6.0270983536017555
504778.195436697,504779.193436403,504778.69443655,504778.237000081,504779.244999994,504778.7410000375,3.7817196230849333,0.9818055564689059,3.6661695675767256,4.704444275911035,1.9578870217499285,6.299858396445574,5.032103588021815,1.911165808854149,5.700322769651333
504778.29543663,504779.293436431,504778.7944365305,504778.337000014,504779.341999987,504778.8395000005,3.3078096956499143,1.2508030656431555,3.620705973134266,3.887126164724093,2.083751000774776,5.444001522434572,4.417053969232722,1.5606144881880009,4.198421381067731
504778.395436566,504779.393436459,504778.8944365125,504778.434000031,504779.43899998,504778.9365000055,2.8325935756926457,1.661675936100003,3.5807063465436397,3.0775718954434454,2.161166561298105,4.564300624519743,3.5097641383346136,1.4463966513263955,2.6591664519752207
504778.495436504,504779.493436485,504778.99443649454,504778.531000047,504779.551999973,504779.04150001,2.489929371271015,2.032877344516661,3.383816828555691,2.440873654811458,2.0753556871529506,3.952928263314616,2.7120071419817076,1.551257213088706,1.7703188367463316
504778.595436445,504779.593436512,504779.09443647845,504778.628000061,504779.651999999,504779.14000003005,2.1553769605516617,2.0670727279590704,2.9095438682391483,1.9352956734154172,1.7405961553463536,3.502222034389241,2.055397959321688,1.5760093855581432,1.456877880184231
504778.695436387,504779.693436537,504779.194436462,504778.728000003,504779.748999992,504779.2384999975,1.8934197618731545,1.7301617136306127,2.5284393813865673,1.749462841946019,1.3594255459258295,3.5247384139906495,1.5662496761172655,1.4287571714856013,1.2601233505026905
504778.795436332,504779.793436563,504779.2944364475,504778.841000018,504779.845999985,504779.3435000015,1.873705838871635,1.3187434335251567,2.5831272379723256,1.9989464915258912,1.172555339013956,4.277847186669728,1.3512845818440726,1.2338480113569026,1.0532944290650457
504778.895436315,504779.893436587,504779.394436451,504778.937999981,504779.926999979,504779.43249998,1.9748695255776512,1.0249435237176852,2.8009200166093957,2.3292158291486644,1.1374616921683103,5.05164971465303,1.3121336240806882,1.0752320127667208,1.0673997914767153
504778.995436345,504779.993436611,504779.494436478,504779.034999973,504780.023999973,504779.52949997305,2.053505656228201,0.9543600049175737,2.8718091694156698,2.3393756011580167,1.1759364942874102,5.256796031578359,1.2394165408044397,1.0382470430701254,1.5521043645940142
504779.095436375,504780.093436635,504779.594436505,504779.146999966,504780.123999996,504779.635499981,2.29014928683835,1.2932406914248484,2.9968576352406684,2.313152242642413,1.4233012476955706,5.244046686937129,1.241381310246185,1.2911374502681943,2.5180770302517903
504779.195436404,504780.193436658,504779.69443653105,504779.246999995,504780.22099999,504779.7339999925,2.6936800317290635,1.9065144425954559,3.375205697188534,2.5376588270274394,1.7848224210451131,5.603504114448576,1.2977829160240208,1.6943273215697086,3.349624513933663
504779.295436432,504780.29343668,504779.794436556,504779.343999987,504780.348999984,504779.8464999855,2.914108077403793,2.3357423772157806,3.5829348133317795,2.7356745838472403,1.9916726569247847,5.9719494454528395,1.3458397342013175,1.9414949588414885,3.4075560494151134
504779.395436459,504780.393436702,504779.8944365805,504779.44099998,504780.44599996,504779.94349997,2.5660344941921522,2.106221427034222,2.9733169593253717,2.4554708419381033,1.797089661161,5.284577948852772,1.325344488710328,1.7713783158607792,2.814876310654642
504779.495436486,504780.493436742,504779.994436614,504779.553999973,504780.546,504780.0499999865,1.8114684736562083,1.2973924657792968,1.7752982630168728,1.8022643858527072,1.3054029699303187,3.581727837152319,1.2204176004645708,1.26223200185895,2.2470122651946327
504779.595436512,504780.593436889,504780.0944367005,504779.654,504780.642999959,504780.1484999795,1.1853880239870935,0.5196067964741651,0.7936702711357412,1.281927983354525,0.8312989253190821,2.112845290459482,1.083945534773529,0.7592891234688086,2.1005202669114147
504779.695436538,504780.693437032,504780.194436785,504779.750999992,504780.739999921,504780.24549995654,0.9403453460201912,0.21938236548512935,0.4561003072322317,1.1085524849026809,0.5045382762282775,1.7240744441432727,0.894330620318724,0.4361489055736668,2.179635364277546
504779.795436563,504780.793437171,504780.294436867,504779.847999986,504780.836999886,504780.342499936,0.8992769355097388,0.27477695483491477,0.5206606022201925,1.1114394445805984,0.2658449469198797,1.9382957623547554,0.6872090079721791,0.23309740416338065,2.1628913610320097
504779.895436588,504780.893437307,504780.3944369475,504779.928999979,504780.933999852,504780.4314999155,0.9145482839392636,0.39736192243010776,0.8179608260879297,1.1392899068609932,0.17746188201263474,1.9596681065629327,0.6386153973653416,0.14823181874285496,2.037796411451314
504779.995436612,504780.99343744,504780.494437026,504780.025999973,504781.033999984,504780.5299999785,0.9809739596028368,0.4949004042273653,1.3325271870500779,1.1413953458701411,0.30003612772270305,1.7353456588299443,0.8300267159344169,0.18762269412604576,1.8259375430620008
504780.095436635,504781.093437569,504780.594437102,504780.125999997,504781.130999949,504780.628499973,0.9995693616354342,0.527358784091008,1.7186994504288684,0.9860468305772282,0.48249411463809677,1.4908451017176203,1.0321644033742456,0.31289244739109584,1.44605376086531
504780.195436658,504781.193437694,504780.694437176,504780.222999991,504781.243999916,504780.7334999535,0.9512765428503224,0.6046266714026758,1.6084833282220408,0.7132923636166906,0.6432774223816455,1.3294718586911904,1.061996678911399,0.5935465748933456,1.0555174446835909
504780.295436681,504781.293437817,504780.794437249,504780.350999984,504781.340999885,504780.8459999345,0.8678839730672254,0.7957492895419812,1.0262629893667996,0.45651483118978475,0.751222273229136,1.1359799667720827,0.9133469777701871,1.0357763569557257,0.8282190997121062
504780.395436703,504781.393437936,504780.8944373195,504780.447999961,504781.437999856,504780.94299990847,0.8133396655108384,1.0786426701023686,0.43765730731425734,0.33018717751294924,0.8160013093398935,0.8557048648107444,0.7554347218901065,1.4398528902254357,0.7932363828909514
504780.495436745,504781.493438053,504780.994437399,504780.544999815,504781.537999972,504781.04149989353,0.8376666344242563,1.3174497656141313,0.15713610187892774,0.36921734357849867,0.8412051506838867,0.6587079400627525,0.7186936472603218,1.5571754229696064,1.0817477033459255
504780.595436892,504781.593438166,504781.094437529,504780.644999962,504781.634999942,504781.139999952,0.9989639864011534,1.4408412178706307,0.20488222447649562,0.6626930949321328,0.8829893530121147,0.7385359662655503,0.8973779411865948,1.3814301272042697,1.7829619662614382
504780.695437035,504781.693438277,504781.19443765597,504780.741999924,504781.747999913,504781.2449999185,1.2658103127412343,1.4502235590434618,0.559769009752807,1.2144161398070663,1.0234598473717105,1.0046368326455146,1.238539957151517,1.1428412513253068,2.4925959048324913
504780.795437174,504781.793438385,504781.29443777946,504780.838999888,504781.844999886,504781.341999887,1.5151726785013082,1.3451569589385446,1.293381987348846,1.7470794391713462,1.2108187546495826,1.3388816794575997,1.51059726527968,0.9900708622506406,2.6853944809142254
504780.89543731,504781.89343849,504781.3944379,504780.935999855,504781.944999992,504781.4404999235,1.5749213282110008,1.0889612072893522,2.1745074641172115,1.8626398588597248,1.2192334009885277,1.6935409756383968,1.467983893149869,0.8362880276344803,2.256215798010443
504780.995437442,504781.993438593,504781.4944380175,504781.035999987,504782.041999964,504781.5389999755,1.477327759466049,0.785016232221001,2.861078595422199,1.5805133976484926,1.0028458741963147,2.1875224957534116,1.1686445951456461,0.6863316056665401,1.546669279674786
504781.095437571,504782.093438693,504781.594438132,504781.132999952,504782.138999937,504781.6359999445,1.5396197824290456,0.689464565114391,3.465257673563066,1.4701880971233185,0.8807679264928345,3.0109639616073665,1.0269954051511658,0.7605489194977334,1.0127717108824896
504781.195437697,504782.193438791,504781.694438244,504781.245999919,504782.235999912,504781.7409999155,2.126375568797044,0.953779168004723,4.448935326735201,2.1989124922247565,1.2831070283416732,4.408973600870795,1.527336937426432,1.1989533687830898,0.9910066279896821
504781.295437819,504782.293438886,504781.79443835246,504781.342999888,504782.332999888,504781.837999888,3.307057170877231,1.47292911060997,5.8587316163650165,3.974637284278901,2.2924786916622266,6.269243605153624,2.807382488739594,1.931778716858227,1.8492758533502904
504781.395437939,504782.393438979,504781.89443845896,504781.439999858,504782.432999982,504781.93649992,4.853832218519714,2.2051388804843524,7.213309529484695,6.423910181391884,3.7028849401375847,7.764667524060137,4.653044398957168,2.9072740997647655,3.960428193877128
504781.495438055,504782.49343907,504781.99443856254,504781.539999975,504782.529999957,504782.03499996604,6.183599205944896,3.0879397059350824,7.853976775557408,8.594733541058005,5.044968418232035,7.690685520641155,6.420023731415618,3.9425229116833544,6.833943043036511
504781.595438168,504782.593439159,504782.09443866345,504781.636999944,504782.626999934,504782.131999939,6.627197697055838,3.7822359198653874,7.5671595044252,9.438915117163985,5.731919215155915,5.804112852664946,7.2942672042555206,4.515409491251782,8.883562271663966
504781.695438279,504782.693439246,504782.1944387625,504781.749999916,504782.738999916,504782.244499916,5.859524841115031,3.715103778855879,6.3700748649135965,8.480194189451714,5.29671737276221,3.23598527421015,6.784819863028636,4.124458613761897,8.868844771936171
504781.795438387,504782.793439327,504782.294438857,504781.846999888,504782.838999997,504782.3429999425,4.284549182920534,2.7640111830551586,4.579543082408315,6.280646437079715,3.9451557203308347,1.4337416828495506,5.203614455548549,2.9768220801793874,7.092858821912765
504781.895438492,504782.893439406,504782.394438949,504781.946999994,504782.935999975,504782.4414999845,2.9943327837862252,1.6046892120406904,3.001286144160527,4.340159698583852,2.6910035661738907,1.122828987231897,3.7551981805835344,2.048023689301734,5.391472792213677
504781.995438595,504782.993439483,504782.49443903903,504782.043999966,504783.048999955,504782.5464999605,2.7513658314254235,1.018142935929776,2.325941119644014,3.838731545267481,2.37903116861113,1.9253839153634842,3.4403049005033903,1.9941815813021875,5.089209484781922
504782.095438695,504783.093439558,504782.5944391265,504782.140999939,504783.145999935,504782.643499937,3.2589827939860734,1.04886907302912,2.450961258838129,4.634644377828012,2.755427614401907,2.9060690506876847,4.05809872302147,2.4136651580516557,5.804127096030608
504782.195438793,504783.193439631,504782.694439212,504782.237999914,504783.242999917,504782.7404999155,3.526081670302074,1.1462610770009856,2.547712731652795,5.3916942472090685,2.8717904951453233,3.2064742840556004,4.429769695592531,2.481643777552339,6.133307054207946
504782.295438888,504783.293439703,504782.79443929554,504782.33499989,504783.342999989,504782.8389999395,2.9868188776301112,0.9941122435906564,2.1164917565240957,5.0105270785451275,2.272204912079633,2.5826560324794237,3.7762287679129116,1.8936847138986517,5.24864551601039
504782.395438981,504783.393439773,504782.894439377,504782.434999983,504783.43999997,504782.9374999765,1.976229380950432,0.6919117964513486,1.3826485860995303,3.6005057427288216,1.3560073938113644,1.7009314585747184,2.4055873258150204,1.0697965143967076,3.6024462297259454
504782.495439072,504783.493439842,504782.994439457,504782.531999959,504783.552999952,504783.0424999555,1.1523361365619698,0.42493106500196715,0.8494531173859603,2.057961716934232,0.6849957294471751,1.4761661321140076,1.1474785481276382,0.5129511653286127,2.0647516181561643
504782.595439161,504783.593439909,504783.094439535,504782.628999936,504783.633999934,504783.131499935,0.76327980284727,0.26279665827791554,0.6643261679044099,1.0374626203156583,0.4035515834883707,1.9409993608231746,0.476293971203689,0.31298181292459465,1.0078262478403472
504782.695439248,504783.693439974,504783.194439611,504782.740999917,504783.734,504783.2374999585,0.671955289389031,0.23720152238623188,0.6910259720555245,0.5648738055691156,0.32720341540162834,2.4234989699129597,0.2604531287543585,0.3140481597752478,0.5573373412571826
504782.795439329,504783.793440038,504783.2944396835,504782.840999998,504783.830999982,504783.33599999,0.952148252665253,0.5325319469639757,0.9828097069472637,0.7083933351731573,0.5749007283306703,2.5263355315614917,0.5081246640587471,0.6053833616655883,1.1787067466211303
504782.895439407,504783.893440101,504783.39443975396,504782.937999977,504783.943999966,504783.44099997147,1.4984384237863364,1.0529408794684338,1.421581397080442,1.2843568161054413,1.1156923099111562,2.2345495024161335,1.094268553414407,1.1117776637277808,2.672340268166898
504782.995439484,504783.993440162,504783.49443982297,504783.050999956,504784.04099995,504783.545999953,1.9047726996869494,1.4222050315100876,1.7143935996051187,1.7689169066496295,1.5229190066331189,1.7706954431004855,1.5334382296050615,1.4599008572060317,4.045712523186062
504783.09543956,504784.093440222,504783.594439891,504783.147999937,504784.152999934,504783.6504999355,1.904168312242298,1.547064106678615,1.706674497030997,1.6949906104918226,1.4675123349214618,1.3000823641201031,1.500165473122874,1.4207139976580603,4.596143113914452
504783.195439633,504784.193440281,504783.694439957,504783.244999918,504784.252999993,504783.7489999555,1.6141223812724192,1.7031360004834024,1.4769446709077105,1.1022154974224656,1.1037367928605792,0.8812147730385873,1.0555177052405287,1.1833364099865455,4.406877200239535
504783.295439705,504784.293440338,504783.7944400215,504783.34499999,504784.318999977,504783.8319999835,1.40585415746563,2.113274234496067,1.2262423631070796,0.4942279224370193,0.920571770119804,0.612104350894131,0.6361613385785586,1.0961912814009964,4.148059998691383
504783.395439775,504784.393440394,504783.8944400845,504783.441999971,504784.446999985,504783.944499978,1.4292069541408874,2.577878515178435,1.1022748294661928,0.249292069904792,1.119744287647148,0.7388493684927903,0.5182973643953552,1.2383514187335265,3.8889677793088584
504783.495439843,504784.493440408,504783.99444012553,504783.554999953,504784.544000002,504784.0494999775,1.5001135597882131,2.684856103843084,1.0977519869766748,0.3358174441471526,1.3653200774214047,1.3445048595512987,0.5753912912632437,1.4098516946030406,3.187415020499806
504783.59543991,504784.593440407,504784.0944401585,504783.635999936,504784.626000002,504784.130999969,1.4358457197330563,2.295317316157822,1.138381496267579,0.507371604865074,1.3015850794567976,2.1038931136773003,0.6197273773908323,1.4303413968197085,2.0901483732293364
504783.695439976,504784.693440405,504784.1944401905,504783.73299992,504784.726,504784.22949995997,1.2741576150754736,1.7086128034933035,1.1131553941261072,0.6184838848448616,1.0278205742987037,2.572562497743529,0.6237068720396016,1.382256274265887,1.1466626197917948
504783.79544004,504784.793440403,504784.2944402215,504783.832999984,504784.823000001,504784.3279999925,1.1165144629679413,1.2241073301094563,0.9593248874328895,0.6395801418301945,0.8470223474255288,2.6419455891772685,0.63056397075196,1.3532530892425325,0.6363183477737001
504783.895440102,504784.893440402,504784.394440252,504783.945999967,504784.920000001,504784.432999984,0.9631493560643956,0.8906064429205748,0.7072291319537157,0.5766724510666943,0.8080785211811512,2.463987046746516,0.5951961201833105,1.2835351958360188,0.3798899386271829
504783.995440164,504784.9934404,504784.494440282,504784.042999951,504785.048000002,504784.5454999765,0.8231222057962186,0.667341980767177,0.48612237069149067,0.4724805447910162,0.7720522526777485,2.2946580179694442,0.5345395331690237,1.1068345205231391,0.25094842578071
504784.095440223,504785.093440399,504784.59444031096,504784.154999936,504785.148,504784.651499968,0.6803347371171625,0.4613463841765998,0.33057003584783423,0.409712003393912,0.5738225363236733,2.195644221711376,0.4442266502625731,0.7874811796652297,0.23987488555610204
504784.195440282,504785.193440397,504784.69444033946,504784.254999994,504785.245000001,504784.7499999975,0.5292011011107891,0.28740375345442004,0.18503831161152046,0.3485299139977859,0.28958641643560934,2.0606592510949855,0.3287682082677298,0.43174112943847776,0.30188182458578405
504784.295440339,504785.293440396,504784.7944403675,504784.320999979,504785.342000001,504784.83149998996,0.465576161015383,0.23234938950563447,0.1306695218178548,0.31948480872627316,0.14171389430982578,1.9725158831451555,0.29039260068557965,0.24681658742214097,0.3906666025105998
504784.395440395,504785.393440394,504784.8944403945,504784.448999986,504785.439000001,504784.9439999935,0.5052951270097994,0.3064168786663496,0.19715522447640532,0.34105214196433503,0.20927292476558657,1.852721620012355,0.3476301153432877,0.26415137504946107,0.5239607358006155
504784.495440408,504785.493440392,504784.99444040004,504784.546000002,504785.536000002,504785.041000002,0.5442619640142472,0.39561707084081565,0.28769242802517864,0.363600212257277,0.334848226051355,1.5565312730324385,0.40416366118000363,0.3251961836662084,0.6864466570607002
504784.595440407,504785.593440391,504785.09444039897,504784.628000002,504785.636,504785.13200000103,0.5219007107508022,0.4462114940122338,0.31834266707403364,0.35658843790870676,0.38931292436659143,1.1290675090212936,0.37965460981571786,0.30508833772362576,0.8509397060842148
504784.695440405,504785.693440389,504785.19444039697,504784.728,504785.733000001,504785.2305000005,0.5875640941060447,0.6530669997856379,0.42185679751139565,0.4932849567579747,0.573398844706071,0.6949248504866372,0.4448583764755416,0.3252239739902611,1.0938979531348378
504784.795440403,504785.793440388,504785.2944403955,504784.825000001,504785.830000001,504785.327500001,1.029630796397984,1.3574048344147016,0.9273054966090722,1.0736899631431633,1.2457875554737823,0.4371534688406412,0.9931738961361223,0.6741174256123101,1.528413730954079
504784.895440402,504785.893440386,504785.394440394,504784.922000001,504785.927000002,504785.4245000015,1.9616725134956523,2.5917891826505945,1.9220806781147952,2.2010034539150767,2.552876106924054,0.4413897546762293,2.3043562111193303,1.4710669233549214,2.2088177972102176
504784.9954404,504785.993440385,504785.4944403925,504785.050000002,504786.027,504785.538500001,3.2071869710188636,3.987390623884049,3.1722617698195816,3.596479341116545,4.293783090716097,0.7097637930396754,4.232264380034131,2.572793259480795,3.0927595100600325
504785.095440399,504786.093440383,504785.594440391,504785.15,504786.139,504785.64450000005,4.227494869646826,4.824772392828519,4.118593077630054,4.677983011977167,5.76574573929865,1.0669919811036412,5.961957001145627,3.5415321154929575,3.86238363769799
504785.195440397,504786.193440382,504785.6944403895,504785.247000001,504786.236000001,504785.74150000105,4.428200232118121,4.580481712283779,4.221528507214899,4.913318556344576,6.11807457690022,1.3514729024906138,6.434736736037875,3.823146042076382,3.982842823596625
504785.295440395,504786.29344038,504785.7944403875,504785.344000001,504786.333000001,504785.838500001,3.699580950258007,3.385336880304518,3.464240398748597,4.276823659685863,5.054847972012075,1.5102838661643254,5.324855744492027,3.189702570935456,3.3905565097211965
504785.395440394,504786.393440379,504785.8944403865,504785.441000001,504786.430000002,504785.9355000015,2.664992076848755,1.9454100177010198,2.552576067045314,3.3634677434796965,3.2778078447119467,1.8152495084526241,3.46959200686905,2.1051093128124796,2.7907241137179124
504785.495440392,504786.493440377,504785.9944403845,504785.538000002,504786.53,504786.03400000103,2.3103699628818655,1.0723077200354298,2.5410609807381936,2.9614231752812294,1.9987692751544375,2.9168476328888455,2.248703996683825,1.453960405144586,3.2898865171283793
504785.595440391,504786.593440409,504786.0944404,504785.638,504786.64299998,504786.14049998997,3.1168156263514524,1.2229764046426215,3.8490422078932554,3.467557716637696,1.968555520273646,4.978814550126667,2.36212509043964,1.8253602970492657,5.2600932237488305
504785.695440389,504786.693440454,504786.19444042153,504785.735000001,504786.723999968,504786.2294999845,4.217039068750065,1.8338366428342496,5.3029694115418335,4.205091077860597,2.5000335403176144,6.923519890555846,3.037139030109032,2.672741436774813,7.260981520006539
504785.795440388,504786.793440498,504786.29444044305,504785.832000001,504786.836999957,504786.334499979,4.5115246049215365,2.171029181170719,5.4724532822401795,4.307656354257269,2.6908310977225423,7.394714714903392,3.2601162037762395,3.1301183657672143,7.665277639534737
504785.895440386,504786.893440541,504786.3944404635,504785.929000002,504786.937,504786.433000001,3.9110515562903734,2.106138202489933,4.36309579808435,3.7244698152637072,2.508210756052137,6.203360741148442,2.9460868461163545,2.999954084658464,6.437096206509599
504785.995440385,504786.993440583,504786.494440484,504786.029,504787.033999988,504786.531499994,3.0976664111788272,1.908317100385827,3.211578234570185,2.994268704972352,2.403899170905622,4.338492693814278,2.620632360602622,2.5878822909140045,4.716260733265728
504786.095440383,504787.093440625,504786.594440504,504786.141,504787.130999977,504786.63599998853,2.549391547953611,1.7869156859093693,2.6293768240946,2.389315425971005,2.5160349498541814,2.7089567918596753,2.4738650559109714,2.193829208999383,3.6968384410296995
504786.195440382,504787.193440666,504786.694440524,504786.238000001,504787.227999966,504786.7329999835,2.3112411520062492,1.8678710745532445,2.348563110197395,1.873657511970391,2.686970923527609,1.550202541028729,2.4209256133744184,1.887859835275456,3.853878606122753
504786.29544038,504787.293440706,504786.794440543,504786.335000001,504787.324999956,504786.82999997854,2.273983018453134,2.197838863310789,2.0453959742815035,1.4486059555680013,2.8619396822555117,0.8298973147071024,2.4798132088278804,1.7289973398521687,4.5993758088221135
504786.395440379,504787.393440745,504786.894440562,504786.432000002,504787.424999995,504786.9284999985,2.720309101779695,2.8462707964454568,2.2008725677275516,1.738353804501695,3.2991642320845482,1.1531019029819214,3.1771437271985397,2.000931410828784,5.3466343724690635
504786.495440377,504787.493440783,504786.99444058,504786.532,504787.537999985,504787.03499999247,4.040931456440239,3.895520074478519,3.3596473857977442,3.402784469451767,4.2904897867691805,3.157052427085753,4.9556619652107585,3.050232294414976,6.216063248313217
504786.59544041,504787.593440821,504787.0944406155,504786.644999981,504787.634999975,504787.139999978,5.647654826761391,4.9326931354101795,4.9182479671441035,5.637307484611729,5.379571488298001,5.891508732992358,6.9983449598731,4.402630441791813,7.020934403969842
504786.695440455,504787.693440858,504787.19444065646,504786.725999969,504787.715999965,504787.22099996696,6.1875570708937095,5.1431078499829095,5.43874266308249,6.622406096085653,5.568088085253488,7.246059363385694,7.570095853650864,4.934335651064432,6.977621004644151
504786.795440499,504787.793440895,504787.29444069695,504786.838999958,504787.828999956,504787.333999957,5.253548061290945,4.3545581084647145,4.702106128814835,5.750466428382006,4.602511321563612,6.533177210877919,6.143721550411486,4.18920844209425,5.75263529971874
504786.895440542,504787.89344093,504787.39444073604,504786.935999947,504787.928999992,504787.4324999695,3.6321747893035594,3.1243142526721748,3.522845276964325,3.972622181436235,3.105285513974454,5.001736472091176,3.781359670409664,2.807702802052605,3.7415321448278434
504786.995440584,504787.993440965,504787.49444077455,504787.035999989,504788.056999982,504787.5464999855,2.3746442969563004,2.180690510393048,2.626138906356829,2.571664894759358,1.9089360092626935,4.102193704131228,1.9480329479792544,1.7332155103341935,1.926281892433799
504787.095440626,504788.093441,504787.594440813,504787.132999978,504788.122999973,504787.6279999755,1.7665340169392312,1.687342394053375,1.947042363561171,1.8877738188712023,1.31851927195793,3.762638121316222,1.1592232205904711,1.3259400681352285,1.0437928770282494
504787.195440666,504788.193441034,504787.69444085,504787.229999967,504788.234999964,504787.73249996547,1.5170494190862458,1.4241352330290693,1.302030623708463,1.540192968152558,1.179989466451796,3.33472128081086,1.019516268969392,1.4119856775188349,0.9238238340489946
504787.295440706,504788.293441067,504787.7944408865,504787.326999957,504788.334999997,504787.83099997696,1.6976407694318385,1.4802176626292582,0.9091481102632702,1.6562833531646957,1.5344754177404751,3.200583295042305,1.3609617146267021,2.112513849460353,1.3269427525276483
504787.395440746,504788.393441099,504787.8944409225,504787.426999996,504788.431999988,504787.929499992,2.571496752420849,2.1865471018736344,1.1727502148052575,2.658333825357554,2.4863977512974453,4.106014740924246,2.329462883118679,3.511070014777959,2.121397487212015
504787.495440784,504788.493441131,504787.99444095755,504787.539999986,504788.52899998,504788.034499983,3.5559519637872103,3.1028829552541612,1.851266814432968,3.966529073316955,3.4445963285996357,5.329570250151491,3.3845097234768495,4.7622568167997095,2.6060037482659126
504787.595440822,504788.593441163,504788.0944409925,504787.636999975,504788.625999957,504788.131499966,3.79813386105625,3.385575991149457,2.401484419480849,4.434479373254565,3.5869122625411656,5.438167232277517,3.6802100094731953,4.8352868718636275,2.622954728409622
504787.695440859,504788.693441212,504788.1944410355,504787.717999966,504788.722999903,504788.2204999345,3.168218062435071,2.7390256348138546,2.577608948222129,3.7134007892839094,2.7589158989612637,4.102369290082835,3.1220592922336294,3.647997682691587,2.684366963191359
504787.795440895,504788.793441293,504788.29444109404,504787.830999956,504788.822999984,504788.32699997,2.3531931627189078,1.7192532525625177,2.545228108596394,2.6022125616388445,1.629658624885078,2.4233585213567506,2.458306197971427,2.1146597930302664,3.332868241709982
504787.895440931,504788.893441373,504788.394441152,504787.930999992,504788.935999962,504788.433499977,2.1473103778885294,1.192801714362405,2.721406120386214,2.314731645308754,1.168601865256409,1.741081096489161,2.444046377999155,1.3365422666871,4.259271936619037
504787.995440966,504788.993441451,504788.4944412085,504788.058999983,504789.016999941,504788.537999962,2.7980413651802944,1.4717021469879032,3.3936614914374905,3.4644408572295156,1.804364061073359,2.633214355771613,3.2372364478131646,1.7269166374961133,4.652794923633193
504788.095441,504789.093441529,504788.5944412645,504788.124999974,504789.145999921,504788.6354999475,4.066731190064964,2.2168574674277153,4.548938721348202,5.696091507903677,3.16472454417078,4.931363552776875,4.522008060367226,2.9320420785475187,4.521823587977711
504788.195441034,504789.193441604,504788.694441319,504788.236999965,504789.245999997,504788.741499981,5.692354032374174,3.048058409693589,5.961553631565474,8.383313951729685,4.752584185896905,7.827550731500169,6.072508222923977,4.5601820260159265,4.933081099667673
504788.295441067,504789.293441679,504788.794441373,504788.336999998,504789.342999976,504788.83999998705,7.29412905245301,3.805130277925318,7.256901270066928,10.804258571021903,6.199635057894539,9.990344676139829,7.556035129576619,6.196378940341097,6.54434849665785
504788.3954411,504789.393441752,504788.89444142603,504788.433999989,504789.439999957,504788.936999973,8.325099105183185,4.35118569556617,8.095201587024741,12.169647871434586,7.11769443671051,10.292448404028864,8.37597778886257,7.182514254008112,9.01612280382993
504788.495441132,504789.493441824,504788.994441478,504788.53099998,504789.536999938,504789.033999959,8.363834107164266,4.381476201046105,8.139258984932509,11.999959590658069,7.067688138196354,8.664058418573624,8.092976936966334,6.982609169126117,11.58264541781502
504788.595441163,504789.593441894,504789.0944415285,504788.627999958,504789.648999919,504789.13849993853,7.260303438175541,3.6340633796283033,7.0595847095976945,10.218280395289902,5.836358158038604,5.995950866488922,6.707194729861094,5.571893968270396,13.059101298229407
504788.695441214,504789.693441964,504789.194441589,504788.724999904,504789.748999989,504789.23699994653,5.37268719538174,2.3649259877318243,5.124392388758452,7.425547606568951,3.9015138655800183,3.4546360757125463,4.7610880007128396,3.6154604887146915,12.333933149274602
504788.795441295,504789.793442032,504789.29444166354,504788.824999986,504789.84599997,504789.335499978,3.321960996468195,1.1825616138011161,3.023051824837154,4.504156719058605,2.0985136966218225,1.6625005321303465,2.921054181239108,1.906741457044693,9.277107947012713
504788.895441375,504789.8934421,504789.39444173744,504788.937999964,504789.942999952,504789.440499958,1.693845856737572,0.5093471463951038,1.4515061762836352,2.2502981045905317,0.9280660994508477,0.6825449530132888,1.5930455300159725,0.8064736174623597,5.329485226688837
504788.995441453,504789.993442166,504789.4944418095,504789.018999943,504790.024999935,504789.521999939,0.793142101114579,0.41421761921060535,0.6206629417475653,0.9648651877744462,0.41031383482829736,0.27267267076103013,0.8689053716822406,0.32501171860518596,2.4684874643072607
504789.09544153,504790.093442231,504789.5944418805,504789.147999923,504790.125,504789.6364999615,0.5223756122616054,0.6780260544688634,0.3826413969558161,0.4479784547553015,0.30316941352313226,0.1869995303983462,0.5698136240578431,0.25660062209523293,1.353775801838308
504789.195441606,504790.193442294,504789.69444195,504789.247999998,504790.236999982,504789.74249999,0.5783786223948256,0.9780534151431051,0.5789656358124113,0.3385420193428737,0.37610420163776637,0.3565046071209962,0.5517353872450933,0.35146162971195827,1.0956620831444006
504789.29544168,504790.293442357,504789.7944420185,504789.344999978,504790.333999965,504789.8394999715,1.0452921928509777,1.3681372513189978,1.323719712230195,0.7343911304178727,0.730940545739859,1.177596972916711,1.0967751010969207,0.8291881630005568,1.1015886660867078
504789.395441753,504790.393442399,504789.894442076,504789.441999958,504790.431000042,504789.9365,2.2421255760043604,2.356429152432482,2.7614382292960977,1.8965665805155736,1.6912853901140303,2.962116257466499,2.4840525975675303,2.1260492213701134,1.6590671792725555
504789.495441825,504790.49344235,504789.9944420875,504789.538999939,504790.544000054,504790.0414999965,3.685411937548147,3.880907248483645,4.152980055993034,3.216499873396389,2.9322983343369002,4.893334745047647,4.012058840501501,3.7564670386849532,2.6387493639411073
504789.595441896,504790.593442301,504790.0944420985,504789.650999921,504790.644000006,504790.1474999635,4.324792449004951,5.012906859540793,4.532253534613445,3.5906628614587537,3.5742147685250547,5.688651053056871,4.503398279685434,4.517199859883117,3.1790523752761404
504789.695441965,504790.693442253,504790.194442109,504789.75099999,504790.741000019,504790.24600000447,3.699404307990668,4.864337414797107,3.7949508108510592,2.733201423390523,3.157207425174721,4.845546930213686,3.6886964511764733,3.754982105650125,2.7563119026716505
504789.795442034,504790.793442206,504790.29444212,504789.847999972,504790.822000032,504790.335000002,2.5312904681767363,3.783409963925288,2.776560620187943,1.5083868932514606,2.2700668380719593,3.1242123557836274,2.5494512205640767,2.21989568666975,2.018340166959785
504789.895442101,504790.893442159,504790.39444213,504789.944999954,504790.950000044,504790.447499999,1.7857962551522206,2.853094656465662,2.126285659025263,0.8323025645419345,1.782418530439546,1.7357248673885688,2.012764439834599,1.1220173480791327,1.82176197544306
504789.995442167,504790.993442113,504790.49444214,504790.026999936,504791.047000056,504790.536999996,1.7442414635189567,2.608768599062473,1.8282957609088075,0.9528334140268895,1.9073278605028134,1.391747832725065,2.0322294165383754,0.9529269784363211,2.2798018459509075
504790.095442232,504791.093442068,504790.59444215,504790.13899992,504791.147000011,504790.64299996546,1.980080015872176,2.6500681353226536,1.6631264020751177,1.5065026999092945,2.145363880670238,1.8414080163384487,1.9559154660474878,1.3181322885596263,2.7601232380545415
504790.195442296,504791.193442023,504790.6944421595,504790.238999984,504791.244000023,504790.7415000035,2.0729321609937266,2.3784050088581763,1.7266703359748015,2.0231474066756165,2.02800941179865,2.3479470839811034,1.5688672941727293,1.6749000136599808,2.8355107328287574
504790.295442359,504791.29344198,504790.7944421695,504790.335999967,504791.341000035,504790.838500001,2.0199655301772155,1.8013482095885278,2.36771247603961,2.3330389255919357,1.6165050100880591,2.48115357709532,1.200112746483925,1.7234469889059696,2.6364063076243744
504790.395442398,504791.393441936,504790.894442167,504790.433000041,504791.438000046,504790.9355000435,2.0406515465310453,1.234776550270231,3.4951686771520714,2.5549074557077645,1.2421960121562177,2.482867073178468,1.185556779757671,1.4364253762663253,2.693314447759614
504790.495442349,504791.493441894,504790.9944421215,504790.546000054,504791.538000003,504791.04200002854,2.158382882670158,0.9092344250675828,4.257261811192297,2.7347696042242946,1.0669382738276543,2.6640017198161328,1.3946718305235748,1.0395199283499525,3.200665468359775
504790.5954423,504791.593441852,504791.09444207605,504790.646000005,504791.620000015,504791.13300001004,2.189001064576475,0.8169969170773406,3.9489818842437243,2.7587337663510203,1.0219708852733353,2.845226756745482,1.4972984971527554,0.8092770425183315,3.813522767249813
504790.695442252,504791.69344181,504791.194442031,504790.743000018,504791.732000026,504791.237500022,1.9093479162569864,0.8461574928031568,2.7859569484663784,2.304322531419034,0.9364804112750281,2.4639423322904395,1.2854332834308166,0.7574844745523404,3.8950058558186966
504790.795442205,504791.793441769,504791.294441987,504790.824000031,504791.829000037,504791.32650003396,1.357366566239076,0.8647818784460994,1.6416047463849106,1.4189897784265808,0.7350910424308017,1.5194072392907603,0.860306586612037,0.7092470536942959,3.1095042046271213
504790.895442158,504791.893441729,504791.3944419435,504790.952000043,504791.926000048,504791.43900004553,0.9020446433150426,0.8658129533995165,1.2126365443278673,0.6983646860452832,0.574472874022874,0.6652950279833155,0.5560078680769784,0.6738370695225324,1.9699301231419735
504790.995442112,504791.993441689,504791.4944419005,504791.049000055,504792.026000008,504791.5375000315,0.6966829068274653,0.8268650846465861,1.1844159496465345,0.42364045257381633,0.5377474618569265,0.28085986081720316,0.48330646131541755,0.7032808968486088,1.1333470869146287
504791.095442067,504792.09344165,504791.59444185847,504791.14900001,504792.123000019,504791.6360000145,0.8398024661586088,0.9586668768346371,1.1914897434266256,0.6580625007370192,0.7752646448586744,0.43704726323616044,0.8046700479581901,0.9926406746926757,0.9005779775248874
504791.195442023,504792.193441612,504791.69444181747,504791.246000022,504792.236000029,504791.74100002553,1.5092874595041532,1.63157267129886,1.51437850861662,1.4962274263485702,1.5349766403415985,1.0774197331277806,1.7203619377314991,1.8350315500616468,1.26433120850665
504791.295441979,504792.293441574,504791.79444177647,504791.343000034,504792.333000039,504791.8380000365,2.540323495655244,2.6456943184925787,2.2474464696112273,2.719798014905341,2.6711266994663267,2.011046309109415,2.997397488986322,3.016291904252908,2.0137867604178314
504791.395441935,504792.393441536,504791.89444173547,504791.440000045,504792.433000001,504791.936500023,3.4437133476437163,3.4235886246116536,2.919402295925347,3.8323725354400775,3.6919652060910026,2.8350057180172317,4.104893913399831,3.899950849870013,2.8425276377945705
504791.495441893,504792.493441499,504791.994441696,504791.540000003,504792.530000014,504792.03500000853,3.712740378554842,3.558842189743512,2.9870825386647084,4.215710884178004,4.122049514883235,3.1399188558892237,4.5047434983725445,3.9939934384287126,3.179582108278797
504791.595441851,504792.593441453,504792.094441652,504791.622000014,504792.627000028,504792.124500021,3.3267621091212067,3.178224369799784,2.4680339652915624,3.6874534427272314,3.8603963287271226,2.9415737323227242,4.06382194860236,3.4138299358629896,3.0007631496358815
504791.695441809,504792.693441407,504792.19444160804,504791.734000025,504792.72400004,504792.22900003253,2.7388018833151975,2.707503477060406,1.9070816482859423,2.6974530274428625,3.1441664838532,2.6049023575614334,3.1893269165879983,2.6354669873841328,3.0245141683456054
504791.795441769,504792.793441362,504792.2944415655,504791.831000036,504792.852000052,504792.341500044,2.346406142213359,2.3399302154108,1.6500655319608932,1.8912289239299669,2.253601787092469,2.373867666386012,2.4255193862082924,1.9822222977985888,3.8548133289198487
504791.895441728,504792.893441317,504792.39444152254,504791.928000047,504792.952000007,504792.44000002695,2.296510284181444,2.037367381966302,1.669346010670259,1.6585557484546851,1.7357427288232798,2.3919851307017526,2.0679332930625995,1.5950516189093662,5.21610036086331
504791.995441689,504792.993441273,504792.49444148096,504792.028000007,504793.034000019,504792.531000013,3.236328489373436,2.409147896980972,2.5099965077932924,2.6488375035678855,3.5587068919554534,3.629774570456912,2.258626794271182,2.4918935769341575,6.383644173027631
504792.095441649,504793.09344123,504792.5944414395,504792.125000018,504793.146000031,504792.6355000245,5.849157761307292,4.274353119437072,5.102589375325231,5.370354845549521,9.186315422117792,7.346113531784953,2.959072135291766,5.7260004386869,6.8284632222650945
504792.195441611,504793.193441187,504792.69444139895,504792.238000028,504793.243000042,504792.740500035,9.11761743158343,7.058625936589794,8.567443565577179,8.669765742038637,16.008015205226485,12.263944225873612,3.8675748184619825,10.09371627715438,6.4118536817453755
504792.295441573,504793.293441145,504792.794441359,504792.335000038,504793.343,504792.839000019,10.545954548123987,8.677171351552241,10.328848524463272,10.070917419063981,18.696791033686058,14.615482099351196,4.347616538038835,12.362149187926002,5.268660230910301
504792.395441535,504793.393441103,504792.894441319,504792.435000001,504793.425000012,504792.93000000645,8.936845247783562,7.892084714439456,9.169285013866325,8.431054802524788,15.019592522102197,12.542810944308314,3.94990799551673,10.630572237092695,3.8594537524179873
504792.495441498,504793.493441062,504792.99444128,504792.532000014,504793.537000023,504793.03450001846,5.607302873443679,5.483267191600171,6.31022599767887,5.043668892387269,8.128411977804783,7.857072825798651,2.7946157012556827,6.485176407628652,2.7559839933953496
504792.595441452,504793.593441022,504793.094441237,504792.629000027,504793.650000034,504793.13950003055,2.8753740896107236,3.3318499256750442,3.9018342105504606,2.249499820440986,2.9072260666074983,3.8954691523477445,1.5639298456221309,3.036384069535436,2.116799626106486
504792.695441406,504793.693440982,504793.194441194,504792.726000039,504793.747000044,504793.2365000415,1.754815510721605,2.4351449701952017,2.981056855993551,1.173700189121593,1.0720065714175222,2.1735380632723715,0.9415060073187227,1.6353510880418807,1.6262203404119981
504792.795441361,504793.793440942,504793.29444115155,504792.854000051,504793.847000005,504793.350500028,1.7775467427999025,2.5148389893247063,3.516283715432782,1.291612642292753,0.9743916497879689,2.1244181680494645,1.128004920380392,1.3412220762194973,1.3296017809116576
504792.895441317,504793.893440904,504793.3944411105,504792.954000006,504793.944000015,504793.4490000105,2.4046668227852552,3.0876509992130643,5.156152528613758,1.9189593047044955,1.3792871903248543,2.981307604931419,1.810721955785115,1.3625342241367306,1.540720774572606
504792.995441273,504793.993440865,504793.49444106896,504793.036000018,504794.025000026,504793.530500022,3.08279438280311,3.668692405312008,6.710840420290392,2.488754824689563,1.8494954137866582,3.9030446337681886,2.383918958414539,1.5595338759743687,2.0980745301891615
504793.095441229,504794.093440827,504793.59444102796,504793.14800003,504794.122000036,504793.635000033,3.2142381319261855,3.81295525002647,6.702655974400315,2.547119263048579,2.0400360779423083,4.001253415240161,2.4020426160498096,1.770192499774236,2.4376499589276053
504793.195441186,504794.19344079,504793.694440988,504793.245000041,504794.251000046,504793.74800004344,2.821797276469553,3.444420581965697,5.336972827002856,2.2371100881082913,1.9391590265057337,3.4592972866473284,2.056917214996947,1.7497665472866037,2.3507346392429675
504793.295441144,504794.293440753,504793.7944409485,504793.327000052,504794.351000009,504793.83900003054,2.3382238522360503,2.868166595827049,3.8960790025059415,1.9289657440944719,1.7427461021641848,2.956353822572089,1.7409659365535124,1.5402507541138433,2.03226286005731
504793.395441103,504794.393440717,504793.89444091,504793.427000011,504794.448000019,504793.937500015,1.988904328455474,2.3601308174311892,3.047516376162337,1.6840679869635415,1.602495117892771,2.6534114954012007,1.5483667020668057,1.3927926756905464,1.6224534560354
504793.495441062,504794.493440681,504793.9944408715,504793.539000022,504794.545000028,504794.042000025,1.7186891204852857,2.123116609323837,2.4271577099752926,1.4143519013939474,1.5503170118865568,2.2190116334490755,1.3563815406966562,1.50103473300435,1.1581418241525714
504793.595441021,504794.593440645,504794.094440833,504793.652000033,504794.626000038,504794.1390000355,1.4260596612768561,2.057904047822678,1.6848166300712673,1.1378988811756297,1.4812036092175052,1.5623324521703186,1.1026901473767508,1.6708955985751466,0.7107359238055535
504793.695440981,504794.69344061,504794.1944407955,504793.749000043,504794.726000003,504794.237500023,1.0911018862512023,1.8551840730657585,1.003974565379571,0.880998981620426,1.2496652867439642,0.9478629384493124,0.8138962366429695,1.5274102290555691,0.4498227790520479
504793.795440942,504794.793440576,504794.294440759,504793.849000004,504794.823000012,504794.33600000804,0.7353494018958415,1.3298481389571033,0.577761311753781,0.624939344565034,0.8385292809323521,0.5463814888957689,0.5330951567670379,1.0000673586736744,0.4321731346219809
504793.895440903,504794.893440546,504794.3944407245,504793.946000015,504794.936000016,504794.4410000155,0.440786262280072,0.772667549442381,0.32975744896566916,0.3704383014309797,0.42320469117601556,0.3016270311205571,0.33984501443131776,0.49591458507273545,0.4928354766009206
504793.995440864,504794.993440521,504794.4944406925,504794.027000025,504795.033000023,504794.530000024,0.5559011326630441,0.8242210036915723,0.34430910679857485,0.4367367415331716,0.5367955772285441,0.3221857051128397,0.5426892262030781,0.7324449056288407,0.7078267951077316
504794.095440827,504795.093440496,504794.5944406615,504794.124000035,504795.145000029,504794.634500032,1.1294181403233345,1.4232418174814603,0.6290476143208332,0.9202872323664062,1.281552384339487,0.6397936170861716,1.2036547250950167,1.703475857792557,1.234291874104744
504794.195440789,504795.193440472,504794.6944406305,504794.253000045,504795.245000005,504794.749000025,1.681118051170135,1.8368098175509509,0.8591603528787851,1.4544414844932683,2.017727158481103,1.0116081126735441,1.8470818596886778,2.592271166930016,1.8298444566647345
504794.295440752,504795.293440448,504794.7944406,504794.353000008,504795.327000012,504794.84000001,1.875706106120411,1.714056328917279,0.948475895760164,1.7255163102699147,2.4181779196174222,1.4218860507335318,1.984327804879484,2.7696092809762334,2.02359925780926
504794.395440716,504795.393440424,504794.89444057003,504794.450000018,504795.424000018,504794.93700001796,2.159211803130929,1.4369405319494992,1.7549856418678613,2.150164798318147,3.2722339138517116,2.4811218036734366,1.8271286696288063,2.5672388110018822,1.7838802547560848
504794.49544068,504795.4934404,504794.99444054,504794.547000028,504795.536000024,504795.041500026,3.467987638206676,1.8480418898019444,4.578792741180058,3.58766049222091,5.717482595679847,4.858669342059487,2.3890520613122685,2.949296197275711,1.8149057861231825
504794.595440645,504795.593440377,504795.09444051096,504794.628000037,504795.636000001,504795.13200001896,5.549549707862525,3.0402809804051927,8.623292763152032,5.644686397614866,8.891841014102885,7.8934927982669985,3.9126523956868153,3.9836474053140245,2.406503908357383
504794.69544061,504795.693440354,504795.194440482,504794.728000002,504795.733000007,504795.2305000045,6.725545588357422,3.982870745769856,10.954994703522857,6.644876859973804,10.21414821593438,9.31081372072494,5.130473976541191,4.5061888882926215,3.059997596099727
504794.795440575,504795.793440331,504795.294440453,504794.825000012,504795.815000014,504795.320000013,6.09341970913675,3.978602248813033,9.823634304278078,5.889618223953271,8.635975656457253,7.992817681195799,4.968311143114434,3.9919264706352466,3.466471944646891
504794.895440546,504795.893440309,504795.3944404275,504794.938000016,504795.943000019,504795.4405000175,4.570412813652274,3.42645606440063,6.588462473154504,4.514832575092964,5.874599098310272,5.298356039698215,3.846715177298133,3.20564697180058,3.808234109462893
504794.995440521,504795.993440287,504795.494440404,504795.035000022,504796.040000025,504795.5375000235,3.3399695383988446,2.8457766926665586,3.7687692830295942,3.573079030197804,3.8796222684140096,3.203145199670237,2.747689797211798,2.743061114370488,3.958612921630266
504795.095440496,504796.093440265,504795.59444038046,504795.147000029,504796.140000004,504795.6435000165,2.557608971210244,2.3178630162157576,2.3097996118123207,2.9295193185546227,2.808490465250925,2.2332051347528834,2.0633670223535527,2.334016588080576,3.464610612661315
504795.195440471,504796.193440243,504795.69444035704,504795.247000004,504796.237000009,504795.7420000065,1.869069017269942,1.6894190044514765,1.6571530831368873,2.1611508120413667,1.9791921747898842,1.8144357665213182,1.5694789731052805,1.6911079331121441,2.390614391001178
504795.295440447,504796.293440222,504795.7944403345,504795.329000011,504796.334000015,504795.831500013,1.180455402973072,1.005081572692763,1.2343897473406076,1.3325267617457768,1.0896510650806635,1.4102619478947078,1.0531492640733748,0.9770813015456891,1.3415015634109952
504795.395440423,504796.393440201,504795.894440312,504795.426000017,504796.431000021,504795.928500019,0.8005072385821506,0.5873612477985777,1.0914297956910008,0.8989213996857404,0.5652122003587753,1.1245524783071958,0.7229578541882278,0.5938699711381157,0.8197529614895709
504795.4954404,504796.49344018,504795.99444029003,504795.538000024,504796.531,504796.034500012,0.8276650673962203,0.6048040059207527,1.108424917660185,0.8682361226424069,0.6741500169436228,1.1959362762786687,0.7259032070002439,0.7149766497567374,0.7288893429671448
504795.595440376,504796.593440167,504796.0944402715,504795.638000001,504796.642999996,504796.1404999985,1.2477465425452297,1.0815738206728358,1.2884126879637006,1.114417467445925,1.459158386611758,1.6664260365636014,1.1729281249531018,1.3352312812850027,0.8638245348659123
504795.695440354,504796.693440181,504796.1944402675,504795.735000007,504796.739999992,504796.23749999946,2.065976407516243,1.9379269886127288,1.9433802156847564,1.683586623194576,2.7393999053014912,2.4768854358053023,2.12661242468814,2.286671219193647,1.3333484476492998
504795.795440331,504796.793440196,504796.29444026353,504795.817000013,504796.836999988,504796.3270000005,2.7967785291135137,2.6461518847127676,2.7862151039014535,2.294822232163276,3.74035707489252,3.138246073278963,2.9970997888634443,2.9561921403623437,1.8151439347333382
504795.895440308,504796.89344021,504796.394440259,504795.945000019,504796.933999984,504796.4395000015,2.8391097395316813,2.6777768226847583,3.062210706735515,2.4660545165354013,3.7140440251483238,3.0865617081409047,3.096639412677856,2.7875957982847375,1.8219949260459534
504795.995440286,504796.993440224,504796.494440255,504796.042000025,504797.033999998,504796.53800001147,2.267699704768056,2.233839245440939,2.5650009422232634,2.125675555984532,2.9032855689648063,2.3432849716532895,2.5758225228913494,1.97747201226509,1.4172168187211756
504796.095440265,504797.093440238,504796.5944402515,504796.142000003,504797.146999995,504796.644499999,1.7007000705347737,1.8706544074269145,1.9247451213426168,1.703584741617392,2.1639928857163984,1.5150520355363555,2.0877646161011953,1.192525702261846,1.1472810542754712
504796.195440243,504797.193440251,504796.694440247,504796.239000009,504797.227999991,504796.7335,1.5599201722430023,1.8398821005649066,1.7901133132216338,1.6109485385594198,1.9197113803130104,1.1115990140000047,2.0055625903470613,0.8907097366800032,1.310834704257978
504796.295440222,504797.293440265,504796.7944402435,504796.336000015,504797.340999987,504796.838500001,1.768415798094387,2.035034050263361,2.0766685118199115,1.8787455126113617,1.9693383791340513,1.2009575151621041,2.158146392402329,1.1482192741567487,1.680216749205229
504796.395440201,504797.393440278,504796.8944402395,504796.43300002,504797.453999984,504796.94350000203,2.0466560611299647,2.4062027586248718,2.261277565625325,2.166876367115753,2.0884197616051567,1.5908627575118737,2.249259077997936,1.8602897416088582,1.7500604589499442
504796.49544018,504797.493440291,504796.9944402355,504796.545000009,504797.553999997,504797.049500003,2.205940878171141,2.867452043745355,2.1100302840850564,2.181223266760943,2.21022484779178,1.9597153495052164,2.246292935689132,2.641291690648296,1.4312966071433508
504796.595440167,504797.593440304,504797.0944402355,504796.644999996,504797.650999993,504797.1479999945,2.416223862813225,3.292943745375783,1.8909793343704357,2.1397776160891184,2.625043226046926,2.2375939513241607,2.3842589558410463,3.2785451073598413,1.480648966098484
504796.695440182,504797.693440317,504797.19444024947,504796.741999992,504797.74799999,504797.24499999103,3.209649660528382,3.8595605396375796,2.28025303886234,2.7001235610937693,4.219193671886749,3.078075556036855,2.841672937985261,4.242313009858211,2.456004968866292
504796.795440196,504797.79344033,504797.294440263,504796.838999988,504797.844999986,504797.341999987,4.60322358971726,4.698746064756584,3.4934913135318224,3.955818710378953,6.910323466234322,4.847615535377244,3.454179415970839,5.651196368862767,3.814417842625545
504796.89544021,504797.893440342,504797.39444027597,504796.935999985,504797.944999999,504797.440499992,5.683686026219121,5.289867346697866,4.783981154569076,5.038643807255795,8.834608668071244,6.633957208422331,3.7519244874880204,6.537556076080075,4.598949461168565
504796.995440224,504797.993440355,504797.4944402895,504797.035999999,504798.041999996,504797.5389999975,5.433121684806055,4.863910608609687,5.1301559243686725,4.944883895872971,8.131565991620477,6.986968912492035,3.3577980850056717,5.762135040960231,4.287555019518699
504797.095440238,504798.093440367,504797.5944403025,504797.148999995,504798.138999992,504797.6439999935,3.897256285703659,3.382337897273075,4.195683205368975,3.670815567290759,5.110060865709643,5.493435047729603,2.4606190422586938,3.583619644603727,3.2814790153947957
504797.195440252,504798.193440379,504797.6944403155,504797.229999991,504798.235999989,504797.73299999,2.224713193090431,1.8948989977929065,2.690362113479429,2.1905923220026335,2.1210645843095275,3.2822102313381456,1.6422100046695278,1.5436768707562951,2.4326904203749846
504797.295440265,504798.293440391,504797.794440328,504797.342999987,504798.332999986,504797.8379999865,1.3860551091390165,1.240448535178442,1.5278750842371116,1.3822605369022791,0.8509973807811251,1.680623087565328,1.3287399239214979,0.6839621366804547,2.3935341878458942
504797.395440278,504798.393440403,504797.89444034046,504797.455999984,504798.432999998,504797.944499991,1.687924779191675,1.6678416181822682,1.5284794656936747,1.6700702000558338,1.412143682748785,1.3358166612224052,1.846055293418304,0.9384451251647576,3.1045461870473714
504797.495440292,504798.493440414,504797.994440353,504797.555999997,504798.529999994,504798.0429999955,2.8308128177176672,3.0813743371272633,2.8151777891264786,2.807305433675098,3.056234038420117,2.0366251980745007,3.090449739283695,1.7899736639344477,3.969362342099738
504797.595440305,504798.593440426,504798.0944403655,504797.652999994,504798.626999991,504798.1399999925,3.927528916357219,4.694041236561274,4.406218107227155,3.8541328574040117,4.6725207061898795,2.9417447158676864,4.17753779554557,2.6349734755644767,4.039062436497699
504797.695440317,504798.693440437,504798.194440377,504797.74999999,504798.738999988,504798.24449998897,4.02246250200115,5.332022818470008,4.878474696379522,3.836750256075838,5.039586540503676,3.1434470289041547,4.103588826912754,2.832337294712464,3.0134925540507833
504797.79544033,504798.793440448,504798.294440389,504797.846999987,504798.839,504798.3429999935,3.0024531749267385,4.413049603603449,3.739837157518164,2.79371483320878,3.877061559519456,2.374628342280616,2.851354141369551,2.2587998268502183,1.711179935063674
504797.895440343,504798.893440439,504798.394440391,504797.946999999,504798.936000005,504798.441500002,1.889586020519894,2.746034159841806,2.0986720196752575,1.911974826104541,2.392621819358846,1.5376403158737952,1.601385478273114,1.6025872314667495,1.2257723135650427
504797.995440355,504798.993440424,504798.49444038945,504798.043999996,504799.018000009,504798.5310000025,1.6372436665525425,1.6503463551442377,1.356676387165306,2.0605495151573496,1.806300336405346,1.5637711595570956,1.385027805444863,1.48437453078768,1.7909032427584626
504798.095440367,504799.093440409,504798.594440388,504798.140999992,504799.146000013,504798.6435000025,1.94290292567046,1.4202948442154262,1.486096930575064,2.6766464395798195,1.8717247268860389,2.073908893816792,1.8021888108996476,1.6724579327170583,2.5399048266738347
504798.195440379,504799.193440394,504798.6944403865,504798.237999989,504799.259000017,504798.748500003,1.9206978031875546,1.339593247557377,1.5734897410502957,2.6666641990326285,1.6551603643732435,2.09324274578087,1.9327845037302303,1.5166994884217688,2.5879481355540213
504798.295440391,504799.293440379,504798.794440385,504798.334999986,504799.359000002,504798.846999994,1.557214232651726,1.1939708183032838,1.4536382160547796,2.074594849482397,1.1458414407298139,1.587676499772401,1.7446751015230537,1.0716859651668336,2.185630970181246
504798.395440403,504799.393440364,504798.89444038353,504798.434999998,504799.456000006,504798.945500002,1.3654859718872632,1.2962500901080871,1.5252763094835398,1.594629366916069,0.8483163038340193,1.1359841597432976,1.7303965531462497,0.7993736004415095,1.9936613914253338
504798.495440415,504799.49344035,504798.99444038246,504798.531999995,504799.53700001,504799.0345000025,1.4768274157230854,1.5962869271639362,1.8364721935315376,1.5006253429583367,0.8485672245924967,1.0859229208329095,1.9148680577222632,0.8081144236990575,2.2237622352841457
504798.595440426,504799.593440336,504799.09444038104,504798.628999992,504799.634000014,504799.131500003,1.8527888524021683,1.7729966504434236,2.2411559248506614,1.8848966743018183,1.0404440514497333,1.784651066270522,2.0188865576239654,1.0365779188250681,3.0427019754521547
504798.695440437,504799.693440322,504799.1944403795,504798.740999989,504799.734,504799.23749999446,2.4355149640503004,1.6815764078775142,2.654378384440361,2.6876670119704937,1.3981523217160727,3.2571820453155618,2.043542146875697,1.4753991084982572,4.286222285708446
504798.795440449,504799.793440308,504799.2944403785,504798.841,504799.831000004,504799.336000002,3.1516532701754434,1.5005588018886533,2.9903461700805165,3.696925811358313,1.8689382231995528,4.965304214452859,2.4092357765916463,1.9863213446842696,5.795595819147737
504798.895440439,504799.893440294,504799.39444036654,504798.938000005,504799.928000008,504799.4330000065,3.6028384331101604,1.3808342706008274,2.93079651668566,4.301332445241921,2.156202605053132,5.669377248561819,3.113768885132517,2.241357495201049,7.029037998404357
504798.995440423,504799.99344028,504799.4944403515,504799.020000009,504800.041000011,504799.53050001,3.4239046669912714,1.2734629017140082,2.4011440447551897,4.022804386890229,2.0138678946120394,4.806735942377535,3.5627191655768735,2.0253467913623533,7.2851562086419435
504799.095440408,504800.093440267,504799.5944403375,504799.148000013,504800.153000015,504799.650500014,2.744248975504729,1.1174385963020437,1.835216517759115,3.173248638006549,1.6146913703134569,3.126958816522982,3.294117583802093,1.5732744000590437,6.219045881272547
504799.195440393,504800.193440253,504799.694440323,504799.261000017,504800.253000002,504799.75700000953,2.0757438546744593,1.129369285942329,1.745075777259577,2.3702258697689027,1.358392222024512,1.89967151909384,2.5892245518841306,1.3238425392420616,4.19014907218032
504799.295440379,504800.29344024,504799.7944403095,504799.361000002,504800.335000005,504799.8480000035,1.7589645822442823,1.3979940745253612,2.0135447305301915,1.9245866057524523,1.456146603038319,1.5769708102840447,2.0436641396149926,1.431747710477568,2.2270619837313297
504799.395440364,504800.393440227,504799.8944402955,504799.458000006,504800.432000025,504799.9450000155,1.580247400719774,1.6213437816693037,2.0138152156922544,1.5582661225457057,1.6269392667634788,1.5711264929928626,1.7136998707555482,1.55168037738444,0.9851080779545984
504799.49544035,504800.493440174,504799.994440262,504799.53900001,504800.529000083,504800.0340000465,1.4107647263027658,1.5964297540680104,1.7130385443808336,1.2275245434405233,1.6480023000988206,1.5307546459902706,1.4886505725836718,1.4598009788517659,0.6219164710082302
504799.595440335,504800.593440089,504800.094440212,504799.636000014,504800.641000105,504800.1385000595,1.3133316153815215,1.3416720291615176,1.5817466134253977,1.2221698658424882,1.4827131114457845,1.6447181640865534,1.3094074959463724,1.2211631124617717,0.7030625306822872
504799.695440321,504800.693440003,504800.194440162,504799.733000018,504800.74100002,504800.237000019,1.4812365357328074,1.0512391953582563,1.8993194280267756,1.7968149014073937,1.2787774143458717,2.3668073378323573,1.327445112138282,1.0739305143831162,1.0555583823704076
504799.795440307,504800.793439919,504800.294440113,504799.833000004,504800.854000043,504800.3435000235,2.034063863662882,0.8786551566479497,2.7443671247262738,2.8624230182938817,1.2324446126994064,3.890168112306527,1.7600646607786457,1.123108664426152,1.7812795594242201
504799.895440294,504800.893439836,504800.394440065,504799.930000007,504800.935000066,504800.4325000365,2.5818629034173837,0.7578149905555125,3.609040778850615,3.7148974098167784,1.2644489365129237,5.194774319735844,2.304986835965793,1.2076155902797578,2.6013243656218443
504799.99544028,504800.993439754,504800.49444001704,504800.043000011,504801.032000088,504800.5375000495,2.6796239151388397,0.684981009125676,3.811713860846583,3.7198010076406067,1.2769187068320185,5.282437721028161,2.48282039291226,1.2164823203728714,2.961836302352541
504800.095440266,504801.093439673,504800.5944399695,504800.155000015,504801.132000007,504800.643500011,2.7217343393333104,1.1273889144689186,3.54388536315542,3.383462105927582,1.7817836355002314,4.806278004977267,2.5781123974493916,1.6307152413432777,2.9222490518443935
504800.195440253,504801.193439592,504800.6944399225,504800.255000001,504801.229000029,504800.742000015,3.78538528935986,2.818723691105923,3.7936144560330094,3.939567534590701,3.6863734926745244,5.420186675583135,3.668152315774007,3.2401506554188986,3.7163134936986766
504800.29544024,504801.293439513,504800.7944398765,504800.337000005,504801.32600005,504800.8315000275,5.8441132142265735,5.431438910253969,4.747593091225379,5.474244420600774,6.536043026918229,7.126220481669344,5.924929941231816,5.703586952702234,5.80884888921084
504800.395440227,504801.393439434,504800.8944398305,504800.434000025,504801.423000072,504800.92850004847,7.301244010357761,7.314399486827943,5.314143445522595,6.5145856620431655,8.354950869038419,7.823731954264934,7.741974933956934,7.431422589247937,7.914743141960162
504800.495440173,504801.493439356,504800.99443976453,504800.531000081,504801.536000092,504801.0335000865,6.802607500934676,7.054867667652742,4.783319048140533,5.839878556170072,7.712756071105134,6.36117789039319,7.491560011006142,7.051932896141119,8.125367866868476
504800.595440087,504801.593439279,504801.094439683,504800.643000104,504801.636000015,504801.13950005954,4.789984996304778,5.0015587806893205,3.699141587602644,3.9497325089692943,5.348600543350778,3.7805701987266485,5.500271867708597,4.873142016450561,6.166862466940379
504800.695440002,504801.693439203,504801.19443960255,504800.743000019,504801.733000036,504801.2380000275,2.807057049636861,2.7258769295435075,2.915969683793615,2.3750710763966287,3.0685167246481386,1.9363227197726838,3.3893921176381405,2.4556044011260854,3.5897027441760883
504800.795439918,504801.793439128,504801.294439523,504800.856000042,504801.830000057,504801.34300004947,1.8035301796949832,1.332239292315869,2.4580752053564017,1.859633568146555,1.7949469447804265,1.7063664933532923,2.209727525493239,1.0464834804577197,2.0207689276563623
504800.895439835,504801.893439053,504801.39443944395,504800.937000064,504801.927000077,504801.43200007046,1.5367386067520348,0.7219078497589093,1.9207460713101887,1.9457474832873873,1.1818429227128684,2.5770400929826947,1.7528745215501473,0.6656769177981859,1.5280729946158964
504800.995439752,504801.993438979,504801.4944393655,504801.034000086,504802.027000003,504801.5305000445,1.5547533297223817,0.3730319944193756,1.6006153495903308,2.1518703110141617,0.8011453046864505,3.766173359901319,1.6693066378213284,0.7164407109692658,1.3594429693768215
504801.095439671,504802.093438906,504801.5944392885,504801.134000005,504802.139000023,504801.636500014,1.817747192277649,0.23144181594117832,1.9817579036935804,2.5183871671038407,0.8646211206781793,4.607671612523571,2.120908936962781,0.9011628789363433,1.316026102381716
504801.195439591,504802.193438834,504801.6944392125,504801.231000027,504802.221000043,504801.72600003495,2.233842898656612,0.40106535912936386,2.669791069480017,2.955469281233879,1.3670940367924085,4.773980746426281,2.9549274691530854,1.1800990991926954,1.568316127845164
504801.295439511,504802.293438763,504801.794439137,504801.328000049,504802.333000062,504801.83050005545,2.467106612761703,0.7895305183328554,2.9178265814829922,3.018420862191862,1.7558322885018622,4.569112226323737,3.346180990474494,1.4752079858920193,1.8647414488938006
504801.395439432,504802.393438692,504801.894439062,504801.42500007,504802.446000081,504801.9355000755,2.4792075241086513,1.3758324650137455,2.7020196208952347,2.669757678570048,1.7964912453084403,4.606010693035273,2.9480074589575853,1.8170355670508505,1.9185054640380321
504801.495439355,504802.493438622,504801.9944389885,504801.538000091,504802.546000011,504802.042000051,2.2613219220632175,1.9236675382075905,2.230599181398879,2.050336312627861,1.50138470166452,4.772670902302693,2.006662642659981,2.0347775590559705,1.5704765385882455
504801.595439278,504802.593438553,504802.0944389155,504801.638000014,504802.64300003,504802.140500022,1.9037458967969396,2.259805545735003,1.7452505013146027,1.4885279799149553,1.1498859374854276,4.469141055260822,1.1453346197005785,1.948128187884419,1.0238933470797076
504801.695439201,504802.693438497,504802.194438849,504801.735000035,504802.740000029,504802.237500032,1.5042543053321933,2.286742132096446,1.3355419265197677,1.1274690139329877,0.9546305888461257,3.360456604992879,0.7693810479353425,1.5462641057604134,0.6535490225735826
504801.795439126,504802.793438457,504802.2944387915,504801.832000055,504802.837000039,504802.334500047,1.1629235544036973,2.0236659416517253,1.0425868121665292,0.9192533548748709,0.9115172847051473,2.0506777376203535,0.7612274928384941,1.0513117815613877,0.5431480298110696
504801.895439052,504802.893438417,504802.3944387345,504801.929000075,504802.937,504802.43300003745,0.9456896466726812,1.530127121419943,0.9318809753029119,0.8204536417528114,0.8320545075759717,1.5376440911981286,0.7553517596387243,0.6587048314924342,0.49930024500052406
504801.995438978,504802.993438378,504802.494438678,504802.029000001,504803.050000011,504802.539500006,0.8372172743225026,1.005779957397145,0.9636638038770733,0.7857115880507983,0.6293258473632742,1.9078845819162118,0.5589289277624059,0.4311698430497597,0.4152736451633526
504802.095438905,504803.09343834,504802.5944386225,504802.141000022,504803.131000021,504802.6360000215,0.8584215908794529,0.8109620138069518,1.1092991210188432,0.7878232844021575,0.5682124979286463,2.3524180195196105,0.3633813475320046,0.44059383082255205,0.4346826120048573
504802.195438833,504803.193438302,504802.6944385675,504802.223000042,504803.228000032,504802.725500037,0.9677299868583794,1.017102514696249,1.2662538398852141,0.7704434405861356,0.8559707219187418,2.147361423752513,0.3767715242676541,0.6972449792700119,0.6106914504905154
504802.295438761,504803.293438264,504802.79443851253,504802.335000061,504803.341000042,504802.8380000515,1.0325515027582375,1.2915743349271431,1.2783324552717217,0.6842356363559661,1.2668190985839167,1.3934882290427246,0.5449432355724528,0.9886269258230655,0.8123921064889092
504802.395438691,504803.393438227,504802.894438459,504802.44800008,504803.441000004,504802.944500042,0.9213417203388424,1.2601553703547448,1.0664624185757319,0.5454199177076032,1.3781985522686684,0.6627711305973776,0.6214892769877391,1.02233904295123,0.8138980532676447
504802.495438621,504803.49343819,504802.9944384055,504802.54800001,504803.522000015,504803.0350000125,0.6775206123267429,0.9658831591512234,0.7467613716044386,0.42446234350015355,1.1116376935105372,0.30019991393890194,0.5315696547880766,0.773589648450522,0.5660611136700896
504802.595438552,504803.593438153,504803.0944383525,504802.645000029,504803.635000025,504803.140000027,0.45406909368290893,0.6415915125400096,0.4521134142195484,0.31153532606881895,0.7455203329467261,0.26862911839593945,0.3872448603998754,0.5343103640404088,0.2916078208519447
504802.695438496,504803.693438117,504803.1944383065,504802.742000028,504803.747000034,504803.244500031,0.5098605937588483,0.5220294713719226,0.3349539665924195,0.47305239888673334,0.6603127078127891,0.6789069362964215,0.39717777862018144,0.6498982652853402,0.36255322520497846
504802.795438456,504803.793438081,504803.2944382685,504802.839000039,504803.844000044,504803.3415000415,1.0203385555227515,0.7229221575043643,0.5566588207535828,1.2335876637583412,1.0204932161455011,1.64118845037649,0.7534928391293081,1.2560821623220861,0.9782831341923396
504802.895438417,504803.893438046,504803.3944382315,504802.952000049,504803.944000008,504803.4480000285,1.76503466440029,1.1351729505405899,0.9926235669783428,2.388680606283261,1.5682953917483178,2.9098788900309955,1.2915941925158692,2.033097348518084,1.8009343685868608
504802.995438378,504803.993438011,504803.4944381945,504803.05200001,504804.041000018,504803.546500014,2.2517146215423662,1.4467077142327573,1.3301417749187092,3.21793312846883,1.8459775288143783,3.9134204040696563,1.6187802633593005,2.370820553757226,2.2699356047180723
504803.095438339,504804.093437976,504803.5944381575,504803.133000021,504804.154000028,504803.64350002445,2.17866887309592,1.393122159385068,1.3014154781337395,3.1097554514137253,1.6027816369118681,4.234039260599457,1.4545756996818147,2.0714101130452662,2.262251185596423
504803.195438301,504804.193437942,504803.6944381215,504803.230000031,504804.235000037,504803.73250003404,1.7496638683461088,1.0465289515084497,0.9539659504402427,2.265278527660266,1.0298170968636573,4.034694986595932,0.9327408206844154,1.539511523869956,2.194773089145951
504803.295438263,504804.293437908,504803.7944380855,504803.343000041,504804.335000003,504803.839000022,1.3792430279959045,0.726475799091302,0.6442677231225995,1.3967115397594043,0.5152567920152976,3.816485726993874,0.4523475447178545,1.191257231504769,2.2911418667621346
504803.395438226,504804.393437874,504803.89443805,504803.443000004,504804.432000012,504803.93750000803,1.261628413798842,0.7688301841038162,0.6163904007849794,0.9992568530887705,0.3042636988903255,3.748556919408589,0.26037301186195655,1.0480044836879627,2.347351758564337
504803.495438189,504804.493437841,504803.99443801504,504803.524000014,504804.545000021,504804.03450001753,1.1520638746652654,1.0944062454958565,0.6349135215427992,0.8247771681200553,0.25095522620684096,3.3801639906775196,0.18954243674479143,0.8649286326556481,1.9768237758786116
504803.595438152,504804.593437808,504804.09443798,504803.637000024,504804.64200003,504804.13950002706,0.9789704165112829,1.4020245922195302,0.6361864898913012,0.7142572369808108,0.25385218539103477,2.6903357277939093,0.16093790468182056,0.6361358112331383,1.338033383898718
504803.695438116,504804.693437776,504804.19443794596,504803.749000034,504804.739000039,504804.2440000365,0.868753136019751,1.4141003514619384,0.7744188426411922,0.7323422495981103,0.3029178945128209,2.198239957907,0.23106353730492013,0.46681137030266695,0.830130884429359
504803.795438081,504804.793437743,504804.294437912,504803.846000043,504804.839000006,504804.3425000245,0.8898789540168383,1.1242159995128818,1.1279785730968612,0.8453655902452141,0.37589820453336076,2.2941606479954793,0.4060311200505332,0.33927271793163016,0.6061087787687458
504803.895438045,504804.893437723,504804.394437884,504803.946000008,504804.935999993,504804.4410000005,0.9298495475133799,0.7390253203333851,1.4351513363088513,0.8723181772539377,0.40108175008011926,2.700653444553617,0.5771127231713706,0.17945927525189864,0.53399435315386
504803.99543801,504804.993437737,504804.4944378735,504804.043000017,504805.03299999,504804.5380000035,0.8962251774748335,0.4785977460284769,1.4561731415011032,0.7510700571602706,0.3634705616774243,2.8409662236999957,0.6120912435076445,0.061135308389741,0.6062971378340125
504804.095437975,504805.093437751,504804.594437863,504804.156000027,504805.145999986,504804.6510000065,0.7745077896460664,0.36846010870705825,1.2756087809571843,0.536660854278528,0.29099080437220526,2.4382067193690142,0.5070429405895572,0.030616332077896886,0.7484757768170872
504804.195437941,504805.193437764,504804.6944378525,504804.237000036,504805.245999999,504804.74150001747,0.6496124392827386,0.29465896754390014,1.1268758166121038,0.38776849042074746,0.21991201768456292,1.980386272981682,0.36941980999253166,0.07601886539973701,0.7418592736266437
504804.295437907,504805.293437777,504804.794437842,504804.337000002,504805.357999996,504804.847499999,0.6511966175267281,0.3315079261104954,1.210148507235027,0.3639774604220034,0.24926367858034237,1.9869076577544118,0.3196942965974956,0.19292143127747913,0.5551519822365703
504804.395437874,504805.393437791,504804.8944378325,504804.434000011,504805.439999992,504804.93700000155,0.9289410879205885,0.5382338452254711,1.6099124892724226,0.6851777873363984,0.4205395026195624,2.6618540463175524,0.4733839219137922,0.40839221174011664,0.6340348989393919
504804.49543784,504805.493437804,504804.994437822,504804.54700002,504805.551999989,504805.0495000045,1.528958995236855,0.8184204885036437,2.188428679317563,1.5290023632091139,0.7074121859405293,3.8983327392773637,0.9003601308219034,0.6905670453966695,1.4991483294280532
504804.595437807,504805.593437817,504805.094437812,504804.644000029,504805.617999985,504805.13100000704,2.2917546583325477,0.9691461561757913,2.6906524165227124,2.695176104989619,0.9618653852273813,5.521770044071822,1.408776149439702,0.8953968497249131,3.191254160508443
504804.695437775,504805.69343783,504805.19443780254,504804.741000038,504805.717999998,504805.229500018,2.863497547232938,0.9078868752511522,2.8473505789427507,3.507328883219115,1.027232967401878,7.142848847032715,1.6344735524996736,1.0211387662420695,4.819719907274148
504804.795437743,504805.793437842,504805.2944377925,504804.841000006,504805.830999994,504805.336,3.022491149128437,0.8575183038840695,2.6057114924589824,3.5041537780841434,0.9808715161014745,8.287651156129913,1.4591473144378562,1.2859020740751177,5.198973557855941
504804.895437724,504805.893437855,504805.3944377895,504804.937999994,504805.927999991,504805.4329999925,2.959852194507171,1.2982274295530865,2.3196592162515755,3.0375397439249383,1.1373656961968073,8.697160623028829,1.156239809417135,1.9139010557629068,4.118723981922088
504804.995437737,504805.993437868,504805.49443780247,504805.03499999,504806.024999988,504805.52999998897,2.8694926890963424,2.2072918557465036,2.1656716031879344,2.646173815069737,1.545692438713341,8.074890553527199,0.9901921652932512,2.6759463092858216,2.6500827719469524
504805.095437751,504806.09343788,504805.5944378155,504805.147999986,504806.125,504805.63649999304,2.6694474896317417,2.8963498432851065,1.9972331010202145,2.4352211673916995,1.8454163252411195,6.4243078391545545,0.9170748795091678,3.0081972388011424,1.8317795226509288
504805.195437764,504806.193437892,504805.69443782803,504805.248,504806.236999997,504805.74249999854,2.209494841932723,2.8310689606033224,1.6992697543486894,2.116823650280189,1.6770815463543405,4.2310917370911945,0.7435523012715459,2.670186978025915,1.7068838074865844
504805.295437778,504806.293437905,504805.7944378415,504805.359999996,504806.333999993,504805.8469999945,1.570123095023626,2.210471823183548,1.3846221919969832,1.6000442893981406,1.1265077769202414,2.1691602089602213,0.4602279058193024,1.9572224668068468,1.6527280971037233
504805.395437791,504806.393437917,504805.894437854,504805.441999992,504806.430999991,504805.9364999915,1.0773396437242402,1.6737808444904188,1.220117237982352,1.1291795409773688,0.6434588480543141,0.857311174247487,0.2892969876620902,1.3762335026918746,1.4293390136880162
504805.495437804,504806.493437926,504805.994437865,504805.553999989,504806.527999995,504806.040999992,0.9177760454611491,1.5204907371497334,1.2234472165014736,0.9223288471994726,0.5185361401259764,0.41166946509447466,0.36727171349545473,1.099446733157906,1.279017510964701
504805.595437817,504806.59343793,504806.09443787346,504805.619999985,504806.628,504806.1239999925,0.873286523968467,1.3671945380986834,1.074385573686981,0.857074334098803,0.6029537336475799,0.2989290972516356,0.5293230458887132,0.9220265434543539,1.334405325620986
504805.69543783,504806.693437935,504806.1944378825,504805.719999998,504806.724999998,504806.222499998,0.7684208094984069,0.9870865583403625,0.6646455097111775,0.7678748259837874,0.6964033219598268,0.3338003652525203,0.6325631514133493,0.7212610093123855,1.3437317340138457
504805.795437843,504806.793437939,504806.294437891,504805.832999995,504806.821999997,504806.327499996,0.7088358976798725,0.6391906840358246,0.3525556323418388,0.640504809290059,0.8215968443703341,0.494437552323069,0.8034833388407777,0.5589440094754364,1.3599743107616402
504805.895437855,504806.893437943,504806.394437899,504805.929999991,504806.934999996,504806.4324999935,0.830035765504666,0.5486375445471247,0.3683987655067973,0.5305494200688687,1.0564374110866948,0.6729104283235274,1.2069479328002406,0.5279624869419562,1.7284421347621175
504805.995437868,504806.993437947,504806.4944379075,504806.026999988,504807.031999995,504806.5294999915,1.1629193477954693,0.6485794930623713,0.7528163397965809,0.6338051394832318,1.3308818044062627,1.2283476563660027,1.7851255267833186,0.6058544572447572,2.31794436522123
504806.09543788,504807.093437951,504806.5944379155,504806.138999984,504807.131999999,504806.6354999915,1.6650686178964567,0.8057307507003872,1.4627102751811438,1.1722801257070055,1.4726851584224245,2.698943623759433,2.2317182082826514,0.7499816947997712,2.7264991063188377
504806.195437893,504807.193437955,504806.69443792396,504806.238999997,504807.243999998,504806.7414999975,2.320754484438548,0.9943866478337862,2.3885712173257607,2.25902220140113,1.4641736031621073,4.98812603788914,2.3932237091109836,1.0202577372224677,3.058274721563009
504806.295437905,504807.293437959,504806.79443793197,504806.335999993,504807.325999997,504806.830999995,2.899016361327894,1.1870764626271753,3.182356379938951,3.371503950018373,1.3912140918915092,6.959220073221979,2.2668662562176807,1.3830139766171745,3.450879700090309
504806.395437917,504807.393437963,504806.89443794,504806.432999992,504807.422999996,504806.927999994,3.3457256270590747,1.6920959748998232,3.8183047495278295,3.9819297390004156,1.6316381915424274,7.770362633995326,2.1222891781210707,1.9634263348852237,3.78575821450048
504806.495437926,504807.493437967,504806.9944379465,504806.529999995,504807.523,504807.0264999975,4.053588920596397,3.02088518271726,4.754647983044794,4.407723864394079,2.7072659212480765,7.895125139589912,2.5076276357230074,3.1045246290984387,4.030911008955608
504806.59543793,504807.593437971,504807.0944379505,504806.63,504807.650999999,504807.1404999995,5.111179495794417,4.928603803072915,6.063620684051145,5.063990795004601,4.339142792292688,8.141370497908097,3.589561367516219,4.536769515316722,4.226376511192942
504806.695437935,504807.693437975,504807.19443795504,504806.726999998,504807.731999997,504807.22949999745,5.736312686806436,6.168180669794708,6.7511671983197346,5.447075833285554,5.311637395550986,8.327541420534917,4.4852663682413105,5.273745508288604,4.125887100435667
504806.795437939,504807.793437979,504807.294437959,504806.823999997,504807.844999996,504807.3344999965,5.110150654264693,5.645339044160411,5.832677954082053,4.7225761545158615,4.688695934369343,7.688986277452642,4.185321876218135,4.63011381197474,3.4874941813443576
504806.895437943,504807.893437983,504807.394437963,504806.936999996,504807.941999995,504807.4394999955,3.4866264786078527,3.7036186381604352,3.7457508437302853,3.001866709519379,2.9017903701680217,6.3307766193839115,2.7392038867158934,3.0311903648831473,2.4388143963017486
504806.995437947,504807.993437987,504807.49443796696,504807.033999995,504808.041999999,504807.53799999703,2.118228398610663,1.7596773429603847,2.10261843056916,1.5138970456490082,1.2443220982715264,5.513147748850603,1.2637289179268443,1.5716035388321403,1.9768320658256364
504807.095437951,504808.09343799,504807.5944379705,504807.133999999,504808.122999998,504807.6284999985,1.9617440349335502,0.8800937036509179,2.03088898375249,1.3232788801380262,0.7258576643065476,5.757273479083834,0.9388027851422247,0.8796125308885816,3.15814425250578
504807.195437955,504808.193437994,504807.6944379745,504807.245999998,504808.219999997,504807.7329999975,2.687402246042586,1.190304259425476,3.1275190930641648,2.0434374455394555,1.4316384898000374,6.0190377392325125,1.7340838495351145,0.9403782100364748,5.012818881707455
504807.295437959,504808.293437998,504807.79443797853,504807.327999997,504808.348999996,504807.83849999646,3.5235226373911948,2.2923200553383873,4.396369265187049,2.807627264026933,2.9048775232408306,5.521860378360566,2.7667452780022193,1.6577333286988054,5.840648006274771
504807.395437963,504808.393438002,504807.89443798247,504807.424999996,504808.449,504807.936999998,3.902058890470824,3.411815551979769,5.147867203002575,3.1481704092393805,4.211033799182154,4.511855354914586,3.2507058304724152,2.601310581558748,4.933712393416965
504807.495437967,504808.493438005,504807.994437986,504807.525,504808.529999999,504808.0274999995,3.652436484789665,3.7088610552847165,5.208233427512468,3.0611298364934987,4.393576706278607,3.6479021222484125,2.9958425075377453,2.9203708343535144,3.283575388608359
504807.595437971,504808.593438009,504808.09443799,504807.652999999,504808.626999992,504808.1399999955,2.9475281484106794,2.8971125331122214,4.435106145822192,2.7392909557950316,3.36118502050639,2.929494023499087,2.2897372745616313,2.277781800714397,2.6505174332744867
504807.695437975,504808.693438023,504808.194437999,504807.733999998,504808.739999988,504808.236999993,2.277429482450705,1.6734935434278575,3.280104662705316,2.4657932506022013,2.0143590276680277,2.0518516713077544,1.7466972026080545,1.2368759362034238,3.7502605650830043
504807.795437979,504808.793438037,504808.294438008,504807.846999997,504808.820999984,504808.3339999905,2.0441353221441503,0.8856411236007435,2.5679801810964054,2.449873075947593,1.21735286670523,1.4166560940263575,1.6465104164594981,0.5470099906375488,5.622058828679824
504807.895437983,504808.89343805,504808.39443801646,504807.943999995,504808.920999998,504808.4324999965,2.2023184076224798,0.7532455267795697,2.4595450588976604,2.715183094989403,1.0209780126485097,1.6136320779058584,1.78689943477405,0.39165937472897927,6.877404680255809
504807.995437987,504808.993438063,504808.494438025,504808.043999999,504809.048999994,504808.5464999965,2.413883286724655,0.9111993356973491,2.5422806403852634,3.0535824238127516,0.9942839209065697,2.7426593709433633,1.8960252522860892,0.4595246647175991,6.711510685048256
504808.095437991,504809.093438077,504808.594438034,504808.124999998,504809.145999991,504808.6354999945,2.3703104190779474,1.1854897919425251,2.391197978897835,3.0673759875491386,0.8732386116151816,3.928775538805535,1.8146593659868009,0.5111179362070428,5.190628141619522
504808.195437994,504809.19343809,504808.694438042,504808.221999997,504809.242999987,504808.732499992,2.0012169070006744,1.4403440352826078,1.9146563188336245,2.5563474278888862,0.6828425717753357,4.191327263770336,1.4964332467207158,0.5230021304311135,3.2047822613027765
504808.295437998,504809.293438103,504808.7944380505,504808.350999996,504809.343,504808.846999998,1.487307368188902,1.428717208399948,1.3530079399690564,1.8551571815264176,0.48413348081464913,3.3053212706208264,1.1112473604854491,0.5025922734446749,1.858282230250195
504808.395438002,504809.393438116,504808.894438059,504808.451,504809.439999996,504808.945499998,1.0639720639143455,1.1201697482038109,0.8800160762432231,1.4341254870210156,0.33438367797762636,1.9474347396546203,0.8445043262074674,0.4915187023750026,1.4596237536319987
504808.495438006,504809.493438128,504808.99443806696,504808.531999999,504809.552999993,504809.042499996,0.8530593429223835,0.7629664182373722,0.5609868136646012,1.3765602461214819,0.25382747272512873,1.0767436229880074,0.7248015404062738,0.5433802306093526,1.52520839862685
504808.59543801,504809.593438141,504809.0944380755,504808.628999992,504809.633999989,504809.1314999905,0.7651048702334782,0.6151139126711102,0.43943419346721524,1.3228402259651892,0.253532440626017,0.8893790872904183,0.6072414151396978,0.6158456100271965,1.3774520766809812
504808.695438023,504809.693438154,504809.1944380885,504808.741999988,504809.730999986,504809.23649998696,0.6579367111138631,0.6019388754485734,0.445734867081391,1.0126452738011387,0.3044840499159333,0.8769287377101442,0.4175421945194614,0.6271723769171065,0.9770473135171562
504808.795438037,504809.793438166,504809.29443810147,504808.822999985,504809.830999998,504809.32699999155,0.5503723291246001,0.5470932888683093,0.4024182102632973,0.6450377785492609,0.3526650223907939,0.7882242913627739,0.27030014653555345,0.5647061883883285,0.8325337066384838
504808.89543805,504809.893438179,504809.3944381145,504808.922999998,504809.927999995,504809.4254999965,0.5129931482396373,0.45619081328184297,0.3420950840742498,0.4660106207366118,0.3561373640493456,0.7539417528384954,0.2580189834057301,0.4304286354608625,1.0411219320699598
504808.995438064,504809.993438191,504809.4944381275,504809.050999994,504810.024999992,504809.53799999296,0.48901113242320027,0.3714769597993524,0.2442408397449809,0.44374402865696516,0.26457130516862837,0.7371894222227622,0.2932747832592775,0.2723236974880865,1.2852680230455495
504809.095438077,504810.093438203,504809.59443814,504809.147999991,504810.121999988,504809.63499998953,0.45002770927997365,0.40135229024381636,0.16891530108491826,0.4480560950286967,0.19088507492302337,0.6303744854108524,0.2986917355396192,0.19754098764042563,1.2644057043684376
504809.19543809,504810.193438215,504809.6944381525,504809.244999987,504810.250999985,504809.747999986,0.4246216654127867,0.610996363057369,0.1623229167614339,0.40218748519264713,0.25520045253813883,0.4112925956257515,0.2995799727331337,0.2891073684499606,0.9662861689438587
504809.295438103,504810.293438227,504809.79443816503,504809.341999984,504810.350999997,504809.8464999905,0.5974681704083658,1.0763821004849448,0.2919500110123664,0.44657735037983715,0.4992121488373903,0.3382338658579016,0.504118911846556,0.6388579093986504,0.9844130654492791
504809.395438116,504810.393438239,504809.89443817746,504809.441999997,504810.447999994,504809.9449999955,1.2094648885961004,1.9220541995207545,0.6557121295448733,0.8335749940721926,0.9606312285174403,0.9880132849978105,1.1008235035814509,1.4239509327589976,1.7909588357752833
504809.495438129,504810.493438251,504809.99443819,504809.554999993,504810.544999991,504810.049999992,2.316971150688236,3.0395518570177065,1.2531231773679987,1.6826485968989742,1.6475696225410785,2.8206269745814807,2.0311406511369734,2.7060155016079825,3.3550928243536937
504809.595438141,504810.593438263,504810.094438202,504809.63599999,504810.641999987,504810.1389999885,3.6389156478153106,4.07202774761298,1.931867209802577,2.8124415312732878,2.477184553531746,5.5465649146934455,2.9639265087068356,4.194572814623532,5.112739902278077
504809.695438154,504810.693438274,504810.19443821395,504809.732999986,504810.741999999,504810.2374999925,4.4085086032684675,4.413447291442511,2.305670685029118,3.557868526241619,3.0095175816199355,7.625938015357523,3.3180096728722455,5.009181655790286,6.028435397794507
504809.795438166,504810.793438294,504810.29443823,504809.832999999,504810.838999992,504810.33599999547,4.059785713790409,3.72639010690508,2.0876250962345653,3.3702547165156944,2.778611787667601,7.793943077422528,2.776436151053926,4.488300816563803,5.456723957960073
504809.895438179,504810.893438317,504810.394438248,504809.929999995,504810.935999985,504810.43299999,2.924836343742361,2.3917817930730934,1.4927081333894918,2.4217936596654615,1.9137763994611605,6.6684579163772915,1.7205089713272592,3.019536616400487,3.7701272602446405
504809.995438191,504810.993438339,504810.494438265,504810.026999992,504811.032999979,504810.5299999855,2.0867638448831927,1.4185917547400617,1.2806652325757502,1.6189202670158278,1.1926978193357527,6.096641242880377,0.9581525284024047,1.872078314145918,2.2563635999694482
504810.095438203,504811.093438362,504810.59443828254,504810.123999989,504811.144999973,504810.634499981,2.3981127097686112,1.555972149285918,2.3069964292764693,1.76026529684901,1.4123725017334343,6.96336804795685,1.2120641772105398,1.8854982661228679,2.0883648097137977
504810.195438215,504811.193438384,504810.6944382995,504810.252999985,504811.244999996,504810.7489999905,3.382096180480797,2.352047364147839,4.340015529143113,2.495789287289072,2.254633115147062,7.934680453057269,2.1802660443130653,2.450873517233521,3.0484641335154326
504810.295438227,504811.293438406,504810.7944383165,504810.352999997,504811.341999989,504810.847499993,3.915790203021799,2.845790271849336,6.088432007066068,2.906936354996823,2.782928322513088,7.387024893278153,2.960062418881873,2.534256149224563,3.820891206364486
504810.395438239,504811.393438428,504810.89443833346,504810.449999994,504811.438999983,504810.9444999885,3.421571703433094,2.5092080916491857,6.223106463907483,2.5023358198799945,2.479711725829553,5.296609228572125,2.873750216963868,1.9169047151984984,3.570947365464047
504810.495438251,504811.49343845,504810.9944383505,504810.546999991,504811.535999977,504811.041499984,2.3014250959972924,1.6254051254867314,4.6247894271378875,1.6602876706498093,1.6086770248232365,2.9629135818235186,2.0208180906008515,1.117776800188738,2.7907330472675653
504810.595438263,504811.593438472,504811.0944383675,504810.643999988,504811.635999999,504811.1399999935,1.3930847422841417,0.7992894848580792,2.4669325273140394,1.0945648509886698,0.7981581820688224,1.46476335404757,1.1394877356669055,0.612242332084248,2.7692394712448003
504810.695438274,504811.693438493,504811.1944383835,504810.743999999,504811.732999993,504811.238499996,1.187358549435452,0.34766917597161306,1.1274485816434208,1.1484932842732924,0.4258420478207944,0.9579828686087299,0.8754864165792252,0.48622107973669215,4.129724940849848
504810.795438294,504811.793438514,504811.29443840403,504810.840999992,504811.829999987,504811.33549998945,1.4444414874878395,0.22010515982480494,0.9787331665974655,1.5197711768637068,0.41153905504166366,0.988081534735614,1.143328435039517,0.5374899731606189,5.756483398639326
504810.895438317,504811.893438536,504811.3944384265,504810.937999986,504811.926999982,504811.432499984,1.583710275676371,0.2513347605438362,1.3471164018661224,1.7048383162092278,0.48541037486760114,0.978056955191009,1.4036999643334596,0.548745179319719,5.950480253079992
504810.99543834,504811.993438556,504811.494438448,504811.03499998,504812.023999976,504811.529499978,1.4501554899326465,0.40385887814034455,1.5971255337428447,1.6623217224086453,0.6430120003903661,0.846881190649559,1.481016491103279,0.5318446587348669,4.435183444291265
504811.095438362,504812.093438577,504811.5944384695,504811.146999974,504812.123999997,504811.6354999855,1.4177423475541304,0.7452399732472313,1.76519878180124,1.8354951853566843,1.1068773287369977,0.9322266697404232,1.678265595080398,0.6844005885326863,2.594234657937384
504811.195438385,504812.193438598,504811.6944384915,504811.246999996,504812.236999991,504811.7419999935,1.8479551624859738,1.2978041982952564,2.134928684305035,2.6105400906725076,1.9662346319882438,1.537683256589852,2.2053138936203522,1.1907896008169327,1.84034694359961
504811.295438407,504812.293438618,504811.79443851253,504811.34399999,504812.348999985,504811.8464999875,2.753036382983119,1.9513265817892833,3.019722595168767,3.947986165245627,3.0178033867441547,2.944699553671792,2.9311041101047994,1.9768614036266847,2.23478726751384
504811.395438429,504812.393438639,504811.89443853404,504811.440999984,504812.445999969,504811.9434999765,3.91288052750634,2.6243895542207767,4.401243164479041,5.441044131687172,3.9970390498838766,5.166731484318555,3.684931153605495,2.898120434520454,3.089545247335348
504811.495438451,504812.493438669,504811.99443856,504811.537999978,504812.546,504812.04199998896,5.385053713861246,3.6283465220448727,6.096019653159274,6.9135977559114865,5.0726344757795045,7.93785527435859,4.827573014097117,4.167737035322789,4.4366659802163335
504811.595438472,504812.593438706,504812.094438589,504811.638,504812.62799999,504812.132999995,7.0075672129124715,5.14892912773241,7.513207757638437,8.172275773147524,6.311639040851922,10.497797658041044,6.3922801234515365,5.922725392890691,6.1016828295462116
504811.695438494,504812.693438742,504812.194438618,504811.734999994,504812.73999998,504812.237499987,8.165115765321964,6.7040364488550654,8.233335071364442,8.907402145270364,7.239334344648107,11.92973994071626,7.635191312791944,7.544010187939959,7.127876670989576
504811.795438515,504812.793438779,504812.294438647,504811.831999988,504812.83699997,504812.33449997904,8.17133244391926,7.346053968219365,8.254734726800155,8.76330974067017,7.179872638502296,11.540687085004295,7.655471194357145,7.942581902612314,6.687948295188338
504811.895438536,504812.893438815,504812.3944386755,504811.928999982,504812.93399996,504812.431499971,7.128187635697181,6.744900462038272,8.053919754038546,7.879593570105362,6.180235371620035,9.45773066378485,6.641700588245665,6.805275428125867,5.262145247618851
504811.995438557,504812.99343885,504812.4944387035,504812.025999976,504813.033999996,504812.529999986,5.900071051827756,5.599793085795073,7.976857199367936,6.8533285143717455,5.169451477547547,6.593801160959606,5.754603551466816,5.060437174241054,4.192296250872269
504812.095438578,504813.093438886,504812.594438732,504812.125999997,504813.146999986,504812.6364999915,5.0952374546620565,4.672936956308634,7.810651471201422,6.058972791826317,4.764146401113036,3.9755614223214715,5.640880866526166,3.7053749162601424,4.133374811739265
504812.195438598,504813.193438921,504812.69443875947,504812.238999991,504813.227999976,504812.7334999835,4.547100144669243,4.016967757141642,7.07943654894104,5.332888883125435,4.626549073438497,2.201903836799609,5.664165462984135,2.936252098848866,4.518637496074719
504812.295438619,504813.293438955,504812.794438787,504812.350999986,504813.340999967,504812.8459999765,3.790496374965775,3.174957767032708,5.707332712005823,4.44078798472113,4.017162139231383,1.250675348997472,4.942535644675816,2.246805907906061,4.5437134951558065
504812.395438639,504813.39343899,504812.8944388145,504812.44799997,504813.437999958,504812.942999964,2.826239096274345,2.060525724374304,4.084307447682639,3.485958942048794,2.7971427749102613,1.008920750572383,3.5155382486910005,1.422929504840448,4.234589377074934
504812.49543867,504813.493439024,504812.994438847,504812.529999954,504813.537999992,504813.033999973,2.1032535151035354,1.0729106290208303,2.795217464288477,2.829211008782808,1.525544656860863,1.4922845442557413,2.122593064620424,0.7210464548603799,4.267220298138759
504812.595438707,504813.593439058,504813.0944388825,504812.629999991,504813.634999982,504813.1324999865,1.7978019917593635,0.5711934091539483,2.0314722525611066,2.4608116014818546,0.6813086738135811,2.2262753353627645,1.2104288738762528,0.3395023677498531,4.861423420075547
504812.695438743,504813.693439092,504813.1944389175,504812.74199998,504813.747999973,504813.2449999765,1.7278278555509117,0.6153998490849412,1.8167852467783394,2.1468761425073275,0.36410393236582883,2.517046521947523,0.8086931954842194,0.26950690177139136,5.284211054467723
504812.795438779,504813.793439125,504813.294438952,504812.838999971,504813.828999964,504813.3339999675,1.8222118827449683,1.0784783242858949,2.244685014672715,1.9814899392124932,0.6559728148633783,2.274376540078264,1.0117918862534734,0.5444891878357686,4.7864113547577585
504812.895438815,504813.893439158,504813.3944389865,504812.935999961,504813.928999997,504813.432499979,2.0578713602410694,1.6096899185390772,2.8834616376479785,2.049562457570268,1.442426739243317,1.9897514786975221,1.678660314950375,1.0876547429813581,3.7217635922986587
504812.995438851,504813.993439191,504813.494439021,504813.035999996,504814.041999988,504813.538999992,2.3385714983752255,1.8859281207559702,3.04373613215019,2.166664393820148,2.3146874451973742,2.206184309560786,2.332085415084934,1.5804549002565718,3.17883127017583
504813.095438886,504814.093439224,504813.594439055,504813.148999987,504814.153999979,504813.65149998304,2.5788069120852084,1.938082978172333,2.6013249209694447,2.142497447651661,2.888657219531157,2.937713722618264,2.5883021640987973,1.775797784913765,3.7580790587262443
504813.195438921,504814.193439256,504813.69443908846,504813.229999977,504814.25099997,504813.74049997353,2.727721761577713,2.0389410596664597,2.085987471279248,2.012716532875603,3.199390922568487,3.520611583893042,2.4899617172737316,1.752753489552596,4.721411315512539
504813.295438956,504814.293439288,504813.79443912196,504813.342999968,504814.347999962,504813.845499965,2.751831434836507,2.369304800958764,2.075597835482834,1.9290866097115544,3.4848361180213514,3.320438309515215,2.3626980393203274,1.7104502778902237,4.762239487791787
504813.395438991,504814.39343932,504813.89443915547,504813.439999958,504814.447999994,504813.943999976,2.577099973005561,2.654916334024365,2.364497232739664,1.8708961200124457,3.6184811029471593,2.3729618817180325,2.235472759761638,1.645170261263948,3.854404091577239
504813.495439025,504814.493439352,504813.9944391885,504813.539999992,504814.544999985,504814.0424999885,2.2525213056288003,2.5660344495509726,2.34644250774086,1.7143741089338507,3.300938030963939,1.468361047193313,1.9534992157706734,1.5060244565287868,3.16449662834801
504813.595439059,504814.593439383,504814.094439221,504813.636999983,504814.641999998,504814.1394999905,2.0020354019822997,2.135780607658061,1.9319874072406942,1.534961158803614,2.557832368121557,1.5384216103273443,1.5592404206679795,1.4256756230271064,3.3323840200120394
504813.695439092,504814.693439381,504814.19443923654,504813.749999974,504814.739000018,504814.24449999596,1.9342242789849757,1.6357696990818118,1.4469963917942625,1.423723889466026,1.8156290151309349,2.517109480280736,1.2675331799824276,1.4932718017986302,3.8737607743449773
504813.795439126,504814.793439364,504814.294439245,504813.830999965,504814.839000001,504814.334999983,1.9470901558543936,1.2679687793103636,1.1368218349759922,1.3602825049040304,1.453119209204111,3.308608990197346,1.3451650474365557,1.5636411219097957,4.141113758896954
504813.895439159,504814.893439347,504814.394439253,504813.930999998,504814.936000005,504814.4335000015,1.9048758807128217,1.1562660946978223,1.0347294534377243,1.3002185953198842,1.3990882494148127,3.261482277830666,1.6825706098572137,1.4512618010929295,3.9533899640515213
504813.995439192,504814.99343933,504814.49443926103,504814.043999989,504815.03300001,504814.5384999995,1.7460086756998714,1.1893377859900265,1.022638270556865,1.2073061035406116,1.3136727600655027,2.7313111575671645,1.886985779748123,1.1521955377177044,3.464622010412973
504814.095439224,504815.093439314,504814.594439269,504814.15599998,504815.130000015,504814.6429999975,1.4350301148627012,1.0697227995608285,0.8820846356246658,1.012707811946826,1.0195131223581155,2.3222105345448494,1.6552600774512558,0.831579060721472,2.687162876693596
504814.195439257,504815.193439297,504814.69443927705,504814.252999971,504815.227000019,504814.739999995,1.0974583733742191,0.8381964392244086,0.6491967447412965,0.7660402423663963,0.7297778622810256,2.2582477691502443,1.130983400897544,0.7155549745888637,1.6916695537439739
504814.295439289,504815.293439281,504814.794439285,504814.349999962,504815.327000003,504814.8384999825,1.13126508168978,0.985999766803447,0.804343179174408,0.7760301314551126,0.9203665766651323,2.7802979685286546,0.8314932799572232,1.0236646543164274,0.9279250966178351
504814.395439321,504815.393439264,504814.8944392925,504814.449999994,504815.440000007,504814.94500000053,1.6491664736629592,1.6959655773755151,1.5255594933494527,1.12903838998045,1.6229542261725667,3.83518360150897,1.04517583182707,1.6018611278915929,0.7375935411980563
504814.495439352,504815.493439248,504814.99443930003,504814.546999986,504815.537000012,504815.04199999897,2.3630196927192992,2.554425734674486,2.570062241995441,1.6148595055411803,2.3852361366878325,4.839881665451765,1.6712057524581405,2.006250096355463,1.2622364085900841
504814.595439384,504815.593439232,504815.094439308,504814.643999998,504815.634000016,504815.139000007,2.9582244423899677,2.9247008825753738,3.586868176825313,2.182223352614368,2.8259396382038338,5.040706741165578,2.465311496643228,2.048128780174193,2.591916470917854
504814.695439381,504815.693439216,504815.1944392985,504814.741000017,504815.734,504815.2375000085,3.5017462499777263,2.9250266377008542,4.576622201620546,3.0433854941832204,3.1274135051001117,4.436517551921368,3.3701380484569032,2.1138721019270865,4.4209944589117205
504814.795439364,504815.7934392,504815.294439282,504814.841,504815.831000004,504815.336000002,3.966725678506695,2.92000429390049,5.266099744648799,4.010433594482561,3.504479815486589,3.6208163552043984,4.049772261978038,2.5653770141565797,5.796822348196108
504814.895439347,504815.893439185,504815.394439266,504814.938000005,504815.928000009,504815.43300000695,4.048380495917642,2.958442222923275,5.11894549770412,4.429823247264812,3.7791227763623247,3.0611116393767284,4.023940020487014,3.163543588076494,5.852114975146364
504814.99543933,504815.993439169,504815.4944392495,504815.03500001,504816.041000013,504815.53800001147,3.4645224073732996,2.6732492108831223,3.9556503341236944,3.8302033911171565,3.600328438341358,2.550035348766773,3.1250383964059307,3.3149014863396933,4.666772653008668
504815.095439313,504816.093439154,504815.5944392335,504815.132000014,504816.138000017,504815.6350000155,2.4514531102817294,1.9804845939498796,2.39867112765829,2.566966492368196,3.057624249455589,1.933857135561229,1.8340770782481526,2.8350129919371145,3.004931213075385
504815.195439297,504816.193439138,504815.6944392175,504815.229000019,504816.238000002,504815.7335000105,1.555266358932575,1.2134392392258102,1.2824815535390535,1.430984688540082,2.5482959183156235,1.4858480619288872,0.8083235676413981,2.070372240954636,1.60238560131511
504815.29543928,504816.293439123,504815.7944392015,504815.329000002,504816.335000006,504815.832000004,1.0350915289779206,0.6891253659822317,0.7731620037897131,0.8267225607723193,2.1338148967718404,1.3845046308399616,0.31900195901458667,1.45809564165668,0.6963051729960307
504815.395439264,504816.3934391,504815.894439182,504815.442000007,504816.432000025,504815.937000016,1.054439735220417,0.6663616104941759,0.7974711658271025,0.9504528026258543,1.7658585957507784,1.810026773146741,0.5127761603921961,1.4027019305133577,0.5298688430131289
504815.495439248,504816.493439064,504815.994439156,504815.539000011,504816.544000034,504816.0415000225,1.5892500067936925,1.099094648292199,1.2689274094538254,1.6533155832693538,1.6174789560580691,2.6832001704072264,1.2449402925754347,2.0186018215637227,1.1284411727297083
504815.595439232,504816.593439028,504816.09443913004,504815.636000016,504816.641000044,504816.13850003004,2.3342464376655006,1.6246002074932198,1.9827644904484196,2.482660575770121,1.814506152223291,3.5222577443026655,2.135309811364681,2.8865933317136134,2.225279188007995
504815.695439216,504816.693438993,504816.1944391045,504815.73300002,504816.741000008,504816.237000014,2.7386885978269966,1.836576074323319,2.4321461283198964,2.752367329125147,2.1844635675054835,3.72453086486542,2.551127881100265,3.3156983627441967,3.112598574632247
504815.7954392,504816.793438958,504816.294439079,504815.833000004,504816.838000018,504816.335500011,2.4555264725873363,1.5721535587896427,2.1678311179736727,2.2441045923252156,2.2512206794084806,3.08971610861808,2.1551275162858365,2.9833856136819508,3.1806725936158116
504815.895439184,504816.893438923,504816.3944390535,504815.930000008,504816.935000028,504816.43250001804,1.7308887449645525,1.0930658003802347,1.4116322188900177,1.4326149160778892,1.8249015256088332,2.04452057307795,1.3466378731576105,2.20676891414952,2.486968138374365
504815.995439169,504816.993438888,504816.4944390285,504816.043000013,504817.032000037,504816.537500025,1.1872037641396882,0.8736971444242068,0.9393811141995043,0.9070442049425859,1.374099422212386,1.3954907659904898,0.8143416928453348,1.6097293623761018,1.5838464061268973
504816.095439153,504817.093438854,504816.5944390035,504816.140000017,504817.132000003,504816.63600001,1.2921365174917634,1.1132840942803868,1.3362692750020906,0.9265851572941057,1.441239455838009,1.7097211416988778,0.9474254174298852,1.5217427731007274,1.3408248252900252
504816.195439138,504817.19343882,504816.69443897903,504816.240000002,504817.245000012,504816.74250000704,1.7616752816356347,1.4726747047684934,2.2095719442943924,1.1895829596774448,1.8409214722116707,2.5440941968241932,1.397271090192773,1.6713943198529977,1.7678915652631124
504816.295439123,504817.293438786,504816.7944389545,504816.337000006,504817.342000022,504816.839500014,2.011531403385389,1.5669935948310385,2.7354665561823275,1.3290288962173384,2.0156247182874436,2.9277387946709883,1.6322396188553097,1.6997236692184354,2.1854353788202303
504816.395439099,504817.393438752,504816.8944389255,504816.434000024,504817.439000031,504816.9365000275,1.8386380226005623,1.342787456439364,2.6315336460983514,1.2550939363962381,1.8640594431911661,2.5296353758988674,1.5153726792742082,1.5563624421213358,2.0142592013849665
504816.495439063,504817.493438719,504816.994438891,504816.546000034,504817.53600004,504817.041000037,1.6377900716337457,1.1361938366984026,2.4199236596815537,1.2252092076711454,1.7885730964506161,1.972364439865998,1.4977647445490248,1.4282591608760637,1.6340324272771607
504816.595439028,504817.593438686,504817.094438857,504816.643000043,504817.636000007,504817.13950002496,1.7265307518336894,1.1627873912616493,2.5398818711269295,1.3342327892060593,1.9950794850522888,1.8074396870869522,1.8405924156592832,1.4051112316136165,1.7271211436627367
504816.695438992,504817.693438653,504817.1944388225,504816.743000008,504817.733000016,504817.238000012,2.007087096622637,1.3305083628002623,2.8267813593264988,1.4685446431429692,2.229437682858814,2.0188471238061836,2.2516488137946027,1.4314871508305176,2.499441636421246
504816.795438957,504817.793438621,504817.294438789,504816.840000017,504817.830000025,504817.33500002103,2.340638822446773,1.5456845238546895,3.1833321273070787,1.7736115571004518,2.285410546676511,2.537318071429783,2.5105891946805183,1.4864856385923586,3.402678919932797
504816.895438922,504817.893438588,504817.394438755,504816.937000027,504817.927000033,504817.43200003,3.0211719058403883,1.9318483463003742,3.9494651481339034,2.8277279124556607,2.447402211815058,3.637561016753885,3.1423807693762873,1.7820440049712079,4.450945836916732
504816.995438888,504817.993438556,504817.49443872203,504817.034000036,504818.027000001,504817.5305000185,3.9847560369919437,2.374323656383109,4.88081758247251,4.520709370584604,2.8251165462447947,4.8391626283494285,4.3137267419049605,2.292112972606523,5.83207879738962
504817.095438853,504818.093438524,504817.5944386885,504817.134000002,504818.13900001,504817.63650000596,4.612490657690922,2.501476351810375,5.173921322345535,5.885428373675037,3.0427934122998916,5.183233115080837,5.275852680743903,2.6522403784368835,7.184979627134917
504817.195438819,504818.193438493,504817.694438656,504817.247000012,504818.236000019,504817.7415000155,4.7208383605344135,2.3003999715962276,4.70007067429961,6.447840587827006,2.9324102455114485,4.701081163734993,5.460107353584995,2.7673513949868513,8.45744549273418
504817.295438785,504818.293438461,504817.794438623,504817.344000021,504818.333000027,504817.838500024,4.7577506969119545,2.0616899713471906,4.178627121763446,6.658989363897915,2.700021807056585,4.317962789307406,5.190009411378325,2.779271729428619,10.17543338111615
504817.395438752,504818.39343843,504817.89443859097,504817.44100003,504818.414999998,504817.92800001404,4.957241365928773,1.8897685598876404,4.060428853165314,6.9162166609843325,2.498498756305789,4.342668619236491,5.027297532143148,2.675547077775688,12.247504867931784
504817.495438718,504818.493438412,504817.994438565,504817.538000039,504818.51499998,504818.02650000947,4.837609014210413,1.643790866776198,3.9001359281252475,6.698458650694105,2.1961206570954697,4.057793361703857,4.811141928676104,2.2679365687432584,13.125494151869063
504817.595438685,504818.593438538,504818.09443861153,504817.638000006,504818.642999945,504818.1404999755,3.849100353707443,1.2093522820028335,3.060708795355438,5.318921403919756,1.6242595543609646,2.9407606115434177,3.904080357658188,1.5265831490112551,11.208136675807692
504817.695438652,504818.693438664,504818.194438658,504817.735000015,504818.73999991,504818.2374999625,2.2999479231817124,0.7320215870884257,1.7696869945835032,3.149482392535062,0.9470763172931793,1.5159045015724844,2.3889976434078988,0.7605456407424074,7.135868308230737
504817.79543862,504818.793438788,504818.29443870403,504817.832000024,504818.852999876,504818.34249994997,1.1389818515142967,0.49553445701639404,0.9418753511958466,1.428062103410629,0.6239262748023614,0.6289953712662503,1.2075218929484945,0.350366849883462,3.435572511590934
504817.895438588,504818.893438912,504818.39443875,504817.929000033,504818.953,504818.4410000165,0.8580902103855714,0.5295134908126733,1.0464806857475117,0.8705171291057829,0.8360431667907395,0.49952019801058256,0.961019254511447,0.3649099311481889,1.7567178269576453
504817.995438556,504818.993439035,504818.4944387955,504818.029000001,504819.049999966,504818.53949998354,1.202699640253992,0.7253920001394505,1.8923381543502888,1.158066209971557,1.3830631741288828,0.796493821819187,1.3839223657437227,0.7033955819847707,1.5789258138940754
504818.095438524,504819.093439157,504818.5944388405,504818.141000009,504819.130999932,504818.6359999705,1.5852985700851392,0.9370577549981118,2.7438648521927105,1.5104771796177086,1.802693487076254,1.0989365266517601,1.745736630165954,1.1780174907112047,1.6656046392674104
504818.195438492,504819.193439278,504818.69443888497,504818.238000018,504819.227999899,504818.7329999585,1.6519190131750208,1.0177942941910443,2.9493673897271715,1.4879023933585251,1.7733270612327363,1.1415730262957504,1.6404307098922386,1.5189023950895972,1.6860548356131013
504818.295438461,504819.293439398,504818.79443892953,504818.335000027,504819.324999867,504818.829999947,1.5580823630185714,1.10352406762608,2.7386644512906444,1.3068252840933368,1.51483120907546,0.9677596736355382,1.2979547539569407,1.6318586384747995,1.9032408259957718
504818.39543843,504819.393439517,504818.8944389735,504818.416999997,504819.424999986,504818.9209999915,1.6780528288080188,1.407401195192052,2.6720149060537772,1.47735889830864,1.5254813475501143,0.8097724460975062,1.2425629120187727,1.764815776419677,2.5250151488236092
504818.495438415,504819.493439635,504818.994439025,504818.516999982,504819.537999953,504819.0274999675,2.335546000706657,2.085821200393615,3.142019322662227,2.4821814373700066,2.1224186009912613,1.0583052819194037,1.8207927010876843,2.3555688543088156,3.617260606920242
504818.595438541,504819.593439753,504819.094439147,504818.644999947,504819.634999921,504819.139999934,3.5339230664547103,3.145617653064982,4.048419965202889,4.26482602395663,3.2148904042420634,2.0269175013021283,2.966516008033752,3.5130395743599667,5.091157401475272
504818.695438666,504819.693439869,504819.1944392675,504818.741999913,504819.731999889,504819.236999901,4.743016736935614,4.321833983309544,4.783891410493688,5.967827162258472,4.3139712105762085,3.4933695126314683,4.15617088746192,4.685880317167712,6.221189411585897
504818.795438791,504819.793439985,504819.294439388,504818.854999879,504819.843999858,504819.3494998685,5.244839578784587,5.050221775661684,4.794344409075601,6.574161235162087,4.922365361120807,4.602215679652052,4.759999918867233,5.107123000556304,6.14828525018093
504818.895438915,504819.8934401,504819.3944395075,504818.951999846,504819.943999973,504819.4479999095,4.84280785514699,5.108595484322461,4.265155002048974,5.767694914427886,5.021112966741433,4.664450156229648,4.533626356672858,4.656921783548521,4.724906177184136
504818.995439037,504819.993440214,504819.49443962553,504819.051999968,504820.056999941,504819.5544999545,3.9950626279639114,4.592064246179216,3.9062518821542387,4.237139874134245,4.7642272182311824,3.831354817675093,3.777918135023142,3.7728442099896204,3.078700640324551
504819.095439159,504820.093440328,504819.59443974355,504819.132999935,504820.12299991,504819.6279999225,3.199272839802653,3.72971516105861,3.9701225757705747,2.8739186974172757,4.150976875243146,2.8357993942307664,2.9217355442278556,2.869094751155835,2.242819719317158
504819.19543928,504820.19344044,504819.69443986,504819.229999901,504820.219999879,504819.72499989,2.5378430199929336,2.6935973923038135,3.9873110996453214,1.9754681003814234,3.1424940506667047,2.1132691530449743,2.1824601181875343,2.0652856330667437,2.1428586126469558
504819.2954394,504820.293440552,504819.794439976,504819.326999869,504820.319999991,504819.82349993,1.8219321334118401,1.5768645952362714,3.3012361881417513,1.2911906232676453,1.8927821004230254,1.503364335016773,1.5068590924683558,1.350592847072756,2.152567285668143
504819.395439519,504820.393440663,504819.894440091,504819.426999988,504820.41699996,504819.921999974,1.1275419576182029,0.6563434883164635,2.1227515387881506,0.7315855055604781,0.8433858994982089,0.9741033867426898,0.8906126678300128,0.8313932843955453,1.9701598898140726
504819.495439638,504820.493440773,504819.9944402055,504819.539999955,504820.54499993,504820.0424999425,0.7690387780959793,0.1944439509139943,1.366966416214495,0.43388723638757165,0.34596459128390716,0.8009893312950671,0.5480803510753596,0.5933607960260332,1.8686175515714065
504819.595439755,504820.593440882,504820.0944403185,504819.636999923,504820.6259999,504820.1314999115,0.9403086672274263,0.18697504056498146,1.753039860606433,0.5809702576132378,0.39319158622790906,1.1591920851081068,0.7192445066133981,0.5299937599926837,2.1998622410926614
504819.695439872,504820.693440991,504820.1944404315,504819.733999891,504820.738999984,504820.2364999375,1.3951742022781195,0.45887243577565173,2.852870647576924,0.9949019633588672,0.6817810301349619,1.6597880878911107,1.2438490507906466,0.47580326370799375,2.7935271389888
504819.795439987,504820.793441009,504820.294440498,504819.84599986,504820.839000001,504820.3424999305,1.7594222188343838,0.8138615006498802,3.612735854274343,1.3889406873413914,0.930770762734113,1.8532609679113063,1.7382135157869851,0.4323433958584881,3.3052510661185615
504819.895440102,504820.893441001,504820.3944405515,504819.945999975,504820.936000004,504820.4409999895,1.756752499606977,0.9857008824775024,3.3276866063040376,1.5319624059809622,0.9596639592656357,1.645399646153462,1.8659432219165701,0.4534519346621938,3.2842113400954522
504819.995440217,504820.993440994,504820.4944406055,504820.058999943,504821.049000006,504820.5539999745,1.4095071973724491,0.8219062983604214,2.329753435739808,1.3901675549538477,0.770897482237122,1.2472534921495644,1.6007413861586526,0.47189790607331594,2.6434400233068605
504820.09544033,504821.093440987,504820.59444065846,504820.124999912,504821.130000008,504820.62749996,0.9912415985053675,0.4948157603662388,1.5832297914458973,1.1085194565017846,0.5243062300960055,0.8902851289145352,1.1669847582082418,0.4384475520871632,1.7233441104230736
504820.195440442,504821.193440979,504820.6944407105,504820.221999882,504821.23,504820.725999941,0.7385492440935499,0.3203266038080156,1.5141061991820033,0.8515811855608019,0.3941596500029978,0.6577293444086959,0.8122806945556121,0.4096838846993725,0.9485263905309007
504820.295440554,504821.293440972,504820.79444076295,504820.321999993,504821.327000002,504820.82449999754,0.6440154580765715,0.3659526468004227,1.6247410719025681,0.6541264213630082,0.3991858864581322,0.5362068157051989,0.6050329709924057,0.45658342019596065,0.5102944311948757
504820.395440665,504821.393440965,504820.89444081497,504820.418999963,504821.424000004,504820.9214999835,0.5843053694030473,0.4554082013810312,1.403767685043603,0.4945368068404713,0.44218284694406895,0.48586472454578367,0.5008501469175061,0.5406744685280738,0.3511580750238409
504820.495440775,504821.493440958,504820.9944408665,504820.546999932,504821.537000006,504821.041999969,0.49714381414952913,0.4296322128992529,0.9714788583108478,0.3774720574804141,0.4675988838814079,0.42471032551236615,0.4216880162033727,0.5993470953706389,0.28522306353793275
504820.595440884,504821.593440951,504821.0944409175,504820.627999902,504821.618000008,504821.12299995497,0.4638710170782675,0.3869821116634265,0.704647184218107,0.34808623591105925,0.5671919628637208,0.31244469818627707,0.33231561377171237,0.7305434307325658,0.3287568992792716
504820.695440993,504821.693440944,504821.1944409685,504820.740999986,504821.718000001,504821.2294999935,0.5656199461749881,0.4900537785899468,0.6701020637327585,0.4500961388771656,0.825221714866974,0.27473483406623067,0.291138461036437,1.0386479525062695,0.48496462572412247
504820.795441008,504821.793440937,504821.2944409725,504820.841000001,504821.831000003,504821.336000002,0.750569360148605,0.7322225781230067,0.7544238222683379,0.6563690090378553,1.1322296251935962,0.4230000313726334,0.32348417952283304,1.3530908659575045,0.6297347697130722
504820.895441001,504821.89344093,504821.3944409655,504820.938000003,504821.928000005,504821.43300000404,0.9737769218346315,1.0250470856234346,0.9696391434817283,0.9456846872470406,1.3884366086141688,0.6591350807419593,0.4972241925939549,1.394231990320054,0.9108165860547115
504820.995440994,504821.993440923,504821.4944409585,504821.051000005,504822.040000007,504821.545500006,1.291913343509114,1.3435829263882242,1.5189631553541985,1.3821779497599456,1.5751978618079927,0.8256275749319011,0.9304319855162813,1.1497521850539185,1.60957310926045
504821.095440986,504822.093440916,504821.594440951,504821.132000007,504822.14,504821.63600000355,1.6777930524655384,1.6942655360928434,2.29409974378644,1.91386672907776,1.726381554006517,0.8467216293104947,1.5845076997712684,0.9097574675771747,2.4527440601018102
504821.195440979,504822.193440909,504821.694440944,504821.232,504822.253000002,504821.742500001,1.9399573147480527,1.9506177231362039,2.837232037852739,2.219354384033661,1.7995463735753667,0.8542851729641074,2.128189606979021,0.83025257745817,2.900180641985153
504821.295440972,504822.293440902,504821.794440937,504821.329000002,504822.334000004,504821.831500003,1.9805194757738878,1.9756108704365447,2.9161805600973736,2.194249935152545,1.7481522621005396,1.0347866897658606,2.2766589783260827,0.8869544972783364,2.8115620130338197
504821.395440965,504822.393440896,504821.8944409305,504821.426000004,504822.447000006,504821.93650000496,1.91244748687912,1.777093427375736,2.816488183494643,2.1236468567052853,1.6022597920020545,1.3951946708324745,2.0685207169346387,0.9628118791235187,2.55356436856461
504821.495440958,504822.493440889,504821.9944409235,504821.539000006,504822.544000007,504822.04150000645,1.8301540552105067,1.5332202511201782,2.6576950018446115,2.0082806074612534,1.4676306861161998,1.7284095167848663,1.7062154204964293,1.0420161365087401,2.4977648213517747
504821.595440951,504822.593440882,504822.0944409165,504821.620000008,504822.644000001,504822.1320000045,1.6851405615796438,1.3343423685439806,2.2442512079795316,1.7067726034822863,1.3471973204694248,1.852656191808036,1.3430046091805035,1.1340819562789055,2.5188182348944808
504821.695440944,504822.693440876,504822.19444091,504821.720000001,504822.741000006,504822.2305000035,1.4734789252044123,1.2258616971364722,1.679665996506601,1.2281455489203728,1.2711239495239965,1.7669515312439894,1.0456181565973202,1.2668372554207696,2.3036272662857766
504821.795440937,504822.793440851,504822.294440894,504821.833000003,504822.838000021,504822.33550001204,1.2370792264701396,1.0727303502374812,1.1416995896962083,0.831407508184411,1.1528463514666378,1.5137515303854558,0.8500840382992674,1.2978392534690935,2.0362751900225615
504821.89544093,504822.89344082,504822.394440875,504821.930000005,504822.950000029,504822.440000017,1.1289200137891173,0.9126334656195867,0.8109448755429252,0.6770862297001492,0.9551059814317613,1.1670447512123667,0.916933925731818,1.1510520148738939,2.440558866200437
504821.995440923,504822.993440789,504822.49444085604,504822.042000007,504823.063000038,504822.55250002246,1.3012337548351174,0.9100279183532666,0.6872032754021313,0.7904588432856923,0.874228849393817,0.9964036721456333,1.3713702116520219,1.008632510887317,3.7715447575610606
504822.095440916,504823.093440759,504822.5944408375,504822.155000009,504823.163000007,504822.659000008,1.7951070096540445,1.1893318262364212,0.8909072395081756,1.1346575573879747,1.1611814950226336,1.4290571829658218,2.0787371757436888,1.173692080827595,5.303291519540044
504822.195440909,504823.193440729,504822.694440819,504822.255000002,504823.244000016,504822.749500009,2.4325469597437643,1.6935424797197305,1.563447957359559,1.5136995130109034,1.7145611159107212,2.456424648389692,2.65678684661465,1.6277747394873878,6.234138377457473
504822.295440902,504823.293440699,504822.7944408005,504822.336000004,504823.326000024,504822.831000014,2.9830354397785954,2.321835315848062,2.5432139454101517,1.7786469200993587,2.3018141992293666,3.4722467514997524,2.921989777757728,2.119617567977122,6.404919040407224
504822.395440896,504823.393440669,504822.8944407825,504822.449000005,504823.438000032,504822.9435000185,3.457049702271905,3.105405531811156,3.4654432373841795,2.083771321815596,2.928106746378361,3.977159859925658,3.2146490861247825,2.5548434329469796,6.3270184017885285
504822.495440889,504823.493440639,504822.99444076396,504822.546000007,504823.538000002,504823.0420000045,3.7572253441787242,3.8101111979297624,3.870489495717065,2.4060471893746387,3.467090971944721,3.845391626750441,3.6634084299175527,2.8157938318203986,6.179470009975212
504822.595440882,504823.59344061,504823.094440746,504822.646000001,504823.635000011,504823.14050000603,3.716030260393584,4.068152001165739,3.69220484055304,2.5254718247184327,3.652608341278034,3.5180918466253566,3.9403474949715807,2.7815703777215037,5.549795356114986
504822.695440876,504823.69344058,504823.194440728,504822.743000006,504823.748000019,504823.24550001253,3.197674677327748,3.655117124115124,3.1928664685349877,2.204089401598287,3.267720329059951,3.237724048111637,3.545654686028337,2.408961312781006,4.069264048392653
504822.79544085,504823.793440551,504823.2944407005,504822.84000002,504823.845000027,504823.3425000235,2.4535998426868404,2.821521142549777,2.7686584923850415,1.5894272707148467,2.485380263996527,2.993533749199704,2.585610369614435,1.830115429061244,2.554552023973149
504822.895440819,504823.893440522,504823.3944406705,504822.952000029,504823.926000034,504823.43900003145,1.7887239169834288,1.9261032160568243,2.433418253355924,1.0069777223019312,1.6483040851023278,2.5485761601808927,1.5571731151141406,1.2548364707597701,1.9344023129956207
504822.995440789,504823.993440494,504823.4944406415,504823.065000037,504824.026000006,504823.54550002154,1.3951160016903923,1.2144360432803147,1.9403120164355725,0.7695817018941946,1.0528677105522692,2.0355156911262355,0.9165585195023226,0.904337159691263,2.3273191710409673
504823.095440758,504824.093440465,504823.5944406115,504823.165000007,504824.139000014,504823.6520000105,1.3287005042312123,0.8119773263323837,1.3729416109811317,1.0327030082711268,0.8774976980245565,1.8004099409773462,0.848906001719471,0.8643922228115669,3.0207762247321166
504823.195440728,504824.193440437,504823.69444058253,504823.246000015,504824.252000021,504823.749000018,1.615630422814983,0.8075460982945608,1.1916860683769965,1.8056993445220462,1.1856038456631408,2.1699001499576274,1.2645049634016834,1.0818070593979179,3.418295852905891
504823.295440698,504824.293440409,504823.7944405535,504823.328000023,504824.349000029,504823.838500026,2.1125084520919675,1.1050879673243301,1.5466489210620078,2.803974628029423,1.7292899174238023,2.9391953042095915,1.8027783847559329,1.376866920704891,3.5962255732257615
504823.395440668,504824.393440381,504823.8944405245,504823.440000031,504824.449000001,504823.94450001605,2.4746783562707217,1.426106591705451,1.9893061202998585,3.4664511078914493,2.026997459244742,3.5826036855965993,1.9838620447176805,1.490239024321763,3.83186081638823
504823.495440638,504824.493440363,504823.9944405005,504823.540000002,504824.530000003,504824.0350000025,2.501013705573887,1.532112791194883,2.081590748992337,3.510774565456771,2.1139922614261533,3.6535640678346715,1.745579028878609,1.4774881624279572,3.8930080183797147
504823.595440609,504824.593440352,504824.09444048046,504823.63700001,504824.627000006,504824.132000008,2.376636341448908,1.5254731779913109,1.907170621909132,3.1736613474300763,2.7447417778882994,3.271293047934118,1.432581226649806,1.7105190265807289,3.2476505052077895
504823.69544058,504824.693440341,504824.19444046053,504823.750000018,504824.740000009,504824.2450000135,2.4697386675305752,1.6922461250356358,1.852297820817809,2.9856370616062486,4.347660682643793,2.9638030522944385,1.452958327580058,2.392281408463381,2.071024861803237
504823.795440551,504824.793440331,504824.294440441,504823.847000026,504824.852000012,504824.349500019,2.8334397617429943,2.128689190257218,2.03321378567453,3.168850268663021,6.070263629345636,3.093080779333365,1.790625481204032,3.2420937886527676,1.140701170813386
504823.895440522,504824.89344032,504824.394440421,504823.928000034,504824.952000002,504824.440000018,2.9807764484987063,2.4354822848525206,2.0087526179476556,3.304690830576413,6.352535273428021,3.260347743389911,1.991898292624155,3.6031498515855542,0.8893546935854219
504823.995440493,504824.993440309,504824.494440401,504824.028000005,504825.049000005,504824.53850000503,2.527313523797249,2.2297140711058736,1.5760551035138306,2.929184214206688,4.749403757714938,2.8584345970935905,1.7416787325432663,3.1185529372052176,1.015484776994587
504824.095440465,504825.093440299,504824.594440382,504824.141000013,504825.146000008,504824.6435000105,1.6414711279246523,1.5682680957244606,0.9530102417941695,2.0426795432659217,2.4483404553524712,1.8587928686642632,1.173591276194161,2.0695549750256372,1.0175315673761345
504824.195440436,504825.193440288,504824.69444036204,504824.254000021,504825.24300001,504824.7485000155,0.8736746913472391,0.8904476125297031,0.5021818686443394,1.144814263260947,0.9154617099955881,0.9418332839593692,0.6635614924699652,1.069072514848972,0.8620247850690287
504824.295440408,504825.293440278,504824.794440343,504824.351000028,504825.343,504824.84700001404,0.5246310173114725,0.46099389797653223,0.3332864373747515,0.6136054740025241,0.4453326441234565,0.657826753521261,0.4348334840634044,0.44643349264024745,0.8047359547896041
504824.39544038,504825.393440268,504824.894440324,504824.451000001,504825.440000003,504824.945500002,0.5495668146672126,0.3204595162210688,0.412181704301189,0.5096442184148253,0.5442151594337914,1.053405931118396,0.45115559416103984,0.2161368564521779,0.8893355372352119
504824.495440363,504825.493440258,504824.9944403105,504824.532000003,504825.537000006,504825.0345000045,0.7825352629347817,0.49759849605508294,0.6714779175277703,0.7123833810301738,0.892305473864774,1.6133150298787315,0.5449638141195843,0.37120563247528937,0.9570323585268476
504824.595440352,504825.593440247,504825.0944402995,504824.629000006,504825.634000009,504825.13150000747,1.2218390840295161,1.1161895435264366,1.1126742005693055,1.1809326472923996,1.5905917679037975,2.05166231364378,0.7412534666350978,0.9888920314209426,0.9925167012443693
504824.695440341,504825.693440237,504825.19444028905,504824.742000009,504825.747000011,504825.24450001,1.763571847024471,1.9332972201956538,1.5950294573851962,1.7512455919025562,2.4112722364039536,2.359822911079783,1.1068788208900995,1.8155733339302258,1.1354552044083002
504824.79544033,504825.793440227,504825.2944402785,504824.854000012,504825.847000001,504825.35050000646,2.101683230014111,2.384209024395043,1.8463260342735368,2.1072478113556072,2.8095189611492795,2.5606044584596734,1.471259008625254,2.270855907975669,1.3634446338788244
504824.89544032,504825.893440217,504825.3944402685,504824.954000001,504825.944000004,504825.44900000247,1.918489951280964,2.106426246888712,1.6159233154296917,1.9178954468153326,2.376787814851716,2.4052968630903315,1.5120986568294417,1.9725065549457255,1.4409847113967602
504824.995440309,504825.993440207,504825.494440258,504825.051000004,504826.057000007,504825.5540000055,1.4026143345135949,1.4984706675224064,1.0987884206755907,1.3496133671829211,1.5250210690581896,1.8075885696537226,1.2462800195152766,1.391888534328628,1.3032640281720234
504825.095440299,504826.093440197,504825.594440248,504825.148000007,504826.122000009,504825.635000008,1.0132383586447218,1.1787600111246292,0.7051002651177793,0.8871494456041364,0.9908275548483642,1.1296224013004816,0.9884227311699181,1.1754780713091881,1.0505463886832769
504825.195440288,504826.193440188,504825.694440238,504825.24500001,504826.235000012,504825.740000011,0.9381102349070041,1.2283109766898264,0.5813294202569438,0.7511820347674498,0.9713288357421505,0.9209513195698147,0.9128926681550413,1.340705090886423,0.7981815331883836
504825.295440278,504826.293440178,504825.794440228,504825.342000013,504826.335000002,504825.8385000075,0.934935129710207,1.2942167683003394,0.5533862175723153,0.6998438496670528,1.080555631717882,0.9379644425486522,0.8807049638105517,1.3878903595117302,0.6449188045531323
504825.395440268,504826.393440168,504825.894440218,504825.442000003,504826.448000005,504825.945000004,0.8222875029932737,1.1476829470244767,0.4605145816736838,0.5573772731783994,1.0068828259988725,0.8578689334894549,0.7268123487135064,1.1159294327453955,0.7052316811224011
504825.495440257,504826.493440159,504825.994440208,504825.539000006,504826.529000008,504826.03400000697,0.7212567561062329,0.9847927690492285,0.3836844064122409,0.3768537189571633,0.8652840729578773,0.7275134189361533,0.52447631869118,0.8169428991599855,1.0905064446860333
504825.595440247,504826.593440149,504826.094440198,504825.636000008,504826.626000009,504826.1310000085,0.7318472479018487,0.9374915102402204,0.3895967989621915,0.3018694684787494,0.7433332218589646,0.7422409497676189,0.4227073460888058,0.6869622301303053,1.6305764576879342
504825.695440237,504826.69344014,504826.19444018847,504825.749000011,504826.726,504826.2375000055,0.7562357615767134,0.9039825943944833,0.4447705227015327,0.3487568687462542,0.6167679789637559,0.8800037206359916,0.4014666410668004,0.6235890978813264,1.8305486682235623
504825.795440227,504826.793440134,504826.2944401805,504825.849000001,504826.854000002,504826.3515000015,0.7224168709083056,0.8213034850480377,0.49087081779768404,0.4101105367289965,0.5625106299082621,0.990544917742584,0.38221035728741115,0.6045352968607938,1.5172489258926758
504825.895440217,504826.893440128,504826.3944401725,504825.946000004,504826.936000004,504826.441000004,0.8154769684202684,0.8896024224326942,0.6422871324353735,0.5190681683783825,0.9749387572113731,1.1506699366568276,0.46753193223370715,0.8731686558232541,1.0065487421905355
504825.995440207,504826.993440121,504826.494440164,504826.059000007,504827.048000006,504826.5535000065,1.3632020151331123,1.3674350175592629,1.208404802653876,0.9391428937141824,2.3763697118304954,1.8824067713469754,0.7415818201761507,1.648185112254037,0.7420899915299204
504826.095440197,504827.093440115,504826.594440156,504826.124000009,504827.145000007,504826.63450000796,2.303981422792782,2.165068271645619,2.2673686178027666,1.6417681149748835,4.569715494416628,3.290853535098293,0.9947730913131153,2.630917385773427,0.8713868713175219
504826.195440187,504827.193440109,504826.694440148,504826.237000012,504827.245000001,504826.7410000065,3.043639594202641,2.7341536127804806,3.246882350294272,2.197886399887497,6.3249111492838646,4.47063728893692,0.9920354189341191,3.164001065917453,1.2186094675865218
504826.295440178,504827.293440103,504826.7944401405,504826.337000002,504827.342000003,504826.83950000245,3.002348428244777,2.5630709673887213,3.3991421870550136,2.202403920879131,6.3555670995978,4.418282594845912,0.7201156768600337,2.814329022453286,1.5458759568783171
504826.395440168,504827.393440096,504826.89444013196,504826.450000005,504827.424000005,504826.93700000504,2.187411821070718,1.741684771906431,2.545230550277682,1.6677160217009863,4.623361163776978,3.0768522146118356,0.3956727890027577,1.8467490086229779,1.6020280486660958
504826.495440158,504827.49344009,504826.994440124,504826.531000007,504827.536000006,504827.03350000654,1.3134280842918074,0.9457279862157619,1.3858334735390117,1.1826051843074983,2.5367174082459405,1.5036729935348765,0.33123558473002834,1.1570445015205926,1.4645875422407482
504826.595440149,504827.593440084,504827.09444011655,504826.628000009,504827.636,504827.1320000045,1.2749978621764986,0.9442590706150618,1.0491498775000159,1.4245589619480885,1.8183819672396406,1.0239518835819719,0.818913061509058,1.5423558790255356,1.5784121959926165
504826.69544014,504827.693440078,504827.194440109,504826.728,504827.733000002,504827.230500001,2.122150139275964,1.751719298506101,1.8220278096319658,2.3510413220612483,2.6004298823285588,1.8428944851633942,1.7392854707389065,2.738749778552079,2.1310530672254595
504826.795440134,504827.793440072,504827.294440103,504826.856000002,504827.846000004,504827.351000003,2.898217591614708,2.557511569385333,2.7632553536932414,2.9694318610692054,3.4984515886392433,2.821931764817643,2.435208894216303,3.596838253832664,2.543111447264029
504826.895440128,504827.893440066,504827.39444009704,504826.938000004,504827.943000005,504827.44050000445,2.7744924301350102,2.6039787538980015,2.878626444948165,2.6185209792240918,3.2984235359401994,2.9961865692452854,2.3031216144441045,3.258620468961124,2.238461074419109
504826.995440121,504827.99344006,504827.4944400905,504827.050000006,504828.040000007,504827.5450000065,1.8887665970000704,1.9675291043897765,2.1662412180830914,1.5876198735886264,2.183490168331993,2.288146810712268,1.4773706880324027,2.0538431966785313,1.3858917161838726
504827.095440115,504828.093440054,504827.59444008453,504827.147000007,504828.140000001,504827.64350000396,0.996605398485165,1.272843542098285,1.4113457507025922,0.6390503668200538,1.0985659668462457,1.353538807787968,0.6273019627490336,0.9453089632412688,0.6248878276358736
504827.195440109,504828.193440048,504827.6944400785,504827.247000001,504828.237000003,504827.742000002,0.6072831536426286,0.9339638284445508,1.179832869428882,0.23885877941032743,0.6272109711139516,0.8126140101712334,0.24728030538346119,0.4769499663303224,0.34155449885830097
504827.295440102,504828.293440043,504827.7944400725,504827.344000003,504828.334000004,504827.8390000035,0.5395034531942,0.7929168776542095,1.236641992184583,0.18697030259087927,0.51597265957607,0.6292700627690158,0.20715244426405718,0.39582798115055584,0.35127530536422935
504827.395440096,504828.393440037,504827.8944400665,504827.426000005,504828.431000006,504827.9285000055,0.6007925057430132,0.765569251579501,1.17543138202408,0.25397815682474695,0.7443211217133383,0.6524086544039529,0.2347503027214004,0.6060587368712345,0.373822439805852
504827.49544009,504828.493440031,504827.9944400605,504827.538000006,504828.531,504828.034500003,1.1288806874922366,1.3449364964569046,1.2637209667728482,0.7739681565240706,1.9634681760799275,1.2178031242261431,0.4825227543414039,1.5564490764969805,0.4281767490396139
504827.595440084,504828.593440025,504828.0944400545,504827.638,504828.628000002,504828.13300000096,2.2819689680727384,2.8692997473388253,1.8572201548401903,1.8310963963563736,4.314758807351364,2.304288410979489,1.0974419234110808,3.3496508265258367,0.6319954777787454
504827.695440078,504828.69344002,504828.194440049,504827.735000002,504828.725000003,504828.23000000254,3.9297118313766273,5.105681220952249,3.011567490539529,3.390852380093399,7.1858544306260725,3.648204689461303,2.164912424925612,5.593313071343926,1.3373089430709313
504827.795440072,504828.793440014,504828.29444004304,504827.848000003,504828.837000005,504828.342500004,5.536701168860342,7.051287819856416,4.1745572270608235,4.944860110506293,9.374775949396248,4.773564648896578,3.568562903202191,7.434122904523962,2.971877787440225
504827.895440066,504828.893440008,504828.39444003697,504827.945000005,504828.934000002,504828.4395000035,6.342824251629023,7.6610331840235375,4.623759466044504,5.767450993183234,9.693945159853989,5.216866335399642,4.7397166398266375,8.040526794395971,4.999295440304668
504827.99544006,504828.993440007,504828.49444003345,504828.042000007,504829.034,504828.5380000035,5.97652323351497,6.816087373600837,4.294768610954481,5.450415782604807,8.00324382796684,5.005802712672933,4.955915263742371,7.20355484313464,6.082397453442857
504828.095440054,504829.093440005,504828.59444002947,504828.142000001,504829.131,504828.6365000005,4.931695675302717,5.462456538324902,3.76782900026857,4.469134980469983,5.576182725940123,4.658371110725667,4.266754986975833,5.66880366645351,5.584032393263149
504828.195440048,504829.193440004,504828.694440026,504828.239000003,504829.228000001,504828.733500002,4.074574986692628,4.533026098399144,3.5604569786895346,3.7125807436314897,3.91199399465114,4.536119220257622,3.5906316424846554,4.4807560719045805,4.271035143522861
504828.295440042,504829.293440003,504828.7944400225,504828.336000004,504829.325000001,504828.8305000025,3.884442331543867,4.162634618698388,3.743176914667335,3.6614250908198156,3.7824920784196365,4.5021225187539935,3.7480216255079686,4.127445030866552,3.3482207746172463
504828.395440037,504829.393440002,504828.8944400195,504828.433000006,504829.438000001,504828.9355000035,3.7754266281242588,3.637972721744112,3.624722357663884,3.677688303789763,4.171901038124822,3.954336846359873,4.223349241760484,3.9012428830894033,3.01219963246173
504828.495440031,504829.493440001,504828.994440016,504828.530000007,504829.538,504829.0340000035,3.085070022507102,2.5521111579330715,2.786501811150555,3.1321752207050735,3.8627776086095293,2.690754059640986,4.002919127626248,3.0127845737312775,2.6405366206600767
504828.595440025,504829.593439999,504829.094440012,504828.630000002,504829.635000001,504829.13250000146,2.1273266442555125,1.443533202367401,1.7001800172939918,2.336664772365069,3.0504623441281593,1.5035394402748687,3.0799442285526957,1.7628597466702296,2.141429402391685
504828.695440019,504829.693439998,504829.1944400085,504828.727000003,504829.732000001,504829.229500002,1.5151302137579261,1.0339957408557239,0.9752742513738384,1.7763232160877767,2.3031594462411435,0.9730346714014626,2.1214813942559507,0.9524317765538998,1.9853412132936126
504828.795440014,504829.793439997,504829.2944400055,504828.839000005,504829.829000001,504829.334000003,1.7577770923236204,1.9286685237943857,1.0471992499069873,1.679711646433138,2.490646165518902,1.4304169490944687,1.682756790927134,1.5974598269322569,2.2053575859816905
504828.895440008,504829.893439996,504829.39444000204,504828.936000002,504829.929,504829.43250000104,3.0944979460744433,4.271761030156071,2.1807105436993615,2.0880404431246467,4.441935676495996,3.2452779617433682,1.7481651455351903,4.265059434834539,2.5150333330063717
504828.995440006,504829.993439995,504829.4944400005,504829.036,504830.026,504829.531,4.74714771196955,6.760925716630842,3.7240347801213654,2.631273429649183,7.16459425725122,5.626583298211453,1.8866827515312719,7.577628017744538,2.605459444616529
504829.095440005,504830.093439994,504829.5944399995,504829.133,504830.139000001,504829.6360000005,5.62892509539687,7.774425571978125,4.584410099772186,2.977355539327558,8.938458962920041,7.104624432527997,1.8641903870154717,9.433535678236328,2.354400091397246
504829.195440004,504830.193439992,504829.694439998,504829.230000001,504830.236000001,504829.733000001,5.2449531231620155,6.8415246556832034,4.224177150355928,2.9036276177131755,8.681895993933196,6.781557412977613,1.6842257272523489,8.910420507844997,1.9321959195356608
504829.295440003,504830.293439991,504829.794439997,504829.327000001,504830.333000001,504829.830000001,3.9763212505484353,4.827878896763357,3.043364319734141,2.391091591255582,6.710198848090529,5.097809913249835,1.437616157891386,6.803110658667151,1.4994996187355016
504829.395440002,504830.39343999,504829.894439996,504829.440000001,504830.433,504829.93650000053,2.716869733260691,3.0140269118438137,2.0041609182489655,1.7621646687951598,4.439551918921648,3.3533237743038806,1.403478380127709,4.612104992789996,1.146146301054352
504829.495440001,504830.493439989,504829.99443999503,504829.54,504830.530000005,504830.0350000025,1.9745253299549308,2.0232039030469355,1.5900226394468149,1.260528219176527,2.906278959091966,2.375561449878624,1.6398605575968748,3.146983653702593,0.8537632576991099
504829.595439999,504830.593439974,504830.0944399865,504829.637000001,504830.627000014,504830.1320000075,1.687020099059542,1.837235043942838,1.5253894634505092,0.9783126714513457,2.16627242544721,2.1174261071804064,1.8917121032041042,2.2773253476083704,0.7024876301915526
504829.695439998,504830.693439956,504830.194439977,504829.734000001,504830.755000019,504830.24450001,1.6031162617878465,2.0021731327729446,1.4414187620349368,0.9169550154387964,1.9098642020960077,2.131598890404993,1.9389449324175732,1.7523351500765678,0.731640009060952
504829.795439997,504830.793439937,504830.294439967,504829.831000001,504830.855000001,504830.343000001,1.6687570229181774,2.0618073793782967,1.3879943396104832,1.162465544079208,2.0029006905611353,2.1106574646370553,1.9518445350940614,1.5648035462032628,1.1075826837819163
504829.895439996,504830.893439919,504830.39443995745,504829.931,504830.936000006,504830.43350000295,1.8161565207393915,1.6568682862129207,1.4203179121381504,1.729219760872221,2.226124449934103,1.8399461970250905,2.358799389345509,1.4755721032319673,1.822404067155171
504829.995439995,504830.993439901,504830.494439948,504830.028,504831.049000011,504830.5385000055,2.4305346029857673,1.282948251300323,2.05494624648727,2.961179183391537,2.9593878307606443,1.9469792897711098,3.5767726932889308,1.7590929711609076,2.9029703577254167
504830.095439994,504831.093439883,504830.59443993855,504830.141000001,504831.130000016,504830.6355000085,3.48803771054199,1.598823745382323,3.3171437607670704,4.536819774967066,4.056642515918055,2.6162985684111266,5.169543339812359,2.4588875172313243,4.150142461846595
504830.195439992,504831.193439865,504830.6944399285,504830.238000001,504831.227000021,504830.732500011,4.293723291409888,2.6478166379769137,4.383019443777573,5.3804377649467945,4.67823651973143,3.2802325939716814,5.914371811101366,3.1733582089043626,4.892313350868983
504830.295439991,504831.293439847,504830.794439919,504830.335000001,504831.327000003,504830.831000002,4.1542998303823495,3.645045483761414,4.334309975743398,4.756866874951628,4.186691635824729,3.255237433481236,5.0896003152016345,3.42705765031372,4.539589273781042
504830.39543999,504831.393439829,504830.8944399095,504830.435,504831.424000008,504830.929500004,3.1547309102894845,3.799623337719094,3.2081391399102883,3.141027814992862,2.879275641412916,2.4985538562106204,3.2721746451813525,3.1217423093266037,3.317310537562139
504830.495439989,504831.493439812,504830.9944399005,504830.532000005,504831.537000013,504831.03450000903,1.9793618116271472,2.9990621580118346,1.9340348387371358,1.674427911165179,1.546580862949435,1.503755012283771,1.623388904291002,2.4766033968214325,2.077041408757389
504830.595439974,504831.593439794,504831.09443988395,504830.629000014,504831.650000017,504831.13950001553,1.2397580120121523,1.8389539537984945,1.346176692885628,1.0609883797554223,0.7416938929841062,0.7494449793164715,0.8282602275513555,1.8297795953884808,1.522766374417259
504830.695439956,504831.693439777,504831.19443986646,504830.757000019,504831.75,504831.25350000954,1.058374741238046,1.0542183998936843,1.4632066024643349,1.1251925815291568,0.5409225344766343,0.435811556783553,0.766344878421843,1.4386817753200551,1.6426196010151064
504830.795439937,504831.793439759,504831.294439848,504830.857,504831.831000005,504831.3440000025,1.1562284422892506,0.8641246653957528,1.5976916774566323,1.3927330806647351,0.7168894433947348,0.4046451972056415,1.009182912303965,1.3619270069263787,1.9026335549661648
504830.895439919,504831.893439742,504831.3944398305,504830.938000005,504831.92800001,504831.4330000075,1.3932136208464245,1.2289585529096503,1.526352672222184,1.7513505049273559,1.0924273039909749,0.5412315120292496,1.3628786848324115,1.5659296537827492,2.0765800820768208
504830.995439901,504831.993439725,504831.494439813,504831.051000011,504832.041000014,504831.5460000125,1.6291593284224577,1.8900177627905372,1.361197190970235,2.043032763426697,1.448790576061593,0.7734760256843397,1.60599341193446,1.8297723743749725,2.0809945221368267
504831.095439883,504832.093439708,504831.5944397955,504831.132000015,504832.138000019,504831.635000017,1.8008552416963135,2.4083649506769365,1.3688780374048806,2.177030219273659,1.6470959672144898,1.097700377532047,1.7497252591724408,1.927682595097975,2.0303645271980804
504831.195439865,504832.193439691,504831.694439778,504831.22900002,504832.238000002,504831.73350001103,2.291563289144233,2.5818690659826347,2.109704640740607,2.693299577626279,2.030885639886881,1.7616532332199917,2.5232656808361993,2.1715646524567593,2.4602638224045092
504831.295439847,504832.293439674,504831.7944397605,504831.329000002,504832.335000007,504831.8320000045,3.526239470676269,2.6992061023898155,3.9517503391923414,4.178712433038272,3.0729595385070714,3.1234982272371967,4.4704806521397735,3.040914108497641,3.6723943644080395
504831.395439829,504832.393439658,504831.8944397435,504831.426000007,504832.432000011,504831.92900000897,5.321601759680426,3.253842019780851,6.462785222787919,6.440719853622629,4.715845042584804,5.066523004483317,6.9849219951390005,4.451883585711975,5.196293353332917
504831.495439811,504832.493439641,504831.994439726,504831.539000012,504832.529000016,504832.03400001395,6.922754187713537,4.445385159312032,8.501550335783083,8.494731142711395,6.357207111711183,6.747077776823383,8.840508015405675,5.790276396889926,6.205297563071615
504831.595439794,504832.593439624,504832.094439709,504831.652000017,504832.65700002,504832.15450001846,7.463182956118908,5.495580087239399,8.797351115164908,9.183485938376489,7.06174348676357,7.058711365050884,9.151639988769489,6.29229099987243,6.664660667714099
504831.695439776,504832.693439608,504832.19443969196,504831.733000022,504832.757000004,504832.24500001303,6.789947866253216,5.589411620391466,7.0831364783541515,8.257624583919482,6.368006261930895,5.710964653459693,7.933053800274099,5.8589581750526945,7.51842735664324
504831.795439759,504832.793439606,504832.2944396825,504831.833000004,504832.853999994,504832.343499999,5.555881270244665,4.766074303355035,4.588063361923759,6.553145357847038,4.708461400374156,3.6642090310815933,5.982594748312349,4.877318822053645,9.30718313700974
504831.895439742,504832.893439617,504832.3944396795,504831.930000009,504832.950999991,504832.4405,4.574012492094426,3.608275678744021,3.127058087056871,5.30654775669604,3.145492020902515,2.165179316346905,4.427388474077409,3.6932059050331483,11.118952697898502
504831.995439725,504832.993439629,504832.494439677,504832.043000014,504833.031999988,504832.537500001,4.274756571618843,2.698235554849215,3.6849366416849936,5.196762671987596,2.5869924040640653,1.7499235401322224,4.138786955168403,2.588620713574331,11.553794091489912
504832.095439708,504833.09343964,504832.594439674,504832.140000019,504833.131999999,504832.636000009,4.3796811382007474,2.188218659958116,5.402656331142505,5.670504665040715,2.957508888908554,1.9886653115931754,4.832635671744194,1.8338316432925796,10.163427933926139
504832.195439691,504833.193439651,504832.694439671,504832.240000002,504833.228999996,504832.734499999,4.316588323971089,1.874807334506531,6.717005864148687,5.714966313103241,3.4294011673706417,2.20772083888457,5.446015147333229,1.419862734947489,7.722927191474331
504832.295439674,504833.293439662,504832.794439668,504832.337000006,504833.341999993,504832.83949999954,3.8155097122330215,1.6278669378838233,6.829838572531867,4.921001237336231,3.332708201809056,2.1112668509887063,5.17001040708028,1.2128449538167958,5.318540536417417
504832.395439657,504833.393439673,504832.894439665,504832.434000011,504833.43899999,504832.93650000053,3.053139981381171,1.4443249499152353,6.043717094629995,3.6597923482924117,2.753407636710416,1.8262481951132337,4.169984247113417,1.0575390900725412,3.4701062892021173
504832.495439641,504833.493439684,504832.9944396625,504832.531000016,504833.535999987,504833.03350000153,2.2768285578111085,1.2145139637061777,4.844821019639264,2.426313826401865,2.102297629874933,1.5055349117407362,2.980078190185991,0.8484491931121825,2.2926197278277165
504832.595439624,504833.593439695,504833.0944396595,504832.65900002,504833.635999998,504833.14750000904,1.6507919064525094,1.0629027081007536,3.5960108956568217,1.4654138062850193,1.7406234094231388,1.2736089177084642,1.921467127722769,0.6550203917634213,1.4912879949596882
504832.695439608,504833.693439706,504833.19443965703,504832.759000004,504833.732999995,504833.24599999946,1.4680089407656949,1.3230119970123333,2.8174784894608935,1.0452642277822264,1.8731920505032043,1.449419645128541,1.2970351120894112,0.8498361063439763,1.0888338978049745
504832.795439606,504833.793439717,504833.2944396615,504832.855999994,504833.829999992,504833.342999993,2.36011270430408,2.600613901476429,3.3821065409598656,1.7331812575395977,2.8330802127040586,2.76671440728638,1.6960592441354596,2.108215806863644,1.760930263467208
504832.895439618,504833.893439728,504833.394439673,504832.952999991,504833.941999989,504833.44749999,4.267614163843584,4.8455155392354845,5.283640362151421,3.428311502368853,4.540235733358075,5.2036116337259735,3.1096672638280185,4.314108868873547,3.4158224072073
504832.995439629,504833.993439738,504833.4944396835,504833.033999988,504834.041999999,504833.53799999354,5.94311459728777,6.678112165042776,7.057134886146578,4.975734903290404,6.0736886291720165,7.2992024891180645,4.554981155870681,6.053668712901405,4.852393836760234
504833.09543964,504834.093439749,504833.5944396945,504833.133999999,504834.154999997,504833.64449999796,5.967289255297647,6.540685297962788,6.993098794645758,5.081245742833985,6.236420065902408,7.343261981531128,4.783509317544523,5.877759764690753,4.882333077269831
504833.195439651,504834.193439759,504833.694439705,504833.230999996,504834.220999994,504833.725999995,4.315720081867054,4.473702042709989,4.995152714341963,3.6708801052685773,4.76006660780337,5.414624501689318,3.5802216252968684,4.002848392367213,3.6282646654591377
504833.295439663,504834.29343977,504833.7944397165,504833.343999993,504834.332999991,504833.83849999204,2.3603048736519137,2.1065064879283355,2.578665016890361,1.9704601662990529,2.696559404628485,3.217599557078329,1.9873098788626105,2.024255268226157,2.3010832093019786
504833.395439674,504834.39343978,504833.89443972695,504833.44099999,504834.414999988,504833.927999989,1.2622946929633212,0.7918398267635265,1.1470320021029876,1.0303648978896498,1.2582760205123047,2.0650661057800006,1.0785399267551985,1.057364376706556,1.6698743871963462
504833.495439685,504834.493439791,504833.994439738,504833.537999987,504834.514999998,504834.02649999247,0.9457516626430872,0.452173035896197,0.7780694267640924,0.7962209639368754,0.6806888994113443,1.78157027405691,0.863791268685522,0.8228785286550176,1.3906209037387391
504833.595439695,504834.593439801,504834.094439748,504833.637999998,504834.642999995,504834.1404999965,0.7869756536826819,0.3852634885130657,0.8667215320158861,0.6424582724487495,0.5343037969088438,1.543342952755287,0.7829633800708623,0.6175612556398411,0.9231905511089192
504833.695439706,504834.693439811,504834.1944397585,504833.734999995,504834.75599999,504834.2454999925,0.6288340037980031,0.39336204677653375,1.0536830453183819,0.41302682867912777,0.5733888260559438,1.141588039571804,0.6762358988751767,0.34278970698963973,0.4365976381174177
504833.795439717,504834.793439827,504834.294439772,504833.831999992,504834.836999982,504834.334499987,0.5832448774977836,0.472619628724632,1.1983221663778272,0.24933723329332047,0.6997976672076717,0.9701214721547222,0.6579193912960976,0.20234432413976222,0.21549713678823568
504833.895439728,504834.893439844,504834.394439786,504833.943999989,504834.937,504834.4404999945,0.6696392299313312,0.5338796220750108,1.2093762255777356,0.2544203556009822,0.811238165764508,1.2680285728293006,0.7122526156067451,0.2923630987115308,0.27555518328483625
504833.995439739,504834.993439862,504834.4944398005,504834.044,504835.033999995,504834.5389999975,0.8611666531044939,0.5513487084039028,1.1257365316427412,0.5025553313203066,0.8459930878986807,1.8794551291800605,0.7996272193796048,0.590984302143803,0.593632914866851
504834.095439749,504835.09343988,504834.5944398145,504834.156999997,504835.13099999,504834.64399999345,1.2029826368384202,0.7264713641945932,1.0802138322252166,1.0540646535349067,0.9128950588411396,2.488838587048061,1.0089828329477561,1.1281824683961,1.2242122975195868
504834.19543976,504835.193439897,504834.6944398285,504834.222999994,504835.258999985,504834.7409999895,1.61882077862601,1.1009365207501423,1.1510688738911186,1.686691834015037,1.1659526542403684,2.766714325989068,1.3983283044309602,1.724051422659776,1.9568222930316095
504834.29543977,504835.293439915,504834.79443984246,504834.334999991,504835.355999981,504834.84549998597,1.8356848288866643,1.3670725103972976,1.2238901830268172,1.9787179431397561,1.4898924776823343,2.5867099475554833,1.725160188319586,1.9818156749978715,2.3322197059741665
504834.395439781,504835.393439932,504834.8944398565,504834.416999988,504835.455999998,504834.936499993,1.6743399336442304,1.2306662188839659,1.205075325446991,1.747921568866236,1.6104474273710387,2.0670571423491673,1.7407636262559998,1.6951065549814925,2.097681604998951
504834.495439791,504835.49343995,504834.99443987047,504834.516999999,504835.537999993,504835.027499996,1.2761904631490348,0.8696366061371779,1.1551671647440793,1.214179200134541,1.4858665582166966,1.3966395400007174,1.5118905493843637,1.1194978977658774,1.4566461888088238
504834.595439801,504835.593439967,504835.094439884,504834.644999996,504835.618999988,504835.131999992,0.9462734573767042,0.7275471681133837,1.1316469663655848,0.7395976746010199,1.2898907388897036,0.7434423699656357,1.3137327757176647,0.7352426683729253,0.8890872969877157
504834.695439812,504835.693439984,504835.194439898,504834.75799999,504835.715999984,504835.23699998704,0.9117836983881606,1.0614091979312241,1.1829357331560741,0.5599149491717941,1.1852435786654585,0.4199661332354973,1.279970303705419,0.8804116196687186,0.7244180715710995
504834.795439827,504835.793440001,504835.29443991405,504834.838999983,504835.843999979,504835.341499981,1.1767767111966665,1.8047682449802172,1.3204329455004484,0.6845066728248201,1.1640368780625614,0.7268653381831518,1.270969587602762,1.550434050189176,0.8921999722301951
504834.895439845,504835.893440018,504835.3944399315,504834.935999978,504835.943999996,504835.439999987,1.5430892970502492,2.5978383941254686,1.3871933162573873,0.9795505916425765,1.085681154647214,1.4980516845792553,1.1506510030108905,2.5013725473201354,1.1443756848190658
504834.995439863,504835.993440034,504835.49443994847,504835.035999995,504836.056999991,504835.546499993,1.7531650321565917,3.039265514431031,1.2379388844949308,1.1690358724644294,0.9454178774703923,2.1611558198325795,0.928808669552884,3.356741490819446,1.1869561281870415
504835.09543988,504836.093440051,504835.5944399655,504835.13299999,504836.137999987,504835.6354999885,1.873776850432,3.0474228480986,0.9687992638563458,1.309725183672389,1.5536093352019025,2.3519579713962586,0.8943023597538959,3.9114912058157176,0.952906635660892
504835.195439898,504836.193440068,504835.694439983,504835.260999986,504836.219999982,504835.740499984,2.095736530444108,2.6775755514657433,0.8100724545321328,1.6029912458123101,3.572674111264885,2.1341889601963273,1.218551686573298,4.033052028875298,0.7167862048328701
504835.295439915,504836.293440084,504835.7944399995,504835.357999981,504836.319999999,504835.83899999,2.4651784759889157,2.275033295214546,0.890195767962872,1.9578903036736865,6.332492173937311,1.9203085095940797,1.6405241592713902,3.8748432224900604,0.8301403757673809
504835.395439933,504836.393440101,504835.894440017,504835.457999998,504836.431999994,504835.944999996,2.7012704711489426,2.1225276974629144,0.9839363667062762,2.0089897536971932,7.98844550869821,1.9693476928811144,1.6861949111568229,3.6696594695139155,1.181062369075092
504835.49543995,504836.493440104,504835.99444002705,504835.539999993,504836.54500002,504836.0425000065,2.5153014348107936,2.1865341975813495,0.842751012167882,1.600737355036041,7.327509286333666,2.0706836213387514,1.2509122876897611,3.4587751431882428,1.3845085751506583
504835.595439967,504836.593440073,504836.09444002004,504835.620999989,504836.658000028,504836.1395000085,1.9963916027502244,2.194450773268114,0.519904839316568,1.0830548254533923,5.009195729551918,1.92299134034001,0.7350264304484022,3.1393684513086617,1.3671404323147303
504835.695439984,504836.693440042,504836.19444001303,504835.717999984,504836.723000037,504836.22050001053,1.5541702852812318,1.967508874201111,0.31785537490567134,1.0195888729850782,2.8704340799663126,1.4859108699454953,0.65552892100426,2.653509203590561,1.463026085651365
504835.795440001,504836.793440012,504836.2944400065,504835.845999979,504836.823000006,504836.33449999255,1.5013647930743914,1.7449059671241343,0.5002637390574123,1.4887652132610856,2.007038377163486,1.0917989740892284,1.1075662317214907,2.19255407935075,1.8780257628275445
504835.895440018,504836.893439981,504836.3944399995,504835.945999996,504836.936000014,504836.441000005,1.7542935626339404,1.934213040097565,1.0520211013431973,2.0514110439161275,2.0803895795526515,1.002438600607731,1.727607474754583,1.9254558837577085,2.2608117770419587
504835.995440035,504836.993439951,504836.494439993,504836.058999992,504837.033000023,504836.5460000075,1.9166660647231781,2.3459413741181123,1.5631181726929415,2.20378157065488,2.212494460814055,1.1177366089402474,2.0321015853201354,1.7398132121353245,2.1183415331097306
504836.095440051,504837.093439921,504836.594439986,504836.139999987,504837.146000031,504836.643000009,1.6626427569472737,2.3072003811671067,1.6223660867298102,1.7946857081468504,1.869363266838831,1.0468117136039163,1.8252058910133144,1.3604513228056694,1.4750576852726909
504836.195440068,504837.193439891,504836.6944399795,504836.221999982,504837.246000001,504836.7339999915,1.0893626904818545,1.6694791227759365,1.1487694419031342,1.086418020505699,1.1542921738983303,0.6541880918638205,1.2914095981010372,0.8701968666795269,0.840148208127352
504836.295440084,504837.293439861,504836.7944399725,504836.321999999,504837.358000009,504836.840000004,0.5592378349570108,0.9215607773708143,0.5542450523801412,0.5203018690019676,0.5343749470368059,0.27521971658790934,0.756890637445946,0.4865881737164587,0.4247215061160431
504836.395440101,504837.393439832,504836.89443996653,504836.433999994,504837.424000018,504836.929000006,0.39411982422469494,0.7114783983222723,0.3443849134846655,0.35267547595361143,0.32425193404806163,0.2624611161847413,0.4600700273426849,0.43164475157779814,0.2659919768837241
504836.495440103,504837.493439802,504836.99443995254,504836.547000019,504837.521000026,504837.0340000225,0.6080739416448719,1.1469659518313522,0.5990006916804542,0.4899321429391017,0.4429347938569756,0.6679117186201027,0.4164699164706974,0.7243503607649928,0.3770259569952989
504836.595440072,504837.593439773,504837.0944399225,504836.660000028,504837.618000034,504837.139000031,1.0635551449537268,1.7767066937742464,1.0911970611366015,0.7900490453505876,0.7138318250611609,1.3424728776250834,0.6106922052537108,1.219666207533721,0.9638252438947029
504836.695440041,504837.693439744,504837.19443989254,504836.725000036,504837.718000005,504837.2215000205,1.621769597798632,2.140285129661329,1.6182287077776312,1.2528085360403918,1.078659254465823,2.15050609335634,1.0425595485515045,1.7739842184142471,1.9171252941217887
504836.795440011,504837.793439715,504837.294439863,504836.825000005,504837.846000013,504837.335500009,2.0128795662746506,2.0163777885345056,1.930162518000404,1.7114149210604102,1.437828244955334,2.7783452999728517,1.4793330021844957,2.1657501802246983,2.5838245752645044
504836.895439981,504837.893439687,504837.394439834,504836.938000014,504837.959000021,504837.4485000175,2.041203654554171,1.5020656537118442,1.9373321010404196,1.953424411466967,1.6915178219894305,2.872858129976682,1.6890594475968257,2.2084860999072644,2.474885570743934
504836.99543995,504837.993439658,504837.494439804,504837.035000022,504838.040000028,504837.537500025,1.7712972765057735,0.8989296720657753,1.7514909202861104,1.918719499453894,1.7958176246029192,2.3557368163271173,1.653301426951121,1.9162050952822605,1.8801771570769894
504837.09543992,504838.09343963,504837.594439775,504837.14800003,504838.14,504837.644000015,1.4085295003632026,0.4525277871690289,1.5075957936520332,1.6846578824727692,1.7130881184494293,1.520500545062748,1.4900534593276034,1.4421978361875811,1.4576145805844285
504837.19543989,504838.193439601,504837.6944397455,504837.248000001,504838.237000008,504837.7425000045,1.1013162057384482,0.26891732450402517,1.2149901186359218,1.3518927254171578,1.440338484908628,0.8451411973998344,1.2592024954026153,0.9714296379859888,1.4586176616534139
504837.295439861,504838.293439573,504837.794439717,504837.360000009,504838.334000016,504837.8470000125,0.8488157741236169,0.3112315847425942,0.8940503298394583,0.9561161324199333,1.0606125126739183,0.5661362153604432,0.9270518566286574,0.6049193957510829,1.470408165572847
504837.395439831,504838.393439545,504837.894439688,504837.426000017,504838.447000023,504837.93650002,0.6349926799542274,0.44350702434026146,0.5981271968554387,0.5436412228545311,0.7252769208442091,0.5488138724193368,0.5545438432556645,0.38227771326222926,1.2837536458021475
504837.495439802,504838.493439518,504837.99443966,504837.523000025,504838.544000031,504838.033500028,0.5679024772777479,0.5937803601916097,0.4428676825603514,0.3533559599323981,0.6137091597007623,0.5641440901794882,0.3740506279257441,0.33320664625635665,1.2681052914752722
504837.595439773,504838.59343949,504838.0944396315,504837.620000033,504838.644000003,504838.132000018,0.8560929285337908,0.7680822242225886,0.5395267288489607,0.7420822871106101,0.9754043413461688,0.605733088228378,0.7677611733648754,0.5402865299283878,1.9098670552203574
504837.695439744,504838.693439464,504838.194439604,504837.720000004,504838.725000006,504838.222500005,1.5695955652307845,0.9604638643769992,0.9628959188282249,1.8002485026077002,1.9519755792682933,0.8419278012307994,1.9049418692743019,1.0289455564271204,3.1053654298328373
504837.795439715,504838.793439449,504838.294439582,504837.848000012,504838.83800001,504838.343000011,2.309723140343154,1.0541880726108155,1.5298100870478983,2.8993618610855076,3.0556600877421705,1.2236563818463186,3.174244457766552,1.4870593321684038,4.053804842477565
504837.895439686,504838.893439435,504838.3944395605,504837.96100002,504838.919000014,504838.440000017,2.4996591117892977,0.9696568319880925,1.808839536042699,3.1775942719200043,3.426612956955747,1.4591373487618446,3.5941509647594954,1.5469118989191712,4.014369084967329
504837.995439658,504838.99343942,504838.49443953903,504838.042000028,504839.032000018,504838.537000023,2.0220335841140904,0.8238966564568715,1.6630725406019842,2.4986099252091525,2.779695428066578,1.3055761634176495,2.9080737410484536,1.1905112919169525,3.006832926195081
504838.095439629,504839.093439406,504838.5944395175,504838.139000036,504839.132000003,504838.63550001953,1.9768125670506622,1.4037775294468096,2.172240819402239,2.203993622101629,2.925987450008635,1.4542788237528497,2.2378979593682935,1.4599235042630843,1.9564008280617575
504838.195439601,504839.193439392,504838.6944394965,504838.239000007,504839.244000007,504838.741500007,3.9508201926922375,3.4727120552655855,5.077828430960725,4.25077967307318,6.647711005749352,3.416610917710939,3.049844022449567,3.703895717408678,1.987179718919871
504838.295439573,504839.293439378,504838.7944394755,504838.336000015,504839.341000011,504838.838500013,8.123109894844138,6.671565341450639,10.723778853530812,8.998125691864017,14.08409309546304,7.783933865046553,5.547605671979813,7.852881439364252,3.3228952000539658
504838.395439545,504839.393439364,504838.8944394545,504838.449000023,504839.438000015,504838.943500019,12.514177791424205,9.56337090844065,16.922203332951966,14.107530763286977,21.28743248773267,12.883793836533567,8.389118189280943,11.865751938363186,5.094220874803682
504838.495439517,504839.49343935,504838.9944394335,504838.54600003,504839.538000001,504839.0420000155,14.522689276414118,10.798002689173394,20.211364354685273,16.482008948970577,23.532479381327484,15.56356041872829,10.01230158375693,13.43041490878026,6.15138192589073
504838.595439489,504839.593439336,504839.09443941247,504838.646000003,504839.651000005,504839.14850000397,13.089767601176774,10.061121584735883,18.69816994515869,14.858674272265116,19.62630010254966,14.02184011522274,9.677198737292208,11.911025818712439,5.863810233477463
504838.695439463,504839.693439322,504839.19443939254,504838.727000006,504839.732000009,504839.22950000747,9.359051546732763,7.924168540170557,13.556967637087844,10.611731205475136,12.561881103784346,9.496492347122501,7.6829011017882545,8.562973856865174,4.475296581568299
504838.795439449,504839.793439308,504839.29443937854,504838.84000001,504839.845000013,504839.3425000115,5.38332262325577,5.2310548078656804,7.712913491804782,6.136524346002697,6.294263035846086,4.807329488520502,5.016109694789823,5.096775418073422,2.771610703143173
504838.895439435,504839.893439295,504839.394439365,504838.921000014,504839.926000016,504839.423500015,2.7220558271252253,2.902649144097535,3.758753486560032,3.172519003847742,2.750211713700425,1.9752944136689865,2.937343424515989,2.646412408144265,1.63326302246683
504838.99543942,504839.993439281,504839.4944393505,504839.034000017,504840.026000003,504839.53000001,1.6115598537587439,1.4557320889867753,2.1878642304102502,1.939691692933261,1.4130932806587446,1.0150862455620555,2.096702973834444,1.3582273764723558,1.426080941212065
504839.095439406,504840.093439268,504839.59443933703,504839.134000003,504840.139000006,504839.6365000045,1.4374857484286556,0.8658978069305077,1.9706982017355166,1.7874073688979544,1.1156561351106493,0.9203819079276921,2.165007688625166,0.8690709915717427,1.805765886630017
504839.195439392,504840.193439254,504839.69443932304,504839.246000007,504840.25200001,504839.7490000085,1.5009047709118875,0.8175004500495316,2.0276465896915647,1.8893166173803762,1.2003713102677909,0.9816916025717531,2.3106599884864174,0.7704389233736353,2.0096126854740297
504839.295439378,504840.293439241,504839.7944393095,504839.343000011,504840.349000014,504839.8460000125,1.5151751782582656,1.1764587637065036,2.0673203883223383,1.7150548926005844,1.4882833559078583,1.0143227383093705,2.24872078855344,0.7292541279157858,1.6819863707502438
504839.395439363,504840.393439227,504839.89443929505,504839.440000015,504840.449,504839.94450000755,1.6812396425439173,2.1311470529224104,2.3690850443099074,1.376409190759535,2.1512736737692153,1.15050467441234,2.253218595411134,0.8776964719744339,1.1405824367923625
504839.49543935,504840.493439214,504839.994439282,504839.540000001,504840.546000004,504840.0430000025,1.9733026060449366,3.2571192059476677,2.8649497243339295,1.132111324108109,2.852466475409132,1.3612273884010682,2.335770894895405,1.2276464619990453,0.7551293732651363
504839.595439336,504840.593439201,504840.09443926846,504839.653000005,504840.643000008,504840.1480000065,1.9943194113013785,3.614029486145152,2.953211540034501,0.9623433778740795,2.8987824682350656,1.3930781331983357,2.147420836093363,1.4054795677776717,0.5802098810528589
504839.695439322,504840.693439188,504840.194439255,504839.734000008,504840.740000011,504840.2370000095,1.6232126280119819,2.9227413223303014,2.3188147882276926,0.8195807244276334,2.1743500291513342,1.2377806158780034,1.644246158754009,1.1913800148357385,0.6768073704911408
504839.795439308,504840.793439175,504840.2944392415,504839.847000012,504840.837000015,504840.3420000135,1.3315656676025511,2.0564218474373828,1.505059644414926,0.9056684299331127,1.440040577719293,1.3051347254593133,1.3344145002405068,0.9710200308907286,1.1347655847251452
504839.895439294,504840.893439162,504840.394439228,504839.928000016,504840.937000002,504840.432500009,1.51513641323232,2.0471102104555965,1.1499341658956852,1.2799213661946343,1.339954274947273,1.9259601260691024,1.4648400111295055,1.233422615478571,1.6799485356881927
504839.995439281,504840.993439031,504840.494439156,504840.028000002,504841.034000069,504840.5310000355,1.913266570649033,2.87487540288837,1.1916433419076877,1.5651255639717565,1.6930895976267988,2.6906215266798528,1.610255071989457,1.9002399800124539,1.7802820801158867
504840.095439267,504841.093438875,504840.594439071,504840.141000006,504841.131000112,504840.63600005896,1.988122981400971,3.4707408114309386,1.1596541275139685,1.4519658420643196,1.9205605971872548,2.857656827730988,1.3653950726714053,2.3456841123012424,1.333326460307652
504840.195439254,504841.193438719,504840.6944389865,504840.25400001,504841.243000154,504840.748500082,1.6651817196326655,3.196035957524492,0.9823862420103494,1.0606647131218938,1.9573040286262098,2.203385586652346,0.9982941999850751,2.168554022902454,0.7548290062385037
504840.29543924,504841.293438565,504840.7944389025,504840.351000014,504841.343,504840.847000007,1.288559937425671,2.358787817863761,0.9034425524434355,0.7378724580354641,2.086353995701406,1.1805390807208895,1.0427994087039174,1.539725058066133,0.45895912787036164
504840.395439227,504841.393438411,504840.894438819,504840.451,504841.425000043,504840.9380000215,1.0876178281139557,1.5582672537204396,0.9694804093291771,0.6213158767836929,2.322384267420934,0.3877830045352867,1.5106129616978357,0.8893052353687039,0.44179361605557604
504840.495439214,504841.493438258,504840.994438736,504840.548000004,504841.537000085,504841.0425000445,0.9959225997674722,1.0352842469039714,1.0015799088908346,0.6164812358050427,2.353717931569542,0.062336785866940414,1.8993431282187636,0.46894584155791647,0.529691719326767
504840.595439201,504841.593438106,504841.0944386535,504840.645000008,504841.634000127,504841.13950006745,0.9007767307662876,0.7014703027041848,0.9544673116011483,0.6765858550125319,2.015861023410462,0.05545022463329426,1.846021805276917,0.3018079986823534,0.6545493248094094
504840.695439188,504841.693437955,504841.19443857146,504840.742000011,504841.747000168,504841.24450008955,0.8701575933933703,0.5286632213438646,1.1178962778482853,0.913405110009607,1.5587248653221768,0.19255399643487706,1.5189668493048494,0.34977595328078814,0.7812744736025146
504840.795439175,504841.793437805,504841.29443849,504840.839000015,504841.847000018,504841.3430000165,1.1694751536507328,0.6933434207709339,1.7919847955747674,1.5624330421406862,1.4393957387422969,0.59582226061683,1.5158201466849666,0.7093942819248069,1.047607542750575
504840.895439162,504841.893437655,504841.3944384085,504840.939000002,504841.94400006,504841.441500031,1.72089681079495,1.0880740866805,2.6430069805198397,2.419535713614976,1.624297868079792,1.2306780304314775,1.9770253383700531,1.2554946805253637,1.5290617881375972
504840.995439028,504841.993437506,504841.494438267,504841.036000066,504842.025000101,504841.53050008346,2.0415949876798787,1.319785012934875,2.950230330352528,2.8455064641437584,1.696014907693172,1.673216602867875,2.353903303041193,1.597733546202221,1.896369734203407
504841.095438872,504842.093437358,504841.594438115,504841.133000109,504842.122000141,504841.627500125,1.9603661387936997,1.1852589839545655,2.701768381131858,2.676480948407913,1.6560966785008273,1.7974198854889345,2.2718887738252445,1.5383836692727157,1.8556317897675396
504841.195438716,504842.193437211,504841.6944379635,504841.245000151,504842.235000182,504841.74000016646,2.360867701124635,1.2908712936625062,3.239386336770832,2.9135611947422837,3.100570630823419,2.8879596898948554,2.127865215149817,1.7357356317789798,1.5909916161743856
504841.295438562,504842.293437064,504841.794437813,504841.327000193,504842.335000035,504841.831000114,3.756727640222646,2.2803536962310953,5.153580707723686,4.075813118773311,6.536183341340793,5.60687409507789,2.2326938732216925,2.815679392942191,1.3526428964705088
504841.395438408,504842.393436918,504841.894437663,504841.42700004,504842.448000076,504841.937500058,5.501053586973521,4.02729405719178,7.10986984940005,5.321682333405886,10.51298731118963,8.702374652675655,2.369154037348422,4.770351814016216,1.1947146405605265
504841.495438255,504842.493436773,504841.994437514,504841.539000082,504842.545000055,504842.04200006847,6.335917114893741,5.504153063584861,7.361296770383792,5.397299279329278,12.685306852263773,9.969599674543643,2.160924757751439,6.6213230496598,0.9874334716333404
504841.595438103,504842.593436719,504842.094437411,504841.636000124,504842.625999993,504842.1310000585,5.6438479946729485,5.6242942009324715,5.730420355917849,4.1341534519443455,11.79935457580477,8.492404624852218,1.5998522808779114,7.074148295083041,0.6961561719709798
504841.695437952,504842.693436725,504842.1944373385,504841.749000165,504842.726,504842.23750008247,4.0051715261379295,4.377251416850713,3.5440598324283124,2.5333226733126954,8.685297857772376,5.502906664309235,1.0745328442987458,5.778409503779929,0.545591416351431
504841.795437802,504842.793436731,504842.2944372665,504841.849000015,504842.822999998,504842.33600000653,2.5514102043316504,2.9239576006586057,2.1171645125504117,1.6193951610909616,5.353359502382691,3.0242470346620522,0.9168222834292443,3.8243067645855255,0.632028775293712
504841.895437652,504842.893436737,504842.3944371945,504841.946000057,504842.935999996,504842.44100002653,2.017611661850224,2.349518270221321,1.9584909425773915,1.6243985752733876,3.3378011768636213,2.118732737764473,1.2796077353581783,2.642303888539545,0.8300399682038746
504841.995437503,504842.993436743,504842.49443712295,504842.027000098,504843.032999994,504842.530000046,2.3845601402690164,2.825711405018491,2.754801842700971,2.197949901806834,2.986149051710635,2.4972196948908802,2.099687986088526,2.7076576111978063,1.0073036287379866
504842.095437355,504843.093436749,504842.59443705203,504842.124000139,504843.129999993,504842.627000066,3.1642438095172465,3.833621102137725,3.8812706356607665,2.9404581653491997,3.7798023148479993,3.3032207004301224,3.0628499101845463,3.349863679957783,1.1628639675698313
504842.195437208,504843.193436755,504842.69443698146,504842.237000179,504843.229999999,504842.73350008903,3.501261105484695,4.558726804502614,4.3241464513661185,3.1998762926853233,4.274438931907559,3.4641217122223322,3.473337154074419,3.4485510573270135,1.2668904397921825
504842.295437061,504843.293436761,504842.794436911,504842.337000032,504843.341999997,504842.8395000145,3.071164586166982,4.378756171045556,3.605403049064549,2.7895510017669545,3.8060273217972744,2.7199784641377054,3.1041540270638572,2.7707281063130074,1.3947185481469535
504842.395436915,504843.393436767,504842.894436841,504842.450000073,504843.438999995,504842.944500034,2.17626850812571,3.2567533463020744,2.2432121884093847,2.068244592230162,2.6543224583316762,1.58813401138733,2.3419651748646766,1.7394145603094588,1.5181017331709152
504842.49543677,504843.493436773,504842.9944367715,504842.547000052,504843.551999994,504843.049500023,1.5310361128450847,1.9762359987007638,1.54433335099855,1.6059027962199977,1.6326412942238644,1.1297793333297617,1.7704517372248005,0.9756339078112696,1.61331048425167
504842.595436719,504843.593436779,504843.094436749,504842.627999994,504843.652,504843.139999997,1.9300131730042946,1.7497406217395335,2.6045313954399845,1.9683354758150564,1.6868164107735106,2.3714855875686824,1.9793654790664268,1.0826214698805738,1.9972089437505884
504842.695436725,504843.693436785,504843.19443675503,504842.728,504843.748999998,504843.238499999,3.251444756569646,2.7229605179196907,4.828299695116135,2.998453568346976,2.903356681326152,4.880708423938967,2.8032567240382775,2.1383749542919017,2.7361474875790677
504842.795436731,504843.793436791,504843.294436761,504842.824999998,504843.845999996,504843.335499997,4.588828565187168,3.9331176595200543,6.318640193215323,3.8529118390776724,5.075224927278655,6.959140011348007,3.4264628627515537,3.8018042006896313,3.3433268276164427
504842.895436737,504843.893436797,504843.394436767,504842.937999996,504843.942999995,504843.4404999955,5.093352956776753,4.475143502113815,5.809634001741957,3.7116894482285394,7.840249644975001,7.137643490918624,3.165763672672479,5.347933727767332,3.2587661657962843
504842.995436743,504843.993436803,504843.494436773,504843.034999995,504844.023999993,504843.529499994,4.8389292679236915,4.4032494863997504,4.135241464391329,2.814799405077233,10.529186811652634,5.846513926546509,2.199200777873265,6.2595949224654674,2.523647348983345
504843.09543675,504844.093436808,504843.594436779,504843.131999993,504844.123999999,504843.627999996,4.315002876354589,4.071164362488596,2.9410054017827365,2.0307255402877438,11.841326270735474,4.50717240306827,1.2283783788406577,6.246313602507708,1.653937051125526
504843.195436756,504844.193436814,504843.694436785,504843.231999999,504844.251999997,504843.741999998,3.7350746803062855,3.463934298924673,2.7681957617024016,1.8535360448703142,10.740437549314546,3.7223401100265825,0.9172252916627148,5.241760892804567,1.1731674931444869
504843.295436762,504844.29343682,504843.794436791,504843.343999997,504844.333999996,504843.83899999654,2.8901304471844513,2.408042088162955,2.7305453305189373,1.7965282197142933,7.51302263325992,2.9138679170257484,1.180070436062652,3.511555186265078,1.0674117664660243
504843.395436767,504844.393436826,504843.89443679655,504843.440999996,504844.445999994,504843.943499995,2.036447796307128,1.4621599836378765,2.3789727930358726,1.4916167595003513,4.0813572776903095,1.978376094416896,1.6705256649661682,1.9821116406810888,1.2464621565284622
504843.495436773,504844.493436831,504843.994436802,504843.553999994,504844.546,504844.049999997,1.740603238964443,1.4370081930652574,2.1640340530483435,1.2330230088695127,2.239609051553897,1.5597723575048088,2.09354194367044,1.5242140322612432,1.6736232717420418
504843.595436779,504844.593436837,504844.094436808,504843.654,504844.642999998,504844.14849999896,2.0222094268813002,2.253490850405284,2.3615067388229307,1.3959734958441148,1.9533720571222815,1.8582162313308705,2.190365845942119,2.0580742009179303,2.106675994664871
504843.695436785,504844.693436843,504844.194436814,504843.750999998,504844.739999997,504844.2454999975,2.3437071592648357,3.030414695883355,2.5681935657508346,1.862484458274351,2.0337382364289223,2.2909794295424977,1.9196418549835779,2.7409195804780815,2.303285452777067
504843.795436791,504844.793436848,504844.2944368195,504843.847999997,504844.836999995,504844.34249999595,2.263848715053318,3.106524634958821,2.3364230282203957,2.122304250075271,1.7752957871775576,2.3166171739438575,1.4466540154704934,2.871126878959835,2.1358439516203163
504843.895436797,504844.893436858,504844.3944368275,504843.944999995,504844.933999967,504844.439499981,1.7836133934855662,2.4740236119087333,1.6885363228127295,1.8978365431989739,1.2441537337877466,1.9435017702193313,0.9566189786597777,2.365580198844946,1.6986559884522927
504843.995436803,504844.993436888,504844.4944368455,504844.025999993,504845.033999996,504844.52999999456,1.2305427341776118,1.6515465550239052,1.0457399822479871,1.3953548800895097,0.743101846178372,1.4947543018644447,0.5992665683150047,1.6187260200517106,1.2958517196499604
504844.095436809,504845.093436918,504844.5944368635,504844.125999999,504845.146999988,504844.6364999935,0.9087045359526742,1.0985476715153866,0.7296916442151196,1.0245701097302424,0.4867784046875294,1.2420102027209916,0.4560303421940366,1.0359342798149187,1.1960736327431687
504844.195436814,504845.193436947,504844.6944368805,504844.253999998,504845.24399998,504844.748999989,0.8360881543386394,0.8530346387941738,0.7348464151967062,0.9610468438416521,0.42912922831286315,1.2010210590002455,0.4758896043173681,0.7257558596698781,1.3079815855762282
504844.29543682,504845.293436976,504844.79443689797,504844.335999996,504845.340999972,504844.838499984,0.8040899307945222,0.7299902094962677,0.777271761850479,1.0138147706219935,0.38997105380265906,1.1421073753903137,0.5141617817944817,0.5394200012788973,1.3259824921210859
504844.395436826,504845.393437005,504844.8944369155,504844.447999994,504845.437999964,504844.942999979,0.7867948146770064,0.7175632964929961,0.6741365838943979,0.9875168057323263,0.6852113058853044,1.058323241524588,0.4911607856153202,0.5711185414339632,1.1093279568371546
504844.495436831,504845.493437034,504844.9944369325,504844.544999993,504845.537999993,504845.041499993,0.9884149632677094,0.9107664012288407,0.5302190496056507,0.9485926594873291,1.8212965924625513,1.2353901214691594,0.5225233815587691,1.0995389248655751,0.8389925754637997
504844.595436837,504845.593437063,504845.09443695,504844.644999999,504845.634999985,504845.139999992,1.5627309204848396,1.2627543561740047,0.6764023682586614,1.2771512503211349,3.7075958424103668,1.8865600358991155,0.7643961212252272,2.121521338067878,0.80546605152233
504844.695436843,504845.693437092,504845.1944369675,504844.741999997,504845.747999977,504845.24499998696,2.133417669601713,1.4492237805076154,1.1235512276889037,1.8871823110089223,5.097787544036365,2.5783790697048365,1.0868164443662212,2.8693755890178347,0.9750253904830037
504844.795436848,504845.793437121,504845.2944369845,504844.838999995,504845.828999969,504845.333999982,2.3399407624719424,1.4100281300973336,1.6254451941754846,2.3776810446876713,5.076042713848229,2.6810657434755165,1.4545913232321992,2.8345206955101987,1.2601512547489062
504844.895436859,504845.893437149,504845.394437004,504844.935999967,504845.928999998,504845.43249998253,2.1715071927048335,1.3477613160476298,1.8134565890688235,2.3719490547157687,4.048945254322387,2.0623481641878056,1.8839608786944693,2.285728032077306,1.5579082525244767
504844.995436889,504845.993437177,504845.49443703296,504845.035999997,504846.02599999,504845.5309999935,1.873386080694269,1.3556210933120187,1.5832239795392458,1.911837243042739,3.1022156976018715,1.227599234270079,2.2926249365367055,1.8063586922016803,1.7076077690498122
504845.095436918,504846.093437206,504845.59443706204,504845.148999989,504846.153999982,504845.6514999855,1.6522543326740373,1.281714008938361,1.2959647435892905,1.429265392161616,2.704252231133694,0.7083177380427104,2.5691033220118418,1.5714722045413625,1.6579450209734221
504845.195436948,504846.193437234,504845.694437091,504845.245999981,504846.250999974,504845.7484999775,1.615623136090686,1.034704602302186,1.5270249435313814,1.4066133835870542,2.570293794689965,0.5852286998400472,2.7453746457708545,1.381170082263195,1.674574936740805
504845.295436977,504846.293437262,504845.7944371195,504845.342999973,504846.347999967,504845.84549997,1.8413281215960313,0.8785750606666283,2.4266666023842745,1.9282954774866163,2.481109725287414,0.753334254899005,2.87487125357323,1.2789162457769374,2.1088563526941453
504845.395437006,504846.393437289,504845.89443714754,504845.439999965,504846.447999994,504845.9439999795,2.1069637868271975,1.0071498202623832,3.2304709888730656,2.432274038213933,2.298589844621351,0.9606753129072658,2.788137524390364,1.3278665539311874,2.810546211418029
504845.495437035,504846.493437317,504845.99443717604,504845.539999994,504846.544999994,504846.042499994,2.1103633063198624,1.2965168970949614,3.1799789116673325,2.423472182361548,1.9819218697642067,0.9792531564359304,2.347597783160245,1.4565903084135305,3.217575341661145
504845.595437064,504846.593437329,504846.0944371965,504845.636999986,504846.626999991,504846.1319999885,1.7663607568613564,1.2932595079351952,2.415777324183826,1.965492180340326,1.440684106800839,0.7803108092329717,1.8272433635041312,1.2713901571992337,3.136728605694329
504845.695437093,504846.693437341,504846.19443721697,504845.749999978,504846.754999988,504846.252499983,1.497945930987558,0.9627126934514291,1.7570545839034721,1.7619465546901916,1.0971265408689996,0.5845348949125628,1.897350080592726,0.8941703875374196,3.0286717119436632
504845.795437121,504846.793437352,504846.2944372365,504845.83099997,504846.855,504846.342999985,1.7618571457638652,0.6862446450823426,1.836534703033165,2.335591109510761,1.7398144421500517,0.8279427140763524,2.6364100179082195,0.9365586821667445,3.0957608521832842
504845.89543715,504846.893437364,504846.39443725697,504845.930999998,504846.935999996,504846.433499997,2.4229798076250115,0.7354066303443723,2.4231607362049985,3.310169271999772,3.500766797188426,1.622053489133605,3.2329941338604042,1.6547383870184211,2.904549015250093
504845.995437178,504846.993437375,504846.4944372765,504846.02799999,504847.048999993,504846.5384999915,2.9023070048897788,1.0264932422113868,2.862284573384241,3.8073190770661465,5.280149780001906,2.4759186594787628,3.031494532932758,2.577074830217511,2.157721343825517
504846.095437206,504847.093437387,504846.5944372965,504846.155999983,504847.12999999,504846.64299998654,3.1146581471590156,1.5419963710483064,3.073375746736507,3.679734251123203,6.195430852600796,3.3387326728039617,2.3881245741754773,3.2642946567527336,1.4355760520311394
504846.195437234,504847.193437398,504846.69443731604,504846.252999975,504847.258999987,504846.75599998096,3.357334418325796,2.2651179761662776,3.223944458935594,3.4942492168834383,6.307677645945882,4.30819418120906,2.1046916997875824,3.6802270410597067,1.4745731266188293
504846.295437262,504847.293437409,504846.79443733545,504846.349999967,504847.358999998,504846.8544999825,3.535206975591022,2.837511061326474,3.1456338265963715,3.4466080072156595,5.822254186737452,4.899582563114608,2.2536480998138835,3.758008755714372,2.1184093042093544
504846.39543729,504847.393437421,504846.8944373555,504846.449999995,504847.439999995,504846.944999995,3.2317541337181224,2.841920696679296,2.6294876047446967,3.157520022485804,4.732598677533379,4.407712555873355,2.2177669017689636,3.3117388085829447,2.5552878020765397
504846.495437318,504847.493437432,504846.994437375,504846.546999995,504847.536999992,504847.0419999935,2.3403275131292878,2.2788961993672214,1.8847363932351973,2.3443851686999846,3.054212756347737,2.8328649347456225,1.6685435994988473,2.342745371637438,2.3162356815022567
504846.595437329,504847.593437443,504847.094437386,504846.628999991,504847.633999989,504847.13149999,1.360798204635319,1.5796700072494194,1.5024840296818767,1.4206717941889302,1.361788846179147,1.1260716472996708,0.9858049200696657,1.2749290243324816,1.634965368081361
504846.695437341,504847.693437454,504847.1944373975,504846.756999988,504847.734,504847.245499994,0.9287351137865323,1.2708576761896284,1.7247542615591485,0.9943033269182464,0.5625717994126469,0.3603720455446223,0.6775903396682725,0.7673452550506807,1.072086205949013
504846.795437352,504847.793437465,504847.29443740845,504846.857,504847.830999997,504847.3439999985,1.1147295318959316,1.3870719053547398,2.0910864888692773,1.0315959233953946,0.7546438502859558,0.6411451695392099,0.9627901080945501,0.8984893600774893,1.1510134495508353
504846.895437364,504847.893437476,504847.39443742,504846.937999997,504847.927999994,504847.43299999554,1.5749745323486828,1.6356168829764726,2.3012728129808044,1.151610050118931,1.2155871976381791,1.2467231076805523,1.8727904437804412,1.1117244061059661,2.0644713575081157
504846.995437376,504847.993437487,504847.4944374315,504847.050999993,504848.040999991,504847.545999992,2.080479598718196,1.8948494835431888,2.447958147464205,1.2352333036976406,1.7513038538739405,1.7022147328990476,3.003779457248276,1.2302499260771993,3.378247884942069
504847.095437387,504848.093437498,504847.5944374425,504847.13199999,504848.152999988,504847.642499989,2.384091163375927,1.9745473674869234,2.6294801473128646,1.4576733579786807,2.155428083661239,1.8489982079387004,3.6381555781770896,1.1686415900711082,4.19980497438081
504847.195437398,504848.193437509,504847.6944374535,504847.260999987,504848.252999999,504847.756999993,2.691595827521639,2.0784673015769126,3.1462885071482125,2.310007928744069,2.795214696221941,2.117416477609487,3.7045062803497926,1.2216194930661783,4.15924593545652
504847.29543741,504848.29343752,504847.794437465,504847.360999998,504848.334999996,504847.847999997,3.390345496641559,2.5530437502947327,4.11168845034147,3.960753424606233,4.120479871658508,2.8482091278436417,3.9245383071720603,1.782926947932581,3.821124093283242
504847.395437421,504848.39343753,504847.8944374755,504847.441999995,504848.431999993,504847.936999994,4.481423790576203,3.552110234105198,5.326641086639072,5.782656567606057,5.84882658946541,3.878457781181474,4.767716774922672,2.899115236749397,3.795866053940345
504847.495437432,504848.493437541,504847.9944374865,504847.538999992,504848.52899999,504848.033999991,5.2341808668280905,4.6145798260370245,6.029284798351207,6.550316848924448,6.794578201468608,4.617825222476232,5.475921214322653,4.010778708923944,3.780162114120608
504847.595437443,504848.593437552,504848.0944374975,504847.635999989,504848.625999987,504848.130999988,4.951611261780837,5.016119050662223,5.615208966217527,5.682432186892674,6.096038918295628,4.64077275950315,5.021589481169704,4.463684751554892,3.0770439799508926
504847.695437454,504848.693437563,504848.1944375085,504847.732999986,504848.725999997,504848.2294999915,3.90261591748287,4.542482961845002,4.590099107293298,4.004640175577258,4.32710704181858,4.157072722201121,3.6611108902223037,4.148688899740652,1.789725541164747
504847.795437465,504848.793437576,504848.2944375205,504847.832999997,504848.853999993,504848.343499995,2.865485903145104,3.579752173536913,3.8142790557586865,2.6551969412658583,2.6880038705215097,3.495979781369895,2.4122871882375114,3.4729951853972167,0.805393029073245
504847.895437476,504848.89343759,504848.394437533,504847.929999994,504848.934999989,504848.4324999915,2.1636758242730147,2.5108404922297405,3.246235397372864,1.9164532525969467,1.608011473367071,2.8084972811256064,1.6773722736917778,2.8129122221056013,0.7290842016945096
504847.995437487,504848.993437605,504848.494437546,504848.042999991,504849.031999985,504848.537499988,1.6911346770158935,1.556715202159809,2.508216499248038,1.4624315764087892,0.9183783473423206,2.2250558068928403,1.2516872150889258,2.2381825332430783,1.3684102357433479
504848.095437498,504849.093437619,504848.5944375585,504848.154999988,504849.131999999,504848.6434999935,1.484814004603247,0.9349334030733978,1.7922295504329417,1.240320408244026,0.7104549106217817,1.909124116481086,1.2044538066886563,1.7926157690427855,2.2943800722413004
504848.195437509,504849.193437633,504848.694437571,504848.254999999,504849.228999995,504848.741999997,1.70146207979324,0.7092892320911285,1.7213092180502825,1.4771116023822162,1.2289595475961537,1.9322713005047922,1.9106151073250546,1.5328064691218914,3.099334161274401
504848.29543752,504849.293437647,504848.79443758354,504848.336999996,504849.341999991,504848.8394999935,2.155944133124248,0.7471095844571084,2.3030601602813023,1.9915636044637588,2.207867352692929,2.0649270324283187,3.154183072000646,1.4301147291997034,3.3487275294702177
504848.395437531,504849.393437661,504848.89443759597,504848.433999993,504849.453999987,504848.94399999,2.4069978285110527,0.8426077083686954,2.88966490231223,2.240009290441277,2.9059926533136586,1.9908795175725373,4.117371055792315,1.3659077724311914,2.903549727856515
504848.495437541,504849.493437675,504848.994437608,504848.53099999,504849.550999983,504849.04099998646,2.2721087514651472,0.8508536590427138,3.04250554572532,2.030731657019204,2.928334227487729,1.7433347027942456,4.292877799095622,1.2338967509207615,2.0543356696355812
504848.595437552,504849.593437688,504849.09443762,504848.627999987,504849.650999997,504849.139499992,1.9585014780157834,0.826444048536993,2.8522280366073973,1.6757612474933037,2.528675625402511,1.5919420452104496,3.844164217597701,1.0729436952765383,1.2758529080013727
504848.695437563,504849.693437702,504849.1944376325,504848.727999997,504849.747999993,504849.237999995,1.904696654436408,0.9995585386544161,2.6886620929809983,1.7126154668672862,2.350788017496967,1.812688024333578,3.5028857662926076,1.1707542414467702,0.99962108741864
504848.795437577,504849.793437716,504849.2944376465,504848.855999993,504849.84499999,504849.3504999915,2.3333487371680093,1.5707469371761364,2.8870007344725184,2.333901824811837,2.7092905972269965,2.3771490990844515,3.8453255590441513,1.728368699272022,1.2150064462559649
504848.895437591,504849.893437729,504849.39443766,504848.936999989,504849.941999986,504849.4394999875,2.936131867910177,2.3664992545615657,3.29447989299726,3.0563573387445766,3.2624289394197596,2.886884413369876,4.571034155778904,2.564389786697437,1.4869811617120368
504848.995437605,504849.993437743,504849.494437674,504849.033999985,504850.041999999,504849.537999992,3.2149048146925927,2.8678165006161285,3.3557299342597045,3.2691574922820434,3.6120537091089955,2.9458417949732825,4.7813003209675315,3.297947775979256,1.5893909893537992
504849.095437619,504850.093437756,504849.59443768754,504849.133999999,504850.138999996,504849.63649999746,2.9421088230050874,2.662413035147795,2.719864449226981,2.7709389020960895,3.6724670696817463,2.547857196805877,3.942738854078459,3.573173499996047,1.6474175770077057
504849.195437633,504850.19343777,504849.6944377015,504849.230999995,504850.235999992,504849.7334999935,2.690850233455276,2.2472467418719164,2.043545496970803,2.1933691902056864,4.0092294625125495,2.5599371630695007,2.6732441805576896,3.7458882975608807,2.0543413348931807
504849.295437647,504850.293437783,504849.79443771497,504849.343999991,504850.348999988,504849.8464999895,2.833508349419528,2.1750329835100732,1.9969573512376657,2.0105867329840406,4.652158031534813,3.397477355010407,1.8022981689176396,4.025484742056882,2.608071430104705
504849.395437661,504850.393437796,504849.89443772845,504849.455999987,504850.445999985,504849.95099998603,2.993926121544957,2.3266147844484357,2.351976812094289,2.028045993764481,4.833214316666468,4.280504700422916,1.445545961470473,4.034159088344362,2.6513473151482314
504849.495437675,504850.49343781,504849.9944377425,504849.552999984,504850.545999998,504850.049499991,2.6975530388295583,2.276828637085566,2.5293876026272666,1.885174421188206,3.994763788188778,4.180194035615815,1.2809411718295673,3.4154736064401736,2.0176610476610954
504849.595437689,504850.593437823,504850.094437756,504849.652999997,504850.642999994,504850.1479999955,2.1841666976485206,2.119896635211943,2.5433542144622248,1.7016049461228306,2.9827387313012452,3.127388963768862,1.3523064259745567,2.528262189233844,1.1177814751126565
504849.695437702,504850.693437836,504850.194437769,504849.749999994,504850.755999991,504850.25299999246,2.0054148376961622,2.174406928580166,2.8571634581806538,1.8055971658568453,2.7674643320020422,2.057433989669412,2.0001182322200592,1.8852290959531568,0.49590549910696324
504849.795437716,504850.793437849,504850.2944377825,504849.84699999,504850.836999988,504850.341999989,2.24965460453683,2.416114873344897,3.4346023595498725,2.1453237578652073,3.3634312342709887,1.7144065285504668,3.010103030724859,1.6291323146961545,0.28412273729219295
504849.89543773,504850.893437861,504850.3944377955,504849.943999986,504850.937,504850.440499993,2.3627184652146975,2.336167152109956,3.62917500898103,2.183753911060192,3.764712183124984,1.745994693475927,3.5937905536278634,1.3543820608544566,0.29377215848316995
504849.995437743,504850.993437873,504850.49443780805,504850.044,504851.033999997,504850.5389999985,2.2036482631381196,1.8340014554160278,3.4412470556331423,1.8246495973787928,3.555040397282859,1.8054079075996095,3.596597873450863,0.9167581907412156,0.6554836276024454
504850.095437757,504851.093437885,504850.59443782095,504850.140999996,504851.146999993,504850.6439999945,2.653644245454835,1.7966876750708156,4.280561347972046,1.8822658915445616,4.006011421586212,2.505613421383386,4.100791824668947,0.9024706552258526,1.7547517261868577
504850.19543777,504851.193437897,504850.6944378335,504850.237999992,504851.22799999,504850.732999991,4.382524707812538,3.022240806373528,7.0679593890151455,3.0394164986045027,6.104860863388335,4.468226585578382,5.965229926279822,1.8133464274229882,3.578917165837602
504850.295437783,504851.293437909,504850.794437846,504850.350999989,504851.324999987,504850.837999988,6.469678910836858,4.996800618881979,10.213425596062349,4.582678224022908,8.673670962841268,6.850963794435003,8.045220476401177,3.2385481148796824,5.1561234991705005
504850.395437797,504851.393437921,504850.894437859,504850.447999985,504851.424999999,504850.93649999204,7.150803934862079,6.319893810586039,10.946271366541183,5.018182548505369,9.395546252358248,7.815756351872196,8.247714184430261,4.16576159273176,5.297305371871575
504850.49543781,504851.493437933,504850.9944378715,504850.547999998,504851.521999995,504851.0349999965,5.850203643408099,6.16821686840224,8.494124428991524,3.8795081795127,7.5983687848022665,6.552467363311189,6.142179314154024,4.060588401694602,3.906175806396244
504850.595437823,504851.593437945,504851.094437884,504850.644999994,504851.649999992,504851.147499993,3.6597656805654286,4.883128990484672,4.792971610676361,2.096708574455852,4.794869227802797,4.053085327162293,3.3227171205214843,3.236716991431476,2.097927601988496
504850.695437836,504851.693437957,504851.1944378965,504850.757999991,504851.731999989,504851.24499999,2.086844817053203,3.478631711961971,2.2755594562892774,0.8783417169138868,2.790780894495772,2.0027148520002127,1.5315594847275187,2.4883863252639276,1.248784094773059
504850.795437849,504851.793437968,504851.2944379085,504850.838999988,504851.828999986,504851.333999987,1.8300367769396386,2.6568235453406515,1.8065471687060257,0.8728150354723716,2.181443597232043,1.3930965242179927,1.3320303120129742,2.357842868409447,2.0396951641256034
504850.895437862,504851.89343798,504851.394437921,504850.935999985,504851.928999997,504851.43249999103,2.70204334201273,2.416808325403683,2.860596645230401,2.147223496974028,2.7499242860216233,2.0766438322036533,2.512815906641814,2.815211929690215,4.037122313936424
504850.995437874,504851.993437991,504851.4944379325,504851.035999997,504852.040999994,504851.5384999955,3.8939822820270296,2.3622011254402966,4.379492408519779,3.9302062369767334,3.9602367989962914,3.1227989984599223,4.303156402803292,3.2772108550510017,5.816555429968924
504851.095437886,504852.093438003,504851.59443794447,504851.148999994,504852.153999991,504851.65149999247,4.391160495195495,2.1470407947011334,5.1703009324416005,4.849405744039395,4.828157072562563,3.630063911451125,5.423649451693021,3.1368832113393896,5.943782843335728
504851.195437898,504852.193438014,504851.694437956,504851.22999999,504852.234999988,504851.732499989,3.8276235201023017,1.7231883636164242,4.7736254601799155,4.17593909971476,4.68920685173406,3.3564912530814572,5.183264183901224,2.315942658846632,4.40333028974394
504851.29543791,504852.293438026,504851.794437968,504851.326999987,504852.334999999,504851.830999993,3.035387768128363,1.4754853987958163,4.14358716591979,2.8955867771819785,4.02521367367917,3.025487197140527,4.441605330163789,1.4153790515573448,2.8607575505884903
504851.395437922,504852.393438037,504851.8944379795,504851.426999999,504852.431999996,504851.9294999975,2.9885083107846473,1.6844343187882793,4.300785723632596,2.516491527941827,3.7111795328698167,3.277208672851766,4.4352292529768444,1.0767090534453887,2.9060284037706583
504851.495437933,504852.493438049,504851.994437991,504851.523999995,504852.544999994,504852.0344999945,3.513296968710632,2.12565915560937,4.845784645477629,3.203967684440518,3.745190998241554,3.6646824213250215,5.085173166731382,1.2779125548594137,4.158005123000169
504851.595437945,504852.593438056,504852.09443800047,504851.651999992,504852.657999997,504852.15499999456,3.5787104940708026,2.259336299008002,4.507322356950242,3.6363846758816267,3.3603422804289016,3.333576923741642,5.07549733512167,1.4679609435907761,4.989263137843559
504851.695437957,504852.693438059,504852.194438008,504851.733999989,504852.738999996,504852.2364999925,2.9273483122712163,1.894603196201934,3.1525837550885174,3.112755650650544,2.4915942659785317,2.482509902925485,4.014680348395925,1.3572758999306,4.912783478998193
504851.795437969,504852.793438062,504852.2944380155,504851.830999986,504852.838999999,504852.3349999925,2.328857741066158,1.333305243392323,1.9862625103255955,2.3734031000387614,2.0081638325252613,2.1076079709205007,3.071681052676916,1.1198617415423562,4.630576477107551
504851.89543798,504852.893438065,504852.3944380225,504851.930999997,504852.951999999,504852.441499998,2.734444631177335,1.1334801917699353,2.1840921883252693,2.716185744790135,3.0125438675592946,2.787322829105263,3.7716288826790985,1.3089874181648185,4.9613159270248675
504851.995437992,504852.993438068,504852.49443803,504852.042999994,504853.032999998,504852.537999996,4.749775891915192,1.9015970275904788,4.316476354611798,4.922969160021534,7.2241564628624895,4.510961412807011,6.415475927403362,2.8795629360845054,5.827007853940358
504852.095438003,504853.093438071,504852.594438037,504852.155999991,504853.129999997,504852.642999994,7.423064494149247,3.297905540699956,7.273302139955479,7.868643022941601,13.532828373886455,6.370510933503935,9.212550022314437,5.542863412422588,6.285912507469526
504852.195438015,504853.193438074,504852.6944380445,504852.236999988,504853.23,504852.733499994,9.22081420423927,4.482079143796058,9.47871153562086,9.828406932466459,18.493099186751206,7.607594930660956,10.067042000886637,7.875690582947352,5.933889320784632
504852.295438026,504853.293438077,504852.7944380515,504852.336999999,504853.326999999,504852.831999999,9.368316593999527,4.771908087939549,10.085552959943815,10.028570057946595,19.29028014116415,8.012736898867528,8.735659227098743,8.46680674214954,5.555018636886292
504852.395438038,504853.393438079,504852.8944380585,504852.433999996,504853.439999998,504852.936999997,8.292400145082446,4.22699704044185,9.413107274742824,9.020896401782826,16.25350504706445,7.81810143788045,6.689692516900923,7.247650067002024,5.669251374844224
504852.495438049,504853.493438082,504852.9944380655,504852.546999994,504853.536999998,504853.041999996,6.806238990140795,3.3406269865879787,8.056091178923653,7.6368068955457655,11.957524947388086,7.141064323364596,5.218330611332362,5.349338788239445,5.750128189744468
504852.595438056,504853.593438085,504853.0944380705,504852.659999997,504853.633999997,504853.14699999697,5.254409472968074,2.473703374430932,6.206164272057119,6.107630825444472,8.309286752335193,5.890478927587335,4.252416237666084,3.7415102854965743,5.0540851087268805
504852.695438059,504853.693438088,504853.1944380735,504852.740999996,504853.734,504853.237499998,3.5505945124299814,1.6080481084294287,3.9191932898096358,4.33951509757073,5.2592381860741195,4.049740524949541,3.177500929962533,2.4457668217074002,3.6057531409364625
504852.795438062,504853.793438091,504853.2944380765,504852.840999999,504853.830999999,504853.335999999,1.963868802886119,0.8104454468994888,1.7858938901851236,2.6440297419555154,2.704786676354235,2.1115320999635796,2.0729181152345566,1.3429118343922908,2.2384326181041625
504852.895438065,504853.893438094,504853.3944380795,504852.953999999,504853.942999998,504853.4484999985,0.9455163446321941,0.3104823740689816,0.5320338250306152,1.4392470560616597,1.1515181729060693,0.7901155332472687,1.256975112243483,0.579514475956967,1.504244207542509
504852.995438068,504853.993438097,504853.4944380825,504853.034999998,504854.039999997,504853.53749999753,0.5263803365715146,0.15953679918817423,0.17989843169894587,0.78703760066683,0.5292305438889844,0.28822622840914935,0.815965998619282,0.2591616625515575,1.1919854275491937
504853.095438071,504854.093438099,504853.594438085,504853.131999997,504854.14,504853.63599999854,0.41094969972219547,0.15716846589634403,0.2263390836796343,0.45298141912389384,0.3441691977517587,0.25022436193695224,0.582592829994829,0.2299868235833749,1.0441354158107765
504853.195438074,504854.193438102,504853.694438088,504853.232,504854.252999999,504853.74249999947,0.4412512596921895,0.17402624283699647,0.4590660628525885,0.3725272925257076,0.33557639248893967,0.3765236500129508,0.4684033398685945,0.2940215092971763,1.0498655876545622
504853.295438077,504854.293438105,504853.794438091,504853.328999999,504854.349999998,504853.8394999985,0.47783540900741284,0.18245866051544812,0.7335945045625201,0.4366123623798207,0.3227445661464646,0.43232359221225886,0.39418464037942014,0.27926322386654157,1.0415017219968283
504853.395438079,504854.393438108,504853.8944380935,504853.441999998,504854.430999998,504853.936499998,0.5030219296777014,0.2688238997884522,0.9247237866551805,0.5163744403897294,0.2941244450758478,0.390354938369351,0.305057602791285,0.26598672011537533,1.0587296042363903
504853.495438082,504854.493438111,504853.99443809653,504853.538999998,504854.527999997,504854.0334999975,0.5340074889595956,0.4692882908171918,0.9390170999398789,0.5107355267465294,0.28068379879307703,0.289387662535897,0.21870417596824598,0.42916125878578043,1.1350820980901646
504853.595438085,504854.593438113,504854.09443809895,504853.635999997,504854.628,504854.13199999847,0.5937176925730476,0.6866029237658786,0.9041121134643786,0.43237102908111946,0.30063286317112914,0.2970827556532939,0.19486554471856488,0.762945669615032,1.1711286411149848
504853.695438088,504854.693438117,504854.1944381025,504853.736,504854.740999998,504854.238499999,0.646370751438692,0.729362288506332,0.9778922787932722,0.3886852050121892,0.3024643402115667,0.528599421925171,0.24936809441306274,0.965524749454383,1.0290696331935596
504853.795438091,504854.793438122,504854.2944381065,504853.832999999,504854.837999997,504854.335499998,0.6757323108001376,0.5347864282724892,1.074739709206382,0.40699052622119836,0.27465359307462983,0.8889386372648966,0.3937379591089104,0.9212607015456351,0.9107509317069595
504853.895438094,504854.893438127,504854.3944381105,504853.944999998,504854.918999995,504854.43199999654,0.764452796481605,0.3606142772297065,0.9866626337251079,0.47302812237633607,0.529352424952138,1.1632148560159639,0.575297516470817,0.9898519196665685,1.0376006214162026
504853.995438097,504854.993438132,504854.49443811446,504854.041999997,504855.031999994,504854.5369999955,1.0224173628967175,0.5455539284835403,0.7365116287577493,0.6621461943739495,1.3067357615321458,1.3245159678275398,0.6961269236637327,1.574621369943129,1.3331271285919528
504854.095438099,504855.093438137,504854.594438118,504854.154999996,504855.131999999,504854.6434999975,1.3856351365743649,1.0290954692627972,0.602899405057122,1.0642213372259772,2.1999390672301335,1.5089669655164681,0.7225495234707525,2.4205322344205333,1.5368770904111346
504854.195438102,504855.193438142,504854.694438122,504854.254999999,504855.228999997,504854.741999998,1.6494439722933865,1.4548546119905832,0.7070503247053979,1.6485094596133494,2.539990746707052,1.7506977571949327,0.6884999363872872,2.9518807140867658,1.4540682276617218
504854.295438105,504855.293438146,504854.7944381255,504854.351999999,504855.340999996,504854.84649999754,1.6508544033514454,1.5579155886218459,0.8276538959060815,2.195851408439601,2.0672926660122846,1.8189648057036232,0.644349741118075,2.908064999651873,1.1867421213581806
504854.395438108,504855.393438151,504854.8944381295,504854.432999998,504855.422999995,504854.92799999646,1.4480479411365754,1.3186578804681595,0.8164822966661685,2.5222475986968083,1.2682055283073286,1.5700127109396211,0.6827607101819038,2.498687470739033,0.9073293330935812
504854.495438111,504855.493438156,504854.9944381335,504854.529999997,504855.523,504855.0264999985,1.2805390334408626,0.8964747664499457,0.8668034138400259,2.6440938673809016,0.8843854492021455,1.1909090458730414,0.9547255777861858,1.9967603261822737,0.8101598208123824
504854.595438113,504855.593438161,504855.094438137,504854.63,504855.619999998,504855.124999999,1.2258631710318744,0.4881985313607067,1.1265409448424533,2.5473991240387295,1.0131607677029668,0.8933106814426586,1.399850526421878,1.4618162851973617,0.8766285072482399
504854.695438117,504855.693438166,504855.19443814154,504854.742999998,504855.731999997,504855.2374999975,1.1935011761208938,0.31348093083690703,1.4439880588387808,2.205587482454443,1.194544433744783,0.7415672091570491,1.7161305579637411,0.9585908755812189,0.974119860390227
504854.795438122,504855.79343817,504855.294438146,504854.839999997,504855.828999996,504855.3344999965,1.0779458671502873,0.5802293112864241,1.5106327153152415,1.6440803209933503,1.0720120770036736,0.7002516119909056,1.6226004344674654,0.6288794229742829,0.864881043170955
504854.895438127,504855.893438175,504855.394438151,504854.920999995,504855.925999994,504855.4234999945,0.9208995758870193,1.1786861535448432,1.2449871809121467,1.099844618399549,0.706006572721192,0.7574682079070781,1.2075278993876974,0.5637549431005636,0.6089210311230839
504854.995438132,504855.99343818,504855.494438156,504855.033999994,504856.025999999,504855.52999999654,0.7953325267967496,1.7299138500716165,0.8697658113882408,0.7086244606192338,0.40048325628145,0.8129154839191708,0.8285363358909852,0.6425575956943397,0.36986342050896026
504855.095438137,504856.093438184,504855.59443816054,504855.133999999,504856.138999998,504855.6364999985,0.8120435602446165,1.999228830473493,0.7212657523505033,0.5393554805210632,0.5362528860607367,0.7780947528408735,0.8287760610423189,0.8086509138332203,0.28472380483472287
504855.195438142,504856.193438189,504855.6944381655,504855.230999998,504856.235999996,504855.733499997,0.9026155006706256,1.9194303297630353,0.8557095707059312,0.460075429678565,1.0276049182235,0.5957482314732032,1.1036167887842476,0.9081098652453069,0.3506288714912147
504855.295438147,504856.293438193,504855.79443817,504855.342999996,504856.332999995,504855.83799999545,0.9606935024912241,1.590990779496852,1.0555356435926837,0.3963372710065979,1.475196759657472,0.41799308692529297,1.3216525650932716,0.8662078533088013,0.5616340608488215
504855.395438151,504856.393438198,504855.89443817455,504855.424999995,504856.433,504855.9289999975,1.0998062902376076,1.2663513836010212,1.4221360877130567,0.5013508199740693,1.790248668383874,0.7694750140955116,1.3980114202758265,0.7886443019736135,0.8622326258838878
504855.495438156,504856.493438203,504855.99443817954,504855.525,504856.529999999,504856.0274999995,1.4913107877579899,1.253380586923977,2.1531739915875683,0.8718041123707108,2.2240254115974807,2.006045324571284,1.4031557928043146,0.8947536619117582,1.1241474202968258
504855.595438161,504856.593438207,504856.094438184,504855.621999998,504856.626999997,504856.1244999975,2.032470742081194,1.6108594409308588,2.971556642946542,1.2882627817326395,2.7811260780624236,3.621694526201998,1.4399430479116164,1.1989627074202551,1.3473607114432191
504855.695438166,504856.693438212,504856.194438189,504855.733999997,504856.739999997,504856.23699999705,2.3377435146530425,2.018449980989523,3.2160021533420515,1.4309731080963353,3.0079984352494913,4.5311454159419355,1.4429420685336627,1.4927363032903902,1.5617006517809497
504855.79543817,504856.793438215,504856.2944381925,504855.830999996,504856.836999999,504856.33399999747,2.152386158806509,2.1280728806592224,2.671795937284385,1.196795640093819,2.611634933819122,4.094477811551789,1.2958339492384525,1.5310361461645066,1.6894419716407802
504855.895438175,504856.893438215,504856.39443819504,504855.927999994,504856.937,504856.43249999697,1.6767640469381213,1.8941039610338877,1.931888418379679,0.7995642523956717,1.9515525130790305,2.7381025396580494,1.1512042171044823,1.3150986537862217,1.632597820067948
504855.99543818,504856.993438216,504856.494438198,504856.027999999,504857.034,504856.5309999995,1.3042129233013289,1.5327266109278717,1.5862230996675601,0.5469486443626091,1.5601010118852625,1.4585615063848372,1.2152011537905865,1.0692670882563071,1.4646742711355953
504856.095438184,504857.093438216,504856.5944382,504856.140999998,504857.131,504856.635999999,1.1030424447464822,1.2601555030987965,1.463014820193682,0.49184177414625185,1.4263518369188568,0.7445677840438165,1.2962588068347833,0.9301516692438943,1.211997363491777
504856.195438189,504857.193438217,504856.694438203,504856.237999997,504857.227999999,504856.732999998,0.9492367436676403,1.1595716171625645,1.191273017307901,0.5557108402845287,1.3068156865463827,0.4753458789144427,1.152248554353449,0.8403933465750855,0.9125350081967689
504856.295438194,504857.293438218,504856.794438206,504856.334999995,504857.328,504856.8314999975,0.7882947681786626,1.1432425254597622,0.7984838110060912,0.6487375427522655,1.187439353995498,0.4645371976314636,0.7959072512438226,0.7197270888967562,0.5482833744436417
504856.395438198,504857.393438218,504856.89443820796,504856.435,504857.44,504856.9375,0.7168678581268444,1.07177773258373,0.6078771947912884,0.8521119444703211,1.1421709678308394,0.5507250901608068,0.5310364661305652,0.6530828657743828,0.3261606032728215
504856.495438203,504857.493438219,504856.99443821097,504856.531999999,504857.537,504857.0344999995,0.8505915439984861,0.8349453686292077,0.9192612550865487,1.3560470011649848,1.0728183014134858,0.7066417442343478,0.7054901740828448,0.6832710153508967,0.5262574920255729
504856.595438207,504857.593438219,504857.094438213,504856.628999997,504857.633999999,504857.131499998,1.27929954990674,0.6119223688264559,1.9048548576202142,2.212859058571238,0.9197867954108845,1.4499139018883804,1.2874404460959543,0.8181888870333835,1.0294300838074089
504856.695438212,504857.69343822,504857.19443821604,504856.741999997,504857.730999999,504857.236499998,2.0737325821187493,0.699059406066594,3.657314111780628,3.297701527437928,0.8518494057158033,3.408384895077597,2.0821234649303744,1.0383511097483011,1.5550767361927678
504856.795438215,504857.79343822,504857.29443821753,504856.838999999,504857.831,504857.3349999995,3.272416203180315,1.1249787493961843,5.993458521588868,4.745683549848117,1.1960370359077603,6.367349904643213,3.2325508690032443,1.3529792486191872,2.166291746435947
504856.895438215,504857.893438221,504857.394438218,504856.939,504857.944,504857.4415,4.588649272604116,1.7546959779670233,8.069528563309321,6.491071350814666,1.8614499163265632,8.964268106126163,4.701764833428843,1.783563091516261,3.0828523413440907
504856.995438216,504857.993438221,504857.49443821853,504857.036,504858.025,504857.5305,5.426308963304861,2.4715972538778885,8.804087608847233,7.854027836064674,2.3758786568334065,9.630625125337831,5.870919441077669,2.2377524005320177,4.165583383868171
504857.095438216,504858.093438222,504857.594438219,504857.133,504858.122,504857.62749999994,5.440891134073804,3.2635430692896756,7.972097182682624,8.069990236908382,2.536569425020886,8.141011504284387,6.119438655448329,2.601822465652269,4.822656533303882
504857.195438217,504858.193438222,504857.69443821954,504857.229999999,504858.234999999,504857.732499999,4.624891829887505,3.7833371790854837,6.120910810171612,6.788063327220998,2.3678663828454933,5.5510285051722015,5.22420824774346,2.6731890734353723,4.49053111342542
504857.295438218,504858.293438223,504857.7944382205,504857.341999999,504858.335,504857.8384999995,3.4466153738802374,3.6972775185913966,4.1880592753904455,4.66761368662417,2.106347444566897,3.536879260886776,3.696207182553119,2.414583568282518,3.265955054146579
504857.395438218,504858.393438224,504857.894438221,504857.442,504858.432,504857.937,2.348981236116757,2.8594259833393423,2.7425820769268094,2.687066084929748,1.7921659125705631,2.8246011915720417,2.208162325930954,1.8209795112336915,1.8568668024309054
504857.495438219,504858.493438222,504857.9944382205,504857.539,504858.529000011,504858.03400000546,1.5591575333824998,1.7040943355579676,1.834010434238618,1.4454396548569532,1.4720146205884492,2.9085992043289712,1.169647276002514,1.1141902107287858,0.8252645307577393
504857.595438219,504858.593438208,504858.0944382135,504857.636,504858.626000015,504858.1310000075,1.1393317681625372,0.7746463803632256,1.3980128656702133,1.0639186549261126,1.320292534392165,2.847398257515625,0.8795721749333194,0.5432257075442171,0.2875875699554197
504857.69543822,504858.693438194,504858.19443820696,504857.732999999,504858.726000001,504858.2295,1.17443769132334,0.3384037997978878,1.443329022411159,1.3708295177080099,1.5520058388705,2.6160617509081834,1.574849373834816,0.29835018091518617,0.20167204614097645
504857.79543822,504858.79343818,504858.2944382,504857.833,504858.823000005,504858.3280000025,1.493443933721717,0.2157551137365834,1.7776423526456662,1.7703590529918667,1.9478058765449966,2.709288197022364,2.8297431381958567,0.29979977775973016,0.397157960876672
504857.895438221,504858.893438166,504858.3944381935,504857.946,504858.920000009,504858.4330000045,1.7334090288931243,0.21074474388199432,1.9945643717131114,1.7584777958202986,2.0562419622284107,3.0604005858115553,3.702831567726554,0.4007841616225959,0.6832270423404747
504857.995438221,504858.993438152,504858.4944381865,504858.027,504859.033000013,504858.5300000065,1.6080324623979507,0.22194183068805118,1.8259264804972228,1.3226383923178195,1.678844944251371,2.978663053769604,3.530971334378653,0.4592546780655317,0.8460189852153522
504858.095438222,504859.093438139,504858.5944381805,504858.123999999,504859.130000016,504858.62700000755,1.133359440454383,0.2502724516416491,1.2544227603671432,0.7693553707513908,1.0517168691654095,2.1129139109609403,2.4395199884169574,0.4283438515545329,0.7603303207770415
504858.195438222,504859.193438125,504858.69443817355,504858.236999999,504859.230000003,504858.733500001,0.68247730410742,0.28533976082871,0.7272596718945703,0.49563997827290746,0.6619328172917986,1.0687540662282695,1.2319192036235993,0.38001175746841315,0.6089611772510914
504858.295438223,504859.293438111,504858.794438167,504858.337,504859.327000006,504858.83200000296,0.827364641147687,0.47584786168179094,0.9208924531213658,0.9219997310216693,1.3520560189911452,0.7727220665328396,0.6415822138019358,0.6905126232308394,0.8433041607999099
504858.395438223,504859.393438098,504858.89443816047,504858.434,504859.43900001,504858.936500005,1.637368214779428,0.9598062022642981,1.7613805534718017,1.9047892536852968,3.1293612995339584,1.4353786411805298,0.6691436195655887,1.4716872180922989,1.7673989304416498
504858.495438221,504859.493438084,504858.9944381525,504858.531000011,504859.536000014,504859.0335000125,2.5200909357487165,1.6135050737893102,2.4015435128554543,2.6973079582595765,4.8828075874693635,2.385979493463138,0.7768803957110462,2.341684280658803,3.0610191837830394
504858.595438207,504859.593438071,504859.094438139,504858.628000015,504859.636000001,504859.132000008,2.8235600285024507,2.0351705393828032,2.181295563568654,2.624063293438079,5.444625224046758,2.90228014939581,0.7092110675225696,2.740512259328702,3.951322131336227
504858.695438193,504859.693438058,504859.1944381255,504858.728000001,504859.733000004,504859.2305000025,2.4153342684885812,1.9286943457766812,1.321619083251422,1.8179213745877634,4.67917890494012,2.7119876458180254,0.6193871267200416,2.4402491176780416,3.8036365491365567
504858.79543818,504859.793438044,504859.294438112,504858.825000005,504859.830000008,504859.32750000653,1.6714858624215052,1.3713435220320949,0.5522781295059938,0.9528355007488762,3.3195577938567133,2.0158874623707463,0.686162691265022,1.6970802316145879,2.776741567978007
504858.895438166,504859.893438031,504859.39443809853,504858.922000009,504859.927000012,504859.4245000105,1.05418546498595,0.7322510348877027,0.2760201026239435,0.5093626761433012,2.1327303396197097,1.2580647116918813,0.8752494502970546,0.9472958923633499,1.7025095122606566
504858.995438152,504859.993438018,504859.494438085,504859.035000012,504860.040000015,504859.5375000135,0.8661427455779165,0.4209893473119229,0.5040481470369729,0.6670348436032084,1.4967650450940422,0.7053349774584032,1.2091118651200397,0.5741051680971044,1.3517525709016383
504859.095438138,504860.093438005,504859.5944380715,504859.132000016,504860.140000002,504859.636000009,1.229342615023881,0.5116274310562778,1.3752764149424839,1.5110713558546842,1.5494065610085868,0.47080332404519526,1.9674602609568366,0.6307362179192217,1.8183593544077619
504859.195438125,504860.193437992,504859.69443805853,504859.232000002,504860.237000006,504859.734500004,2.053671531149904,0.7837976624832953,3.064583452402564,2.9634279829013854,2.1544903831068076,0.6598284147334181,3.283163362890413,0.8683232690141729,2.6517577216671766
504859.295438111,504860.293437979,504859.794438045,504859.329000006,504860.334000009,504859.83150000754,2.8745709666782426,0.9937997156369254,5.023382143119636,4.277157874998348,2.7779844839395706,1.1884435812705445,4.555687871293549,0.9459381991623848,3.2341738640049806
504859.395438098,504860.393437966,504859.894438032,504859.44100001,504860.431000013,504859.9360000115,3.1071657302287803,1.121575748240574,5.980141372145107,4.480110262843433,2.936185331178233,1.6194380657024647,4.762629692014232,0.8239680700787475,3.133277299627452
504859.495438084,504860.493437953,504859.99443801853,504859.538000014,504860.531,504860.03450000705,2.6278433784917086,1.230650985887216,5.317224905619579,3.515388886907334,2.504829114165776,1.571499203908866,3.775698132824801,0.6311835284152207,2.4762722702048774
504859.595438071,504860.59343794,504860.0944380055,504859.638,504860.628000004,504860.133000002,1.9405863925436255,1.2714798502432938,3.9385842788944423,2.4352165547278486,1.8249578118367933,1.1685999349687135,2.6079168906276724,0.48100783395821056,1.7969279850920283
504859.695438057,504860.693437927,504860.194437992,504859.735000004,504860.725000004,504860.230000004,1.6795447939233108,1.1722711871419529,3.262206312568745,2.303257074678257,1.3948797270583846,0.872339653301611,2.2879488996576445,0.40378028472970484,1.7396752122501855
504859.795438044,504860.793437921,504860.2944379825,504859.832000008,504860.853000005,504860.34250000655,1.8431120792532627,1.0909107838406047,3.327612489647138,2.7310318276116385,1.4238087944074889,0.8364672012440847,2.5904925731871975,0.49338824519429425,2.2511847188936542
504859.895438031,504860.893437914,504860.3944379725,504859.929000011,504860.934000007,504860.431500009,1.9215384630449086,1.1187240780990155,3.1016359365976163,2.6876569704374944,1.6217268408026388,0.8483810327597948,2.56730974733871,0.765863544300127,2.661009554023871
504859.995438018,504860.993437908,504860.494437963,504860.042000015,504861.034000001,504860.538000008,1.7873164121153653,1.2385758894167371,2.424562313841329,2.1213336937965215,2.035621416660528,0.8406069838901706,1.9656830812577737,1.1925828513710646,2.4795650666887967
504860.095438005,504861.093437901,504860.59443795297,504860.142000002,504861.131000003,504860.63650000247,1.7463810813431637,1.308902530430177,2.13824563158948,1.893023243327065,2.7855204658371067,1.0335589791382287,1.283896877435322,1.7158419849426458,1.8120589380452854
504860.195437992,504861.193437895,504860.6944379435,504860.239000005,504861.228000004,504860.7335000045,1.9125375705080936,1.2241735183047564,2.670381058066974,2.3662506592675276,3.4864715389234586,1.4041354081466908,0.9821940175766137,2.0297570595175394,1.1369373042611883
504860.295437979,504861.293437888,504860.7944379335,504860.336000009,504861.325000006,504860.8305000075,2.0074081568593005,1.0352109711597197,3.409195268403606,2.864306686157774,3.507092809668477,1.5778249308528787,0.9770660164505793,1.8946743881413952,0.7938941840399744
504860.395437966,504861.393437882,504860.894437924,504860.433000013,504861.454000008,504860.94350001053,1.8485652348873858,0.8088215127033255,3.8106790196121807,2.852544383770546,2.7338511337377307,1.4258780791060766,1.0915807164767752,1.3755414329828743,0.689625600709579
504860.495437953,504861.493437876,504860.99443791446,504860.530000016,504861.554000002,504861.042000009,1.6341458026028997,0.5510196991792884,4.106763522011852,2.6408812108492516,1.8652388386894572,1.1540081444488886,1.3603599920779659,0.7899000212909308,0.6049949922755637
504860.59543794,504861.593437869,504861.0944379045,504860.630000003,504861.651000003,504861.140500003,1.5894767668543501,0.39497849710061805,4.46982774974176,2.617249549442056,1.500336051257682,0.9440901826540139,1.738785524386219,0.4883445608906495,0.5622020193618046
504860.695437927,504861.693437863,504861.19443789497,504860.727000004,504861.716000005,504861.2215000045,1.6132473684925648,0.4619432678693875,4.45582146228056,2.5567534543032364,1.6100032806496536,0.7853951382458872,1.9237833882057958,0.5535385733550704,0.558740383030927
504860.795437921,504861.793437857,504861.294437889,504860.855000005,504861.845000007,504861.35000000603,1.382032860874532,0.5487996175365797,3.670509673723722,2.0133997693269956,1.4473179488153745,0.544811649416185,1.673798715944669,0.6164035604124186,0.5412219518203109
504860.895437914,504861.89343785,504861.394437882,504860.936000007,504861.945,504861.4405000035,1.017479852101589,0.6575999859077688,2.4583163215840296,1.2299269567892415,0.9851111742812793,0.3884343964463006,1.1831715657816118,0.7277998192948751,0.509478596727605
504860.995437908,504861.993437844,504861.494437876,504861.036000001,504862.042000002,504861.5390000015,0.8439243629364342,0.8702158679757839,1.4518890728000913,0.7573815817758878,0.6694463768856463,0.4472220367131663,0.9322528358202594,1.087467526194467,0.5355196053261719
504861.095437901,504862.093437838,504861.5944378695,504861.133000002,504862.139000004,504861.63600000297,0.9673985021713691,1.1497039875196102,0.8842596224130652,0.7756095920302779,0.8488491180316435,0.5516142407304649,1.1766698114517236,1.623460630418921,0.7290210147752468
504861.195437895,504862.193437832,504861.69443786354,504861.230000004,504862.236000006,504861.733000005,1.293779261579079,1.4268691962378508,0.7495535101687483,1.1555578426937458,1.597745188693304,0.5382378209286147,1.7841836316119282,2.0352668267172183,1.0628200755812214
504861.295437888,504862.293437826,504861.794437857,504861.327000006,504862.348000007,504861.8375000065,1.8765015357674053,1.7916623574530774,1.1058886201362057,1.857803977592222,3.257385997514726,0.7748573870116435,2.4677088030481653,2.4377852071003536,1.3189199362828505
504861.395437882,504862.39343782,504861.89443785104,504861.456000008,504862.448000001,504861.9520000045,2.8781202386754106,2.3854007374988235,1.8813980228036293,2.839903744096015,6.2907441527244385,2.0205139546101973,2.8605841574742796,3.4073638023091215,1.3390533378867795
504861.495437876,504862.493437813,504861.9944378445,504861.556000001,504862.530000003,504862.043000002,4.454531865864703,3.290228878891651,3.0988183211082267,4.1154514598794405,10.630409170864423,4.78808024008736,2.895223768985718,5.169654571398318,1.6483885157024818
504861.595437869,504862.593437807,504862.094437838,504861.653000003,504862.642000005,504862.14750000404,6.020001701494823,4.026977576519473,4.529136799529908,5.277376745861247,14.30354603204335,7.951386710152979,2.6725920740919538,6.7841764911188,2.614821182640875
504861.695437863,504862.693437801,504862.194437832,504861.718000005,504862.739000006,504862.2285000055,6.427743450296607,3.968290205951776,5.333912121733146,5.496694105458804,14.591419531816008,9.259234585955872,2.2465711789817147,6.885510907792927,3.6403149646826094
504861.795437857,504862.793437795,504862.294437826,504861.847000007,504862.839,504862.3430000035,5.18924417479165,3.076260440961252,4.76832896116225,4.392988291858296,10.973536722088069,7.638388702825562,1.665072363212728,5.252674116959525,3.7467037992655183
504861.89543785,504862.893437787,504862.3944378185,504861.947,504862.936000003,504862.44150000147,3.069463918298912,1.9321551161575368,3.07577922005255,2.567820918744017,5.8029498021888894,4.332991200127504,1.03927202201224,3.0307528916573014,2.773990175451258
504861.995437844,504862.993437778,504862.49443781096,504862.044000002,504863.033000005,504862.5385000035,1.3872984199706693,1.0936765702740547,1.5163170344212935,1.2101996174642957,1.967055282184603,1.6595586449713353,0.52692090171697,1.4540616635328285,1.670597645199974
504862.095437838,504863.093437769,504862.5944378035,504862.141000004,504863.130000008,504862.635500006,1.0583438213623064,0.7770552001517808,1.5170517967329666,1.4259403667347543,0.7385080395701293,0.9310387975074507,0.5872448609410743,0.9012682019138268,1.5886433073464687
504862.195437832,504863.19343776,504862.694437796,504862.238000006,504863.22700001,504862.732500008,1.8934212567240447,0.8879814734718313,3.1847619522274373,3.0621812104198898,1.4558103943355452,1.436925830722655,1.5568682462005998,0.9846895719311337,2.578151374483266
504862.295437826,504863.293437751,504862.79443778854,504862.350000007,504863.327000001,504862.838500004,3.067042064965054,1.1853710817294036,5.26554849645312,4.948885936587552,2.8616688775006187,1.943928476031836,3.1763232559387475,1.2817572854616741,3.872853110017479
504862.395437819,504863.393437743,504862.894437781,504862.450000001,504863.440000004,504862.9450000025,3.6629750633488958,1.4074071003244648,6.1774398089041975,5.728886358360061,3.8334243343728414,1.8376566746400864,4.3601636360523965,1.4874877276660352,4.47133486647108
504862.495437813,504863.493437734,504862.9944377735,504862.532000003,504863.537000006,504863.0345000045,3.3082901171814054,1.3439123939032234,5.372742963744283,5.02702111136707,3.6964969904338103,1.3309448482579467,4.274809351231157,1.3593121691718901,4.061081109341862
504862.595437807,504863.593437725,504863.094437766,504862.644000004,504863.634000009,504863.1390000065,2.534196453672233,1.108697267434739,3.821010273429175,3.770631267455035,2.9433619002032843,0.9325150731357867,3.3662389222808784,1.1693557567784267,3.1617611686605365
504862.695437801,504863.693437717,504863.194437759,504862.741000006,504863.734,504863.23750000296,2.1909611721265234,1.0816493013677295,2.9885049134247517,3.1717681411565186,2.636324993853351,1.0050398237807852,2.792152425090013,1.3293695053910048,2.522880272948032
504862.795437795,504863.793437708,504863.2944377515,504862.841,504863.831000002,504863.336000001,2.394945917620386,1.2757001617059915,3.2347022601843207,3.3990453587166742,2.9236647991162057,1.4248300382297252,2.887836199516018,1.7126401775519313,2.3011483459422193
504862.895437787,504863.893437699,504863.394437743,504862.938000003,504863.928000005,504863.43300000404,2.8151803620166738,1.4991873531570157,4.2803794609195,4.0083195132482325,3.333180952082359,2.3549127433557997,2.9579445676874694,2.050308620511773,2.037209685171241
504862.995437778,504863.993437691,504863.4944377345,504863.035000005,504864.056000007,504863.545500006,3.151165109341557,1.5794569978390554,5.641024904935124,4.530314028405773,3.501173822088103,3.7427599621102003,2.4730210636230754,2.1446991736745677,1.5968709220565587
504863.095437769,504864.093437682,504863.5944377255,504863.132000008,504864.13800001,504863.635000009,3.449228671201932,1.604904802072157,6.7218473764178786,4.80515807210124,3.8491254695811374,4.9274835399358174,1.879556788006018,2.2524730117853515,1.5532803097158565
504863.19543776,504864.193437674,504863.694437717,504863.22900001,504864.238000001,504863.7335000055,3.623687500675543,1.590746557282882,6.600174849840025,4.541161440707251,4.308881666694885,4.974904213533062,1.8071657022993575,2.4447541444851915,2.7217114305616885
504863.295437751,504864.293437665,504863.794437708,504863.329000001,504864.350000003,504863.839500002,3.479489138031774,1.4267058448436796,4.986041304613985,3.708557299251862,4.202028326412896,3.652773298841682,2.3093982973929688,2.4055732668634016,5.144835466033717
504863.395437742,504864.393437657,504863.89443769946,504863.442000004,504864.447000006,504863.944500005,3.066658257007685,1.2666603954923157,2.915810585903921,2.8077739985084404,3.410077166897157,1.9351196617119364,2.8597285701057684,2.071246903712752,7.266848773729185
504863.495437734,504864.493437649,504863.9944376915,504863.539000006,504864.529000008,504864.03400000697,2.5563513624757888,1.335853034315587,1.6022275861338242,2.2403485654761868,2.42457241958135,0.8550476290595286,2.9354333416926446,1.6989984766829203,7.358329846864268
504863.595437725,504864.59343764,504864.09443768254,504863.636000008,504864.65700001,504864.146500009,2.059403697577311,1.7685989357886585,1.2439640088448545,1.8949072999440069,1.765138579621824,0.58033672192997,2.3570886568380534,1.5839080021017877,5.281287375549333
504863.695437716,504864.693437632,504864.194437674,504863.733000011,504864.757000002,504864.2450000065,1.4983202373983202,2.215223102751953,1.0905599719112935,1.3738553643404585,1.2245858297343597,0.5253828030805923,1.4101138657717402,1.5912565361056399,2.5555844254905233
504863.795437708,504864.793437624,504864.29443766596,504863.833000002,504864.854000004,504864.343500003,1.0836091707903766,2.3857544530438837,0.8738145595134003,0.8840392033384777,0.8655005865149247,0.5126306480579637,0.7432264670028058,1.601877377638956,0.8020300712125994
504863.895437699,504864.893437615,504864.39443765697,504863.930000005,504864.920000001,504864.42500000296,1.01876347789107,2.3328397708784925,0.6767680080613936,0.7820203353565427,0.8903929553929546,0.48773685942854433,0.840049751207616,1.6541345657481505,0.4861655770548656
504863.995437691,504864.993437616,504864.49443765345,504864.058000007,504865.031999989,504864.544999998,1.260550846834421,2.3091049402282566,0.5581494261529224,0.9979696768799029,1.3041057470818729,0.4566829600740418,1.5285722937483464,1.860143812018066,1.0696779184919603
504864.095437682,504865.093437627,504864.5944376545,504864.140000009,504865.131999999,504864.636000004,1.5232600717701714,2.2800064469511603,0.5651830507279946,1.1737019825296473,1.681108425694461,0.400806124832113,2.202579996288458,1.9945846112696,1.888109935867937
504864.195437674,504865.193437637,504864.6944376555,504864.240000001,504865.228999996,504864.7344999985,1.5522013904137892,1.9509207677543605,0.8226401731039845,1.1526104679791565,1.777228906953181,0.3350163102656598,2.4138992861317377,1.7255470075731816,2.2397482035490524
504864.295437665,504865.293437648,504864.7944376565,504864.352000003,504865.341999993,504864.846999998,1.4028005427278816,1.3302109659769004,1.5326017981703723,1.0601509841960657,1.8152721594002819,0.3581136185568458,2.217091555539735,1.0893057601950344,1.8196574997878172
504864.395437657,504865.393437658,504864.8944376575,504864.449000005,504865.45399999,504864.9514999975,1.4819871798724944,0.9907706742889919,2.8110767111162747,1.2380881455243409,2.313539215534689,0.6240341613135558,2.157714739002636,0.6587678621184624,1.0619059300810043
504864.495437648,504865.493437668,504864.994437658,504864.531000008,504865.550999988,504865.040999998,2.1297432357612798,1.3101579654197226,4.540093867452873,1.96409102470888,3.4477687020215035,1.2510831777885412,2.75524848089979,0.9141140519890119,0.8553886158099142
504864.59543764,504865.593437679,504865.0944376595,504864.65900001,504865.650999998,504865.155000004,3.5090142805228197,2.258372312071906,6.5404567505069355,3.4079996699957285,5.54998388062026,2.458298745688012,4.079678519614552,2.150997409240141,1.626326956445022
504864.695437632,504865.693437689,504865.1944376605,504864.759000002,504865.747999995,504865.2534999985,5.102240313936014,3.3942855445960483,8.212145582500193,5.052358430247766,8.079322325383773,3.985126033566106,5.402266873731261,3.8759393080052424,2.816478413457724
504864.795437624,504865.793437699,504865.2944376615,504864.856000004,504865.844999992,504865.35049999796,6.127592084024411,4.447149080716269,8.788526759270919,5.916337568537349,9.904040555568203,5.299760962271607,5.676893858035083,5.4969174553725555,3.4911104324233078
504864.895437615,504865.893437709,504865.394437662,504864.922000001,504865.92699999,504865.42449999554,5.97027170802731,5.08548593078391,7.8341114118037325,5.291216655749576,9.849393541001884,5.823385618412256,4.47771217805405,6.248063792818604,3.1528045355944663
504864.995437616,504865.993437719,504865.49443766754,504865.033999989,504866.027,504865.5304999945,4.767672116810575,4.91186461984112,5.793438983831109,3.6781722243292867,7.895177340396718,5.3061186490315535,2.612580746032803,5.748083068008201,2.195941303013801
504865.095437627,504866.093437729,504865.594437678,504865.133999999,504866.138999997,504865.636499998,3.3648094154231893,3.955964975498649,3.7056122832730103,2.494862678893539,5.249893440010095,4.110759975201901,1.4742829332426672,4.450952582661788,1.4761464546038634
504865.195437637,504866.193437739,504865.694437688,504865.230999996,504866.220999994,504865.725999995,2.5165411789607663,2.924778022140882,2.4028400592068393,2.4725607485002636,3.2541718677082057,2.905115625329142,1.566182783774526,3.2455711867164796,1.3611091383097957
504865.295437648,504866.293437749,504865.7944376985,504865.343999994,504866.317999991,504865.8309999925,2.1563261958037003,2.286973126471616,1.7791353188169174,2.970260011472073,2.1005943244843257,1.988980234785144,2.1177126660334644,2.5284627737617678,1.4784911106042968
504865.395437658,504866.393437759,504865.89443770854,504865.455999991,504866.445999988,504865.9509999895,1.849668517572296,1.9237835828345844,1.4150446370221799,3.0425945725873706,1.3631588114260218,1.3409006761006061,2.213044213824372,2.0597092343755494,1.4391124124076837
504865.495437668,504866.493437769,504865.99443771853,504865.552999988,504866.545999998,504866.049499993,1.4801506691994994,1.5315034078868477,1.269739105956225,2.552108736872672,0.9095650380239209,1.0364210074741083,1.740035314536161,1.5497211468397956,1.2521115960062654
504865.595437679,504866.593437776,504866.0944377275,504865.652999998,504866.642999999,504866.14799999853,1.0208589602300264,0.9002193124255902,1.1527029413044452,1.7945879646430067,0.49425765175773106,0.819913125825543,1.1185269226434453,0.8136154913258831,1.073048271914566
504865.695437689,504866.693437777,504866.19443773304,504865.749999995,504866.739999999,504866.24499999697,0.7763933796466611,0.39435561361396276,1.1554883304170835,1.2044219226693529,0.48031070389457153,0.7327767537432922,0.9818135103920579,0.29973901960620225,0.9622411828367659
504865.795437699,504866.793437779,504866.294437739,504865.846999992,504866.836999999,504866.3419999955,0.768973069656327,0.22874147113246296,1.2510396241346797,0.8354984732224718,0.7985522641229595,0.6643767352215928,1.3646385069591367,0.137437488479017,0.8714999939782955
504865.895437709,504866.89343778,504866.3944377445,504865.92899999,504866.937,504866.43299999496,0.9266911818540855,0.5097034022697009,1.2981133756752266,0.7382878762565004,1.2145396842698655,0.7200002890296754,1.7654738866047217,0.38976844617340556,0.7776424945535878
504865.995437719,504866.993437781,504866.49443774996,504866.029,504867.018,504866.5235,1.766601424646231,1.7815730303402537,1.5478040660547117,1.531477265489746,2.7484012183092643,1.6554684561599875,2.1295938522081928,1.8414222753018068,0.8970712333058842
504866.095437729,504867.093437782,504866.5944377555,504866.140999997,504867.130999999,504866.63599999796,3.3844328155859538,3.8385453203576345,2.071780510925898,3.239625712983977,6.339712065987772,3.2473512059165426,2.546792394436367,4.516175825992355,1.2754794880870863
504866.19543774,504867.193437783,504866.6944377615,504866.222999994,504867.243999999,504866.7334999965,4.99175423084022,5.436212501156877,2.659655192852622,4.8504924040032975,10.992457558122087,4.466491534626081,2.8920342065833005,7.036312234625178,1.6003782147523142
504866.29543775,504867.293437784,504866.794437767,504866.319999991,504867.324999999,504866.822499995,5.354293443960622,5.272193506982108,2.765303116564316,5.054751098044569,13.523846182061893,4.372469783558395,2.7804866738203047,7.578334569800441,1.4869626208529503
504866.39543776,504867.393437785,504866.89443777245,504866.447999989,504867.425,504866.9364999945,4.196203157066371,3.5354491334858533,2.2561592063804286,3.755604353756326,11.873247233304648,3.1531449988752054,2.157418686806266,5.825839933594458,1.012761710327787
504866.495437769,504867.493437787,504866.994437778,504866.547999999,504867.538,504867.0429999995,2.4530175128445384,1.668488295977427,1.606916313217836,2.0356424691854027,7.40762168276846,1.745541938610026,1.4304498618852954,3.2176488729460746,0.5118306681657858
504866.595437776,504867.593437788,504867.094437782,504866.644999999,504867.634999999,504867.139999999,1.2998012371690661,0.7750543143738018,1.4441082882190424,1.0199246196603937,3.4253818475604247,0.9218267051322635,1.1159691371100906,1.376633260922401,0.31951172437411174
504866.695437777,504867.693437789,504867.194437783,504866.741999999,504867.731999999,504867.23699999903,1.010749865479336,0.6390991968962652,1.7745353362666823,0.9148518240640685,1.7398902535726437,0.6468900380702133,1.1827606186234876,0.6433844867459277,0.5445871695953999
504866.795437779,504867.79343779,504867.29443778447,504866.838999999,504867.828999999,504867.333999999,1.2625915720150669,0.6439825154018934,2.259957959943632,1.410138804637842,1.7569107115807054,0.6794110413695732,1.5545037524110272,0.5661117975761883,1.2297159931996744
504866.89543778,504867.893437791,504867.3944377855,504866.919999999,504867.929,504867.4244999995,1.6346944131709171,0.5564736767180631,2.678950748642912,2.0123108963699763,2.289420328041182,0.8080469524709186,2.0839327636694316,0.6622307332656866,1.9861892061891668
504866.995437781,504867.993437792,504867.4944377865,504867.02,504868.056999999,504867.5384999995,1.8471493743162273,0.4771278304180196,3.027229170187587,2.2877247532293636,2.6550234093332916,0.9203706043766013,2.4650488367171866,0.710985630115869,2.2336847601519003
504867.095437782,504868.093437793,504867.59443778754,504867.132999999,504868.137999999,504867.635499999,1.723627437724576,0.49932914679421603,3.2536032752045116,1.9325723461136388,2.4776037777464768,0.8906865379657676,2.3887315654493517,0.6286738076054581,1.7178190449171868
504867.195437783,504868.193437794,504867.6944377885,504867.245999999,504868.250999999,504867.748499999,1.4329910118052929,0.7014056992065298,3.365324761495989,1.241853066974129,1.9520382875549123,0.707712158948711,2.0493847188830845,0.5046471845145493,0.9415622168644369
504867.295437784,504868.293437795,504867.7944377895,504867.326999999,504868.351,504867.8389999995,1.289593408906458,1.1595848058238851,3.436123951908064,0.7659765561840174,1.5632026876598277,0.4704245376183326,1.8429965794732106,0.4727462132096646,0.6056919393746621
504867.395437785,504868.393437796,504867.8944377905,504867.427,504868.448,504867.9375,1.393655404017265,1.9315666626843313,3.408988510621526,0.6691249843893279,1.535114835485035,0.36929266587774745,1.8093818866878264,0.5962643888756602,0.8295092975166658
504867.495437787,504868.493437798,504867.99443779245,504867.54,504868.528999999,504868.0344999995,1.7220463031237465,3.020888088752267,3.170649827963401,0.7060418416505928,2.1927592754573175,0.8210840693724727,1.5992750258113109,1.1948923573593186,1.0707799386232908
504867.595437788,504868.593437799,504868.0944377935,504867.636999999,504868.625999999,504868.13149999897,2.5761532027821326,4.2986023886713705,2.96690129144503,0.9434260434918916,4.578351967561748,2.6072563653588414,1.2605944694153424,2.8776562576964055,1.0764368386164316
504867.695437789,504868.6934378,504868.1944377945,504867.733999999,504868.738999995,504868.236499997,3.9921701761186283,5.439524840164283,2.9414573920948506,1.595857963134735,8.832096614503033,5.489694955912948,1.0651515108265364,5.5761098398939355,0.9974682924187072
504867.79543779,504868.793437802,504868.294437796,504867.830999999,504868.838999997,504868.334999998,5.225958635244289,6.005410838278698,2.8477725693896976,2.4857237969666883,12.695846718421322,7.7477459059452105,1.044925459975381,7.996484368816604,0.9837594241607079
504867.895437791,504868.893437817,504868.394437804,504867.931,504868.935999993,504868.4334999965,5.361539206818783,5.722016380179756,2.5703507011169027,3.0501730421974433,13.28679008210513,7.740666371070884,1.0599564909341763,8.50168141871655,0.9606791682294187
504867.995437792,504868.993437832,504868.494437812,504868.058999999,504869.016999989,504868.537999994,4.194977138379884,4.671268175778438,2.231289379256169,2.757421826365203,10.025838142341637,5.40441225783307,1.0043253317443586,6.678440200105279,0.7868217936149173
504868.095437793,504869.093437847,504868.59443782,504868.139999999,504869.145999985,504868.642999992,2.636875792687986,3.414824010835575,2.190777974790859,1.9075932620949276,5.533027380240989,2.6397293154442534,1.0155078764842664,3.856920510676206,0.5366260109368144
504868.195437794,504869.193437861,504868.6944378275,504868.252999999,504869.245999999,504868.749499999,1.7429238953622135,2.536920492203332,2.4742077961455395,1.2658143947686762,2.7510761085121747,1.2576633434828683,1.2599747585538896,1.8330654699618798,0.5646687992693475
504868.295437795,504869.293437876,504868.79443783546,504868.353,504869.357999995,504868.8554999975,1.6986342778604953,2.0816794447181706,2.7374582009864366,1.2416767817534962,2.2723807241250222,1.3043987199964726,1.7343837851328985,1.181564737213086,1.035531828958378
504868.395437796,504869.393437891,504868.89443784347,504868.45,504869.423999991,504868.9369999955,2.001875438607191,1.8043613179268392,2.7637167635000504,1.5678308024119119,2.9399277632175655,1.6710518928008136,2.2204384045637457,1.3299026970346084,1.7177738674019938
504868.495437798,504869.493437905,504868.9944378515,504868.530999999,504869.536999987,504869.033999993,2.293061156294439,1.586439650597976,2.7989311759199182,1.909879552221078,3.5810280970423105,1.8951457865725392,2.5592041214792496,1.6277553205311124,2.386105545991326
504868.595437799,504869.59343792,504869.0944378595,504868.627999999,504869.633999983,504869.130999991,2.4273602863060444,1.4884492390374724,2.9323841604779752,2.1016616282906404,3.6609743876151644,2.0844822542855153,2.560776982175881,1.821951132569576,2.768202505996129
504868.6954378,504869.693437934,504869.19443786703,504868.740999995,504869.733999998,504869.2374999965,2.278399016261999,1.474681605337938,2.8332843317498955,2.0332564673989997,3.0909344541927326,2.214982049001893,2.1621648873133967,1.8008671350145897,2.6170212000865476
504868.795437803,504869.793437948,504869.2944378755,504868.840999997,504869.830999994,504869.33599999547,1.8412410507125574,1.4197932363120138,2.255965187182075,1.6490122757771175,2.205495872786522,2.0541560291012138,1.5382161878973042,1.566527153107842,2.0407624635363706
504868.895437817,504869.893437963,504869.39443789,504868.937999993,504869.92799999,504869.43299999146,1.261402859150404,1.206785319781892,1.4194897234049941,1.0532234766294786,1.3655728470982633,1.4917591753224824,0.9298759187735177,1.210383682618378,1.4141327295742268
504868.995437832,504869.993437977,504869.4944379045,504869.018999989,504870.039999986,504869.5294999875,0.8147175092702688,0.9329672287785293,0.8561823320657831,0.6119978819935452,0.7997103293693848,0.8545421831967521,0.5492121101605367,0.9269351484996495,0.9861928600979697
504869.095437847,504870.093437991,504869.594437919,504869.147999985,504870.14,504869.6439999925,0.6666998807143479,0.7037005670975081,0.8448942680642249,0.6337076009728833,0.5655250787957159,0.4990520848894038,0.5086510559954065,0.7925663334805915,0.7855020564190498
504869.195437862,504870.193438005,504869.6944379335,504869.248,504870.236999996,504869.742499998,0.7623706065735307,0.536092313527067,1.3082275517025281,1.0398033135346594,0.6909885264663234,0.39714907565281404,0.7809234641670773,0.7037614582203754,0.6420191493174019
504869.295437876,504870.293438019,504869.7944379475,504869.359999996,504870.349999992,504869.85499999404,1.0081535854143309,0.5217381384961701,2.0687449144453267,1.455607517534848,1.3133928679883247,0.34031833685643037,1.2294219165229643,0.6750899167032318,0.46091507476735094
504869.395437891,504870.393438034,504869.8944379625,504869.425999992,504870.447000001,504869.93649999646,1.390874181441565,0.8470869879749233,2.8672895689422835,1.596082337290134,2.476887969185688,0.2874643063249786,1.7866651917161942,0.9089222312932784,0.35659485880504027
504869.495437905,504870.493438032,504869.9944379685,504869.538999988,504870.544000002,504870.041499995,1.7515043146099392,1.4399779570332754,3.244505609383091,1.4022108718756563,3.7086874749715344,0.2727322574987025,2.2649148860654837,1.3333120888993895,0.34569337115237886
504869.59543792,504870.59343803,504870.09443797497,504869.635999984,504870.644,504870.139999992,1.8395554647091474,1.9253116146311031,2.911291683573764,1.0173324156940737,4.299796307906069,0.2644555660421004,2.3943933819601524,1.5819894604188307,0.32187328744708643
504869.695437934,504870.693438028,504870.194437981,504869.735999998,504870.741000001,504870.2384999995,1.6233633049731857,1.9845144352473498,2.149874231584122,0.6164501796685374,4.0792602715992015,0.278911972257691,2.117600824601382,1.4817874293753306,0.27850709545187113
504869.795437949,504870.793438026,504870.2944379875,504869.832999994,504870.838000002,504870.335499998,1.3842811038213247,1.748906374551257,1.6403994845316143,0.3392921642240419,3.527002791205902,0.47195397744388257,1.7090848076602216,1.3495999895784934,0.28800924137518435
504869.895437963,504870.893438024,504870.3944379935,504869.92999999,504870.919000002,504870.424499996,1.5535192392715316,1.8128397862252104,1.9612765436734216,0.31701616472076993,3.242035244256641,1.360067057422334,1.5482692821152293,1.7382011532842436,0.4484486824744034
504869.995437977,504870.993438021,504870.494437999,504870.041999986,504871.047000003,504870.5444999945,2.1317391441291313,2.4205924820816183,2.909632293124346,0.5434471203163428,3.2477470070550307,3.018320080501905,1.672364239992365,2.5543395974673233,0.6874703324941194
504870.095437991,504871.093438019,504870.594438005,504870.138999982,504871.147000001,504870.6429999915,2.6511940323855536,3.094200610484725,3.6826099408253583,0.8208939927255636,3.1310730638411006,4.632197808573463,1.831917469484952,3.083331076063147,0.9333282970861192
504870.195438006,504871.193438017,504870.6944380115,504870.238999996,504871.229000001,504870.7339999985,2.7730668580343423,3.1834567464450694,3.795847474998366,1.0019791584035924,2.7481367489074238,5.267592317740252,1.9635801214408524,2.8482275348367443,1.3757147615024368
504870.29543802,504871.293438015,504870.79443801753,504870.351999992,504871.341000002,504870.84649999696,2.612924783047341,2.6902448972241686,3.444704381560298,1.0847017933790233,2.2999381084832016,4.976223559679758,2.1035146617503595,2.180523594782595,2.1235472675193283
504870.395438034,504871.393438013,504870.89443802345,504870.449000001,504871.454000002,504870.9515000015,2.3804745361222905,2.1856948856318024,2.9626157607610883,1.0718619916811587,1.840639963699803,4.404832735729965,2.0540781700410253,1.7023788262781023,2.8216939551553795
504870.495438032,504871.493438011,504870.9944380215,504870.546000002,504871.554,504871.050000001,2.144635288830585,1.9581829498276284,2.649701554231772,0.9934189191624956,1.521112290067367,3.9689562507786196,1.617046615576787,1.6023138104799313,2.846349920520078
504870.59543803,504871.593438009,504871.0944380195,504870.646,504871.651000001,504871.1485000005,2.3854765125978457,2.2880549375492047,3.2121159181526737,1.2494967490918265,2.709414268746478,4.226265030445675,1.0176653790860208,2.3222907456414577,2.0585090720694286
504870.695438028,504871.693438006,504871.194438017,504870.743000001,504871.732000001,504871.237500001,4.016354946355628,3.956615875963969,5.252140177856045,2.5361366616518404,7.281577283527683,6.23732665941761,0.7557534674874349,5.0442398754640365,1.0670495694764117
504870.795438026,504871.793438004,504871.294438015,504870.840000001,504871.829000002,504871.3345000015,6.9164365173845965,6.915994540712732,8.033493949874792,4.915246643379187,14.356575303691569,9.874120783176842,1.0741967232865621,9.552988916765266,0.6088752781898242
504870.895438023,504871.893438002,504871.3944380125,504870.921000002,504871.942000002,504871.43150000204,9.049867296525948,9.201151370994301,9.42284043824358,6.862081949777098,19.248410874642325,12.473672659017048,1.5476989153022491,12.906313019554606,0.7367691446763722
504870.995438021,504871.993438,504871.4944380105,504871.049000003,504872.042,504871.5455000015,8.446379445234045,8.625919808862367,8.140244722928479,6.7820042391514095,17.90422993498409,11.356056887374631,1.631065105967716,12.145389754916536,0.9861251076871411
504871.095438019,504872.093437998,504871.5944380085,504871.149,504872.139000001,504871.6440000005,5.585941496282937,5.50216751188976,5.372525366797853,4.93244057432367,11.533787699770038,7.146514724250544,1.3226347460969652,7.75666156499159,1.1207997821430735
504871.195438017,504872.193437996,504871.6944380065,504871.231000001,504872.220000002,504871.7255000015,2.7268928396777916,2.3649874491904113,3.1622051057477405,2.961251756954702,4.970815810692618,3.0328345839664075,1.0130387085620287,3.1678561014490207,1.142153200859405
504871.295438015,504872.293437994,504871.7944380045,504871.343000002,504872.349000002,504871.846000002,1.3930776922586205,1.0135565160821023,2.212210444228792,1.960644341963051,1.6639942898184485,1.2149224115300021,0.9821891447352993,0.9210548301131343,1.1760495595981355
504871.395438013,504872.393437992,504871.8944380025,504871.456000002,504872.449,504871.952500001,1.2956164135377934,0.9043460852894275,2.108628983523552,1.6784533983317678,1.3539604381609842,1.0723679774780546,1.2796823938375703,0.6188161666756706,1.3486758650053208
504871.495438011,504872.49343799,504871.9944380005,504871.556,504872.561000001,504872.0585000005,1.6887229179160355,1.038842921410366,2.6801050681650214,1.6179053761687763,2.446878848037476,1.214870393194492,1.9219232308827965,0.9235015596914756,1.6657559457778803
504871.595438009,504872.593437988,504872.0944379985,504871.653000001,504872.642999996,504872.14799999853,2.3265762701932826,1.2974499943042015,3.7090285398682505,1.852082335165795,4.206646902123557,1.2398167250474332,2.884556458084001,1.4715286301456132,1.9515005768074107
504871.695438006,504872.693437998,504872.194438002,504871.734000001,504872.739999987,504872.236999994,2.8332376368478576,1.558092577052957,4.310654652959278,2.2165401630914916,5.692580270835903,1.2306448841326865,3.737858201559193,1.9613190619254603,1.9582112832258927
504871.795438004,504872.793438013,504872.2944380085,504871.831000002,504872.851999983,504872.34149999253,2.7996594325726516,1.5833634666787528,3.7151528515687335,2.264712449346314,5.81155574624214,1.429690791664595,3.829075836339171,2.0607609700066374,1.7029633487348683
504871.895438002,504872.893438028,504872.394438015,504871.944000002,504872.951999998,504872.448,2.3954792275987504,1.4559726427029411,2.5443651978912007,2.011741552291079,4.707883504770669,1.8520718978097928,3.2518781413489384,1.8192275471459636,1.5206933368294209
504871.995438,504872.993438043,504872.4944380215,504872.044,504873.033999993,504872.5389999965,2.2231485952310837,1.5717390755213538,2.3913153094847956,1.8608841211701461,3.7923154383962956,2.1680177992625635,2.8426980619036453,1.5270341397319553,1.631184816377915
504872.095437998,504873.093438058,504872.594438028,504872.141000001,504873.130999989,504872.635999995,2.4182980343188087,2.003240283441916,3.4707300475122116,1.8892686296777033,3.8852204658421514,2.059735890281621,2.95650624646598,1.314528342495353,1.7671543688335334
504872.195437996,504873.193438073,504872.6944380345,504872.222000002,504873.227999985,504872.72499999346,2.5180102852866755,2.2743101267942274,4.351529887634755,1.8768769416234143,4.285468976055536,1.5845576184073704,3.0947938762657063,1.061885690266114,1.6146591652462805
504872.295437994,504873.293438087,504872.79443804047,504872.351000002,504873.328,504872.839500001,2.2301335278194254,2.0626133681024963,4.060039218554712,1.8296652886643239,3.936716153227567,1.1779914526358286,2.8272226643172433,0.7272386151038095,1.2195814619494225
504872.395437992,504873.393438102,504872.89443804696,504872.451,504873.439999996,504872.945499998,1.7189455508360623,1.550848750038978,2.9621801905557783,1.877257806911713,2.6862905564790505,1.1045300298771736,2.292618474491078,0.4470970538712372,0.8307415444634885
504872.49543799,504873.493438117,504872.99443805346,504872.563000001,504873.536999992,504873.0499999965,1.3629294647375418,1.177586033593229,2.121012226555763,2.0100561729544304,1.4788993489653746,1.1774217074573459,1.9738478290508126,0.3539903167549566,0.6106220825684225
504872.595437988,504873.593438131,504873.0944380595,504872.644999996,504873.633999988,504873.139499992,1.2214959472763525,1.1392703175499908,1.9021715696685686,1.9177193916320643,0.9234378034711301,1.0932090229408744,1.8237655481170627,0.39627318562081637,0.5761207392103128
504872.695437998,504873.693438146,504873.194438072,504872.741999987,504873.730999984,504873.2364999855,1.2228105131275924,1.5183278478221283,1.816090513999053,1.5016739538045338,0.9981323635078814,0.8787375702456166,1.6581635439880023,0.6414641222027468,0.7698941894507764
504872.795438013,504873.79343816,504873.29443808645,504872.853999983,504873.830999998,504873.3424999905,1.5471895846108628,2.356057011688325,1.7536357982545026,1.0771560592570129,2.0546775689495123,0.7076742304368113,1.9125666552292304,1.1978831151102287,1.3178662379612782
504872.895438028,504873.893438175,504873.39443810144,504872.953999998,504873.927999994,504873.44099999603,2.3216204428764122,3.4370133860754915,2.053602090403565,0.9819565017433857,4.235075659130316,0.7999749839518068,2.8997894602808376,1.9106153422795609,2.2549361191463375
504872.995438043,504873.993438189,504873.494438116,504873.035999994,504874.02499999,504873.530499992,3.165749941127,4.1936537702671615,2.527562104082638,1.185204424732564,6.566271978893653,1.1331558621860542,4.095913257226465,2.4286946849289146,3.1955434466985473
504873.095438058,504874.093438204,504873.594438131,504873.13299999,504874.153999986,504873.643499988,3.622562486777534,4.214926917607454,2.8190319071442755,1.6398937110270921,7.67109820409323,1.433461939338993,4.8746668333012195,2.554700478252314,3.772719903455691
504873.195438073,504874.193438218,504873.6944381455,504873.229999986,504874.234999982,504873.732499984,3.861791885649534,3.684330671280817,3.2325338511150394,2.668031013159817,7.5124055437714965,1.5962526409944142,5.660189861145959,2.4165699182022378,4.12402158552649
504873.295438088,504874.293438232,504873.79443816,504873.341999981,504874.334999997,504873.838499989,4.259441344351465,2.95167445206069,4.25445451721171,4.3257513362546005,7.045840803762607,1.6880331191361733,7.019928021409033,2.171275931337861,4.618572573639046
504873.395438102,504874.393438246,504873.894438174,504873.441999996,504874.431999993,504873.9369999945,4.89890956473201,2.290959854720029,5.952776037629851,6.22121549436117,7.0327536900088035,1.8574727362591572,8.68684022740033,1.9549763012777142,5.194282176199026
504873.495438117,504874.49343826,504873.9944381885,504873.538999992,504874.528999989,504874.0339999905,5.433638207395334,1.8856951857356496,7.624439477501975,7.654815788102643,7.272213902377313,2.1053355439798516,9.684202264404384,1.8615639878267753,5.380839509234085
504873.595438132,504874.593438274,504874.094438203,504873.635999988,504874.641999985,504874.13899998646,5.377311778629543,1.7903871284384496,8.067021779418669,7.759720460914428,7.045987919125838,2.2592290946283793,9.19859487815031,2.0065824459419437,4.890970522418325
504873.695438146,504874.693438288,504874.194438217,504873.732999984,504874.741999999,504874.2374999915,4.585679740043458,1.8928978213600556,6.788694112247354,6.312423590840579,5.934242010441183,2.182633935799082,7.271738756859044,2.375257605159606,3.927550087640763
504873.795438161,504874.793438302,504874.2944382315,504873.832999999,504874.838999995,504874.335999997,3.361071009238503,1.960330901639313,4.389965571616578,3.976873078997183,4.381025169908319,1.9441251565998283,4.684821405045028,2.690189696378025,2.861237093723752
504873.895438175,504874.893438302,504874.39443823847,504873.929999995,504874.936000009,504874.433000002,2.1685435035691842,1.7844010343655345,2.0830929996706997,1.9053275251717186,3.0356006660001658,1.694503064434512,2.3429373923493277,2.619792275168381,1.8826930713931351
504873.995438189,504874.993438289,504874.494438239,504874.026999991,504875.048000013,504874.53750000196,1.3998580016307431,1.341448419080618,0.7842574437639347,0.8654479514908747,2.2858148187389227,1.530339669578476,1.0186424737059885,2.1316509562011383,1.241262280485992
504874.095438204,504875.093438275,504874.59443823947,504874.155999987,504875.130000016,504874.6430000015,1.16760001698744,0.928816698513788,0.5402620007154528,0.7806583146165097,2.0648710063964724,1.4408919028615883,0.8135030938259522,1.584274255808299,1.1875228631614574
504874.195438218,504875.193438261,504874.6944382395,504874.236999983,504875.230000003,504874.733499993,1.2072116676096556,0.9075794093483115,0.6528221133959923,0.9544802720415453,1.8802888308777645,1.2542081406068408,1.0596421935368672,1.4166479078309535,1.5320244732389687
504874.295438232,504875.293438248,504874.79443824,504874.336999997,504875.327000007,504874.832000002,1.262371335446908,1.3435151694839973,0.6885695147684238,1.0109471077765235,1.5432080458117865,0.9779516979678629,1.1639348709559831,1.6570449820100723,1.7137992948006144
504874.395438246,504875.393438234,504874.89443824,504874.433999993,504875.43900001,504874.9365000015,1.1460076432252737,1.7336975314936847,0.5838312080247413,0.8579748606614304,1.094233524319466,0.6087683866094703,1.0568028085180263,1.747846925385971,1.4849059007894003
504874.495438261,504875.493438221,504874.994438241,504874.530999989,504875.536000014,504875.03350000153,0.9349690779626993,1.7424125228562024,0.464014425113954,0.5763150978310914,0.7550985786984491,0.3989383961277815,0.9614501481927027,1.4851648610682329,1.0963585938131803
504874.595438275,504875.593438207,504875.094438241,504874.643999985,504875.636000001,504875.139999993,0.8007270504132646,1.4324362312336025,0.4508365611996561,0.3726548992631311,0.6619523064387699,0.43689095870458894,1.135247168450944,1.0249466987819946,0.8908515792334302
504874.695438289,504875.693438194,504875.19443824154,504874.743999999,504875.749000004,504875.2465000015,0.7840962607219489,1.0732672036712616,0.5349913331233398,0.33203160071447274,0.7529838920348819,0.6051905608178179,1.409948879364309,0.6710808807240919,0.8932757353254165
504874.795438303,504875.79343818,504875.2944382415,504874.840999995,504875.846000008,504875.3435000015,0.7881778614777682,0.7996999119877827,0.6490222209377448,0.3497189023723782,0.8920621488356388,0.7831461268178641,1.4525440659346363,0.48548756114880676,0.8937419537872948
504874.895438302,504875.893438167,504875.3944382345,504874.938000009,504875.943000012,504875.4405000105,0.7645275519645768,0.5946999999215088,0.7565289092202211,0.3362773987834424,1.1055575829220876,0.8940222124873329,1.2438244538909,0.3745752947859688,0.8107345637051521
504874.995438288,504875.993438154,504875.494438221,504875.050000012,504876.040000015,504875.5450000135,0.9187979117995612,0.6040293226264359,0.9979914431073298,0.4739947668947376,1.6065428368972061,1.0651282472854102,1.2334986497889004,0.4166129330025637,0.9525850947939057
504875.095438275,504876.093438141,504875.59443820803,504875.132000016,504876.140000002,504875.636000009,1.6196001446014796,1.0595912968626051,1.6651693389923958,1.1503890370752012,2.7713583486944318,1.5432190695349597,2.035514070079678,0.8825127914905466,1.8490472040820194
504875.195438261,504876.193438127,504875.69443819404,504875.232000002,504876.221000006,504875.726500004,3.0327281535629793,2.0707374190521213,3.012335667851376,2.489203621978936,5.267950786779064,2.359053206083529,3.5875187761230696,2.006967379329888,3.4680583713058493
504875.295438247,504876.293438114,504875.7944381805,504875.329000006,504876.334000009,504875.83150000754,4.53154101040052,3.22044700673351,4.620293316862201,3.784995531838745,8.493824994485074,3.0862010797513983,4.882794326211938,3.298429059593048,4.865342767728246
504875.395438234,504876.393438101,504875.89443816745,504875.44100001,504876.431000007,504875.9360000085,5.0870934530486736,3.66150129348994,5.5024284339355995,4.22569041939881,10.361129696347929,3.1136665207023286,5.011572679464894,3.8051477862102474,5.015610794839638
504875.49543822,504876.493438095,504875.99443815753,504875.538000014,504876.531,504876.03450000705,4.436815076353359,3.0745217982904616,5.223732804247987,3.8318848782954076,9.477301199356756,2.4257385514106544,4.13126900189497,3.193422859414361,4.136649517916277
504875.595438207,504876.593438105,504876.094438156,504875.638,504876.627999997,504876.1329999985,3.2813280632462885,2.0256895901966105,4.2760571404078895,3.3071435280379555,6.7014295339732115,1.5586800843493935,3.080362870689785,2.1268916492208207,3.174370109094644
504875.695438193,504876.693438115,504876.194438154,504875.751000004,504876.724999994,504876.23799999896,2.380711125971157,1.238974953052547,3.328356838864391,2.993733583355045,4.0818900213509295,1.0046167695909018,2.443240888536628,1.3670024168339434,2.5878735361848664
504875.79543818,504876.793438126,504876.294438153,504875.848000008,504876.836999991,504876.34249999945,1.749025212463405,0.8657298758156926,2.4393017045827636,2.5241075762201683,2.5209211757780032,0.7295520652857204,1.9465857750707825,0.9719553581752165,1.9940481687788936
504875.895438167,504876.893438136,504876.3944381515,504875.945000011,504876.933999989,504876.4395,1.1551094663855523,0.8128397003302091,1.4709781635714054,1.7127500395403905,1.5153869480374267,0.5364299855550431,1.3052695773613592,0.6879444689803821,1.1992768477082016
504875.995438154,504876.993438146,504876.49443814997,504876.042000015,504877.033999999,504876.538000007,0.735581091107997,1.12956388543041,0.6942112167716076,0.9369204572756985,0.7992831769099491,0.3832121878148669,0.7388474835410539,0.5530849266670255,0.6495253944533643
504876.09543814,504877.093438156,504876.59443814796,504876.142000002,504877.146999996,504876.644499999,0.6403030912890355,1.633762910553991,0.40256292947162786,0.5195357628846646,0.569098853990971,0.3247954298863092,0.409649078943796,0.6257561340777054,0.6372636305032191
504876.195438127,504877.193438166,504876.6944381465,504876.223000006,504877.243999993,504876.7334999995,0.6700733673598909,1.882408819526512,0.45669037465050866,0.3380961504197738,0.6344416269023272,0.2884734439852086,0.25998202479650967,0.7176804632029342,0.7828140353953521
504876.295438114,504877.293438176,504876.794438145,504876.336000009,504877.34099999,504876.8384999995,0.7060017326168487,1.6806809899047577,0.7317925820063601,0.3489763602168074,0.6712278406710876,0.30052276424806107,0.32839137080309855,0.6532445819636215,0.9331773711209956
504876.395438101,504877.393438186,504876.89443814347,504876.433000006,504877.437999988,504876.935499997,0.826773640873786,1.3305059309865386,1.208722419161451,0.5571358062352929,0.7161886552798155,0.47689407353541885,0.6263095690921464,0.5601381776635297,1.1382944950360958
504876.495438095,504877.493438197,504876.994438146,504876.529999987,504877.537999998,504877.03399999253,1.0521090797564658,1.1332414535476198,1.6898816521978732,0.8356342371658511,0.8676995427374105,0.8967121027232001,1.0342917479863778,0.5732825810189913,1.386129320674402
504876.595438105,504877.593438206,504877.09443815553,504876.629999997,504877.634999995,504877.132499996,1.4046586860236951,1.090997124206819,2.1367448025554285,1.1474546390325095,1.2817491895531048,1.6566945397261232,1.5940963167266078,0.705399751463768,1.6241331249252002
504876.695438116,504877.693438216,504877.194438166,504876.726999994,504877.747999992,504877.237499993,1.906860108682515,1.2192920262451465,2.679246757218208,1.471756487342916,2.0549157175350294,2.7017137407032825,2.358482177129103,0.9672017756389881,1.802272187647447
504876.795438126,504877.793438226,504877.294438176,504876.838999992,504877.844999989,504877.3419999905,2.4686311323627885,1.6577231786440352,3.3098744102461484,1.6833808264000063,3.1606958957567395,3.7259918804052163,3.0022141876646735,1.4071535263889752,1.8020151533965127
504876.895438136,504877.893438236,504877.39443818596,504876.935999989,504877.944999999,504877.440499994,2.877120930714213,2.2315189846443584,3.6080268512878964,1.705990879234118,4.338977064490875,4.410871465127375,3.043682099800222,2.0745249099401013,1.603375191188757
504876.995438146,504877.993438246,504877.494438196,504877.035999999,504878.041999996,504877.5389999975,2.9058992470898577,2.4816593810883463,3.1848337637584385,1.580500305575917,5.031955920065287,4.541541049475217,2.4046852809363117,2.764870771367584,1.2571475044517577
504877.095438156,504878.093438256,504877.594438206,504877.148999996,504878.138999994,504877.64399999497,2.5848525736241665,2.2557841357969233,2.316190105635527,1.5265218470172603,4.7209190909595415,4.054166151621536,1.7133338771699538,3.032069249759729,1.059836131032861
504877.195438167,504878.193438266,504877.6944382165,504877.245999993,504878.235999991,504877.740999992,2.229929777573428,1.850412916232885,1.750172925476406,1.761579228997205,3.6405930922270286,3.2263028891993373,1.6802011744221264,2.676234040774334,1.2539419532581033
504877.295438177,504878.293438275,504877.79443822603,504877.342999991,504878.347999988,504877.84549998946,2.018932015641878,1.5490062818588402,1.8269493483321888,2.1265965757830947,2.4751835328413936,2.4108504750135444,2.218181263619176,1.9102880202442112,1.6344006274425733
504877.395438187,504878.393438285,504877.894438236,504877.439999988,504878.447999998,504877.94399999303,1.978604410052721,1.3160159952013575,2.3734096193141183,2.437684433753842,1.8351251739502148,1.9262298245733986,2.749716337876775,1.2177936571130576,1.9728602386390028
504877.495438197,504878.493438295,504877.994438246,504877.539999998,504878.544999995,504878.0424999965,2.2577236203602653,1.1282308028334258,3.211067116664963,2.948267839075564,1.9278386718055303,2.081916095203434,3.2155390327026723,1.0573017745098106,2.491627630086723
504877.595438207,504878.593438304,504878.0944382555,504877.636999995,504878.641999993,504878.139499994,3.0235443703608738,1.1772712578802675,4.332970438497405,4.017800366097427,2.536916056437886,2.9603295033032104,4.116066664989045,1.50004841360372,3.5469522620780296
504877.695438217,504878.693438314,504878.1944382655,504877.749999992,504878.73899999,504878.244499991,4.0228554835596055,1.621488922374133,5.471021751729973,5.364437996207721,3.1994098932676565,4.052214880023549,5.458943188158676,2.1997447865660646,4.815582450149068
504877.795438227,504878.793438323,504878.29443827504,504877.84699999,504878.839,504878.342999995,4.6857383414869895,2.4495830153447797,5.981285819019227,6.038591738147149,3.611613079198216,4.876834431324659,6.294266943070423,2.8961472653054443,5.337584440486015
504877.895438236,504878.89343834,504878.394438288,504877.946999999,504878.935999995,504878.441499997,4.557671308632701,3.3204700928577404,5.447489988828016,5.335856349422009,3.51384634302503,5.024398546185294,5.782480847788584,3.313570455333577,4.723257845621358
504877.995438246,504878.993438356,504878.49443830096,504878.043999997,504879.04899999,504878.54649999354,4.059184381675072,4.019096192415192,4.707996611509031,3.923454119053183,3.542130157051506,4.701622232791629,4.453389997908419,3.5755484378169937,3.5502373048546216
504878.095438256,504879.093438373,504878.5944383145,504878.140999994,504879.145999986,504878.64349999,3.5918168008977087,4.148364606726392,4.450547814680599,2.8245511720859535,3.8731633977794053,4.111465522141334,3.2809751350568432,3.5671688474471073,2.4782979112640393
504878.195438266,504879.193438389,504878.69443832745,504878.237999991,504879.242999981,504878.740499986,3.1557975410539107,3.493901214603801,4.487005950758362,2.4248854822171397,3.8550112285475673,3.4413625485691197,2.662769728913213,3.0413343628365865,1.840109811985495
504878.295438275,504879.293438405,504878.79443834,504878.349999989,504879.342999997,504878.846499993,2.6452929164578407,2.3312308776717936,4.358864560125797,2.5106364974029867,2.98903927729082,3.0657725524584087,2.287683449037467,2.0676664116394186,1.551449706036033
504878.395438285,504879.393438422,504878.8944383535,504878.449999998,504879.439999993,504878.9449999955,2.2670732487730256,1.3865385494398654,4.202844068792568,2.880942093543807,1.7821107559247293,3.181439560836747,2.0421725849489896,1.1959735437528338,1.464564832944665
504878.495438295,504879.493438438,504878.9944383665,504878.546999996,504879.552999988,504879.049999992,2.542659877320887,1.25849676634764,4.895560667904775,3.7323900992193044,1.4224344574664352,3.6730614475920356,2.587734294636159,1.01229743099567,1.7593038544050785
504878.595438304,504879.593438454,504879.094438379,504878.643999993,504879.649999984,504879.1469999885,4.00135693018938,2.0440114338700885,7.278791613262817,5.638127866567505,2.848321291166817,4.344250972904437,4.929163914608807,1.722003877119497,3.2061844720150714
504878.695438314,504879.69343847,504879.194438392,504878.74099999,504879.75,504879.245499995,6.577557693459643,3.300580159433824,10.868434680530735,8.795345268596877,5.808356844738082,5.196649477934353,9.167347031377647,3.0667311980290783,6.4170168870365485
504878.795438324,504879.793438486,504879.29443840496,504878.841,504879.830999996,504879.33599999803,9.23842627391113,4.260316291400046,13.894287972947334,12.201250929027928,8.963361351608896,6.146000877358005,13.708912456590028,4.403899629362047,10.32938068299476
504878.89543834,504879.893438502,504879.394438421,504878.937999995,504879.943999991,504879.440999993,10.413302405702007,4.225741087605574,14.549491783705095,13.855858317091002,10.599861385519903,6.676260485906514,15.931689519300186,4.9377555505886,12.529761115899179
504878.995438357,504879.993438518,504879.4944384375,504879.05099999,504880.040999987,504879.5459999885,9.220927081420477,3.1453954884931656,12.322501546399144,12.380629516763832,9.732096591190263,6.208632543390453,14.274069615649331,4.251473793069405,11.452617556408212
504879.095438373,504880.093438534,504879.5944384535,504879.147999986,504880.137999982,504879.642999984,6.47704210444486,1.7502857240985656,8.672316984215929,8.677248047028456,7.0602621361683315,4.928196850311513,9.941834018422599,2.8071568705986487,7.979036204714836
504879.195438389,504880.19343855,504879.6944384695,504879.244999981,504880.237999998,504879.7414999895,3.8263320933945577,0.7906075853744193,5.454732035311715,5.047470293225031,4.184333405850042,3.5077583296412342,5.641840022989671,1.4654045184657258,4.518510556298623
504879.295438406,504880.293438565,504879.7944384855,504879.344999998,504880.334999994,504879.839999996,2.3232274689553587,0.45622096472205564,3.47332206340211,3.117300962911371,2.2479017164928914,2.6069854143051585,3.158852010982071,0.8137112481607979,2.711525370666415
504879.395438422,504880.393438581,504879.8944385015,504879.441999993,504880.431999995,504879.936999994,2.223932976582896,0.7504191397075038,2.8626947298705097,3.204658958441148,1.666115358713538,2.6794409216807242,2.754812267118753,1.110884764224752,2.762437672906241
504879.495438438,504880.493438589,504879.99443851353,504879.554999989,504880.528999994,504880.0419999915,3.022723960185509,1.4833430638156164,3.1850102045144477,4.508377488637779,2.0985111509752192,3.356609126885016,3.5482966455160017,2.0498997028343187,3.9517442983056754
504879.595438454,504880.593438595,504880.0944385245,504879.651999984,504880.640999992,504880.14649998804,3.659432757273408,2.1373747277053483,3.4900417346522086,5.567554509348653,2.5754440790391646,3.6063863964415805,4.147071526321551,2.7788574565837285,4.972731628095031
504879.69543847,504880.693438602,504880.19443853595,504879.73299998,504880.740999999,504880.2369999895,3.503272881973992,2.2319658958366233,3.1456715864071247,5.390463108290304,2.67311019100927,3.04936310447195,3.7754296230977937,2.7895832666815368,4.970596279997333
504879.795438486,504880.793438608,504880.294438547,504879.832999996,504880.837999997,504880.33549999655,2.9696725252009495,2.059427489584862,2.274282861824326,4.000909181764234,3.4278946790066316,2.670452673344342,2.58001714038015,2.7806942958525718,3.9637018798504786
504879.895438502,504880.893438614,504880.394438558,504879.945999991,504880.950999995,504880.44849999296,2.7693232816822637,2.2813749253238416,1.5942301707880242,2.3075543937447547,5.260169428493128,3.2807136207221888,1.375437203528476,3.4877117295824975,2.5673947812751976
504879.995438518,504880.993438621,504880.4944385695,504880.042999987,504881.031999993,504880.53749999,3.0636933441823295,2.988203478379396,1.5317222142830387,1.3591256812895782,7.263445949340231,4.363255823766426,0.8603116902637685,4.713629323777809,1.4298525923583885
504880.095438534,504881.093438627,504880.5944385805,504880.139999983,504881.132,504880.6359999915,3.9382961263552154,3.906798557988115,2.380461102426909,2.2013733235485784,8.789475472381042,5.3751962180510455,1.5666505163674818,5.95146954618854,1.3349442738900101
504880.19543855,504881.193438633,504880.6944385915,504880.239999998,504881.228999998,504880.73449999804,5.321520024784816,4.549080086291844,4.015938923271072,4.887164577848899,9.616974077537465,6.269270718666034,3.613989268742384,6.776221995812536,2.8435205501082867
504880.295438566,504881.29343864,504880.794438603,504880.336999994,504881.341999996,504880.839499995,6.824180559244047,4.684562707686245,5.841019298092453,8.174807871235732,9.824183648356435,7.089514740889197,6.445894509936048,7.095968967348071,5.437492730408186
504880.395438581,504881.393438646,504880.8944386135,504880.433999995,504881.438999994,504880.9364999945,7.534609982345,4.2085079129026886,6.868976691889502,10.153620769181817,9.06569313251402,7.250558982471104,8.586244669988254,6.7729740612790446,7.3703036385335645
504880.495438589,504881.493438652,504880.9944386205,504880.530999994,504881.550999993,504881.0409999935,6.810629293153835,3.2530054877513845,6.492597435643656,9.789704030167767,7.116201890903655,6.284304499892574,8.715203521452793,5.725435310586327,7.108582168832523
504880.595438595,504881.593438658,504881.0944386265,504880.642999992,504881.650999999,504881.1469999955,5.050375661890729,2.170228427419859,5.04472870505078,7.754459497208698,4.58702475859766,4.594593626599545,6.958874190725923,4.257037756241241,5.036058333282127
504880.695438602,504881.693438665,504881.1944386335,504880.742999999,504881.747999997,504881.245499998,3.433307738493613,1.528795968409033,3.5409328754197475,5.5631340776989475,2.8578406410275816,3.263482830616008,4.651520594232293,3.149953327235669,2.9108015933096243
504880.795438608,504881.793438671,504881.2944386395,504880.839999997,504881.844999995,504881.342499996,2.3394339893327123,1.2543578469541954,2.3677194397740275,3.776677910063787,1.8357706240031735,2.3204261965793087,2.847429144464276,2.4227307933913567,1.8903599594315743
504880.895438614,504881.893438677,504881.3944386455,504880.952999995,504881.941999994,504881.4474999945,1.7010254708125085,1.187036294108345,1.5875693784362828,2.3651128770123133,1.5278691347567153,1.5417677202128437,1.7736101719556285,1.973351652080123,1.6518865379378171
504880.995438621,504881.993438683,504881.49443865195,504881.033999993,504882.042,504881.5379999965,1.3156244002941397,1.2026020195660987,1.1681195723145206,1.2809651446436776,1.7467019307387852,0.8978337205827231,1.1759596902342606,1.6044136380450003,1.4483994862280518
504881.095438627,504882.093438689,504881.594438658,504881.134,504882.154999998,504881.644499999,1.0636145771555336,1.1353399048840822,1.0378655304810713,0.6768609350924668,1.9361050748328719,0.5291696915157142,0.8309981668445064,1.175197261458965,1.1873800521345916
504881.195438633,504882.193438695,504881.694438664,504881.230999998,504882.220999996,504881.725999997,0.9456126781463818,1.079252349277311,0.9745370981986642,0.5227489717625293,1.781695125088497,0.6746355262951846,0.5989706523052754,0.8884678512380455,1.0445938510055477
504881.29543864,504882.293438702,504881.794438671,504881.343999996,504882.332999995,504881.83849999553,1.4420016095907164,1.8850011849278032,1.007838157813946,0.8404289443088022,2.111612134048891,2.294911949798869,0.4639773384486638,1.8533378631089583,1.0789053042697982
504881.395438646,504882.393438708,504881.894438677,504881.440999994,504882.429999993,504881.9354999935,3.246331510375118,4.399962929210739,1.6416616517241687,2.153100906452177,4.2293927704398975,6.552916654745632,0.5277252070113309,5.2492088889384565,1.2166830744785395
504881.495438652,504882.493438714,504881.99443868303,504881.552999993,504882.529999999,504882.041499996,5.763028247805526,7.576811338234828,2.869427903182902,4.3830113448769765,7.420594327801863,11.81292698807794,0.8826889581160209,9.77138920403331,1.3873759181203642
504881.595438659,504882.593438717,504882.094438688,504881.652999999,504882.626999999,504882.13999999897,7.227046846969829,8.979592423174111,3.8336350842937406,6.295610676772284,9.221228823427348,14.23543049778917,1.422988116571505,12.182088636688396,1.6458005170420709
504881.695438665,504882.69343872,504882.19443869253,504881.749999997,504882.723999998,504882.2369999975,6.438871655462222,7.324423672770787,3.745874716053993,6.448907720629783,8.010974732284785,11.820886157856911,1.8262057342236357,10.459315379676436,1.8743851302014471
504881.795438671,504882.793438722,504882.29443869647,504881.846999995,504882.820999997,504882.333999996,4.125521488157749,3.9999613124677404,2.887281974602715,4.773494974662418,4.974024655909416,6.669031573769347,1.8624577146500687,6.055154431574452,1.7827652676258317
504881.895438677,504882.893438725,504882.394438701,504881.943999994,504882.921,504882.43249999697,2.1865976635966704,1.4473796713545495,2.280005442213132,2.8320287031524116,2.6590354997439,2.635313287849191,1.8207671824696003,2.354892748386852,1.4633587736037268
504881.995438683,504882.993438727,504882.49443870503,504882.044,504883.033999999,504882.5389999995,1.723154675596286,0.6714287264703773,2.641144540626223,2.198238845180344,2.3120377878799805,1.2718135064969365,2.2013995424996327,1.1374284374809176,1.3517460181358767
504882.095438689,504883.09343873,504882.5944387095,504882.156999998,504883.130999999,504882.6439999985,2.3635116619656675,0.9208191792896252,3.760806295826205,3.118367231164414,3.169160879218824,1.3296293961958765,3.147201569433135,1.5418082388739052,1.9203005057233549
504882.195438696,504883.193438732,504882.694438714,504882.222999997,504883.243999998,504882.7334999975,3.884703342508141,1.5573144438389555,5.593397394527074,5.74914829595984,4.607040945616186,2.124948338008927,5.060618000570418,2.465732680861449,3.9194266406822797
504882.295438702,504883.293438735,504882.79443871847,504882.334999995,504883.340999997,504882.83799999603,6.667043383143484,2.741194588994098,8.760872775652928,10.393672119066508,7.235580340173102,4.267904228727202,8.52663073107291,3.9185586119055054,7.491933669555619
504882.395438708,504883.393438737,504882.8944387225,504882.431999993,504883.441,504882.93649999646,9.617281086074831,3.941267444503052,12.344774124627772,15.10871006196685,9.980678392666956,6.792271445194668,12.600160857631305,5.300514348342249,10.869872013665795
504882.495438714,504883.49343874,504882.99443872704,504882.531999999,504883.552999999,504883.04249999905,10.902140932614149,4.396032824326499,14.457614635420935,17.039826014118553,11.138736274526657,7.983182216972658,14.885698259902547,5.738074765551614,11.57796247009372
504882.595438717,504883.593438742,504883.09443872946,504882.628999999,504883.634999998,504883.13199999847,9.633460853134832,3.9103872473194574,13.679261476789616,15.047319090043512,9.726416765612038,7.068651684241456,13.679212204706845,4.96384402432851,8.992594332037209
504882.69543872,504883.693438745,504883.19443873246,504882.725999998,504883.746999998,504883.236499998,6.930817565233528,3.0848134307710087,10.581607556389308,11.003278048287171,6.6905806399284495,5.103806702989419,9.923695001938137,3.7835264137579405,5.275232727806793
504882.795438722,504883.793438747,504883.29443873453,504882.822999997,504883.843999997,504883.33349999704,4.652164989475269,2.5329307444340676,7.14228928494034,7.645485189250369,3.897130401455363,3.6639184111083867,6.139220612797966,3.0986821499113564,3.0976631219043016
504882.895438725,504883.89343875,504883.39443873754,504882.935999997,504883.943999999,504883.439999998,3.5564564434534836,2.2670430235657815,4.763876822868184,5.956341567437071,2.238815096532823,3.289129416776266,3.9028509073952504,2.9147488045831498,3.1188459084693427
504882.995438727,504883.993438752,504883.4944387395,504883.035999999,504884.056999999,504883.546499999,3.618237941998985,2.53465550170922,3.8375390766204265,5.469942405483435,2.569593753999217,3.801438950679668,3.3087429164380007,3.4195991580555107,4.0043917730064065
504883.09543873,504884.093438755,504883.5944387425,504883.132999999,504884.153999998,504883.6434999985,4.63770717616653,3.7207934430072225,4.175636470931985,5.8220979090697575,5.424424000894879,4.814130278254186,3.8493582883503468,4.93423043001374,4.3609865888101265
504883.195438732,504884.193438757,504883.69443874445,504883.245999998,504884.250999997,504883.74849999754,6.108145922206779,5.513018273652627,5.237812674812206,6.695941817428128,9.911016933198875,5.761766462928298,4.885188948272088,7.05766331500061,3.8027589523613994
504883.295438735,504884.29343876,504883.79443874746,504883.342999997,504884.351,504883.84699999855,6.820493701732298,6.4871187916006345,5.837824679597103,7.013773244543165,12.813141107878272,5.700629750137175,5.501858150824949,8.125981214529112,3.0836226747479696
504883.395438737,504884.393438762,504883.8944387495,504883.443,504884.431999999,504883.93749999953,6.301603548518825,5.83157850282262,5.536248170755646,6.259369175210674,12.070462017281342,4.590077890683865,5.480805425175824,7.106443205971954,3.5378440002486813
504883.49543874,504884.493438765,504883.99443875253,504883.554999999,504884.544999998,504884.04999999853,5.684893382042846,4.887272931190513,5.618347848311581,5.460698394669085,9.486847844874717,3.7490307601980044,5.622802315358955,5.311763418165991,5.342383543573916
504883.595438742,504884.593438767,504884.0944387545,504883.636999998,504884.657999995,504884.14749999647,6.167089695264739,5.264692733314632,7.421007969086237,5.82054103972913,8.036318854185247,4.368217211985697,6.664824703429442,4.647392670017043,7.11372238037049
504883.695438745,504884.693438773,504884.194438759,504883.748999998,504884.754999988,504884.251999993,7.474316677741209,6.566242650027636,10.480528734113022,7.322848271695623,8.317755565160809,6.010084903530988,8.288456349719727,5.192020767491185,7.616596180190683
504883.795438747,504884.793438783,504884.294438765,504883.845999997,504884.854999998,504884.3504999975,7.970939809967988,6.8055801110103715,12.254029626807597,8.366207993191114,8.201916763302279,6.89947180864958,9.08495571165031,5.3158236325811075,6.839532832551546
504883.89543875,504884.893438792,504884.39443877095,504883.945999999,504884.919999995,504884.432999997,6.735295772159567,5.173787809048379,10.868771065140795,7.663929007637021,6.419347226263557,6.081947703088484,8.030955356618694,4.223408590290537,5.420219419189072
504883.995438752,504884.993438802,504884.494438777,504884.058999999,504885.032999993,504884.545999996,4.410894812845837,2.7975205652612494,7.11786932739736,5.472530943231164,3.7724936019538733,4.119281356785734,5.5984384479179745,2.602094454514864,3.8069298057044714
504884.095438755,504885.093438812,504884.5944387835,504884.155999998,504885.12999999,504884.642999994,2.2881790105073416,1.2148043940390065,3.376101735731856,3.013734133934628,1.7192120742372428,2.2284630659200575,3.0978716863531384,1.4637021607485696,2.1915428330942337
504884.195438757,504885.193438822,504884.6944387895,504884.252999997,504885.23,504884.7414999985,1.0691225238986293,0.7141276363867397,1.1378147059896975,1.2728549715943216,0.8223564809037887,1.0940752742106588,1.44998585643118,1.0367379192143344,1.0250273464583142
504884.29543876,504885.293438831,504884.79443879554,504884.353,504885.357999997,504884.8554999985,0.6487535896331398,0.659802587579203,0.317340240078676,0.4926767597056694,0.805596062719282,0.6757873754384125,0.7231996712981361,0.9136009827126162,0.6020250375331228
504884.395438762,504885.393438841,504884.89443880145,504884.433999999,504885.423999994,504884.9289999965,0.6105608903035169,0.6087067233456627,0.23231923648168987,0.36843792597193875,1.0599969137038125,0.7155704173405932,0.48985693622311244,0.7680825746731816,0.6415163946881435
504884.495438765,504885.49343885,504884.9944388075,504884.546999999,504885.520999992,504885.03399999544,0.7392487677775413,0.560105930936233,0.48200628688416763,0.6714726862302506,1.1514318370722656,0.9995823017337175,0.5011555714078647,0.6692629711182916,0.8789725568375402
504884.595438767,504885.59343886,504885.0944388135,504884.659999995,504885.648999989,504885.15449999203,1.1179898894948188,0.5952475926749976,1.1361190676932054,1.4222136438289814,1.0710204571882755,1.4206631465555657,0.8407299477206432,0.8537546180534249,1.6041706422434556
504884.695438773,504885.693438869,504885.19443882105,504884.756999988,504885.748999998,504885.252999993,1.728939180673192,0.6922803569444709,2.1872009018861185,2.4076553736315445,1.0780585585878508,1.8461457070899083,1.4819439360448543,1.3288377833877005,2.8093908278130866
504884.795438783,504885.793438879,504885.29443883104,504884.856999998,504885.845999996,504885.35149999696,2.340551062781941,0.7784620779875124,3.4160935688399467,3.1221600124330884,1.4661152815589444,2.143845744226198,2.2480848262377857,1.7854185166803052,3.7642284742917465
504884.895438793,504885.893438888,504885.3944388405,504884.921999996,504885.927999993,504885.42499999446,2.6543459473342166,0.7895109593792788,4.45580606806128,3.1731232800264957,2.1871614329519966,2.1251971088128134,2.8739921561722066,1.8153680260772391,3.8146085471924227
504884.995438802,504885.993438898,504885.49443885,504885.034999993,504886.039999991,504885.537499992,2.4885710385758966,0.7410935662741275,4.785904190289651,2.5672277762095117,2.6921351893716734,1.726090831045711,3.046160046650104,1.336151999142833,3.013804709623561
504885.095438812,504886.093438907,504885.5944388595,504885.13199999,504886.14,504885.635999995,2.136471087222406,0.9009931362332257,4.461004949688084,1.9019385583803867,2.7578832324062823,1.2955816539209846,2.964770767564302,0.7975989710114633,2.0119974285745195
504885.195438822,504886.193438916,504885.694438869,504885.232,504886.236999997,504885.7344999985,2.088486926035926,1.5373733293886591,4.112567948495465,1.7552857493588558,2.7927259299747735,1.2116898011705204,3.13136350097633,0.7417803681402593,1.4251087807825422
504885.295438831,504886.293438926,504885.7944388785,504885.359999997,504886.333999995,504885.846999996,2.4153102058545386,2.5515397913611126,4.119258115806149,2.0577670271743993,3.129079033411289,1.3918423619002043,3.535807084754775,1.1982115215126135,1.3389767109157646
504885.395438841,504886.393438935,504885.894438888,504885.425999994,504886.446999994,504885.936499994,2.6374263593061453,3.3144313680663777,4.051751100374958,2.2392414047315943,3.3995582782417753,1.3629496952046918,3.5998901923430253,1.6636634509745065,1.4679253845122344
504885.495438851,504886.493438942,504885.99443889654,504885.522999992,504886.527999992,504886.025499992,2.320054014980954,3.2969709262990077,3.3174741928638536,1.9385741538821417,3.002323293158966,0.9974108590959215,2.8610102109180495,1.700357473303107,1.446311010326587
504885.59543886,504886.593438949,504886.09443890455,504885.650999989,504886.627999999,504886.139499994,1.5347553166295742,2.5492342983334,1.9984786913104466,1.309040988240915,1.92337341134479,0.5339690769471582,1.5901185297283753,1.3046931599770906,1.0691343771544168
504885.69543887,504886.693438956,504886.194438913,504885.750999999,504886.724999997,504886.23799999803,0.8122992417860625,1.635260101436207,0.898524016313017,0.7901590093925979,0.8607348692052021,0.3728404311904529,0.5804392683213929,0.820537525028388,0.5398987134012423
504885.795438879,504886.793438963,504886.29443892103,504885.847999996,504886.821999995,504886.3349999955,0.5681924516725534,1.0918615531948137,0.5635400067889708,0.5959785368582018,0.392415634465026,0.7523108278118205,0.2730474722354156,0.608975709313572,0.26740987271260647
504885.895438888,504886.89343897,504886.394438929,504885.929999993,504886.949999993,504886.439999993,1.0420904288605695,1.2109615505460687,1.269832739986672,0.8688041783722898,0.9565028994634075,1.9611748032505893,0.5278807254518152,1.0206967605291495,0.520869773284564
504885.995438898,504886.993438977,504886.4944389375,504886.041999991,504887.046999991,504886.544499991,2.31886774859583,2.089952384334719,3.102748697488898,1.7173123029129118,2.8678919962699005,4.158215969867247,1.148454523782045,2.2311110370283105,1.2352550770826043
504886.095438907,504887.093438984,504886.5944389455,504886.138999988,504887.146999998,504886.642999993,3.6497196870431985,3.15007579321981,5.007327510407731,2.5642859440685504,5.060326951395608,6.120131593759947,1.746718357332712,3.5722328465624953,1.9766584995987329
504886.195438917,504887.193438991,504886.694438954,504886.238999998,504887.228999996,504886.733999997,3.972016273991807,3.5073745151058615,5.453893727241439,2.607620364916268,5.857668198300788,6.336050176652625,1.855582121981192,3.976014535494191,2.181926552242087
504886.295438926,504887.293438998,504886.794438962,504886.335999995,504887.325999994,504886.83099999453,3.045904567764521,2.885971274072758,4.066897200108917,1.7852703850881977,4.70567496677371,4.7008969413101,1.4022106544104505,3.1263353269266094,1.6939797934254248
504886.395438935,504887.393439005,504886.89443897,504886.448999994,504887.453999993,504886.9514999935,1.628173060146738,1.7708406391310105,1.9625734712260972,0.7672148995760076,2.6158531992729115,2.564779881051021,0.7444779769912078,1.6970051957910797,0.9026392181345683
504886.495438942,504887.493439012,504886.994438977,504886.529999992,504887.553999999,504887.0419999955,0.6447565686088199,0.8712880354045949,0.538100243087944,0.24479861830097682,1.0298462199947644,1.2277947338604467,0.28662357033341057,0.6219720276508893,0.3376291002375328
504886.595438949,504887.593439019,504887.094438984,504886.629999999,504887.650999998,504887.14049999847,0.33992642129924555,0.44648143070466056,0.2714205167430659,0.31037658793289774,0.39005946090464155,0.7714258587022577,0.13254310663509744,0.19309556116692456,0.20400884760441934
504886.695438956,504887.693439026,504887.194438991,504886.726999997,504887.747999996,504887.2374999965,0.4582429659118559,0.31064056660949224,0.967697078144148,0.6620393657768765,0.2806796235242783,0.69630429079479,0.23444120119950007,0.08944374159438531,0.42469785965137674
504886.795438963,504887.793439032,504887.2944389975,504886.823999995,504887.844999994,504887.3344999945,0.9227133971392713,0.3805599200673514,2.5456440422265945,1.1805825978421811,0.6311364133045041,0.8993969062978542,0.7149227557769983,0.14185633446003185,0.8876082071386544
504886.89543897,504887.893439039,504887.3944390045,504886.951999993,504887.941999992,504887.4469999925,1.885010329605886,0.7528738022636636,5.247657327156754,2.0817520943869683,1.6884803751904864,1.4488220250449841,1.9456035547703887,0.43766087599573267,1.47723258203811
504886.995438977,504887.993439046,504887.49443901156,504887.048999991,504888.041999999,504887.545499995,3.5060944026872716,1.6721773413400798,9.01192039597517,3.779233780564174,3.689977157402704,2.397728915888505,4.157962087219591,1.1878831848539513,2.151872358253998
504887.095438984,504888.093439053,504887.5944390185,504887.148999998,504888.154999997,504887.6519999975,5.315689580006713,2.960886369925176,12.342954460231084,5.954349006636342,6.179848415720909,3.3266100976116935,6.7105786441766835,2.2771907066446713,2.773098939107144
504887.195438991,504888.19343906,504887.6944390255,504887.230999997,504888.235999995,504887.733499996,6.450654728957607,4.049798157201634,13.266865269728605,7.571081436326261,8.149937709775003,3.6921008010972596,8.520165331177674,3.288866207542039,3.0664229188123775
504887.295438998,504888.293439066,504887.794439032,504887.327999995,504888.348999993,504887.838499994,6.3456601123480905,4.310856133077662,11.140388692882595,7.715132067192197,8.78434268813429,3.2117727297780405,8.905948284797258,3.7202480366733806,2.976592266249292
504887.395439005,504888.393439073,504887.894439039,504887.455999993,504888.449,504887.9524999965,5.132735278196218,3.680242242998732,7.2727771556109975,6.2882616795293815,7.778435173332419,2.320621642751222,7.777238106997585,3.3622394159446385,2.582066808404776
504887.495439012,504888.49343908,504887.994439046,504887.556,504888.545999998,504888.050999999,3.656180971818715,2.8895350824064256,3.9554561050444113,4.1825764980988955,5.799156508519758,2.0087380943514472,5.6927444719299665,2.6467607447164134,2.0744802694824
504887.595439019,504888.593439086,504888.0944390525,504887.652999998,504888.643000001,504888.14799999946,2.5894638263336427,2.511563354090961,2.247396434634056,2.313943876720901,4.147655552935122,2.475742103159244,3.420430995399589,2.0660876757460382,1.5328906179832305
504887.695439026,504888.693439083,504888.19443905447,504887.749999996,504888.740000006,504888.245000001,2.149694184094587,2.6627081177205585,1.7431699675730001,1.1963654257757121,3.923355830191582,3.011377241357061,1.6116515756760645,2.0559102017078463,0.9930151127548708
504887.795439033,504888.793439077,504888.294439055,504887.846999994,504888.837000007,504888.3420000005,2.1936113319279467,3.1193763560307706,1.6092910355018262,0.8679019538437908,4.981164775365651,2.981871347137154,0.6244641378339094,2.670698892578028,0.6941221571324434
504887.895439039,504888.89343907,504888.3944390545,504887.943999992,504888.937000001,504888.44049999653,2.50423460308376,3.5236742608065725,1.6140479489129669,1.1581316849984864,6.1954566705658785,2.7441108393228597,0.3971422309241476,3.4395803598575365,0.9617328292816315
504887.995439046,504888.993439064,504888.494439055,504888.043999999,504889.049000003,504888.546500001,2.8196373251578564,3.52869236662809,1.8438547002608483,1.7660677919424959,6.345348837186841,2.9198641781822863,0.683325033187117,3.7149716021139554,1.7549740917612158
504888.095439053,504889.093439058,504888.59443905554,504888.156999997,504889.162000004,504888.65950000053,2.9153100962780996,2.9075969065492737,2.309280692467711,2.3567294812384727,5.242050666158175,3.443246772956958,1.3486271675981036,3.168822825594536,2.546126257661569
504888.19543906,504889.193439051,504888.6944390555,504888.237999995,504889.228000006,504888.7330000005,2.6439290566825937,1.8526553445389993,2.656537881793154,2.593650059879501,3.603717404927797,3.6320001463922424,2.0335185250872954,2.074664248461212,2.7046888423805497
504888.295439066,504889.293439045,504888.7944390555,504888.350999993,504889.328,504888.8394999965,2.0726462201947187,0.9219650570728928,2.5240080474779836,2.295147704834993,2.1652330356938756,3.194694248456943,2.3368098339938412,1.0431017164306868,2.1002101175965335
504888.395439073,504889.393439039,504888.894439056,504888.451,504889.425000002,504888.938000001,1.6981870250788291,0.6196071307476256,2.3070411149199543,1.8152803604769265,1.6787969637151208,2.725425372540035,2.474427525914507,0.6058208039721557,1.3590969283443077
504888.49543908,504889.493439033,504888.9944390565,504888.547999998,504889.553000003,504889.0505000005,1.8720600866120791,0.8081958901619866,2.712893275158658,1.6677436049053647,2.3070943142168594,2.756184455742269,2.874632879188902,0.7580942010325322,1.091642072490062
504888.595439086,504889.593439027,504889.0944390565,504888.645000001,504889.650000005,504889.147500003,2.4142765204187127,1.1373250034246354,3.9310292545664023,1.9599733747486687,3.3662805105713676,3.0139167868216674,3.5440200195112386,1.1284437958942484,1.2332234178114727
504888.695439083,504889.69343902,504889.1944390515,504888.742000005,504889.747000007,504889.24450000597,2.9755166264680533,1.3994584846054385,5.325398339830876,2.4809530044746966,4.13466291029766,3.0397964465257505,4.277774353012071,1.4174259109203813,1.7286635620775528
504888.795439076,504889.793439014,504889.294439045,504888.839000007,504889.847000001,504889.343000004,3.3402879405004917,1.501982036238735,5.869479611991891,3.0202068475010395,4.22630145784204,2.7193442385959568,4.963599429609437,1.505167903669219,2.916221998555616
504888.89543907,504889.893439008,504889.394439039,504888.939000001,504889.928000002,504889.4335000015,3.4802002726196903,1.4293256428667491,5.172395363416639,3.511889032294297,3.813890710952947,2.34524203422196,5.492626376577144,1.5160602100827973,4.56017281054499
504888.995439064,504889.993439002,504889.494439033,504889.051000003,504890.025000004,504889.5380000035,3.4340955213558995,1.198001905268304,3.798074776684988,3.91859012329296,3.3873968601343067,2.1014762362868185,5.784614942516152,1.6103794435352006,5.674229883128468
504889.095439058,504890.093438996,504889.594439027,504889.164000004,504890.154000006,504889.659000005,3.2640449092929327,0.9404529614029884,2.7210790486803615,4.117416385714575,3.2372283579585384,1.7972742897953111,5.963505446807007,1.7706997312670607,5.5647030527176184
504889.195439051,504890.19343899,504889.6944390205,504889.230000006,504890.235000007,504889.73250000644,2.9417426202956376,0.7463373428920543,2.2641883505916165,3.8092194135143798,3.134885436583403,1.3666491287651383,5.969537852145114,1.7463692167033997,4.496754221169994
504889.295439045,504890.293438984,504889.7944390145,504889.327000008,504890.335000001,504889.83100000455,2.5366643060002114,0.6344704864762732,1.9800843666719854,2.994784929036883,3.129169898680945,1.2224347523769743,5.46612391245648,1.6287393757226258,3.2375067265795234
504889.395439039,504890.393438978,504889.8944390085,504889.427000002,504890.448000003,504889.9375000025,2.1424429150699034,0.5299180732153658,1.535389378099056,2.030976291909932,3.378687196556206,1.6364566135102065,4.207603893953681,1.6048359583955318,2.2156759149192506
504889.495439033,504890.493438972,504889.9944390025,504889.555000003,504890.545000005,504890.050000004,1.9761505679496776,0.6419372378971236,1.2068908116628478,1.3825299972028846,4.176131279952617,2.578749276000931,2.55767201488755,1.9180962625958733,1.3471976633975922
504889.595439027,504890.593438966,504890.0944389965,504889.652000005,504890.642000006,504890.14700000547,2.3403238361052914,1.2244321243155123,1.597525678773016,1.511550595222042,5.337111393785005,4.02017774246759,1.4838735250901993,2.5512974423282415,0.9966221868607223
504889.69543902,504890.69343896,504890.19443899,504889.749000007,504890.742,504890.2455000035,3.034610188633925,1.9951232070343778,2.565367155394904,2.272224033917237,6.020641237028484,5.430888135296698,1.3686768186379161,3.0851609666385436,1.5387999551232412
504889.795439014,504890.793438954,504890.294438984,504889.849000001,504890.854000002,504890.3515000015,3.477327533379453,2.331718739514713,3.345590089798659,3.060564222449587,5.52679997487824,5.964499489096354,1.7418852643420548,3.139746944607472,2.7078155423485444
504889.895439008,504890.893438942,504890.394438975,504889.930000002,504890.93600001,504890.433000006,3.4030920220543495,2.0901565626328447,3.5205445872433865,3.4094309408926238,4.2436964557235894,5.320053412133713,2.0437452978940644,2.804425115118059,3.7926838047965172
504889.995439002,504890.993438927,504890.4944389645,504890.027000004,504891.048000014,504890.537500009,3.2993016501574934,1.896357761069806,3.609532751402734,3.6837833323855085,3.282605865118307,4.414964661090037,2.41918970316818,2.692130393502898,4.395848733522476
504890.095438996,504891.093438911,504890.5944389535,504890.156000006,504891.145000018,504890.650500012,3.8191701770105624,2.3992235209014985,4.378688256264095,4.561470345367544,3.568634610992775,4.520398641368468,3.359619958148469,3.2984589635350714,4.466867119506578
504890.19543899,504891.193438896,504890.694438943,504890.237000007,504891.245000003,504890.74100000504,4.81171719413633,3.304208333902544,5.5303583841739865,5.890239274529821,4.841662928971329,5.6797988241677935,4.745152579183674,4.381325267788009,4.120991960373483
504890.295438984,504891.293438881,504890.7944389325,504890.337000001,504891.342000007,504890.83950000396,5.2315294698465,3.665356639587823,5.841175965670407,6.3874860977161525,5.708403924385713,6.380026325744499,5.561757732167141,4.93934439526152,3.3686846782387336
504890.395438978,504891.393438866,504890.894438922,504890.450000003,504891.439000012,504890.9445000075,4.527550637498434,3.139361297707623,4.772579000963202,5.287792046346381,5.40866220324933,5.659289731216063,5.185053829263884,4.4809180455890765,2.286748945651917
504890.495438972,504891.493438851,504890.9944389115,504890.547000005,504891.536000016,504891.0415000105,3.4527072123029425,2.4620823991665914,3.3248525291479782,3.5453065786002824,4.696587229039404,4.288825073223842,4.409343219072381,3.5779729865704426,1.3166876836026198
504890.595438966,504891.593438836,504891.094438901,504890.644000006,504891.636000001,504891.1400000035,3.1307571772251768,2.59480052053846,2.881161043256628,2.688218581975683,4.82882350645775,3.6566061337695364,4.3221221432300085,3.212218015769632,0.8621074728037171
504890.69543896,504891.69343882,504891.19443889,504890.744,504891.749000005,504891.2465000025,3.659865492670302,3.4758739808557935,3.4308647198028,3.087757889764422,5.84332857121357,4.152672775357582,4.861487213296872,3.640092644090479,0.7868461469808989
504890.795438954,504891.793438806,504891.29443888005,504890.856000002,504891.830000009,504891.34300000547,4.170233687346913,4.117592601038221,3.770651439274214,3.878547281846494,6.526555035138522,4.909647174804606,5.186966510644677,4.16237643391662,0.8095330221119557
504890.895438942,504891.893438791,504891.3944388665,504890.93800001,504891.927000013,504891.4325000115,4.032843009880448,4.000028289104037,3.1517910751880738,4.2119795410645615,6.035819845908899,4.991193140601349,4.931267827847838,4.174779328150684,0.7658850311781426
504890.995438926,504891.993438776,504891.494438851,504891.050000014,504892.040000017,504891.5450000155,3.675140325434015,3.7063719605389944,2.272465104349928,4.208746068351786,5.090228435318808,4.554584899832573,4.621183657822134,4.060417487597579,0.8871249896603187
504891.095438911,504892.093438761,504891.594438836,504891.147000018,504892.140000002,504891.64350001,3.7402170626469924,3.8557070313003163,2.077461716119565,4.358793604887655,4.709239186465131,4.299474574386921,4.692476303814281,4.392705631980388,1.5358784522216828
504891.195438896,504892.193438746,504891.694438821,504891.247000003,504892.237000006,504891.7420000045,3.9951228455038557,4.116122375891271,2.3879664788996506,4.5416532845477695,4.611636778547542,4.356775300380735,4.6135747006154855,4.879961620463031,2.4532922246853595
504891.295438881,504892.293438731,504891.794438806,504891.344000007,504892.334000011,504891.839000009,3.7616210986207124,3.8170839816997044,2.3556127012884414,4.234822326170788,3.9664909798740275,4.184873782677266,3.8388386471017633,4.789032706195448,2.9062136639582645
504891.395438865,504892.393438717,504891.894438791,504891.441000011,504892.431000006,504891.9360000085,2.9886038921307057,2.9631673464398807,1.8568403419263002,3.297312502329471,2.9981971979828845,3.4394432284624665,2.8555084912846103,3.996439154848913,2.501922873771116
504891.49543885,504892.493438711,504891.9944387805,504891.538000015,504892.531,504892.0345000075,2.4325703645078818,2.3401237283534657,1.6159735348577111,2.2982272584211434,2.8208175001955436,2.691787077289195,2.6033982378803575,3.318631915380638,1.7716036636850028
504891.595438835,504892.593438716,504892.0944387755,504891.638,504892.627999999,504892.13299999945,2.405974618265801,2.2569443280105697,1.8678466932676565,1.6987209214757564,3.472610640090246,2.4480351768369877,2.990447515674891,3.1975235891850655,1.3156680815852304
504891.69543882,504892.693438722,504892.194438771,504891.751000004,504892.724999997,504892.2380000005,2.544382337654539,2.29433930128226,2.3690027337032156,1.6922868409518408,3.844785696728959,2.4719885972018427,3.2804880981394144,3.1762533363074374,1.225914096921343
504891.795438805,504892.793438727,504892.29443876597,504891.832000009,504892.836999996,504892.3345000025,2.549974262635902,2.101413408090149,3.103066102793669,2.4140693692263606,3.261809953342577,2.3309221986076842,3.2772795338632,2.720334215472877,1.1908993196906985
504891.89543879,504892.893438732,504892.394438761,504891.929000013,504892.949999994,504892.4395000035,2.783733747390942,1.8716616478027137,4.682237458544742,4.040104021161262,2.5412540506353833,2.0865748265433863,3.8097638123081428,2.094079479310029,1.1441946828218739
504891.995438775,504892.993438737,504892.494438756,504892.042000017,504893.049999999,504892.546000008,3.5957512586372866,2.017056512964195,7.2552611242083955,6.194539913882892,2.711339581328183,2.1633374834713845,5.329045442830003,1.8717529682670033,1.223677042146239
504892.095438761,504893.093438743,504892.594438752,504892.142000002,504893.146999998,504892.6445,4.552538571177008,2.455801081804071,9.628186570250366,7.832089159240272,3.60436912504533,2.527310541056627,6.921501070602886,2.0864826678238924,1.3645683535926187
504892.195438746,504893.193438748,504892.694438747,504892.239000006,504893.243999996,504892.741500001,4.79994045568146,2.5835932582774417,10.209611933513811,7.970426419663561,4.140926880317892,2.6912919509872433,7.365408229508512,2.1238486828013414,1.3144162903818764
504892.295438731,504893.293438753,504892.794438742,504892.33600001,504893.340999995,504892.8385000025,4.105307071311685,2.185593933470984,8.455505793863678,6.50461005875141,4.049664195294856,2.4007677752679473,6.380550965541122,1.8093390450508893,1.0564248032525902
504892.395438716,504893.393438758,504892.89443873696,504892.433000005,504893.437999994,504892.93549999956,3.2649186858093824,1.8920623618178487,5.533817734266498,4.4365605866277456,4.621150834814587,2.297406599202597,4.58019182155458,1.8549666749724127,0.9031928732187902
504892.495438711,504893.493438763,504892.99443873705,504892.529999993,504893.537999999,504893.033999996,2.9739757381403757,2.1749576002248143,3.0415542377139713,2.790479719985866,6.654261744690989,2.885995005608947,2.6926790160854224,2.595672860038899,0.9562057207740958
504892.595438717,504893.593438768,504893.0944387425,504892.629999999,504893.634999997,504893.13249999797,3.0601087693175044,2.6356519926322286,1.7387524494038378,1.901684293492297,8.788306395737472,3.703200115808053,1.2229489652889203,3.3709792684971966,1.1193466736800315
504892.695438722,504893.693438774,504893.19443874795,504892.726999997,504893.731999996,504893.2294999965,2.8791816208654515,2.507636053960356,1.3757293760541938,1.498813343258988,8.784396232757606,3.825922727962188,0.42434368933026645,3.28125755362808,1.3353539899719324
504892.795438727,504893.793438779,504893.29443875304,504892.838999996,504893.828999994,504893.333999995,2.293470149242589,1.7234307919132594,1.5508965911116177,1.3936528601047342,6.237886487140309,3.0155398584189492,0.3772435962910553,2.270045279418043,1.7790657295427446
504892.895438732,504893.893438784,504893.394438758,504892.951999994,504893.929,504893.440499997,1.949803487237969,0.9177850790744648,2.4200885811084265,1.9538515391819367,3.2846795279063015,2.130790986679987,1.0869905706643648,1.1730432406444722,2.6311983726437997
504892.995438738,504893.993438789,504893.4944387635,504893.051999999,504894.025999998,504893.5389999985,2.5545114608223214,0.6614218605982924,4.364620843250899,3.6563312750509045,2.2743749662667745,2.1663874803383454,2.6189737877752965,0.8474603697680354,3.8465211035300246
504893.095438743,504894.093438794,504893.5944387685,504893.148999998,504894.138999997,504893.6439999975,3.85037715587553,0.8881501413653532,6.83471487292774,6.024822512495067,3.0682805590301223,2.8783798199311,4.767179855203757,1.2670873231224014,5.074402162928697
504893.195438748,504894.193438799,504893.6944387735,504893.245999997,504894.235999995,504893.740999996,4.884551959577266,1.178842651553871,8.50542834917491,7.859072523605359,3.8034011953338296,3.2244337613096055,6.661119569363879,1.7919152090753332,6.052202417201336
504893.295438753,504894.293438804,504893.7944387785,504893.342999995,504894.332999994,504893.8379999945,4.981670377079396,1.354854490441845,8.416538300936143,8.138740402927215,3.5353660470125465,2.760699341302231,7.165943830378867,1.9810956293585316,6.500124974277794
504893.395438758,504894.393438809,504893.8944387835,504893.439999994,504894.432999999,504893.93649999646,4.270679287683358,1.538963412067608,6.992386075981815,6.885317305585984,2.6013117466250986,2.093095708509826,6.001816450060464,1.817028778370156,6.235514824265913
504893.495438763,504894.493438814,504893.9944387885,504893.539999999,504894.529999998,504894.0349999985,3.6498431109542118,2.03843936295951,5.861811440543018,5.337407083832655,2.1272330069413634,2.270149907266899,4.321700546798983,1.7829426587921264,5.45906088049914
504893.595438769,504894.593438819,504894.094438794,504893.636999997,504894.626999996,504894.1319999965,3.7568686177575823,2.7497247675828156,6.054367935407878,4.770899960461017,2.705013152993726,3.3805984012632124,3.706242359739546,2.166719602499692,4.52138276211277
504893.695438774,504894.693438806,504894.19443879,504893.733999996,504894.739000145,504894.2365000705,4.224053355799704,3.0687529435307135,6.854132570921452,5.121615102408353,3.6118141707766096,4.345016849797418,4.5103625914708445,2.5658220023192113,3.714910615173031
504893.795438779,504894.793438667,504894.294438723,504893.830999995,504894.839000006,504894.3350000005,4.227432013253843,2.7116436779631874,6.7350508714116835,5.152867984992273,4.092310687012931,4.106360663523436,5.392359249897596,2.5571833254194174,3.0716796458102134
504893.895438784,504894.893438528,504894.394438656,504893.931,504894.936000044,504894.433500022,3.66709593534653,2.3410066120188757,5.404614934210715,4.139000121214062,4.552944916243387,3.0663247811007106,4.973856966548619,2.488328567972327,2.3706905834635412
504893.995438789,504894.99343839,504894.49443858955,504894.027999998,504895.049000083,504894.53850004054,3.28092299482394,2.6982034604132927,4.175102671017325,2.9063645861528418,5.6972614016857595,2.4880242715802767,3.660073374192643,2.939955400034398,1.6823987935149844
504894.095438794,504895.093438252,504894.594438523,504894.140999997,504895.146000121,504894.643500059,3.701075159351546,3.606114260732647,4.448672511483023,2.8812605764722097,7.169125969852713,3.0292754553507675,3.1757162626089457,3.773838851382488,1.5245973869295746
504894.195438799,504895.193438114,504894.6944384565,504894.237999995,504895.243000159,504894.740500077,4.774499894953548,4.328933770963762,6.163345500179998,4.4080501588096395,7.94311993699376,4.309232486731894,4.3966691421369255,4.387276084454957,2.259372079357444
504894.295438804,504895.293437977,504894.7944383905,504894.334999994,504895.343000022,504894.839000008,5.636522021414521,4.439346718892662,7.625881141706959,6.193706634508184,7.461535367350544,5.29931862423253,6.180497045472998,4.414060537992319,3.47783010115998
504894.395438809,504895.393437841,504894.89443832496,504894.434999999,504895.44000006,504894.9375000295,5.645464714906925,4.126309530834316,7.4083233905641945,6.822819763340908,6.186531504808952,5.351379411256498,6.905700313065582,4.029880172635936,4.332773632749019
504894.495438814,504895.493437705,504894.9944382595,504894.531999998,504895.537000098,504895.03450004803,4.64082123481197,3.4651662652831545,5.4044140556797124,5.830260747044531,4.59181533823576,4.330766944814016,5.9561034093306215,3.3570638591089135,4.190979258999051
504894.595438819,504895.593437569,504895.09443819395,504894.628999996,504895.650000135,504895.1395000655,3.0714158857697798,2.4553242894249956,2.9042096733682583,3.9147415948233695,2.862620796207627,2.7484043115211123,4.072892597528214,2.3830245186731696,3.2301093046114913
504894.695438803,504895.693437434,504895.1944381185,504894.741000142,504895.75,504895.245500071,1.6890970039687407,1.4019368864399597,1.2191511073625203,2.163533006570102,1.4756375900038354,1.3875013962254854,2.3592578602736882,1.4381042521326277,2.067653932741706
504894.795438664,504895.793437299,504895.2944379815,504894.841000003,504895.831000038,504895.3360000205,1.2892289981567653,1.071827390045213,1.1005145821649052,1.5278649112505136,1.207022232458439,1.1689987737234517,1.6703226904993411,1.2580182755976166,1.3092631295146429
504894.895438525,504895.893437164,504895.3944378445,504894.938000042,504895.928000075,504895.4330000585,1.8541984180148963,1.6145827310427485,2.2736418655425967,1.9804894269237274,1.9669830967266322,1.9434366152546043,2.0213183436596354,1.8817753399455914,1.1513599250236326
504894.995438387,504895.993437031,504895.494437709,504895.05100008,504896.025000112,504895.538000096,2.703865956725007,2.5598305339881127,3.7910811479319513,2.731876645701946,2.934566276678903,2.841150431755228,2.6976185072702576,2.7444564481075178,1.330347662366139
504895.095438249,504896.093436897,504895.594437573,504895.148000118,504896.138000149,504895.64300013345,2.981083029692719,3.1247861476432712,4.5795541690485155,2.842485998933798,3.146484906448438,2.975816329081951,2.797702086220249,3.0240986700304093,1.3577359301351195
504895.195438112,504896.193436764,504895.69443743804,504895.245000156,504896.238000016,504895.74150008603,2.422165481947379,2.8897377569456566,4.264414307583961,2.080200763884574,2.389586829972881,2.1479094961852248,2.1213852712818118,2.425496475881501,1.0585929538434224
504895.295437975,504896.293436631,504895.794437303,504895.345000019,504896.350000053,504895.847500036,1.5917399350231831,2.10102672937718,3.5576693513685913,1.1153311021483998,1.3211918142195587,1.0739437661743014,1.3443056403030336,1.4353152977449812,0.7851357788494199
504895.395437838,504896.393436499,504895.8944371685,504895.442000057,504896.43200009,504895.9370000735,1.1681300292835093,1.3380287974049971,3.232632943944772,0.6190884047841114,0.6773720310705945,0.554965646630022,1.1208876255106155,0.7118563953428547,1.0902083895801074
504895.495437702,504896.493436368,504895.994437035,504895.539000095,504896.529000126,504896.03400011046,1.212516122998104,0.9089703553699794,3.0874682963588085,0.6196474962747458,0.5337260472835134,0.6390512137993154,1.3367787098994293,0.4585994123765014,2.1158874526225397
504895.595437566,504896.593436236,504896.09443690104,504895.652000133,504896.641000137,504896.146500135,1.4813245122319483,0.8074570563431903,2.754891638324177,0.9097570784217404,0.6574873811284894,0.9496803635243315,1.6240385781265383,0.5195725394299525,3.627711462557168
504895.695437431,504896.693436105,504896.19443676795,504895.73300017,504896.741000006,504896.237000088,1.953366781586648,1.0175637711664813,2.6092308425741235,1.5241922215252683,1.01488083145705,1.283335524316958,1.973766450474361,0.8060076069728372,5.397957004206106
504895.795437296,504896.793436105,504896.2944367005,504895.833000035,504896.837999996,504896.3355000155,2.5443224626640695,1.4400648823524698,3.0611947695858914,2.3422915584830775,1.6196890294919792,1.5474521252320055,2.4156743009758825,1.2226687308303767,6.705544304360874
504895.895437162,504896.893436113,504896.3944366375,504895.930000072,504896.950999994,504896.440500033,2.943685483598964,1.7951171633938525,3.730977517065911,3.0147334843551494,2.2887237903954345,1.6483390326752478,2.7872552447443173,1.5795121696651226,6.704825466496674
504895.995437028,504896.993436121,504896.4944365745,504896.027000109,504897.031999992,504896.52950005047,3.017279783467531,1.8607550308002097,4.044428080925812,3.4495057155923803,2.807380397404449,1.6887605877955538,3.0526048354734425,1.754453275953066,5.480350343795335
504896.095436894,504897.093436129,504896.5944365115,504896.140000146,504897.131999999,504896.63600007247,3.1362543568725876,1.934109800785746,4.183512944080496,3.9821960719162086,3.2769788802411504,2.027134196151313,3.497011878647835,2.0333409204247017,4.1557501627332485
504896.195436761,504897.193436137,504896.694436449,504896.240000013,504897.244999997,504896.742500005,3.6896230868192,2.5993470892582717,4.6783766973953815,4.789428144148587,3.936758578760142,2.8604462611323918,4.235907340651325,2.812020421383647,3.604700161823855
504896.295436629,504897.293436145,504896.794436387,504896.35200005,504897.356999995,504896.8545000225,4.245911895365446,3.6804644647297335,5.075033301881232,5.2351380552816185,4.436886736316654,3.624045762199753,4.6635249941298484,3.7639185629683993,3.4882832854163324
504896.395436497,504897.393436152,504896.8944363245,504896.434000087,504897.438999993,504896.93650004,3.9477115667533074,4.176085004458246,4.431782765576398,4.537756570445399,4.086932548322655,3.50565991324246,4.019310485063186,3.9974543733461094,2.8267108735720035
504896.495436365,504897.49343616,504896.9944362625,504896.531000123,504897.535999991,504897.033500057,2.7383207234491445,3.5281594423513956,2.7831958343837373,2.9365835877401696,2.824411220005952,2.516842440256957,2.5171842109588223,3.1908243594724413,1.6093646924236809
504896.595436234,504897.593436168,504897.09443620103,504896.643000135,504897.635999998,504897.1395000665,1.5233088354227309,2.358835825503567,1.2022044438138146,1.5569456776087365,1.4920820931633976,1.5868094571438092,1.2066780309454288,2.076366084396895,0.7065490708061981
504896.695436103,504897.693436176,504897.1944361395,504896.743000004,504897.732999996,504897.238,1.1292308198181074,1.6993162021617132,0.6574196925597501,1.1420646334590412,0.9753859413522443,1.5059747185827135,0.7960310402806285,1.5327943501810015,0.7248599799677671
504896.795436105,504897.793436184,504897.2944361445,504896.839999996,504897.829999994,504897.334999995,1.4927470568811403,1.7673407265190832,1.1051769462164311,1.4607864662184844,1.3008671386651993,2.0251275055979905,1.0926521178702735,1.6008700221148477,1.5891555318468127
504896.895436113,504897.893436191,504897.394436152,504896.952999994,504897.926999992,504897.43999999296,1.9889300358465145,1.9743724660760011,1.708306574509983,1.730393442695794,1.9395987776707186,2.5883109040892616,1.472597480511149,1.840380765259955,2.6574798759592513
504896.995436121,504897.993436199,504897.49443615996,504897.033999992,504898.027,504897.53049999604,2.6528754601673015,2.4364268999726404,2.354488330617109,1.8623366353686863,3.3734289367524086,3.681411745129937,1.5619711136839278,2.731923773086577,3.2210162467271255
504897.095436129,504898.093436207,504897.594436168,504897.134,504898.154999998,504897.644499999,3.4796752313579526,3.2146613964897615,3.051929506488629,2.035907160428097,5.5218252423984895,5.33444454669048,1.3503783688723852,4.357819955284723,2.9704356742110534
504897.195436137,504898.193436214,504897.6944361755,504897.246999997,504898.220999995,504897.733999996,3.962974672508657,3.7344374502698128,3.5172048806299063,2.1985239549676634,7.05491286275126,6.380076790417153,1.0450564169569734,5.587719871543479,2.1858651525330095
504897.295436145,504898.293436222,504897.7944361835,504897.358999995,504898.332999993,504897.84599999397,3.4748692088828443,3.259221516171257,3.268054921313511,1.9855420928552627,6.481535946459699,5.565990357487259,0.7723990234310953,5.106028335232649,1.360181478112021
504897.395436153,504898.39343623,504897.89443619153,504897.440999993,504898.445999993,504897.943499993,2.1752143147066754,1.9700266409085554,2.341189020203377,1.3179414561153044,4.081581317856224,3.2545745329326894,0.5565514807387338,3.104989556506166,0.7748605123923532
504897.49543616,504898.493436236,504897.99443619803,504897.537999991,504898.545999999,504898.041999995,1.00705444131415,0.8841059848139459,1.5092245157404587,0.702707526542844,1.78678712898208,1.1780785157649714,0.43080469965223916,1.1770493163494447,0.3876778426672165
504897.595436168,504898.593436241,504898.0944362045,504897.637999999,504898.642999997,504898.140499998,0.6334772164956701,0.6255619212191574,1.3881522455762847,0.6135383967252651,0.8832956276439847,0.4142096142350052,0.447232870562644,0.41881086940209866,0.2770161866009206
504897.695436176,504898.693436247,504898.1944362115,504897.734999996,504898.739999996,504898.237499996,0.7516574218060836,0.8172922909632939,1.568638910758049,0.8595704963731434,0.81175988359918,0.41451855469666843,0.5660778959781331,0.457792804609951,0.5176085374702507
504897.795436184,504898.793436253,504898.29443621845,504897.831999994,504898.836999994,504898.334499994,0.7966508532823132,1.0721638098829236,1.39722745335061,0.9011287643043244,0.6281499667652918,0.35119849541427817,0.576524633638948,0.6114678920763632,0.8353458108257669
504897.895436191,504898.893436258,504898.3944362245,504897.928999992,504898.937,504898.432999996,0.8749495957657785,1.642867274620348,1.189862321359009,0.8202254479273804,0.49260219038981307,0.34103312573240685,0.5497086175031529,0.9977523707708714,0.9655454178232465
504897.995436199,504898.993436264,504898.4944362315,504898.029,504899.033999998,504898.531499999,0.9888414770883871,2.2295937433311823,1.226305930874824,0.7808814221103966,0.43777260685667574,0.40307663133376026,0.6496880764143851,1.3746853912347048,0.8087280145511689
504898.095436207,504899.093436269,504898.594436238,504898.156999998,504899.146999997,504898.65199999756,1.0809404093643324,2.415067634458437,1.4701322673021742,0.8624850873409555,0.48124510972332996,0.4913021276026447,0.9532740996710094,1.4474617635146936,0.526555185301415
504898.195436215,504899.193436275,504898.694436245,504898.222999996,504899.243999995,504898.7334999955,1.103614586628983,1.997430006912027,1.824471211082236,1.0159170104928201,0.6283458555028277,0.565951542025267,1.352395242013678,1.1208866657664658,0.3235191592365432
504898.295436222,504899.293436281,504898.7944362515,504898.334999993,504899.340999994,504898.83799999347,1.2633073501242054,1.3107162801555088,2.6573618248636324,1.362121217387142,1.0882062676476765,0.8028612458217725,1.8881042198253386,0.6710647440251982,0.32602300126737305
504898.39543623,504899.393436286,504898.894436258,504898.447999993,504899.440999999,504898.944499996,2.0476390895615046,1.4685756846043256,4.454114552062137,2.1289263043537225,2.531546966167008,1.6390115445633597,2.7022105945122736,0.9561758019427442,0.5005512682864665
504898.495436236,504899.493436292,504898.994436264,504898.547999999,504899.537999998,504899.04299999855,4.327605638760078,3.815054946986397,7.616260548262599,3.9975926449545764,6.590357581301305,4.151300679997542,4.057895695142435,3.4926013168329044,0.8997816966028687
504898.595436242,504899.593436297,504899.0944362695,504898.644999998,504899.634999996,504899.139999997,7.395947327052338,7.361270947873976,10.852564045894223,6.62586353724137,12.12002033992389,7.679983251398115,5.554911599795574,7.535291180365032,1.4376737139265212
504898.695436247,504899.693436303,504899.194436275,504898.741999996,504899.731999995,504899.23699999554,9.06644151092095,9.309566663157113,11.840413947991781,8.33274177787875,15.216471925676629,9.760009917753392,6.193301956517331,10.12476803970692,1.7542578586856803
504898.795436253,504899.793436308,504899.2944362805,504898.838999994,504899.859999993,504899.3494999935,7.886979656400982,7.867374926019345,9.645143217216802,7.777833449182481,13.141863031562284,8.538511050190152,5.484575443028885,8.996027899953491,1.6445082340544186
504898.895436258,504899.893436313,504899.3944362855,504898.935999993,504899.959999999,504899.447999996,4.946972049595429,4.308489724236157,5.946953247416191,5.703552197602534,7.661667683191501,5.130672054276401,4.130660134047739,5.202864028548775,1.490917327444135
504898.995436264,504899.993436319,504899.4944362915,504899.035999999,504900.056999997,504899.54649999796,2.6509791572990244,1.5398379080278886,3.3480856943685797,4.062292480042132,3.0446439079064134,2.362006110754127,3.189201558187048,1.9254413309266303,1.7363242681793771
504899.09543627,504900.093436324,504899.59443629696,504899.148999997,504900.153999996,504899.65149999654,1.9906587978992676,0.7734605173340552,2.618287907892363,3.699686482150541,1.3908804543885518,1.5665963093207744,2.8729949010193696,0.8180411201802945,2.1853226909081913
504899.195436275,504900.19343633,504899.6944363025,504899.245999995,504900.250999994,504899.7484999945,2.089779238711881,1.07328148072672,2.5853124403489995,3.803078212530398,1.3748766317005006,1.8220780673971686,2.694095740994854,1.0085276426607275,2.3569836933356827
504899.295436281,504900.293436335,504899.794436308,504899.342999994,504900.351,504899.84699999704,1.9284549490274405,1.4136699274272853,2.004022791821303,3.360449944169669,1.3035402150305029,1.7536844138873717,2.251986794654653,1.2640322315753487,2.0762532736533927
504899.395436286,504900.39343634,504899.89443631296,504899.442999999,504900.447999998,504899.9454999985,1.6406477215210686,1.6211314244996813,1.2081702808742132,2.637456437720732,1.2243919333982394,1.40230580443566,1.8078619705096388,1.459214713218116,1.7646492075122693
504899.495436292,504900.493436346,504899.994436319,504899.539999998,504900.544999997,504900.04249999754,1.4337647542332679,1.5215012266353765,0.7952901248173097,2.15447404702843,1.216834105126499,1.0247851162662425,1.6392083686840986,1.4302355032160676,1.687789542092119
504899.595436297,504900.593436351,504900.09443632397,504899.636999996,504900.641999991,504900.13949999353,1.4260980562376684,1.0918575805971225,1.148878859566448,2.1960093561912464,1.3398614432728744,0.720840643672949,1.9791976278627754,1.1394624789779888,1.792676459759942
504899.695436303,504900.693436361,504900.194436332,504899.733999995,504900.738999986,504900.23649999045,1.7338314093986278,0.5778142467562326,2.425906917178189,2.8808987734060265,1.7449391022998548,0.51697721438788,2.9604372022853545,0.7884400885410474,1.9752377303344388
504899.795436308,504900.793436373,504900.2944363405,504899.861999993,504900.838999998,504900.3504999955,2.185806299921439,0.3255523634550753,3.952301178393137,3.6911770371728325,2.224858397894491,0.5118864177725352,4.050567446576798,0.6078858172456536,2.1222217408609905
504899.895436314,504900.893436384,504900.394436349,504899.961999999,504900.951999994,504900.4569999965,2.377208902992651,0.6061783019299484,4.4838786163883775,3.7496193062811543,2.2925608393650716,0.7824631652558824,4.295794239666122,0.722172612912042,2.085004142142608
504899.995436319,504900.993436396,504900.4944363575,504900.058999997,504901.032999991,504900.545999994,2.230895044331362,1.5680070847827605,3.5962110703811403,2.8797284296379053,1.8677289394712846,1.372515432040369,3.4221040660292443,1.2059147965092207,1.9349505357989711
504900.095436324,504901.093436407,504900.5944363655,504900.155999996,504901.145999988,504900.65099999204,2.0295739360911016,2.870091139052962,2.2034286008457875,1.861105106686731,1.4097353262507626,2.020523037508263,2.155701377792859,1.8840300090492432,1.8319768915422028
504900.19543633,504901.193436419,504900.69443637447,504900.252999994,504901.246,504900.749499997,1.8713353986244572,3.618877021792101,1.298524059819647,1.3443405999213036,1.2034138557833227,2.2328647476247756,1.2726757245995073,2.2423701155112252,1.7576170639437747
504900.295436335,504901.29343643,504900.7944363825,504900.353,504901.342999996,504900.847999998,1.5438655551281524,3.200371276225599,0.9426553750263282,1.0911483196778806,1.07333752732531,1.8293209744983472,0.8416007176984239,1.9000230286819293,1.4724672218914012
504900.395436341,504901.393436442,504900.89443639154,504900.449999998,504901.439999993,504900.9449999955,1.0440783894947527,2.0218403776923943,0.7220780073786206,0.7466518250241745,0.8904468055292137,1.1509142672526853,0.6456247797445471,1.1815774151569238,0.9934936381794635
504900.495436346,504901.493436453,504900.9944363995,504900.546999997,504901.53699999,504901.0419999935,0.719174320560995,1.1127935091164705,0.615996807487653,0.39774464344277716,0.8015487766484894,0.6660366172562715,0.6005003347479294,0.8288521972679912,0.7299216785203777
504900.595436351,504901.593436464,504901.09443640755,504900.643999991,504901.617999987,504901.130999989,0.7354335530376837,0.9222814273404647,0.7459022168209437,0.29306364946010843,0.8434887719541904,0.45087172043159796,0.6715379901948255,1.0370904702193613,0.9192321778799768
504900.695436361,504901.693436476,504901.1944364185,504900.740999986,504901.717999998,504901.229499992,0.9403681991079981,1.021508012878579,1.161199325592464,0.5378920123324658,0.9651424158702326,0.3743410833447357,0.8752064572319587,1.2968772456775208,1.2907790399360277
504900.795436373,504901.793436487,504901.29443643,504900.840999998,504901.845999995,504901.34349999647,1.2347101160571832,0.986520360568738,1.9154570115923737,1.147220473768624,1.332074110997476,0.4665984264206804,1.3193147415324802,1.194081542591476,1.5164142609856173
504900.895436384,504901.893436498,504901.394436441,504900.953999995,504901.927999992,504901.4409999935,1.5751025839359527,0.8521248166111113,2.7704194502838204,1.908609290321178,1.9337291248682011,0.8001959513228455,1.9064484282199947,0.8554648731033232,1.5738287367571484
504900.995436396,504901.993436509,504901.4944364525,504901.034999991,504902.024999989,504901.52999999,1.7683596608231857,0.8643073500159353,3.1530905429959715,2.301538068482733,2.3004734945003236,1.1766668245620104,2.2010284311385213,0.6564725199149568,1.493300054975033
504901.095436407,504902.09343652,504901.59443646355,504901.147999988,504902.125,504901.63649999397,1.682762368574144,1.1188522018749876,2.804924442265647,1.9978071584655512,2.0767122441744466,1.3695699177278011,1.986810512373303,0.7891040088894808,1.3183184628219347
504901.195436419,504902.193436532,504901.6944364755,504901.248,504902.221999997,504901.7349999985,1.5053230536827549,1.5161548319991178,2.275107775392045,1.2868325554311597,1.6113512866608424,1.3986074008823983,1.6418574478680519,1.1307889374232387,1.1818841938051845
504901.29543643,504902.293436543,504901.79443648655,504901.344999997,504902.318999994,504901.8319999955,1.4422892798070552,1.7478891884517997,2.2619206576535116,0.6973192527770748,1.4634624922008415,1.3573487311368098,1.53825815463681,1.366211391315447,1.105904370284149
504901.395436442,504902.393436554,504901.894436498,504901.441999993,504902.446999991,504901.944499992,1.5580778367645527,1.7636823210087522,2.5734388629680547,0.5169050032877334,1.7680529086546573,1.5651887117375383,1.5895056448615068,1.5849130885383116,1.1029361530598667
504901.495436453,504902.493436565,504901.994436509,504901.53899999,504902.558999988,504902.048999989,1.793169578254821,1.8284118144326138,2.5285778069269242,0.6884248113288667,2.374296534449075,2.077986684268169,1.5723768473452922,2.166933224677328,1.1083489026102984
504901.595436465,504902.593436576,504902.0944365205,504901.619999987,504902.658999999,504902.139499993,2.15391568310554,2.1575977873449714,2.221623749237437,1.0306367683740119,3.3526096288173757,2.65281556133851,1.5986002077966004,3.1790555635475966,1.0383861983878184
504901.695436476,504902.693436587,504902.1944365315,504901.719999998,504902.740999996,504902.23049999704,2.4693995191921063,2.5097235108774236,2.109876220966491,1.3442967988861492,4.373692374785546,2.8102351971237933,1.7077968687846323,3.9757364473313284,0.9238387347814883
504901.795436487,504902.793436598,504902.2944365425,504901.847999995,504902.852999993,504902.350499994,2.402577742535426,2.3801363273396285,2.162397194295065,1.4485145702253606,4.569910176355432,2.331826599528888,1.7124325364859514,3.752346039701374,0.8630584963517105
504901.895436498,504902.893436606,504902.39443655196,504901.929999992,504902.949999995,504902.43999999354,1.969855791737704,1.7325970800524522,2.117248621276998,1.5019513698651972,3.6432668841817306,1.6081392283924485,1.5861350379652677,2.643598462005,0.9259096501625382
504901.99543651,504902.993436612,504902.494436561,504902.026999989,504903.046999993,504902.536999991,1.6711066103932573,1.1085142087357496,2.2199549983625877,1.8949525901268824,2.427234063951834,1.3570724427876542,1.6391362965652614,1.565331033837726,1.1566572487783624
504902.095436521,504903.093436617,504902.594436569,504902.123999986,504903.146999999,504902.6354999925,1.849267759744699,0.8663252053929655,2.9462034864091846,2.6810050407446364,1.953876929665456,1.7451590635983807,2.124974536920359,1.1136552883235638,1.362942526903045
504902.195436532,504903.193436623,504902.6944365775,504902.223999997,504903.243999997,504902.733999997,2.217993534687925,0.8869320401038892,4.024526322804448,3.3435125904240217,2.2348022331027684,2.260827268888346,2.6642690711345267,1.049735142330393,1.2793436087150074
504902.295436543,504903.293436628,504902.7944365855,504902.320999994,504903.340999996,504902.830999995,2.2727525840314415,0.8905413123293485,4.4852210519853255,3.336530268169154,2.451643616928889,2.3745828933284123,2.723296091992675,0.956357595078847,0.9638478424388818
504902.395436554,504903.393436633,504902.8944365935,504902.448999991,504903.422999994,504902.93599999254,1.9182583789302323,0.7958567438683756,3.9647988038018394,2.725725233031284,2.1341667989506288,1.9983108904670317,2.283455514243939,0.7577421373372745,0.6860109097414857
504902.495436565,504903.493436639,504902.994436602,504902.560999988,504903.523,504903.04199999396,1.4907745564334927,0.6839023388741154,2.904579497859306,1.892110501135464,1.5681968268632143,1.5666688432961688,1.84631329992561,0.7307493928900484,0.7336757506240142
504902.595436576,504903.593436644,504903.09443661,504902.660999999,504903.634999998,504903.1479999985,1.3694524529164447,0.6663489471414281,1.9335176216501635,1.3154720457954352,1.1897597467785201,1.4532485678937381,2.0994661871556515,0.9707121968167217,1.327094310099899
504902.695436587,504903.693436649,504903.194436618,504902.742999996,504903.731999997,504903.2374999965,1.5293116065991952,0.7932260339158976,1.2533926800258763,1.1567989644232257,1.1196495140232596,1.5243136797594947,2.970136392307412,1.2395183895849458,2.1774571987534497
504902.795436598,504903.793436655,504903.2944366265,504902.854999993,504903.828999995,504903.341999994,1.6182817845322732,1.0463437758429315,0.7481418677833638,1.2181954174886132,1.0837773718886397,1.4130026101105342,3.539647812499867,1.2634110093179136,2.633734411326323
504902.895436607,504903.89343666,504903.3944366335,504902.951999995,504903.941999994,504903.44699999446,1.4285262992117966,1.2981366665891696,0.41248400344758285,1.2702481397639773,0.8798321170556567,1.0307092595660798,3.0939353689466134,1.0481604506893887,2.394704387635904
504902.995436612,504903.993436665,504903.4944366385,504903.048999993,504904.041999999,504903.54549999605,1.237509508251564,1.5270447494583252,0.3791511122267021,1.356272821225335,1.1050806937295976,0.65633355840753,1.9707453871731566,0.9986106654531182,1.9068370783387465
504903.095436617,504904.09343667,504903.5944366435,504903.148999999,504904.138999997,504903.643999998,1.7858806415338244,2.245100424952283,0.9236098581575216,1.8843973274597288,3.3383590938008494,0.886606915714609,1.239999327685324,1.9727082192598608,1.7962639652404184
504903.195436623,504904.193436676,504903.6944366495,504903.245999997,504904.219999996,504903.7329999965,3.0308582485710254,3.4108608910315996,1.954567949876894,2.810274692612655,7.097776439664434,1.7034204832511552,1.4362946440183095,3.7577943685046566,2.0758765196084976
504903.295436628,504904.293436681,504903.7944366545,504903.342999996,504904.332999995,504903.83799999545,3.9287581013176984,4.1150291736805755,2.8969636193934347,3.4627792910775863,9.640323294108176,2.367423125123614,1.8865798789046968,4.940911543594694,2.12005488465881
504903.395436633,504904.393436686,504903.8944366595,504903.424999994,504904.433,504903.928999997,3.702990339014667,3.6355623954866463,3.24866534653008,3.397640358072945,9.019759049185716,2.285598948350764,1.8717719661944932,4.518346790644297,1.6465778576523953
504903.495436639,504904.493436691,504903.994436665,504903.525,504904.529999998,504904.02749999904,2.709372189810746,2.2229745888135652,3.1509700091636477,3.043757339891381,6.0329835973505945,1.537755058230994,1.601055478400593,2.880100427497579,1.2053810191376133
504903.595436644,504904.593436699,504904.09443667147,504903.636999998,504904.642999992,504904.139999995,1.9543142018527722,0.9333603476503775,3.2389128958524163,3.1702962214464168,3.1226680593459992,0.803259276559344,1.619287425480092,1.338810216404874,1.4079191720826572
504903.695436649,504904.693436711,504904.19443668,504903.733999997,504904.739999989,504904.236999993,1.8419828075745879,0.3639708059491597,3.6546167626419868,3.747677684260453,1.6469145810405261,0.5136579549459961,1.997386901170049,0.620377761838353,2.191260008750178
504903.795436655,504904.793436724,504904.29443668947,504903.830999995,504904.851999985,504904.34149998997,1.874983824313165,0.2938503768113544,3.786346743762949,3.9181017856464546,0.9622852792163734,0.5197819300513531,2.210036444133663,0.4043864114695723,2.905081623413599
504903.89543666,504904.893436737,504904.3944366985,504903.943999994,504904.951999998,504904.447999996,1.6223773125942182,0.38481657980174755,3.1209004119895125,3.20135748332609,0.4248753226648416,0.6355958444270974,1.8628029082243414,0.29532367662654596,3.0533462736935695
504903.995436665,504904.99343675,504904.4944367075,504904.043999999,504905.064999994,504904.5544999965,1.2280102519956557,0.505017733033674,1.969360317457379,2.1156181960869755,0.20862371317210315,0.7907402232631104,1.1720879661806713,0.32495122039304225,2.737682646378291
504904.09543667,504905.093436762,504904.594436716,504904.140999998,504905.130999991,504904.63599999447,0.898983513243908,0.518394676837387,0.9355102289466348,1.3266668840888478,0.12534145292224066,0.8549695947910088,0.5732319460529229,0.40696599931819444,2.4507873229940276
504904.195436676,504905.193436775,504904.69443672546,504904.221999996,504905.242999987,504904.7324999915,0.7537144551860484,0.4685482669005362,0.42844962715166857,1.0817042224360802,0.10755476083238702,0.7441210791370391,0.28413263315559534,0.5095481816145491,2.4056568702605317
504904.295436681,504905.293436788,504904.7944367345,504904.334999995,504905.343,504904.8389999975,0.6824863588143949,0.46472424364452636,0.3152060256842359,1.0175678987445185,0.12318307982441011,0.4769535579865203,0.2017560003731593,0.5570122781372765,2.3034877861205123
504904.395436686,504905.3934368,504904.894436743,504904.435,504905.439999996,504904.937499998,0.6561212765605472,0.6593695302005754,0.46399036050824777,0.8992653033567781,0.30559279007626133,0.26947627956498615,0.2602893900380784,0.5527577346201571,1.8382288241192932
504904.495436691,504905.493436813,504904.994436752,504904.531999998,504905.552999993,504905.0424999955,1.1107116605353216,1.5191627942353276,1.1192170091455127,1.151317347829077,1.6302226889738112,0.720041550326675,0.5398872157397451,1.0351117168780672,1.1707329611543567
504904.595436699,504905.593436825,504905.094436762,504904.644999993,504905.63399999,504905.1394999915,2.344646652986147,3.1752672706289333,2.2795119978910083,2.130957884499451,4.7967410529660395,2.151528066842768,1.01814610816495,2.5580866956604575,0.6469341472355689
504904.695436712,504905.693436838,504905.194436775,504904.741999989,504905.730999986,504905.23649998754,3.66638818768036,4.695650053867755,3.2697094640287405,3.259421525773212,8.145734003246524,3.761548214500475,1.4251457349924583,4.320046212335801,0.4538502926979162
504904.795436724,504905.79343685,504905.294436787,504904.853999985,504905.830999998,504905.34249999153,4.201418009751001,5.090660180001103,3.608880730056629,3.7298825091726426,9.415020698782616,4.357715294202536,1.7212096387328633,5.065528847129939,0.622446179929679
504904.895436737,504905.893436862,504905.39443679946,504904.953999998,504905.927999995,504905.4409999965,3.8276519366862463,4.401017735806569,3.5473814591451847,3.43350406526881,8.154238506953229,3.5941614509734006,2.0584170473155012,4.433494377794549,0.9990008502327258
504904.99543675,504905.993436875,504905.49443681247,504905.066999995,504906.040999992,504905.5539999935,3.0020045617720106,3.320287243983388,3.3820593555099006,2.785324544166138,5.7139860137491825,2.2024410353136448,2.3061052216013547,3.064683139974283,1.2411499398781949
504905.095436763,504906.093436887,504905.594436825,504905.132999991,504906.153999988,504905.6434999895,2.1833328751467804,2.4549164261873297,2.9820675437255435,2.1341808666653606,3.670239576221647,1.1051217638946327,2.144447803947815,1.8893010700908037,1.08638795044111
504905.195436775,504906.193436899,504905.694436837,504905.244999988,504906.234999985,504905.7399999865,1.560461663881358,1.9531031044707634,2.1943787537964945,1.612155110444756,2.464593498677775,0.5078608240135315,1.6467395589780316,1.36269986434564,0.742162596323872
504905.295436788,504906.293436912,504905.79443685,504905.341999984,504906.334999997,504905.8384999905,1.2814790322054281,1.670819763742982,1.6162422958043714,1.4782458454567045,1.8032353260046121,0.2563665303779794,1.3914319174501348,1.2470599347880356,0.7884306440186049
504905.3954368,504906.393436924,504905.89443686197,504905.441999997,504906.447999994,504905.9449999955,1.3969662935436182,1.4753596747723399,1.7954103151514413,1.8707860743364941,1.6078371542727643,0.241448153969124,1.6231489950888163,1.2148982119296696,1.3468417688282952
504905.495436813,504906.493436936,504905.9944368745,504905.554999993,504906.52899999,504906.0419999915,1.6095325729727454,1.1920946850872027,2.4371044676076696,2.4128046037419812,1.6255242987857796,0.37812175946691967,1.8888307284937111,1.045874550947413,1.895905489651285
504905.595436825,504906.593436948,504906.0944368865,504905.63599999,504906.625999988,504906.130999989,1.5999659577134857,0.834510910989858,2.8610959480695604,2.658610458060262,1.3820593425226253,0.5035763664826757,1.7667663303200818,0.7018618473902531,2.091246457872569
504905.695436838,504906.69343696,504906.19443689904,504905.732999986,504906.725999999,504906.22949999245,1.6241352025217113,0.7878266731996009,3.0514414520362463,2.8866228360022195,1.1595032200900879,0.7636044829493727,1.5356527309698467,0.5564804048749799,2.251949820051337
504905.79543685,504906.793436967,504906.2944369085,504905.832999999,504906.822999997,504906.327999998,1.9705518112232125,1.0506161328982018,3.364264275879184,3.527771312897561,1.34729922490561,1.1703451857454588,1.7945521085384608,0.710553083615862,2.799013165305362
504905.895436863,504906.893436974,504906.3944369185,504905.929999995,504906.935999995,504906.43299999496,2.6231124107977433,1.270189725503562,4.0821524552786945,4.643354464591193,2.068090999044741,1.4732457338065852,2.819780689975236,0.9270848031557368,3.7010004150261984
504905.995436875,504906.993436982,504906.4944369285,504906.042999992,504907.032999993,504906.5379999925,3.1441170393643105,1.1672314791491207,4.90842874174846,5.533584859610139,2.9221191222111678,1.3804699090345307,4.057723373681846,0.9472739738661882,4.236104855613033
504906.095436887,504907.093436989,504906.594436938,504906.155999988,504907.129999991,504906.6429999895,3.1058893473838487,0.8012563281966916,5.120051215334892,5.33221927214449,3.212858096705484,1.0814450908990705,4.651236653326718,0.812543390747381,3.835504731716064
504906.1954369,504907.193436996,504906.69443694805,504906.236999985,504907.229999999,504906.733499992,2.579321494085579,0.49204244567263483,4.562437907041267,4.040130466154887,2.71758123116165,1.0476083211578722,4.35981383278704,0.7752576356959324,2.63970011301335
504906.295436912,504907.293437003,504906.79443695745,504906.336999997,504907.326999997,504906.831999997,1.912618814445055,0.36221282399612464,3.510522376198467,2.457311667173812,1.9425783854005343,1.305869343100405,3.5405920806317175,0.8600402084405367,1.3218236306188431
504906.395436924,504907.39343701,504906.894436967,504906.449999994,504907.423999995,504906.9369999945,1.4010987796356615,0.2995584563229564,2.4469157363353347,1.473315524363149,1.484645606325814,1.394825824293832,2.75094732520797,0.8332551423401788,0.5253266218960576
504906.495436936,504907.493437017,504906.9944369765,504906.530999991,504907.551999993,504907.041499992,1.1007180621558557,0.35504744205064864,1.6017796033353502,1.1952846708846083,1.4300721476861176,1.0929176038093869,2.139058648334718,0.6470599051832651,0.3445244759627509
504906.595436948,504907.593437025,504907.0944369865,504906.627999988,504907.652,504907.13999999396,1.1534239043011967,1.1455641522808113,1.1042113103908546,1.2501126036323265,1.703440434568511,0.9640081020337161,1.6614403626568017,0.7561737545457181,0.6424405143008339
504906.69543696,504907.693437032,504907.194436996,504906.728,504907.732999998,504907.230499999,1.7447409927124125,2.8749289085787746,1.1116660908523923,1.486103953716925,2.345284957177318,1.5797060760088806,1.464531086028678,1.5038262277341765,1.591880641602156
504906.795436967,504907.793437039,504907.294437003,504906.824999998,504907.829999996,504907.327499997,2.7222017538405545,4.60690514547747,1.7481195262294067,2.0293204576926605,3.374886148431413,2.749844927311057,1.6944556430329119,2.5012091132758765,3.0728730692736432
504906.895436975,504907.893437046,504907.3944370105,504906.937999996,504907.926999994,504907.432499995,3.4667701607771795,5.090992477977065,2.7190678068424767,2.6603917866555924,4.255241099822163,3.6500079084463204,2.1497864715233916,2.9330368730981444,4.27563686185228
504906.995436982,504907.993437053,504907.4944370175,504907.034999994,504908.023999992,504907.52949999296,3.515615848565004,4.005558074383011,3.5530135114823933,3.031373325342908,4.406100718979728,3.6572673805132094,2.6440236175447303,2.4979637052390853,4.329626455034968
504907.095436989,504908.09343706,504907.5944370245,504907.131999992,504908.123999999,504907.6279999955,3.2578713231009044,2.383640926896641,4.427165464372667,3.464322749051119,4.060556917531941,2.993816035094666,3.6192867153115875,1.6986216866496904,3.4155600898989236
504907.195436996,504908.193437067,504907.6944370315,504907.231999999,504908.251999997,504907.741999998,3.432118192278084,1.4661915431783155,5.687202137324719,4.549690802875553,4.12799500013087,2.3439760964789986,5.341496543069113,1.3203868000034844,2.6200066151636205
504907.295437003,504908.293437074,504907.7944370385,504907.328999997,504908.348999995,504907.83899999596,3.8730181221333324,1.366127799441527,6.678185072786453,5.750464007892014,4.527157194821191,1.978668242167845,6.839286594505929,1.3993965827341985,2.4448594827175003
504907.39543701,504908.393437081,504907.8944370455,504907.425999995,504908.430999993,504907.928499994,3.6608585508388525,1.306684370975171,6.191285296980581,5.786476694987653,4.2419721567905055,1.5525606571376716,6.591697124901911,1.3388102314792176,2.2773818734581095
504907.495437018,504908.493437087,504907.9944370525,504907.553999993,504908.531,504908.0424999965,2.6813499011115303,1.0600616227033106,4.294035428706494,4.401326602222724,3.2043927429162204,1.0511652995572727,4.591093666530566,1.0335262638587355,1.8151975823969202
504907.595437025,504908.593437094,504908.0944370595,504907.654,504908.627999998,504908.140999999,2.033425702662811,1.1702763352031504,2.7472565794757333,2.803920488880584,3.047845511345797,1.2681625088539492,2.4891585588028624,1.2521341196928697,1.4886515190475418
504907.695437032,504908.693437101,504908.1944370665,504907.734999998,504908.755999996,504908.245499997,2.6287052219430143,2.0456695277113495,2.913950874456768,2.2407402292360024,4.942219788869933,2.801987143931383,1.6904769403518625,2.570790376899068,1.8238068940877488
504907.795437039,504908.793437108,504908.2944370735,504907.831999996,504908.821999985,504908.3269999905,4.085992649690182,3.314101639469923,4.285484884447596,2.8106020301704544,8.042696651310642,4.986563303379122,2.122687377903991,4.4691450211195285,2.6566602897201976
504907.895437046,504908.893437125,504908.3944370855,504907.928999994,504908.933999979,504908.4314999865,5.233642357297494,4.055070509104472,5.381581264190684,3.810106218455682,10.346455894863755,6.369035501947664,2.898084584797444,5.689992519084283,3.3188123659359707
504907.995437053,504908.993437144,504908.4944370985,504908.025999992,504909.033999998,504908.529999995,5.382435643678383,3.750461813668241,5.594145755848538,4.63540730042301,10.483038315141778,6.067654073436608,3.5364787579007038,5.444480761521284,3.5478183714869034
504908.09543706,504909.093437162,504908.594437111,504908.125999999,504909.130999993,504908.62849999603,4.757495748194497,2.7108140551362183,5.2337126233137345,5.051542453099323,8.620685499471643,4.422133273722778,4.088159170169709,4.100612255552785,3.832306655089784
504908.195437067,504909.19343718,504908.6944371235,504908.253999997,504909.227999988,504908.7409999925,4.057640956328379,1.7560833584575124,4.757064383273504,5.111273930437376,6.111040890360545,2.637031489923227,4.6689753300964405,2.7578139899882297,4.661844278090197
504908.295437074,504909.293437198,504908.794437136,504908.350999995,504909.324999983,504908.83799998905,3.567294381001168,1.3483830986207408,4.144762319878227,4.769035665204087,4.046681980729315,1.5594749389769116,4.9858301069964135,2.018261399468956,5.665925538134694
504908.395437081,504909.393437216,504908.89443714847,504908.432999993,504909.453999978,504908.9434999855,3.181700721822132,1.347952117920382,3.381414567997198,4.022669948653652,2.922009296644555,1.1586675460048297,4.905167812146301,1.7645812462214956,5.951143238988641
504908.495437088,504909.493437234,504908.994437161,504908.529999991,504909.553999996,504909.0419999935,2.906317749156685,1.503651227556813,2.933815785781001,3.2066179022125256,2.808023840497361,1.2182002391593767,4.658797294332793,1.7615147056105938,5.1599209981030185
504908.595437094,504909.593437252,504909.094437173,504908.629999998,504909.650999991,504909.1404999945,2.6940287824257734,1.676528410978722,2.916495622718772,2.592307040823826,3.0363517512301246,1.3846289579932334,4.338100337580857,1.8169465015212205,3.7908716365594293
504908.695437101,504909.69343727,504909.19443718554,504908.757999996,504909.731999986,504909.24499999103,2.443536351066566,1.768577905335548,2.9371486592696403,2.1874058044022133,3.0434124423401254,1.4246124717215773,3.834001178044293,1.8113437332119218,2.54178861420721
504908.795437108,504909.793437288,504909.294437198,504908.823999986,504909.828999981,504909.3264999835,1.9820483840718928,1.5571418666083587,2.5067619170909197,1.7103422666537984,2.6092581994377513,1.193302458099646,3.1145820489545333,1.4897231494937686,1.6752751662363659
504908.895437126,504909.893437306,504909.394437216,504908.93599998,504909.928999999,504909.4324999895,1.43753504972289,1.029669900447761,1.7788423739489772,1.156912886063598,2.0933010529349003,0.8521078445041244,2.529274831072221,0.8883051510904744,1.171866357721065
504908.995437144,504909.993437324,504909.494437234,504909.035999998,504910.041999994,504909.53899999603,1.1220173357946666,0.48719109414900863,1.3109075085994162,0.8358418370069793,1.9632401575148228,0.6492607741612686,2.36732259247777,0.3824694935060038,0.9799052289420629
504909.095437162,504910.093437342,504909.594437252,504909.132999993,504910.138999989,504909.635999991,1.4848931509136412,0.46750687299612004,1.6575363841183277,1.179273267889666,2.939461999169483,1.164428519296398,2.6440727672146425,0.6965813058840667,1.1302840907404246
504909.195437181,504910.193437359,504909.69443727,504909.229999988,504910.235999984,504909.73299998604,2.875092489721973,1.2097361072699835,3.1119403080013055,2.4488414810262698,5.976172890483702,2.9590359115783658,3.4067815745046692,2.2177416844144897,1.6704899604969983
504909.295437199,504910.293437377,504909.794437288,504909.326999983,504910.332999979,504909.829999981,4.983737708015057,2.3992384560688667,5.3491252435169905,4.312625677227848,10.521791551673052,5.652453121983092,4.740336396402022,4.3670844754893645,2.5272467417592224
504909.395437217,504910.393437394,504909.8944373055,504909.455999978,504910.432999996,504909.944499987,6.551825652504576,3.261824811738083,7.081786856321667,5.702836467798752,13.719667112414339,7.679307038698943,5.9625261946283805,5.691993016827993,3.3146637216084525
504909.495437235,504910.493437391,504909.994437313,504909.555999996,504910.530000004,504910.043,6.501366001128185,3.2907513072968992,7.232325292557595,5.750658754992462,13.136209558748472,7.699198669300302,6.087115412323516,5.2617964681461,3.552872545660129
504909.595437253,504910.593437383,504910.09443731804,504909.652999991,504910.642000006,504910.1474999985,5.375145672277073,2.7764720907676175,6.510516693643114,5.02189904510327,9.791098166248748,6.22515600690266,5.516053313667412,3.705424297109713,3.454545764774053
504909.695437271,504910.693437374,504910.1944373225,504909.733999986,504910.739000009,504910.23649999755,5.086919403465694,2.663373483565818,7.069749503991845,5.272487435604386,7.596934114760042,5.26630144573587,6.2102634449986045,2.6426809308131185,3.973564868255864
504909.795437289,504910.793437366,504910.29443732754,504909.830999981,504910.839,504910.3349999905,6.556599995881003,3.452042674774014,9.76250921892601,7.216890222324098,8.829713225098601,5.869631057977202,9.128571118943945,2.8319781005832008,5.36146434842096
504909.895437306,504910.893437358,504910.39443733206,504909.930999999,504910.936000003,504910.433500001,8.511975843897556,4.560233075033505,12.705047327446948,9.391833425235546,11.604629451172588,6.961467133458508,12.635975953260564,3.5908529963465794,6.645767389226206
504909.995437324,504910.99343735,504910.494437337,504910.043999994,504911.049000005,504910.5464999995,9.452017159615027,5.208463675779315,13.749760157906504,10.293068117960978,13.163403551494762,7.245045619951725,14.59061318689276,4.13480340833215,7.23097955860202
504910.095437342,504911.093437341,504910.5944373415,504910.140999989,504911.146000007,504910.643499998,9.254459969961847,5.144303568760194,12.901510213908438,10.04180340696686,12.772618810025131,6.595858666040234,14.636923058025584,4.259893852672382,7.6827681832959485
504910.19543736,504911.193437333,504910.6944373465,504910.237999984,504911.24300001,504910.74049999705,8.693609719754866,4.589556181526959,11.694597229592759,9.622707169855602,11.494746911127393,5.61073829836058,13.901349206161482,4.0741924184711324,8.560990342943022
504910.295437377,504911.293437325,504910.794437351,504910.334999979,504911.343000001,504910.83899999,8.178110333438624,3.9396573226176295,10.893636331275534,9.328592195556428,10.472344034892219,4.85249772531129,13.006872274781035,3.771042295887466,9.16024048718739
504910.395437395,504911.393437317,504910.89443735604,504910.434999997,504911.424000004,504910.92950000055,7.205265686845274,3.35538588408115,9.678281576826905,8.301361615952992,9.3682867118232,4.256390323963875,11.157376278923762,3.3715195909101956,8.153523512280106
504910.495437391,504911.493437308,504910.9944373495,504910.532000004,504911.537000006,504911.034500005,5.448073922768566,2.818750646518371,7.383294961740788,6.07847458045649,7.350517216853304,3.6695101074035423,7.896356494623824,2.864474433009148,5.523212941543065
504910.595437383,504911.5934373,504911.0944373415,504910.644000006,504911.650000008,504911.147000007,3.4557045551806223,2.2960852801846343,4.6287414672274565,3.5175762541822757,4.696629591398969,3.081855147794081,4.354317048900912,2.318575972548612,2.7518556792080373
504910.695437374,504911.693437292,504911.19443733303,504910.741000009,504911.75,504911.2455000045,1.9051141999882528,1.692773978311001,2.418924306295935,1.6166062931200404,2.537274504651004,2.38010820478979,1.893210643504986,1.6894833334302068,1.0125323358030598
504910.795437366,504911.793437284,504911.294437325,504910.841,504911.847000002,504911.344000001,1.165403551133923,1.0694492865401395,1.3187145039898223,0.7142446032503029,1.9836830753525212,1.8628970649070244,0.9073881328741932,1.1100524633116673,0.3567992788457123
504910.895437358,504911.893437276,504911.39443731704,504910.938000002,504911.959000004,504911.44850000297,1.2895161735714222,0.7410802162328284,1.3946717383815208,0.7296590205038009,3.0926676533480397,2.126994140274646,0.7992600142090351,1.0141711485545133,0.4176254570669936
504910.995437349,504911.993437268,504911.4944373085,504911.051000005,504912.041000007,504911.546000006,1.9925831271520185,1.0074783769524314,2.3144638238165114,1.3653719349967113,4.68218149026628,3.113732981569399,0.894089461465424,1.5804885748055908,0.9828583733437984
504911.095437341,504912.09343726,504911.5944373005,504911.148000007,504912.138000009,504911.64300000796,2.6599378034486376,1.701109573414184,3.296594014587675,2.072524227250168,5.256875903663008,3.856306202301096,0.968863837221632,2.2932787150331153,1.8339499541182245
504911.195437333,504912.193437252,504911.6944372925,504911.245000009,504912.238000001,504911.741500005,2.86653037695359,2.35018093707842,3.64626942004033,2.411627317574077,4.565157613131023,3.6158676200845177,1.1694902846381532,2.5877147653640566,2.585935057718144
504911.295437325,504912.293437244,504911.7944372845,504911.345000001,504912.350000003,504911.847500002,2.664213987788217,2.584274632733649,3.2706469913055436,2.2772368852438545,3.636277679319196,2.6544229259364083,1.57344890928103,2.430415451782167,2.886988426703887
504911.395437316,504912.393437236,504911.894437276,504911.426000003,504912.432000005,504911.92900000396,2.356477840841447,2.3382909815015527,2.637846735684657,2.0268821034189815,3.279100136094451,1.7506444154737975,1.9768108691001993,2.1079827189425466,2.734264766515389
504911.495437308,504912.493437228,504911.994437268,504911.539000006,504912.544000008,504912.04150000704,2.3073595253247308,1.9149874172119268,2.5536263244743105,2.3757687068840188,3.405729119409182,1.5482841722581981,2.3960349076881307,1.9078816745032743,2.3565638801688045
504911.5954373,504912.59343722,504912.09443726,504911.652000008,504912.640999993,504912.1465000005,2.8100319314362516,1.6471201473365422,3.73773388920001,3.9209990072588448,3.602919488396876,2.160590210060089,3.3547621579939855,1.8700540789853994,2.186076472258267
504911.695437292,504912.693437224,504912.194437258,504911.74900001,504912.740999997,504912.2450000035,3.929425323117386,1.661540999582452,6.183147822093998,6.564686428746624,4.013690038950076,3.3996538921500314,5.023151969879889,2.0227840909922286,2.56674734254379
504911.795437284,504912.793437237,504912.2944372605,504911.849000002,504912.837999993,504912.3434999975,4.953682858568153,1.6799200090950015,8.420361073492492,8.831296766433786,4.430065776490612,4.534370709875174,6.370801379081065,2.124820241672489,3.2378269124046053
504911.895437276,504912.89343725,504912.394437263,504911.961000004,504912.950999989,504912.4559999965,5.164281942998011,1.60969426041898,9.002985443102617,9.421163979421896,4.435236983055739,4.862252524513167,6.319274216177584,2.0367820593189636,3.626866077975139
504911.995437268,504912.993437264,504912.494437266,504912.043000007,504913.031999986,504912.5374999965,4.621683139294342,1.6837864125261084,8.080865329673395,8.430489739135682,3.899527393544693,4.571462501443089,4.9815507351307104,1.8737053222289248,3.452077680672134
504912.09543726,504913.093437277,504912.5944372685,504912.140000009,504913.131999999,504912.636000004,4.06749401101169,2.1674438954741264,7.184229341094047,7.1024967267813,3.1834544176695614,4.4973089427364075,3.5681119708121343,1.89412157702104,2.9427852165049004
504912.195437252,504913.19343729,504912.694437271,504912.240000001,504913.244999995,504912.74249999796,3.848575169014558,2.890129149084661,7.029321705610883,6.12417721312574,2.508780556052775,4.7959169918581335,2.873594588652558,2.0931779926176803,2.4735031551140336
504912.295437244,504913.293437303,504912.7944372735,504912.352000003,504913.341999992,504912.8469999975,3.542665437200677,3.2340575273899907,6.554870802018314,4.952236495446603,1.823295044633293,4.873345499245793,2.5388374141370242,2.3322730850677527,2.0324076296666425
504912.395437236,504913.393437316,504912.894437276,504912.434000005,504913.438999988,504912.9364999965,2.9238775143278897,2.9715634956733874,5.079777194865819,3.2791028106022586,1.4022570555421536,4.486262970910586,2.0513051312559925,2.6400929036551095,1.4806585521178104
504912.495437228,504913.493437329,504912.9944372785,504912.546000007,504913.535999984,504913.04099999554,2.341011077596095,2.5174746600111195,3.1376980258317824,1.682635938764645,1.4312201101397677,4.071664110293361,1.5770957326604644,3.093237693931451,1.217062349136167
504912.59543722,504913.593437342,504913.094437281,504912.642999993,504913.635999997,504913.139499995,2.283193569091049,2.6016290354353746,1.72732328333258,1.0559403561941012,1.7147909255893166,3.996693411543565,1.703806785949459,3.672781158930758,1.7925835957532397
504912.695437224,504913.693437355,504913.1944372895,504912.742999997,504913.732999994,504913.2379999955,2.743775917032633,3.553126813153885,1.1880254816043594,1.418552280166871,2.206548661919552,3.865147563077901,2.57790441754341,4.240209305048744,2.90069281374634
504912.795437238,504913.793437368,504913.294437303,504912.839999993,504913.82999999,504913.33499999146,3.2949481414327644,5.067629674312273,1.2996070624655673,1.9928256325592353,3.149799998840698,3.1887901580358937,3.5524703331460867,4.60031696340363,3.508145308698729
504912.895437251,504913.893437381,504913.394437316,504912.95299999,504913.941999987,504913.4474999885,3.4557664124174954,6.257810940019219,1.7517183710332802,2.049636794548964,4.3248208207428895,2.076792475538695,3.7548514011412837,4.4438508605475,2.986649635768133
504912.995437264,504913.993437394,504913.494437329,504913.033999986,504914.041999999,504913.5379999925,3.162382512695221,6.5706581044059185,2.4211290579579283,1.4912096904952359,5.27339512098581,1.043140512006586,3.045429969334468,3.6824572271214295,1.7716404192543933
504913.095437277,504914.093437406,504913.5944373415,504913.133999999,504914.138999996,504913.63649999746,2.7908633925196282,6.13530235023368,3.283119979571426,0.8358427762614193,5.812499310649336,0.47544222569724254,2.318526296829995,2.6607785808105104,0.8053956201034171
504913.19543729,504914.193437419,504913.6944373545,504913.246999996,504914.235999992,504913.741499994,2.8912564342821683,5.42802090445754,4.42004839875692,0.8561846872426122,6.505392173609445,0.6471845077338412,2.792031195717492,1.96564737057572,0.5155422361637769
504913.295437303,504914.293437432,504913.79443736747,504913.343999992,504914.332999989,504913.8384999905,3.6660045838630335,4.925990001092796,5.773948452917311,1.8107930521251518,7.882187720322804,1.5988200395720382,4.5979743367872095,2.0199904404769042,0.7183326276100559
504913.395437316,504914.393437444,504913.89443738,504913.440999988,504914.445999985,504913.9434999865,4.443556341656135,4.509596264779412,6.5956589285817255,2.927657341214042,8.899601418390137,2.7501486490881395,6.2986033842176194,2.3945876036733083,1.1725971433046953
504913.495437329,504914.493437457,504913.99443739303,504913.537999985,504914.545999998,504914.0419999915,4.415614765383776,3.920289741948549,6.102429785860392,3.2779491989905893,8.255686381943816,3.26807030445792,6.39599780989362,2.506524879136083,1.597970020839232
504913.595437342,504914.59343747,504914.094437406,504913.637999998,504914.626999994,504914.132499996,3.339639635579342,2.9371812009721645,4.298751230905366,2.563758984562423,5.8369905156662,2.7115399421141735,4.682622222164406,2.044565643606556,1.641707344643446
504913.695437355,504914.693437482,504914.1944374185,504913.734999994,504914.755999991,504914.2454999925,1.861543638105478,1.8337472402666506,2.166968598195643,1.3972272125994225,2.9535931049381916,1.5425261110547688,2.4451808353857656,1.302669054003247,1.2504369484001323
504913.795437368,504914.793437493,504914.29443743045,504913.831999991,504914.852999992,504914.34249999153,1.2263952181570403,1.5258110871019437,1.0083079342748387,0.9208941403960369,1.6588823649854154,0.8460965097672766,1.5070408156985846,1.3153195567576186,1.0288093362746085
504913.895437381,504914.893437501,504914.394437441,504913.943999987,504914.953,504914.4484999935,2.0589571422475705,2.5285462277769257,1.293780609067099,1.7578904742818486,2.833099929584715,1.0954949988573353,2.597396566268841,2.7169877734950907,1.6484605586487082
504913.995437394,504914.993437508,504914.494437451,504914.044,504915.033999998,504914.538999999,3.3973238363234213,3.9316873239223713,2.1315222513444922,3.005725076086944,4.857716447116918,1.6799841474621953,4.3471187534957085,4.524208622997664,2.700628068161076
504914.095437407,504915.093437516,504914.5944374615,504914.140999996,504915.146999996,504914.643999996,3.9244151767715234,4.465357492448842,2.4759241957865465,3.458308582151931,5.741449471356668,1.8813296719977897,4.984235480401603,5.18722018867891,3.201496331349897
504914.195437419,504915.193437523,504914.694437471,504914.237999993,504915.243999994,504914.7409999935,3.1675442244913374,3.64621982998574,2.018873787954486,2.7030817727860668,4.647691367241308,1.4840541791093869,3.909824279023567,4.073873838234678,2.8567347415954663
504914.295437432,504915.293437531,504914.7944374815,504914.334999989,504915.340999992,504914.8379999905,1.9299649314970257,2.204883371183853,1.5572191762867431,1.5091145898684073,2.702808747965707,0.9818439271070444,2.13592177418377,2.156954520487834,2.1909733448928472
504914.395437445,504915.393437538,504914.89443749154,504914.447999986,504915.440999999,504914.94449999253,1.2719398505550812,1.2357865505301435,1.7976286958609577,0.8750356674235867,1.585334372152548,0.9156865441691604,1.1304794807361576,0.8653355438897736,1.770231949678323
504914.495437457,504915.493437546,504914.99443750153,504914.547999998,504915.552999997,504915.05049999745,1.360580330037053,1.2224899045227908,2.364387147095461,0.9256239763858805,1.7008393814116396,1.1444438895766023,1.1838259022986326,0.728862684614423,1.6141697543909936
504914.59543747,504915.593437553,504915.0944375115,504914.628999995,504915.649999995,504915.13949999504,1.6813264829335903,1.7945285660199686,2.497849403080627,1.0939946577855917,2.3098494718308524,1.2619980915366864,1.563343991491441,1.2797274298197707,1.6493202519037853
504914.695437483,504915.69343756,504915.1944375215,504914.757999991,504915.746999993,504915.252499992,1.9704680080732055,2.283622869210088,2.2662186631374164,1.207067530526475,2.966435008387716,1.2531778719519844,1.880843846778056,1.8754554593995127,2.0309228151943945
504914.795437493,504915.793437568,504915.2944375305,504914.854999993,504915.843999991,504915.349499992,2.4119011814786004,2.3680041303932633,2.387153095024142,1.539641841050213,3.9639515769757567,1.5657297068255878,2.392855521633511,2.245144363151418,2.8327292167749123
504914.895437501,504915.893437575,504915.394437538,504914.93599999,504915.943999998,504915.439999994,3.0335676540224594,2.060841802454636,3.0458394485234566,2.2460301854704365,5.102732971865722,2.318183956637747,3.4277949102204146,2.267976841671419,3.7991411153358454
504914.995437508,504915.993437582,504915.49443754496,504915.035999998,504916.040999996,504915.538499997,3.7638355939713546,1.7029822076884518,4.181700524142481,3.4324756816785444,5.925856977393748,3.345863000152205,5.0253423373126225,2.083376870950927,4.413087152451857
504915.095437516,504916.09343759,504915.59443755297,504915.148999996,504916.122999994,504915.63599999505,4.60080704125693,1.4999264894114694,6.266738965848795,5.13976925153467,6.232801064410685,4.440528588586814,6.86808065003323,1.873855959148751,4.48475536108103
504915.195437523,504916.193437597,504915.69443756004,504915.245999994,504916.234999992,504915.740499993,5.301252892033057,1.3057106860870458,9.176760322587116,6.719370879650892,6.139810522458429,5.164601516721402,8.177722149249504,1.617235809762267,4.108811249747806
504915.295437531,504916.293437604,504915.79443756747,504915.342999992,504916.334999999,504915.8389999955,5.658108431057976,1.0912959464633443,11.940212155795653,7.444017168725995,5.944635673244392,5.300916848623016,8.41890190711176,1.3656443184216482,3.759243430078003
504915.395437538,504916.393437611,504915.8944375745,504915.442999999,504916.431999997,504915.937499998,5.552762991577575,1.016004095010151,13.064983220050262,7.069154431273255,5.678541863217763,5.04854568320373,7.485364384853259,1.25519642340519,3.8043138316069847
504915.495437546,504916.493437619,504915.9944375825,504915.554999997,504916.544999988,504916.0499999925,5.21731339582513,1.361767894853185,11.905474197841144,6.0970401621839105,5.453431949317029,5.236549993555038,5.768013583989362,1.7247583409693017,4.191471043892072
504915.595437553,504916.593437639,504916.09443759604,504915.651999995,504916.657999982,504916.1549999885,4.683342557065169,1.8753133028432747,8.975089583992657,4.897586061653697,5.05610461795594,5.845260663046636,3.8417979970794995,2.6661514756217066,4.309436754327945
504915.69543756,504916.693437658,504916.194437609,504915.748999993,504916.722999977,504916.235999985,3.86495778282855,2.1010701277262394,5.577473308737857,3.587517336239451,4.374714743165762,5.976109281978919,2.1868910758401627,3.3715870269832786,3.744299361956731
504915.795437568,504916.793437677,504916.29443762254,504915.845999991,504916.822999996,504916.3344999935,2.887736422682387,2.0313798204058644,3.1227685046925604,2.27596800107009,3.5882612044696955,5.015072398610205,1.0990688939425612,3.309538189704579,2.6598343685635397
504915.895437575,504916.893437697,504916.394437636,504915.945999998,504916.935999991,504916.4409999945,2.1852347820099456,2.0277700848677087,2.4111973597525402,1.323911472316443,2.9621423216352523,3.585610512364456,0.7425843154396999,2.6945351169303575,1.7341270727731066
504915.995437583,504916.993437716,504916.4944376495,504916.042999996,504917.048999985,504916.5459999905,1.9410582788536095,2.2573711391878843,2.750418239621423,0.896754312771592,2.543967854733596,2.5607310041138036,0.859414047257692,2.1658040037873234,1.4940056293555612
504916.09543759,504917.093437735,504916.5944376625,504916.124999994,504917.14599998,504916.635499987,1.8998660481070444,2.441369096059855,2.979856870333479,0.8252490486369924,2.0895018091241724,2.0822509334140484,1.0849628117705037,1.9094737020615051,1.786264113455798
504916.195437597,504917.193437754,504916.6944376755,504916.236999992,504917.245999999,504916.74149999546,1.779706384585476,2.2623023985481203,2.789130130124339,0.9742586532327788,1.4766741166450477,1.6526494574458517,1.2884529921542154,1.608198580920594,2.185984747612862
504916.295437604,504917.293437773,504916.79443768854,504916.337,504917.342999994,504916.839999997,1.658342970562861,1.7516448132706564,2.8515271072776875,1.3374553899634454,1.0425908097820253,1.075834657144493,1.6071333860151915,1.1026202631668596,2.4979373378825276
504916.395437612,504917.393437793,504916.8944377025,504916.433999998,504917.439999989,504916.9369999935,1.7899890017690585,1.2358046372856313,3.636553344935506,1.8147063961608023,1.277077321680816,0.8369733620230564,2.0268127466599957,0.7304514572893281,2.761532748117333
504916.49543762,504917.493437812,504916.99443771597,504916.546999988,504917.551999983,504917.04949998553,1.9716991525996685,0.8237773633641233,4.538561377406629,2.0779809465560213,1.865072660195168,1.0109732437588541,2.161638013451781,0.5540934937425509,2.741496122322221
504916.595437639,504917.59343783,504917.09443773446,504916.659999983,504917.648999978,504917.1544999805,1.8380474205057833,0.4836311286544515,4.581203981232926,1.8663496326707778,2.1456745499831813,1.1316334670629868,1.7898353352222285,0.4468456712537202,2.2592055979659955
504916.695437658,504917.693437849,504917.1944377535,504916.724999977,504917.748999997,504917.236999987,1.449375919411199,0.3108655242647529,3.851980737001077,1.3670568146520503,1.9792842748904351,1.0169812402454077,1.285941415584298,0.3215433594619231,1.4613539891896496
504916.795437678,504917.793437868,504917.294437773,504916.824999997,504917.845999992,504917.33549999446,1.2964391429241922,0.5347863286778554,3.3294050096521164,1.14233012270146,1.9109404017704148,0.8945355791583633,1.3219101893406475,0.3229810417484716,0.9146244703442077
504916.895437697,504917.893437887,504917.394437792,504916.937999991,504917.942999987,504917.44049998897,1.764786359077113,1.2098875156043853,4.03064071855386,1.7104348174047064,2.3281105480359647,1.0981024109457922,2.127278482879751,0.5660784047340264,1.0477579744584182
504916.995437716,504917.993437906,504917.494437811,504917.050999986,504918.024999981,504917.5379999835,3.204363716456543,2.33596457692817,6.836401129258598,3.5356519792068655,3.8529972122008056,2.3402070231645267,3.6539897139243798,1.3250342271394158,1.754663869829582
504917.095437736,504918.093437924,504917.59443783003,504917.14799998,504918.125,504917.63649999,5.555968880037108,3.600346748338048,11.432334833938377,6.277587361728226,7.23823818802722,5.040405643543344,5.517507314659012,2.732657364172118,2.6086735858905232
504917.195437755,504918.193437943,504917.694437849,504917.248,504918.236999995,504917.7424999975,7.727659578316067,4.337285018217072,15.321960415561675,8.436612244469831,11.864107551619776,7.876989794567451,6.702669017235706,4.292416105180118,2.989236479676905
504917.295437774,504918.293437962,504917.794437868,504917.344999994,504918.33399999,504917.83949999197,8.29587214083794,4.075527955147915,15.790266462930166,8.55073203959122,15.201187019101074,8.882387068321485,6.265692618643548,5.042636062738953,2.5585479002291507
504917.395437793,504918.39343798,504917.8944378865,504917.441999989,504918.430999984,504917.93649998645,6.810712116685973,3.1267345778231106,12.314716079439966,6.52121710966382,14.66808540369123,7.393004243658611,4.313371803865358,4.556214413163946,1.5923533021817469
504917.495437812,504918.493437999,504917.9944379055,504917.553999984,504918.543999979,504918.0489999815,4.309852843143416,2.275152389556289,7.137478768035792,3.68400001441847,10.442375408390031,4.72116120259607,2.0782860910349066,3.338630929119424,0.8017379419963455
504917.595437831,504918.593438017,504918.094437924,504917.650999978,504918.643999998,504918.147499988,2.499453941980456,1.9602892892034733,3.396545805725626,1.8379589735478334,5.835613171649671,2.6697025236344483,1.0806855778394744,2.3367237666332517,0.8781124276098686
504917.69543785,504918.693438035,504918.1944379425,504917.750999997,504918.740999996,504918.24599999655,2.371435548160337,2.0701693449577445,2.8423800290309438,2.0397315289384483,4.1349494185693825,1.9438239675692524,1.9450511797799714,2.1543487004058504,1.8410302160311034
504917.795437869,504918.793438044,504918.29443795653,504917.847999992,504918.837999995,504918.3429999935,3.381251956426568,2.2362835733661983,4.786834333673078,3.6056255310476684,5.217117031263257,2.0214221421115357,3.7541867352297977,2.5190027143885807,2.9095435903324254
504917.895437887,504918.893438052,504918.3944379695,504917.944999987,504918.934999993,504918.43999999005,4.247131447671263,2.2021340201674877,7.031122513186607,4.9336057662879815,6.526045776972097,2.1572493622451887,5.044266094258126,2.7513152663697635,3.3313127818828536
504917.995437906,504918.993438059,504918.4944379825,504918.026999982,504919.031999991,504918.5294999865,4.160642503504652,1.8505717338073358,7.6682837387204925,4.982111257393939,6.2311517081011125,1.9799437201914494,5.100465716066482,2.3963352162908094,3.0762769374655945
504918.095437925,504919.093438066,504918.5944379955,504918.138999977,504919.131999998,504918.6354999875,3.3687948643931134,1.320806090978728,6.4524168277664185,4.019790737602273,4.825128531469769,1.5860855710745785,4.412934355781841,1.6799857999091277,2.6532110005621705
504918.195437943,504919.193438073,504918.694438008,504918.238999995,504919.243999996,504918.74149999546,2.6727135612782846,0.9459129293537232,4.8391569147046205,3.100175052462782,3.727982884338077,1.3533974209184434,3.8873691887236697,1.1946173642837987,2.3330967354411625
504918.295437962,504919.293438081,504918.7944380215,504918.33599999,504919.340999994,504918.83849999204,2.5919024284419327,1.2895637746867128,4.166379552078393,2.78790041021694,3.657419158786481,1.6393835604648077,3.7999405052320343,1.5658141816880242,1.828818284382071
504918.39543798,504919.393438088,504918.89443803404,504918.432999985,504919.437999992,504918.9354999885,2.8774936469603682,2.406792910156887,4.180996023230737,2.7378827436252227,3.917803521009442,2.2390534958204897,3.6843825336964375,2.7843810939254885,1.0686568542182395
504918.495437999,504919.493438095,504918.99443804706,504918.54599998,504919.537999999,504919.04199998954,3.043329883661186,3.6944868065841803,3.8832025910825427,2.4869388506652026,3.7481023497970156,2.6308394583808603,3.1870593469168527,4.189009681117609,0.5269999847452255
504918.595438017,504919.593438102,504919.0944380595,504918.645999998,504919.634999997,504919.14049999753,2.90581952560171,4.479536679592871,2.9418318756839783,1.9184957076994067,3.088117773424464,2.6413143314544896,2.380019572595308,5.021467328875062,0.7757729354880991
504918.695438036,504919.69343811,504919.19443807297,504918.742999996,504919.731999995,504919.2374999955,2.587491684613271,4.420768903713036,1.798408449702618,1.298908993119618,2.3019749809530126,2.448854770695177,1.7135145946680979,5.023687856953555,1.6938149271010525
504918.795438044,504919.793438117,504919.2944380805,504918.839999995,504919.828999993,504919.334499994,2.4864697734747243,3.6501786385032813,1.280750391921284,1.1954197889134661,1.7868802618130606,2.403271607857005,2.0253656379651144,4.531282390766304,3.0186094700582817
504918.895438052,504919.893438124,504919.394438088,504918.936999993,504919.941999991,504919.439499992,2.791190277704084,2.6272963682778028,1.6437516969336232,1.8062136155572284,1.5844405656988105,2.5624963765788698,3.519663031299814,4.009472577152465,4.576187990134055
504918.995438059,504919.993438131,504919.494438095,504919.033999991,504920.041999999,504919.53799999505,3.0805437862116327,1.916826850738503,2.1762754897071734,2.439244685915419,1.3864995998017693,2.55543881466598,4.9797885538186115,3.590729640239536,5.599546654806071
504919.095438066,504920.093438138,504919.594438102,504919.133999998,504920.138999997,504919.63649999746,2.944990254609343,1.9681466012130122,2.1250115969630174,2.3585489266591617,1.1954726834107434,2.2719715395292583,5.081989675067543,3.284884643352332,5.273896370679678
504919.195438074,504920.193438145,504919.6944381095,504919.245999996,504920.235999995,504919.7409999955,2.3936060917949913,2.554672000255759,1.4734260936526349,1.622709286637864,1.1721790726737973,1.859182287797471,3.778457462366571,2.9884223271829082,3.699800203792926
504919.295438081,504920.293438152,504919.7944381165,504919.342999994,504920.332999993,504919.83799999347,1.753148845510296,2.7897067270606413,0.8364555717959101,0.9578921904312109,1.252480970417246,1.4611451696950875,2.1966900538776017,2.5005615717521645,2.0302585090525063
504919.395438088,504920.393438159,504919.8944381235,504919.439999992,504920.433,504919.936499996,1.6287938195594214,2.3953994072643057,1.0850546266820893,1.2550781641440798,1.665789787688646,1.274867161038049,1.8685481813176275,1.9877832901821602,1.4978299381584137
504919.495438095,504920.493438166,504919.9944381305,504919.54,504920.529999998,504920.034999999,2.5551922139545216,2.011470943366738,2.9156238650429254,3.0663170596053213,2.9221333034469144,1.6578891791757104,3.544726755109272,1.906416304135195,2.416960301754098
504919.595438102,504920.593438173,504920.0944381375,504919.636999998,504920.626999996,504920.131999997,4.284050236828351,2.3052460244040835,6.047653180138898,5.829729672291648,5.090649469344109,2.7118421013214533,6.2420912076857515,2.4452793474727996,3.599910891968063
504919.69543811,504920.69343818,504920.19443814503,504919.733999996,504920.723999994,504920.228999995,5.551220936934694,2.873627872517812,8.739810173539599,7.744694297845189,6.64788801801571,3.616194754358828,8.01774272137332,2.8128964674472314,3.9569131903798613
504919.795438117,504920.793438187,504920.294438152,504919.830999994,504920.836999993,504920.3339999935,5.32637397318836,2.907099998357961,9.199516763483615,7.449105412060058,6.292934981429079,3.541302104460427,7.6048216202850245,2.416684675405219,3.1995262300254987
504919.895438124,504920.893438193,504920.3944381585,504919.943999992,504920.936999999,504920.4404999955,4.106770444897645,2.301616197261792,7.757138443488836,5.788060373142817,4.529180641567856,2.9033897295860545,5.808153438477808,1.623512459898437,2.1431122757575607
504919.995438131,504920.993438199,504920.494438165,504920.043999999,504921.033999998,504920.5389999985,3.3642045118880812,1.7662477066554931,6.509632909496718,4.865388362932201,3.0424779310279777,3.023131704718393,4.491827765112426,1.2981020936921595,1.9168276214692794
504920.095438138,504921.093438204,504920.594438171,504920.140999997,504921.130999996,504920.63599999645,4.1120540217345445,2.3152568777054885,7.046729127466987,5.924249824422311,3.1716724583794385,4.9661388437639165,4.496458881858752,2.3292020344302284,2.6467241258492322
504920.195438145,504921.19343821,504920.6944381775,504920.237999995,504921.227999994,504920.73299999454,6.3850790813893195,4.7946268030603685,9.15831792378236,8.666791256970766,5.438174612651483,8.816262827092098,5.271346936456929,5.491905600248565,3.443206690851982
504920.295438152,504921.293438215,504920.7944381835,504920.334999993,504921.328,504920.8314999965,9.392148760893207,8.883986928395517,11.192924134259385,11.778831515076316,9.571666906646602,13.302781935875071,5.940723985842705,10.668977860139945,3.7972968209101103
504920.395438159,504921.393438221,504920.89443819004,504920.435,504921.424999998,504920.929999999,11.625154449868713,12.400292323574199,11.637748234610566,13.60283306077297,13.879157351061655,16.101826513341358,6.0066157078068425,15.594091015000968,3.77867139278114
504920.495438166,504921.493438226,504920.994438196,504920.531999998,504921.536999997,504921.0344999975,11.480062843763609,12.922747442367537,9.839484502030107,12.658104168132827,15.48885628261871,15.270080053656418,5.161522219828973,17.026835445816882,3.472872635657425
504920.595438173,504921.593438232,504921.0944382025,504920.628999996,504921.633999995,504921.1314999955,8.649444262504174,10.117969114944234,6.373570370074777,8.93243047312068,12.755314650208925,11.031331866197313,3.4485274088713225,13.781695351685162,2.7547148649309734
504920.69543818,504921.693438237,504921.1944382085,504920.725999994,504921.746999994,504921.236499994,4.806851370995859,6.087030212602975,3.0039832617884845,4.442106281967762,7.38897302798728,5.899584273901491,1.6701011191637005,8.16218212858761,1.8008506619675648
504920.795438187,504921.793438243,504921.294438215,504920.838999993,504921.846999999,504921.34299999604,2.1484522636629793,3.4746358164981617,1.1012840019570376,1.4070013768554985,2.849975105552847,2.5658150597927687,0.6473969763649507,3.8024669613678586,1.3390428109147132
504920.895438193,504921.893438248,504921.39443822054,504920.938999999,504921.943999998,504921.4414999985,1.3509142723903347,2.9261687314392932,0.6260779385106212,0.3619541796849244,1.060575297282627,1.5872841988795476,0.5047170561221813,2.129275358325845,1.611261418877639
504920.995438199,504921.993438253,504921.494438226,504921.035999998,504922.040999996,504921.538499997,1.4075057212158415,3.0209159238988814,0.6331547059042429,0.2907932504532784,1.0813747477531612,1.574578510091913,0.7578136302657529,1.8393050446434396,2.0621099567160632
504921.095438204,504922.093438259,504921.5944382315,504921.132999996,504922.153999995,504921.64349999547,1.3687516599171965,2.606081676239458,0.6048933950058166,0.373486656636857,1.2836516574349652,1.3704695173028378,0.9614264161962984,1.5097693615859087,2.24023459893543
504921.19543821,504922.193438264,504921.694438237,504921.229999995,504922.234999993,504921.732499994,1.127308353054352,1.634925162232623,0.6261332623767943,0.5492200263580955,1.1704165210568827,0.9394093189837625,0.9613902711222815,0.9155443907379454,2.2214278715664317
504921.295438215,504922.293438269,504921.794438242,504921.326999993,504922.334999999,504921.830999996,0.9896449208568106,0.7300197893264717,0.8612880316855777,0.9139672951547773,1.030952469076368,0.8373151421855007,0.9053354000673675,0.4367983497618049,2.2014828895966163
504921.395438221,504922.393438275,504921.894438248,504921.426999999,504922.447999997,504921.937499998,1.039624244899998,0.36668730768144236,1.2467804431808145,1.2742613685859525,1.0793658669214234,1.1626389334940106,0.918112234257833,0.27308714624021824,1.9960606588382883
504921.495438226,504922.49343828,504921.994438253,504921.538999997,504922.544999992,504922.04199999454,1.2293171431364427,0.45217098355411295,1.9111173733844538,1.5390421038915192,1.358898746133736,1.646191692527327,1.1470494450139839,0.3376365806840933,1.442430219902314
504921.595438232,504922.59343829,504922.094438261,504921.635999996,504922.641999987,504922.13899999147,1.9412713161136117,1.086263089188858,3.387264310150622,2.1465157184638692,2.49125232946342,2.8652932283820842,1.678563192685338,1.081780298226889,0.7932383623478131
504921.695438237,504922.693438302,504922.1944382695,504921.748999994,504922.741999999,504922.24549999647,3.376642912726677,2.528787360212021,5.453487465606416,3.2782156153825124,4.764916002993228,5.27964866833073,2.3184484271705292,2.9089391450278077,0.48070061709017153
504921.795438243,504922.793438314,504922.29443827854,504921.848999999,504922.838999996,504922.3439999975,4.770709407711884,4.175301818401691,6.823690732945206,4.297814016684087,7.029809603966985,7.713279708749703,2.62798193361019,4.920546635622619,0.5772508117145938
504921.895438248,504922.893438326,504922.394438287,504921.945999998,504922.935999992,504922.440999995,4.945845870526206,4.681046096389066,6.30821552798078,4.245857109559402,7.594634612696344,8.008365901329576,2.460370532955492,5.482115351219731,0.7861618320792572
504921.995438253,504922.993438338,504922.4944382955,504922.042999996,504923.032999989,504922.5379999925,3.7764023324179723,3.5440161444891025,4.364364671487145,3.1958611019222856,6.152291732455167,5.678227436516497,2.2576978198242124,4.074390962791136,0.9443687898582337
504922.095438259,504923.09343835,504922.59443830454,504922.155999995,504923.144999986,504922.6504999905,2.332373236746908,1.7008405474096095,2.5483569041765373,2.179464099837182,4.065523814874473,2.610775378290773,2.458526154678075,1.9507703665591638,1.144728628149452
504922.195438264,504923.193438362,504922.694438313,504922.236999993,504923.244999998,504922.7409999955,1.5664928517387322,0.4876540731589907,1.7136203392342544,1.856596186826374,2.6430267781934296,0.8575783182575074,2.8777087569948616,0.6760591352586853,1.4196992259857544
504922.29543827,504923.293438374,504922.794438322,504922.336999999,504923.326999994,504922.8319999965,1.4708787221830781,0.31240605117817644,1.4926371445347153,2.0292813264583036,1.9529697123018113,0.7139555731590138,3.061812889553766,0.6079606850369543,1.5960063952418833
504922.395438275,504923.393438386,504922.8944383305,504922.449999997,504923.423999991,504922.936999994,1.6164636882688166,0.6309140257643049,1.5029170486622494,2.3898097317947298,1.6025667047979464,1.2806711812140703,2.92782542724786,1.0171007594676178,1.579904627201754
504922.49543828,504923.493438398,504922.994438339,504922.546999993,504923.551999988,504923.0494999905,1.8848379849768384,1.0372569195144459,1.785706982784383,2.939456990706274,1.6450334977453556,1.986885367695871,2.7722608303897784,1.411563572143813,1.5005397188347853
504922.59543829,504923.59343841,504923.09443835,504922.643999987,504923.652,504923.1479999935,2.0368721046869736,1.2717798713358062,2.073489803145406,3.2998868784648074,1.7386897907556778,2.3984718451433182,2.554526545209291,1.5153233745990473,1.4428087288424318
504922.695438302,504923.693438421,504923.1944383615,504922.743999999,504923.748999996,504923.2464999975,1.8945333797672657,1.2127873349563472,2.1155395103336603,3.0051020166645896,1.776186137597739,2.232163256226146,2.1623336514398432,1.2919328420666574,1.360222288853143
504922.795438314,504923.793438433,504923.2944383735,504922.840999996,504923.845999993,504923.3434999945,1.6471618429643897,1.041664720671819,2.055796867414315,2.1666793039562244,2.094429566181377,1.7442989447912982,1.8856199307758814,1.0257164913047099,1.163088918619493
504922.895438327,504923.893438445,504923.39443838596,504922.937999993,504923.94299999,504923.4404999915,1.6713315350427118,1.025614697519999,2.3338277522309396,1.551145804393219,2.790125454253132,1.453150792236668,2.1755872815816644,1.0334522882413184,1.0077482098847537
504922.995438339,504923.993438457,504923.49443839805,504923.034999989,504924.039999986,504923.5374999875,1.9765637994399332,1.1496718953588214,3.0613438069699055,1.6820518578529522,3.347322721902697,1.5312253984052056,2.755934768191543,1.2706859947433755,1.0142739520949666
504923.095438351,504924.093438468,504923.5944384095,504923.146999986,504924.139999998,504923.643499992,2.0698598608748155,1.1079893746035507,3.5592115053057163,2.0788496831901933,3.066414383559848,1.5044871953241536,2.878680551349767,1.3198155828610765,1.0434306108042195
504923.195438362,504924.19343848,504923.69443842105,504923.246999998,504924.236999995,504923.7419999965,1.7603692154650599,0.8597903223517263,3.353969497606978,2.1083798462881482,2.102160635032066,1.112915946455682,2.4247087153348392,1.1490533153452511,0.9719754453057871
504923.295438374,504924.293438491,504923.7944384325,504923.328999995,504924.348999992,504923.8389999935,1.423324182268938,0.6600352691491976,2.8438145184062824,1.862584533767794,1.4764366205238058,0.6523459815132024,2.0059327954741155,1.0642526452750598,0.8211910940420464
504923.395438386,504924.393438503,504923.8944384445,504923.425999991,504924.445999988,504923.9359999895,1.6077023873896188,0.7345573965501012,2.9348858828591116,2.0586257014800564,2.0405268348947363,0.6441779461756474,2.4351557454181685,1.2696185997179532,0.7440709920211761
504923.495438398,504924.493438514,504923.994438456,504923.553999988,504924.546,504924.049999994,2.6822863832873804,1.3915922818808615,4.1931109897306795,3.3814968724375993,3.8970422520416497,1.4274944631608215,4.14835844587582,1.8554202571930216,1.1637755039785922
504923.59543841,504924.593438526,504924.094438468,504923.654,504924.627999997,504924.1409999985,4.1853243565203,2.482299768132698,5.882650319226335,5.341231223980385,5.895808901950045,2.5866290068307074,6.497450896661209,2.5600277142422385,2.236497021138778
504923.695438422,504924.693438537,504924.1944384795,504923.750999996,504924.724999994,504924.237999995,4.916801537535194,3.2323749642042463,6.389590637062543,6.313755753803593,6.417668746663438,3.131140097314442,7.783517842678005,2.8515460952564964,3.2148181632987836
504923.795438433,504924.793438544,504924.2944384885,504923.847999993,504924.853000009,504924.350500001,4.23599798518411,3.0625917175172113,5.098409231137422,5.373893267917822,5.044939581318596,2.734567900967382,6.83651085833228,2.4852641316982336,3.2518071925839322
504923.895438445,504924.893438534,504924.39443848946,504923.94499999,504924.950000012,504924.447500001,2.7411150351652576,2.2263332372529256,3.1387163731874166,3.3205299503209478,3.0495478000798544,1.897349426402386,4.319767928122002,1.7369924703979345,2.239683095558594
504923.995438457,504924.993438523,504924.49443849,504924.041999987,504925.050000001,504924.545999994,1.6914169328215647,1.5569883875255457,2.138518048287755,1.7820617894506645,2.168461648288279,1.3651574678822183,2.3102755458364594,1.199623542650927,1.010249032650668
504924.095438468,504925.093438513,504924.59443849046,504924.141999998,504925.147000004,504924.644500001,1.7090937956843177,1.4958629083694202,2.5599694187012787,1.5520426043660274,2.879822467054979,1.2895957126624042,2.1419344617205693,1.238828762383188,0.514694030216676
504924.19543848,504925.193438502,504924.694438491,504924.238999995,504925.228000007,504924.733500001,2.322611445555348,1.6782579953540924,3.4019880892163643,2.136854508148609,4.124377732797936,1.26127157029705,3.2675089350427653,1.5616029477525477,1.1490297858334177
504924.295438492,504925.293438492,504924.794438492,504924.350999992,504925.34100001,504924.846000001,2.813383161411512,1.624214105950207,3.5951981064596694,2.6742120322454825,4.814931287878643,1.1169262539352598,4.32180759480284,1.7657655271859138,2.5940103828340817
504924.395438503,504925.393438481,504924.894438492,504924.447999989,504925.438000013,504924.943000001,2.996009838177047,1.3330340363882631,3.1040074581330748,2.9415876315062164,4.6296739991054725,1.18633913354352,4.733922505268624,1.7219543086619837,4.317559632809221
504924.495438515,504925.493438471,504924.994438493,504924.529999986,504925.538000002,504925.033999994,2.9448589311204474,1.0218243613708222,2.449242139406536,2.9801864210822884,3.7822764690083117,1.6741183586241548,4.531817234944448,1.5371747791722987,5.5822316853547225
504924.595438526,504925.593438461,504925.0944384935,504924.629999997,504925.651000005,504925.140500001,2.6588529233210076,0.8290201887531369,1.9588449646418367,2.7037501258365606,2.712401513728306,2.215626941798826,3.8389747999732045,1.348376792242467,5.663828059593722
504924.695438538,504925.69343845,504925.194438494,504924.726999994,504925.748000008,504925.237500001,2.4110443879771988,0.7959553915699261,1.8729075543397444,2.4384728648795724,2.5287996988961976,2.5992703563388075,3.075448397864874,1.4405645563723577,4.536936283556109
504924.795438544,504925.79343844,504925.29443849204,504924.855000009,504925.845000011,504925.35000001,2.5414804840344316,0.8494219066237765,2.3875183145803915,2.5978577351094554,4.1325760014051545,2.8401273355317667,2.7319403324080764,1.880675229839998,2.9117270167768337
504924.895438533,504925.89343843,504925.3944384815,504924.952000012,504925.945000001,504925.44850000646,3.0976706215828105,1.146876889368925,3.2813580905992854,3.1793213568995515,6.73989352791645,3.0211161094947676,3.136014074930046,2.558474116818256,1.7183108066352046
504924.995438523,504925.99343842,504925.4944384715,504925.052000001,504926.042000004,504925.54700000247,3.896076780108049,2.1607670917273243,4.096591866076597,3.8241418092350887,8.726800777856305,3.4886976047350853,4.01186017936238,3.5015263234685894,1.3582285884030232
504925.095438512,504926.09343841,504925.594438461,504925.149000004,504926.139000006,504925.644000005,4.433369547781014,3.676805697272433,4.338068795912311,4.048167210860992,8.999258004987711,4.141255747141253,4.496643730563864,4.385632140756809,1.3811250547527443
504925.195438502,504926.193438399,504925.6944384505,504925.230000007,504926.283000009,504925.75650000805,4.154258966919249,4.520737675189974,3.733720626717358,3.550185114115548,7.55296372707847,4.206513985284343,3.9535919362641425,4.501138981166846,1.2152196895373106
504925.295438492,504926.293438389,504925.79443844047,504925.34300001,504926.348000012,504925.845500011,3.0701330917750567,3.8798675766701063,2.571643024600712,2.519828377098173,5.267971405619125,3.346341342937444,2.6357553282441666,3.5210967853139463,0.818560893716779
504925.395438481,504926.393438379,504925.89443842997,504925.440000013,504926.448000002,504925.94400000747,1.7353758541441497,2.2347804065842336,1.4396442218012817,1.394760180996771,3.007686094231882,2.049703182923793,1.2921191121702087,1.95834682723773,0.5059668072072976
504925.495438471,504926.493438369,504925.99443842005,504925.540000002,504926.545000005,504926.0425000035,0.7035844703127709,0.7390262130733944,0.6357403518329252,0.49845523853698787,1.2242134174604036,1.0118649432625735,0.46189262968976597,0.6235228543749075,0.43396011427120995
504925.59543846,504926.593438359,504926.0944384095,504925.653000005,504926.642000008,504926.1475000065,0.3286764938084372,0.14699016604976817,0.3625112734790197,0.13799262728602252,0.40690372210497605,0.7031225629514398,0.26152942831234655,0.1053235446423005,0.5050386256416246
504925.69543845,504926.693438349,504926.1944383995,504925.750000008,504926.75500001,504926.252500009,0.3770454138603264,0.0902986606634066,0.48363489461772274,0.20865839951699588,0.34486018291798154,0.7304170708113534,0.4153240956724978,0.12001805598272391,0.6231519506999295
504925.79543844,504926.793438339,504926.2944383895,504925.847000011,504926.855,504926.3510000055,0.6879277591144806,0.14047460447510218,1.2469309196903637,0.5811965855571859,0.6547731870866209,0.9978421829057944,0.9253593367869264,0.2145622343278242,0.7422830220860266
504925.89543843,504926.893438329,504926.3944383795,504925.947000001,504926.952000003,504926.44950000197,1.404576496895926,0.3411961950015749,2.814432801921474,1.386625046916453,1.434916048416755,1.8061765003046066,2.052942459804381,0.4184895170264838,0.9818334057756803
504925.995438419,504926.993438321,504926.49443837,504926.044000003,504927.032999999,504926.538500001,2.3492469967202556,0.7446480738667294,4.467733821080641,2.475575849478993,2.4846165535986175,2.8650449946401553,3.54317002625198,0.8040230636716508,1.4091635911732812
504926.095438409,504927.093438322,504926.59443836554,504926.141000006,504927.129999999,504926.63550000254,3.0543363320432757,1.2525153335495407,5.3107388900023365,3.362251104222614,3.303471067736518,3.531628150543966,4.620558031258232,1.2522435400056042,1.8012845390273955
504926.195438399,504927.193438323,504926.694438361,504926.285000009,504927.226999999,504926.756000004,3.2443923378534585,1.6397318790247322,5.3411478953074525,3.6729884147728336,3.563298286506229,3.5358167175975126,4.834242415420055,1.4729476846758067,1.8949654095230475
504926.295438389,504927.293438324,504926.79443835653,504926.350000012,504927.327,504926.838500006,3.0314834721792043,1.6649449395509337,5.222107187878745,3.3651801801996455,3.4216776768199715,3.023294921619388,4.416523463180278,1.304754556343454,1.8333848518412204
504926.395438379,504927.393438324,504926.8944383515,504926.450000002,504927.44,504926.945000001,2.6834815281860394,1.4188275803412218,5.328044033353307,2.680053620812309,3.0941365510354157,2.3905186499771665,3.8524839065449257,0.8748358478650682,1.8289520355589028
504926.495438369,504927.493438325,504926.994438347,504926.547000005,504927.552999999,504927.050000002,2.426911867673673,1.4327739223820202,5.260655236602748,1.9179584875425146,2.809533773950311,2.067812435775828,3.257302836658012,0.8357751119787088,1.83348313649924
504926.595438359,504927.593438326,504927.0944383425,504926.644000007,504927.633999999,504927.139000003,2.209576273942493,1.8986299275272236,4.48098338827299,1.2375855663369635,2.5476298920109652,2.0949558731655977,2.4218944407111533,1.4120733362350002,1.5828577672800488
504926.695438349,504927.693438327,504927.194438338,504926.75700001,504927.734,504927.24550000497,1.8882232015902045,2.3480369101300558,3.149494963903048,0.7395690471807514,2.17880489415414,2.161762147866946,1.4401353341328518,2.0278633280475598,1.0601189873062822
504926.795438339,504927.793438328,504927.2944383335,504926.857,504927.831,504927.34400000004,1.407150662894083,2.2026820228723576,1.8431573280730607,0.4512209531607533,1.5922871706586597,1.848530421239534,0.7247744872145164,2.0032763674130964,0.5912765525206851
504926.895438329,504927.893438329,504927.39443832904,504926.954000003,504927.927999999,504927.44100000104,0.8795943926977813,1.447363136235356,0.9764826076099697,0.305296955611712,0.9728481688142271,1.155000168343895,0.47674649039433814,1.3355205283656408,0.36749708620711136
504926.995438321,504927.99343833,504927.4944383255,504927.034999999,504928.040999999,504927.537999999,0.5851258096688408,0.7251687394165358,0.6514044127882016,0.27544562661688,0.6855172318509778,0.7183935965645851,0.6963164401548423,0.6316357215011523,0.29712470845755157
504927.095438322,504928.093438331,504927.5944383265,504927.131999999,504928.137999999,504927.63499999896,0.890167565294803,0.7632915422558519,0.7751325072805902,0.6642531566788146,1.0582260992323302,1.1227535356897653,1.5055234701836069,0.6447471059246161,0.5874131051128485
504927.195438323,504928.193438332,504927.6944383275,504927.228999999,504928.238,504927.7334999995,2.288275748991633,1.7424863893658422,1.8773231205169059,2.4383736993147993,2.6008642571401905,2.4890130549548255,3.4806758066232835,1.7097350128376239,1.9677346511795957
504927.295438324,504928.293438333,504927.7944383285,504927.329,504928.35,504927.8395,4.611020704924989,2.9122886342587675,4.348089796698956,6.014718075012077,4.9122813834087244,4.118910140820357,6.622300291364867,3.3176660887361074,4.641911229100064
504927.395438324,504928.393438334,504927.89443832904,504927.442,504928.431999999,504927.93699999945,7.073480447381559,3.607781875092757,7.639086043820825,10.381993756603238,7.254563217840136,5.307093576033309,9.967060892267186,4.825726011791788,7.60453820560324
504927.495438325,504928.493438335,504927.99443833,504927.554999999,504928.543999999,504928.04949999903,8.464306329598006,3.4808614738796866,10.118592457617874,13.260714114916706,8.489487196977235,5.532892926485941,11.966579611142445,5.51041375600291,9.354909099761251
504927.595438326,504928.593438336,504928.09443833097,504927.635999999,504928.640999989,504928.138499994,8.195002789691578,2.842495578141928,10.490862959508082,13.104024552858991,8.024734971530458,5.021286808295018,11.608177967486611,5.163668579366551,9.304770900344975
504927.695438327,504928.693438345,504928.19443833595,504927.732999999,504928.740999998,504928.2369999985,6.762225560962916,2.2288587304984584,8.920367225877417,10.534361023756787,6.44115965279463,4.490185752446381,9.184741319788467,4.287550597924528,8.010580184616657
504927.795438328,504928.793438354,504928.294438341,504927.833,504928.837999995,504928.3354999975,5.057784622326033,1.7245147578397724,6.542675954115052,7.561533701180391,4.539397909394326,4.159231410315355,6.166725581464707,3.315940268026141,6.45225739627252
504927.895438329,504928.893438364,504928.3944383465,504927.93,504928.950999992,504928.440499996,4.188101690693522,1.7109232349989645,4.940097793166852,6.2051296848152955,3.6907757670918393,4.357172575612156,4.250812302665467,2.9486902744887344,5.401211892708869
504927.99543833,504928.993438374,504928.494438352,504928.042999999,504929.03199999,504928.5374999945,4.932892972031815,2.9897551760939227,5.011852433075852,7.035291335298551,4.948071746350034,5.7707973199505265,4.292715342247404,4.116875209594892,5.297785213643339
504928.095438331,504929.093438383,504928.59443835705,504928.139999999,504929.131999999,504928.635999999,6.848755193169027,5.431271468984616,6.203558596404076,8.690613543639461,7.629509397708306,8.386657241644286,5.6507307516195535,6.709482386946691,6.088218158405227
504928.195438332,504929.193438393,504928.6944383625,504928.24,504929.244999997,504928.74249999854,8.284757929951029,7.416972235706393,6.901682313853911,9.11975024831359,9.434636263327503,10.585077570460545,6.78148079028068,8.99225773027257,7.046206287393044
504928.295438333,504929.293438402,504928.7944383675,504928.352,504929.341999994,504928.84699999704,7.758242875628303,7.3885726322309,5.81008091083485,7.299232227221154,8.560072082431743,10.35879386207154,6.422215600680833,9.140985314449543,7.0859903751058715
504928.395438334,504929.393438412,504928.894438373,504928.433999999,504929.438999991,504928.936499995,5.60646211154172,5.547040995049854,3.6990863173126014,4.415888264248423,5.6643476969428,7.703041193456248,4.85809418980738,7.025717710891573,5.938480524624884
504928.495438335,504929.493438421,504928.994438378,504928.545999999,504929.519999989,504929.032999994,3.8759706909467564,3.7550345027400462,2.893262759963296,2.9484954021550713,3.2984729984074272,5.01033193002292,3.8373337785122303,4.427589489931085,4.837244665841973
504928.595438336,504929.593438431,504929.0944383835,504928.642999989,504929.619999998,504929.1314999935,4.248035199273676,3.3876138429915326,4.876491796681068,4.296215994022429,3.30309228139801,4.520799050967134,5.000562343740145,3.0750412964120333,5.524464987977052
504928.695438345,504929.69343844,504929.19443839253,504928.742999998,504929.732999995,504929.2379999965,6.271563388848931,3.9433464785406507,8.658149444173944,7.5508160520998295,4.94287469849623,5.992086246288278,8.009563020007711,2.959542033975561,8.116129137209247
504928.795438355,504929.79343845,504929.2944384025,504928.839999995,504929.829999993,504929.334999994,7.911902841751646,4.174292723545923,11.344714412125771,10.194014379899073,6.305882306211819,7.403690271151493,10.347814057441798,3.1794365714825394,10.34537801215475
504928.895438364,504929.893438459,504929.3944384115,504928.952999993,504929.95799999,504929.4554999915,7.424465572460219,3.390317129076733,10.700678258326368,10.094440575474554,5.913262013270768,6.930958925645474,9.785429132827488,2.837464302238828,9.743174242821542
504928.995438374,504929.993438468,504929.494438421,504929.03399999,504930.058,504929.54599999497,5.037437742512144,1.9607410771140392,7.298500491052707,7.404368490273328,3.985548190161695,4.68112488083747,6.725800363614535,1.821225520588531,6.422192926454842
504929.095438383,504930.093438478,504929.5944384305,504929.133999999,504930.154999997,504929.64449999796,2.4993756871080706,0.7557919366671664,3.709093868983696,4.177939651496777,1.985599292606513,2.241093629988773,3.4795332117783553,0.7831069241873803,2.862846981155904
504929.195438393,504930.193438487,504929.69443844,504929.246999997,504930.220999994,504929.7339999955,1.1311029139704334,0.23287430847166649,1.7851498741318723,2.1325427453760133,0.9833236401727921,0.9339280769134657,1.6492546884262596,0.34052114965184344,0.9912288286195534
504929.295438403,504930.293438496,504929.7944384495,504929.343999994,504930.332999992,504929.83849999297,1.128446952644378,0.4173751219317873,1.3265098993825297,1.5813991376014487,1.4317592552749576,1.2750654126989365,1.2322785614323921,0.9779616509290452,0.7852265819039275
504929.395438412,504930.393438506,504929.89443845896,504929.440999991,504930.445999989,504929.94349999004,1.9153531908603096,0.90824105492215,1.7760181506306203,2.0069847571556267,2.7684980232333656,2.5284735096354876,1.6455020215732548,2.2372642740996413,1.45184373563233
504929.495438422,504930.493438515,504929.9944384685,504929.521999989,504930.545999999,504930.033999994,3.3468300956347967,1.6758061762886336,3.8168229804502136,3.335154853564238,4.5529461299822716,3.9075796615946112,2.9962086237072283,3.5946134295608196,2.8955089099303555
504929.595438431,504930.593438524,504930.09443847754,504929.621999998,504930.642999996,504930.13249999704,5.44559348431976,2.871943707679768,7.601556613137875,5.608504698893671,6.967839476570541,5.238360948206761,5.458995944639391,4.883951363583384,4.933595121846686
504929.69543844,504930.693438533,504930.1944384865,504929.734999996,504930.755999993,504930.2454999945,7.481453912217308,4.130820561267608,11.205335217180266,7.985907320049577,9.504426457014976,6.30648625909234,8.192069273395308,5.839842527645749,6.686743682092644
504929.79543845,504930.793438543,504930.29443849646,504929.831999993,504930.836999987,504930.33449999,8.086972243528951,4.660451010155777,11.924480042471393,8.78857785731551,10.509340170024831,6.497193890250486,9.44062446663672,5.92917750832566,6.945933003051236
504929.895438459,504930.893438555,504930.39443850704,504929.95999999,504930.937,504930.448499995,6.6916210402393705,4.078000701196072,9.326764175199326,7.233892053717466,8.880328049215027,5.559224395045238,8.233941899301378,4.82795042429284,5.3928666239476195
504929.995438469,504930.993438568,504930.49443851854,504930.06,504931.033999996,504930.54699999804,4.226830360142813,2.841713490561432,5.678951440555805,4.299366636105743,5.560380089111622,3.8748082960303774,5.453406375257112,2.9411790118971943,3.1648375416232177
504930.095438478,504931.093438582,504930.59443853,504930.156999997,504931.130999993,504930.64399999497,2.363087252094626,1.8427276086885267,3.3877141258994374,1.8730010618059008,3.0090090479111695,2.450784107017636,3.0107613962284896,1.413720839654354,1.9169798295514922
504930.195438487,504931.193438595,504930.69443854096,504930.222999995,504931.243999989,504930.733499992,1.7194531491082787,1.4292505478935973,2.631163818249218,0.8501038265432959,2.418896554598783,1.8696541758741179,1.803910991148254,0.8595849700887254,1.893060308470239
504930.295438497,504931.293438608,504930.79443855246,504930.334999992,504931.340999985,504930.83799998846,1.4183649445906577,1.0921646211979956,2.081763115434481,0.5310783491702823,2.324021178620066,1.4103590279973133,1.2179683025365908,0.6345737127762349,2.0549912489922977
504930.395438506,504931.393438621,504930.8944385635,504930.447999989,504931.440999998,504930.94449999346,1.0024399003229783,0.7035450665326659,1.326508490083809,0.36807767905159433,1.8445413282573875,0.9070402366389654,0.7688860543549383,0.4205931181491797,1.680327229515286
504930.495438515,504931.493438634,504930.9944385745,504930.547999999,504931.537999995,504931.04299999704,0.5919436967082072,0.41303636036456404,0.6590409116766053,0.2361332798668546,1.289104897450167,0.5287309148232128,0.45608467589671137,0.2741810892812277,0.8792374443063158
504930.595438524,504931.593438647,504931.09443858545,504930.644999996,504931.634999991,504931.1399999935,0.4352728754849177,0.2679881768695367,0.40759222132358114,0.28635515933692546,1.0421456068415298,0.3495342634259564,0.4880100774746222,0.2880753075441441,0.35248219106304546
504930.695438534,504931.69343866,504931.194438597,504930.757999994,504931.746999988,504931.252499991,0.5530523626212285,0.25745679454851633,0.6434671906410756,0.5382619695347532,1.1067203557128031,0.36695647093960465,0.7466785551749409,0.40560268409953026,0.3592748803186031
504930.795438543,504931.793438673,504931.294438608,504930.838999987,504931.843999984,504931.3414999855,0.7423608472383145,0.32970978214642177,1.1254531900913134,0.8025069580051325,1.2302694377163639,0.5018852004349489,0.9294281663515593,0.46662071540614547,0.553013327754631
504930.895438556,504931.893438686,504931.394438621,504930.935999983,504931.943999997,504931.43999999,0.8135562984422803,0.43753625766684,1.4640952944509509,0.9113282928429803,1.1963790773402228,0.6083601349663876,0.8990105815056396,0.38961209767250854,0.6021286510927117
504930.995438569,504931.993438699,504931.494438634,504931.035999997,504932.025999993,504931.530999995,0.7337332963137357,0.49369486074322444,1.4022054396757175,0.8738644120274175,0.987088710638613,0.6279432272963188,0.7389646979644982,0.2511617875790562,0.49494323458504097
504931.095438582,504932.093438712,504931.59443864704,504931.132999993,504932.15399999,504931.6434999915,0.7029501973365337,0.5530376929277755,1.038150484559605,0.788842519842978,1.1177465575421652,0.7276480566559007,0.6133915330875026,0.4056521161975725,0.3791326178787696
504931.195438595,504932.193438724,504931.69443865947,504931.245999989,504932.250999986,504931.74849998753,0.9347036120251582,0.69987230576629,0.7122829199759098,0.7471059889441812,2.025024575268321,1.1969964627668466,0.5695951644442832,1.0745565926999303,0.45219488633550314
504931.295438608,504932.293438737,504931.7944386725,504931.342999986,504932.350999999,504931.8469999925,1.3536947275061557,0.8853832456034694,0.6125768385134627,0.7826647314298414,3.2262516624819657,1.8448132653145775,0.6231707388837414,1.901298477430006,0.953398860392181
504931.395438621,504932.39343875,504931.8944386855,504931.442999999,504932.447999997,504931.945499998,1.9276084993895075,1.1779547642528416,1.248274620533089,1.2008560538788464,4.001129027249311,2.3938455860794035,1.0402552019667493,2.4182905720135355,1.9402621691422846
504931.495438634,504932.493438752,504931.99443869304,504931.539999995,504932.545000001,504932.042499998,2.6556790599782047,1.6689046471765425,3.1440022325654904,2.1555192810306822,4.1482846721522755,2.8018273465432344,1.901134383808478,2.440757711159341,2.9850022053895935
504931.595438647,504932.593438751,504932.094438699,504931.636999991,504932.642000001,504932.139499996,3.1825170490566315,2.0999817651301913,5.486852234662206,3.064052944541085,3.764735684915607,2.933267710606658,2.631543643436476,2.106504485518483,3.373197923642345
504931.69543866,504932.69343875,504932.194438705,504931.748999988,504932.755000002,504932.251999995,3.0462013212183336,2.0753163139386617,6.500974953120906,3.138848922437395,2.983485744616389,2.60597888524949,2.5908723239888625,1.6230323904892907,2.851101035905674
504931.795438673,504932.793438748,504932.2944387105,504931.845999984,504932.855,504932.350499992,2.213828964794586,1.588483805694642,5.231575115089565,2.2623718878888495,1.946810815323718,1.8664973567615215,1.7769345650737485,1.177739544228904,1.8602186282957376
504931.895438686,504932.893438747,504932.39443871647,504931.945999997,504932.936000001,504932.440999999,1.3696427962164095,1.2638537884566676,2.8608929904290576,1.283609192171259,1.0802305542265411,1.3890910415503288,0.8845390638534739,1.11609595583077,1.0788297832131788
504931.995438699,504932.993438746,504932.4944387225,504932.027999994,504933.033000001,504932.5304999975,1.3180793883392377,1.6259382234062978,1.390713188971409,1.23227152321062,0.9324562125850027,1.9050126253567345,0.7143761776216309,1.7108934401580922,1.0329737154041154
504932.095438712,504933.093438744,504932.594438728,504932.15599999,504933.146000001,504932.65099999553,2.2065654739428218,2.4316184786317034,1.7357008371559577,2.3380660076805895,1.5991119002035472,3.286644524905933,1.5589758800268672,2.6946013814648557,2.00780478147312
504932.195438725,504933.193438743,504932.694438734,504932.252999986,504933.246,504932.749499993,3.466400342777418,2.8820860789183658,3.3801181345995186,4.009228847730795,2.5251896093331347,4.419779016733004,3.298907861158513,3.2812961184940956,3.9345970752519186
504932.295438737,504933.293438742,504932.79443873954,504932.352999999,504933.343,504932.84799999953,4.63056275556763,2.7093454205472787,5.662273462122064,5.68263467482064,3.495359549903202,4.67233347133398,5.523231592527777,3.200679397156807,6.0986444761292935
504932.39543875,504933.39343874,504932.894438745,504932.449999997,504933.440000001,504932.944999999,5.378853000160085,2.2692948416522087,7.671235680620497,6.883804621310574,4.254168368383578,4.283427428475564,7.369208064117375,2.7442928752388878,7.555392121481997
504932.495438752,504933.493438739,504932.9944387455,504932.547000001,504933.537000001,504933.042000001,5.338897756437582,1.982469473921584,8.123015648946916,6.925632067322246,4.422952190405466,3.7655930845365675,7.746276701928988,2.2831256431259566,7.462117241312932
504932.595438751,504933.593438738,504933.0944387445,504932.644000001,504933.634000001,504933.139000001,4.441743602510458,1.8404207357186586,6.604734578650695,5.593390206820455,3.8574592384377024,3.273302472306123,6.498939568148824,1.9129627250093215,5.952739294991887
504932.69543875,504933.693438737,504933.1944387435,504932.757000002,504933.734,504933.245500001,3.354286162537348,1.6990285326764052,4.569893033111486,3.9000524806951087,3.2581118301162433,2.75323648647271,4.752020058942596,1.679723943382896,4.222222934901339
504932.795438748,504933.793438735,504933.2944387415,504932.857,504933.831000001,504933.3440000005,2.890699444412585,1.5322860689430184,3.8352111961096673,3.1863948338296195,3.4008043043583083,2.365535124678341,3.6800728598409362,1.6936293458186242,3.431661821722166
504932.895438747,504933.893438734,504933.3944387405,504932.938000001,504933.928000001,504933.433000001,3.1939409755639776,1.4623450336576014,4.513624596552284,3.6884648535199753,4.232471207416076,2.3179610707790865,3.4559220634061742,2.005559401624803,3.875179577555822
504932.995438746,504933.993438733,504933.4944387395,504933.035000001,504934.025000001,504933.530000001,3.4402774677895636,1.491616223434485,4.976820970814117,4.035486374279227,4.667311370886348,2.3493506130904014,3.2175425115699445,2.28036987682521,4.5037218014167735
504933.095438744,504934.093438732,504933.59443873796,504933.148000001,504934.125,504933.6365000005,2.914872535487727,1.4920850941461115,4.029881933265641,3.1706905779469468,3.8594779209238643,2.0761785210112955,2.363152583577944,2.1765332314196795,4.150980421610333
504933.195438743,504934.19343873,504933.69443873654,504933.248,504934.222,504933.735,1.9958597823429154,1.6096921682496865,2.4773138800676637,1.7079372829608248,2.4031046782449716,1.594552862872695,1.3396402704209018,1.857421367803054,2.977215748123525
504933.295438742,504934.293438729,504933.79443873547,504933.345,504934.334000001,504933.83950000047,1.5018000011334252,2.0483090343906643,1.6990458298546276,0.9515275028168627,1.4788048373954028,1.3988209480281468,0.76928566198329,1.7698115776995795,1.8987946168988281
504933.39543874,504934.393438728,504933.894438734,504933.442000001,504934.447000001,504933.94450000103,1.546817523395501,2.485046404536436,1.7690119253050305,1.1756367083891002,1.4165856406462747,1.48909661491115,0.698021832140456,1.9247438182725707,1.4163972429629903
504933.495438739,504934.493438726,504933.9944387325,504933.539000001,504934.558999993,504934.048999997,1.5849013383625812,2.3645977073700464,1.7917953053799434,1.6123540218042047,1.5491139646246435,1.4525001961312891,0.8066459473286567,1.8989967173327846,1.203206846929081
504933.595438738,504934.593438732,504934.094438735,504933.636000001,504934.658999998,504934.1474999995,1.348141315500175,1.6615857348329655,1.5025877981258773,1.7113220992888367,1.3478080552677136,1.1724465172276028,0.9430310565934279,1.4689392511394548,0.9774100115255211
504933.695438737,504934.693438744,504934.1944387405,504933.736,504934.724999995,504934.2304999975,1.0872766923887311,0.9588830038195069,1.2691298815724446,1.4677536809555962,0.9596528141012524,0.8985314451341324,1.1570914182558043,0.964278813746606,1.0228924815245066
504933.795438735,504934.793438756,504934.2944387455,504933.833000001,504934.821999992,504934.3274999965,1.083278200283849,0.7072363239267838,1.2652431985835821,1.2188958630396969,0.6804970457323165,0.867309973101842,1.487052562342615,0.751644995714468,1.6883456398294892
504933.895438734,504934.893438769,504934.3944387515,504933.930000001,504934.934999988,504934.4324999945,1.360988736991997,0.8444729050732234,1.410398481809601,1.376406147739316,0.7411307365567172,1.1958862790172422,1.804923852222422,0.8723508917385048,2.6423406017789515
504933.995438733,504934.993438781,504934.494438757,504934.027000001,504935.046999985,504934.536999993,1.893060295569312,1.2144924897795333,1.8136574617471701,2.0986814353102785,1.5338645851118062,2.019953640956938,1.9447014506415383,1.347942442721766,3.1711888582854675
504934.095438731,504935.093438793,504934.594438762,504934.124000002,504935.146999997,504934.6354999995,2.4239549877290125,1.5807398039630578,2.4972147562196176,2.952926050486493,2.6480755420270525,2.9801834074831786,1.8363158253734113,1.9180348276976082,2.978149688581681
504934.19543873,504935.193438805,504934.6944387675,504934.224,504935.243999994,504934.733999997,2.6511467439230367,1.7441209059649965,3.110951292607883,3.281337707292203,3.322894817159034,3.4527915344496045,1.6072682686859217,2.241762500389108,2.4480469248355456
504934.295438729,504935.293438816,504934.7944387725,504934.336000001,504935.34099999,504934.83849999553,2.355362787861072,1.4884194505457997,3.137336839190205,2.8188490541453475,2.942828416054906,3.052090023436478,1.3767426000587684,2.0005853554350024,2.0260505640220705
504934.395438728,504935.393438828,504934.894438778,504934.449000001,504935.437999987,504934.943499994,1.7169113327945178,0.9304461150650152,2.5014357565567216,2.040158223367275,1.8146686353543777,1.999831130723332,1.291894187549912,1.3152737706031596,1.8415828431363486
504934.495438726,504935.49343884,504934.99443878303,504934.560999993,504935.537999999,504935.049499996,1.3007062455347564,0.5647086515541282,1.9073983186675745,1.7722159042927184,0.9462366531262068,0.9883078471716684,1.59239782861619,0.7162965128072848,1.9180882480422805
504934.595438732,504935.593438852,504935.094438792,504934.660999999,504935.650999996,504935.1559999975,1.5106903197292585,0.7779513833625451,1.9915959094296682,2.265877249808659,0.9912797353526704,0.6104073301153324,2.3297027402959234,0.6908127283702319,2.427895481099039
504934.695438745,504935.693438864,504935.1944388045,504934.726999995,504935.763999992,504935.2454999935,2.010784179913538,1.3425843795730468,2.450929478129373,2.832465528710026,1.5663251521968873,0.7495793016131407,2.9866218261459863,1.0639504062091754,3.0938173667306685
504934.795438757,504935.793438876,504935.2944388165,504934.823999992,504935.860999989,504935.3424999905,2.139043844804301,1.6703948167682965,2.4857414444562433,2.700181707090545,1.841480001038861,0.8778123462055119,2.9597917390758792,1.2810591462196945,3.2958895575793794
504934.895438769,504935.893438887,504935.394438828,504934.936999989,504935.941999986,504935.4394999875,1.7520734162094762,1.6100346781451025,1.9898069375556349,1.9219504025642449,1.5734674154814066,0.8090799941600358,2.232530969759286,1.1621253049760698,2.7175916270340297
504934.995438781,504935.993438899,504935.49443883996,504935.048999985,504936.041999998,504935.5454999915,1.2104425657450095,1.3966496366033778,1.4451193912541092,1.0877071158665048,1.1195887691183022,0.5655035745802859,1.396179111964161,0.95945581995956,1.7133371066137757
504935.095438793,504936.093438911,504935.59443885204,504935.148999997,504936.154999994,504935.65199999546,0.839526961157659,1.2165276796834934,1.1541155639312701,0.5594132086843608,0.8278101550070762,0.30202581002373713,0.8923251256190259,0.8491385007275679,0.9148596455847403
504935.195438805,504936.193438923,504935.694438864,504935.245999994,504936.235999991,504935.7409999925,0.8940470045472275,1.2630723225050695,1.301354947272758,0.5881347393970296,1.0276807864477273,0.3037737255380776,0.8736282141146294,0.983646073558622,0.8110852275439064
504935.295438817,504936.293438934,504935.7944388755,504935.342999991,504936.348999988,504935.8459999895,1.466624492686304,1.680891128601059,2.0452931307525333,1.2757952204787002,1.8232383380679336,0.8566701830219217,1.2873779902583578,1.4260128454545473,1.3377171048553782
504935.395438829,504936.393438946,504935.8944388875,504935.439999987,504936.448999999,504935.944499993,2.302225597193262,2.4248155551635753,3.0762940382830317,2.273944580937761,2.8927670416605964,1.766130115092058,1.894524130604339,2.0735172202481453,2.0158120955565897
504935.49543884,504936.493438957,504935.9944388985,504935.539999999,504936.545999996,504936.0429999975,3.2416866856875677,3.572951609018313,4.165352386763232,3.352744412601895,4.02279331766815,2.794585001759477,2.578601399326118,2.837512854931106,2.608952503432251
504935.595438852,504936.593438969,504936.0944389105,504935.652999996,504936.642999996,504936.14799999597,4.5859147993941916,5.135666989494787,5.805587702488689,4.994975618184131,5.710678385971699,4.622200325784768,3.358184842621755,3.91205352380714,3.1479710068005646
504935.695438864,504936.693438971,504936.1944389175,504935.765999993,504936.755000006,504936.2604999995,6.415814468486241,6.595321533968501,8.36917154769661,7.355195243589293,8.203625893027564,7.735455574058703,4.130624654707903,5.245588720560409,3.691532580280946
504935.795438876,504936.793438964,504936.29443892,504935.862999989,504936.852000008,504936.3574999985,7.9830363625576695,7.1456851632415,11.005386094312282,9.281818528583067,10.552104483504237,10.976039896635957,4.543815705015994,6.270264988062803,4.089176041105518
504935.895438888,504936.893438958,504936.394438923,504935.943999986,504936.952000001,504936.44799999346,8.344469266033874,6.650577525566364,12.055749934628222,9.244275769225514,11.414381599808301,12.484167740043567,4.250448145491385,6.580575899684391,4.075577513823246
504935.995438899,504936.993438951,504936.49443892494,504936.043999998,504937.049000003,504936.5465000005,7.368199223478145,5.8762890319356975,10.678671278594678,7.082183599859487,10.348078099015726,11.530415043653488,3.3017984456474103,6.390743746194216,3.737414542924453
504936.095438911,504937.093438944,504936.5944389275,504936.156999995,504937.162000005,504936.6595,5.784711137539977,5.41432980004939,7.750576236417324,4.301553014326666,8.121976221897997,8.980596438609172,2.249837688067319,6.050043310579733,3.408776390372214
504936.195438923,504937.193438938,504936.6944389305,504936.237999991,504937.243000006,504936.7404999985,4.490773143709778,5.0444513391515935,5.112306268493192,2.6856496946608917,5.998982936342179,6.29785652856325,1.8729901220853702,5.59325829024187,3.3206899701398815
504936.295438934,504937.293438931,504936.7944389325,504936.350999988,504937.343,504936.846999994,3.727126568552401,4.237316028643227,3.6943417350028813,2.549988818733342,4.680986341209002,4.055697856546231,2.385000012089602,4.742531376579147,3.4711503796157746
504936.395438946,504937.393438925,504936.8944389355,504936.451,504937.425000002,504936.938000001,3.324502130698913,3.1259414618498376,3.326057571272465,3.033819661008968,4.139864692416731,2.3372286588974873,3.3124195872456976,3.543236827500686,3.77744858539943
504936.495438958,504937.493438919,504936.9944389385,504936.547999996,504937.522000004,504937.03500000003,3.013400591263187,2.187396454466251,3.286721292299572,3.184956582947004,3.949214649859682,1.3696377272287523,3.8236596274929484,2.4402551852162944,3.8653632105949933
504936.595438969,504937.593438912,504937.0944389405,504936.644999996,504937.650000005,504937.1475000005,2.4804943339800287,1.5655201282443136,2.919897264283353,2.598143212369461,3.34973118627385,0.9627711255898446,3.427843307956228,1.5922017633992018,3.4278466837239763
504936.695438971,504937.693438906,504937.1944389385,504936.757000006,504937.731000007,504937.24400000647,1.8169220807042867,1.3076628997716115,2.202162469951989,1.7038963907994567,2.280921963431233,0.9172418774372374,2.458707922895721,1.1257624198919605,2.539020701455086
504936.795438964,504937.793438899,504937.2944389315,504936.854000008,504937.831000001,504937.3425000045,1.7874840498244304,1.7369669219297494,2.0215927280185473,1.688130749487271,1.7692601767318012,1.637203692575883,2.063310848355896,1.4127760939922518,1.9706311875040436
504936.895438957,504937.893438893,504937.394438925,504936.954000001,504937.928000003,504937.44100000197,2.635407987165525,2.644479345332593,2.795625324497681,2.824443282526786,2.3586845220837036,2.884162858785613,2.903308096448253,2.2493736507776183,2.4231868168719517
504936.995438951,504937.993438887,504937.494438919,504937.051000003,504938.041000004,504937.54600000347,3.5570783876166194,3.166791474191531,3.739592041990947,3.988375714229924,3.3055122086687376,3.7031579953091507,4.219763874575084,2.823827136054097,3.5096066559134824
504937.095438944,504938.09343888,504937.594438912,504937.164000005,504938.138000006,504937.6510000055,3.7046450266397044,2.8217532387902664,3.9311413739248104,4.136501239452951,3.6618339649468985,3.5882874797975757,4.739133391049674,2.685470197700935,4.073039327454523
504937.195438938,504938.193438874,504937.694438906,504937.245000006,504938.235000008,504937.740000007,3.256333312224372,2.131385646906118,3.4462290227897037,3.4770917902266243,3.5169325582467836,3.0068941304497256,4.290711463687106,2.301191910331685,3.8802299751572287
504937.295438931,504938.293438867,504937.794438899,504937.327000008,504938.335000001,504937.83100000455,3.211243607287461,2.084390529692708,3.3627318033270703,3.053476206205121,3.9161103155565335,2.7583458602308535,4.101774313935611,2.4542903276523482,3.9588295016994404
504937.395438925,504938.393438861,504937.894438893,504937.427000002,504938.432000003,504937.92950000253,3.9819443416872913,2.955721309499145,4.213923928865809,3.2921483322244938,5.234736101653929,2.947955510216759,5.0100059174374465,3.1755386671881816,5.025524966412569
504937.495438918,504938.493438855,504937.9944388865,504937.524000003,504938.545000005,504938.034500004,4.6311706772055805,3.8048039127532807,4.90992057072764,3.406951384993368,6.331277066314481,2.825521512659754,6.129593173044892,3.626297158296613,6.015000638854616
504937.595438912,504938.593438849,504938.0944388805,504937.652000005,504938.642000007,504938.147000006,4.207900097968343,3.7175369781176473,4.248621591414713,2.781876778213224,5.934459827969283,2.0921342598429424,6.060623671834946,3.2618491594189414,5.566098516935044
504937.695438906,504938.693438842,504938.194438874,504937.733000007,504938.742,504938.23750000354,2.8782258532062035,2.734104414482019,2.5542709940040638,1.7525496105026184,4.1702618205811435,1.1949726237382936,4.576410088655063,2.3141101967102755,3.7291270769761518
504937.795438899,504938.793438836,504938.2944388675,504937.833000001,504938.854000002,504938.3435000015,1.544397050415788,1.557181384398381,1.0989176572437875,0.9517588627086426,2.220336408649362,0.6132494675881821,2.712377970102145,1.3330838970394132,1.8682707555963916
504937.895438893,504938.89343884,504938.3944388665,504937.930000002,504938.950999988,504938.440499995,0.7613009669335885,0.7493298511303259,0.4793084082404425,0.5824068540187783,0.915684229519572,0.41609364974280616,1.3542395107101686,0.6556709607028202,0.9376742714037947
504937.995438886,504938.993438858,504938.494438872,504938.043000004,504939.047999983,504938.5454999935,0.48102854707690484,0.37475686238420863,0.33041916540746485,0.521089021783874,0.31447528746612813,0.4525445900175627,0.6526773854216086,0.31854893290681197,0.8837171312275799
504938.09543888,504939.093438876,504938.594438878,504938.140000006,504939.144999978,504938.64249999204,0.4663335273550536,0.2975320317219017,0.19622271329754482,0.5964732815454584,0.14392298276299384,0.6054024916085097,0.4136323504145504,0.26586704691271856,1.2116153205767517
504938.195438874,504939.193438894,504938.69443888403,504938.237000008,504939.244999996,504938.741000002,0.5625427841912056,0.36987854183789504,0.12197344254366874,0.7561869419918444,0.14747958569093203,0.7524273364773675,0.43826133397930145,0.3615018795127759,1.5526332114958599
504938.295438867,504939.293438912,504938.7944388895,504938.337000001,504939.341999991,504938.839499996,0.6973499109026364,0.46616730932378886,0.3615731127840172,0.9840492472572536,0.3055810535767535,0.7545646865690833,0.5969294362478045,0.4353702794358443,1.6745641620265457
504938.395438861,504939.39343893,504938.8944388955,504938.434000003,504939.423999986,504938.9289999945,0.8987314565646715,0.5395894686226239,0.9711301222022665,1.2373168453595964,0.8378748324720873,0.5773722835002837,0.9111608915535541,0.5222454205660583,1.5931617882409022
504938.495438855,504939.493438948,504938.99443890154,504938.547000005,504939.535999981,504939.041499993,1.1351670467039374,0.5869379189722216,1.7320088251441108,1.327788246085456,1.717882976248732,0.321774720049514,1.3014049868768212,0.6416913881337818,1.4518473121208613
504938.595438849,504939.593438966,504939.0944389075,504938.644000007,504939.635999999,504939.14000000304,1.3423872690042424,0.6092737371355899,2.2825623192186466,1.1641206173361198,2.600509788005043,0.16401848418541648,1.7051287972897122,0.7392591065465256,1.4742253023168868
504938.695438842,504939.693438984,504939.194438913,504938.744,504939.732999994,504939.238499997,1.508225619501,0.5624186879201063,2.353183062067031,0.9802327705407926,3.3754602105758367,0.2305261390294167,1.9940556214911596,0.8333554543642816,1.7365730100193755
504938.795438836,504939.793439002,504939.294438919,504938.856000002,504939.845999989,504939.3509999955,1.6159655753871007,0.5026730072543323,2.0263099963360736,0.9522251631563123,3.910404478761456,0.5102142171954751,1.994138309140466,0.9987582785761929,2.033001152676496
504938.89543884,504939.893439019,504939.3944389295,504938.952999989,504939.957999984,504939.4554999865,1.7491096709761957,0.7271394346534076,1.6464553557488297,1.030784512306968,4.375686139096704,1.0636161779599034,1.5958546761125945,1.5490700116469172,2.0042710602842404
504938.995438858,504939.993439037,504939.4944389475,504939.049999984,504940.05499998,504939.552499982,1.8804332234453423,1.3107621210095133,1.5138237160264625,1.004966009191365,4.6723727332605804,1.710293264307897,0.9547346405409847,2.324875801269587,1.5516375019563486
504939.095438876,504940.093439055,504939.59443896555,504939.146999979,504940.154999997,504939.65099998796,1.8661789803468933,1.920775147831677,1.5862358792580218,0.8148335166325926,4.3663653178821695,2.0609679121915896,0.4377101674754766,2.73488889119957,1.0076550103040487
504939.195438895,504940.193439072,504939.6944389835,504939.246999997,504940.236999992,504939.7419999945,1.6471527372384551,2.2374706976249,1.592357746034728,0.5800415728361056,3.37107045213017,1.9340323370588388,0.26098984647230294,2.462679910207335,0.738579335543261
504939.295438913,504940.29343909,504939.7944390015,504939.343999992,504940.348999987,504939.8464999895,1.3047630243733033,2.18826634823252,1.3524856436572956,0.3872494317127321,2.1988403585314784,1.4649516536963743,0.37366478113274093,1.7628947651977034,0.7097512128255827
504939.39543893,504940.393439108,504939.89443901903,504939.425999987,504940.430999983,504939.928499985,1.008506876194362,1.8662874305706985,0.9727246957594673,0.25030774561870306,1.5031787566068404,0.9417734606295805,0.7181434108252468,1.1354329144459512,0.6802065950984089
504939.495438948,504940.493439125,504939.99443903647,504939.537999982,504940.531,504940.034499991,0.8729744629206606,1.4081359659571522,0.7238128279346733,0.2013364657103645,1.5055343656889317,0.5763838145431913,1.2392025466997898,0.7725398942999999,0.5568498225311824
504939.595438966,504940.593439142,504940.094439054,504939.638,504940.642999997,504940.14049999847,0.865754410935679,0.9154623916493175,0.7399318588533845,0.27983932507594644,1.7669111446918788,0.46172304210205084,1.7207596531997056,0.5364456882155126,0.5049621836976355
504939.695438984,504940.693439151,504940.1944390675,504939.734999995,504940.724999995,504940.229999995,0.8536335793666815,0.5096500352286788,0.8604023068471365,0.41686523446909846,1.6652352616642294,0.46023896892075794,1.8844851336627064,0.3393238827218023,0.6928678114190425
504939.795439002,504940.793439161,504940.29443908145,504939.84799999,504940.836999992,504940.342499991,0.7986129121158146,0.3074462180447577,0.9456075754399376,0.5356420255186938,1.228633581243847,0.47931939482332,1.663864261871716,0.2170807080770113,1.0113095319072336
504939.89543902,504940.89343917,504940.394439095,504939.959999985,504940.933999989,504940.446999987,0.7712363900519452,0.3142707178478982,1.1307927146504735,0.650887468432537,0.9052426098808364,0.49318267078281264,1.3629048665310748,0.16577006336777356,1.1468400089221558
504939.995439038,504940.99343918,504940.494439109,504940.05699998,504941.033999999,504940.54549998953,0.9636568612699103,0.5994917982363829,1.7764717373944623,0.872994034403792,1.1509914405210608,0.726531281904876,1.382972241601228,0.24773202914302445,0.952070326954456
504940.095439055,504941.093439189,504940.594439122,504940.156999998,504941.130999996,504940.643999997,1.350049082721324,1.0516639913102401,2.6647215743988935,1.212273765565417,1.874399616660872,1.1735549816207786,1.7426076788894627,0.48136382409987866,0.59980722922505
504940.195439073,504941.193439199,504940.694439136,504940.238999993,504941.227999994,504940.7334999935,1.8191851003368062,1.3933018027789121,3.25944416620939,1.696494176067484,2.948949199966333,1.6130798158476098,2.297619829347564,0.8702722065879905,0.47431960588916555
504940.29543909,504941.293439208,504940.794439149,504940.350999988,504941.324999991,504940.8379999895,2.2251006395850115,1.3827997508980254,3.3323839448095764,2.19935927447681,4.116863274665203,1.8137598972645426,2.8808853937844354,1.300625338085541,0.774128242695957
504940.395439108,504941.393439217,504940.8944391625,504940.432999983,504941.437999988,504940.93549998547,2.4305721229094317,1.1228640595581723,3.0904325190733815,2.426893360950128,4.925555685165463,1.7986581500249121,3.155528573205056,1.5850234193589259,1.339621215939416
504940.495439125,504941.493439227,504940.994439176,504940.544999981,504941.537999998,504941.0414999895,2.321356768601436,0.9014791578219133,2.7867347868964956,2.1678177639966485,4.961205002325421,1.595666744864639,2.8352911510816106,1.6210602892720543,1.7015992525527057
504940.595439142,504941.593439236,504941.094439189,504940.644999998,504941.634999995,504941.1399999965,1.940192660791355,0.8561821822517461,2.5689302772040725,1.5694919952701318,4.209538254195183,1.2796371935042457,2.0360529187696548,1.4248859549077355,1.5768225102280717
504940.695439152,504941.693439245,504941.1944391985,504940.726999995,504941.731999993,504941.22949999396,1.5405897288167676,1.0029471757785895,2.510355934691087,1.0290156474873051,3.0821202137246297,1.1149183062507582,1.2372520152736828,1.1856269247462778,1.1624816125818118
504940.795439161,504941.793439255,504941.294439208,504940.838999992,504941.82899999,504941.333999991,1.505615429353488,1.5487216998538524,2.7767682908481026,0.9283668937226035,2.2801465711462603,1.4229206249692083,0.8872954595646163,1.2438466820815686,0.9568572126416932
504940.895439171,504941.893439264,504941.3944392175,504940.93599999,504941.928999999,504941.4324999945,1.873451599699877,2.4969288539704526,3.2827712922942607,1.23479016306099,2.0179197087390173,2.157833213204812,0.9454881586201636,1.6747742608122675,1.1771071468970526
504940.99543918,504941.993439273,504941.49443922646,504941.035999999,504942.041999997,504941.538999998,2.1139949945948455,3.1769751527246717,3.3091964338947104,1.4805304227515697,1.8158496678382043,2.6206292967457347,1.0197814328374037,2.024103781786282,1.4648937681801883
504941.095439189,504942.093439282,504941.5944392355,504941.132999996,504942.138999994,504941.635999995,2.098737379117328,3.0329690969966294,2.8464637079919246,1.676747596889025,1.7360841134612426,2.565673691695645,1.2563909733548493,2.003517715900119,1.6720521366491887
504941.195439199,504942.193439291,504941.694439245,504941.229999994,504942.250999992,504941.740499993,2.0470429366660374,2.178513604304287,2.3928385326024277,2.0347030539907656,1.8435681069188643,2.3669511215073467,1.9028884293125419,1.6290962947945964,2.0277843498974715
504941.295439208,504942.293439301,504941.7944392545,504941.326999991,504942.347999989,504941.83749999,2.063991081725332,1.2716478837407656,2.132063909138451,2.433095959078144,1.9580412950990087,2.325531752855807,2.6056762344464675,1.1968675106039433,2.5890041088400704
504941.395439218,504942.39343931,504941.89443926397,504941.439999989,504942.447999998,504941.9439999935,2.059180403523315,0.8732565661621063,2.1319225803571857,2.5344070603532196,1.9212234019255745,2.3368895097439677,2.7841986027522556,0.9585299533318262,2.933015553560386
504941.495439227,504942.493439319,504941.994439273,504941.539999998,504942.544999996,504942.042499997,2.0362891532666234,1.0939341869036558,2.6377711436350473,2.3386166976748513,1.8369804185718948,2.2642373161180323,2.4550931766831403,1.0167904200183346,2.6468898665280323
504941.595439236,504942.593439328,504942.094439282,504941.636999995,504942.641999993,504942.139499994,2.3476401956082205,1.8893906841728425,3.820797302373241,2.4139314035147086,2.267237668569729,2.3060285263076916,2.4013616462547422,1.6240905202295512,2.0582838134432584
504941.695439246,504942.693439337,504942.1944392915,504941.733999993,504942.738999995,504942.236499994,3.3366469428358094,3.2216422094810664,5.288410099723852,3.2784994132971974,3.898273270570212,2.887245292791069,3.161617359332526,3.1531665780591123,1.804321319431442
504941.795439255,504942.793439341,504942.294439298,504941.83099999,504942.839,504942.33499999496,4.587369807852323,4.607054328039735,5.927552786803563,4.396984055148666,6.644745183556079,3.856867989430331,4.038669869316627,5.371183816594744,1.8559004339288343
504941.895439264,504942.893439346,504942.394439305,504941.930999999,504942.935999998,504942.43349999853,5.178302910758686,5.251269400990342,5.100714422705368,4.607806019427589,9.095351326785874,4.318393652581913,4.0293822486805295,7.086384097118657,1.937122117779217
504941.995439273,504942.993439351,504942.494439312,504942.043999997,504943.032999997,504942.538499997,4.732946519899734,4.690018351202368,3.5199455118415806,3.650457418392458,9.493189820103202,3.7685200630495017,3.3517082766185204,7.060683220918566,2.3290494970716793
504942.095439282,504943.093439356,504942.594439319,504942.140999994,504943.129999996,504942.63549999497,3.6436248505629862,3.2206955305702842,2.2283681392787855,2.334431763813223,7.39089901442517,2.6452170663911247,2.917745233462102,5.260134726936216,3.151507329626982
504942.195439292,504943.193439361,504942.69443932653,504942.252999992,504943.242999994,504942.74799999304,2.500396932978222,1.6130608964111195,1.5223667331098452,1.4553870302238394,4.113164883945015,1.6708779268641423,2.975294043949268,2.880472403752408,3.772551545570141
504942.295439301,504943.293439365,504942.794439333,504942.349999989,504943.342999999,504942.846499994,1.6367789551012109,0.5366687130401241,1.2246727069791947,1.1009353368210972,1.5471087876833898,1.12557754252647,2.9701380638775374,1.1970185420176263,3.3921119478642483
504942.39543931,504943.39343937,504942.89443934,504942.449999998,504943.439999998,504942.94499999797,1.0762079621697414,0.18824231328934288,1.1387163397358564,0.8733195489611502,0.47800020690962364,0.8375442998302147,2.4073946351493367,0.5677950684616402,2.1186512850207677
504942.495439319,504943.493439375,504942.994439347,504942.546999996,504943.536999997,504943.0419999965,0.7506455999887676,0.31009102816845824,1.1136320156759698,0.5655635650503456,0.27932732802980476,0.6605372621775707,1.5147243189717283,0.5086027894387075,1.052686492397556
504942.595439328,504943.593439379,504943.0944393535,504942.643999993,504943.633999995,504943.13899999403,0.8515878250417597,0.7698634897101699,1.2459813844402536,0.5448874029541464,0.3938340941090528,0.9678229195375294,0.982013458141742,0.7111239357927169,1.197175915648467
504942.695439337,504943.693439384,504943.1944393605,504942.740999995,504943.734,504943.2374999975,1.6767282000736334,1.5797360650547432,1.9274814310582733,1.3155131753863905,1.1364682686186875,2.173053329781435,1.4387936481731851,1.268319573400733,2.5744601091156203
504942.795439342,504943.793439389,504943.2944393655,504942.841,504943.846999999,504943.3439999995,3.367576941852069,2.715605994491575,3.7602647671989526,3.0633538388464694,3.122646060582592,4.1468550163936255,3.403387712087746,2.268083920067598,4.460418225147992
504942.895439346,504943.893439394,504943.39443937,504942.937999999,504943.927999997,504943.432999998,5.411361608078929,3.828531739126963,6.5859830792389715,5.2285133501745245,6.018538949676759,5.971592290544695,6.551016892589005,3.3374980495002724,5.769218513780245
504942.995439351,504943.993439398,504943.49443937454,504943.034999997,504944.024999996,504943.52999999654,6.684281349906063,4.240396302718724,9.046384337252672,6.6615735821747535,8.270672872267532,6.461889303123913,9.22262964875872,3.807379205582637,5.76332554736955
504943.095439356,504944.093439403,504943.5944393795,504943.131999996,504944.137999995,504943.63499999547,6.472609193399574,3.6508724618021544,9.727431199240094,6.681142126660923,8.499450035626541,5.266823847430251,9.835168143864912,3.3779747337748556,4.742010998796856
504943.195439361,504944.193439408,504943.6944393845,504943.244999995,504944.237999999,504943.741499997,5.238908257977311,2.457587783891942,8.548236772086597,5.812726155741932,6.942545590114452,3.3264214271774932,8.639295766502773,2.451928567922144,3.732524000381157
504943.295439365,504944.293439412,504943.79443938856,504943.344999999,504944.334999998,504943.83999999845,3.9459013710822406,1.36556627512488,6.520614293199992,4.960246992305842,4.923736441577143,1.833036149178682,7.093806830877085,1.6308758913658274,3.239328095028472
504943.39543937,504944.393439417,504943.89443939354,504943.441999998,504944.431999997,504943.9369999975,3.1329435782968904,0.7816548298276962,4.922026726785283,4.50327060196426,3.431058814852321,1.2088931549902289,6.130676072718163,1.1602188272892089,2.9257495979479606
504943.495439375,504944.493439421,504943.994439398,504943.538999997,504944.543999996,504944.0414999965,2.7655059708036536,0.593164954851044,4.508787304538044,4.292308819167344,2.6485863355942434,1.1577735417517934,5.697798003556843,0.8732622620994588,2.352366544870458
504943.59543938,504944.593439426,504944.094439403,504943.635999995,504944.625999994,504944.13099999446,2.5732080984841224,0.5001101293130905,4.941597764304649,4.0091873143441425,2.346370799746601,1.1670217482241756,5.381481514915044,0.6436478319254271,1.5962476850998517
504943.695439384,504944.693439431,504944.19443940755,504943.748999994,504944.725999999,504944.2374999965,2.389062876313029,0.5044965807030783,5.172544015469857,3.5156310030489255,2.3240746679387563,1.0437963433514423,4.922094091029305,0.6000680140837732,1.0297982948790931
504943.795439389,504944.793439435,504944.294439412,504943.848999999,504944.837999997,504944.343499998,2.0863097874623704,0.6441883801215755,4.455342656742278,2.7718305998689674,2.308011729082593,0.8047543375704095,4.145109746033271,0.7156073574654882,0.8456334928143787
504943.895439394,504944.893439442,504944.394439418,504943.929999997,504944.934999994,504944.4324999955,1.7615285912974905,0.801535371497599,3.2879218712958713,2.1538349642605983,2.0593720851621233,0.6838966184176767,3.090689889782488,0.8449109982535064,1.1700669317100603
504943.995439398,504944.99343945,504944.494439424,504944.026999996,504945.031999992,504944.529499994,1.9655070505380547,0.9323691089923741,3.119308811698766,2.690133226428141,1.716714653859379,1.317962113224445,2.4167089579786865,1.1236148462389173,2.40724468588373
504944.095439403,504945.093439457,504944.59443943005,504944.139999995,504945.131999999,504944.63599999703,2.900991659332914,0.9942601848777324,4.410030351424227,4.657493979832883,1.463515897000843,2.8177895115177622,2.663503334828187,1.6060130620608657,4.595326953120811
504944.195439408,504945.193439465,504944.69443943654,504944.24,504945.228999997,504944.7344999985,3.844870390068988,0.9847975680400174,5.851843065994584,6.583987842309576,1.2721551290687485,4.237927557075963,3.3360098772072497,1.9607419770376253,6.531500103818139
504944.295439412,504945.293439472,504944.794439442,504944.336999998,504945.356999995,504944.8469999965,3.985468558399683,0.9640283528950192,6.032966396755843,6.775091133126798,1.162881910542997,4.6718652097721725,3.5955757372163837,1.8633221499673809,6.81801757692087
504944.395439417,504945.39343948,504944.8944394485,504944.433999997,504945.438999993,504944.936499995,3.2539370914593673,0.8939306490452001,4.964111108072671,5.104761052514196,1.1964530548442367,4.106928047187588,3.186252865687782,1.3141604587419429,5.264899495581322
504944.495439421,504945.493439488,504944.9944394545,504944.545999996,504945.550999991,504945.0484999935,2.4128881168163945,0.8309081192565557,3.9380547574660003,3.2135170078234454,1.4311305805199184,3.1977502001902196,2.742698948701062,0.7547828291323299,3.1942624914416218
504944.595439426,504945.593439495,504945.09443946055,504944.627999994,504945.650999998,504945.139499996,2.2689265604082687,0.9752521664200362,4.08294815555873,2.6999213435866283,2.0419964560498913,2.4818678401088414,3.177693949745948,0.6575078880836802,2.0342246837123916
504944.695439431,504945.693439503,504945.19443946704,504944.727999999,504945.732999996,504945.2304999975,2.772596696878975,1.3253100033736587,5.131612507440446,3.3764788096420237,3.242860143939724,2.014095535448557,4.327544120775899,0.9623368631728566,1.8005355912386358
504944.795439435,504945.79343951,504945.2944394725,504944.839999997,504945.844999994,504945.3424999955,3.3203477515403828,1.5829513418298142,6.119427930101439,3.9585615525014397,5.070410619334192,1.8362104166502606,4.970779178215269,1.3829048994620097,1.6415360742286387
504944.895439442,504945.893439518,504945.39443948003,504944.936999994,504945.957999992,504945.447499993,3.681780552676498,1.661020660503287,6.396922817489365,3.987303047502077,7.3445289093597905,2.261298233222617,4.396154213754674,2.173947188070102,1.2330693515100748
504944.99543945,504945.993439525,504945.4944394875,504945.033999992,504946.058,504945.545999996,4.027615766434497,1.7772495457491013,6.070181289454819,4.065723172350978,9.426576980421485,3.391361304338753,3.0668203180518514,3.5684975283108993,0.8545159927980899
504945.095439457,504946.093439532,504945.5944394945,504945.134,504946.154999998,504945.644499999,4.237336145781908,1.9499801698859631,5.320130558655579,4.449001017652918,10.124000384167408,4.427270345303315,2.048249239842356,4.785779189104395,0.794278261643331
504945.195439465,504946.19343954,504945.6944395025,504945.230999997,504946.251999996,504945.7414999965,4.008142903119097,1.907915619153719,4.353695741888792,4.759088384622518,8.731966731691358,4.526698676264756,1.9744917459729254,4.770611821050849,1.0406745043078613
504945.295439473,504946.293439547,504945.79443951,504945.358999995,504946.348999994,504945.85399999446,3.3075089680527414,1.4123570520207127,3.5422347016835087,4.628457588128829,6.038983129496554,3.671395110488065,2.525246322463162,3.3982299541963013,1.243167885944798
504945.39543948,504946.393439555,504945.8944395175,504945.440999993,504946.445999991,504945.943499992,2.562401035847622,0.7590170732473169,3.289978182112123,4.2151356320994715,3.6146251023870577,2.6175225546408676,3.0171346434325077,1.769639700493719,1.216155398367912
504945.495439488,504946.493439562,504945.99443952495,504945.552999991,504946.545999999,504946.04949999496,2.1637420351662473,0.6941779376793209,3.3208825748344055,3.70831088082747,2.3972122215510376,2.0507304614450814,2.9588733487145458,1.0937441095729608,1.0860047467051586
504945.595439495,504946.593439568,504946.0944395315,504945.652999999,504946.658999998,504946.1559999985,2.165135249555593,1.5841461403224173,3.1067298452713126,3.1888028061375784,2.257287252642127,1.9853037272619292,2.506934902238622,1.52504101864394,1.1668363039268173
504945.695439503,504946.693439572,504946.1944395375,504945.734999997,504946.723999997,504946.229499997,2.438248177950947,2.9092175142494243,2.569045833897215,2.863365490979141,2.7822592486996074,2.017489802559331,2.2673677030955073,2.4315298311348164,1.6657099989925352
504945.79543951,504946.793439577,504946.2944395435,504945.846999994,504946.836999996,504946.341999995,2.7626716950448356,3.703281765113402,2.0956397488796905,2.8838987590252008,3.552220228701905,1.9817932329094352,2.518038080174178,3.0834660313918802,2.2830357141629913
504945.895439518,504946.893439581,504946.3944395495,504945.959999992,504946.937,504946.448499996,2.666450187963119,3.3158183962510988,1.7574887593690929,2.8375326704942387,3.6988696849644516,1.6967007497898912,2.7317714367792956,2.849904744200097,2.443515061856785
504945.995439525,504946.993439585,504946.494439555,504946.06,504947.033999999,504946.5469999995,1.938223326865134,2.162374783355865,1.2578651686588382,2.153068329064154,2.790546790709377,1.1016751346446643,2.296087971793285,1.8858072622043374,1.8583611744905526
504946.095439533,504947.09343959,504946.5944395615,504946.156999998,504947.130999998,504946.643999998,1.0634911390534352,1.3012623591168648,0.6020678163911364,1.1116948662467916,1.456706646235876,0.4947799135977426,1.4100449362961442,1.0892492301688859,1.04212334437404
504946.19543954,504947.193439594,504946.69443956704,504946.253999996,504947.243999996,504946.748999996,0.7076022968022864,1.1710813859485556,0.3699803097543804,0.5402114374769722,0.7641080804385492,0.23631586168135935,0.8262570998267876,0.9810902489290532,0.7717739503626333
504946.295439547,504947.293439598,504946.7944395725,504946.350999994,504947.340999995,504946.84599999455,0.9819125079668146,1.308310968082768,0.908415865132905,0.8028270119440428,0.941706054481313,0.421177633308759,0.9206179636442563,1.277284475473991,1.2749600916664825
504946.395439555,504947.393439603,504946.894439579,504946.447999992,504947.440999999,504946.9444999955,1.6246930540896245,1.1976989824937219,2.023633347653219,1.837914909059175,1.4971331119470366,0.8970178249542096,1.651071179746773,1.5277687100361192,2.365306366826742
504946.495439562,504947.493439607,504946.9944395845,504946.547999999,504947.521999998,504947.0349999985,2.6487220926036876,0.8843155633602473,3.4967201960347394,3.8304293088165746,2.2475353769382496,1.590654535783926,3.287004238151762,1.6806652572279588,4.172452264516044
504946.595439568,504947.593439611,504947.09443958953,504946.660999998,504947.618999997,504947.13999999745,4.174235774906864,0.7248119458805387,5.136845550211552,6.73785048172492,3.4210667423903347,2.4570094012972006,6.1488872468184965,1.971895023605281,6.79551980732659
504946.695439572,504947.693439616,504947.194439594,504946.725999997,504947.731999996,504947.2289999965,5.795851748949527,0.8259597785078074,6.50421234363475,9.562781467658805,4.8480675885704585,3.293826833536639,9.447568014424236,2.447267147428147,9.437130817835369
504946.795439577,504947.79343962,504947.2944395985,504946.838999996,504947.843999995,504947.3414999955,6.650185854936728,0.9987167649160972,7.136824630167789,10.865940569562351,5.715705844328916,3.778547877041231,11.26182796125764,2.821728124512986,10.622195067706812
504946.895439581,504947.893439624,504947.3944396025,504946.935999995,504947.943999999,504947.43999999703,6.290458288215733,1.1172218257828086,6.964637328154907,10.14915268348847,5.317882694793418,3.868229545140684,10.320206606385636,2.9110360848542483,9.675299537125692
504946.995439585,504947.993439628,504947.4944396065,504947.035999999,504948.040999998,504947.5384999985,5.047914666457411,1.227275324323089,6.174412600815647,8.172851563427963,3.7899359239440082,3.693404492983646,7.215928089467873,2.7982177956981706,7.311291540998889
504947.09543959,504948.093439633,504947.59443961154,504947.132999998,504948.153999997,504947.6434999975,3.770997088694674,1.4360078773131304,5.123758943667082,6.236975541557786,2.120471312720384,3.5139355523532987,4.0100161161481696,2.6642557677518637,5.06255559804568
504947.195439594,504948.193439637,504947.6944396155,504947.245999996,504948.219999995,504947.7329999955,3.132569829443403,1.6583814515804811,4.178588647245997,5.161559979081412,1.2518869510892887,3.6178955638457393,2.4009795597625456,2.527048296523915,4.2642181864178434
504947.295439598,504948.293439641,504947.7944396195,504947.342999995,504948.32,504947.8314999975,3.091843936290719,1.676296484926874,3.5076532671506766,4.79872130886661,1.2859957705523022,3.838547823524688,2.486173659397319,2.2211787770337037,4.92018439887358
504947.395439603,504948.393439645,504947.89443962404,504947.443,504948.431999998,504947.937499999,3.0900735543776623,1.4029935744547581,3.0037211121438077,4.472167399260821,1.6161626861985325,3.7211080606598985,3.0367542674300987,1.7634768717802105,5.704204463093169
504947.495439607,504948.493439649,504947.994439628,504947.523999998,504948.528999997,504948.0264999975,2.9075283206965983,1.1654557595704833,2.6391372952063374,4.030961926502348,1.945887805234794,3.2485285047045074,3.158048365727515,1.622001353190678,5.450205555436121
504947.595439611,504948.593439654,504948.0944396325,504947.620999997,504948.657999996,504948.1394999965,3.202301583988041,1.6700163623508943,2.958665428146145,4.2847924146837855,2.91643540675311,3.3148832045991874,3.3861441135694665,2.5323847208384214,4.5550910209633155
504947.695439616,504948.693439658,504948.194439637,504947.733999996,504948.722999997,504948.2284999965,4.6702594114674785,3.2425276286073306,4.339568280801979,5.901100368195817,5.161762008584838,4.6238596282284155,4.769207871603506,4.676193685147821,4.647855820570115
504947.79543962,504948.793439661,504948.2944396405,504947.845999995,504948.823,504948.3344999975,6.801417187220938,5.457122530465512,5.981369864157919,8.027902283420525,8.198647307087848,6.541772445864457,6.795207645953977,7.356443594090564,6.052871826726705
504947.895439624,504948.89343966,504948.39443964197,504947.945999999,504948.936,504948.4409999995,7.9162397068751424,7.005350199635105,6.379752173576711,8.695579224909308,10.087451253226487,7.54130871976049,7.571111395335704,8.967764109375317,7.081600579182025
504947.995439628,504948.99343966,504948.49443964404,504948.042999998,504949.033000001,504948.5379999995,6.926854772197675,6.6897285462914065,5.016962501672012,7.0204290933597715,9.189463243437013,6.589585828170023,6.2722813446987615,8.266551450827759,6.36983616912466
504948.095439633,504949.093439659,504948.594439646,504948.155999997,504949.130000001,504948.642999999,4.636741340747758,4.766677762744842,3.0458102801474265,4.272745566882019,6.248623617120467,4.499580433531399,4.055168229832534,5.729222661833234,4.476102173890142
504948.195439637,504949.193439658,504948.6944396475,504948.221999995,504949.23,504948.72599999746,2.55301760761723,2.5546341517366824,1.6845892624569514,2.131577455672068,3.2926306748135055,2.6628200945100846,2.4247082504462867,2.979427680444975,2.6937532908572877
504948.295439641,504949.293439657,504948.794439649,504948.322,504949.327,504948.8245,1.4035867923425356,1.1667992259092395,1.1099777702989952,1.1220279635985002,1.580294861163457,1.6399883167528853,1.7054494165324274,1.2775345709388424,1.6266222135459376
504948.395439645,504949.393439656,504948.89443965047,504948.433999999,504949.424000001,504948.929,0.9301093070427338,0.7810435060027483,0.8768187682182329,0.7230383733014749,0.902915408828977,1.1988379689747029,1.2420890593654346,0.7307323746104377,0.9853989970398606
504948.495439649,504949.493439655,504948.99443965196,504948.530999997,504949.537000001,504949.033999999,0.9010988059116694,0.9947691827632164,1.1132226867520871,0.6474081438647998,0.8189847514942726,1.12664592078333,0.911360485908215,0.818408520217698,0.7779907555097363
504948.595439654,504949.593439654,504949.094439654,504948.659999996,504949.634000001,504949.1469999985,1.6294094915167774,1.6033408121357056,2.557362218349206,1.2892979000115428,1.5014563728888446,1.7244944173940802,1.4036013061149315,1.2526785050884692,1.7030444001514387
504948.695439658,504949.693439654,504949.194439656,504948.724999997,504949.734,504949.2294999985,3.4096906722254055,2.5425878373843007,5.4448169137844165,3.018113662132571,3.2526460951703258,3.3513396726804117,3.3739708479872395,2.076161548411025,4.217888800252954
504948.795439661,504949.793439653,504949.294439657,504948.825,504949.846,504949.33550000004,5.594573319953213,3.3474163921989453,8.582279066412488,5.230026884840971,5.390437496386466,5.425195307495562,6.25154431707852,2.99764742081673,7.5320396743960245
504948.895439661,504949.893439652,504949.3944396565,504948.938,504949.959000001,504949.4485000005,6.815851289820919,3.5424753978885652,9.991061068738658,6.612625317550196,6.535674758089426,6.501958130882884,8.25838628994448,3.4479484306088466,9.636680924864292
504948.99543966,504949.993439651,504949.49443965545,504949.035000001,504950.056000001,504949.545500001,6.2818897567572,3.2168589162734325,8.77787563150689,6.3241745965947604,6.11641008276418,5.722619359215464,7.914402687294228,3.264353521000924,8.918423259407723
504949.095439659,504950.09343965,504949.5944396545,504949.132000001,504950.156,504949.6440000005,4.475301170335161,2.7294423510017474,5.909705711854609,4.722879990478013,4.66312986449972,3.6494053740382206,5.537015258229203,2.666141618246748,5.924689194333024
504949.195439658,504950.193439649,504949.69443965354,504949.232,504950.253,504949.74250000005,2.664422007812461,2.2744079106746935,3.2472921100018945,3.0277715661502445,3.15140440975552,1.850528715013618,2.9035021840327335,2.0135820725045908,2.846887094366391
504949.295439657,504950.293439648,504949.79443965247,504949.329,504950.350000001,504949.8395000005,1.7659466190514503,1.7935539606592816,1.9568143061586973,2.2467480140407057,2.2023039836054545,1.4356994907117417,1.5299486879039583,1.5117533508710554,1.4507511584607076
504949.395439656,504950.393439648,504949.894439652,504949.426000001,504950.431000001,504949.92850000097,1.7171616951498718,1.295701840918396,1.8384756751028175,2.3420795118412356,1.8465057691606281,2.1110626033703235,1.4628238718945599,1.2284219351399073,1.6122223537711058
504949.495439655,504950.493439647,504949.994439651,504949.539000001,504950.528000001,504950.03350000095,2.208980198167785,1.1496682211038187,2.3088273817757132,2.916214443260211,2.4862179854765034,3.2456841686881526,2.0000576509345063,1.558949226006431,2.0062225080969416
504949.595439654,504950.593439646,504950.09443965,504949.636000001,504950.628,504950.1320000005,3.181566864864779,1.6610031510982863,3.111773803162186,3.7537191341054115,4.825669846835341,4.782133774771062,2.6196546729743946,2.8579852436408815,1.8405952923306694
504949.695439654,504950.693439645,504950.19443964947,504949.736,504950.741,504950.2385,4.13632505512668,2.266327073604054,3.8143371645851696,4.368320618428102,7.971700632671876,6.286473698206603,2.808456639005808,4.3370452177222765,1.2379393967895558
504949.795439653,504950.793439644,504950.2944396485,504949.848,504950.838000001,504950.34300000046,4.26581246455804,2.3376057175563614,3.7979605256400393,4.138112929656939,9.530522446119328,6.621269331547472,2.341090060172287,4.690301503310136,0.6696372024617612
504949.895439652,504950.893439643,504950.39443964756,504949.961000001,504950.950000004,504950.4555000025,3.3227491263738367,1.87997835118894,2.8833237069863142,2.9766442362244314,8.087290748543085,5.2959052381897935,1.4805290870965524,3.5726447602667255,0.4056768824948538
504949.995439651,504950.993439639,504950.494439645,504950.058000001,504951.032000006,504950.54500000353,1.9764144368526224,1.3820742170059372,1.636823040004061,1.5517693912279142,4.848646376393161,3.2731370006926364,0.7842846816951069,1.9820309904366789,0.3525497973654842
504950.09543965,504951.093439634,504950.59443964204,504950.155000001,504951.132000001,504950.643500001,1.1625336413790075,1.1687618895024094,0.8941011743630505,0.7634395261252105,2.433583386907773,1.98032160863537,0.639303444458538,1.1109732373693932,0.3097848636703147
504950.195439649,504951.19343963,504950.69443963945,504950.255,504951.244000002,504950.74950000097,1.065778130138893,1.1203324201702074,0.8882223864971195,0.7339822103393342,1.8943248815883753,1.7004805643211522,0.8498457273448732,1.0576971947144747,0.28133965613560846
504950.295439648,504951.293439626,504950.794439637,504950.352,504951.341000004,504950.84650000196,1.0733319732658966,0.9686342740376289,1.0583513024797484,0.7591720113417733,1.996512806704259,1.4946293693672246,0.9079163580502847,1.0894716573536949,0.31196800679255987
504950.395439648,504951.393439621,504950.8944396345,504950.433000001,504951.423000005,504950.928000003,0.9288841565930954,0.8257411699006056,1.0871448076971166,0.5784463430641278,1.7490426289596464,1.0287689054674796,0.744965428711637,0.9489603246018588,0.4680036443422918
504950.495439647,504951.493439617,504950.994439632,504950.530000001,504951.523,504951.0265000005,0.8218456663153624,0.7992859765158349,1.080978060613846,0.4057124091489517,1.4224894022434609,0.6243729607799262,0.6516055414652872,0.8515844066636946,0.7387365730918982
504950.595439646,504951.593439612,504951.094439629,504950.63,504951.651000002,504951.140500001,0.9597844171915749,0.8757345394317653,1.1808007103024099,0.5087921693845947,1.5249481029991891,0.5864482188877755,0.9238291691533855,1.0134826357731006,1.0642397916003785
504950.695439645,504951.693439608,504951.1944396265,504950.743,504951.748000003,504951.2455000015,1.3250013578913946,1.051654042849618,1.2940726113939045,0.9112005437056236,1.980847484733204,0.9073588636822651,1.550177342566254,1.4670621808566804,1.437637793343608
504950.795439644,504951.793439604,504951.294439624,504950.840000001,504951.829000004,504951.3345000025,1.721645945165724,1.3706671719877053,1.2061671303579145,1.388910482247173,2.315013323134941,1.4124560143964877,2.138724871604553,2.1065030179520132,1.834725549645006
504950.895439643,504951.893439599,504951.394439621,504950.952000004,504951.942000005,504951.44700000447,1.8562003824647113,1.6684658864362802,0.8691161702151262,1.6051036378945793,2.1598570564920276,1.7263244116050018,2.2377678258887683,2.5311921618358877,2.0517759093500167
504950.995439639,504951.993439595,504951.49443961703,504951.034000005,504952.042000001,504951.53800000297,1.6081225160859782,1.6224848925681026,0.47918755317878303,1.4095761441334544,1.6458855767229066,1.5746535753724313,1.83276110841429,2.365789052888708,1.93464222540915
504951.095439634,504952.09343959,504951.594439612,504951.134000001,504952.139000002,504951.63650000154,1.2295915601446779,1.2400147342783603,0.30042629137980603,0.9367790624179302,1.2287556414921719,1.168481541379202,1.4420938949161353,1.7356260967196375,1.7845552185741793
504951.19543963,504952.193439586,504951.694439608,504951.246000002,504952.236000003,504951.7410000025,1.0014753589842946,0.8105318897836639,0.33537686368584363,0.49303394166309167,1.0856770881401512,0.887093721013148,1.4325952233799264,1.1395972592328536,1.8278968849756794
504951.295439626,504952.293439582,504951.794439604,504951.343000003,504952.333000004,504951.8380000035,1.041855343523002,0.6259946522082386,0.5254840593050921,0.42713249101253187,1.2109036486194866,0.9783729594895647,1.6603001351114794,0.9604939010248351,1.9461609014127887
504951.395439621,504952.393439577,504951.894439599,504951.425000005,504952.433,504951.9290000025,1.2757004283698699,0.7089604716351051,0.837355529647959,0.8647370856960716,1.548350605777701,1.3405728403485677,1.8246920214520816,1.149033172896519,1.931901699504954
504951.495439617,504952.493439575,504951.994439596,504951.525,504952.546000001,504952.0355000005,1.4382770436072285,0.829959307055625,1.0784365224791166,1.4263894236927595,1.8243359253082259,1.5983675534756334,1.7244410888279664,1.3085271788755564,1.7157593491429441
504951.595439612,504952.593439573,504952.0944395925,504951.653000001,504952.627000001,504952.140000001,1.326040115398129,0.7961570561884538,1.0702800303998494,1.576238066362396,1.7648139943365027,1.476101985977341,1.3827960312908751,1.171190840161354,1.3707429184682594
504951.695439608,504952.69343957,504952.19443958905,504951.750000003,504952.724000002,504952.2370000025,1.0630655484253833,0.6883083568212629,0.9815492377748601,1.2451516845444996,1.4651194043496814,1.1589968762572436,1.0608785441721198,0.8780516416663535,1.0264686418170457
504951.795439603,504952.793439568,504952.29443958553,504951.831000004,504952.837000003,504952.3340000035,1.3374523118426112,1.0516518107977866,1.6489479828278664,1.2324943582916523,1.8937356710607958,1.3777937243559915,1.4006374128338341,1.1104126916338464,0.9839448429391178
504951.895439599,504952.893439566,504952.3944395825,504951.944000005,504952.937,504952.44050000247,2.754236300037285,2.27866003378703,3.559510533482981,2.41094903588489,3.8628802618397637,2.758770814604708,2.9500128322132646,2.3719509289315437,1.841155959554099
504951.995439595,504952.993439563,504952.494439579,504952.044000001,504953.049000001,504952.546500001,4.667513167685973,3.7141177450453684,5.802596817059312,4.269987409251779,6.461966352944527,4.547402247775718,5.072967668772415,3.946528088740773,3.5245390118978963
504952.09543959,504953.093439561,504952.5944395755,504952.141000002,504953.162000002,504952.651500002,5.558326841809508,4.253731018926324,6.610222354795259,5.212598657427279,7.644848790045868,5.295895923509605,6.140783100188127,4.528710369302508,4.7798245202811
504952.195439586,504953.193439559,504952.6944395725,504952.238000003,504953.243000002,504952.7405000025,4.702382264367621,3.5174291465663816,5.271425294068302,4.382797217074426,6.490284434334971,4.406592544258836,5.3113321693899955,3.6408766738966873,4.598320635351374
504952.295439582,504953.293439556,504952.794439569,504952.335000004,504953.343,504952.839000002,2.915883091325898,2.265979537411955,2.952106549178493,2.5308422981874465,4.081936393321541,2.703546669412935,3.4434720959793417,2.1212464415092387,3.2279347456062313
504952.395439577,504953.393439554,504952.8944395655,504952.435,504953.440000001,504952.93750000047,1.627409730051459,1.3979141637673975,1.514353159352912,1.2376598046332736,2.2818437411332866,1.4423561094334598,2.2810032852315643,1.0550961507587804,1.8090514261009965
504952.495439575,504953.493439552,504952.9944395635,504952.548000001,504953.537000001,504953.04250000103,1.501551262731121,1.006636999571513,1.7318832008280411,1.486014622302958,1.9145321561976734,1.1243555135850132,2.696757524099538,0.7315812889430139,1.3206487963212177
504952.595439573,504953.593439549,504953.094439561,504952.629000001,504953.634000002,504953.13150000153,2.2400265753511857,0.7785032337389604,3.1612095364593182,3.0281703508640865,2.773094097472365,1.696252396615654,3.845208695398731,0.9179661570896289,1.71980813517074
504952.69543957,504953.693439547,504953.1944395585,504952.726000002,504953.731000003,504953.22850000253,3.0258023044435474,0.6545281940488847,4.581812583580174,4.533237413456571,3.9190829464830106,2.698930533415498,4.258845086481588,1.2826889492356432,2.277292728847012
504952.795439568,504953.793439545,504953.29443955654,504952.839000003,504953.831,504953.3350000015,3.177090752795082,0.7546469712794068,4.850433992030602,4.737579496589799,4.377193850345163,3.3425151009356586,3.393751307840894,1.5769527188121946,2.383652584526937
504952.895439566,504953.893439543,504953.39443955454,504952.939,504953.928000001,504953.4335000005,2.5978823006799114,1.0457516881088893,3.7092179222380857,3.4624230289295674,3.961616513185409,3.1212417104259207,1.9046909986401501,1.6516356541005064,1.926480889810765
504952.995439563,504953.99343954,504953.4944395515,504953.051000001,504954.041000002,504953.5460000015,1.8020819077535717,1.300677459849669,2.079246540997331,1.8334192666488032,3.128450300465005,2.2849251283646352,0.8927021492146177,1.5519050610648095,1.3453293554237016
504953.095439561,504954.093439538,504953.5944395495,504953.164000002,504954.138000002,504953.65100000205,1.5391128513696444,1.400429679897248,1.4277907018576546,1.352813931649173,2.6912559468076926,1.6304565515668394,1.0001484957076374,1.525771833158291,1.2842356703126199
504953.195439559,504954.193439536,504953.6944395475,504953.245000002,504954.235000003,504953.7400000025,2.0421832137794382,1.3308800486754433,2.3205809068723697,2.47787536481396,2.9356027199086885,1.5689289938079942,2.090907282998319,1.6208161506880288,1.991874242470704
504953.295439556,504954.293439534,504953.794439545,504953.342000003,504954.335000001,504953.838500002,2.8659171818527334,1.1586455998063676,3.904239444200627,4.3311093127283,3.3835337057012644,1.7634216466472714,3.537367185511175,1.7001784439610879,3.148842116265776
504953.395439554,504954.393439531,504953.8944395425,504953.442000001,504954.432000001,504953.937000001,3.305583336666184,0.981354230124849,4.770708491386933,5.493715572354248,3.43190894992129,1.7590633878944433,4.387646343972169,1.6431147763395777,3.9771549413359617
504953.495439552,504954.493439529,504953.9944395405,504953.539000001,504954.528999999,504954.034,2.950345329761629,0.7899078661561199,4.222262262209488,5.104287000506213,2.862665156890568,1.486112103002235,3.9674918583306704,1.3805766071683434,3.789459783829396
504953.595439549,504954.59343953,504954.0944395395,504953.636000002,504954.625999998,504954.131,2.0051800586213746,0.5720188279383751,2.7087492736401018,3.50345417031693,1.8503830749710715,1.1056854975440071,2.6640748183112293,0.9255967062795756,2.7114780999697037
504953.695439547,504954.693439532,504954.1944395395,504953.733000003,504954.726,504954.22950000153,1.1780406151335379,0.5331190654205951,1.3305932458457055,1.8969657772729698,1.0229682355220824,0.9709442293642121,1.4776148658844064,0.6085582164261015,1.5835612853322307
504953.795439545,504954.793439534,504954.29443953955,504953.833,504954.853999999,504954.3434999995,0.9148026836818518,0.7824757476327739,0.7918044396499686,1.0542132302116995,0.7424665307964188,1.302225885813161,0.9339000017106039,0.6536004406794612,1.057735192960727
504953.895439543,504954.893439537,504954.39443954,504953.930000001,504954.935999999,504954.43299999996,1.0109127014251253,1.1021868041699667,0.915296372305892,0.8078781518592926,0.7386478116788124,1.8366729681070746,0.7884619536222954,0.8903182645157863,1.0078392851418818
504953.99543954,504954.993439539,504954.4944395395,504954.043000002,504955.047999998,504954.5455,1.0563189210954451,1.1779013523842081,1.2289285873092626,0.6731688996409371,0.7317142069536564,2.0635908325623875,0.6847403177982139,0.960742017016979,0.9297651550979158
504954.095439538,504955.093439541,504954.5944395395,504954.140000002,504955.144999998,504954.64249999996,1.0002469496170763,0.9583895899525919,1.5864536061000054,0.6114476585314857,0.8146960973555928,1.8415616130330827,0.6738354416909347,0.806990317854355,0.7086012724185622
504954.195439536,504955.193439543,504954.6944395395,504954.237000003,504955.245,504954.7410000015,0.9905954195962048,0.6900068337635807,1.8700131109112768,0.7555096031081568,1.1123226423538277,1.4500249726702505,0.8867066222822191,0.6933323394734259,0.46684723220690016
504954.295439533,504955.293439545,504954.794439539,504954.337,504955.341999999,504954.83949999954,1.039689129989596,0.5915271212156212,1.8809774268320845,1.0155316990848497,1.3986306045898595,1.1429445613111822,1.2046571490565592,0.7196645668173516,0.3635799110092602
504954.395439531,504955.393439547,504954.894439539,504954.434000001,504955.454999998,504954.9444999995,1.0275400976151714,0.6321499409838907,1.5580416281000296,1.111643053180622,1.438796108018878,0.9494320260538329,1.3383714620933724,0.7167153013658016,0.475171261124944
504954.495439529,504955.493439549,504954.99443953903,504954.530999999,504955.535999998,504955.0334999985,0.9519168298195576,0.635713556260181,1.0900686017707282,1.0214037291305902,1.1816124777684403,0.7709128826484665,1.3238748185827953,0.5560699047053242,1.0356786676899359
504954.59543953,504955.593439551,504955.0944395405,504954.627999998,504955.636,504955.131999999,0.9709889094642528,0.5256290082225851,0.8438831810328729,1.0472782730657997,0.9191364171372793,0.69103081732467,1.3819477882436664,0.3511913766794196,2.0078144140077296
504954.695439532,504955.693439553,504955.1944395425,504954.728,504955.748999999,504955.2384999995,1.1967491130463757,0.4203766194918729,0.9928510261717096,1.38284143255981,1.0495339442892135,0.9042831014159551,1.6138007755358945,0.3855955319107905,2.8247104729957586
504954.795439534,504955.793439555,504955.2944395445,504954.855999999,504955.829999999,504955.342999999,1.6817129456624333,0.5467414873111434,1.3894951363733241,2.0476442123678966,1.8863610894797538,1.3158007142736214,2.184489261155687,0.9398305678782446,3.1433410964597965
504954.895439537,504955.893439557,504955.394439547,504954.937999999,504955.926999998,504955.4324999985,2.7490575772339976,1.3145609485909557,2.0563779520415113,3.2032219627270138,3.8126738280540846,1.9758758187488734,3.4493260590077828,2.339448559032209,3.8409754896695496
504954.995439539,504955.993439559,504955.49443954905,504955.049999998,504956.023999998,504955.53699999803,4.250527470324853,2.570146291272727,2.8917395928247354,4.652595346736906,6.177177981939844,2.8117251035175315,5.1463839986361,4.112558287986481,5.6418931596845
504955.095439541,504956.093439561,504955.594439551,504955.146999998,504956.124,504955.63549999904,5.164062343332721,3.392400340637966,3.391166357897334,5.4447129861829655,7.300950488624245,3.270807706052156,6.152665414545506,4.974253582682806,7.385541870038784
504955.195439543,504956.193439563,504955.69443955296,504955.247,504956.251999999,504955.74949999945,4.76002668321237,3.2114674980093127,3.2707345823102774,4.9399362960155475,6.399571788759992,2.9440037855630425,5.736795969589242,4.306313565493676,7.271389979957874
504955.295439545,504956.293439565,504955.79443955503,504955.343999999,504956.348999999,504955.846499999,3.390437966849775,2.437265962044502,2.671408963047819,3.454185438560009,4.428974171616382,1.947253455552923,4.372354037972009,2.8159346651380326,4.996127040866523
504955.395439547,504956.393439567,504955.894439557,504955.456999998,504956.445999998,504955.951499998,2.2349811281347423,2.120102669401887,2.115862731132286,2.1618910692105073,2.982379113624976,1.098416636065266,3.1832423174468976,1.9524867493269709,2.2654677388691447
504955.495439549,504956.493439569,504955.994439559,504955.537999998,504956.546,504956.04199999897,1.883303512741449,2.6808347459928057,1.775713746553539,1.671798459597051,2.495459560288932,0.9070366092170367,2.5270051605908863,2.285976533182715,0.7226032865086258
504955.595439551,504956.593439571,504956.094439561,504955.638,504956.642999999,504956.1404999995,1.8778330343772274,3.4137048992469143,1.4146618211582107,1.5608161106518474,2.196792935724834,1.129198560661775,1.96816388120984,3.049894050099164,0.28943201626523263
504955.695439553,504956.693439573,504956.19443956297,504955.750999999,504956.739999998,504956.2454999985,1.7773493988381763,3.479319567639934,1.0656671504498025,1.4150715248278758,2.022340151691502,1.4240970268822946,1.2711570016848328,3.390169704922008,0.15097306260716092
504955.795439555,504956.793439577,504956.294439566,504955.831999999,504956.852999996,504956.34249999747,1.8198988481351535,2.8257175441903555,1.2094513284512087,1.5199902107485166,2.7196560015711926,2.0048598444327554,0.8779030012291844,3.235324751736604,0.16628810272141104
504955.895439557,504956.893439581,504956.394439569,504955.928999998,504956.949999995,504956.4394999965,2.0639517272703967,1.8983452715425273,1.7992519515016037,1.9118380032338242,3.9867678346843616,2.790810070489822,1.0142091719542747,2.768337486944877,0.3420540278118831
504955.995439559,504956.993439586,504956.4944395725,504956.025999998,504957.049999999,504956.5379999985,2.258588921566993,1.2139322974000568,2.323349215662849,2.2809860629369503,4.5058730034314785,3.210816702415733,1.6115890207688144,2.1623956529981037,0.7597694169219567
504956.095439561,504957.093439591,504956.59443957603,504956.126,504957.146999998,504956.636499999,2.317463006382413,1.0626817244451967,2.5343923846807233,2.4818514764388198,3.9246544169072908,3.0086094598083104,2.4679273741271386,1.6506631626215038,1.408924052030317
504956.195439563,504957.193439596,504956.6944395795,504956.253999999,504957.243999997,504956.748999998,2.370591239089273,1.2838289342638551,2.570067420759308,2.6097196581184665,3.2175766290145416,2.5439944336540607,3.2936571150399963,1.4615790045643662,1.9843067172995914
504956.295439565,504957.2934396,504956.7944395825,504956.350999999,504957.340999995,504956.845999997,2.7297012015466677,1.6873222023709067,2.789721272945961,2.8769487421464524,3.691358582831396,2.398486395186418,4.136199432250817,1.850410885054993,2.4071620995863996
504956.395439567,504957.393439605,504956.894439586,504956.447999998,504957.437999994,504956.942999996,3.324939334402138,2.098630919520131,3.1505676610284405,3.123895916608502,5.246120283231193,2.587253397889694,4.955839297019894,2.591378585110103,2.8458286148091485
504956.495439569,504957.49343961,504956.9944395895,504956.544999997,504957.537999999,504957.041499998,3.5584892946008173,2.1951272771548576,3.1892043775997516,2.894018621222516,6.199547108845312,2.562978922423112,5.2455137851206315,2.914734286656044,3.266789977784312
504956.595439571,504957.593439614,504957.0944395925,504956.644999999,504957.650999998,504957.14799999853,3.173628706560605,1.907219213785021,2.7659472811718366,2.2181556865200167,5.662830178448438,2.196541769249654,4.6706983088772915,2.6128113345599866,3.3548258798725947
504956.695439573,504957.693439619,504957.19443959603,504956.741999998,504957.731999996,504957.236999997,2.5207502330291236,1.6813525100920748,2.120268293697836,1.4857818384566988,4.252030995009346,1.8257480037464564,3.5754994971888636,2.2914418841681163,2.9338788418735993
504956.795439577,504957.793439624,504957.29443960055,504956.854999996,504957.844999995,504957.34999999555,2.1154364850271516,1.9897167621095337,1.5099671287659922,1.0688919164175519,3.0424462082382755,1.7173415231503122,2.6446975203923704,2.5984592042723644,2.351971616870811
504956.895439581,504957.893439628,504957.3944396045,504956.951999995,504957.945,504957.4484999975,2.073873897004573,2.680351046413504,1.0753675206356919,1.0286661854657735,2.4558146389450255,1.8601116827346496,2.142752744055119,3.3121553297996646,2.035772027987158
504956.995439586,504957.993439633,504957.49443960947,504957.052,504958.041999998,504957.546999999,1.9567604094261415,2.9409890938161487,0.738314927455056,1.0405624293243634,2.018582384020486,1.9481161988669542,1.6811623604755759,3.447428085227499,1.838927796223047
504957.095439591,504958.093439638,504957.59443961445,504957.148999998,504958.138999997,504957.6439999975,1.5230895323001634,2.3430331773864914,0.5498446894365163,0.9543812623518255,1.3451519797122247,1.8143367784727218,1.107069533664395,2.575870213304918,1.4950286240722157
504957.195439596,504958.193439642,504957.694439619,504957.245999997,504958.235999996,504957.74099999655,1.3654682176704402,1.4638081163484833,1.1158356333394663,1.3246029378483077,1.0187604527058385,1.8588285890148746,1.2114612313525317,1.4520011188765372,1.478447661877483
504957.2954396,504958.293439647,504957.7944396235,504957.342999996,504958.347999994,504957.845499995,2.0603491258020243,1.225961193412092,2.6667591697587523,2.6429746883657366,1.6765688791383524,2.386508172005275,2.520504744780646,1.076351932247636,2.287164226707704
504957.395439605,504958.393439651,504957.894439628,504957.439999994,504958.447999999,504957.9439999965,3.119797477610706,1.8030626506463279,4.328846674479631,4.150617152015061,2.8142354783192056,2.9822758606066073,4.054079296820461,1.5156167600397443,3.3096459479586047
504957.49543961,504958.493439656,504957.994439633,504957.539999999,504958.544999998,504958.04249999847,3.5314989998634094,2.5510565665594993,4.834484755937309,4.51059118194099,3.326538506120354,3.0586747476629723,4.415914821933102,2.0665216925629712,3.4882097261900777
504957.595439614,504958.593439661,504958.0944396375,504957.652999998,504958.641999997,504958.1474999975,2.8979347702893836,2.719428637038885,3.7949888989241214,3.3356753594091413,2.777384688332955,2.522630034165661,3.3665364582488353,2.0880429628413837,2.578791123354085
504957.695439619,504958.693439665,504958.194439642,504957.733999996,504958.754999995,504958.2444999955,1.830337501243383,2.1558551738624545,2.1346523969849254,1.670926892731965,1.807389329828795,1.8260454333698575,2.0210494298909683,1.5811204245563484,1.445660928721749
504957.795439624,504958.79343967,504958.294439647,504957.846999995,504958.855,504958.35099999746,1.2387112473830317,1.540568481555718,1.1255934077768812,0.8062747188360395,1.4514910689385918,1.3558799505839538,1.5698842234730606,1.1420111015496062,0.9179870263504036
504957.895439629,504958.893439674,504958.3944396515,504957.947,504958.951999999,504958.4494999995,1.3663067354613574,1.6992039517713016,1.0543398308948464,0.9354167173013568,1.9006221944248443,1.1154486963372574,1.9319688758720281,1.3077043199389178,0.9857492971503063
504957.995439633,504958.993439669,504958.494439651,504958.043999998,504959.049000009,504958.54650000355,1.711295412370214,2.487320835274954,1.3487973302487235,1.3741137031795634,2.3864867894032553,0.9746654587590808,2.199069701851394,1.872542931099714,1.0473665491450261
504958.095439638,504959.093439655,504958.59443964646,504958.140999997,504959.130000013,504958.635500005,2.0267949821666402,2.9684579310101036,1.876880205856338,1.9473398563609068,2.6041947233783214,1.0860550044123256,2.436613957948034,2.2155169121224145,1.0793012662446764
504958.195439642,504959.193439641,504958.6944396415,504958.237999996,504959.243000016,504958.740500006,2.529864015105388,2.5890877268727275,2.935517973470233,3.01696166802473,3.067337624222394,1.5951035451344615,3.4481705431073593,2.0712443692504388,1.5154886707607576
504958.295439647,504959.293439627,504958.794439637,504958.349999995,504959.343000002,504958.8464999985,3.2316042258066133,1.6578940270344544,4.231492068867537,4.436671596414806,3.941936806607001,2.229936877940514,5.254982742090326,1.704839043039589,2.3950806444586776
504958.395439652,504959.393439613,504958.89443963254,504958.449999999,504959.440000006,504958.9450000025,3.6697999282252853,0.8691675555389109,4.848053812668407,5.3215248712385055,4.577111567552321,2.4975754361962204,6.68765542593915,1.3869473817889226,3.1703633748798437
504958.495439656,504959.493439599,504958.9944396275,504958.546999998,504959.53700001,504959.042000004,3.377217982547293,0.4564611362958828,4.279870929202494,4.981882074641723,4.233506775491032,2.0738149475495513,6.558187174009159,1.0733472614801305,3.3606735617083734
504958.595439661,504959.593439584,504959.0944396225,504958.643999997,504959.618000014,504959.1310000055,2.5225395929694225,0.2756116463379599,3.1658171999444713,3.734032576394344,3.024727251861397,1.3303117935663722,4.9322153859769085,0.7159137115670688,3.0016871781068595
504958.695439665,504959.69343957,504959.1944396175,504958.756999995,504959.718,504959.2374999975,1.832250834035125,0.34849631455044194,2.6697523422153076,2.645172819291742,1.8335593446744212,0.9555123320215786,2.979722756277419,0.6024409246300071,2.6233498386200806
504958.79543967,504959.793439556,504959.294439613,504958.857,504959.831000004,504959.344000002,1.6933004044403712,0.7809573029665883,3.045552617450338,2.2948651525728945,1.2218619516493712,1.0730425624736284,1.5976303683844166,0.8508758352356612,2.6816174447900702
504958.895439674,504959.893439542,504959.394439608,504958.953999999,504959.944000008,504959.4490000035,1.8352427715108335,1.2761765377766998,3.498865751437173,2.4420165393808775,1.2295656597938316,1.230587474677719,1.0412466395309383,1.152154753577994,2.811328815911435
504958.995439669,504959.993439529,504959.494439599,504959.051000008,504960.056000012,504959.55350001,2.0029388617968187,1.4639017729039565,3.516713413857617,2.783794699059355,1.8362932030965917,1.217943246784458,1.4217477063209936,1.206602519781562,2.576514332570017
504959.095439655,504960.093439515,504959.594439585,504959.132000012,504960.153000016,504959.642500014,2.0835784738943204,1.2846180853957097,3.1861301062747747,3.0325146160336747,2.744552206065037,1.1360900979899689,2.3874545642560396,0.9852082335485985,1.9120598815907615
504959.195439641,504960.193439501,504959.694439571,504959.245000016,504960.253000002,504959.74900000903,2.0029660013030774,0.9153387921221822,2.766804985771347,2.9559434325087395,3.3087887547479764,1.048802044262088,3.201721769459666,0.6642286993647448,1.162099532187878
504959.295439626,504960.293439487,504959.7944395565,504959.345000002,504960.335000005,504959.8400000035,1.7712378754572242,0.5960996160596054,2.384432504827841,2.5278782981293393,3.14925907708259,0.9260243348390254,3.374188685715109,0.4156599776108928,0.7963605093933929
504959.395439612,504960.393439473,504959.8944395425,504959.442000006,504960.432000009,504959.9370000075,1.4156142510078429,0.37248760012252996,1.9070866212945128,1.885863130471622,2.4215057432887312,0.7906198987933937,2.884192249591467,0.280885851441121,0.7822729130593642
504959.495439598,504960.493439459,504959.9944395285,504959.53900001,504960.529000008,504960.034000009,1.020070319330054,0.187733997704009,1.3050395126068997,1.2278745523748174,1.593264346946858,0.70833378325227,2.1120548581095804,0.21266641410950643,0.8135950895364901
504959.595439584,504960.593439451,504960.0944395175,504959.620000014,504960.625999999,504960.12300000654,0.7229677761424077,0.08099290654968987,0.803664638854195,0.765543200349413,1.0026334418971619,0.7480065149959585,1.4663939560861023,0.19766137612783746,0.7188461742789034
504959.69543957,504960.693439452,504960.194439511,504959.733000018,504960.726,504960.229500009,0.5526033564703056,0.0896156399514792,0.5445021957662866,0.5657988253813991,0.6086861071073806,0.8017598033035993,1.0103533676074359,0.21278326850889173,0.5873276441359723
504959.795439556,504960.793439454,504960.29443950497,504959.833000004,504960.837999999,504960.3355000015,0.4936553765963285,0.19857152648012905,0.5489318071536716,0.6344084029293907,0.3073195582643945,0.7488326526042081,0.6976711235110491,0.2504511900412267,0.5630567517865583
504959.895439542,504960.893439455,504960.39443949854,504959.946000008,504960.934999999,504960.4405000035,0.5492853991063624,0.3467132824031063,0.8538159274327379,0.8631995663142968,0.1400613571055294,0.6279083114978216,0.5307864285132525,0.323405009766829,0.7083933098173263
504959.995439528,504960.993439456,504960.494439492,504960.058000011,504961.031999999,504960.54500000505,0.6200048081806524,0.4400220228183175,1.2053371712830765,1.0367431906999474,0.08790297534531083,0.47621516343027576,0.3988684778173818,0.41633406748687884,0.8986153965640308
504960.095439514,504961.093439457,504960.5944394855,504960.155000015,504961.132,504960.64350000746,0.6875663178236238,0.40361408188347936,1.3386457581169156,1.1890400452144705,0.10648591534460035,0.4070358608130862,0.4028551457743722,0.5127035800540687,1.1401501553879982
504960.1954395,504961.193439458,504960.694439479,504960.255000001,504961.245,504960.75000000047,0.8792490246479975,0.29064379563730436,1.2415908650618328,1.6196939628381744,0.225510839014527,0.5466449940043738,0.8105582515770765,0.6658394675419372,1.633510021508754
504960.295439487,504961.293439459,504960.79443947296,504960.337000005,504961.341999999,504960.839500002,1.2940767182948705,0.2955150298872832,1.0935501233052864,2.3884265721604363,0.7193293851449749,0.9471397469610658,1.5589641853917495,1.0460233440861666,2.3036653594220002
504960.395439473,504961.39343946,504960.89443946653,504960.434000009,504961.438999999,504960.936500004,1.7848569633981572,0.5552712117032246,1.0577791190407955,3.0367137149209933,1.5645689144305823,1.4052222712683227,2.1781129327264748,1.5046743528224913,2.9765131902723736
504960.495439459,504961.493439462,504960.99443946045,504960.531000008,504961.535999999,504961.0335000035,2.2304011755173763,1.3427168310235285,1.0898779750606582,3.085713111147564,2.442073401627744,1.7210267417387493,2.424175502089129,1.8621684728407506,3.8754573686108884
504960.595439451,504961.593439463,504961.094439457,504960.627999999,504961.636,504961.1319999995,2.7838068206735915,2.8252248733156327,1.211382879638546,2.745557289399827,3.3016193461373726,2.1903309307492127,2.5516912159075473,2.236646910574392,5.2080011196662
504960.695439452,504961.693439464,504961.194439458,504960.728,504961.747999999,504961.2379999995,3.323988863858251,4.384914465856837,1.3618212753441201,2.386958080596961,4.093275149222672,2.810003202005528,2.6755298507187604,2.670778137979932,6.2086307491412
504960.795439454,504961.793439465,504961.2944394595,504960.839999999,504961.829999999,504961.33499999903,3.382692825578667,5.046841663032529,1.3844253205790107,1.9950452439691075,4.447222782813984,3.063081651613028,2.499836463284185,2.9252118585313722,5.6998776208061175
504960.895439455,504961.893439466,504961.3944394605,504960.936999999,504961.957999999,504961.44749999896,2.712098662970887,4.443608949567891,1.1509122741445434,1.4110967405772292,3.9793522351764974,2.4897882427910556,1.7869596390249376,2.730431355655054,3.704639866829888
504960.995439456,504961.993439467,504961.4944394615,504961.033999999,504962.058,504961.5459999995,1.7093511094252638,3.142323676526772,0.8628669847116068,0.8485152606631554,2.7384861640639118,1.4329991003567042,0.8996806051725439,2.098297074323458,1.6516400095839585
504961.095439457,504962.093439468,504961.5944394625,504961.134,504962.139,504961.6365,1.0383210128452998,1.9455559408032204,0.921051606902646,0.7526517598356948,1.3881088852687316,0.6694849232355045,0.47742416961307227,1.341928856109941,0.8103619609935866
504961.195439458,504962.193439469,504961.6944394635,504961.247,504962.235999999,504961.7414999995,0.8993526002921501,1.1839950627068885,1.3086210431102652,1.1214402503681375,0.6743431265599901,0.5961837607800068,0.5879848381216987,0.7891323818725187,0.9331203388176963
504961.295439459,504962.29343947,504961.79443946446,504961.343999999,504962.348999999,504961.846499999,1.0104053301650415,0.8632922368210331,1.6713521196832097,1.4230023194949224,0.7683018853468491,0.8232690079509724,0.9173881962359718,0.5336305685436222,1.0830063072437512
504961.39543946,504962.393439471,504961.8944394655,504961.440999999,504962.445999999,504961.943499999,1.2054901247927448,0.9722779867968985,1.938726473658054,1.452792385143356,1.4063123652894305,0.9469107282848026,1.3863120656720858,0.5869239651961708,0.9536650283011595
504961.495439461,504962.493439473,504961.994439467,504961.537999999,504962.546,504962.0419999995,1.5029580920654926,1.369607108514309,2.223479649960746,1.3588947077909839,2.365070024976631,1.1584589922116395,1.9816742802818168,0.8500014188675739,0.7164785539202412
504961.595439463,504962.593439474,504962.09443946846,504961.638,504962.659,504962.1485,1.9628817850794207,1.752485417970775,2.7352016975228963,1.4480291845325137,3.330397700021745,1.8267534071750822,2.739261828640964,1.1267264040166702,0.7441986407547192
504961.695439464,504962.69343947,504962.19443946704,504961.749999999,504962.740000011,504962.245000005,2.7739113228165357,2.2372549205028944,3.794421777194401,2.0104908845310114,4.384739693633725,3.0073155036349357,3.8281347069329605,1.5403184840328399,1.388614612069517
504961.795439465,504962.793439454,504962.29443945945,504961.831999999,504962.821000016,504962.32650000753,3.96268837565753,3.2428899877113926,5.403877399906892,3.161174885054755,5.780242141446882,4.124343860470713,5.1636264108235945,2.3282591221734346,2.497093197672575
504961.895439466,504962.893439438,504962.394439452,504961.959999999,504962.921,504962.44049999944,5.131914657846344,4.780698477327601,6.89184641086346,4.569733593798512,7.211986213755274,4.556206774880825,6.19343723378838,3.376106486433519,3.4753020719231795
504961.995439467,504962.993439423,504962.49443944497,504962.06,504963.034000004,504962.547000002,5.45883443691023,5.897570676914385,7.0630388562186415,5.316403047193837,7.475588594767319,4.031705316016623,6.149787029480846,3.9640439705518125,3.7725380041383705
504962.095439468,504963.093439407,504962.5944394375,504962.141,504963.147000009,504962.6440000045,4.73021620399007,5.809670340556318,5.619267059285487,4.858472087638556,6.438213802183382,3.1070867605333437,4.931420201418491,3.7617297435025225,3.315869636802455
504962.195439469,504963.193439391,504962.69443943,504962.237999999,504963.244000013,504962.741000006,3.678079721080818,4.873721647939582,3.673908873765999,3.702325513634621,5.378024720374069,2.696440615590353,3.326395915891667,3.2780166253632026,2.4958038560870497
504962.29543947,504963.293439376,504962.794439423,504962.350999999,504963.341000017,504962.846000008,2.9626561171274566,3.8166156892848457,2.361054441404805,2.6654301932270785,5.05395414691275,2.867619043567285,2.16714300051616,2.9812620742351656,1.7881703478715634
504962.395439472,504963.39343936,504962.894439416,504962.447999999,504963.441000002,504962.9445000005,2.632925794506386,2.9993499220802304,1.8798707122840246,2.117195429358185,4.923685308107366,3.055066076836737,1.7264136016437117,2.78028488219024,1.5815404235505963
504962.495439473,504963.493439344,504962.99443940853,504962.548,504963.553000006,504963.05050000304,2.5248559666848793,2.4159912633671112,1.8532493175017448,2.1071175534615736,4.237661528970063,2.862830540015419,2.0200924539863383,2.3884176241894033,2.3134874519873825
504962.595439474,504963.593439329,504963.0944394015,504962.661,504963.63500001,504963.14800000505,2.900358725977788,2.1947823740299306,2.3257796460713522,2.9471272647309017,3.3760591137331026,2.927943903500755,3.1375530392287434,1.9482530457353384,4.345371420792176
504962.69543947,504963.693439313,504963.1944393915,504962.742000011,504963.747000015,504963.244500013,3.8885744561105264,2.5827762995595194,3.224783146796451,4.531794017577918,3.0236708178788807,4.078157037132968,4.639643289974962,1.9538937507941707,7.07387728916934
504962.795439454,504963.793439298,504963.294439376,504962.823000015,504963.860000019,504963.341500017,4.850940478193108,3.299554265128198,3.8258091613438783,5.798753637412414,3.065262673375062,6.027872162547911,5.403917020215116,2.5398001937572254,8.84655471176506
504962.895439438,504963.893439282,504963.39443936,504962.93600002,504963.960000004,504963.44800001197,4.75171609065043,3.4337227073948187,3.416188138916302,5.553201244561582,2.5629190786019613,7.04522204107321,4.720853189623805,2.8888483205955433,8.392774004436225
504962.995439422,504963.993439267,504963.4944393445,504963.036000004,504964.057000008,504963.546500006,3.657955523888781,2.758850850224012,2.294203345184591,4.039992882090362,1.767589389679664,6.436271689871012,3.186233275353363,2.728078362406158,6.052424396301085
504963.095439407,504964.093439252,504963.59443932946,504963.149000008,504964.138000012,504963.64350001,2.478694777711726,1.776174684323402,1.3063919707944296,2.506471001826771,1.3377161290193047,5.114597781011617,2.0431539420438085,2.3757233594420084,3.369329353232467
504963.195439391,504964.193439236,504963.6944393135,504963.246000013,504964.235000017,504963.740500015,1.8271271851302986,1.0682289842210513,0.9579098381359907,1.7020557276193693,1.3926897254886024,4.044831439892635,1.719326802676763,2.1253777816747514,1.6065971813332274
504963.295439375,504964.293439221,504963.794439298,504963.343000017,504964.335000001,504963.839000009,1.610528108116318,0.7876255871047156,1.0871865338626747,1.4367475335825004,1.5626621546482946,3.2780162362645884,1.7652740878324331,1.883096915953664,1.0836158156816742
504963.39543936,504964.393439206,504963.894439283,504963.443000002,504964.432000006,504963.937500004,1.44078115291975,0.693584734147012,1.2508230385821544,1.23562318052021,1.4912542489157516,2.4602984999164823,1.67378124581549,1.4264677404412365,1.294416535019663
504963.495439344,504964.493439191,504963.99443926755,504963.555000006,504964.54500001,504964.05000000796,1.1890848324604382,0.5649864772277328,1.2479632263529306,1.0103974087714245,1.2442105400092556,1.6430110130773505,1.442777927841547,0.7980714557479789,1.5612606106552867
504963.595439329,504964.593439175,504964.094439252,504963.63700001,504964.626000014,504964.131500012,1.169478623599518,0.4789605494896394,1.3471245623509391,1.057553271401136,1.5183241627801496,1.3122157802943044,1.6162594105082015,0.4656447800606769,1.5597464719110974
504963.695439313,504964.69343916,504964.19443923654,504963.749000015,504964.739000018,504964.2440000165,1.6490322434811677,0.5982497062463642,2.0204508826476744,1.574925255964862,2.733243409300213,1.7028401888000442,2.4894821896209125,0.6897124605238305,1.3833538547454403
504963.795439298,504964.793439145,504964.2944392215,504963.862000019,504964.839000003,504964.350500011,2.4621113771887093,0.8845140593170285,3.378270293488454,2.411444316520708,4.346900944257767,2.4551874218612557,3.711948402580952,1.1763651740227894,1.3322604054607197
504963.895439282,504964.89343913,504964.394439206,504963.962000003,504964.951999999,504964.457000001,3.150040775054123,1.1301101647533578,4.884112325008287,3.1736319677242744,5.385993664866702,3.1393280770164016,4.615151652904608,1.4572782023807807,1.414720145778575
504963.995439267,504964.993439132,504964.4944391995,504964.059000008,504965.032999999,504964.54600000347,3.2668338203270455,1.1669299009860308,5.649867533110406,3.393251522850835,5.255042672655472,3.3643786135177565,4.663134084242339,1.3172133089458402,1.324852926307686
504964.095439251,504965.093439134,504964.5944391925,504964.140000012,504965.129999998,504964.635000005,2.7239177111687347,1.055662578534638,5.157137260785154,2.8531661641099904,4.127201166940973,2.9154668301237763,3.8042426450782685,0.915676404059123,0.9627886397179556
504964.195439236,504965.193439135,504964.6944391855,504964.237000016,504965.23,504964.733500008,1.9681989930309138,1.038689490876592,3.9602707754422575,1.9481885195113056,2.825341249978024,2.079754926371317,2.640678154721612,0.6531867371759325,0.5994820901702709
504964.295439221,504965.293439137,504964.794439179,504964.337000001,504965.357999999,504964.84750000003,1.4575108060647024,1.1567149145300823,3.0473462605636463,1.2118776083885678,2.024365162859369,1.3385170238218072,1.8010188725670817,0.6568818072358265,0.42336479855123793
504964.395439206,504965.393439139,504964.89443917247,504964.434000005,504965.423999999,504964.929000002,1.2840988412221437,1.2117678504892517,2.8646041735734795,0.8606019518071996,1.8166470251148152,0.8919548682746553,1.5045865055184615,0.7106399961860439,0.4119883588132429
504964.49543919,504965.493439141,504964.9944391655,504964.547000009,504965.536999998,504965.0420000035,1.2395110020792033,1.058095874095863,2.9266471595033634,0.7729769340393202,1.8439241791057124,0.6272274610149944,1.527650832968189,0.6328863288609752,0.5266792470452086
504964.595439175,504965.593439142,504965.0944391585,504964.628000014,504965.633999998,504965.131000006,1.186089409314524,0.7907438699385296,2.782208019087748,0.817672917391991,1.765155522671746,0.5271441209853538,1.5438768211776495,0.5033916731513741,0.7585223301118003
504964.69543916,504965.693439144,504965.194439152,504964.741000018,504965.734,504965.237500009,1.195827843446168,0.6064996698817818,2.6740129241137676,0.9384028571971209,1.6911263472257638,0.6354698977131092,1.4825229901745858,0.5090391949629782,1.029548866300236
504964.795439145,504965.793439146,504965.2944391455,504964.841000003,504965.845999999,504965.343500001,1.340808352234864,0.5339203645681965,2.9323851436859636,1.1139291844017463,1.8974467872152223,0.8781112725508444,1.4863677536684055,0.6644778370027388,1.2198284747857944
504964.89543913,504965.893439148,504965.39443913905,504964.953999999,504965.942999999,504965.448499999,1.515823697203209,0.4847736740917034,3.155583642296623,1.1559492497594412,2.4094868695458795,1.0304389359391757,1.5922086111844487,0.9078891506409703,1.3902594441674316
504964.995439132,504965.993439149,504965.4944391405,504965.034999999,504966.039999998,504965.53749999846,1.6365881091973282,0.5472756126295364,2.79378323980678,0.9994844335197559,2.978105817895649,1.0672926710433002,1.7708481012883837,1.2879755254842005,1.6479394719110196
504965.095439134,504966.093439151,504965.5944391425,504965.131999998,504966.14,504965.635999999,1.6411301366287272,0.7747369489887065,1.9105545717898549,0.7264203441692019,3.1991860594884916,1.1244939945882313,1.826683456556721,1.7433227699195424,1.8236429475290685
504965.195439135,504966.193439153,504965.694439144,504965.232,504966.253,504965.74250000005,1.674716985131628,1.1344407916643864,1.3207936544307501,0.702681510987351,3.1686609678963658,1.482030822071255,1.6995915755787858,2.1679628399654347,1.7215737184586946
504965.295439137,504966.293439154,504965.7944391455,504965.36,504966.333999999,504965.8469999995,1.7366870124798095,1.3976907714554434,1.412202459712743,1.0027191249082685,3.064796705457577,2.0442817536850506,1.3883408528459915,2.3034382730007907,1.2800261587726096
504965.395439139,504966.393439156,504965.8944391475,504965.425999999,504966.461999999,504965.94399999897,1.6767374009865295,1.3908677653779444,1.7103450894502639,1.288475218263335,2.860682423503135,2.3065534238157057,1.0441104185128771,2.05666856763236,0.7561963013366141
504965.495439141,504966.493439158,504965.9944391495,504965.538999999,504966.543999982,504966.0414999905,1.5191467634145404,1.2145165137562444,1.7829408319933056,1.3457373163222557,2.5461292705162792,2.014449060316422,1.0370717329993304,1.6667354645035966,0.5455939169088893
504965.595439142,504966.593439174,504966.094439158,504965.635999998,504966.643999998,504966.13999999803,1.3716933626625232,1.0260920574699566,1.6386514588914087,1.2025688806151256,2.1811018118606667,1.4349425303757106,1.4481617902257704,1.367852962667395,0.6741754091941514
504965.695439144,504966.693439192,504966.194439168,504965.736,504966.740999993,504966.2384999965,1.2580203419928777,0.8324004019456571,1.5700467326795389,1.0475160854206431,1.8194169706388585,0.9569488248927482,1.851847509588497,1.1311047790473339,0.8548814317297463
504965.795439146,504966.79343921,504966.29443917796,504965.847999999,504966.837999988,504966.3429999935,1.2271988945396033,0.5975839125265272,1.8379898744210532,1.1162312899858202,1.6104592187817364,0.7119107821232893,2.0459653478909106,0.8858228272259034,1.0116279033615856
504965.895439148,504966.893439228,504966.394439188,504965.944999999,504966.949999983,504966.44749999105,1.3827636167006903,0.4184168298614264,2.5214719936882957,1.6285096336746436,1.6293884209978207,0.533892829206003,2.3138814934753213,0.6644201779600022,1.352127554742009
504965.995439149,504966.993439245,504966.494439197,504966.041999998,504967.046999978,504966.54449998797,1.8848275707838298,0.4391562390362165,3.464020803220909,2.6443038572091035,2.047986867872188,0.4225336109400666,3.1013423728701657,0.7173674587316242,2.2419093563903663
504966.095439151,504967.093439263,504966.594439207,504966.154999998,504967.146999996,504966.650999997,2.9134550145008626,0.8276754934585889,4.627550700786601,4.282962943247906,3.140393903476135,0.7047173437084736,4.489331365024687,1.349684090483049,3.885324275821464
504966.195439153,504967.193439281,504966.694439217,504966.255,504967.243999991,504966.7494999955,4.00469763373231,1.342739269283247,5.587205740500535,6.112436428459153,4.249104883178497,1.343566451548666,5.632949621372794,2.196579342110102,5.572999333405487
504966.295439154,504967.293439299,504966.7944392265,504966.335999999,504967.340999986,504966.8384999925,4.466098484882046,1.618182675401899,5.868731351157983,7.379225161459015,4.441584711899145,1.9804296943726956,5.648033262967213,2.6131811523256316,6.1794198694727855
504966.395439156,504967.393439316,504966.894439236,504966.463999999,504967.453999981,504966.95899999,4.043064391917429,1.4499836674720659,5.347753137084437,7.578548560377809,3.4871713510728433,2.3338009111320828,4.488555061516718,2.295776603633821,5.362925843049659
504966.495439158,504967.493439334,504966.994439246,504966.545999982,504967.553999999,504967.0499999905,3.1257881080276664,0.9674173463690714,4.456141655670375,6.815857323791717,2.0636090267357283,2.394932170196379,2.9378792044030937,1.5501705918436195,3.820297545211348
504966.595439174,504967.593439352,504967.094439263,504966.645999998,504967.650999994,504967.14849999605,2.4228414456228684,0.5463446368076401,3.9519690027442187,5.753400555203258,1.1403070512180455,2.400834305290402,1.9876589261030588,0.9966067047429414,2.6056103828733828
504966.695439192,504967.693439369,504967.1944392805,504966.742999993,504967.747999989,504967.245499991,2.184988750377189,0.4440341630335879,4.009606683597765,4.824508212088238,1.0081591289473073,2.419421668110301,1.8807246218981306,0.9040512855114136,1.9894042398307707
504966.79543921,504967.793439387,504967.2944392985,504966.839999988,504967.844999984,504967.342499986,2.0378351672815755,0.6238647815742082,3.87859429896822,3.9400588629501607,1.0791496733153172,2.1981067856286884,1.9548942623096268,1.0164387143162181,1.611573959190166
504966.895439228,504967.893439404,504967.394439316,504966.951999983,504967.941999979,504967.446999981,1.7707207942353995,0.9824872806748601,3.059999274143011,3.1399296657855422,0.914100492103464,1.6463154257988857,1.8385230858889603,1.0829150130957226,1.5014961163927514
504966.995439246,504967.993439421,504967.4944393335,504967.048999978,504968.041999997,504967.5454999875,1.600159715605057,1.286887665746455,1.9534903831898642,2.9651476086225337,0.6538786803396059,0.9987724150977229,1.9135760107972124,1.0255540944082788,2.003970866638785
504967.095439264,504968.093439439,504967.5944393515,504967.148999996,504968.138999992,504967.64399999403,1.7614052109246345,1.2899637977477858,1.4006885561303948,3.777460499747246,0.5888056460359576,0.6282115184859346,2.542978660445753,0.903645603345496,2.9594874054585096
504967.195439281,504968.193439456,504967.6944393685,504967.245999991,504968.235999987,504967.740999989,2.1117935080499697,1.0235851765317816,1.7169349946320984,5.0512594470254015,0.7326578934393639,0.6438962279292488,3.30984983047384,0.7725610563502538,3.6436034380177666
504967.295439299,504968.293439473,504967.794439386,504967.342999986,504968.332999982,504967.83799998404,2.311153140250332,0.8070611899795577,2.4306164164135104,5.874994649780156,0.8451897384698219,0.813974688631028,3.4267640176439906,0.6716750371688553,3.618949383915735
504967.395439317,504968.393439491,504967.894439404,504967.455999981,504968.432999999,504967.94449999,2.340230532329021,0.9150263483622585,3.1247779011965817,5.961173446454076,0.8705523916304404,0.923406705390604,2.8868086049722477,0.6767908229041314,3.363308037721829
504967.495439334,504968.493439508,504967.994439421,504967.555999999,504968.529999994,504968.04299999645,2.345602351095708,1.2615403752025975,3.667790422787875,5.542192994526697,0.8573118491644566,0.9188154180954595,2.3398436533017155,0.772036427489259,3.405287668197605
504967.595439352,504968.593439525,504968.0944394385,504967.652999994,504968.642999993,504968.1479999935,2.2944630791568184,1.5065342999678912,3.812390818653844,4.7651664083902325,0.8308744653104227,0.88555584997895,2.1039919473728643,0.8538306793593029,3.59736016422104
504967.695439369,504968.693439533,504968.194439451,504967.749999989,504968.739999997,504968.244999993,2.0176502832325998,1.479297563460289,3.3174923092971564,3.59863728795939,0.7699469244864592,0.9310636593576499,1.8735909475228452,0.8703537570961553,3.3008198166808533
504967.795439387,504968.793439537,504968.294439462,504967.846999984,504968.851999996,504968.34949999,1.644763642114241,1.4511948379704167,2.516393978446634,2.42477074343152,0.8807032596340437,1.0316152198935233,1.523838696340459,0.9273663020241152,2.402226099173216
504967.895439404,504968.89343954,504968.394439472,504967.943999979,504968.951999999,504968.44799998903,1.5981070037149445,1.87701162902886,2.15509604135945,2.0084377770177335,1.4958238310387533,1.1312185969862842,1.435625961995723,1.2637888963115138,1.4178532959812387
504967.995439422,504968.993439543,504968.4944394825,504968.043999997,504969.033999998,504968.53899999755,2.0182502253330674,2.6751727453861323,2.670284657376124,2.5917875948718327,2.4256577502705414,1.333297954685838,1.828684587203035,1.8654800188620448,0.7556364940089915
504968.095439439,504969.093439547,504968.594439493,504968.140999992,504969.130999998,504968.63599999505,2.604383270829565,3.211663722769935,3.952902118763454,3.5547131822417124,3.080087236349794,1.777095010183205,2.478381824262286,2.314865596391585,0.46535747567454844
504968.195439456,504969.19343955,504968.694439503,504968.237999987,504969.227999997,504968.732999992,2.897368586731651,2.9845202246350393,5.287265187745335,4.061122733826472,3.0268680541072084,2.297495188418305,2.8541583504868573,2.236449325128778,0.43106962950521177
504968.295439474,504969.293439553,504968.79443951347,504968.334999982,504969.328,504968.831499991,2.653541938876639,2.167484280744487,5.7431911290166555,3.6881243980830622,2.3815153081214997,2.4725973047238945,2.5943240716717533,1.7284561194005068,0.4526428992512495
504968.395439491,504969.393439557,504968.89443952404,504968.435,504969.424999999,504968.92999999947,2.0230420661825192,1.3467623113179112,4.893707973205094,2.6483885905448936,1.6277472693364823,2.096702513728768,1.8931938572120908,1.2213007506053286,0.4565332635095856
504968.495439508,504969.49343956,504968.994439534,504968.531999995,504969.552999998,504969.0424999965,1.3100644411761964,0.8513788519477209,3.199326197230878,1.4410348653006422,1.1098120181936644,1.3857871696125583,1.1415246343521133,0.9459658788748149,0.40568591389717923
504968.595439525,504969.593439563,504969.094439544,504968.644999993,504969.649999997,504969.14749999496,0.956587110128161,0.8783259467514803,1.8494879158512736,0.5835845277858239,1.414721168690659,0.8508931377342913,0.6632651382037209,1.0533247822614582,0.35909426374658077
504968.695439534,504969.693439567,504969.1944395505,504968.741999997,504969.762999996,504969.2524999965,1.1558923301984345,1.4286953153448765,1.61591630280338,0.24853786517283605,2.6878588648811554,0.8178212601115855,0.4770400106126038,1.4879159110117348,0.48335311164930445
504968.795439537,504969.79343957,504969.2944395535,504968.853999996,504969.863,504969.358499998,1.6106547369723876,2.137975548394661,1.9994724292352553,0.2381309275650756,4.202322089709463,1.1184730293267124,0.38937001816692113,2.0246581149547063,0.7748357384263078
504968.89543954,504969.893439573,504969.3944395565,504968.954,504969.927999999,504969.4409999995,1.8208572747863665,2.3372222751944602,2.1669100256443627,0.3564007488110946,4.690044300959565,1.3462176566997501,0.47928716413137873,2.1762558098584015,1.0145202169919187
504968.995439544,504969.993439576,504969.49443956,504969.035999999,504970.040999998,504969.5384999985,1.6380114315347156,1.8267592984192698,1.9344810082205863,0.608571314340905,3.794969798733483,1.200875256089437,0.9786970658245042,1.7411433089064432,1.0185944017430975
504969.095439547,504970.09343958,504969.59443956346,504969.132999998,504970.137999997,504969.63549999753,1.3698770450853308,1.0994129725801534,1.7000212269780646,1.0342993314898319,2.57382815000054,0.7480247166339107,1.850895241095702,1.1221535596200942,0.8303811622843493
504969.19543955,504970.193439583,504969.69443956646,504969.229999997,504970.234999996,504969.73249999655,1.3437205903344247,0.6806569436443729,1.8402326243583027,1.5101366251162531,2.150905703236136,0.33281917018814977,2.8198030567214616,0.7779419889757513,0.6372686104349721
504969.295439554,504970.293439586,504969.79443957,504969.326999996,504970.334999999,504969.83099999744,1.458524509074788,0.5690031997568294,2.0974510417049244,1.7198686297477481,2.3792031238702043,0.17922485345980904,3.478293200000955,0.7131882707452191,0.5319637533126146
504969.395439557,504970.393439589,504969.894439573,504969.426999999,504970.431999998,504969.92949999846,1.4493277340555164,0.48380479298642554,2.115571342779667,1.5526714951812428,2.4776745636921365,0.22903096267222767,3.6347158212415343,0.6420837938633488,0.4590691000275491
504969.49543956,504970.493439593,504969.9944395765,504969.554999998,504970.528999997,504970.0419999975,1.515798839038375,0.5260736430923333,2.3518476926448426,1.4360555433189104,2.497152018166,0.4606972435069169,3.6930953442351444,0.6548946973717265,0.506574529971124
504969.595439563,504970.593439596,504970.0944395795,504969.651999997,504970.641999997,504970.14699999697,2.1698472884461415,1.0533728210063829,3.6923262956334937,1.9506345522453157,3.330333219872946,1.086307935480879,4.222624824801754,1.1958205669064437,0.8273580916219184
504969.695439567,504970.693439599,504970.194439583,504969.764999996,504970.742,504970.253499998,3.1083777560752575,1.7857136852385338,5.501543420754659,2.8461178143913726,4.610600269380094,1.7975528326555998,4.950043265007057,1.9950529739767657,1.3803977871979751
504969.79543957,504970.793439602,504970.294439586,504969.865,504970.853999999,504970.3594999995,3.63178909872654,2.172211182598689,6.432421696177919,3.461362648876515,5.247462767259199,2.161550773880049,5.206632421750081,2.3746266726710537,1.9980446265988165
504969.895439573,504970.893439605,504970.394439589,504969.929999999,504970.935999998,504970.4329999985,3.3343796306784013,1.9271441258946171,5.798985686284814,3.332553309983603,4.623995059264145,2.088324256690258,4.541202608196723,1.9731595745332728,2.389672424579775
504969.995439577,504970.993439608,504970.49443959247,504970.042999998,504971.048,504970.545499999,2.4607935680979995,1.2574180676466093,4.084930340728355,2.5642041633519774,3.2168091115133826,1.7701936848418665,3.2354781564558026,1.1467056112691199,2.41060940897688
504970.09543958,504971.093439608,504970.59443959396,504970.139999997,504971.145000001,504970.642499999,1.7082623314199,0.6987256999685048,2.6116038630301386,1.839743436672776,1.9842751147363638,1.5847307252650613,2.078669113841671,0.5939620250527304,2.274388672791952
504970.195439583,504971.193439607,504970.694439595,504970.236999996,504971.245,504970.740999998,1.4295904251845668,0.5139356224487206,2.186425057883017,1.6581683098175066,1.2403790453774675,1.6636513558742807,1.4267739342419308,0.5425769472055773,2.204813128628034
504970.295439586,504971.293439607,504970.7944395965,504970.336999999,504971.342,504970.83949999954,1.4800062675401122,0.5479227172445879,2.671314161382766,2.0308904580745852,0.7224917819207923,1.8806670078544616,1.093470029405542,0.6504178739755251,2.242876110462639
504970.39543959,504971.393439606,504970.89443959796,504970.433999998,504971.455,504970.944499999,1.6852045146848593,0.6055446853402402,3.5137670710685507,2.6683411150345906,0.43120276998226026,2.11677611474751,1.0567226361665,0.6890932062426023,2.400188518896619
504970.495439593,504971.493439606,504970.99443959945,504970.530999998,504971.536,504971.033499999,2.042795645819491,0.7005940485342055,4.297352614310041,3.3041213132764797,0.6667983256726797,2.2193838521918825,1.6375087298355586,0.7491009204692184,2.767505362265865
504970.595439596,504971.593439605,504971.0944396005,504970.643999997,504971.636,504971.1399999985,2.5541979983533443,0.8796851031368035,4.839391279058125,3.843964257442008,1.5243569394149792,2.033259322048936,2.9932187809202633,0.955720494780255,3.3639878100253826
504970.695439599,504971.693439605,504971.19443960197,504970.744,504971.733,504971.2385,3.0108723284755854,1.1022988090985844,5.086497908390206,4.178597108176041,2.589986581661236,1.6108863863472695,4.507577305868052,1.243942967946487,3.767191560316808
504970.795439602,504971.793439604,504971.294439603,504970.855999999,504971.83,504971.3429999995,2.997114150531236,1.1794190930355595,4.737496884983295,3.9731047526719836,3.1344955191365718,1.11964472544172,5.052112912728399,1.375346107408363,3.4052932088439993
504970.895439606,504971.893439604,504971.394439605,504970.937999998,504971.943,504971.440499999,2.4015190272225544,1.0189832699035835,3.6823115900692494,3.074835940463492,2.8599832082177645,0.7725900015744833,4.224328637846823,1.2725210665021591,2.3065985032028795
504970.995439608,504971.993439603,504971.4944396055,504971.05,504972.040000001,504971.5450000005,1.980800955367854,1.103481540055423,2.7813373192092454,2.161074063534314,2.7802469398090714,1.1230257635722767,3.041689866094276,1.5670035116535914,1.2885486390146335
504971.095439608,504972.093439603,504971.5944396055,504971.147000001,504972.14,504971.6435000005,2.9741721029254493,2.0968225921059087,3.6161190099591427,2.596098520675656,4.998222073726418,2.970339121698404,3.017108362321251,3.247969817384198,1.2506973255326175
504971.195439607,504972.193439602,504971.69443960453,504971.247,504972.252,504971.7495,4.968401540892901,3.5512389346667574,5.691192267431847,4.260791998106975,8.91959980813485,5.389406811587224,4.087316193218729,5.711022046256921,2.1366442677399022
504971.295439607,504972.293439602,504971.7944396045,504971.344,504972.349,504971.8465,6.20751951299464,4.280212859830996,6.904503071947314,5.5263398781928466,11.438373873011091,6.592937730801069,4.807907030714708,7.127223424780988,2.9826582346781114
504971.395439606,504972.393439601,504971.8944396035,504971.457,504972.446,504971.95149999997,5.591213582207894,3.727816321339411,6.042922865649048,5.165808058747375,10.424978813566838,5.779538939018512,4.255615961540064,6.383016491965744,2.950011205836156
504971.495439606,504972.493439601,504971.9944396035,504971.538,504972.546,504972.042,3.7073801800035247,2.413962820421807,3.819755441970916,3.5412294275332625,6.849459436637741,3.909579704180893,2.8337795811305924,4.164043358075983,2.127231670077001
504971.595439605,504972.593439601,504972.09443960304,504971.638,504972.643,504972.1405,2.000857916767668,1.317740640676331,2.025641731402632,1.962037389262596,3.440169324064682,2.358717099755596,1.5973503561746534,2.0773112932866473,1.227895499518207
504971.695439605,504972.6934396,504972.1944396025,504971.735,504972.739999996,504972.23749999795,1.2047792942163125,0.7972623383040269,1.5920568474517518,1.1732451793498626,1.6075390258441304,1.5935662366390568,1.0544711741470414,0.9345957973661282,0.8854977546285031
504971.795439604,504972.793439607,504972.2944396055,504971.832,504972.836999994,504972.33449999697,1.0747095230829533,0.731392724253512,2.0419870613823874,0.9889123808094077,0.981652569357219,1.2634220343599438,0.9651757555598105,0.5579600856785207,1.0671735732628265
504971.895439604,504972.893439615,504972.3944396095,504971.945,504972.933999991,504972.4394999955,1.2238095599947771,0.9830226566910435,2.5841673064643658,1.1176726798159327,0.9570336036675628,1.2180989579962362,1.0149975724685063,0.6452550500155942,1.2702286528389768
504971.995439603,504972.993439622,504972.4944396125,504972.042000001,504973.033999999,504972.538,1.5696800763055214,1.450237223426794,2.918167507647344,1.5437327184376097,1.4213039715019007,1.5009231596855608,1.2019943883936464,1.1315842542075514,1.3894973871437637
504972.095439603,504973.09343963,504972.59443961654,504972.142,504973.130999997,504972.6364999985,1.9385934818426513,1.8009791568271123,2.9499507808625145,2.028129058967207,1.8126086711824254,1.9117520874407448,1.5536033402363842,1.6713228438075982,1.7804019154172244
504972.195439602,504973.193439637,504972.69443961955,504972.254,504973.227999995,504972.7409999975,2.4009915350234765,2.0347704358326584,2.8046164707218946,2.51823999521776,1.9507011725166734,2.5581660065407954,2.1373574889269538,2.263619031793864,2.940461678637212
504972.295439602,504973.293439645,504972.7944396235,504972.351,504973.324999993,504972.8379999965,3.016173778999994,2.4043450849404264,2.6741575265020465,3.108483916314716,2.1177517785149846,3.343804415534368,2.8921803458209148,3.0404793997296933,4.548187764642801
504972.395439602,504973.393439652,504972.894439627,504972.448,504973.437999991,504972.9429999955,3.453124057653805,2.970474062068172,2.4075480918228296,3.5258460789978323,2.427290007846074,3.6522533212793027,3.3674726249364015,3.8956051831951735,5.378503091084656
504972.495439601,504973.49343966,504972.99443963054,504972.545000001,504973.537999998,504973.04149999947,3.294164919422566,3.4604474202347317,1.9016247391692471,3.314141884569218,2.551823671308167,3.061461543192401,3.117203159538872,4.32972407764369,4.616892859724201
504972.595439601,504973.593439668,504973.0944396345,504972.645,504973.650999996,504973.147999998,2.5130086408076218,3.5078196292051134,1.2677248094419742,2.3873084209813578,2.114629667501828,1.9199094907419512,2.1805863138135853,3.889752138551177,2.836338656223985
504972.6954396,504973.693439675,504973.1944396375,504972.741999997,504973.747999994,504973.2449999955,1.5649532307601297,3.040593787438795,0.7166316685707024,1.246721097242679,1.2990190163861768,0.9884194849729431,1.1490078067433747,2.8010798169979294,1.278153167728439
504972.795439607,504973.793439683,504973.294439645,504972.838999994,504973.844999992,504973.34199999296,1.11296964271402,2.568666675753062,0.4522022595436918,0.6258259368139841,1.0734322102444382,0.9485423989145747,0.5492143310608935,2.1030757060864262,0.582797623295091
504972.895439615,504973.89343969,504973.3944396525,504972.935999992,504973.944999999,504973.4404999955,1.4165130725950128,2.6075467402630874,0.5335140799127592,0.8166051474654432,2.173984754407127,1.8269608835968305,0.3812051155316064,2.488231124417882,0.5040567351653669
504972.995439622,504973.993439697,504973.4944396595,504973.035999999,504974.041999997,504973.538999998,2.0660507100643617,3.000391507834544,0.7072793486627362,1.4251203997851625,3.954264533443701,2.970381460248141,0.33186862465734457,3.518288249208876,0.6208115566743911
504973.09543963,504974.093439705,504973.5944396675,504973.132999997,504974.138999995,504973.635999996,2.3974759690725174,3.0569664245993033,0.7527197044351126,1.8813599956477294,4.843598121647979,3.4615478948953085,0.335169796629926,3.997136419763579,0.8513093949612027
504973.195439638,504974.193439712,504973.69443967496,504973.229999995,504974.250999993,504973.740499994,2.3363427157622274,2.4790908131775766,1.0313033163018668,2.257906396342473,4.190020353796891,3.0600798751753295,0.7512935285954465,3.448133882478313,1.472913560229922
504973.295439645,504974.29343972,504973.7944396825,504973.326999993,504974.347999991,504973.837499992,2.2878488325013353,1.6516163188989024,2.008934088344609,2.9069704018813134,2.804939118668891,2.433649092946056,1.6246357507635716,2.464451094890676,2.4075947936166604
504973.395439653,504974.393439727,504973.89443969005,504973.439999991,504974.447999999,504973.943999995,2.430806639908642,1.213699854557901,3.251287471144904,3.579284896721825,1.8956879297972882,2.192154681991753,2.4010239744621806,1.8557228968757384,3.057591413717548
504973.49543966,504974.493439734,504973.994439697,504973.539999998,504974.544999996,504974.042499997,2.609375425394457,1.4653787763208868,3.854625516829087,3.776950602588887,1.9428486480425666,2.2716237993897668,2.7035717726093393,1.9330135749145985,2.926990712460522
504973.595439668,504974.593439742,504974.094439705,504973.652999996,504974.641999994,504974.14749999496,2.758476719795542,2.2967863202703045,3.6644812563196147,3.567213078054257,2.459635594716226,2.4552686407359277,2.845876804842211,2.510843289166448,2.2677087742593502
504973.695439675,504974.693439749,504974.194439712,504973.749999994,504974.738999992,504974.24449999304,2.8908931235216127,3.1975426171544283,3.1529722640450952,3.3952725011096074,2.768144102727823,2.726316622863533,3.0121678708809734,3.1679665986347096,1.706762410756733
504973.795439683,504974.793439756,504974.2944397195,504973.846999992,504974.839,504974.342999996,2.867899397089109,3.599160527237455,2.7051673658604694,3.2941753743614286,2.619941445903666,2.942248812319042,2.9115338611737416,3.404133850599152,1.4668339392579173
504973.89543969,504974.893439777,504974.39443973347,504973.947,504974.951999992,504974.44949999603,2.3716614500308935,3.2267371359589627,2.1338058446269055,2.6978537984905486,1.9649221217157629,2.65099461094202,2.2476256240297117,2.8233057507412624,1.2280467137419737
504973.995439698,504974.9934398,504974.494439749,504974.043999997,504975.048999986,504974.5464999915,1.5717901359665836,2.6412786485240556,1.2571285867141064,1.5572622093041038,1.2190880367449146,1.8097468284505536,1.338767989455922,1.9119255968850957,0.8391231916539171
504974.095439705,504975.093439824,504974.5944397645,504974.140999995,504975.145999979,504974.64349998697,1.1097028877141337,2.5622842293852104,0.5607630158128153,0.7260372470897203,1.006874613450778,1.065523706251984,0.8770232305610656,1.5332915484397431,0.545825510721752
504974.195439712,504975.193439848,504974.69443978,504974.252999993,504975.242999973,504974.747999983,1.131742485143182,2.7309266617698293,0.31516284329738714,0.6489636179764959,1.1887553976160974,0.9327974112799535,1.021104946912091,1.6699892382042787,0.5462397640893243
504974.29543972,504975.293439871,504974.7944397955,504974.349999991,504975.342999996,504974.84649999347,1.2338720377984633,2.461889906729808,0.35404115558284605,0.9763096808018334,1.288311579820979,1.0612178104132486,1.4028461331375273,1.6989249628227454,0.6274350730787202
504974.395439727,504975.393439895,504974.894439811,504974.449999999,504975.43999999,504974.9449999945,1.348448261779939,2.036639586135459,0.6048337133301644,1.2694938528007667,1.5549260476820652,1.266705949925197,1.6533812719990273,1.8379913215888277,0.5636143507780036
504974.495439734,504975.493439919,504974.9944398265,504974.546999997,504975.536999983,504975.04199999,2.122886239790489,2.7751135627164807,1.4263888508319043,1.7168722126662948,3.2909710007603676,2.3998988787177793,1.7976851590296334,3.0583678630613873,0.5177923905400649
504974.595439742,504975.593439942,504975.09443984204,504974.643999995,504975.649999977,504975.146999986,3.863225770572414,5.201954399655435,2.8469141699883633,2.8120965331113776,7.437628977417871,4.214186387310492,2.1704722095590943,5.923932816573936,0.298620670962742
504974.695439749,504975.693439965,504975.19443985703,504974.740999993,504975.75,504975.24549999647,5.65554980468027,7.663109684671185,4.0866057710389585,4.249750534390604,11.990998302907208,5.174464301318235,2.7786581657447353,9.052040857914987,0.2487708194562448
504974.795439756,504975.793439989,504975.2944398725,504974.841,504975.830999993,504975.3359999965,6.446475389089494,8.41127552918933,4.315632789528713,5.179542497333876,13.77949896644386,4.88079729636541,3.3752027603638597,10.393169049822196,1.2366842236687066
504974.895439777,504975.893440012,504975.3944398945,504974.953999993,504975.943999987,504975.44899999,6.446862188567799,7.659151345046352,3.6950707041884265,5.199724203486892,11.663467024844913,4.700412484277323,3.6424491161008143,9.15670776190563,5.85791486869205
504974.995439801,504975.993440035,504975.49443991797,504975.050999986,504976.04099998,504975.545999983,6.990543618477818,6.8489635671110225,3.026375298852263,4.6544742174988185,7.613815892602307,5.04129006491101,3.41724729841534,6.865373368212136,18.45680924021964
504975.095439825,504976.093440058,504975.59443994146,504975.14799998,504976.168999974,504975.65849997697,8.390281283666674,6.566039333707561,2.668261453301792,4.077274891721526,4.27300739402214,5.325468547457774,2.7364113377171293,5.437010211056321,36.038777100349144
504975.195439848,504976.193440082,504975.694439965,504975.244999973,504976.268999997,504975.75699998497,8.857298891543232,6.115056306232327,2.3730534044422464,3.4407768070727567,2.550360309861743,5.130219703600239,1.895719289515733,4.5783763416568855,44.77482896996393
504975.295439872,504976.293440105,504975.7944399885,504975.344999997,504976.334999991,504975.83999999403,7.126185489616654,5.053507842837497,1.9958285847569206,2.7016658764098582,1.8507956208402754,4.275915490636322,1.309637908590831,3.645117091624263,36.17701550123727
504975.395439895,504976.393440128,504975.89444001147,504975.44199999,504976.431999984,504975.936999987,5.137486871707798,4.029562685313959,1.8131645202825069,2.2962034554680812,1.8110424736325068,3.930242263145887,1.3426550564445645,3.126708035717478,22.7503164836574
504975.495439919,504976.493440151,504975.99444003496,504975.538999984,504976.559999978,504976.049499981,4.291972074575116,3.4488355834182456,1.9805229331537706,2.305941506365589,2.252057023068344,4.355366050596606,1.9002043414754328,2.9979909118188344,15.094858246704106
504975.595439942,504976.593440174,504976.094440058,504975.651999977,504976.656999972,504976.1544999745,3.8568541769034255,3.02763911396252,2.293818397515322,2.2750003467685103,2.6350455340992336,4.253070696841019,2.5302559979739203,2.647029860189661,11.192973467877218
504975.695439966,504976.693440197,504976.1944400815,504975.732999971,504976.756999995,504976.244999983,3.4500073557794746,2.5487518186905462,2.654832422583804,2.0552018585263143,2.68597786668055,3.3386984496059586,2.8086667537759142,2.0341120784309306,9.473817597941778
504975.795439989,504976.793440219,504976.29444010404,504975.832999994,504976.853999988,504976.343499991,2.9124093945934835,2.0644095429108633,2.9251407331817942,1.803211648635914,2.3723016518024678,2.576756209978412,2.528692599624818,1.3789437070792632,7.649819063534338
504975.895440013,504976.893440242,504976.3944401275,504975.945999987,504976.950999988,504976.4484999875,2.393158260671653,1.6828428388072063,2.8470193658669167,1.6316915795624367,1.9732588464920828,2.3858178112069117,1.8044092411464634,1.1947699754433814,5.6254564268478235
504975.995440036,504976.993440253,504976.4944401445,504976.042999981,504977.032000003,504976.53749999194,1.99268561746696,1.4920379493796716,2.3417271449274235,1.5005592072542389,2.1626183544181456,2.5402569759098625,0.9741610386728206,1.427439309411609,3.5026849597619085
504976.095440059,504977.09344025,504976.5944401545,504976.170999975,504977.132,504976.65149998746,2.036502301100598,1.623625876345526,1.8177146591964863,1.61969252299012,3.626564836847005,3.0229725832917174,0.4392660773470629,2.2280680953031666,1.9141137574836964
504976.195440082,504977.193440247,504976.6944401645,504976.270999998,504977.245000001,504976.7579999995,2.7015837322164926,2.155551632577885,1.9763025689147393,2.0487545036773045,5.91897415409855,4.131157848428776,0.47018419447588633,3.6344500739094183,1.2772948816493814
504976.295440105,504977.293440244,504976.7944401745,504976.336999991,504977.342000002,504976.8394999965,3.6749135251960308,2.9742522144549284,3.0862987338040826,2.620463969878243,7.535626253551868,5.791128874831362,1.0368234469347728,4.94654049426707,1.4081742138459177
504976.395440128,504977.393440241,504976.89444018446,504976.433999985,504977.439000003,504976.936499994,4.221574073110154,3.504882266012741,4.295200856936479,2.922230932978733,7.296996939468199,6.936496273790553,1.718915174313552,5.256079202560922,1.8417909388200528
504976.495440151,504977.493440238,504976.9944401945,504976.561999978,504977.520000004,504977.040999991,3.8901358636589896,3.229678435726888,4.495431057749247,2.646812976350179,5.416881610323461,6.393745825606977,2.0094647545392204,4.323990596997795,2.6050816519781486
504976.595440174,504977.593440235,504977.0944402045,504976.658999972,504977.620000001,504977.1394999865,2.9013834963566874,2.300088094848113,3.4406387375019962,1.9895572534893338,3.1327302355745914,4.410204232758032,1.68427064069965,2.790461620585303,3.463117155396481
504976.695440197,504977.693440232,504977.19444021455,504976.758999995,504977.733000001,504977.245999998,1.9291362658095172,1.3822841134239745,2.0752961307144764,1.4408305399021475,1.5898328275623652,2.3456850199259582,1.1909811417725156,1.5462331928538169,3.861947160320882
504976.79544022,504977.793440229,504977.29444022453,504976.855999989,504977.830000002,504977.3429999955,1.564190544791406,1.0538356093998633,1.604203106936681,1.3457659652374667,1.2960379879353698,1.4120338222406261,1.3021106336878263,1.1298215870063828,3.369715645887031
504976.895440243,504977.893440227,504977.394440235,504976.952999989,504977.927000003,504977.439999996,1.7070648298584303,1.163313668161649,2.062131624305292,1.5070935148378783,1.7980467468977832,1.5097405921086293,2.0125657426294,1.217718239000413,2.3859085109263987
504976.995440253,504977.993440224,504977.49444023846,504977.034000003,504978.027,504977.5305000015,1.7705126059621412,1.1454606229590811,2.40605203310124,1.446347187208351,2.0227344180787536,1.689174562410614,2.541768226385345,1.1682784245410212,1.7442853730127228
504977.09544025,504978.093440221,504977.5944402355,504977.134,504978.139000001,504977.6365000005,1.5319035420637293,0.8257051637502473,2.070644818686124,1.2018787570866514,1.611171038307712,1.4226497006294134,2.341979088784505,0.8220111224143813,1.9591886468507997
504977.195440247,504978.193440218,504977.6944402325,504977.247000001,504978.221000002,504977.7340000015,1.2941073478608178,0.49313095064383633,1.5313767324280314,1.2754393388657421,1.0319161510826045,0.9422457347400235,1.846426311422656,0.5708412341514109,2.661482329552237
504977.295440244,504978.293440215,504977.79444022954,504977.344000002,504978.333000003,504977.8385000025,1.3712491109835208,0.5049671664697182,1.4147458069193704,1.9033546207708705,0.8707292820804428,0.6952929696528516,1.774470250568179,0.7849397047871388,3.0214930866195937
504977.395440241,504978.393440212,504977.8944402265,504977.441000003,504978.446000003,504977.943500003,1.6559780145446874,0.826907818140246,1.676314087972328,2.6564498604106115,1.1245107976121802,0.8181273934632546,2.131387254075593,1.3260025443185017,2.6881243603647835
504977.495440238,504978.493440209,504977.9944402235,504977.522000003,504978.546,504978.0340000015,1.6738269488853807,1.0642962684370325,1.6933957418578736,2.7403154869039317,1.281892993903789,1.0373394802209432,2.179504487877775,1.6343815013821303,1.759489630499571
504977.595440235,504978.593440211,504978.094440223,504977.622000001,504978.642999995,504978.13249999797,1.3155254719931584,1.0508907135478425,1.2654050299861859,1.9810588111251302,1.1721067747365383,1.1289216455472202,1.6192375864464041,1.4051083368553443,0.9014748777006004
504977.695440232,504978.693440222,504978.194440227,504977.735000001,504978.739999993,504978.237499997,0.8727425910203184,0.92676915403725,0.7599569701321937,0.9591651670606689,0.9954720241012803,1.0933526496289347,0.8573341632801199,0.8630477122931283,0.526842887628971
504977.795440229,504978.793440232,504978.2944402305,504977.832000002,504978.83699999,504978.334499996,0.656145052346039,0.9492964523404314,0.4906962839677639,0.3467093395336148,0.924732430808737,0.9883676127743819,0.4014736038665515,0.5692456739011506,0.5786390215756814
504977.895440227,504978.893440242,504978.3944402345,504977.929000003,504978.937,504978.4330000015,0.8588891022569642,1.3288671705108475,0.3895229875328693,0.43889642937805784,0.9853030586618392,1.0424625057616352,0.42395532733635755,1.0185029559648404,1.2436023829092668
504977.995440224,504978.993440252,504978.494440238,504978.029,504979.033999997,504978.5314999985,1.6596624595903458,2.1546336304883393,0.5669528995964763,1.4100188733174677,1.3423871669812726,1.6609586376909624,1.071875109089065,2.3141489145396337,2.7563244450195494
504978.095440221,504979.093440263,504978.59444024204,504978.141000001,504979.130999994,504978.6359999975,2.874154944529195,3.115640348641622,1.1920464310419792,2.976249940048951,2.148278847739782,2.740021678134471,2.3793306632705695,3.876987211136175,4.564684436220011
504978.195440218,504979.193440273,504978.6944402455,504978.223000002,504979.227999991,504978.72549999645,3.7641621274196435,3.5586939135231392,1.9665523551950754,4.137562594701915,3.0893338996221478,3.4546186220883097,3.7721690414998363,4.65816240203722,5.4762041906895
504978.295440215,504979.293440283,504978.794440249,504978.335000002,504979.340999989,504978.8379999955,3.716844987788734,3.045984359489412,2.33610160361099,4.063551918881144,3.61919019760102,3.0545045876757704,4.6388855700389735,4.076739834464167,4.899801830548396
504978.395440212,504979.393440293,504978.89444025245,504978.448000003,504979.440999999,504978.94450000103,3.0984833997033903,1.9758592184060504,2.325483799360707,3.2814016306639484,3.6759064987182075,1.9495722140225316,5.1433870033760885,2.798160285188116,3.638096547891473
504978.495440209,504979.493440303,504978.99444025604,504978.548,504979.537999996,504979.04299999797,2.7266113684544253,1.197312205215341,2.451194930781604,2.9119466331403725,3.5672123237411095,1.2267935971522035,5.62767149734526,1.9599623875261982,2.8707973727333127
504978.595440211,504979.593440313,504979.094440262,504978.644999996,504979.634999993,504979.13999999454,2.7407332280625543,1.0091837525170204,2.8316030460286736,3.155096118159816,3.36229336668372,1.3229860831250444,5.795965387650529,1.8678310152128041,2.580907055122824
504978.695440222,504979.693440323,504979.1944402725,504978.741999993,504979.74699999,504979.24449999153,2.716191222611909,1.0576362513943043,3.1854233098695297,3.321270659250726,2.995693232264346,1.8182388038123305,5.234710837061279,1.9448916699915668,2.17166501725119
504978.795440232,504979.793440333,504979.2944402825,504978.83899999,504979.843999988,504979.34149998904,2.4901973300362146,1.0156194490484947,3.440588584006743,3.077206185849774,2.6641273439055757,2.2707749841474785,4.23627395029569,1.7522976009353037,1.464690542100655
504978.895440242,504979.893440343,504979.3944402925,504978.935999987,504979.943999998,504979.4399999925,2.23647403224488,0.8961057504514189,3.6215927831874044,2.685276524492697,2.5127830237341957,2.4701772256836785,3.403112522897477,1.4249485383076945,0.8777958892044736
504978.995440253,504979.993440353,504979.494440303,504979.035999997,504980.056999995,504979.546499996,2.0686026555750985,0.8223440213815694,3.717450811312311,2.413550886328945,2.625866540416993,2.356944444145312,2.7847812825710614,1.2554234071539283,0.5724598512906648
504979.095440263,504980.093440363,504979.594440313,504979.132999995,504980.153999992,504979.6434999935,1.7849292555424199,0.717558634146586,3.433710246061327,2.0528703371563615,2.6221154237796944,1.8390821128891863,1.9844848469044107,1.148675100084787,0.48093734331700577
504979.195440273,504980.193440373,504979.694440323,504979.229999992,504980.234999989,504979.7324999905,1.4659372236942745,0.5897499649884919,2.7665070469468875,1.6263362058429216,2.4837410358167653,1.423124573893414,1.0860547477420548,1.096573746309697,0.6554104680139643
504979.295440283,504980.293440383,504979.79444033303,504979.342999989,504980.334999999,504979.838999994,1.6496103197362584,0.6679956665494293,2.1418417281514355,1.7945798815091645,2.6887007723501606,1.9713797259347952,0.8540561390281596,1.5864689220747805,1.4918597222921415
504979.395440293,504980.393440393,504979.894440343,504979.442999999,504980.431999996,504979.9374999975,2.6030663478919798,1.1130897918403115,2.096135021533275,2.9604782862135743,3.4662404212543443,3.6141869350412055,1.642287292986466,2.842242488811917,3.089870545454745
504979.495440303,504980.493440403,504979.994440353,504979.539999996,504980.560999994,504980.050499995,3.7631414328476427,1.6786703727012688,2.6314070160551175,4.531691922050876,4.2815908421491695,5.317894295044351,2.8878896960438314,4.1873061819513016,4.5886811367852225
504979.595440313,504980.593440413,504980.094440363,504979.636999993,504980.625999998,504980.1314999955,4.162794952676416,1.8933122479549473,3.1400236652003004,5.232902311517962,4.3196649885182214,5.721358672620271,3.5907102272323583,4.5413262919423385,4.863061216424922
504979.695440323,504980.693440414,504980.19444036845,504979.748999991,504980.723000017,504980.236000004,3.4170827430261053,1.6164231072782655,3.008111694042455,4.355110395489762,3.361541481410563,4.483840952020227,3.210420990563042,3.5678319316740486,3.7333813917304783
504979.795440334,504980.7934404,504980.294440367,504979.845999988,504980.823000003,504980.3344999955,2.3117125276854353,1.3535437144139897,2.6289040686984455,2.6849099589848104,2.3236372613745875,2.782532956666813,2.2746090441239994,2.230847403748296,2.21471581347254
504979.895440344,504980.893440386,504980.394440365,504979.945999998,504980.936000007,504980.4410000025,1.7248954113696762,1.4132936528384417,2.58660559479011,1.507253204389313,2.0097551756367045,1.7941810400138771,1.65856048257224,1.4508697233281036,1.3786444173886199
504979.995440354,504980.993440373,504980.4944403635,504980.058999995,504981.04900001,504980.5540000025,1.661684289492186,1.4834089489888065,2.805424152019101,1.2894921141715945,2.1042662389463476,1.4869156853689742,1.660674635629542,1.1333343604226578,1.3299581803904625
504980.095440364,504981.093440359,504980.5944403615,504980.155999992,504981.146000014,504980.651000003,1.6445855226850252,1.1882493417964541,2.74784356640483,1.6756249487582626,2.025492300267124,1.3341487764578088,1.953245046933544,0.8396356336302044,1.392444567231974
504980.195440373,504981.193440345,504980.694440359,504980.236999989,504981.246000001,504980.741499995,1.5711881059929302,0.7325050601911062,2.3924620628379563,2.3215942829193454,1.803643588422926,1.1484177512675569,2.378764887066537,0.5442078920296178,1.2479093232083973
504980.295440383,504981.293440332,504980.7944403575,504980.336999999,504981.343000004,504980.8400000015,1.6525749323239345,0.5706722570367843,2.246508832997631,3.1126609922489124,1.715531685023959,1.0603125683204475,2.9719514834635796,0.4567076319054634,1.0862540075946985
504980.395440393,504981.393440318,504980.8944403555,504980.433999997,504981.440000008,504980.9370000025,1.8402721649826217,0.7006803588654872,2.3331525839942406,3.7916140422113322,1.6927231949545014,1.0690594718850743,3.452458427465084,0.5263945123285162,1.1560947281567373
504980.495440403,504981.493440304,504980.9944403535,504980.562999994,504981.537000012,504981.050000003,1.8189413359644604,0.7577574480113447,2.192337323366357,3.939434517520751,1.403968106561373,0.9786998732413357,3.3353753735562903,0.5047317473908788,1.4392262980673542
504980.595440413,504981.593440291,504981.094440352,504980.627999998,504981.634000016,504981.13100000704,1.4577031309295618,0.6380156357829603,1.628151889787487,3.335333954662056,0.8781803481268745,0.7358957556893465,2.546134444043151,0.3740598155557507,1.5258532037888692
504980.695440413,504981.693440277,504981.19444034505,504980.725000016,504981.734000002,504981.229500009,0.9641871194484275,0.5403425592308515,0.930296578641558,2.227995504704769,0.48687593721596134,0.45322133264021336,1.5326635251289056,0.29691742018077494,1.2451840978443864
504980.7954404,504981.793440264,504981.294440332,504980.825000003,504981.831000006,504981.3280000045,0.6412094461960347,0.6136301890924747,0.47118384346423114,1.1267027432825412,0.4995138309067412,0.2459114187402488,0.8673297871786613,0.3917258912603698,0.9136778656430102
504980.895440386,504981.89344025,504981.394440318,504980.938000006,504981.95900001,504981.448500008,0.5977030502448673,0.7158576338644689,0.32541153281068097,0.4600569994149657,0.8748744236502596,0.13787659106885722,0.7174680613138011,0.5785849828620452,0.9714941769738601
504980.995440372,504981.993440237,504981.49444030446,504981.05100001,504982.056000013,504981.5535000115,0.7545594588706197,0.7123768097152292,0.36195717970560715,0.24514769954495358,1.5674602631503534,0.11721576484269337,0.8703543735584818,0.8307019746198835,1.3312616058277555
504981.095440359,504982.093440224,504981.5944402915,504981.148000014,504982.156,504981.652000007,0.9722410691143014,0.6102922412562058,0.48345721510094897,0.3930040203820212,2.2276596699984923,0.15737690371587193,1.1227528708986707,1.105838755561377,1.677546876000823
504981.195440345,504982.19344021,504981.6944402775,504981.248,504982.253000004,504981.750500002,1.2844400336168063,0.6271907561288419,0.8855000611968566,0.9787161925184259,2.4865054796736055,0.4390344864878165,1.5013178447564965,1.3828089386832028,1.9744465094892054
504981.295440331,504982.293440197,504981.794440264,504981.345000004,504982.334000007,504981.8395000055,1.7920028623957862,1.123695268290825,1.5644466066469125,1.9006079347477778,2.3329532276909517,1.2693955376249095,1.8968074888497872,1.8357364159818794,2.412380419333248
504981.395440318,504982.393440184,504981.894440251,504981.442000008,504982.447000011,504981.94450000953,2.440147388946506,2.2666106835134068,2.095726577843342,2.6772413416732794,2.1632095915091076,2.6411741271528095,2.0376866069810666,2.6488001494198476,2.9907300334791915
504981.495440304,504982.49344017,504981.994440237,504981.539000012,504982.544000015,504982.0415000135,2.980880293805083,3.6408340067104916,2.165558244863495,2.9030056352769655,2.3493635140538593,3.9493934122172356,1.8951907243145354,3.5905046435203474,3.3531921694837328
504981.595440291,504982.593440157,504982.094440224,504981.636000015,504982.644000002,504982.1400000085,3.1141226533732413,4.3553118573520235,1.9088131169249076,2.6037399306533335,2.7527733407681794,4.44517355344641,1.6878130838152108,4.027853590767991,3.131502753257873
504981.695440277,504982.693440144,504982.1944402105,504981.736000002,504982.725000005,504982.2305000035,2.846093905161191,3.897511133944496,1.8741244703477493,2.234182385273945,2.902366431659839,4.181492750031019,1.6664610117261676,3.5867317213955685,2.425881336910744
504981.795440264,504982.793440136,504982.29444019997,504981.833000006,504982.852999995,504982.34300000046,2.4774271850806056,2.638974097387644,2.4867932755295374,2.2212538088531444,2.7027272294340148,3.6320070135434177,1.8742334292573015,2.575184583143205,1.6882440434965778
504981.89544025,504982.893440144,504982.39444019704,504981.961000009,504982.934999992,504982.4480000005,2.446548272421664,1.6077513096298017,3.7567508959174445,2.7528723077667117,2.7494539161754776,3.1347130895406146,2.3811426252688435,1.8495612885360493,1.3401407465383701
504981.995440237,504982.993440152,504982.49444019445,504982.058000013,504983.03199999,504982.5450000015,2.8706588024415525,1.2640830117666486,5.378345288787777,3.7730385214075537,3.275068370338568,2.6856991911774677,3.3779948946369713,1.6882429909899437,1.52279815042749
504982.095440223,504983.09344016,504982.5944401915,504982.155000017,504983.131999998,504982.6435000075,3.4880069819405235,1.2555905270237178,6.872976644325707,5.080034918525367,3.8462958815947115,2.4715476993206145,4.584023156876687,1.768417501424158,2.025169526433228
504982.19544021,504983.193440168,504982.694440189,504982.255000003,504983.243999996,504982.74949999945,3.8954542730451966,1.157141923763676,7.687101899120647,6.289929544361534,3.9300697943382756,2.712336233999619,5.324506354958122,1.7490013620034717,2.313547071816227
504982.295440197,504983.293440176,504982.79444018647,504982.336000007,504983.340999994,504982.83850000054,3.923405957187702,1.0002529273562624,7.484801692979557,6.9503701324245055,3.564712152403222,3.2682335043740762,5.287851985688953,1.6647483651541635,2.1662768971208743
504982.395440183,504983.393440184,504982.89444018353,504982.449000011,504983.437999991,504982.943500001,3.6518934024179988,1.0527278674164735,6.261781636506906,6.699598301503363,3.150286860959067,3.5879853141560236,4.75114775268495,1.8211468770230002,1.890472609094207
504982.49544017,504983.493440192,504982.994440181,504982.546000015,504983.537999999,504983.042000007,3.1759128941549357,1.3864751696152702,4.385700596305258,5.531001667930805,2.811566798453738,3.2994589806303534,3.9849559864842523,2.3509475906763657,1.6571963631434428
504982.595440157,504983.5934402,504983.0944401785,504982.646000001,504983.634999997,504983.140499999,2.600649626543823,1.8552059677406953,2.522311600694282,3.903555088158857,2.3490842405841654,2.564637683618253,3.060095695936283,3.043873583032358,1.506433152585687
504982.695440144,504983.693440207,504983.1944401755,504982.727000005,504983.747999995,504983.23750000005,2.0375622098606083,2.1571506181497693,1.3552703750843622,2.5270101664907862,1.8502939958442193,1.704972585498962,2.0235334293171565,3.3129769491280237,1.3692895593715906
504982.795440136,504983.793440215,504983.2944401755,504982.854999995,504983.860999993,504983.35799999395,1.4873570755410306,2.238034923883083,0.930335057165744,1.6520515026988745,1.4157095348361088,0.9592919183716286,1.0828545539998062,2.8792524627168907,0.7413266506561076
504982.895440144,504983.893440223,504983.39444018353,504982.936999993,504983.925999991,504983.43149999203,1.3185869575993125,2.56408203623919,1.0033290777893518,1.2860415354716972,1.6134383605257945,0.7527624198233115,0.5426599706608551,2.4876314944979274,0.2987507657863732
504982.995440152,504983.993440231,504983.49444019154,504983.03399999,504984.025999998,504983.529999994,1.5927973133796853,3.202627325381089,1.0656214925523941,1.0961738476031035,2.5104907314751275,1.0105221546185008,0.369582077198732,2.7608782700190604,0.7264826081894759
504983.09544016,504984.093440239,504983.59444019955,504983.133999998,504984.122999996,504983.62849999696,2.0467744126356706,3.5566908494706357,0.8588287640647241,0.8453328904627775,3.4401541840249372,1.3480144377784171,0.2994321416689572,3.3028096786116787,2.722932355003236
504983.195440168,504984.193440246,504983.694440207,504983.245999996,504984.235999994,504983.74099999503,2.406990242104257,3.0568825891196063,0.5333625643999474,0.632978176988689,3.5703086784565956,1.4236981833396416,0.26528130526799476,3.2261414770180292,6.547268962243553
504983.295440176,504984.293440254,504983.794440215,504983.342999994,504984.332999992,504983.837999993,2.5430949352922534,1.91860574597164,0.331408711615131,0.6407869767330344,2.8634268976240067,1.2518718384633525,0.36965436812937785,2.3063244754624033,10.662680468339083
504983.395440184,504984.393440262,504983.894440223,504983.439999992,504984.433,504983.936499996,2.2833492046999657,0.9315116952204295,0.26477604400797083,0.7297749656660729,1.9857902426461704,1.072162119779021,0.5662695708987764,1.2885890036885042,11.427919995692779
504983.495440192,504984.493440269,504983.99444023054,504983.54,504984.529999998,504984.034999999,1.726227071384057,0.45526378286823393,0.20838996577560376,0.7389706596456627,1.5135565896979735,0.9364305728782263,0.7348010432769273,0.728594469643224,8.493809487286603
504983.5954402,504984.593440277,504984.0944402385,504983.636999997,504984.626999995,504984.131999996,1.1581721692637021,0.3443960713906152,0.2188067668889872,0.7174036536936542,1.5815119469487742,0.7795248690299489,0.818129021548525,0.5664421769255908,4.239162847683522
504983.695440207,504984.693440285,504984.194440246,504983.749999995,504984.739999993,504984.244999994,0.9374426531883738,0.4519986013438986,0.47541546947585,0.7990426421679675,1.9073710674457898,0.7904723010782477,0.8083897054898609,0.6707223771683268,1.5961290613370491
504983.795440215,504984.793440292,504984.2944402535,504983.862999993,504984.83699999,504984.3499999915,1.3568584961731278,1.020749061028236,0.942305254665988,1.0513501647866201,2.9170908946027136,1.4035450172833928,0.7129501105476437,1.378786064622912,1.4280914018475155
504983.895440223,504984.893440301,504984.394440262,504983.927999991,504984.936999998,504984.4324999945,2.475040047544579,2.2634430367339644,1.5453600570903616,1.5109367538402272,5.196004899437632,2.879425262945083,0.6324458571330888,3.063526964589003,2.709177548587272
504983.995440231,504984.993440311,504984.494440271,504984.027999999,504985.048999995,504984.538499997,4.227035281216488,4.257923140606347,2.3869358855391005,2.4189906124724496,8.653152189719469,5.067180170787914,0.9237890010124841,5.784991159387214,4.323320090206928
504984.095440239,504985.093440322,504984.59444028046,504984.124999996,504985.161999992,504984.64349999395,6.031585805098155,6.398726762436285,3.4952244195145425,3.7441251784475575,11.762681671999522,7.19986496869025,1.7986513462330007,8.55059589347951,5.302816199984574
504984.195440246,504985.193440333,504984.6944402895,504984.237999994,504985.242999989,504984.7404999915,6.918749741771733,7.507411095497567,4.504107150610194,4.946886939026818,12.474169931770247,8.133299834750177,2.8840449682826055,9.751141699566627,5.148936314669623
504984.295440254,504985.293440343,504984.79444029846,504984.334999992,504985.343,504984.83899999596,6.500431147536463,6.944534099457231,4.890601090125344,5.418718306585268,10.325147884335925,7.283289411981249,3.6169476996098266,8.743501257376892,4.780709430819966
504984.395440262,504985.393440354,504984.894440308,504984.435,504985.455999997,504984.9454999985,5.281259708004923,5.267742838873855,4.563539592364369,4.998998566319692,7.034834569165055,5.362767385310887,3.7925526955228035,6.495781897809781,4.733860118672939
504984.49544027,504985.493440365,504984.9944403175,504984.531999998,504985.552999994,504985.042499996,4.2453963776428605,3.7851868451781634,4.224502838758935,4.263727667306328,4.94858334575563,3.855082136726521,3.7530473738450922,4.6175471988557,4.5154936147165206
504984.595440277,504985.593440375,504985.094440326,504984.628999996,504985.633999991,504985.1314999935,4.113967138867841,3.302900195336553,4.812561406555199,4.011389355260544,4.856670212024055,3.6386941834221576,4.194101254016716,3.694975616291586,4.400444888035924
504984.695440285,504985.693440386,504985.1944403355,504984.741999993,504985.730999988,504985.23649999045,4.859578499518694,3.5580746198394246,6.629331055130644,4.469997076779832,5.9867097843687285,4.393158549026875,5.418802815277633,3.2317806955040322,5.188773400222384
504984.795440293,504985.793440396,504985.2944403445,504984.83899999,504985.830999999,504985.3349999945,5.868641135362617,3.704710557846695,8.219164687412812,5.190614749931523,6.887356872278611,4.957368072234168,6.638527576945899,2.9746632815405825,8.376723284710646
504984.895440301,504985.893440407,504985.39444035396,504984.938999998,504985.943999996,504985.441499997,6.674990222934794,3.4232412646636714,8.173011743729251,6.111756786255615,6.904622320943103,4.837196792891396,7.155278297319176,3.3324223434947307,13.46239223418141
504984.995440312,504985.993440417,504985.49444036453,504985.050999995,504986.040999993,504985.545999994,6.852816435228028,2.7445397382753125,6.3460338420628375,6.878701295963117,5.975831652471351,4.287063628038792,6.678302157747708,4.054991331588456,17.857067835676652
504985.095440322,504986.093440428,504985.594440375,504985.163999993,504986.12199999,504985.64299999154,6.0236043676554765,1.89203050807693,3.943253591323926,6.79912812596554,4.499245693026225,3.6759724723671288,5.462781688544339,4.2159540160587055,17.70046884588102
504985.195440333,504986.193440438,504985.6944403855,504985.24499999,504986.250999987,504985.7479999885,4.627056381172203,1.1760107055399949,2.432974213712568,5.719581422660367,3.3417294347711923,3.0691728799760334,4.14440015505194,3.3953843112567137,13.737197926408818
504985.295440343,504986.293440448,504985.7944403955,504985.357999987,504986.350999998,504985.8544999925,3.389694107390425,0.7459672927718742,2.325097570548664,4.1444953356642555,3.3843859160873793,2.4643575335724557,2.930493865790904,2.165312855859649,8.957442488828217
504985.395440354,504986.393440459,504985.89444040647,504985.457999997,504986.462999995,504985.96049999597,2.8979922180439814,0.7382083300839848,3.1839069126205004,2.9737203729186845,4.958376604582361,2.121193335944052,1.8506253602614704,1.5835076583055812,5.774399169635219
504985.495440365,504986.493440468,504985.99444041646,504985.554999994,504986.529,504986.041999997,3.026710556043803,1.317619295125145,4.0784583084395125,2.49740793867859,6.988819395332747,2.320757044098321,1.1040983743157833,2.1042100772619503,3.8023140150983745
504985.595440375,504986.593440467,504986.094440421,504985.635999991,504986.626,504986.1309999955,3.1089902441401485,2.233306278795206,4.149822338539874,2.2036217646933474,7.585867156918171,2.7431644525635734,0.7472145340047514,3.0590892972257606,2.149836130380508
504985.695440386,504986.693440468,504986.194440427,504985.732999988,504986.726,504986.229499994,2.756087730170986,2.913240769197969,3.2077048648268702,1.8521260315347226,6.035199041012648,2.7717992217255016,0.7199281267782737,3.572722303162946,0.9759814831289566
504985.795440396,504986.793440468,504986.294440432,504985.832999999,504986.823,504986.3279999995,2.250658064691678,2.9657755261267837,2.115283318005602,1.8030067747437046,3.7106376148254268,2.3633811381595438,1.1626588717652115,3.3979017913833163,0.4866194825238327
504985.895440407,504986.893440468,504986.3944404375,504985.945999996,504986.951,504986.44849999796,1.9757899763650468,2.5780634991323925,1.6718278121788566,2.061058017382577,2.3889551587261564,1.981225807816732,1.9448413989822724,2.951065362028015,0.22928275467337456
504985.995440417,504986.993440468,504986.49444044253,504986.042999993,504987.048,504986.5454999965,1.910732009417372,2.072795779936678,1.7102110186967063,2.1788418546749715,2.1493999742171614,1.7372715538895906,2.566069175733758,2.5435654072398335,0.32770131095027755
504986.095440428,504987.093440468,504986.594440448,504986.12399999,504987.145,504986.63449999504,1.762738042933003,1.562549576896227,1.8047032107509042,1.9473800349139876,1.9397312217319584,1.3868635604947332,2.6093105348971983,2.0825670511537253,0.7687991526252896
504986.195440438,504987.193440468,504986.69444045296,504986.252999987,504987.245,504986.7489999935,1.5007494794058833,1.1154339926517203,2.100004634832578,1.5901251384942738,1.3675563431764157,0.9543439648132379,2.0948772192018277,1.4577140885875144,1.3259404534894974
504986.295440449,504987.293440468,504986.7944404585,504986.352999998,504987.358,504986.855499999,1.3146073071467965,0.952620940170561,2.59217532274756,1.3982376663691205,0.7794045053658589,0.7683870757523418,1.3758093412840098,0.9006759179900892,1.7495476874948301
504986.395440459,504987.393440468,504986.8944404635,504986.464999995,504987.439,504986.9519999975,1.2794598183818844,1.2118927230208283,2.776206547708589,1.3209282090074774,0.49747743435176783,0.9408945167417485,0.8647918468612243,0.6900809401079866,1.9334063292554524
504986.495440467,504987.493440468,504986.9944404675,504986.531,504987.552,504987.04150000005,1.337908674137098,1.6560543299659392,2.4985070892370596,1.1361046085244912,0.6316926079210744,1.259241011011838,0.7059606169093189,0.7295742848694036,2.08613484465766
504986.595440468,504987.593440468,504987.094440468,504986.628,504987.652,504987.14,1.3382699136338179,1.7418056416541172,2.050599404899705,0.7535972488576326,0.971915279155851,1.4176170675053839,0.715281483474826,0.684420212581382,2.370922970941644
504986.695440468,504987.693440468,504987.194440468,504986.728,504987.749,504987.2385,1.2323692717231864,1.3161415127236438,1.6893410389716657,0.399028257103469,1.2153147517922975,1.245342953086662,0.7932424601724108,0.466880791436708,2.7336624084986347
504986.795440468,504987.793440468,504987.294440468,504986.825,504987.846,504987.33550000004,1.1527938271311127,0.7901341259949203,1.3436139235793505,0.2986456015110443,1.264585575809905,1.2085008637821668,0.89645376796422,0.4205046449156397,2.9999121134916544
504986.895440468,504987.893440468,504987.394440468,504986.953,504987.943,504987.448,1.205712950859212,0.7540621604614295,0.8373168122166561,0.35967378880302436,1.2559429225347047,1.7708682931759867,0.9271093307627137,0.8263298330967335,2.914400465822447
504986.995440468,504987.993440468,504987.494440468,504987.05,504988.024,504987.537,1.3784522202730112,1.2566098091259907,0.4577288536712911,0.48796988946061504,1.3463703734135493,2.584518110223983,0.9434749097823307,1.493394236763033,2.4575515797432965
504987.095440468,504988.093440468,504987.594440468,504987.147,504988.124,504987.6355,1.6756699880817507,1.8433426277262899,0.8354153954411485,0.9197810784937064,1.5302060493279845,2.9348520905811037,1.1923056847837643,1.9618595224327011,2.1875974558673086
504987.195440468,504988.193440468,504987.694440468,504987.247,504988.252,504987.7495,2.053584316596486,1.9942374363008852,2.0580581690321544,1.8636121575486646,1.5885188410994129,2.6721674133158757,1.7345629774629048,1.944711567844335,2.572805970167659
504987.295440468,504988.293440468,504987.794440468,504987.36,504988.334,504987.84699999995,2.359482918400495,1.612387733212249,3.3577238429730136,3.004637566714001,1.4471480270502557,2.269639909882052,2.243630558492568,1.5811009782807086,3.3595947305991096
504987.395440468,504988.393440468,504987.894440468,504987.441,504988.431,504987.936,2.3338733226734916,0.9971687044780493,3.7996912476291778,3.563731954302418,1.1577256516643781,2.1678342191827324,2.2260594445522868,1.1156878658832055,3.6430874936956847
504987.495440468,504988.493440468,504987.994440468,504987.554,504988.531,504988.0425,1.9159301959736466,0.5161391368788335,3.170988671778744,3.1653255213709914,0.8724152963428722,2.284552077966568,1.6168216331144754,0.7110792253286311,2.990120005008056
504987.595440468,504988.593440468,504988.094440468,504987.654,504988.628,504988.141,1.4611946317992286,0.45747283715756804,2.2030627492883323,2.2025618831915046,0.8312219092326294,2.4395106967781923,1.0209958767613283,0.4606143033717406,2.074116798612534
504987.695440468,504988.693440468,504988.194440468,504987.751,504988.725,504988.238,1.4574632615739835,1.0250899490428786,1.7935027745860306,1.4111903943559427,1.347653835920121,2.8865221277208186,0.9939103736368893,0.5603271953786881,1.6415094419504983
504987.795440468,504988.793440467,504988.2944404675,504987.848,504988.837000001,504988.3425000005,1.76589644216333,2.007168565398643,1.8285124197335616,0.9880397112815983,2.03394433382437,3.5248045222452653,1.2885610319818925,0.8622746430765342,1.5938663097647765
504987.895440468,504988.893440465,504988.3944404665,504987.945,504988.950000002,504988.447500001,1.936692058665906,2.7888609952451207,1.7493113367458606,0.8552665735631073,2.2974106996840193,3.6609572471179597,1.4794820872243808,1.0798547806536338,1.5823927490931653
504987.995440468,504988.993440464,504988.49444046605,504988.026,504989.05,504988.538,2.061531556996345,2.9855672496188808,1.6561693074166577,1.3550635310975254,2.1710018672590916,3.0821691674699894,1.8727711484608545,1.2551238468824704,2.114386337765291
504988.095440468,504989.093440462,504988.594440465,504988.126,504989.131000001,504988.62850000046,2.833512773230944,2.8253700374472754,2.3489681824034094,3.085452443630271,2.4177291616268994,2.768864255999702,3.359652151109229,1.808079165647706,4.053986787983063
504988.195440468,504989.193440461,504988.6944404645,504988.254,504989.228000001,504988.7410000005,4.170216960948902,2.673839653252638,3.9366844133956436,5.326629006236404,3.1509012113144457,3.3154589026783254,5.748272143699845,2.623450659848463,6.586499697165451
504988.295440468,504989.293440459,504988.79444046353,504988.336,504989.325000001,504988.8305000005,4.955998841553879,2.487713378281231,5.335106464589941,6.347159933932394,3.4037408593205267,3.987483935190783,7.351598493833869,3.0416288500180375,7.693558817264249
504988.395440468,504989.393440458,504988.894440463,504988.433,504989.438000002,504988.935500001,4.386874827712893,2.037475343568456,5.461550789721179,5.2999568770310415,2.651869102963694,3.6800877887575494,6.780237178081863,2.668948677812585,6.514872863766773
504988.495440468,504989.493440456,504988.994440462,504988.53,504989.538,504989.034,3.138893196473201,1.5153614556819108,4.519644119159219,3.314625458967612,1.915419486399884,2.673842323437729,4.6154281460814985,2.0995252591254054,4.457299322932352
504988.595440468,504989.593440455,504989.0944404615,504988.63,504989.651000001,504989.1405000005,2.3237261401433296,1.2310746380529871,3.4832130127755576,2.0317663751841835,2.202149393865305,1.9813212372134623,2.628068234394482,2.002756314709355,3.029459914951304
504988.695440468,504989.693440453,504989.1944404605,504988.727,504989.748000001,504989.2375000005,2.200847281446715,1.1611226345446517,2.874764683056439,1.8453938721808179,3.0566873502086835,1.9513234189853519,1.882985937591667,2.180454115691311,2.6540462393147966
504988.795440467,504989.793440452,504989.2944404595,504988.839000001,504989.845000002,504989.3420000015,2.104473374952768,0.9665302153200228,2.3670915590013277,1.8351498375820068,3.192280613317502,1.992251989694763,1.9397636243750376,1.9392417045554264,2.603477455776059
504988.895440465,504989.893440451,504989.39444045804,504988.952000002,504989.945,504989.448500001,1.7531710125184488,0.6529952190294277,1.938758235595801,1.5897706132697818,2.3797316894937603,1.7481239256428105,2.0388846405628183,1.2550672408711567,2.4220365356820333
504988.995440464,504989.993440449,504989.4944404565,504989.052,504990.042,504989.547,1.7405255126851387,0.5568494097899932,2.4659529308402517,1.8006932004371219,1.8338542864630176,1.9579901959106625,2.34506559548921,0.708365051157795,2.2554334313930573
504989.095440462,504990.093440448,504989.59444045497,504989.133,504990.139000001,504989.6360000005,2.306635695424313,0.760760203129015,4.239445465281143,2.7283177435528994,2.264753686862587,2.935644381917855,3.0543346056251144,0.5995308117961948,1.8702986652296916
504989.195440461,504990.193440446,504989.6944404535,504989.230000001,504990.251000001,504989.740500001,2.9038930518392725,1.0036408584886995,5.99829915919978,3.659393902200404,3.018731784838927,3.8388231532592973,3.710607168405422,0.7380051139117453,1.2636432744099073
504989.295440459,504990.293440445,504989.794440452,504989.327000001,504990.348000002,504989.8375000015,3.160198889794744,1.3183161156276508,6.448104575883592,3.9992308367983425,3.4979742300189596,3.8207610631050812,3.9947760265359937,1.0779284082217777,1.1244998621665545
504989.395440458,504990.393440443,504989.8944404505,504989.440000002,504990.448,504989.94400000095,3.5614812646206095,2.242662147998958,5.900906615727527,4.30079732054042,4.222923655333539,3.513693502703865,4.328731396481375,2.0852774940996164,1.8968579840795736
504989.495440456,504990.493440442,504989.99444044905,504989.54,504990.545000001,504990.04250000045,4.486994091109812,3.792569210714478,5.474828236782757,5.21910493883946,5.444419990698023,3.9119868748547466,5.090594069490295,3.702742823982312,3.2597065835164303
504989.595440455,504990.593440441,504990.094440448,504989.653000001,504990.642000001,504990.147500001,5.3318248851929875,4.966112331508857,5.329336913618102,6.199460110647366,6.385881875338011,4.6733091580044706,5.799960195081722,4.960145313395296,4.340393183950077
504989.695440453,504990.693440439,504990.194440446,504989.750000001,504990.739000002,504990.2445000015,5.131743555786661,4.78880695443078,4.67167293260043,5.998896145863992,6.107034835245145,4.487470830804686,5.564137788107059,4.902415823071511,4.533513136169691
504989.795440452,504990.793440438,504990.294440445,504989.847000002,504990.839,504990.343000001,4.1193109856768935,3.6560223673797294,3.4016493904055674,4.6442743996222084,5.25332712632265,3.2204827800819373,4.535718289505234,3.9025647078159285,4.340448824281894
504989.895440451,504990.893440435,504990.394440443,504989.947,504990.936000001,504990.4415000005,3.4698484579841935,2.7136119014330484,2.5231489086848695,3.557088124731713,5.329515570693145,2.2351968091213994,3.72889728953469,3.121671959867249,4.549657099807436
504989.995440449,504990.993440431,504990.49444044,504990.044,504991.033000002,504990.53850000096,3.68659843730167,2.493753035480278,2.739991287517803,3.5833357260754934,6.597865294958307,2.537249638137032,3.529149115828335,3.0102968008649134,5.001146599551198
504990.095440448,504991.093440427,504990.5944404375,504990.141000001,504991.130000003,504990.63550000195,3.922346197124149,2.388076223356089,3.4714947129995144,3.908583302378248,7.3074869740363235,3.3905641072094803,3.2508582589947173,2.8353756989472085,4.826330299071609
504990.195440446,504991.193440423,504990.6944404345,504990.253000001,504991.243000005,504990.74800000305,3.459035635099801,1.934432678172476,3.9684877022455867,3.607081684591445,6.195759397900021,3.757950048115551,2.4182504703245256,2.067783244434101,3.7225398550147015
504990.295440445,504991.293440419,504990.794440432,504990.350000002,504991.343000001,504990.8465000015,2.5613310685679904,1.3062535729367117,3.993719287328033,2.9212717702303044,3.808546231451947,3.5106181600590514,1.454489079977435,1.0525264508918073,2.443223995668633
504990.395440443,504991.393440416,504990.8944404295,504990.45,504991.424000002,504990.93700000097,1.970648283345095,0.8420060400224376,3.9040032307233776,2.8151320087171054,1.7095508362618097,3.1408137791435653,1.1084224852946392,0.3690402395908147,1.8762176470070087
504990.495440442,504991.493440412,504990.994440427,504990.547000001,504991.537000003,504991.042000002,1.9282245810979965,0.5401191166399265,4.061025564112472,3.593393919379707,0.6918179209950415,2.7651862827201312,1.493193913340773,0.1266760163358778,2.154383915260043
504990.595440441,504991.593440408,504991.09444042447,504990.644000001,504991.650000004,504991.1470000025,2.077532023379267,0.3380345371666201,4.342660990921156,4.541761007565883,0.4833029132271892,2.199130006396582,2.0426996079461963,0.11476723230378211,2.5578998915067306
504990.695440439,504991.693440404,504991.19444042153,504990.741000001,504991.75,504991.24550000054,2.0384323617497486,0.3294724188800255,4.393060620939983,4.716750520072544,0.5231338865518571,1.4738904104003565,2.205357981402893,0.16635217525582885,2.4994408804945003
504990.795440438,504991.7934404,504991.294440419,504990.841,504991.847000001,504991.3440000005,1.7723841990012021,0.6020332592535014,3.885065802481556,3.9027741974484353,0.5917582501041969,0.9618029263715999,1.869390416771067,0.35160207859496273,2.0146466609842975
504990.895440435,504991.893440396,504991.3944404155,504990.938000001,504991.944000002,504991.4410000015,1.4262672897316933,1.0119392886113023,2.9251941374017667,2.5486612487186644,0.6365317257648595,0.7682936250407276,1.262180571990147,0.6652475577581686,1.5920901625679094
504990.995440431,504991.993440392,504991.4944404115,504991.035000002,504992.041000003,504991.5380000025,1.21676108632422,1.2525262756648765,2.1569294706471966,1.4571240482617247,0.7617351030553783,0.9121009762526379,0.8007297159498113,0.9133051424312035,1.4796379583309311
504991.095440427,504992.093440388,504991.59444040747,504991.132000003,504992.153000004,504991.6425000035,1.1953121385240968,1.1521777267120248,1.954433509411433,1.1329643398938969,1.0405838693660168,1.3495404644874252,0.698446471494202,0.9265760827449123,1.3077746440828637
504991.195440423,504992.193440385,504991.69444040395,504991.245000004,504992.253,504991.74900000205,1.3157904704804686,0.9277990330484052,2.1614501428847417,1.4208693406294228,1.512283079240425,1.8735535166930277,0.8265406552356844,0.7881099742468631,1.0157180218651778
504991.295440419,504992.293440381,504991.7944404,504991.345000001,504992.350000002,504991.84750000155,1.8018783242165752,1.2113905489275425,2.6567023052103056,1.7879839858159339,2.7476333307159315,2.822238621842443,1.06065948197864,1.0816390086715248,1.0467793105702787
504991.395440415,504992.393440377,504991.894440396,504991.426000002,504992.463000003,504991.94450000254,3.003530603533299,2.575818699860396,3.373737195944723,2.0394842708151435,5.453648572469147,5.175011689791726,1.3067556168803411,2.5632724834999316,1.5405162990049845
504991.495440411,504992.493440373,504991.994440392,504991.539000003,504992.544000005,504992.041500004,4.711929125386426,4.64507667482155,3.922668360001421,2.3065539695379007,8.963590701794617,9.070394911551695,1.4549066847300565,5.068520580570553,2.2637211200836154
504991.595440408,504992.593440368,504992.094440388,504991.652000004,504992.641000006,504992.14650000504,5.791177609483083,5.923103942870091,3.7971094607361815,2.524518083581683,10.897910867689072,12.166384004091233,1.3600930173252432,6.967570938963307,2.692730560607852
504991.695440404,504992.693440363,504992.19444038346,504991.749000005,504992.741000001,504992.245000003,5.418863051900896,5.551449964032642,3.2438303245678988,2.5116229348686976,9.656453507657174,11.819040955778506,1.0765946517094835,6.824701879654113,2.667210196938654
504991.7954404,504992.793440358,504992.294440379,504991.849000001,504992.838000003,504992.343500002,3.952905979117526,4.050032427974607,2.9401417833450543,2.3495056156048295,6.10518343251605,8.139205276301443,0.8716903427871967,4.810743736983197,2.3567452174278296
504991.895440396,504992.893440353,504992.39444037445,504991.946000002,504992.935000004,504992.440500003,2.6719091254831087,2.5625803497287567,3.277220866070861,2.6682207408527754,2.8871509458669715,3.9422481512230902,1.2746827671649616,2.459968327634569,2.3032008553228844
504991.995440392,504992.993440348,504992.49444037,504992.043000003,504993.032000005,504992.537500004,2.3168834199861013,1.571562754425564,4.0482038246804155,3.6650582316554687,1.507714008716839,1.5950245066061788,2.281986972366323,1.015020264978127,2.8504967964598924
504992.095440388,504993.093440343,504992.5944403655,504992.155000004,504993.132,504992.643500002,2.550650789213439,0.9961729658584595,4.782081508747437,4.525989391545313,1.5069495695051325,1.059324041914449,3.2184825786873814,0.5608252415572081,3.7553810158921324
504992.195440385,504993.193440338,504992.6944403615,504992.255,504993.229000002,504992.742000001,2.550061024621927,0.6052011941498268,4.815460705705943,4.290383987591842,1.565180582969943,1.0348511097011162,3.329400899781504,0.5154115424709815,4.244598174604261
504992.295440381,504993.293440333,504992.794440357,504992.352000001,504993.342000003,504992.847000002,2.07753365760046,0.46334557413337485,3.9083092105724297,3.0706968155535384,1.2027792567434406,1.1001486294558078,2.559068725465231,0.5947723100532781,3.721148738826581
504992.395440377,504993.393440328,504992.8944403525,504992.465000003,504993.454000004,504992.9595000035,1.4388950274302885,0.537954654226997,2.535246239532545,1.7992724533417566,0.7476383376291943,1.2876150178735721,1.5372491871782963,0.7137130391792371,2.3524712904807106
504992.495440373,504993.493440323,504992.994440348,504992.546000005,504993.551000006,504993.0485000055,1.0732141951794107,0.6755668085352949,1.646009299808746,1.2109023934835736,0.5702451747662637,1.4778517443810304,1.0334461839424924,0.8212794453471284,1.1504125111707564
504992.595440368,504993.593440318,504993.094440343,504992.643000006,504993.651000001,504993.1470000035,1.264789871509393,0.9415975734271926,1.9396994390539883,1.4016428805136845,0.8556893441230489,1.6452980495210214,1.4841787791193064,0.9760222110014612,0.8741906953154408
504992.695440363,504993.693440313,504993.194440338,504992.743000001,504993.748000002,504993.2455000015,1.7291089228393504,1.2161985815527656,2.9007849116056352,1.8347502462657252,1.3617990408441245,1.6752910554846596,2.542854742935708,1.1035200795666478,1.1976727244595364
504992.795440358,504993.793440309,504993.2944403335,504992.840000003,504993.845000004,504993.3425000035,2.06896358275988,1.3267149237197777,3.5844228847899346,2.01043010094358,1.9346713466101448,1.6415331782958904,3.507117297577402,1.1118227691986893,1.4349961609436201
504992.895440353,504993.893440304,504993.39444032847,504992.937000004,504993.942000005,504993.4395000045,2.184503832830189,1.2985036558062655,3.889026462936032,1.8420504545367553,2.660128828020822,1.6671209479240985,3.840227666815893,1.0018594345124143,1.277113212089232
504992.995440348,504993.993440299,504993.4944403235,504993.034000005,504994.042,504993.5380000025,2.189267200126793,1.538061327557438,3.864372755655441,1.5264396124532482,3.4265172962671517,1.8609836845986691,3.3718318547761217,1.0822596994001557,0.8436713703061198
504993.095440343,504994.093440294,504993.5944403185,504993.134,504994.139000002,504993.636500001,2.382187373759389,2.36484602825034,3.6497905701658286,1.4728349313976623,4.089276975820798,2.681142581417025,2.5272745241888575,1.6691549671862034,0.6031784116483963
504993.195440338,504994.193440289,504993.6944403135,504993.231000002,504994.236000003,504993.73350000253,2.699186181474955,3.3065601680149426,3.3251890895935285,1.7153819760687075,4.306546473596979,3.909270403885292,1.8286633259062057,2.434995356637491,0.7668826580964951
504993.295440333,504994.293440284,504993.79444030847,504993.344000003,504994.333000004,504993.8385000035,2.7640336233380833,3.676592471218468,2.862863993291197,1.878085568566506,3.878020966131449,4.59151810735089,1.3666470776344517,2.8193785070270287,1.039162295484676
504993.395440328,504994.39344028,504993.894440304,504993.456000004,504994.430000006,504993.943000005,2.495373392822013,3.550115267885412,2.387239930338084,1.7479608385936856,3.116297615501169,4.170386636242086,1.052423913090872,2.7789320071970103,1.1596309337277833
504993.495440323,504994.493440275,504993.994440299,504993.553000006,504994.530000001,504994.04150000354,2.1834916334734524,3.4313279788959017,2.0566075960232553,1.4957059856102712,2.546962909362311,3.0599029553678276,0.917331855870705,2.672086953990979,1.2880068326663676
504993.595440318,504994.59344027,504994.09444029396,504993.653000001,504994.659000002,504994.1560000015,2.0108439870844377,3.5033980741609407,1.9115852559684372,1.260576229149949,2.334698238467167,1.9602135031460628,0.9089114635498582,2.6345453144264663,1.5728238178066198
504993.695440313,504994.693440269,504994.19444029103,504993.750000002,504994.739999997,504994.24499999953,2.0077020245021,3.513720110143379,1.987861630960015,1.080532932574904,2.4638687588424832,1.3555029381920136,1.0836818985355992,2.4858651159279352,2.09058281084047
504993.795440309,504994.793440273,504994.294440291,504993.847000004,504994.852999996,504994.35,2.0719216256055386,3.276786410189805,2.091377294002627,0.9418109967266302,2.8621227305666954,1.0374963460052076,1.4822308337205774,2.1905013598138354,2.6930470338189294
504993.895440304,504994.893440276,504994.39444029,504993.944000005,504994.953,504994.4485000025,2.405414111801603,3.2114045356273175,2.296163902552898,1.0954289386812954,3.7646105059446953,1.2702601208083828,2.286964202046522,2.090677995653373,3.2278026930983406
504993.995440299,504994.99344028,504994.4944402895,504994.044,504995.049999999,504994.5469999995,3.2632905449161127,3.72460647071376,3.270804598495885,2.001209666253872,5.266732405363792,2.1337157660276915,3.651417149227925,2.385004884851801,3.6728334183941764
504994.095440294,504995.093440284,504994.594440289,504994.141000001,504995.130999998,504994.6359999995,4.238856638184011,4.390273507605762,4.9328008627870865,3.4214711624580123,6.5251570108814585,2.909773600332876,5.045510180911075,2.666646907389542,4.01921987310627
504994.195440289,504995.193440288,504994.69444028847,504994.238000003,504995.258999997,504994.7485,4.566591257501402,4.4429134223075595,6.122095216799542,4.494323570816426,6.436296150580649,2.831153142076486,5.527958274705336,2.4835727686026727,4.194417514122543
504994.295440284,504995.293440292,504994.794440288,504994.335000004,504995.355999996,504994.8455,3.9089917923226913,3.598072810863673,5.71736959413747,4.555353283821537,4.828331207666666,1.9066944847520375,4.731550680219177,1.7910497811699129,4.143512495951055
504994.39544028,504995.393440296,504994.89444028796,504994.432000005,504995.455999999,504994.944000002,2.6817800884843996,2.2885771391530447,3.8820796246670755,3.798948238292663,2.6877939153297614,0.835692228179832,3.278136735022755,0.9654617775349221,3.7175510496951434
504994.495440275,504995.493440299,504994.994440287,504994.532000001,504995.552999998,504995.0424999995,1.6393046699385807,1.267065508602079,1.8751802498048988,3.013762358630476,1.1583959096715972,0.2783983160220815,2.11060046745683,0.472255115540394,2.9387794337802884
504994.59544027,504995.593440303,504995.0944402865,504994.661000002,504995.634999997,504995.14799999946,1.219478228271866,1.089822958664127,0.6654067462732867,2.6669723821928963,0.7140644503948803,0.25112746347135734,1.6066390578582141,0.5764317762141581,2.1853609911060077
504994.695440269,504995.693440307,504995.194440288,504994.741999997,504995.746999996,504995.24449999654,1.223195648980446,1.5717886085625967,0.22168076009225737,2.3537781413224343,1.0276557162983095,0.4030207759623375,1.4139626952073017,1.0250552153203683,1.768623279077964
504994.795440273,504995.793440311,504995.294440292,504994.854999996,504995.843999995,504995.3494999955,1.354680148840416,2.0938029017148287,0.2400410511343819,1.814275570046651,1.6086116830879111,0.5710331643808415,1.2973277513961714,1.4214621666150404,1.790886902347503
504994.895440277,504995.893440315,504995.394440296,504994.951999995,504995.943999999,504995.447999997,1.5744137339402888,2.2306304936952843,0.6285110158148659,1.4356491212202922,2.250280305663768,0.9800544806807923,1.2754939370153604,1.674219413537611,2.1204711038943374
504994.99544028,504995.993440318,504995.494440299,504995.051999999,504996.040999998,504995.5464999985,1.8828273487038056,1.9527932858202095,1.2480493214890025,1.6414314397592191,2.8533551525792684,1.804221114087099,1.3056002871587642,1.864383840754786,2.392784347982096
504995.095440284,504996.093440322,504995.594440303,504995.132999998,504996.122999997,504995.62799999746,2.24400631133764,1.6960970778841165,1.9642352624216235,2.2585119541947516,3.345112525419667,2.691761188500729,1.4323849907089738,2.0936168770940022,2.4703306144772568
504995.195440288,504996.193440326,504995.694440307,504995.260999997,504996.234999996,504995.7479999965,2.7746699404121733,1.8553579834851859,2.929344763889165,3.046893509939181,3.782830032685657,3.2096096172283706,2.0939228998780233,2.470289318468555,2.8091113977232505
504995.295440292,504996.29344033,504995.79444031103,504995.357999996,504996.335,504995.846499998,3.577992661467388,2.3343845031552166,4.278537834668693,4.046313768394406,4.174335011506814,3.232017597311893,3.5473823576187415,2.902450078466912,4.1085201406164265
504995.395440296,504996.393440333,504995.8944403145,504995.458,504996.431999999,504995.9449999995,4.292125063924413,2.625235701422639,5.35307051939382,5.076434317902178,4.305533671381893,2.791734592485928,5.113415506749077,3.094356547576539,5.977219654483223
504995.4954403,504996.493440337,504995.9944403185,504995.554999999,504996.560999998,504996.0579999985,4.4255712284471524,2.652076230701321,5.460834607059806,5.426633085935349,4.110706987808445,2.2415080187041045,5.603165410204687,3.0019354194186803,6.907710067744827
504995.595440303,504996.593440341,504996.094440322,504995.636999997,504996.657999997,504996.14749999705,3.9023611376555922,2.72118702652612,4.560075741996576,4.6385399559002165,3.7285740049362106,2.0081615688967065,4.588841927325431,2.9651831419528767,6.008325733710601
504995.695440307,504996.693440344,504996.1944403255,504995.748999996,504996.754999996,504996.251999996,3.0607033145064477,2.8650960682645152,3.2834999828031832,3.1484305145964915,3.0830715757325047,2.1650615539919076,2.8728104024396517,3.1464581015337663,3.9211983166895603
504995.795440311,504996.793440348,504996.29444032954,504995.845999995,504996.854999999,504996.35049999703,2.353139916329648,2.777645454429532,2.297938832129638,1.9203689305929008,2.376290506479834,2.5434728555257142,1.5334366494883167,3.3301574782045895,2.045808623786656
504995.895440315,504996.893440352,504996.3944403335,504995.945999999,504996.951999998,504996.4489999985,1.9288168067033271,2.219209204200825,1.6905425863085881,1.415135750958546,1.7184478349963754,2.726689223494383,1.000760984544064,3.223970908521683,1.435777960602151
504995.995440318,504996.993440356,504996.494440337,504996.042999998,504997.048999997,504996.5459999975,1.9617819827016065,1.6953841214279888,1.6001103049437329,1.653353600919457,1.4252057641739686,2.771947418918204,1.2999477847438334,3.055197305559968,2.1931095609256994
504996.095440322,504997.093440359,504996.59444034053,504996.124999997,504997.160999996,504996.6429999965,2.3074134692314,1.6296963607890067,2.018627657079062,2.1486590620213066,1.4303616215214665,2.829414294706634,2.094386503468422,2.969919732177902,3.3382425220873992
504996.195440326,504997.193440363,504996.69444034446,504996.236999996,504997.261,504996.748999998,2.5786216950391783,1.8474874065526588,2.484711948434457,2.3211683309154636,1.5641629607068581,2.7310576065420022,2.826547367453,2.8561444179528253,3.997693521756161
504996.29544033,504997.293440367,504996.7944403485,504996.337,504997.342999999,504996.8399999995,2.430683387828182,1.7732302120487589,2.4727257654338426,2.0004672652761197,1.5059086599967793,2.1845178559986054,3.124656481657553,2.354665015062689,4.029295847151111
504996.395440333,504997.39344037,504996.8944403515,504996.433999999,504997.439999998,504996.9369999985,2.110479303539152,1.3925234252174052,2.1481112269086857,1.6907326552487953,1.4701773489818202,1.5442112542562823,3.1977024637194758,1.6525039172269378,3.7878721367538137
504996.495440337,504997.493440374,504996.99444035545,504996.562999998,504997.536999997,504997.0499999975,2.044324698442028,1.1478914654624557,1.9879681621855176,1.8807829262792122,1.763777359198385,1.3874047292888894,3.295324722525292,1.3332809198856894,3.558167302710782
504996.595440341,504997.593440378,504997.0944403595,504996.659999997,504997.633999996,504997.1469999965,2.2922720826344105,1.376505202758696,2.214478184334439,2.3930710124134835,2.3075900813644417,1.7915814924291287,3.3545872110323014,1.5928677869445855,3.307495689798208
504996.695440345,504997.693440381,504997.194440363,504996.756999996,504997.733999999,504997.2454999975,2.711149539391484,1.8960617444527799,2.8123662626306594,2.9267603445651194,2.7993467435548736,2.407743654178033,3.4036715723275255,2.0949559271650076,3.3482900662578734
504996.795440348,504997.793440385,504997.2944403665,504996.856999999,504997.845999998,504997.3514999985,3.2287123059948595,2.262191062714893,3.66207769512963,3.5180659586734184,3.153707229989571,2.8896205329398748,3.6984206157673083,2.425880715158301,4.219734637585882
504996.895440352,504997.893440388,504997.39444037003,504996.953999998,504997.958999997,504997.4564999975,3.753110702884673,2.2159523199334625,4.581897397140039,4.316852817689907,3.2919465783699433,3.025113315278408,4.396667320673052,2.330977585993179,5.865478287999393
504996.995440356,504997.993440392,504997.494440374,504997.050999997,504998.055999996,504997.55349999655,4.097097741293093,1.8185811721466298,5.277863388272946,5.250436483963668,3.3260591090215663,2.753919035452535,5.159176750966279,1.9657620309850627,7.224983959536062
504997.095440359,504998.093440396,504997.5944403775,504997.162999996,504998.156,504997.659499998,4.067639868013218,1.3241080609387221,5.47823494600129,5.967978385176093,3.259843813564573,2.156570636285825,5.486793147850272,1.6034360980319526,7.264153856257024
504997.195440363,504998.193440399,504997.694440381,504997.263,504998.236999999,504997.7499999995,3.731423162919226,1.015041482003887,5.3878681593025455,6.259649694074827,3.048600099111157,1.510992930019606,5.360769526206751,1.3329076563402438,5.935555756294792
504997.295440367,504998.293440403,504997.794440385,504997.344999999,504998.333999998,504997.8394999985,3.4059228147572154,1.1846869865318492,5.415544702709253,6.211644828070522,2.817762196206135,1.235130710952807,5.073075694464858,1.2314837428713505,4.078053656250947
504997.39544037,504998.393440406,504997.894440388,504997.441999998,504998.430999997,504997.9364999975,3.25665448898113,1.9125631835936228,5.481233138278393,5.871050772944124,2.556160843780746,1.530968898490227,4.714152061064251,1.3444096975168338,2.642697316180843
504997.495440374,504998.493440408,504997.994440391,504997.538999997,504998.559000015,504998.04900000605,3.197470642341907,2.8201127688122103,5.141001149128162,5.25235237480116,2.272307594948794,2.2616413586754778,4.147929873401836,1.6909903473259935,1.9934296716416233
504997.595440378,504998.593440394,504998.094440386,504997.635999996,504998.659000002,504998.14749999903,3.022577343714355,3.3271560945760648,4.040630140279513,4.4153621954305375,2.0394632503428762,3.030566406726799,3.221342567979365,2.2769115844567165,1.8291865099229696
504997.695440381,504998.693440381,504998.194440381,504997.736,504998.741000005,504998.2385000025,3.0497200642287376,3.5205817403004986,2.6377329918822348,3.892583938412886,2.625896217311431,4.210120010831604,2.119945554182163,3.6247036257355973,1.7661964351734878
504997.795440385,504998.793440368,504998.2944403765,504997.847999998,504998.838000009,504998.3430000035,3.577035019760264,3.754812245754997,1.7611556828031332,4.022554395404132,4.390294866394065,6.067788906276533,1.2609511910564728,5.718609536531332,1.6401133338614482
504997.895440388,504998.893440356,504998.394440372,504997.960999998,504998.935000012,504998.448000005,4.2863205844988075,4.0029118563743395,1.8703640629878153,4.4564584691743345,6.396216920631585,7.769555890899332,0.919979255590692,7.375236354996396,1.4998418653359675
504997.995440392,504998.993440343,504998.4944403675,504998.057999996,504999.047000016,504998.55250000604,4.268488381070495,3.8022682359041005,2.170895917274916,4.167573720028749,6.9883917925970955,7.651287781845555,0.8591684558699544,7.201332376045553,1.3069887689980333
504998.095440396,504999.09344033,504998.594440363,504998.138999996,504999.147000003,504998.6429999995,3.2676351080075188,3.057304143975945,2.010253215217763,2.9037176812426377,5.68671876973017,5.471075034673312,0.7925949526303337,5.219330037763854,1.0000870288261323
504998.195440399,504999.193440317,504998.69444035797,504998.238999999,504999.244000007,504998.74150000303,2.1374001428806295,2.2045736424811846,1.7351229804583004,1.7134939392306368,3.7587107816543543,2.89799221983505,1.024806992149466,2.9314870140244897,0.8330135732115547
504998.295440403,504999.293440304,504998.7944403535,504998.335999998,504999.34100001,504998.838500004,1.9035498650851177,1.728378378937288,2.1129186194099123,1.8308220837430706,2.806556174468268,1.7713699970865147,2.16399614493622,1.7544835683842233,1.0598739537154445
504998.395440406,504999.393440291,504998.8944403485,504998.432999997,504999.438000014,504998.9355000055,2.6720908490391087,1.6453706136489759,3.3370780262727786,3.3135122322125774,3.2834106241987566,2.242868443462952,4.1620302822675015,1.8078488127975505,1.584607757451776
504998.495440407,504999.493440278,504998.99444034253,504998.561000014,504999.538000001,504999.04950000753,3.638302464227779,1.6915206648848384,4.613064169167607,5.026688642765988,4.248253616550422,3.1257097332124553,5.966607068741763,2.3332791672555966,2.101296651243558
504998.595440394,504999.593440266,504999.09444033,504998.661000001,504999.635000005,504999.148000003,4.0081648564753944,1.6990924485354477,5.003984737985052,5.727753589073413,4.611168956352093,3.4205339555577123,6.44169422929536,2.6949791564625944,2.4661117785414852
504998.695440381,504999.693440253,504999.194440317,504998.743000005,504999.748000008,504999.2455000065,3.448338189883339,1.4813786733425187,4.155706693633787,4.970445540295424,3.7745726255460426,2.829392461373509,5.324858159029776,2.496733869530501,2.5536174963151548
504998.795440368,504999.79344024,504999.29444030405,504998.840000009,504999.845000012,504999.3425000105,2.354526747105883,1.119151995830133,2.6992142337682914,3.3271391854963666,2.2998715434913395,1.7963507529044898,3.457854717647544,1.8740056301976824,2.262625917511215
504998.895440355,504999.893440227,504999.394440291,504998.937000012,504999.958000015,504999.4475000135,1.3559994685546157,0.8773685863623606,1.4930754087559999,1.7386385672631817,1.0819791818468731,0.966520043629769,1.819650427641569,1.25585221880652,1.614911314130653
504998.995440342,504999.993440215,504999.4944402785,504999.049000016,505000.058000003,504999.55350000947,0.8028337843330112,0.9481618778159742,0.9578511513074306,0.7508279362838809,0.47570267318365295,0.6947130792836109,0.7866172596733605,0.9715815283485026,0.8372147687676776
504999.095440329,505000.093440202,504999.5944402655,504999.149000003,505000.155000006,504999.65200000454,0.8998617366143229,1.3573515677004706,1.3012844828471666,0.6069719302408588,0.603195977615361,1.1299614930875497,0.6207280677117903,1.1573957706872462,0.42200460302414
504999.195440317,505000.19344019,504999.6944402535,504999.246000006,505000.25200001,504999.749000008,1.5093721066675159,1.8525319355780652,2.269259537799414,1.1388635352110437,1.3656462230775723,1.9717696675593945,1.402431385197674,1.579980514521865,0.4944940543950972
504999.295440304,505000.293440177,504999.7944402405,504999.34300001,505000.349000013,504999.84600001154,2.0915592396301026,2.053277598267573,2.968784327581628,1.7371157206090153,2.2937710070195054,2.4162960424096176,2.599977322486125,1.863136826262608,0.8001150724047507
504999.395440291,505000.393440164,504999.8944402275,504999.440000014,505000.449,504999.94450000697,2.25378260646158,1.8156041423787728,2.808474300419322,1.9052338183428592,2.9118603450495533,2.099126118794078,3.4558100047236584,1.8469686549998405,1.1871834669845556
504999.495440278,505000.493440152,504999.994440215,504999.540000001,505000.546000004,505000.0430000025,2.109406943991762,1.4616760945058527,2.1662809717320934,1.7029059569152585,3.13801679367441,1.4208478750525306,3.640019589588074,1.6921829304891114,1.6533253399767633
504999.595440265,505000.593440139,505000.094440202,504999.637000004,505000.643000007,505000.1400000055,2.3209326300956965,1.6008283076500063,2.218380162376476,1.920121874576558,3.5532452440456432,1.2049073627227105,3.9568986495233425,1.7426566344994785,2.3704228053713563
504999.695440253,505000.693440127,505000.19444019,504999.750000008,505000.740000002,505000.245000005,3.2199419947553016,2.3785417985332376,3.3939760411528543,3.108640868202632,4.551440498718786,1.7269773673288378,5.14928152648775,2.1373245694146936,3.3133532882036207
504999.79544024,505000.793440125,505000.2944401825,504999.847000011,505000.837000003,505000.34200000705,4.090019853489634,3.115283708042665,4.519867993831999,4.468092373268604,5.421957851408861,2.3757527156623595,6.401596615801646,2.522119301467599,3.8954882684333407
504999.895440227,505000.893440122,505000.3944401745,504999.960000015,505000.937,505000.4485000075,3.895218757193251,2.960360208923764,4.23473611963445,4.5905321485564885,5.0324762454083825,2.3890575624302897,6.117460867339834,2.3615606783912466,3.4755662268615515
504999.995440215,505000.993440119,505000.494440167,505000.060000002,505001.034000001,505000.5470000015,2.641920743927371,2.0198433595926257,2.67529144171324,3.2363206290366655,3.419800649592089,1.767009516255724,4.083342214538535,1.6894890365539754,2.244269104136113
505000.095440202,505001.093440117,505000.5944401595,505000.157000006,505001.131000002,505000.644000004,1.2298123598888173,1.0435078620912626,1.0449723514654192,1.4635014610963881,1.6917900820075975,0.9915878008974355,1.7292920869537696,0.905167416096208,0.9686798185024587
505000.195440189,505001.193440114,505000.69444015145,505000.254000009,505001.243000003,505000.748500006,0.5056335003291372,0.6226168456373893,0.27213225497423654,0.4387850890277167,0.8396319104316976,0.614279586454048,0.5067730720921211,0.4595726587204745,0.29127658529541456
505000.295440177,505001.293440111,505000.794440144,505000.351000013,505001.343,505000.84700000647,0.6333504587720372,0.8335106492991335,0.4217437936164405,0.4680719007786931,0.9977117527302214,0.8548987894957427,0.5906006917786779,0.576900505376945,0.3233655871004434
505000.395440164,505001.393440109,505000.8944401365,505000.451,505001.456000001,505000.9535000005,1.1972045419234698,1.429732622539134,1.067821426125626,1.0060222703888138,1.515557797659878,1.5807606881347884,1.1615201343136579,1.1219125001307928,0.6943088960950659
505000.495440152,505001.493440106,505000.994440129,505000.548000004,505001.553000001,505001.0505000025,1.779638845086962,2.0793053192435664,1.8874296078951498,1.5394164895249611,1.8736489298877235,2.379024119777595,1.6054033026039816,1.730816979993309,1.1420660117694088
505000.595440139,505001.593440103,505001.09444012097,505000.645000007,505001.650000002,505001.1475000045,2.04131563010095,2.3488808968551855,2.529442604894291,1.783468927950497,1.8095048797891955,2.7442148040254573,1.6354453616723508,1.97184168499011,1.507725880630514
505000.695440127,505001.693440101,505001.19444011396,505000.742000002,505001.747000003,505001.2445000025,1.9058843053826737,2.1486856368944327,2.8029070936236673,1.6915609350749117,1.3948736104288724,2.479416288157434,1.3529458935386465,1.69955286210658,1.6771321232368455
505000.795440125,505001.793440098,505001.2944401115,505000.839000003,505001.847,505001.3430000015,1.5017296605513488,1.732132958063566,2.58673668453942,1.3352895636493773,0.8888469030954869,1.7404232056425304,0.9748435505575013,1.197312059293409,1.5582523595695004
505000.895440122,505001.893440096,505001.394440109,505000.939,505001.944000001,505001.44150000054,1.0540504113326317,1.3902599315599553,1.9952973412602584,0.8959236933409724,0.5418882118274319,0.9832499955771222,0.648920317167968,0.8078058046121519,1.169057995315194
505000.995440119,505001.993440093,505001.494440106,505001.036000001,505002.041000002,505001.53850000154,0.7708092492945748,1.095341595137366,1.414441137209982,0.681063115105299,0.49486316614741355,0.5829809132094064,0.5214282249645319,0.6244552009350806,0.7519006416475188
505001.095440117,505002.09344009,505001.5944401035,505001.133000002,505002.138000002,505001.635500002,1.060507207254424,0.9653879509759095,1.6835327681117165,1.2213846035879736,1.0437934868219878,0.9578890954530973,1.0342642097007377,0.7411917727825958,0.8366137706013737
505001.195440114,505002.193440088,505001.69444010104,505001.245000003,505002.235000003,505001.740000003,2.2448175223813642,1.363226179877168,3.4809944046331145,2.756914221069952,2.4232445575087183,2.247877188304149,2.586196429210873,1.2464150584188813,1.8536721400280574
505001.295440111,505002.293440085,505001.794440098,505001.358000003,505002.335000001,505001.84650000196,3.763198424924549,2.1017889420545215,6.00646747495621,4.516003319078846,4.041052447777838,3.7345501960206007,4.53711244674479,1.826610103270483,3.3420024694931056
505001.395440109,505002.393440083,505001.894440096,505001.458000001,505002.432000001,505001.945000001,4.586917192373093,2.5783274865200156,7.503414386459841,5.356923704870239,4.880782265259475,4.317638700304871,5.659483567622618,2.06680777454021,4.331959653407479
505001.495440106,505002.49344008,505001.99444009305,505001.555000001,505002.545000002,505002.0500000015,4.254982264742692,2.530558489897281,6.918933291919048,4.905681564258698,4.4731339468139,3.67308197006612,5.297268288542924,1.9528554670263107,4.288345099417254
505001.595440103,505002.593440078,505002.09444009047,505001.652000002,505002.657000003,505002.1545000025,3.225537509295632,2.247903614940357,4.784122074237341,3.7519645546213973,3.295528526751934,2.479680638533535,3.9200690181711293,1.8230159808391793,3.502015666270183
505001.695440101,505002.693440075,505002.194440088,505001.749000003,505002.757,505002.2530000015,2.206533145020577,2.0495632052996022,2.5362131471973863,2.5694619331406723,2.128695119748611,1.5870693365879096,2.4157125517680225,1.8444385629935334,2.52111130342888
505001.795440098,505002.793440072,505002.29444008495,505001.849,505002.854000001,505002.35150000046,1.7807295816388018,2.2281207536318313,1.3416813125922613,1.7698309806465402,1.7030651507156374,1.6177736129110998,1.509487887018012,2.174594001929554,1.901282953665478
505001.895440096,505002.89344007,505002.39444008295,505001.946000001,505002.951000001,505002.448500001,2.7055133793715767,3.4432340089700113,1.806178370513498,2.072337833497585,3.074382685490603,3.22188057942961,2.127097328281147,3.439399156693579,2.459597072096582
505001.995440093,505002.993440068,505002.4944400805,505002.043000002,505003.033000001,505002.53800000146,5.300847093027178,5.961974841231381,3.728482508062183,4.12980910919148,6.644268611927069,6.60508299413507,4.7853771793636515,5.890456560217918,4.661324940088677
505002.09544009,505003.093440067,505002.5944400785,505002.140000002,505003.145000002,505002.642500002,8.192641847622042,8.421125711740405,5.811936913237616,7.063007274278576,10.58170405765206,10.150483834319594,8.059556822896782,8.221390571337505,7.231929595513805
505002.195440088,505003.193440066,505002.694440077,505002.237000003,505003.245,505002.7410000015,9.055325891324014,8.788237164346107,6.383563235830698,8.494279478659903,11.848376997445975,11.148199824867289,9.374882650258183,8.458166660382744,7.946901118801207
505002.295440085,505003.293440065,505002.794440075,505002.337000001,505003.327000001,505002.832000001,7.100219392885657,6.625159725670705,4.989240215137863,7.090919785846623,9.345529207279696,8.703928582886526,7.667312112862097,6.245299648117948,6.134365865283797
505002.395440083,505003.393440063,505002.894440073,505002.434000001,505003.424000001,505002.929000001,4.170404331678153,3.885742167190254,2.8868469523342632,4.237718813760598,5.678102335892384,5.110496651383949,4.445664591914672,3.7452934940215954,3.3733696469275025
505002.49544008,505003.493440062,505002.994440071,505002.547000002,505003.536000001,505003.0415000015,2.8498902399608723,2.8926756142738728,1.9457815197982296,2.6086432638757904,4.663429170958093,3.6460326885386256,2.114257483656374,3.2864065906076845,1.6418955879783095
505002.595440077,505003.593440061,505003.09444006905,505002.659000003,505003.636,505003.1475000015,3.8785818643449286,3.922130902788062,3.0439431708020557,3.453904260888306,7.187202523643748,5.209071958153192,1.7260050463607,4.86881247291144,1.6175845792119279
505002.695440075,505003.69344006,505003.1944400675,505002.759,505003.749,505003.254,5.842615847683836,5.481751024881274,5.41314706166592,5.585709994226699,10.485576240113554,7.6844232984229395,2.683327730254449,6.63534943503043,2.771641996875427
505002.795440072,505003.793440058,505003.29444006504,505002.856000001,505003.846000001,505003.351000001,6.941452666205992,6.160344031923658,7.315354226742965,6.960857356543237,11.501361326098278,8.516644866709973,3.8831043686823348,7.051438894368489,4.142516258579008
505002.89544007,505003.893440057,505003.3944400635,505002.953000001,505003.927000001,505003.440000001,6.3274852758499165,5.550639259919642,7.264742077179761,6.423430190247635,9.540987952612461,6.86336985171893,4.314423959195329,5.969411955667959,4.692876960257609
505002.995440068,505003.993440056,505003.494440062,505003.035000001,505004.024000001,505003.529500001,4.444807307453969,4.074029268793151,5.320999505333993,4.356267623367911,6.202550073824032,3.930963890708084,3.611623018093947,4.172076625539321,3.8899484539713063
505003.095440067,505004.093440055,505003.594440061,505003.147000002,505004.124,505003.635500001,2.5382800426500824,2.6965487015640583,2.915348009539112,2.214848612495597,3.534815344941695,1.528118267068748,2.428866939877963,2.695067777050715,2.29262668866277
505003.195440066,505004.193440053,505003.6944400595,505003.247,505004.252000001,505003.7495000005,1.5167768742470398,2.1695645000228843,1.3211113232463119,1.1667332778175017,2.2431795361419824,0.4978771412653136,1.6326088685636164,2.0971027905710713,1.0060375563476363
505003.295440065,505004.293440052,505003.7944400585,505003.329000001,505004.349000001,505003.83900000097,1.3528638489260074,2.527822392406782,0.6871745852184337,1.1616765935688393,1.8339089925710788,0.37182456989813784,1.4061407499651981,2.2242985683294427,0.6100643394501483
505003.395440063,505004.393440051,505003.894440057,505003.426000001,505004.446000001,505003.93600000103,1.5370606528646769,3.2081156407158153,0.6216823250853488,1.4968020125695471,1.833629234680975,0.4682070060490943,1.360613557235596,2.52820598347309,0.7792294631079498
505003.495440062,505004.49344005,505003.99444005603,505003.538000001,505004.546,505004.0420000005,1.565827521490607,3.2977483524388616,0.7493120594065936,1.6095822051855313,1.857652521317863,0.4852163347656725,1.2305060549878606,2.3545021625108395,0.9421004813116338
505003.595440061,505004.593440052,505004.0944400565,505003.638,505004.642999999,505004.1404999995,1.3721485658366723,2.6243547343415674,0.9755334804576741,1.4353543773824229,1.7561412025208885,0.3846398100302805,1.1624479886332304,1.6913466178828114,0.947370315444505
505003.69544006,505004.693440056,505004.19444005797,505003.751,505004.739999998,505004.24549999903,1.2385211400483183,1.684006820982767,1.4964197190994186,1.270812513053056,1.631798957035035,0.348018638186842,1.4532724785377829,1.0560000568086294,0.9678399366830143
505003.795440058,505004.793440059,505004.2944400585,505003.848000001,505004.852999997,505004.350499999,1.2997311275289802,0.9626950695203433,2.345413183153479,1.2473216750693998,1.5085703387434393,0.45570659819979453,2.032341115741964,0.7428240531021794,1.1029769867012438
505003.895440057,505004.893440062,505004.3944400595,505003.929000001,505004.933999996,505004.4314999985,1.4955118866204629,0.6518753138723375,3.3849630976791367,1.3156700184832122,1.4793692131798002,0.6518697571922875,2.5856847709945976,0.6565771191516607,1.2380858024106698
505003.995440056,505004.993440066,505004.49444006104,505004.026000001,505005.034,505004.5300000005,1.9771476191530348,0.7924164163416624,4.709357500573793,1.7319375545076352,2.000481251709698,1.0377683755238714,3.376797801866397,0.7401029678576843,1.428319084843536
505004.095440055,505005.093440069,505004.594440062,505004.126,505005.130999999,505004.6284999995,2.949171369859364,1.4036086392675076,6.572235535254185,2.817912232244935,3.349876675287706,1.6791839190042586,4.8699662087971145,1.0477203264008441,1.8528674226183617
505004.195440053,505005.193440073,505004.694440063,505004.254,505005.243999998,505004.748999999,4.18856967784142,2.351146395546542,8.682970024161143,4.288098907084101,5.066862592319545,2.3422618101494947,6.758796058116754,1.5160950171787986,2.502326618174975
505004.295440052,505005.293440076,505004.794440064,505004.351000001,505005.340999997,505004.845999999,4.833496400612936,3.0239268168701225,9.706708704300983,5.112457699038528,5.9535093264142755,2.495181275015166,7.6643976206070015,1.832445456028028,2.879344306629381
505004.395440051,505005.39344008,505004.8944400655,505004.448000001,505005.437999996,505004.9429999985,4.230425468663638,2.8426641082043704,8.49684634754018,4.558892915528208,5.172074840854002,1.9658616021819566,6.532633696663273,1.6728167758960573,2.6016134624410547
505004.49544005,505005.493440083,505004.9944400665,505004.544999996,505005.537999999,505005.0414999975,2.74991380704855,1.9700523402477026,5.552291871611676,2.995799726365442,3.227641227315302,1.2030227918974727,3.956495484769168,1.1333120426937446,1.9606949714878916
505004.595440052,505005.593440086,505005.094440069,505004.644999999,505005.634999998,505005.1399999985,1.4836833734334056,1.0741300343053597,2.7368591952303163,1.618173683564779,1.442826324451128,0.8754885665207996,1.6870153498292215,0.7184518803132837,1.7165219532523577
505004.695440056,505005.69344009,505005.194440073,505004.741999998,505005.731999997,505005.2369999975,1.119471236071067,0.6060623828416456,1.4634878939174485,1.2899171199672326,0.6038623093307802,1.2250929130298363,0.8676723039088778,0.7672428900825029,2.132432075490211
505004.795440059,505005.793440093,505005.294440076,505004.854999997,505005.828999996,505005.3419999965,1.6143978446103753,0.6543127318944237,1.6929920910157426,2.0867623148594014,0.7020923545815259,2.048831711150156,1.6340563270857689,1.2439876944115142,2.8521475318844702
505004.895440063,505005.893440097,505005.39444008,505004.935999996,505005.929,505005.432499998,2.374927462863216,1.0010623375672816,2.433195197798883,3.2529808350163427,1.2883596663962782,2.8267958116451384,3.1834865214321724,1.7888007420906216,3.2247385909590136
505004.995440066,505005.9934401,505005.494440083,505005.036,505006.041999999,505005.5389999995,2.6364890211642216,1.2667133079333728,2.6429728586594154,3.6764159799782377,1.6785328980052143,2.928662915374336,4.113777488473898,1.917407632466246,2.8674290884230533
505005.095440069,505006.093440103,505005.594440086,505005.132999999,505006.138999998,505005.6359999985,2.143281298459969,1.2075211732535354,2.0622853184815666,2.9806029455204115,1.5077550163914641,2.2282990516005716,3.6490959681297803,1.514384320228713,1.9963065940737117
505005.195440073,505006.193440107,505005.69444009,505005.245999998,505006.235999997,505005.7409999975,1.3276515960037871,0.8274232515746048,1.1636809996663118,1.8817969000679282,0.9994097771440902,1.1939629914593852,2.3756906709714056,0.8970675699916183,1.2821806071549533
505005.295440076,505006.29344011,505005.794440093,505005.342999997,505006.332999996,505005.8379999965,0.8670758288192935,0.47832057686055907,0.7028551840889727,1.3416459029970456,0.7148607163748377,0.47776449968696943,1.5463593240048015,0.4745575823345273,1.2002428442066337
505005.39544008,505006.393440114,505005.89444009704,505005.439999996,505006.432999999,505005.9364999975,1.0286450550688713,0.4599945387921258,1.0956097830132083,1.6751312226386865,1.0458414170577797,0.2850777995525698,1.6758697584454176,0.4045768842853737,1.5870590367658077
505005.495440083,505006.493440117,505005.9944401,505005.539999999,505006.544999998,505006.04249999847,1.6384589196364656,0.7304370957286047,2.306837860484526,2.6619102197992244,1.6939856311034576,0.6011170399913103,2.4040772529786283,0.5357522593691768,2.173553997636798
505005.595440087,505006.593440119,505006.09444010304,505005.636999998,505006.642000001,505006.13949999947,2.5825797180651877,1.1805600089186978,4.115804089734203,4.243421607305041,2.1783233631373546,1.7410391463589256,3.3546511918689963,0.8080955285159293,3.0387428086823576
505005.69544009,505006.693440118,505006.194440104,505005.733999997,505006.739000002,505006.23649999953,3.827879711547945,1.6425678728735211,6.1549781213388055,6.43601897385775,2.3784230890001017,3.894881937807492,4.5401306036371345,1.2583409790032978,4.3176961148654565
505005.795440093,505006.793440116,505006.2944401045,505005.830999996,505006.839,505006.334999998,4.874152299771521,1.8587066120306428,7.46709610316087,8.395868784527275,2.3676483931136634,6.106800934885471,5.541173792872669,1.745061457293121,5.51086232028846
505005.895440097,505006.893440115,505006.394440106,505005.931,505006.936000001,505006.4335000005,5.092224508491581,1.7954833737117717,7.3022476569253865,8.904083319047363,2.2627851699586654,6.92406939521337,5.67591176973573,2.0501768024881724,5.823038580852196
505005.9954401,505006.993440113,505006.4944401065,505006.043999999,505007.033000001,505006.5385,4.323810614783545,1.502895619849174,5.818049696010988,7.594115464119,2.0499802157018543,5.782700068312213,4.790800996245403,2.00869752876752,5.043245329262207
505006.095440103,505007.093440111,505006.594440107,505006.140999998,505007.146000001,505006.64349999954,3.0931952724225567,1.180009243954962,4.091284305183349,5.347686418051408,1.6598762175311355,3.656836833425248,3.417141467110958,1.6272771945361253,3.765450499587268
505006.195440107,505007.19344011,505006.6944401085,505006.237999997,505007.227000002,505006.73249999946,2.136722951377159,1.013318816701957,3.1785825698933237,3.49659564100772,1.2360434581196922,1.9888656822974515,2.3283854257985097,1.080825881591469,2.7711661356071513
505006.29544011,505007.293440108,505006.79444010905,505006.334999996,505007.327,505006.830999998,1.683824248486681,0.8699104029235426,3.162515440166233,2.5708122066402135,0.9647102713742541,1.2641871916622696,1.8600406477244353,0.5681730663520654,2.210244761050435
505006.395440114,505007.393440107,505006.89444011054,505006.434999999,505007.440000001,505006.9375,1.4986032609942193,0.6401553890817244,3.275307069508615,2.2196769208177742,0.9193749561094837,0.9700940360106968,1.9017510056542077,0.2578376224977138,1.8046290882735394
505006.495440117,505007.493440105,505006.994440111,505006.546999998,505007.537000001,505007.0419999995,1.3363697842384954,0.40511054130864904,2.9492643899498074,1.9219901631536545,0.9990170282330026,0.8049073850922084,2.0621246747695525,0.15329339414578144,1.395250697255306
505006.595440119,505007.593440103,505007.09444011096,505006.644000001,505007.634000002,505007.1390000015,1.073483233228731,0.2972888255561065,2.096636092333782,1.3970129472039945,0.9901877472095459,0.8184267945980036,1.8834397635164732,0.1675379170103864,0.937335778401555
505006.695440118,505007.693440102,505007.19444011,505006.741000002,505007.734,505007.237500001,0.8525244231599745,0.4732975541878666,1.1755184366196632,0.8529387206317228,0.9228452999516774,1.2473516643740914,1.3213332056331537,0.2969950983734164,0.5299154055082046
505006.795440116,505007.7934401,505007.294440108,505006.841,505007.831,505007.336,0.8587905103638076,0.9178053015463035,0.6880377812373412,0.6103266781067405,0.9758992472694858,1.9842609895478343,0.7502311151317685,0.5522247206317431,0.39153824943924453
505006.895440115,505007.893440099,505007.39444010705,505006.938,505007.944000001,505007.4410000005,1.390897350016775,1.656705551817124,0.8556225718039372,0.9735996701928684,2.1127762497367018,2.906866241951534,0.6703881812794067,1.4173005593296035,0.5339197740230246
505006.995440113,505007.993440097,505007.49444010505,505007.035000001,505008.041000001,505007.538000001,3.0486153407582357,3.317319696799883,1.7751858312976094,2.2410942790323967,6.265230297355968,4.639767449862205,1.306677366465576,3.983977970096693,0.859669835155554
505007.095440111,505008.093440096,505007.5944401035,505007.148000001,505008.138000002,505007.6430000015,5.689846687036223,6.1959902277652965,3.1264169509461923,4.018396401476579,13.07999613552126,7.415710110299712,2.2509865437880143,8.198460663417373,1.2328164630753573
505007.19544011,505008.193440094,505007.694440102,505007.229000002,505008.238,505007.733500001,7.8256646986167,9.094732712866087,4.086978600065755,5.130089486964397,18.48662987805666,9.832307255055028,2.778913297650234,11.76936448918909,1.4263018690863478
505007.295440108,505008.293440092,505007.79444009997,505007.329,505008.350000001,505007.8395000005,7.774095982927889,9.854642778434243,3.915622782993803,4.702729273071974,18.121546518521328,9.748873290964594,2.5012714195651076,11.932770186502715,1.4153116133693522
505007.395440107,505008.393440091,505007.894440099,505007.442000001,505008.432000001,505007.937000001,5.6465191893358675,7.72934571493819,2.958081784167712,3.310994694134119,12.197127037632395,7.110275620991047,1.8146204385443707,8.518123454973898,1.5335847693052094
505007.495440105,505008.493440089,505007.994440097,505007.539000001,505008.529000001,505008.03400000103,3.154220176292501,4.241332942177067,2.1834333171202616,2.2065935496038267,5.254430008503794,3.917049343697335,1.3590301603750594,4.144535761118693,1.9273563277439743
505007.595440103,505008.593440088,505008.0944400955,505007.636000002,505008.657000002,505008.146500002,1.7307598739579584,1.6639744065269162,2.023009162312449,1.8929198973444175,1.320126001181881,2.048634284068439,1.292529582212954,1.39922282709378,2.2056628309228317
505007.695440102,505008.693440086,505008.194440094,505007.733000002,505008.757,505008.245000001,1.1877691630219687,0.5951065084707632,1.9041287858091367,1.682263496854044,0.3330202857972474,1.3314273795644214,1.237885389734287,0.48151755180980527,1.9368039061360443
505007.7954401,505008.793440085,505008.2944400925,505007.833,505008.837999998,505008.335499999,0.9404180326781713,0.41291843740354073,1.5246702166978234,1.1617283722237843,0.6793290520136821,0.936973492931525,1.217679128434674,0.3629768552834569,1.2270687064368833
505007.895440099,505008.893440088,505008.39444009354,505007.946000001,505008.934999996,505008.4404999985,0.8991068357564584,0.555142317169359,1.2216196358756615,0.6988386661613857,1.621575388056353,0.5971833050529876,1.5002123062236277,0.39791072042008185,0.6003723470922115
505007.995440097,505008.993440093,505008.49444009503,505008.043000001,505009.047999995,505008.545499998,1.0979482642075449,0.83404581461876,1.2387590930449408,0.6813039241436971,2.70984959009702,0.4768252318902526,1.986212526092507,0.463554360359101,0.39303557341408096
505008.095440096,505009.093440098,505008.594440097,505008.140000002,505009.148,505008.644000001,1.3371177213344194,1.0490091079092605,1.4303270490964182,1.0663973267718472,3.3947273487619984,0.5586736971769866,2.2554788823003697,0.544196247005179,0.39813211165329543
505008.195440094,505009.193440102,505008.694440098,505008.24,505009.244999998,505008.742499999,1.5473763897907369,1.0771239029370152,1.7934857161709445,1.64159740234986,3.589368080900817,0.9213444432661453,2.256102793677311,0.6816801683034306,0.41830861072037195
505008.295440092,505009.293440107,505008.7944400995,505008.352000001,505009.341999997,505008.846999999,2.01808603261415,1.2087242254864257,2.5195266660296336,2.3017941454583433,3.924942440268101,1.837000002216623,2.566916588758051,1.2464867222397502,0.5392974704562687
505008.395440091,505009.393440111,505008.894440101,505008.434000001,505009.438999996,505008.9364999985,2.938627445048853,2.0063294046699975,3.41927410786944,2.9108792960066667,4.870695731492509,3.2029884812757174,3.48248586268396,2.728710807562404,0.8876558688301331
505008.495440089,505009.493440116,505008.9944401025,505008.531000001,505009.550999995,505009.040999998,4.145479580713059,3.72405363672296,3.9694760863665675,3.3692354646652145,6.333197966743025,4.475770633741937,4.486445275422782,5.242453816878058,1.563203765163926
505008.595440088,505009.593440121,505009.0944401045,505008.659000002,505009.650999999,505009.1550000005,5.276180605065154,5.943876264354408,3.8967887827002943,3.615896733906732,8.20803988293419,5.268771125830204,4.752907181350789,8.21597334932406,2.3071915201205515
505008.695440086,505009.693440125,505009.19444010546,505008.759,505009.747999998,505009.253499999,5.980325256396805,7.762129178641824,3.4847264004885083,3.6162774333111773,10.377492477350346,5.555742435179944,3.9761819390428275,10.493650968352608,2.5764012188072063
505008.795440085,505009.79344013,505009.29444010754,505008.839999998,505009.844999997,505009.34249999747,5.942663017382706,8.277720494336245,3.068596946351435,3.3330968243328924,11.887307046394366,5.331910309828908,2.6747740886668514,10.848262894226078,2.11963553492488
505008.895440088,505009.893440134,505009.394440111,505008.936999996,505009.941999995,505009.4394999955,5.018897095457676,7.251659195200114,2.6281595157522237,2.747582989608624,11.252837763774565,4.474606287710766,1.5991473877027762,8.885122515744118,1.312061108168228
505008.995440093,505009.993440139,505009.494440116,505009.049999995,505010.042,505009.5459999975,3.46022205966498,5.365076739942895,1.9571900246619776,1.9099265715524667,8.196330613145207,3.0170355601979644,0.9779048992260768,5.587143367923128,0.671168700670126
505009.095440098,505010.093440143,505009.5944401205,505009.15,505010.138999999,505009.6444999995,1.9933676640488156,3.7445573287828466,1.2106012432872206,1.1573890434443466,4.372142026263641,1.5117042314274651,0.8220401406095794,2.647229329842335,0.4812779687330917
505009.195440102,505010.193440148,505009.694440125,505009.246999998,505010.251999997,505009.7494999975,1.2260442952224941,2.9150147826358537,0.775134947187943,0.7642078563417414,1.8708575474288418,0.6379437725317552,1.06156726329685,1.1523213252367608,0.6313068671202066
505009.295440107,505010.293440152,505009.79444012954,505009.343999997,505010.332999996,505009.8384999965,1.4290843296276754,2.861917154110646,1.1520961761064072,0.9567190199591892,1.7386436807297567,0.7672068761026888,1.832460903884335,1.2082423632921704,0.9153884628362119
505009.395440111,505010.393440157,505009.894440134,505009.440999996,505010.445999998,505009.943499997,2.2712062039357237,3.338678371605128,2.2648732196899113,1.6315811639747289,3.179421364320298,1.478257197998864,3.0399328351374804,2.065586305580476,1.1713191731789028
505009.495440116,505010.493440158,505009.994440137,505009.552999995,505010.546,505010.0494999975,3.0597234829960085,4.095879651819985,3.3294740790962685,2.313220427912874,4.572640191223541,2.064865542367589,4.005944331367175,2.8504160403951646,1.2453475997854706
505009.595440121,505010.593440159,505010.09444014,505009.652999999,505010.643,505010.14799999946,3.262566842231093,4.359151552724239,3.6960480855307725,2.6329697420374556,4.856094903495842,2.2007637887459737,4.135711774709346,3.003430570996139,1.2163643196089766
505009.695440125,505010.693440159,505010.194440142,505009.749999998,505010.74,505010.244999999,2.907521291399126,3.6454710519503726,3.540094255423404,2.604908159332741,4.111688398887265,2.053550918886443,3.5335000849528058,2.4897818103222624,1.2811756514377157
505009.79544013,505010.793440159,505010.2944401445,505009.846999997,505010.837,505010.3419999985,2.396538501578661,2.3872387925699625,3.4681041654464235,2.4245570205556266,3.112563092174054,1.8839019943860398,2.7560082558153796,1.7111719291797356,1.428762762502064
505009.895440134,505010.893440159,505010.3944401465,505009.943999995,505010.937,505010.44049999746,1.979844500390204,1.486788245733497,3.4651528975311088,2.1105184889454156,2.366285344578978,1.7306501684892277,2.092906603487436,1.1990004531011107,1.3874538012548583
505009.995440139,505010.993440159,505010.49444014905,505010.044,505011.034,505010.539,1.7483501658124956,1.5796412861135922,3.1102215407739227,1.655498277657376,1.9082060333782693,1.6789853351676958,1.6346495175537146,1.2465903950197101,1.1730089408356847
505010.095440143,505011.09344016,505010.5944401515,505010.140999999,505011.162,505010.6514999995,1.825661891420006,2.5478163996427377,2.5415740269378673,1.2887910407104677,1.7653196048443975,1.8668038474853077,1.638681976401963,1.835205889204234,1.121102346133072
505010.195440148,505011.19344016,505010.694440154,505010.253999997,505011.244,505010.7489999985,2.2389932688137035,3.7252776935260403,2.3981662161315027,1.2945244278338381,2.003383852619242,2.224368929951362,2.2042748801960848,2.614368963312687,1.4475811869388697
505010.295440152,505011.29344016,505010.79444015597,505010.334999996,505011.325,505010.829999998,2.6041523434607523,4.330597404386,2.758840597582565,1.5364378909764558,2.3072398443228286,2.3319541516685,2.7323408976312606,3.03007127456203,1.805736686556377
505010.395440157,505011.39344016,505010.8944401585,505010.447999998,505011.425,505010.936499999,2.7186153510397606,4.470531527008976,3.2038860103190805,1.781057225758313,2.5190895209160664,2.09209043882766,2.754469223986487,3.0818344800167017,1.8459643814847984
505010.495440158,505011.49344016,505010.994440159,505010.548,505011.522,505011.03500000003,3.011881618671577,5.072560809001758,3.6544437236391496,2.2044441257000216,3.0702106500808295,2.069129436848649,2.7158943431639955,3.433663966165562,1.8747058947726511
505010.595440159,505011.593440161,505011.09444016,505010.645,505011.635,505011.14,3.877838002234918,6.560132201943988,4.466568263801193,3.043506494957884,4.241077114769736,2.72354221683115,3.279106532310341,4.418455489242913,2.2903157040221442
505010.695440159,505011.693440161,505011.19444016,505010.742,505011.732,505011.237,4.692759189573243,7.634742038744385,5.2449787630895415,3.8057222926783116,5.257112955183095,3.427334362912106,4.111851390335609,5.26078937793627,2.799542335706625
505010.795440159,505011.793440161,505011.29444016,505010.839,505011.829,505011.33400000003,4.525162319772001,6.89419464269086,5.117852851455735,3.7307854316880626,5.144065336274879,3.3252305672981715,4.275395886325981,4.969701549262556,2.7440722931797596
505010.895440159,505011.893440161,505011.39444016,505010.936,505011.929,505011.4325,3.2901177770271195,4.563820708561216,3.826767938579862,2.7255745533182907,3.8655343486414475,2.346691666133287,3.4535474555975334,3.544855396630571,1.994150148754747
505010.995440159,505011.993440161,505011.49444016,505011.036,505012.057,505011.5465,1.8793798475325418,2.2049592988389914,2.1604848079591896,1.5465395118099043,2.3777310254711175,1.2423945066287159,2.369566449777577,1.9590819804579755,1.174281199316864
505011.09544016,505012.093440162,505011.594440161,505011.164,505012.154,505011.659,1.1184461368778513,0.9522341185756428,1.038613444160821,0.8887390370299375,1.5928196704338038,0.6486312941875159,1.8620415768333727,1.0785988797327049,0.885891074069012
505011.19544016,505012.193440162,505011.694440161,505011.246,505012.251,505011.7485,1.069885207709075,0.7659997771400873,0.702426978388499,0.8233392879687873,1.6445766430723723,0.5640400443168827,2.0772522077616005,0.9908756131392291,0.9905711098851421
505011.29544016,505012.293440162,505011.794440161,505011.327,505012.351,505011.83900000004,1.3097456064253494,1.0750523644524244,0.7553769323230376,1.0156818123149518,2.0437363320903783,0.635944729321057,2.488521056486819,1.336889424623281,1.126762199790845
505011.39544016,505012.393440162,505011.894440161,505011.427,505012.448,505011.9375,1.6068380851706983,1.4255178652185352,1.0147903160816434,1.2150573476402222,2.365370986074902,0.8688714020198927,2.7826779716231878,1.7235483782758148,1.4588704144313884
505011.49544016,505012.493440162,505011.994440161,505011.524,505012.545,505012.03449999995,1.960461037909,1.5577040955907864,1.522944465562662,1.3215253991566467,2.5050534851008717,1.306051026551076,3.356883957575656,1.8541621075455004,2.259363766188801
505011.595440161,505012.593440162,505012.0944401615,505011.637,505012.641999997,505012.13949999854,2.3858882332537084,1.410378410247732,2.2273355365401266,1.3336598225750935,2.875181492312896,1.7191796522953346,4.564642882337621,1.7459655047692189,3.2107625649516436
505011.695440161,505012.693440167,505012.194440164,505011.734,505012.738999986,505012.236499993,3.019910002095416,1.3703368768366224,3.0569005315105064,1.4889541692903925,4.66707747302863,2.24061017196287,5.782831472633482,2.0130216783535895,3.539547643147235
505011.795440161,505012.793440179,505012.29444017005,505011.831,505012.838999998,505012.33499999903,3.791888383226007,1.7207918843867656,3.731681813524016,1.914148734026298,8.147478903810876,3.060783930080792,5.891440992544776,3.0247118859145785,2.8440689215199537
505011.895440161,505012.89344019,505012.3944401755,505011.931,505012.935999994,505012.433499997,4.3108595075050244,2.2862500439696216,3.8655635983993246,2.3562969025299454,11.422779846718427,3.872615119320839,4.745222005387518,4.240410767171716,1.697737776542803
505011.995440161,505012.993440202,505012.4944401815,505012.059,505013.032999991,505012.5459999955,4.251607990391508,2.702018009762532,3.3486701995876054,2.5115903449211334,12.07214270799075,4.056458450212557,3.4875472309729334,4.72899238696248,1.1054445927220766
505012.095440162,505013.093440214,505012.594440188,505012.156,505013.129999988,505012.642999994,3.614467108240564,2.671137094705439,2.395963713469337,2.298690026636889,9.584535228106178,3.322559036435111,3.0029615481400223,4.084171913583169,1.5557183048483685
505012.195440162,505013.193440226,505012.694440194,505012.253,505013.23,505012.7415,2.7321707523970202,2.135085884302567,1.4392247146566968,1.910796157178344,5.803949094588814,2.0851598427157594,3.0422369951598247,2.7528684030285624,2.688044927545592
505012.295440162,505013.293440237,505012.7944401995,505012.353,505013.342999996,505012.847999998,2.0147353883126318,1.3500795151258176,0.9303182616353007,1.6256931587437142,2.982348184006896,1.1703696532901238,2.939082531165484,1.5248975356170882,3.5950942669166306
505012.395440162,505013.393440249,505012.89444020553,505012.45,505013.423999993,505012.93699999654,1.5401716735893038,0.6683441902051707,0.887398088501605,1.514514576456195,1.6238742905652792,0.850216096598501,2.4966106540841775,0.7638112806743321,3.516604211629171
505012.495440162,505013.493440261,505012.9944402115,505012.547,505013.53699999,505013.041999995,1.2772351283302599,0.43154022866081954,1.0472454225068248,1.5409573675516504,1.2045787196387598,1.0101469646222454,1.9652577681913224,0.5078830253348144,2.510271530135641
505012.595440162,505013.593440272,505013.094440217,505012.643999997,505013.633999987,505013.138999992,1.242962669386075,0.6432572907558571,1.2137724216463697,1.6686926507909021,1.3106438452823908,1.4061366918594411,1.709517471389091,0.6619417056465846,1.3297392777179633
505012.695440167,505013.693440284,505013.1944402255,505012.740999986,505013.733999998,505013.237499992,1.3908631395541224,0.9993439891851206,1.3989858619104716,1.7468441573488391,1.7533686608920478,1.7201159008322708,1.8704903896291272,0.9608254760169153,0.6769306806181865
505012.795440179,505013.793440295,505013.294440237,505012.840999998,505013.830999995,505013.3359999965,1.523099547626779,1.1799433429741337,1.6755320197075463,1.5948156773461557,2.1882314755872545,1.6734414493734016,2.225213417337834,1.0958025138641903,0.5518164848237155
505012.895440191,505013.893440307,505013.39444024896,505012.937999995,505013.942999992,505013.4404999935,1.4654408046769782,1.0760250824387638,1.9842487111426275,1.195765254711333,2.2655002166126055,1.3680520798936722,2.3096595189370257,0.9897953748139883,0.5344801988658092
505012.995440202,505013.993440318,505013.49444026,505013.034999991,505014.039999989,505013.53749998996,1.27043734991788,0.7675271838543023,2.0183791780980487,0.8200670649465733,1.8783727326456687,1.2852274422991465,1.9095898866945924,0.8312322361679461,0.6531030746367625
505013.095440214,505014.09344033,505013.59444027196,505013.131999988,505014.14,505013.635999994,1.1906531240625653,0.502702616223099,1.7732643707729172,0.8597392320986261,1.4329319803890104,1.647316127445887,1.3634453928678973,0.8398304890242569,1.1059947836788275
505013.195440226,505014.193440341,505013.69444028346,505013.232,505014.236999997,505013.7344999985,1.5263231302730622,0.5928044313028917,1.8929483809986798,1.6070634311841419,1.6351223989235004,2.3139654947222463,1.3300652517983225,1.05145679557388,1.7871588576808357
505013.295440238,505014.293440353,505013.79444029555,505013.344999997,505014.349999994,505013.8474999955,2.2394011639581546,1.1509376801522557,2.8621388438900386,2.7320041268285182,2.64474985366581,2.9341274522132577,2.015819345840569,1.314536361980514,2.260895647094275
505013.395440249,505014.393440364,505013.89444030647,505013.425999993,505014.44699999,505013.93649999145,2.767002326727707,1.8029245754798504,3.9535398982404195,3.328658958680716,3.620848924840452,3.038806617476864,2.7804497332837057,1.3891705155134462,2.2216193903062
505013.495440261,505014.493440375,505013.99444031797,505013.53899999,505014.543999987,505014.0414999885,2.705744207677537,2.043232333560552,4.089482223271219,2.9461450327646856,3.6596105305379023,2.588287441351173,2.9882243124544066,1.2542210393884337,2.076750748091925
505013.595440272,505014.593440387,505014.09444032947,505013.635999987,505014.643999999,505014.139999993,2.3240853826720587,1.8615780242148352,3.1767778643596998,2.1623086265955482,2.9539262541119453,2.000262111354988,2.8240626925478898,1.2342601840111218,2.3795073041804415
505013.695440284,505014.693440389,505014.1944403365,505013.735999998,505014.741000004,505014.238500001,2.171038248945256,1.5929199184567802,2.3064340742488074,1.92612206085718,2.505950834019526,1.7100431566763687,2.966547097924301,1.4486049812631971,2.9116838681158903
505013.795440295,505014.793440379,505014.294440337,505013.832999995,505014.822000006,505014.3275000005,2.355341539040923,1.4265406039192712,2.1952630739449144,2.414817467596711,2.701466026872879,1.8160579859618977,3.4930676632575475,1.666635049359876,3.128884441414288
505013.895440307,505014.89344037,505014.3944403385,505013.944999992,505014.935000009,505014.4400000005,2.393548330618324,1.208298980697834,2.3826413534751025,2.804900590594265,2.840452364007798,1.9181668048681568,3.6536367187703362,1.528669847452401,2.8116199850806955
505013.995440319,505014.99344036,505014.4944403395,505014.041999989,505015.047000012,505014.54450000054,2.138570463114429,1.0885613162856975,2.4478287401904217,2.681150510358255,2.6123991357517453,1.7198333523360598,3.180017694263023,1.2212709978363647,2.157501957893868
505014.09544033,505015.093440351,505014.59444034053,505014.138999986,505015.147000002,505014.642999994,2.10886996832463,1.523517278672742,2.8032481685989685,2.625879443237044,2.610522592266592,1.646134594063913,2.7684991058152857,1.358261245826763,1.534897318115734
505014.195440341,505015.193440341,505014.694440341,505014.238999997,505015.244000005,505014.741500001,2.5654809974663593,2.479053045977904,3.6879725427657597,3.1042475950772905,3.220419785445853,2.0475612946163535,2.9017574593488087,2.03182898154454,1.0510072749543653
505014.295440353,505015.293440332,505014.79444034246,505014.351999994,505015.341000008,505014.84650000103,2.9810644776154316,3.0812389766519392,4.381650667259011,3.7330697494768543,3.7899461550469224,2.520333173739373,3.1782578272311124,2.485981337221796,0.6780379342964442
505014.395440364,505015.393440322,505014.894440343,505014.448999991,505015.43800001,505014.9435000005,2.79787196103677,2.6801649385579664,4.088783296736129,3.8589229499440805,3.49741606837324,2.4682827702095036,3.060384161522758,2.1157470380992986,0.6132744648511829
505014.495440376,505015.493440313,505014.9944403445,505014.545999988,505015.538000001,505015.0419999945,2.165258873057633,1.7953968999574028,3.0898282667679506,3.3391845676370835,2.518353200272061,1.858169377396341,2.519726847663647,1.3245251852050792,0.8768866395614962
505014.595440387,505015.593440303,505015.094440345,505014.645999999,505015.635000003,505015.140500001,1.7359362647062246,1.5095640615975392,2.4663450770142905,2.722422626099833,1.8505618409375155,1.2259334311557333,1.9681348813358759,0.9723609983761614,1.1721672011328477
505014.695440388,505015.693440294,505015.194440341,505014.743000004,505015.748000006,505015.24550000497,1.6886655421515835,1.9840737056983788,2.524769681745297,2.2666247974275437,1.817765529058886,0.956502106996805,1.5122290593149366,1.194192255253057,1.2531672017177633
505014.795440379,505015.793440285,505015.294440332,505014.824000006,505015.861000009,505015.3425000075,1.724727866791775,2.4457772404528546,2.6444629640685102,1.9430923759960914,1.8958212185715817,0.9367665380355836,1.130837745129274,1.4611618074587993,1.339903044621505
505014.895440369,505015.893440275,505015.39444032195,505014.937000009,505015.942000011,505015.43950001,1.6056012262177233,2.2087813634352305,2.1472684547833825,1.7672709542041773,1.6204556459811603,0.8516752250547258,0.9331102772876287,1.445274722609687,1.8709731663857925
505014.99544036,505015.993440266,505015.49444031296,505015.049000012,505016.042000002,505015.545500007,1.384345779170197,1.4655006972699554,1.2427690028335991,1.7315359251015208,1.135454701528172,0.64971604874171,0.9673723679684509,1.2479676682342515,2.6344498216839174
505015.09544035,505016.093440257,505015.5944403035,505015.149000002,505016.139000004,505015.644000003,1.3583447520756415,1.0676287993552005,0.7300619856622856,1.8452555518776055,1.0776584165116971,0.5850441505578374,1.3052009156552205,1.2353595525954226,3.020548644389863
505015.195440341,505016.193440247,505015.694440294,505015.246000005,505016.236000007,505015.741000006,1.637412711867225,1.408310678690865,0.9830890009061966,2.063866436557753,1.6783927095911504,0.7616752019828927,1.8722276584630362,1.5187346762827614,2.8130053324631445
505015.295440331,505016.293440238,505015.7944402845,505015.343000007,505016.33300001,505015.8380000085,2.106241118555401,2.005055518472114,1.924721753035317,2.537220989681588,2.4055169760936312,1.1870664801203024,2.5282264421421936,1.8462937087096474,2.4158270801884134
505015.395440322,505016.393440229,505015.8944402755,505015.44000001,505016.433,505015.936500005,2.973366157719985,2.614722806901712,3.535894798960646,3.828917700173913,3.1401877894906214,2.1536838508441853,3.663278109317985,2.363380930951128,2.4868632751196866
505015.495440313,505016.49344022,505015.9944402665,505015.540000001,505016.546000003,505016.04300000204,4.175770899681116,3.153924486761131,5.239310007173895,5.825475130349814,3.94717879273247,3.541586907173636,5.311039770176506,3.1800453402691247,3.207606762812356
505015.595440303,505016.593440211,505016.094440257,505015.637000003,505016.643000006,505016.1400000045,4.79971825380121,3.250405626432022,5.793491360151667,6.999477496011838,4.272099930638165,4.326353115488772,6.295216473340936,3.6386143272129265,3.822087701133347
505015.695440294,505016.693440201,505016.1944402475,505015.750000006,505016.740000008,505016.245000007,4.1745230392598245,2.6499934290160567,4.6106713920998725,6.238549873192288,3.6583206947493654,3.73922188947767,5.6207998826927525,3.2040046091941403,3.674622543656447
505015.795440284,505016.793440192,505016.29444023804,505015.863000008,505016.852000011,505016.3575000095,2.651782278707746,1.5771371384273558,2.551199715510837,4.053404055950126,2.284893762022066,2.3045111983635573,3.5859104863482956,2.046836300848949,2.8103655721907828
505015.895440275,505016.893440182,505016.39444022847,505015.944000011,505016.952000002,505016.4480000065,1.3487289424873108,0.6447256695274183,1.0196055591290385,2.1634109871761655,0.9777364672593535,1.3306369465468144,1.66543925159537,0.9880656920037127,2.0002109666606147
505015.995440266,505016.993440171,505016.4944402185,505016.044000002,505017.034000005,505016.5390000035,1.2519234634971306,0.5084621336423822,0.7189059570862754,1.9562496357997372,0.6686866234087521,1.6434192143053523,1.3592453400557287,0.8770582713709216,2.2833605323078965
505016.095440257,505017.09344016,505016.5944402085,505016.141000004,505017.131000008,505016.636000006,2.0449528769201057,0.9326390637896737,1.2339458133039878,3.0130604778686134,1.1130628976783767,2.6727147893455947,2.3554927055378525,1.4523663529879391,3.5863409148488063
505016.195440247,505017.193440149,505016.694440198,505016.238000007,505017.243000011,505016.74050000904,2.6646895604664924,1.3096987121538874,1.8256444622364942,3.819478525287059,1.5057962655791977,3.2531771779495084,3.2243404081135933,1.8686522977931608,4.5107286346190385
505016.295440238,505017.293440139,505016.7944401885,505016.335000009,505017.343,505016.83900000446,2.5906471918799427,1.4648862698394827,2.152169012205845,3.513713149750866,1.636612792384077,2.874670265418638,3.1539540189764557,1.8139152139875838,4.115256812476592
505016.395440229,505017.393440128,505016.8944401785,505016.435,505017.456000003,505016.9455000015,2.0118917125347062,1.5387910843927404,2.1771077720245384,2.307311069182414,1.6639368797739005,1.8527481004906083,2.3180345446995387,1.554190134939264,2.683014114774644
505016.49544022,505017.493440117,505016.9944401685,505016.548000003,505017.553000006,505017.0505000045,1.5411643921831841,1.948071419875064,2.179416076622974,1.050874340975703,1.900287545753626,0.9751269448985551,1.4798030345973356,1.5425388914965676,1.2531968832456486
505016.59544021,505017.593440106,505017.094440158,505016.645000005,505017.650000009,505017.147500007,1.7742394229079488,3.238582431386127,2.7766618339315436,0.46961062464226133,2.8708317425762244,0.8943289392581659,1.1516663487688479,2.040237784204625,0.7519956784957942
505016.695440201,505017.693440095,505017.19444014796,505016.742000008,505017.763000012,505017.25250001,3.0570442810411143,5.364144033282865,4.2484952631765065,1.2755165393092835,4.791884283892289,1.8747137938919827,1.6376438738656787,3.056481861103073,2.2074745998072376
505016.795440192,505017.793440084,505017.294440138,505016.854000011,505017.863000001,505017.358500006,5.374624974244299,7.386349941594077,6.066166385455324,4.133530908293936,7.096938379273986,3.7723183583736106,3.4182442449696544,4.561948036663615,6.561503539330191
505016.895440182,505017.893440073,505017.39444012754,505016.954000002,505017.960000004,505017.45700000296,7.859541349553628,8.042510219849671,7.116538940053145,8.157088618118696,8.494238917320635,5.685855197637748,6.3740336351566675,6.071147194522233,12.934918073770234
505016.995440171,505017.993440063,505017.494440117,505017.036000005,505018.057000007,505017.546500006,9.016110736419211,6.802775199139442,6.717630517193717,10.785710032077512,8.030138444007479,6.431795865304437,8.908880679056205,6.524613932544268,17.927341222030634
505017.09544016,505018.093440052,505017.594440106,505017.133000008,505018.15400001,505017.64350000897,8.039374513182466,4.56945249507183,5.285355913469623,10.064191958267912,6.132605929818313,5.576342055021714,9.188989601583927,5.3917650515780915,18.10629310064832
505017.195440149,505018.193440041,505017.694440095,505017.245000011,505018.235000013,505017.740000012,5.628576908018074,2.6922662865629485,3.7825207917497505,6.752367434186847,3.9863624296805984,3.796455997133469,7.123358575768795,3.2945971495217012,13.600686599540479
505017.295440138,505018.29344003,505017.794440084,505017.358000014,505018.335000003,505017.8465000085,3.220237826116805,1.633553902020155,2.67249452952056,3.41661357858423,2.362596016142541,2.192120085981075,4.2907591894944845,1.4908485191118792,7.702916788079518
505017.395440127,505018.39344002,505017.8944400735,505017.458000003,505018.432000006,505017.9450000045,1.7773467551843642,1.329566465300781,1.8933912102735118,1.6723257627927188,1.5880496205229437,1.3343324335405213,2.2407597758731823,0.8182460647598306,3.3421027084114243
505017.495440117,505018.493440009,505017.994440063,505017.555000006,505018.545000003,505018.05000000447,1.227868161659634,1.4347266311552151,1.2588745906082424,1.227292680335997,1.3859583633040962,0.9463413634902942,1.3595443520013717,0.9920317621392809,1.218175550242575
505017.595440106,505018.593440005,505018.0944400555,505017.652000009,505018.642000004,505018.1470000065,1.170723236901274,1.747284068833334,0.8625910553014746,1.2716384942904273,1.549853708640553,0.8119213103119307,1.1651885197456133,1.5153253544825636,0.44198338360429523
505017.695440095,505018.693440002,505018.1944400485,505017.765000012,505018.742,505018.25350000605,1.201526688475508,1.8890056115974887,0.7345774914829636,1.3203325295339527,1.645264689061582,0.7401194095109491,1.169189752039268,1.8131782656558706,0.300545758921991
505017.795440084,505018.793439998,505018.294440041,505017.865000001,505018.854000001,505018.35950000095,1.312034432255421,1.7466766411157864,0.9514473839237768,1.582108170702454,1.6160163239393777,0.829846838421688,1.2588445137493336,1.7290017892839091,0.782333796907043
505017.895440073,505018.893439994,505018.3944400335,505017.962000004,505018.951000003,505018.4565000035,1.9474960102454577,1.8006930554311253,1.8011981542187412,2.7535786956842565,1.963648684014591,1.5252746161250523,1.7495369744819993,1.8156910779997555,2.1703468240081394
505017.995440062,505018.99343999,505018.494440026,505018.059000007,505019.048000004,505018.5535000055,3.3342142757822373,2.5806899395470713,3.3583268817687015,5.039644667589471,3.038514368734819,2.9874648086720414,2.8479031484316972,2.7394640045853413,4.081706386928755
505018.095440052,505019.093439986,505018.594440019,505018.15600001,505019.130000005,505018.6430000075,4.729961457246081,3.6565645764953265,4.755565488701805,7.320906792724339,4.163076741261786,4.469592791408724,3.9380913219394755,4.1691975302403055,5.366696415196884
505018.195440041,505019.193439982,505018.6944400115,505018.237000013,505019.230000001,505018.73350000696,5.035158197888604,4.06093465245985,4.8958594483807705,8.014881220461563,4.306287421691785,4.843135958180829,4.087852937028583,4.975164013027617,5.097149931877832
505018.29544003,505019.293439979,505018.7944400045,505018.337000002,505019.342000002,505018.839500002,4.0313101217986596,3.3907466429679958,3.62747470319083,6.8085897148576855,3.2695434691242737,3.797028155692489,3.226365930448959,4.496775834678774,3.6339565234282687
505018.39544002,505019.393439975,505018.8944399975,505018.434000005,505019.439000003,505018.936500004,2.8243223727810927,2.2418707122762815,2.093780083880888,5.322438375697141,2.0551696262317765,2.4231721750835264,2.5933674421605484,3.354522069208623,2.510258497709954
505018.495440009,505019.493439971,505018.99443999,505018.547000003,505019.536000004,505019.0415000035,2.701062141178272,1.5503579457396974,1.760740870959245,5.328129754829016,1.8692613990994467,2.2773154108738707,3.363528493168767,2.686120332123406,2.7730429226327264
505018.595440005,505019.593439967,505019.09443998605,505018.644000004,505019.636,505019.140000002,3.6580317142513623,1.5947500383092499,2.805832117093596,6.616831071875316,2.864808160739571,3.5941532083312415,5.132179302745505,2.800159150765633,3.8555406641507854
505018.695440002,505019.693439963,505019.19443998253,505018.744,505019.733000001,505019.2385000005,4.688764476833383,1.960122014749415,4.421379124872055,7.650604248996532,4.1470140068610615,5.111712172396949,6.583367621294676,3.053602465601306,4.582314159895072
505018.795439998,505019.793439959,505019.2944399785,505018.856000001,505019.830000002,505019.3430000015,5.0535918460778415,2.1780602665498807,5.831303557582338,7.538940836903896,4.823040126083241,5.560221579655789,7.038133872752377,2.907349184460903,4.551685344634304
505018.895439994,505019.893439956,505019.39443997503,505018.953000002,505019.927000003,505019.4400000025,4.831825019840555,2.15520440049098,6.812140291915606,6.705731911908664,4.706881178244386,4.836020425100072,6.818616599147475,2.469755159993478,4.15025019192378
505018.99543999,505019.993439952,505019.49443997105,505019.050000003,505020.024000004,505019.5370000035,4.292742236844447,1.913136788682964,7.12491777706182,5.761505938908549,4.0272333900691475,3.615122040854728,6.284358031451848,1.9961112989856662,3.61955262874085
505019.095439986,505020.093439948,505019.59443996695,505019.132000005,505020.124000001,505019.628000003,3.5007836946734887,1.5523959955145368,6.350576330579351,4.687935150288494,3.125490251859385,2.540928150684714,5.288300093552413,1.6099416223412386,2.8507019625677756
505019.195439982,505020.193439944,505019.694439963,505019.232000001,505020.252000002,505019.7420000015,2.602293611851663,1.2626839710268396,4.6687444532887,3.4300877907338982,2.4820548812778958,1.8749938339781074,3.9022727762632865,1.393534417144963,1.8039767710996149
505019.295439978,505020.293439941,505019.7944399595,505019.344000002,505020.349000003,505019.84650000255,2.0253874078079184,1.2104203245778908,3.051527578482409,2.5431353566010326,2.434165649009845,1.6223969044866982,2.9345599241589255,1.4295419241711276,0.9773516009754162
505019.395439975,505020.393439937,505019.894439956,505019.441000003,505020.446000004,505019.94350000354,1.949498699201885,1.2895841994718593,2.2191345046352273,2.356627373605575,2.762914366559336,1.5922905014961786,2.8769017158389962,1.5461701000081207,0.9523668319997858
505019.495439971,505020.493439933,505019.99443995196,505019.538000004,505020.546,505020.042000002,2.1533590531895133,1.233295997761387,2.141449714348564,2.551227234689672,3.1761489380637085,1.5891573484857306,3.3086853048330744,1.499354304131801,1.7275535832021687
505019.595439967,505020.593439929,505020.094439948,505019.638,505020.628000001,505020.1330000005,2.768030451200703,1.4617189693640358,2.7191124718529887,3.130687865504577,4.382675100813117,2.2141163339698027,3.6625007841473316,1.8401608474242777,2.733271236529495
505019.695439963,505020.693439926,505020.1944399445,505019.735000001,505020.725000001,505020.23000000103,3.709572828475938,2.3302489247925604,3.4584693746595656,3.952917860139783,6.5435075427037805,3.5741284593520883,3.6233758544515933,3.007399170679353,3.186535441028777
505019.795439959,505020.793439925,505020.294439942,505019.832000002,505020.837000001,505020.3345000015,4.341342601891639,3.480416793311186,3.661008549584062,4.40683195859728,8.287964015197204,4.677083154774469,3.159916444837958,4.33001960090113,2.727500297929824
505019.895439956,505020.893439924,505020.39443994,505019.929000003,505020.950000001,505020.43950000196,3.985458235972745,3.9267388120743423,2.8990342864421375,3.915436606744932,7.856005605175587,4.370166730567711,2.422239762386482,4.548633662862238,1.945410421528528
505019.995439952,505020.993439923,505020.4944399375,505020.026000004,505021.05,505020.53800000204,2.869319141416298,3.2466713400941214,1.64746026733558,2.935024313700447,5.329309526266114,2.8543151648631233,1.8292869214193614,3.3208833161394766,1.7916022815121648
505020.095439948,505021.093439922,505020.59443993506,505020.126000001,505021.147,505020.6365000005,2.14303974358682,2.291421320661031,1.0627820029407784,2.851391008626567,2.846608326152009,1.5982386459425135,1.9580944189649865,1.8311161051391633,2.704666120267513
505020.195439944,505021.193439921,505020.6944399325,505020.254000002,505021.228000001,505020.7410000015,2.4623981019680903,1.8034022566388064,1.449445647878759,4.463309605297605,1.8356659516862677,1.4408627280391126,2.8681162152570896,1.1841454272805323,4.654236983666549
505020.295439941,505021.29343992,505020.79443993047,505020.351000003,505021.341000001,505020.846000002,3.863045058062369,1.8538985735554494,2.4217063312940246,7.778896505600802,2.3750505392069607,2.5204426591162385,4.457199805074774,1.859823552493634,7.637342498157071
505020.395439937,505021.393439919,505020.894439928,505020.448000004,505021.438000001,505020.94300000253,5.74739119821829,2.1488199616097488,3.4891161253850953,11.610504714656297,3.6519918877187822,4.5115856863707,6.26245283358414,3.4354670502370013,10.869191326184552
505020.495439933,505021.493439918,505020.9944399255,505020.530000005,505021.538,505021.0340000025,7.004625796992506,2.451079201014121,4.080734175790531,13.715938861113173,4.727409112226579,6.445880994169329,7.276084417901098,4.864516727925011,12.475362885800202
505020.595439929,505021.593439918,505021.09443992353,505020.630000001,505021.635,505021.13250000053,6.653640435360023,2.577865380217734,3.904996948126527,12.338905054092027,4.767327513666341,6.994387642925945,6.59345262079788,5.097355812524166,10.954832510529563
505020.695439926,505021.693439917,505021.1944399215,505020.727000001,505021.732000001,505021.229500001,5.309725245799364,2.923023099533205,3.9058807772745823,8.697302458711249,4.193120895527329,6.208247765455974,4.932330736417227,4.376534689919486,7.241361543555863
505020.795439925,505021.793439916,505021.29443992046,505020.839000001,505021.845000001,505021.342000001,4.746395337755778,4.006289110076903,5.268845549538381,6.1971475459236105,4.312925446847232,5.440048729200762,4.4045535608102995,3.984899085601145,4.35645367404789
505020.895439924,505021.893439915,505021.3944399195,505020.952000001,505021.945,505021.4485000005,5.735092135813451,5.524017888307901,7.761586183867241,6.6022961781438525,5.582790226095866,5.423016883365586,6.107395098125086,4.547602509663745,4.332032118938333
505020.995439923,505021.993439914,505021.49443991855,505021.052,505022.042,505021.547,6.826714187081182,6.222077242480459,9.370514165575099,7.900159642508273,6.5745231908066835,5.4133738453710105,8.218711063452513,5.05974362242284,5.8546107240325735
505021.095439922,505022.093439913,505021.5944399175,505021.149,505022.154000001,505021.6515000005,6.307709824891678,5.343012767809954,8.320478258467524,7.297719689066039,5.907576503732254,4.590462761739663,8.146009708940504,4.562748390287281,6.293670519090204
505021.195439921,505022.193439912,505021.6944399165,505021.230000001,505022.251000001,505021.740500001,4.564120842526658,4.005663549782487,5.383786258374702,4.735985475891248,4.473893901545281,3.7161642017427536,5.657702550249025,3.7939017584580332,4.745869044169735
505021.29543992,505022.293439911,505021.79443991545,505021.343000001,505022.348000001,505021.845500001,2.992235971953116,3.3743615301725747,2.634286277053353,2.1222691949332786,3.6721734862214923,3.472619134086724,2.6699802740675254,3.603672607263308,2.388525271826676
505021.395439919,505022.39343991,505021.8944399145,505021.440000001,505022.448,505021.9440000005,2.5780583959723904,3.5523541832416328,1.6872503131366399,1.1151675611560685,4.174979691854397,4.019715473982805,1.093712776933375,4.070252445481962,0.9110347219922433
505021.495439918,505022.49343991,505021.994439914,505021.54,505022.545,505022.0425,3.3711988787255533,4.218948574050854,2.8109765075487605,1.8598456582871998,5.658166568402146,5.4977716079579375,1.2605277627746838,4.788444897324144,0.8749094534586985
505021.595439918,505022.593439909,505022.0944399135,505021.637,505022.642000001,505022.1395000005,4.727386060846431,5.18745284533734,4.915426506006408,3.4304719365219207,7.091164670743969,7.654284650830199,2.345318026103098,5.43266928782171,1.7623005634068016
505021.695439917,505022.693439908,505022.19443991245,505021.734000001,505022.739000001,505022.236500001,5.7473069045541925,6.162817267639535,6.305751856631397,4.753828326114013,7.391364002644704,9.335606293735658,3.3995205624466833,5.764900360844773,2.8646665663767754
505021.795439916,505022.793439907,505022.2944399115,505021.847000001,505022.839,505022.34300000046,5.771972239863709,6.585870378861067,6.123571432623348,5.0570027752956435,6.370800753560296,9.162579316854874,3.7690697073998236,5.570564716329394,3.536318837985224
505021.895439915,505022.893439906,505022.39443991054,505021.947,505022.936000001,505022.4415000005,4.809610112331891,6.221235283903697,5.000916822921527,4.219863619262438,4.782869899221609,6.91197292444127,3.2793590039998364,4.73052347410535,3.330139870799398
505021.995439914,505022.993439903,505022.49443990854,505022.044,505023.033000002,505022.53850000096,3.6872398823804007,5.741362486449082,4.282630288719499,2.993681337655145,3.840465606128422,4.024942338725499,2.4486695558055205,3.6504102759365504,2.515757169623488
505022.095439913,505023.0934399,505022.59443990653,505022.156000001,505023.130000003,505022.643000002,3.411076099503998,5.8285746691141735,4.602416989225713,2.787276912287909,3.9976152331927954,2.437207282135633,2.3316300227004216,3.0568374007542136,2.2470502866211275
505022.195439912,505023.193439897,505022.6944399045,505022.253000001,505023.259000003,505022.75600000203,3.8883775533092577,5.770169354752166,4.986824164277651,4.134117545342659,4.157113037916624,2.523948680811778,3.2290811110708226,2.9857194805532705,3.320047051749091
505022.295439911,505023.293439894,505022.79443990253,505022.350000001,505023.359,505022.8545000005,4.370220600710675,4.856478903928598,4.606049545152551,5.9969127746997435,3.701807987785239,3.3813541059013534,4.2790795297370785,3.1234041505281898,5.016677807952647
505022.39543991,505023.393439892,505022.894439901,505022.45,505023.456000001,505022.9530000005,4.010041991255833,3.1147973436101744,3.453805103143446,6.464790820511629,2.600227466045758,3.5328323961011883,4.291553075782522,2.7792772718272674,5.843052453024685
505022.49543991,505023.493439889,505022.99443989946,505022.547,505023.553000002,505023.050000001,2.8720292533012737,1.5777657805768968,2.243609297738625,4.95867292987845,1.4193572954064009,2.651089979982488,3.048869197811614,1.8677003430844006,5.209169201931315
505022.595439909,505023.593439886,505023.0944398975,505022.644000001,505023.650000003,505023.147000002,1.9693212493876748,1.3681914271324749,1.8343190739426471,3.00625912487021,0.9058915257335249,1.8774234122707834,1.62429310091155,1.2002375471038607,3.937954783136348
505022.695439908,505023.693439883,505023.1944398955,505022.741000001,505023.75,505023.24550000054,2.0206126254148575,2.486460481931049,2.466584995069979,2.237373185277056,1.2925264354907668,2.103496220919012,1.1553924910534077,1.4018385531139967,3.0212286404635904
505022.795439907,505023.79343988,505023.2944398935,505022.841,505023.847000001,505023.3440000005,2.581722151385821,3.7447601922910407,3.4709094619069853,2.5075661368234146,2.013944319801579,2.7645478520433975,1.6069108513853843,2.0307888220516754,2.514349574783091
505022.895439906,505023.893439877,505023.3944398915,505022.938000001,505023.944000002,505023.4410000015,2.750394738919228,4.041486065687143,3.9680589370097703,2.5659891091703475,2.3609013325002355,2.7782389255062387,2.034920941356249,2.2482537911046405,2.0053088090191977
505022.995439903,505023.993439874,505023.4944398885,505023.035000002,505024.041000002,505023.53800000204,2.277922741688591,3.345907001216068,3.5788775808499693,1.9581911490829764,2.108236398716567,2.053410174310467,1.8377214970459752,1.9086444219555276,1.43239371033118
505023.0954399,505024.093439871,505023.59443988546,505023.132000003,505024.138000003,505023.63500000304,1.6161046029233415,2.4441061996222917,2.648846803235511,1.232431740544886,1.5496208665715678,1.3053463744260556,1.2405486123364056,1.4400612203341447,1.0678750063158695
505023.195439897,505024.193439868,505023.6944398825,505023.261000003,505024.238,505023.74950000155,1.2102558339847695,2.002667983162217,1.7786140167378446,0.9044368088487938,1.0804774735548488,1.0372313518964478,0.7324009345149765,1.1739959932395343,0.9722221099234931
505023.295439894,505024.293439865,505023.7944398795,505023.361,505024.335000001,505023.84800000046,1.0198829190008056,1.8335058988358874,1.172110131456035,0.8717456262719385,0.7802642711720644,0.9951718515819511,0.48564442790499407,1.0472184879488073,0.9734026568347677
505023.395439891,505024.393439863,505023.894439877,505023.458000001,505024.432000002,505023.94500000146,0.8919763822281339,1.5934210312399504,1.0036073102575949,0.8103624493173176,0.6103429767713457,0.8330088879614178,0.38360326644385756,0.902394966253647,0.9990701695799408
505023.495439889,505024.49343986,505023.99443987454,505023.555000002,505024.543999998,505024.04949999996,0.9245380516219864,1.3066440755318416,1.6768464484359518,0.6743511924832972,0.7967610404212085,0.6483022175187025,0.44745859318624126,0.7233522359710978,1.1225886094275501
505023.595439886,505024.593439862,505024.094439874,505023.652000003,505024.656999994,505024.15449999855,1.1899756090730302,1.0385521789422862,3.1747136765315283,0.5415254213251728,1.5137593879544753,0.5985571893886754,0.8557407393774128,0.5331907729459688,1.2637655061187227
505023.695439883,505024.693439867,505024.19443987496,505023.749000004,505024.756999999,505024.25300000154,1.6828814522142463,0.7361047393893599,5.0929769166134795,0.7481270098186523,2.5050272495688803,0.6183441284291273,1.858502887915387,0.3727434964652962,1.531225189513788
505023.79543988,505024.793439872,505024.294439876,505023.849000001,505024.837999997,505024.343499999,2.5700469933039174,0.42339533332592894,7.172302531225885,2.1890426545771833,3.3688188649504176,0.809133256912811,3.923382237877446,0.3451111288624894,2.3291899386991775
505023.895439877,505024.893439876,505024.3944398765,505023.946000002,505024.934999996,505024.440499999,3.87225793351553,0.20451848626596592,8.809646108368934,5.214601747613966,3.91997105331725,1.369921736632254,7.02060110687339,0.5097197504049635,3.929083478647518
505023.995439874,505024.993439881,505024.4944398775,505024.043000002,505025.031999995,505024.53749999846,5.079130764242812,0.19254389524881937,9.039941821121701,8.52823541756449,4.157030777175142,2.2788453945836276,9.776063702836591,0.9320032195238128,5.728381885888313
505024.095439871,505025.093439886,505024.5944398785,505024.140000003,505025.132,505024.63600000145,5.371400949795978,0.3027350474178591,7.315593871135145,9.965617722038488,4.029836929392372,3.2074827727523147,10.16794239158573,1.5962834133939452,6.3857154506519755
505024.195439868,505025.193439891,505024.6944398795,505024.24,505025.244999998,505024.742499999,4.642082983508425,0.5062613044314563,4.337492912985168,8.738974637488207,3.9929261750907825,3.746450847035338,7.674031322863497,2.752471943696253,5.388054724476704
505024.295439865,505025.293439896,505024.7944398805,505024.337000001,505025.356999997,505024.846999999,3.681352503838458,0.9503796750379895,2.0007659029786535,6.143160183959818,4.48891899328398,3.8179062244066335,3.9716959836472854,4.351868082023725,3.726124985369577
505024.395439863,505025.393439901,505024.894439882,505024.434000002,505025.453999996,505024.94399999897,3.2112549950193663,1.7185169396963813,1.5806377423240396,3.9424795032379487,5.242009724950313,3.5257557350404007,1.2633538241863693,5.692365156354777,2.7249213343646996
505024.49543986,505025.493439906,505024.994439883,505024.545999998,505025.566999994,505025.056499996,3.112767380879901,2.4932711363601605,2.529654040887662,2.840512018040983,5.286270272623269,2.8642737193995416,0.37112952458492676,5.8867777323922175,2.630250602750444
505024.595439862,505025.59343991,505025.094439886,505024.658999994,505025.666999999,505025.1629999965,2.8789367685798433,2.8262921533602317,3.449110572621026,2.470227846164324,4.125965395226017,1.9558033514351632,0.7034576777618777,4.773586642920703,2.7270505091494055
505024.695439867,505025.693439915,505025.194439891,505024.758999999,505025.732999998,505025.24599999853,2.4422543563982284,2.4845117787925153,3.6066825651134105,2.5429090219137453,2.57052291135264,1.1697896838722284,1.579199475952335,3.105788691679501,2.47863072250945
505024.795439872,505025.79343992,505025.294439896,505024.839999998,505025.844999996,505025.342499997,2.0327344689736746,1.7383723396810553,3.229831028083062,2.666301288688101,1.6046609188204484,0.7365368612782252,2.386730039126708,1.772284663626945,2.1271586124848536
505024.895439877,505025.893439925,505025.394439901,505024.936999996,505025.957999995,505025.44749999547,1.7314185306758,1.0677996641721903,2.9559293366064265,2.33811843792024,1.2816030407150496,0.4803751770401091,2.5732199062154537,0.9840103734284478,2.1702923093084836
505024.995439882,505025.99343993,505025.494439906,505025.033999995,505026.058,505025.5459999975,1.5484696009837917,0.7666870270393552,3.185787783068926,1.6355718144041589,1.0957232029804977,0.29448184211461104,2.0651389104872298,0.5317151958535542,2.812651031922001
505025.095439886,505026.093439934,505025.59443991,505025.134,505026.154999998,505025.644499999,1.5121026171440515,0.8026969799359682,3.578401664628272,0.9747329549100752,0.8900355481848787,0.19943370332578317,1.310847735208617,0.4230600653290665,3.917612285629751
505025.195439891,505026.193439939,505025.694439915,505025.246999998,505026.251999997,505025.7494999975,1.5712115996184983,0.9406040354836681,3.7941887877426366,0.5982056670085045,0.8069978136347833,0.21928789241330363,0.805902168226801,0.5977397051047454,4.806766727333544
505025.295439896,505026.293439944,505025.79443992,505025.358999997,505026.332999996,505025.8459999965,1.7631811908020363,1.1703580333206522,4.116538970945665,0.6485629349245634,1.0989167970265856,0.5728222577658466,0.7455427379745347,0.9478746262483276,4.804833168210115
505025.395439901,505026.393439949,505025.894439925,505025.455999996,505026.445999994,505025.950999995,2.293261349765869,1.5337337266375606,5.008233144089073,1.655886860272755,1.7523314639814476,1.407236558355101,1.3330449634652002,1.2864107120724695,4.369213369253343
505025.495439906,505026.493439953,505025.9944399295,505025.568999994,505026.545999999,505026.0574999965,3.2004305577813796,1.864107013611937,6.21062956032005,3.942570877885246,2.497130044564514,2.39432610931747,2.75014986998415,1.4852902934766896,4.459240693090981
505025.595439911,505026.593439958,505026.0944399345,505025.668999999,505026.642999998,505026.1559999985,3.9778537977091024,1.8198935862835457,6.816595054274318,6.521150970599946,2.885518281381603,2.862665168633489,4.306180467557298,1.4616837025350762,5.149143150407543
505025.695439915,505026.693439963,505026.194439939,505025.734999998,505026.755999997,505026.2454999975,4.02154066143134,1.34223391968222,6.311710493445711,7.684948255381265,2.695374787890494,2.587345101431363,4.865440372651505,1.300377188533734,5.384895172434428
505025.79543992,505026.793439967,505026.2944399435,505025.846999996,505026.836999997,505026.34199999645,3.7331086982336554,1.212000004776927,5.385328993611517,7.022846159450316,2.752529434555363,2.7827418502836894,4.135293412402718,1.8101123924673757,4.764017338321336
505025.895439925,505026.893439969,505026.394439947,505025.959999995,505026.937,505026.4484999975,4.660431328366464,2.984009679882244,5.605985630399458,6.339029225152736,5.028010730527994,5.532779151205913,3.2695924680875668,4.3926806603887,4.1313630812870965
505025.99543993,505026.993439972,505026.494439951,505026.06,505027.033999999,505026.5469999995,7.731567962500412,7.1987119697353075,8.017553466967296,7.785015885435161,10.48504843922088,11.114500609344766,3.577283048797192,9.233274414301363,4.441155866201327
505026.095439935,505027.093439974,505026.5944399545,505026.156999999,505027.130999999,505026.64399999904,11.686642594829774,11.939555122449665,12.269833914679046,11.126247396899796,16.881365104254012,16.836885540668927,5.194225759051785,13.842501635808382,5.402526284826569
505026.195439939,505027.193439977,505026.69443995797,505026.253999997,505027.258999998,505026.75649999746,13.904798016943225,14.009139614911586,16.141572006299587,13.879637767030513,19.985351166079575,19.2579139188799,7.065529949542288,14.885326861664645,6.013912851137703
505026.295439944,505027.293439979,505026.79443996155,505026.334999996,505027.355999997,505026.8454999965,13.141034650354214,12.201178448680336,17.05612565362227,14.13398406317616,17.88302857095937,17.46286370604283,8.310236711105329,11.810054143166163,6.270805906081259
505026.395439949,505027.393439982,505026.8944399655,505026.447999995,505027.456,505026.9519999975,10.34439977761546,8.414762641696349,14.165765036610788,11.912607698712975,12.633464682571887,13.093323529795526,8.556473073802318,7.223633070295493,6.755168487438349
505026.495439954,505027.493439984,505026.99443996896,505026.547999999,505027.552999999,505027.050499999,7.232797527404479,5.30661729299745,9.129013470504947,8.548198804689221,7.666525557513931,8.38954913630174,7.6762752304885415,3.850316503883786,7.295884222856215
505026.595439958,505027.593439987,505027.0944399725,505026.644999998,505027.634999998,505027.139999998,4.6953557591885255,3.685350159372589,4.544910203214426,5.331467600299109,4.451319390418458,4.606211911565492,5.810102261850613,2.1820783191500275,6.951406227637489
505026.695439963,505027.693439989,505027.194439976,505026.757999997,505027.731999998,505027.2449999975,2.8036384433026864,2.669470091498131,1.9052146777644436,2.933074180070702,2.4988471727488664,2.199748639837987,3.664736567348988,1.2770126590480229,5.28100355810435
505026.795439967,505027.793439992,505027.2944399795,505026.838999998,505027.828999997,505027.33399999747,1.662538377551833,1.68519022958856,1.18730173009614,1.663847211821241,1.4146594104123773,1.2485347057592393,2.2901120632341527,0.648589550218016,3.1620721192849373
505026.895439969,505027.893439994,505027.39443998155,505026.935999997,505027.928999999,505027.432499998,1.3601470213918958,0.9645222596916225,1.4869886177168068,1.5102208751994706,1.146042928503483,1.1370677058084881,2.203279709446866,0.3672128704336195,2.065841204334809
505026.995439972,505027.993439997,505027.4944399845,505027.035999999,505028.040999999,505027.538499999,1.681949388952788,1.0287179348890243,1.8235559801887784,1.8838518129209711,1.5757811181761823,1.2457289301576848,2.8184595876939524,0.7015111416701587,2.3779886059255513
505027.095439975,505028.093439999,505027.594439987,505027.132999999,505028.137999998,505027.63549999846,2.2219562949430145,1.954258728780359,1.680011454145643,2.1447687267052182,2.3281112141420093,1.4202811833045919,3.243925527490151,1.7155512412530096,3.2887422837231317
505027.195439977,505028.193440002,505027.6944399895,505027.260999998,505028.234999997,505027.7479999975,2.5585701872125934,3.0160373656167545,1.3351580517805062,2.071374762399481,2.9245073728614948,1.7084730375762274,2.9430586486852897,2.7854537289011705,3.6844985298798245
505027.29543998,505028.293440004,505027.794439992,505027.357999997,505028.335,505027.8464999985,2.711127896226313,3.392873961020815,1.5497630733581373,2.0945066575743,3.4050702388843,2.3343803034887367,2.29455345394104,3.304629252187108,3.313246229356066
505027.395439982,505028.393440007,505027.8944399945,505027.458,505028.431999999,505027.9449999995,2.781640004686765,2.8385511542614763,2.3708568248158226,2.4249484320306176,3.947949293490661,3.1110946142902165,1.892303227991619,3.1367712667164236,2.5306452238972854
505027.495439984,505028.493440009,505027.99443999655,505027.554999999,505028.560999998,505028.0579999985,2.7704111102458366,1.8680366101369863,3.0366290247082954,2.8437974626532196,4.179786320071458,3.599804082317797,2.0918019331501765,2.540117984793289,2.0033154641354693
505027.595439987,505028.593440012,505028.09443999955,505027.636999998,505028.658000002,505028.14749999996,3.005410921116934,1.3653989101584487,3.3332496465371104,3.62250617289211,3.959719413973967,3.948238778848311,3.026558705614958,2.178710882584737,2.6089048583258325
505027.695439989,505028.693440009,505028.194439999,505027.733999998,505028.755000003,505028.2445000005,3.8353781145726336,1.7075429720322979,3.9892125409341173,5.158827932216966,3.7663504761616045,4.905276001601255,4.388837258735747,2.4810632388293814,4.285914496069698
505027.795439992,505028.793440007,505028.2944399995,505027.830999997,505028.855000001,505028.34299999895,4.9216829927343255,2.423764142748822,5.240253315636222,6.8798178524816525,3.9648082881881033,6.515331723602011,5.357015132858447,3.162061653613743,5.830411832745603
505027.895439994,505028.893440004,505028.394439999,505027.930999999,505028.952000001,505028.44149999996,5.5656291061619845,2.9437257131470727,6.232188475228145,7.571719330226365,4.366621962780062,7.8774663940841805,5.475086028420534,3.73578511741922,6.322439827990298
505027.995439997,505028.993440002,505028.4944399995,505028.042999999,505029.049000002,505028.5460000005,5.48648619958751,3.1203574112667347,6.0982142267418435,6.8270488444122535,4.431026335603683,7.933139726577517,5.210297532267441,3.9029445325477727,6.368860987282838
505028.095439999,505029.093439999,505028.59443999897,505028.139999998,505029.161000003,505028.65050000045,5.042949711616086,3.2160079413687863,5.090023664404927,5.493407593489819,4.097921223474679,6.610981168544152,5.179873099343808,3.782999449668585,6.872383552633935
505028.195440002,505029.193439996,505028.694439999,505028.236999997,505029.261,505028.7489999985,4.489722022852776,3.225976793053541,3.996282057669963,4.385088719148397,3.616134331626634,4.840189484098386,5.112762275389129,3.489666288479196,7.251676233356963
505028.295440004,505029.293439994,505028.794439999,505028.337,505029.343000001,505028.8400000005,3.6122861124990937,2.8624340982658723,3.044561832387025,3.396618000529673,2.9244584014881703,3.2679949491622677,4.292035087064528,2.8471158221115265,6.263070708983689
505028.395440007,505029.393439991,505028.894439999,505028.433999999,505029.455000002,505028.9445000005,2.5938112105142497,2.4711374786957956,2.2895479084557735,2.4294762734098354,2.1995966162046803,2.222700323421796,2.9211358256375997,2.086721606443159,4.130173651845357
505028.495440009,505029.493439989,505028.994439999,505028.562999999,505029.537000002,505029.0500000005,2.2141520078653034,2.7615412937658403,2.1729812225708476,2.1025941542948883,2.0568895060434893,1.9913931412787613,2.1151289108338136,2.023649974121633,2.4890378600131537
505028.595440012,505029.593439986,505029.09443999897,505028.660000002,505029.649000003,505029.1545000025,2.5810734813086667,3.5879789068203243,2.67154588371442,2.502443901850299,2.4912307798739266,2.265316937481298,2.2360567341317097,2.747468301448789,2.1465464051485665
505028.695440009,505029.693439984,505029.1944399965,505028.757000003,505029.749,505029.25300000154,2.934775670299019,3.97809023654899,3.1883123727585714,2.8999147729062162,2.778397774448233,2.3988408188432238,2.5709129214728326,3.322579233012889,2.3411572324011933
505028.795440007,505029.793439981,505029.29443999403,505028.857,505029.831000001,505029.3440000005,2.9475669336953296,3.5807769900374553,3.851571346246951,2.9899939719596613,2.7268879666754957,2.421949605310761,2.638386540989339,3.1420133767683516,2.2289556715746213
505028.895440004,505029.893439978,505029.394439991,505028.954000001,505029.943000002,505029.4485000015,3.1254376128522674,3.1477348014794817,5.3180334376457274,3.2406905023528925,2.938257828445769,2.8052593718158123,2.808745709652804,2.6823831040396326,2.0623961473860226
505028.995440002,505029.993439976,505029.494439989,505029.051000002,505030.040000003,505029.5455000025,3.5379361840280685,3.0182242309283547,6.956062296500308,3.707574969735556,3.445753757534016,3.3284006958776233,3.161875270540601,2.4953502186960312,2.1902480324120583
505029.095439999,505030.093439973,505029.59443998605,505029.163000003,505030.14,505029.65150000155,3.6419990784806444,2.87303863298033,7.283330810247978,3.8810179464279617,3.581926001214647,3.3741371107120877,3.2475076710886235,2.4797781089173014,2.4152563462562266
505029.195439996,505030.193439971,505029.6944399835,505029.263,505030.237000001,505029.75000000047,2.9619152874725683,2.304087313818737,5.606837210244736,3.2709601733708036,2.8257050985073526,2.6212143065521616,2.646987783758315,2.140049228271389,2.2794811852570507
505029.295439994,505030.293439968,505029.794439981,505029.345000001,505030.334000001,505029.83950000105,1.7883720742371283,1.514881072613466,3.0472422787593842,2.078926523837896,1.5470813029196813,1.5303003298371798,1.5632615936803096,1.402568816750053,1.6227146754990553
505029.395439991,505030.393439966,505029.8944399785,505029.457000002,505030.447000002,505029.952000002,0.8602191281282715,0.9492834589081169,1.2644168990796578,1.039910545952974,0.6231226459520569,0.7055329783910829,0.7228069979205207,0.6811067975339522,0.8955727012878107
505029.495439989,505030.493439963,505029.994439976,505029.539000002,505030.544000003,505030.0415000025,0.4806068339125839,0.6554019461683508,0.6494405427998723,0.5592167475344507,0.3459041923258444,0.3314801180936937,0.44207286872594204,0.2892416621132153,0.5720965935393021
505029.595439986,505030.593439961,505030.0944399735,505029.651000003,505030.644,505030.1475000015,0.4599937725570631,0.4723703041044115,0.5855454261454622,0.5031366362209472,0.4213188087357533,0.3328090698390498,0.4839660972206581,0.22846626626374106,0.6523375719264813
505029.695439983,505030.693439958,505030.1944399705,505029.751,505030.741000001,505030.2460000005,0.63521811848118,0.457339149237785,0.7428768431964512,0.6601374566435902,0.6683136410893975,0.6985775354376846,0.6455057894457064,0.3929020798123057,0.81609245298652
505029.795439981,505030.793439956,505030.2944399685,505029.833000001,505030.837999999,505030.3355,0.9343747664805302,0.6410818541120881,1.0709459172894924,0.9289462460431555,1.016663215249769,1.2372388900421405,0.9788121767478279,0.6510001354405852,0.9503096969191832
505029.895439978,505030.893439957,505030.39443996747,505029.945000002,505030.934999998,505030.44,1.2312672651146581,0.8135184918505578,1.4073910317861291,1.2438126847977986,1.344599811898977,1.5103872970482843,1.509414190622095,0.8895770305628647,1.1314375823505576
505029.995439976,505030.993439958,505030.494439967,505030.042000003,505031.031999998,505030.5370000005,1.3752075980702485,0.7650907142198211,1.4792325278939613,1.526661028250489,1.5400777040181786,1.2622832597464482,2.0203527174098297,1.039595351170592,1.368367481852668
505030.095439973,505031.09343996,505030.5944399665,505030.139000003,505031.132,505030.6355000015,1.2852797019575553,0.5801239554091806,1.1839868529591435,1.5695782756111911,1.4905151982467097,0.7711664939867149,2.1228772001259593,1.1032866049498857,1.4607030343716572
505030.195439971,505031.193439962,505030.69443996646,505030.239000001,505031.259999999,505030.74950000003,1.1132754801521565,0.5915878148642211,0.8343487891828908,1.3166679435707862,1.3093780957283645,0.6069665087809722,1.7879803889031667,1.1998497337816898,1.2594245664051602
505030.295439968,505031.293439963,505030.7944399655,505030.336000001,505031.340999999,505030.8385,1.0613867101595904,0.9126749168071712,0.8166136662499432,0.90715795792388,1.2864324471317015,1.0270604914582422,1.3405966359132373,1.359616877976729,0.8409406878158181
505030.395439966,505031.393439965,505030.8944399655,505030.449000002,505031.437999998,505030.9435,1.483668380006713,1.4767295824007465,1.5635208053608558,0.753212062640656,2.389446370604578,2.280852088835129,1.1320469980191674,1.8221223142488352,0.45141681794373406
505030.495439963,505031.493439967,505030.994439965,505030.546000003,505031.538,505031.04200000153,2.249303457504733,1.889316570230316,2.7914066603044443,0.9883712459163326,4.547455282819909,3.9604745503501477,1.124647518809568,2.4032981739707715,0.2894576576363753
505030.595439961,505031.593439968,505031.0944399645,505030.646,505031.634999999,505031.1404999995,2.897761901899072,2.3144249768551557,3.677115820271088,1.3263413040661376,6.300043972633208,5.056935616419418,1.241981289176017,2.790186250595556,0.4750659851759954
505030.695439958,505031.69343997,505031.194439964,505030.743000001,505031.731999999,505031.23750000005,3.266742646474857,3.5490355056079084,3.8618910130044517,1.4494604217248692,6.420167695963764,5.137288188023641,1.6179836544923467,3.151550610135041,0.9465640828468329
505030.795439956,505031.793439972,505031.294439964,505030.839999999,505031.828999998,505031.3344999985,3.4832970126536713,5.543513305197074,3.5724352056889233,1.4440373156077206,5.140550017362653,4.79394776057794,2.211077534006032,3.721644568806277,1.4391703939827492
505030.895439957,505031.893439973,505031.394439965,505030.936999998,505031.925999998,505031.43149999797,3.620401493452111,6.837153959755499,3.156513048013326,1.7168369986132341,3.606322009772897,4.751472410168495,2.7659591512027863,4.13820294946119,1.9907514206294596
505030.995439959,505031.993439975,505031.494439967,505031.033999998,505032.026,505031.529999999,3.46946492307994,6.289765563043515,2.6776016013463213,2.2096514703959578,2.491954338898056,4.881268588129881,2.82420134557166,3.839858604165251,2.541417873088875
505031.09543996,505032.093439977,505031.59443996847,505031.134,505032.138999999,505031.6364999995,2.998975678108919,4.5404194827279225,2.262925728689751,2.6037872680821152,1.8993395972077467,4.487907751221267,2.4446547618411176,2.9082713043198307,2.8444995307816017
505031.195439962,505032.193439978,505031.69443996996,505031.261999999,505032.235999999,505031.748999999,2.6055126045351495,3.2143754746934654,2.3024352690042678,2.9053260204109197,1.8534782600819504,3.5909893387043654,2.261364554108231,2.1356141641334894,2.5805177551445064
505031.295439964,505032.29343998,505031.794439972,505031.342999999,505032.348999998,505031.8459999985,2.8622383087182,3.144791056535254,3.1625648180730463,3.579079200447067,2.778087776651618,3.297363956801827,2.768904897842263,2.2961901464736223,1.870924616920906
505031.395439965,505032.393439982,505031.8944399735,505031.439999998,505032.449,505031.94449999905,3.4219886999438787,3.403212587615017,4.197829096136038,4.45229814141044,3.8901415582969525,3.767425442679322,3.575837618158393,2.8053399780552626,1.2838251771996059
505031.495439967,505032.493439977,505031.994439972,505031.54,505032.561000002,505032.050500001,3.645971973165161,3.278603114531818,4.604216079829934,4.69463981843856,4.311057563363025,4.23416925317629,3.932417912111092,2.9917827102646335,1.1208893336059367
505031.595439968,505032.593439969,505032.09443996847,505031.636999999,505032.643000005,505032.140000002,3.2740766760989657,2.8434246108987535,4.1721951855904145,3.8227531217061967,3.8791091046551176,3.9544973279189533,3.441530590045588,2.8245128122016823,1.2545906557750186
505031.69543997,505032.693439962,505032.194439966,505031.733999999,505032.740000007,505032.237000003,2.492410224525822,2.2910281676607274,3.137583235284917,2.3136270211954626,2.996999634305478,2.909164374079913,2.3996093924540918,2.555656007822066,1.3356139634039208
505031.795439972,505032.793439954,505032.294439963,505031.830999998,505032.821000009,505032.3260000035,1.6578876348409837,1.6382340872756487,1.9307707209286804,1.0515244432481667,2.05715580467728,1.6742620000674728,1.3942709291241684,2.1868990512407835,1.3299840421656686
505031.895439973,505032.893439946,505032.3944399595,505031.927999998,505032.921000001,505032.4244999995,1.092093520763407,0.9388982631038296,1.1038783136885066,0.5760583292302737,1.2807926982460862,0.8360311873250544,0.9082715813009501,1.5929446370256932,1.4998731561868623
505031.995439975,505032.993439939,505032.49443995696,505032.028,505033.049000003,505032.53850000154,1.0580827824937584,0.47835059307419303,1.0739773617460608,0.886920366573341,1.0638663598325975,0.5323599972559065,1.2975136732884303,1.0640033545027885,2.0676705536767503
505032.095439977,505033.093439931,505032.59443995403,505032.140999999,505033.162000005,505032.651500002,1.4040548652278455,0.31559305702370566,1.543007598777678,1.5082226998963786,1.4428024470681033,0.41439332859423506,2.353893527849756,0.8632089499368635,2.7913173126760444
505032.195439978,505033.193439923,505032.6944399505,505032.237999999,505033.259000008,505032.7485000035,1.7329642517999504,0.31237542567526344,1.8131432382401298,1.8436826067885375,2.011922724358351,0.25695633093342163,3.3068365187389457,0.9680128970839507,3.3507842725810035
505032.29543998,505033.293439916,505032.794439948,505032.350999998,505033.359,505032.854999999,1.8329983370210328,0.30407884172246125,1.7072576169775777,1.7899037784300371,2.185353963094222,0.23645998330284382,3.6724383472137285,1.0291494030244368,3.739344762402955
505032.395439982,505033.393439908,505032.894439945,505032.451,505033.456000002,505032.953500001,1.8188449764533337,0.34418843120033116,1.5466864156837703,1.6482805441797455,1.8381793252143224,0.5316127209003462,3.54473701144631,0.9517497183626307,4.145325644639211
505032.495439977,505033.493439901,505032.994439939,505032.563000002,505033.537000004,505033.050000003,1.9882660038805569,0.8366451548443136,1.7125645853980798,1.7693411029352144,1.4472728982793968,1.1689713880416333,3.2469683609948303,1.1635847251569489,4.560779815394037
505032.595439969,505033.593439893,505033.094439931,505032.645000004,505033.634000006,505033.139500005,2.957406361157738,2.536160355357323,2.8692411623915826,2.83165649435347,2.028338778647325,2.5024801579243316,3.3831808805220227,2.516357905996169,4.991835154069682
505032.695439961,505033.693439886,505033.1944399235,505032.742000007,505033.763000008,505033.2525000075,5.159612448019125,5.4390018816104195,5.59361813212275,5.430180706239856,4.298407676611159,4.858853334369764,4.733633161761263,5.212128563023205,5.71107612841458
505032.795439954,505033.793439878,505033.294439916,505032.823000009,505033.863000001,505033.343000005,7.813720859910563,7.916851988727298,9.115693676357337,8.820096430961284,7.342468999687596,7.494871563291886,7.196319913937257,7.870044950540789,6.753419355781066
505032.895439946,505033.893439871,505033.3944399085,505032.923000001,505033.928000003,505033.425500002,9.318357526530438,8.158596659282699,11.55001903319436,11.064968562651515,9.353780770437712,8.956131420534563,9.419642042952384,8.637328921949077,7.40639280124118
505032.995439938,505033.993439863,505033.4944399005,505033.051000003,505034.025000005,505033.538000004,8.601198915175658,6.019499542227685,11.366161619044359,10.655033384143653,8.924573395145142,8.23643466783313,9.733996738254213,6.9480022031661886,6.9258897715908905
505033.095439931,505034.093439856,505033.5944398935,505033.164000005,505034.138000007,505033.651000006,6.614032572284733,3.559788483014534,9.151680214772975,8.474809734903655,6.6904425531433835,6.2187438134621065,8.169006070309795,4.418915772517161,6.2288739361542556
505033.195439923,505034.193439848,505033.6944398855,505033.261000007,505034.251000009,505033.75600000797,5.681552936742047,3.2775297038323123,7.469144162895654,7.09000373874254,5.037180103241097,5.205210694984642,6.768982374942235,3.445714864437317,7.15865785086058
505033.295439916,505034.293439841,505033.79443987855,505033.35800001,505034.351000002,505033.854500006,6.741172337502544,5.3792042281048715,7.961908211285763,7.786018009424959,5.518655950872162,6.156572717247904,6.973921170649241,4.653378431587604,9.499719980847841
505033.395439908,505034.393439834,505033.894439871,505033.458000002,505034.463000004,505033.960500003,8.817992815335112,7.715565409416644,10.302447172058502,10.021119151934627,7.556897373308371,8.032203345715605,8.865595575304347,6.488429104242362,11.561685390700433
505033.495439901,505034.493439826,505033.9944398635,505033.539000004,505034.545000006,505034.042000005,10.546409980055593,8.28054117589719,13.108479695968455,12.813987303661596,9.654470720398791,9.188517216733283,11.757773249898948,7.199819783600082,12.367690694286388
505033.595439893,505034.593439819,505034.094439856,505033.636000006,505034.642000008,505034.139000007,11.204333107795556,6.884686384510758,15.074373097923582,15.136171856956018,11.194729126892888,9.048886937201068,14.02932110738668,6.507965897837773,11.758530453655679
505033.695439886,505034.693439811,505034.19443984854,505033.765000008,505034.742000001,505034.25350000453,10.998283901951684,4.913972559576312,15.750395992860227,16.24588014745559,12.86889275681932,8.455832889078899,14.197918421158054,5.569726301736518,9.983652146928542
505033.795439878,505034.793439806,505034.294439842,505033.865000001,505034.839,505034.3520000005,10.354105029293873,3.6629302896066003,15.306273003870727,15.634507058212163,15.030365507638859,8.339728392284847,12.098968693320654,5.502953273846725,7.2571140155704015
505033.895439871,505034.893439805,505034.394439838,505033.930000003,505034.936,505034.4330000015,9.36091325977353,3.390228665253687,13.754306906473406,13.279005661318255,16.45695119317636,8.576007842644113,8.943190876873855,6.151593833413315,4.3360210990352535
505033.995439863,505034.993439804,505034.4944398335,505034.027000005,505035.064000001,505034.54550000303,8.009817955840399,3.8034164722295722,11.114712800739966,9.88391208777568,15.561112796759694,8.49390471753262,6.263381599819741,6.4907176037191885,2.4673855681467356
505034.095439856,505035.093439804,505034.59443983,505034.140000007,505035.130000001,505034.63500000397,6.4406641887402305,4.727977645275506,7.871648978035653,6.488648670135001,12.406709954467306,7.68128686697175,4.45203363700345,6.115312955408381,1.7816948026247903
505034.195439848,505035.193439803,505034.6944398255,505034.253000009,505035.23,505034.7415000045,4.910627620774626,5.741749697880337,4.864475759970555,3.884894365640081,8.599167977707804,6.281329910219865,3.0747417959914145,5.4857279451809005,1.3529335136060567
505034.295439841,505035.293439802,505034.7944398215,505034.353000002,505035.342,505034.84750000096,3.770396751360156,6.145065198312312,2.90069303121647,2.5327992813586486,5.705885572900836,4.781396713512848,2.1699942755073742,5.056366106146259,0.8709738319265012
505034.395439833,505035.393439801,505034.894439817,505034.465000004,505035.455000001,505034.9600000025,3.0488580871990187,5.406867708885469,1.987956005782919,2.2570307167775594,4.047944555543008,3.459026735894919,1.9504243956451794,4.570398237438763,0.7112163416243308
505034.495439826,505035.493439801,505034.9944398135,505034.547000006,505035.552000001,505035.0495000035,2.4622300084919546,3.676395240063769,1.4677835715562717,2.3969689192248986,2.997085944043121,2.349458160788826,2.1335286084974285,3.517181943659354,1.1594376801019686
505034.595439819,505035.5934398,505035.0944398095,505034.644000008,505035.652,505035.148000004,1.9592513480809701,1.8713865264092906,1.0096668109506273,2.4897686491149367,2.2809360852593863,1.5979493461641232,2.329446200342523,2.1427819618647663,1.9520752045421084
505034.695439811,505035.693439799,505035.194439805,505034.744,505035.733,505035.2385,1.613915126756878,0.8542437920519237,0.7192178075016389,2.318211721348548,1.826908583453039,1.240056449765002,2.269121669174666,1.1702969762475868,2.513264014512621
505034.795439806,505035.793439799,505035.2944398025,505034.841,505035.83,505035.33550000004,1.4373837965946712,0.712133198199705,0.9632554700012321,1.9358541297418106,1.5299021963408348,1.1974346865909837,1.9065233050840618,0.85829988029565,2.3956675065030915
505034.895439805,505035.893439798,505035.39443980146,505034.938,505035.927000001,505035.4325000005,1.5153412346798918,0.9356313222276856,2.078814277942548,1.8159746990171184,1.3955984160161052,1.5726710589973973,1.6362346243612866,0.923404572230534,1.7644009066464603
505034.995439804,505035.993439797,505035.4944398005,505035.066000001,505036.024000001,505035.545000001,1.9997197155666409,1.285516523878829,3.870719969112474,2.355340608029011,1.5814376645888657,2.6303944232367407,1.8505658288327096,1.239755502732084,1.1840272041224136
505035.095439803,505036.093439797,505035.5944398,505035.132000001,505036.124,505035.6280000005,2.6400949356159273,1.6988526063534835,5.223796983863198,3.2007679133916205,1.911555076108732,4.015222660260652,2.315208923182407,1.7474571384945357,1.0078981832727896
505035.195439803,505036.193439796,505035.6944397995,505035.232,505036.252,505035.74199999997,2.862995753745322,1.9233509908704567,5.133224465453868,3.656544499885221,1.8786412789551759,4.752028408257074,2.366542583679667,2.1065557764613687,1.0870780263997426
505035.295439802,505036.293439795,505035.79443979845,505035.344,505036.349000001,505035.84650000045,2.439848645987965,1.6907055714156423,3.778998682045841,3.5392808559532627,1.3123705821764422,4.245258194126705,1.8002973211037903,1.9562494913713797,1.1956284697106587
505035.395439801,505036.393439794,505035.8944397975,505035.457000001,505036.446000001,505035.951500001,1.7562430598284637,1.1706952304396494,2.2194046557946936,3.1736632405332195,0.7078637359785637,2.883657346883591,1.0975582466784637,1.438511274354691,1.358590747964838
505035.495439801,505036.493439794,505035.9944397975,505035.554000001,505036.546,505036.0500000005,1.4093934723310237,0.8082488181506099,1.371386230398489,2.893311456268731,0.7370661558255055,1.716370627175848,0.9253546464497572,1.0952570171728717,1.7281528272063782
505035.5954398,505036.593439793,505036.0944397965,505035.654,505036.659,505036.1565,1.595089120994316,0.8349994748472873,1.2432873314302653,2.7417897414114494,1.5297752585099906,1.3405164102719151,1.4166656159999187,1.365239114408547,2.288440021075155
505035.695439799,505036.693439792,505036.1944397955,505035.735,505036.756,505036.24549999996,2.021719681637372,1.0005544723433042,1.4634718660544477,2.7034003854161677,2.4702203105043608,1.5804890233169127,2.15739780587948,1.9810999720037488,2.817123617580553
505035.795439799,505036.793439792,505036.29443979554,505035.832,505036.837,505036.3345,2.170407947338939,1.0057024449318162,1.5303946847510324,2.60853628726897,2.780357456922099,1.7209732853361273,2.487457755142139,2.298520248640975,2.9313214157183545
505035.895439798,505036.893439792,505036.394439795,505035.929000001,505036.949999998,505036.4394999995,1.8785598484332233,0.9426921204230219,1.273141017215306,2.230139935317002,2.2778643566269645,1.4552276380238554,2.147342657558407,2.080005213056631,2.6220658492445987
505035.995439797,505036.993439793,505036.49443979503,505036.026000001,505037.05,505036.5380000005,1.4541803456071727,1.069060527199821,0.8815277823974592,1.5789487242962927,1.4894422337946196,1.032374162959319,1.5241198237880298,1.7380852936886966,2.3198842167331444
505036.095439797,505037.093439794,505036.5944397955,505036.126,505037.146999999,505036.6364999995,1.3464343633470195,1.5166707236841872,0.6728564453781245,1.0528060860279016,1.0594979574962626,0.9781379324465495,1.1680749942686501,1.8591272055443393,2.4643035619301417
505036.195439796,505037.193439795,505036.6944397955,505036.254,505037.243999999,505036.7489999995,1.554819827426034,2.015341169298161,0.6727890903038727,0.878064739715122,1.0437937668715551,1.4089216891478658,1.1499853317586908,2.367291795755819,2.902371036557186
505036.295439795,505037.293439797,505036.794439796,505036.351,505037.340999999,505036.84599999955,1.6289082840707831,2.1219354634223375,0.6383345625826384,0.8131246533855225,1.0063481286473488,1.9015327311645216,1.102311740061781,2.565611384815852,2.8820676084862638
505036.395439794,505037.393439798,505036.894439796,505036.448000001,505037.437999998,505036.9429999995,1.3046904340702867,1.6819034006362432,0.46359184287679306,0.5961387874100119,0.7322874071189112,2.011546066568257,0.8098053179230722,2.049605259220559,2.092645390808447
505036.495439794,505037.493439799,505036.9944397965,505036.561000001,505037.538,505037.0495000005,0.815830105295501,0.9694606243909569,0.28468343297779874,0.3500622501703461,0.4333093772061388,1.6403536079660546,0.5348341027633496,1.189494065426276,1.1244433814630865
505036.595439793,505037.593439801,505037.094439797,505036.661,505037.634999999,505037.1479999995,0.46975038947686387,0.41816259594860805,0.20069592703857403,0.24108622370350075,0.3018531750145733,1.0180179473838107,0.5052068636281533,0.5189600666821035,0.5540203164155872
505036.695439792,505037.693439802,505037.19443979696,505036.758,505037.731999999,505037.24499999953,0.36856790843183207,0.29242805148794454,0.19235603618621588,0.22663299902468925,0.4743019793505841,0.5106394246378766,0.5889867502090803,0.28618117532367304,0.3770168512345927
505036.795439792,505037.793439803,505037.2944397975,505036.839,505037.828999999,505037.33399999945,0.5056958309094781,0.6017663215837096,0.2045133525610684,0.22894300354664748,1.2026080438650537,0.3795686377844274,0.5680936733139037,0.5310350464120023,0.3290385682090125
505036.895439791,505037.893439805,505037.394439798,505036.951999998,505037.929,505037.440499999,0.8977919111575341,1.2436924176175923,0.22952329773250932,0.30556899894488077,2.7370317645663826,0.6913439454115209,0.39820709742224214,1.3145326571868838,0.26243511037826095
505036.995439793,505037.993439806,505037.49443979945,505037.052,505038.057,505037.55449999997,1.468521513859459,1.9637369791075117,0.3455781813901528,0.6489054098953484,4.56537777907889,1.316997393341527,0.2329622603816005,2.3953864392648847,0.27922766841575525
505037.095439794,505038.093439807,505037.5944398005,505037.149,505038.169999999,505037.6594999995,1.9884884759882449,2.330286527458189,0.6455449901386824,1.3990145945261325,5.5035951403933545,2.0041201714180366,0.315283386730725,3.1367925499690577,0.5732704472717811
505037.195439795,505038.193439808,505037.6944398015,505037.245999999,505038.250999999,505037.748499999,2.2993940337032326,2.2445292765086866,1.0728305937236065,2.3962994595136333,4.923316402651549,2.5397535051798465,0.7422029385104375,3.2319209135529707,1.2442991799851297
505037.295439797,505038.29343981,505037.79443980346,505037.342999999,505038.347999998,505037.84549999854,2.4079430820358896,2.0980474575702397,1.4027208434610756,3.15959497989485,3.4440857438657364,2.880830519408169,1.277917499817759,2.9577912846189798,2.0425563276503085
505037.395439798,505038.393439811,505037.8944398045,505037.439999998,505038.448,505037.94399999897,2.3028173886177417,2.157238743323725,1.3877246190205703,3.208974680616961,2.1326407324116827,2.9720048487004225,1.505936353052887,2.652177823666012,2.405841308149673
505037.495439799,505038.493439812,505037.9944398055,505037.54,505038.544999999,505038.0424999995,1.9345333030194527,2.182569510576081,1.0536673571768307,2.524826417487337,1.3992401940022554,2.7683127220886554,1.246497623240606,2.2677358267043113,2.0334167728795443
505037.595439801,505038.593439814,505038.09443980746,505037.636999999,505038.641999999,505038.139499999,1.3810233802744456,1.7782359957406575,0.7142873069619153,1.6277879140095028,0.9355747244637972,2.2679217742716213,0.7760506166216707,1.6121917151664877,1.3361369949599122
505037.695439802,505038.693439815,505038.1944398085,505037.733999999,505038.738999999,505038.236499999,0.9187032310337999,1.0435382860992037,0.7214733748515372,1.0820937188282471,0.5610516709915141,1.608459681804673,0.5397004239924299,0.849650620161281,0.9436580715415133
505037.795439803,505038.793439817,505038.29443981,505037.830999999,505038.839,505038.3349999995,0.7909399262460135,0.5238162534578187,1.1090558463400488,0.987914669662607,0.5348955709840887,1.0628789644718588,0.6797767713867595,0.44381715140719524,0.9853641822577319
505037.895439805,505038.893439818,505038.39443981147,505037.931,505038.936,505038.4335,0.835740271336219,0.38489628015130933,1.485400176479689,0.9842285286659435,0.8029300947136281,0.6954435864796564,0.9376768431003848,0.3837399266019085,1.011606734497232
505037.995439806,505038.993439819,505038.4944398125,505038.059,505039.048999999,505038.55399999954,0.8180994568372454,0.38866976895089855,1.476199508936682,0.8709062064115858,1.0259393934966163,0.45736187763485286,1.10446302055801,0.42004399478170024,0.8012118839276172
505038.095439807,505039.093439821,505038.594439814,505038.171999999,505039.129999999,505038.650999999,0.7266331192248676,0.37558135646586477,1.1268889149766967,0.8006981041418471,0.9886471613128436,0.3595358494292734,1.156401029036643,0.4659492390517416,0.5393632993840315
505038.195439809,505039.193439822,505038.6944398155,505038.252999999,505039.258999998,505038.7559999985,0.8932017749097236,0.6093071132769279,0.9280415643712879,1.221667994754956,1.0867512805236397,0.5569104402668997,1.2889169659795758,0.8119949381860376,0.642023901918464
505038.29543981,505039.293439823,505038.7944398165,505038.349999998,505039.359,505038.85449999897,1.7791283025210145,1.4375736317651693,1.5184025702701842,2.4706172254269374,2.0886197798890223,1.4244521925620135,1.84744498957076,1.8143025935485377,1.6316134371354916
505038.395439811,505039.393439825,505038.894439818,505038.45,505039.439999999,505038.9449999995,3.3804850881647015,2.6963657148792226,2.9486324104734623,4.314978970207746,3.9742909644387803,2.9047091268532266,3.0770433228187524,3.2330953024326154,3.8947648932138073
505038.495439812,505039.493439826,505038.994439819,505038.546999999,505039.536999999,505039.04199999897,4.823499924859492,3.602175721405966,4.251030866921779,5.711877329302608,5.4676089602109545,4.065349648528344,4.515694031037993,4.174603061767102,6.799659779701189
505038.595439814,505039.593439828,505039.09443982097,505038.643999999,505039.649999999,505039.14699999895,5.067160510539756,3.5190425188541763,4.368240570470191,5.679277919949449,5.328218085937925,3.9876037972642537,5.142651241041184,3.924146446531176,8.588103504269686
505038.695439815,505039.693439829,505039.194439822,505038.740999999,505039.75,505039.2454999995,3.9300093610761646,2.634528888835062,3.1654464685769117,4.217418156944912,3.6664434916398068,2.7601455529825185,4.345728796346487,2.7013497022069606,7.949013831076661
505038.795439817,505039.79343983,505039.2944398235,505038.841,505039.847,505039.34400000004,2.2712036992953673,1.6653567258461561,1.5814360494283557,2.3152155663607075,1.764042788629136,1.3971014120858412,2.66474262385317,1.395762797248225,5.385971630911344
505038.895439818,505039.893439832,505039.394439825,505038.938,505039.943999999,505039.4409999995,1.066774788989366,1.0803031187399963,0.6222950413778204,0.9695521294623302,0.6674581203305927,0.6709207901563832,1.2211954765007111,0.6292496604217074,2.6732239749253854
505038.995439819,505039.993439833,505039.494439826,505039.050999999,505040.040999999,505039.545999999,0.5741415449973781,0.7705798703704148,0.43106772310049,0.4534006542880021,0.3922349185963149,0.49427516397394267,0.5834002608959328,0.35057489435169575,1.1175988744022323
505039.095439821,505040.093439834,505039.5944398275,505039.131999999,505040.152999999,505039.642499999,0.5244203726551446,0.54536793720991,0.6494365052264505,0.4544567276554817,0.5258491431879622,0.531723381668668,0.5246970225086741,0.2839287308016362,0.6799035329823754
505039.195439822,505040.193439836,505039.694439829,505039.260999998,505040.253,505039.75699999905,0.7083995657252988,0.49819498629312187,0.9935524526836634,0.7098264790922892,0.9000383728688068,0.7366837275160951,0.6490082737708902,0.4371176337945208,0.7427745997830035
505039.295439823,505040.293439837,505039.79443983,505039.361,505040.349999999,505039.8554999995,0.9751723256269534,0.7134655395123015,1.3604429035073715,0.9979294651287369,1.277562828665391,1.0484538267269283,0.7610910045574597,0.7538162888628748,0.8886167480545643
505039.395439825,505040.393439838,505039.8944398315,505039.441999999,505040.446999999,505039.944499999,1.145909202187522,1.0794408856075823,1.6478575449700341,1.0974265571104602,1.4354864235236633,1.2159206927290367,0.7870252967099461,1.0288389930912891,0.8752772237581627
505039.495439826,505040.49343984,505039.994439833,505039.538999999,505040.543999999,505040.041499999,1.110909267471431,1.3997472911526074,1.691560261491057,0.9423364792139268,1.2970424318733764,1.0926475864785623,0.704421498273796,1.1141185473104227,0.6454000439776985
505039.595439828,505040.593439841,505040.0944398345,505039.651999999,505040.656999998,505040.15449999855,1.0079947864563399,1.6558176799820492,1.5434684447492697,0.7532090619562642,0.9906210128450115,0.9502568876209554,0.6342082036338816,1.1944781515622958,0.3418988493009917
505039.695439829,505040.693439842,505040.1944398355,505039.748999998,505040.757,505040.252999999,1.2657763263960122,2.3770071119647382,1.4938234680691589,0.7442520957086705,1.224803897200643,1.4916579995693597,0.6655768253820883,1.9834441170902566,0.1456450961831821
505039.79543983,505040.793439843,505040.2944398365,505039.849,505040.838,505040.34349999996,2.982370552604291,5.282893698044946,2.488793473337786,1.3734603577225104,4.161340876506644,4.12562535883878,1.1253387643148578,4.962633306903699,0.33887858516510383
505039.895439832,505040.893439843,505040.39443983755,505039.945999999,505040.935,505040.4404999995,6.724940947778539,11.168451518211665,5.262187027410542,3.068491843176897,11.045626688476933,9.153208241627066,2.4468700273464217,10.40768190030126,1.2470103356775304
505039.995439833,505040.993439843,505040.494439838,505040.042999999,505041.032,505040.5374999995,10.561601436217945,16.961552797467142,8.508466585136397,5.062445933577452,18.36670717099357,13.7561300476812,4.099254059940369,15.237998984304834,2.500255910642604
505040.095439834,505041.093439843,505040.5944398385,505040.154999999,505041.132,505040.6434999995,11.642474422184918,18.13796588240008,9.84201676362303,6.000630120023026,20.539545819743225,14.55299265207005,4.971793077582228,15.745579214221836,3.3492718478158734
505040.195439836,505041.193439843,505040.6944398395,505040.255,505041.245,505040.75,9.268972861711328,13.608911793354626,8.270059515033056,5.486222794289496,15.92414088197436,11.190963631440916,4.578596337839153,11.64912019232193,3.4437677474370876
505040.295439837,505041.293439843,505040.79443984,505040.351999999,505041.342,505040.8469999995,5.613364646509354,6.971980399030356,5.195109841477664,4.3311822945266085,8.654881337311965,6.577781555317397,3.580910822153623,6.370686727617811,3.224384194639409
505040.395439838,505041.393439843,505040.8944398405,505040.448999999,505041.454,505040.9514999995,3.32408165836837,2.629725344812662,2.8495004149483494,3.6300492554124446,3.9087023884709726,3.9043016466243685,3.0527859509495876,3.2449357913968297,3.3726524743317476
505040.49543984,505041.493439843,505040.9944398415,505040.545999999,505041.551,505041.04849999945,2.7687638717356293,1.4612837834024948,1.948244834396597,3.422148657294619,2.5703287258007776,3.4220354849084593,3.1234770060131445,2.36218035485187,3.8404121272170717
505040.595439841,505041.593439843,505041.094439842,505040.658999998,505041.651,505041.154999999,2.598841829357057,1.4463299088693748,1.6565407708407556,3.0812919793132547,2.2073225372898184,3.404466992589402,3.102811313734341,1.99341653183526,3.898554600384251
505040.695439843,505041.693439843,505041.194439843,505040.759,505041.748,505041.2535,2.4826478891205745,1.4822430415670702,1.8197566179657612,3.1104730294157408,1.8518407627158475,3.32278719946555,3.0516081326260593,1.7216770144918407,3.500797314716724
505040.795439843,505041.793439843,505041.294439843,505040.84,505041.845,505041.3425,2.6647885005132377,1.5512871980620633,2.504451975699362,4.031776829739723,1.751165908522008,3.2760847420405788,3.2972978469536955,1.7211522457741524,3.185091257314315
505040.895439843,505041.893439843,505041.394439843,505040.937,505041.942,505041.4395,2.8738755510931417,1.6198840961718854,3.04986703390297,5.058556120359898,1.756310340718699,3.0499597409847636,3.5546190987227853,1.7665373767502315,3.135270601133898
505040.995439843,505041.993439843,505041.494439843,505041.034,505042.042,505041.538,2.889285252163666,1.7491473154159682,2.976720742399862,5.377972830459036,1.7662092974208627,2.711524885489694,3.5625417694020376,1.7480746028127634,3.222090573909105
505041.095439843,505042.093439843,505041.594439843,505041.134,505042.155,505041.64450000005,2.8093343576795387,2.014626335727394,2.382523540229636,5.06595503182688,1.872601803044909,2.5014872089597997,3.4797870002067457,1.8934864718141313,3.2642074696268124
505041.195439843,505042.193439843,505041.694439843,505041.247,505042.252,505041.7495,2.8239250240128215,2.2241179882916735,1.7738960697994501,4.808666174266517,2.0932223534213845,2.533714732742624,3.702493026442167,2.239315886980914,3.215973960157842
505041.295439843,505042.293439843,505041.794439843,505041.344,505042.349,505041.8465,2.955972615303269,2.1781316131496204,1.714088812851126,4.895792946922356,2.3250788808153455,2.780072380224185,4.254245404559183,2.515913269288103,2.984457614616234
505041.395439843,505042.393439843,505041.894439843,505041.456,505042.446,505041.951,3.030271861042822,1.9048097065246998,2.3219761034383692,4.903728766498126,2.4554993726947276,3.0929561957374943,4.653514091618945,2.5214764552791444,2.3882141965510657
505041.495439843,505042.493439844,505041.99443984346,505041.553,505042.546,505042.04949999996,3.182076450758845,1.8154642116733435,3.402583145444707,4.709351708017431,2.7800112064141245,3.585449256886652,4.766805737963077,2.602926515138277,1.7940198245331476
505041.595439843,505042.593439844,505042.0944398435,505041.653,505042.643,505042.148,3.510231716091968,2.1976562679967873,4.402438887244287,4.470039460807123,3.343160552711613,4.24097875272191,4.681171926977539,3.0034063283078956,1.7430015519685884
505041.695439843,505042.693439844,505042.19443984353,505041.75,505042.74,505042.245,3.567212721962283,2.63074584025128,4.452139656895596,3.9807535514001953,3.5136913283010536,4.355909663879126,4.208753032608149,3.2583269582314456,2.1373817441314182
505041.795439843,505042.793439844,505042.2944398435,505041.847,505042.853,505042.35,2.888313145617771,2.4480802078386428,3.350450529923886,2.927199534250584,2.753215673023577,3.4268863711425834,3.1422195745763126,2.7403009066138693,2.3181523675727127
505041.895439843,505042.893439843,505042.394439843,505041.944,505042.953,505042.4485,1.816931076930542,1.7367120275910226,1.9985002907757783,1.6458170710470164,1.536065139128684,2.1263458647508138,1.8358974235040568,1.704925518965398,1.9511852796815667
505041.995439843,505042.993439843,505042.494439843,505042.044,505043.034,505042.539,1.0821800195218767,1.1585859184968048,1.3758189595132295,0.7638830698247032,0.7456802625586686,1.5120936656974888,0.8388765145380281,0.9743486079127424,1.288153157633349
505042.095439843,505043.093439843,505042.594439843,505042.157,505043.131,505042.644,0.9499769962275337,1.0857464738080842,1.5721481242410924,0.4700045802741659,0.6939947442705072,1.7522547855333384,0.4077702786092915,0.8831992308305637,0.7346977522532269
505042.195439843,505043.193439843,505042.694439843,505042.254,505043.259,505042.7565,1.046108214725435,1.2111856195922006,1.8726013628760145,0.45856424319357714,0.9133712981859425,2.0992126872678902,0.26857379037033197,1.017976803623255,0.5273799126942675
505042.295439843,505043.293439842,505042.79443984246,505042.351,505043.356,505042.8535,1.0548585592323023,1.1889055717567956,1.7227153643111004,0.5237366454667539,0.9359547315288599,1.9669801843142933,0.23517479540344655,1.0454673311142186,0.8199338499629503
505042.395439844,505043.393439842,505042.894439843,505042.448,505043.456,505042.952,1.0210439744451099,1.1502767823238655,1.1870064204739803,0.6716532413356868,0.7490683616650986,1.4700906207133637,0.34211886501406125,1.0957780759235698,1.5023594281112533
505042.495439844,505043.493439842,505042.994439843,505042.548,505043.553,505043.0505,1.119339692025637,1.5557588836979468,0.6956133198226199,0.8344974522169465,0.6093878153768444,1.1035501812117385,0.5542460430564724,1.462830273180738,2.1388335676417896
505042.595439844,505043.593439841,505043.0944398425,505042.645,505043.635,505043.14,1.33557253424495,2.480697649701539,0.49554945522831084,0.8791347852729696,0.6554259495908182,1.022574493786078,0.7070482969571044,2.082874166619831,2.361275476802949
505042.695439844,505043.693439841,505043.1944398425,505042.742,505043.732,505043.237,1.4907739054434141,3.3604160610360467,0.45390792249380374,0.7306572157797183,0.9390593860817865,1.0302607496590195,0.672922032621116,2.6181838648955393,2.1207840109802825
505042.795439844,505043.793439841,505043.2944398425,505042.855,505043.844,505043.3495,1.5940248462789273,3.706487333269462,0.44835355696511137,0.629344068409356,1.713009215929198,1.0738226403508906,0.4812060190319889,3.060335754920418,1.6396401813549935
505042.895439843,505043.89343984,505043.3944398415,505042.936,505043.944,505043.44,2.304386609918901,4.020085623910193,1.159594204092357,1.508922466115896,3.756149859838138,2.0968924921494203,0.5178559486127094,4.09161224127172,1.283980043360776
505042.995439843,505043.99343984,505043.4944398415,505043.036,505044.041,505043.5385,4.4332371945652085,5.291949335386402,3.5637538030095204,4.305341929177754,7.486299321631975,5.15246639427715,1.6521060310938989,6.30099741862708,1.7129833233178877
505043.095439843,505044.09343984,505043.5944398415,505043.133,505044.154,505043.6435,7.448728588685522,7.201353376756808,7.046824793539417,8.20189627417382,11.564462602541909,9.234060875216006,4.053641491755481,8.803910731188111,3.483678564312618
505043.195439843,505044.19343984,505043.6944398415,505043.261,505044.235,505043.748,9.372743490816545,8.03135787477882,9.340836177385611,10.68514134190749,13.374293042448887,11.494576554252365,6.39407506564813,9.678079709145663,5.9835881609653905
505043.295439842,505044.293439839,505043.7944398405,505043.358,505044.335,505043.8465,8.647506007657146,6.669501119863742,8.710968169033196,9.89169550260704,11.524124861844252,10.096665557637346,6.925909722289674,7.969787461795982,7.3913956661859395
505043.395439842,505044.393439839,505043.8944398405,505043.458,505044.448,505043.953,5.73223012375867,3.849360430118625,5.744504003645169,6.499836842161112,7.272713535548418,6.123610345894361,5.2592007572555985,4.681357534194843,6.427257541251235
505043.495439842,505044.493439839,505043.9944398405,505043.555,505044.545,505044.05,2.7395505251658596,1.4831386439884957,2.7040223176663187,3.0399210731780277,3.389182626663597,2.478779785576894,2.886848893425855,1.9318619541166946,4.002648906710994
505043.595439841,505044.59343984,505044.0944398405,505043.637,505044.641999998,505044.139499999,1.4972574917902626,0.9106674094316232,1.3356466982801598,1.4884093728192607,1.731727826223205,1.0952292578834,1.7273334416358914,1.1304289018715301,2.5586170261770302
505043.695439841,505044.693439842,505044.19443984155,505043.734,505044.754999997,505044.2444999985,2.08955115533296,2.114377454020509,1.5344312256362986,1.7688942889165533,2.1324384044520848,1.6693131386352658,2.1218916042574865,2.108934150967568,3.2661289757779173
505043.795439841,505044.793439845,505044.294439843,505043.846,505044.855,505044.3505,3.2400808577018707,3.9666363462950867,2.23510901443402,2.5650459379559742,3.089306308411169,2.746863098675137,2.9298987949559914,3.521590770009139,4.866196590878451
505043.89543984,505044.893439847,505044.3944398435,505043.946,505044.935999999,505044.4409999995,3.7287058803611632,5.131288286660996,2.5993186260499606,2.748392472529113,3.480463401596706,3.281084886184204,3.074768284246126,4.149177786384018,5.36515329923818
505043.99543984,505044.993439849,505044.4944398445,505044.043,505045.032999998,505044.537999999,3.1251370677930757,4.727728200162192,2.2363040301455603,2.1141195389766096,2.8695612727079025,2.863395854814235,2.3837438846844368,3.494899352869042,4.3113444079846275
505044.09543984,505045.093439852,505044.594439846,505044.156,505045.160999998,505044.658499999,2.00841684455067,3.107502695989271,1.4658207536503753,1.3747985309032864,1.728197492297972,1.8684584297357354,1.4770518997372388,2.1542072008312734,2.8912977532602078
505044.19543984,505045.193439854,505044.694439847,505044.237,505045.261,505044.749,1.1788625338306224,1.4417351819777597,0.778388063975046,1.1796906088926913,0.7600782337052787,0.9576658548401165,0.941619571365434,1.0646803723296907,2.3070423835589624
505044.295439839,505045.293439856,505044.79443984746,505044.337,505045.357999999,505044.8474999995,0.8843842953977886,0.5166595577533021,0.4385105343909218,1.4627133093224722,0.31444818952457876,0.47544936604492444,0.7991833016373762,0.5829740045470254,2.485136099961708
505044.395439839,505045.393439859,505044.89443984895,505044.45,505045.439999999,505044.9449999995,0.9189314387149567,0.232785383485104,0.4750051417962097,1.8305926914030655,0.46315816042416647,0.5180969932146174,0.8169319636066301,0.4740639662040549,2.540817209585806
505044.495439839,505045.493439861,505044.99443985,505044.547,505045.536999998,505045.04199999897,1.066040107219667,0.20534990659421967,0.72599265730618,2.034913972992522,1.143842211426464,1.0377188520316456,0.8153661013307678,0.5194479786769554,2.045689177398581
505044.59543984,505045.593439863,505045.09443985147,505044.643999998,505045.664999997,505045.1544999975,1.19753231457187,0.25592596933908307,0.9704315956334029,1.9449990888074427,2.0513602401474853,1.6414587591947392,0.7436537077533371,0.6924579647480847,1.279971190951384
505044.695439842,505045.693439866,505045.194439854,505044.756999997,505045.765,505045.26099999854,1.2365956982405857,0.3435022207186054,1.080912413417357,1.5969853377477088,2.6851046631620297,1.854426920346602,0.6510181991934685,0.9477376713347945,0.7330781600041207
505044.795439845,505045.793439868,505045.29443985655,505044.857,505045.845999999,505045.3514999995,1.213322014707858,0.4641888320372037,1.151249516595303,1.19709670133499,2.7722255385963033,1.6114785020843014,0.6597945810511916,1.1536381600128844,0.6969042859506878
505044.895439847,505045.89343987,505045.3944398585,505044.937999999,505045.942999998,505045.4404999985,1.1959151583015744,0.5575765707825695,1.2488162012590727,0.9673078773159016,2.4343533346013553,1.2609679755544736,0.7872619456968148,1.1923417308310817,1.1186956303713258
505044.995439849,505045.993439873,505045.494439861,505045.034999998,505046.055999998,505045.545499998,1.1358002585513978,0.544803635140576,1.2315674276514046,0.8645933862148016,1.9049966129647926,1.042863324424642,0.9449610522611191,1.0115065619454748,1.5411100678083718
505045.095439852,505046.093439875,505045.59443986346,505045.162999998,505046.156,505045.659499999,0.9666102093060421,0.44607772101436877,0.913099388736845,0.7638013679002684,1.3160457407186725,0.8700344529953826,1.144619950481031,0.7151584065826374,1.5640446460191315
505045.195439854,505046.193439877,505045.69443986553,505045.263,505046.236999999,505045.7499999995,0.7386893727650483,0.38360563604902725,0.4674864705121628,0.6680199301436365,0.7674576829462122,0.5897403502772466,1.4244181297682144,0.4477767887368146,1.161009993687072
505045.295439856,505046.29343988,505045.794439868,505045.359999999,505046.333999999,505045.846999999,0.6823384656575208,0.46933496363421595,0.3879244116562113,0.7902437196352997,0.5167460714439911,0.4141764363292503,1.7945871160218938,0.3847901197976797,0.7009048867416244
505045.395439859,505046.393439882,505045.8944398705,505045.441999999,505046.430999998,505045.9364999985,0.987999386704826,0.7578109635709778,0.9501828735624991,1.2248663624503393,0.8318372682650003,0.6142708439992446,2.254927248203092,0.763480175206097,0.5066193583813579
505045.495439861,505046.493439884,505045.9944398725,505045.538999998,505046.527999997,505046.0334999975,1.4507783555039295,1.047545519859393,1.8245901278076557,1.6863509218414503,1.3952470050626298,1.096593309504677,2.589623853411707,1.3881793901783699,0.5780967163655525
505045.595439863,505046.593439886,505046.0944398745,505045.666999997,505046.628,505046.1474999985,1.7135784389237412,1.1442259554738252,2.3758785303471734,1.8447167070358483,1.7767210686743617,1.459176576977013,2.5684738564543697,1.8300687598266356,0.709366056600703
505045.695439866,505046.693439888,505046.194439877,505045.767,505046.725,505046.246,1.5492136606480575,0.9626461073959903,2.196819592858536,1.5713195423190864,1.7388027145462503,1.3960277212123309,2.077807070024294,1.7336977780024243,0.716588758825548
505045.795439868,505046.793439889,505046.2944398785,505045.847999999,505046.838,505046.3429999995,1.0588466380721102,0.6424174149410833,1.4739927256332401,1.0203483123596313,1.3817871470728582,0.9796445683017803,1.2370762021535342,1.1770754310538865,0.5584313030608663
505045.89543987,505046.89343989,505046.39443988004,505045.944999998,505046.934999999,505046.43999999855,0.6105567786687658,0.38984622229042765,0.8107479791923714,0.5626264714167672,1.049129530956977,0.5837595036172547,0.5254388672126002,0.5809953205427438,0.3819103341209839
505045.995439873,505046.99343989,505046.4944398815,505046.057999998,505047.031999999,505046.5449999985,0.46916254942603,0.3772829689387085,0.5840520897091205,0.390170346992798,1.018275970804285,0.48844186735349693,0.22056286308296216,0.36165733274274575,0.3128569557841234
505046.095439875,505047.093439891,505046.594439883,505046.138999997,505047.132,505046.63549999846,0.5720414705048038,0.519110460157558,0.6665472508471105,0.46112097746458464,1.1367805315582487,0.6515686233000083,0.2888446860553387,0.4602997012315112,0.3920595334240713
505046.195439877,505047.193439892,505046.6944398845,505046.238999999,505047.244,505046.74149999954,0.8214819750122042,0.7233471830769087,0.8665058030839976,0.720951268617958,1.3366202023331897,0.9273270248484453,0.6834546862763815,0.7484285606531804,0.5652210712075725
505046.29543988,505047.293439892,505046.794439886,505046.335999999,505047.340999999,505046.838499999,1.4292799541258452,1.1725888353903693,1.5412830063777696,1.4226934053349902,2.058572274349175,1.480312446125812,1.5462725896913867,1.355631673690899,0.85688540204636
505046.395439882,505047.393439893,505046.8944398875,505046.432999998,505047.437999999,505046.9354999985,2.5778841077169625,2.0015948868013425,2.973973601137382,2.767977356509942,3.576213164904372,2.4898273174008736,3.0325880467163513,2.2913464970881576,1.4895519911772785
505046.495439884,505047.493439894,505046.994439889,505046.529999998,505047.538,505047.033999999,4.043675132315059,3.0576935636294857,4.998412061468131,4.407474642219071,5.613913846761913,3.751051304723307,4.898083708678575,3.18085807217966,2.4419138588603255
505046.595439886,505047.593439894,505047.09443989,505046.63,505047.635,505047.1325,5.251765608912883,4.091906384937453,6.957513769345821,5.628758154210914,7.426533393333876,4.676691931553297,6.346435321589471,3.6576022133589396,3.228683702973286
505046.695439888,505047.693439895,505047.1944398915,505046.727,505047.732,505047.2295,5.60808310185377,4.741973811861582,7.914452163483168,5.9721327334418435,8.051850498041736,4.689312960915262,6.593192891953725,3.5797549266529836,3.321994828479859
505046.795439889,505047.793439895,505047.294439892,505046.84,505047.844999999,505047.3424999995,4.936382484921197,4.630854068402515,7.283565871979977,5.499848488406073,7.108820128926212,3.732891865175425,5.505471237358822,3.0270616367339143,2.702546582386635
505046.89543989,505047.893439896,505047.39443989296,505046.936999999,505047.941999999,505047.439499999,3.604259502887727,3.6941869569296863,5.333885621615354,4.556010039729534,5.100636508111714,2.341343349471633,3.734884244088935,2.2268951899167617,1.8462341132381939
505046.99543989,505047.993439897,505047.4944398935,505047.033999999,505048.042,505047.5379999995,2.1678481831540966,2.3288503165057977,2.992661675068045,3.3158176484346313,2.8859691154353095,1.1413290281738941,2.117226692149312,1.341310727501544,1.2196202619642396
505047.095439891,505048.093439897,505047.59443989396,505047.134,505048.139,505047.6365,1.146809207714039,1.2737738364184799,1.2621855570212415,2.0176949456730187,1.3705294215679755,0.4471313938542536,1.082983639109953,0.7429543890890118,0.977220478978378
505047.195439892,505048.193439898,505047.694439895,505047.246,505048.236,505047.741,0.8723626300068341,1.07712528829089,0.6205231477640817,1.262391902232873,0.9511623250705104,0.3632163282386978,0.756646819165472,0.8266952541200978,1.1211399751720506
505047.295439892,505048.293439899,505047.7944398955,505047.342999999,505048.332999999,505047.837999999,1.5120086120154024,1.7089220850954179,1.1670329256474616,1.7208836936220324,1.5604738188483824,1.2057196669445092,1.3461308235118181,1.6498292394396732,1.737076643013925
505047.395439893,505048.393439899,505047.894439896,505047.439999999,505048.433,505047.9364999995,2.9566001429922206,2.6845333040005266,2.5816180716547787,3.432725673912353,2.9606957380865864,3.3492009733043173,2.821625253626607,2.8594112431391965,2.962990886213398
505047.495439894,505048.4934399,505047.994439897,505047.54,505048.546,505048.04299999995,4.71505342213067,3.54599503416693,4.165908794263258,5.459023336794773,5.047785210989475,6.3395559155258905,4.434021871460841,4.071116396532034,4.657020817312163
505047.595439894,505048.593439901,505048.0944398975,505047.637,505048.627,505048.132,5.77828298751094,3.88704939751035,4.756610549472773,6.29311160659127,7.049677795453958,8.393861415926047,5.022076451647643,4.913447199374243,5.91042948411123
505047.695439895,505048.693439901,505048.194439898,505047.734,505048.723999999,505048.22899999947,5.485789039971969,3.573602173136375,3.9206278771168077,5.343523423903795,7.851995794499592,8.109702073590727,4.207835221859469,5.0600908577421,5.8189348979268924
505047.795439896,505048.793439902,505048.29443989904,505047.846999999,505048.851999994,505048.3494999965,4.150960263255398,2.719715464147117,2.405348731418985,3.57681155536747,6.7476425663593815,5.765255565066623,3.0176350597535313,4.302688579768387,4.672584584161694
505047.895439896,505048.893439908,505048.394439902,505047.943999999,505048.951999999,505048.44799999904,2.7929527842277495,1.6661881502876348,1.502645720543585,2.563668511731617,4.384951581057196,3.107290389524366,2.693965374538454,2.8758040052806204,3.549108540858523
505047.995439897,505048.993439914,505048.4944399055,505048.044,505049.048999998,505048.546499999,2.2499724724372716,0.8532136108640391,1.894558810678823,2.9164467404925247,2.3686295430450555,1.6881080306231853,3.401786460898811,1.47770675620489,3.3993298266908427
505048.095439897,505049.093439919,505048.594439908,505048.141,505049.161999996,505048.651499998,2.516121071610394,0.5634632489023131,3.149399311408741,3.91824523981425,1.8006421876465688,1.699785710484559,4.258906631643221,0.7484187224482999,3.9901075205352
505048.195439898,505049.193439925,505048.6944399115,505048.238,505049.258999994,505048.748499997,2.944864184405137,0.7043563483583799,4.268530968742702,4.522850025901082,2.3430572720877523,2.304190095844576,4.421029710683334,0.701743789029645,4.293155264593622
505048.295439899,505049.29343993,505048.7944399145,505048.334999999,505049.359,505048.8469999995,2.8760289774420333,0.8746100036455424,4.41477005821236,4.1490717279453575,2.7471362555499654,2.5949143009509124,3.6976509607498365,0.7862137946623643,3.7438647178199296
505048.395439899,505049.393439936,505048.8944399175,505048.435,505049.455999998,505048.945499999,2.27093903615921,0.8884156919778198,3.480478194093851,3.0540299141620206,2.402184313421099,2.411347243301865,2.505495851845104,0.7241534546673551,2.7014076258045643
505048.4954399,505049.493439941,505048.9944399205,505048.548,505049.552999997,505049.0504999985,1.5030311047002902,0.7595365836013006,2.055021921569068,1.9366984700428658,1.5818750145466207,1.9618717405702273,1.4019608003973203,0.5657913103423315,1.761492996532588
505048.595439901,505049.593439947,505049.094439924,505048.629,505049.649999995,505049.1394999975,1.0305695723829897,0.64289704109373,0.9464531500284183,1.4725617733107008,1.0035552324566503,1.5260766760270463,0.8427070407380721,0.5207480238575106,1.2895576415517884
505048.695439901,505049.693439952,505049.19443992653,505048.725999999,505049.730999994,505049.2284999965,1.1255888517458197,0.7823078666362313,0.5733659819945185,1.8836373972734308,1.1844664456747998,1.29312409817157,1.0471209911187556,0.8913015775899931,1.3493864555072597
505048.795439903,505049.793439958,505049.29443993047,505048.853999994,505049.830999999,505049.34249999654,1.6627560137189306,1.3549535830922381,0.7559060625208144,2.6721513309807405,2.0486420887365195,1.1645554519274115,1.791305245738096,1.7880106926407373,1.7265236541148867
505048.895439908,505049.893439963,505049.3944399355,505048.953999999,505049.943999998,505049.4489999985,2.269208040243548,2.2953215098738378,0.9987119879282782,3.0347035146843186,3.0821193191927723,0.9934897045071258,2.582006956503218,2.9158246967950046,2.251486632463828
505048.995439914,505049.993439969,505049.4944399415,505049.050999998,505050.040999996,505049.545999997,2.568073309481293,3.0926240772682982,1.0717789844473902,2.6589616874166406,3.6025000655727055,0.7475525248421249,2.983333081222578,3.612027442448972,2.7758086126316353
505049.095439919,505050.093439974,505049.59443994646,505049.163999996,505050.121999995,505049.6429999955,2.4107108633826173,3.2022258256612828,1.092194987527611,1.82333966466136,3.384268060806753,0.5252502774115473,2.772862240734779,3.477440991584451,3.0081048586731516
505049.195439925,505050.19343998,505049.6944399525,505049.260999995,505050.234999993,505049.74799999397,2.229232269576312,2.9129543603357835,1.4935071401819358,1.195177112058945,3.5386974473382242,0.649422818764441,2.144429601067108,3.1638279353105827,2.7358417415534806
505049.29543993,505050.293439985,505049.7944399575,505049.357999993,505050.334999999,505049.846499996,2.8057517424538343,3.153896795124343,2.730448579695957,1.5825215186923072,5.391417986954538,1.4881776197266046,1.9113115710812547,3.864898418541315,2.323341449814353
505049.395439936,505050.393439991,505049.8944399635,505049.457999999,505050.462999997,505049.960499998,4.2051006994693125,4.239501581071524,4.405691407057025,3.0437858170542396,8.392132172263814,2.8628686169842106,2.5623454865961603,5.704344738810385,2.430135775917139
505049.495439941,505050.493439996,505049.9944399685,505049.554999997,505050.544999996,505050.04999999655,5.2770005304642424,5.151794038359552,5.256400344090213,4.417606404062402,10.011095861464575,3.839822922705172,3.4263916382230306,7.116598946107142,2.9962940887018483
505049.595439947,505050.593440001,505050.094439974,505049.651999995,505050.641999994,505050.1469999945,4.86059265832794,4.699466637478297,4.516111318399788,4.403577734336516,8.493315236355931,3.612740725488634,3.4245256909787622,6.483790036243936,3.251213887341656
505049.695439952,505050.693440007,505050.1944399795,505049.732999994,505050.742,505050.237499997,3.21285082002603,3.1112228441193217,2.8895729603992057,2.9979577577878054,5.070361211609233,2.480283008168259,2.3964175710548226,4.099866857169166,2.6571243499004273
505049.795439958,505050.793440012,505050.294439985,505049.832999999,505050.838999998,505050.3359999985,1.6196840406406088,1.6195174895128583,1.6911450816838183,1.3912888527190563,2.386933401811955,1.4079213022262465,1.2384843783958115,1.7182159328077424,1.5039658859673821
505049.895439963,505050.893440017,505050.39443999,505049.945999998,505050.950999997,505050.4484999975,0.9482844802129848,1.038746240695532,1.461669128420482,0.605927906426629,1.4826890201530196,0.9884595232183395,0.7702265490085567,0.5760849433906863,0.6624725303906336
505049.995439969,505050.993440023,505050.49443999596,505050.042999996,505051.063999999,505050.5534999975,1.2255726978101813,1.4579974721276898,1.8055901959070666,0.7960733461012179,1.6954328267761207,1.3632359522219286,1.0520177517295166,0.8126372217380662,0.8215968158798433
505050.095439974,505051.093440024,505050.59443999897,505050.123999995,505051.145,505050.6344999975,2.1040182862537566,2.657208687784502,2.2552474877490813,1.6025762215643875,2.247178215517593,2.4574649575585927,1.767461506431832,1.9874319153360807,1.8575772980879857
505050.19543998,505051.193440024,505050.694440002,505050.236999993,505051.245,505050.7409999965,3.0855834844356345,4.017235738477568,2.6054387494534814,2.537582064911049,2.79432533259827,3.799842457200161,2.552685353191999,3.2997137296825274,3.0778444499700184
505050.295439985,505051.293440024,505050.7944400045,505050.336999999,505051.358,505050.8474999995,3.521214940933687,4.614975406590619,2.580348800547344,2.978444566576777,3.005562232542214,4.671270709198937,2.9198671297927516,3.802364729280346,3.596885952940506
505050.395439991,505051.393440024,505050.8944400075,505050.464999997,505051.455,505050.9599999985,3.072351539647836,4.064629585323646,2.046260817551455,2.6065012386675543,2.652104861826419,4.491399733368972,2.540048215511402,3.161388520484966,3.016479344448275
505050.495439996,505051.493440024,505050.99444001,505050.546999996,505051.552,505051.049499998,2.3368238609338623,3.254312856791198,1.413203834782818,2.0567645435804196,2.2512061377430355,3.569568097705737,1.8629400697767728,2.24757745463323,2.0390178924576867
505050.595440001,505051.593440023,505051.094440012,505050.643999994,505051.652,505051.147999997,2.4311780254423576,3.445929961557927,1.5472792017725077,2.527584250172806,2.9602252573026546,3.22949086008631,1.7592416930415375,2.2863223840683995,1.6933505955367203
505050.695440007,505051.693440023,505051.194440015,505050.744,505051.764,505051.254,3.786007485700196,4.547916421812061,2.992112472300178,4.503502655502702,5.369262549745491,4.571161057874209,2.6046615739153616,3.426369006232902,2.2730741482186656
505050.795440012,505051.793440023,505051.2944400175,505050.840999998,505051.846,505051.343499999,6.000754045312022,5.641723618145393,5.731346581853679,7.412308664839386,9.112520693396476,7.386062257843229,4.116696957552946,5.07845667940544,3.5269169094596258
505050.895440018,505051.893440023,505051.3944400205,505050.952999997,505051.943,505051.4479999985,7.857605848848612,5.954067891974162,8.507339442576082,9.665610494180726,12.143647503417876,9.734435585716499,5.597588451521819,6.286911850597651,4.971245570804084
505050.995440023,505051.993440023,505051.494440023,505051.065999999,505052.04,505051.5529999995,8.198015781577219,5.419624944520239,9.709689778384583,9.866812859292935,12.319368539219026,9.701508450056656,6.3824433947028,6.298769432628567,5.885908853812936
505051.095440024,505052.093440023,505051.59444002353,505051.147,505052.14,505051.6435,6.85124886861048,4.371712239535295,8.760871648385207,8.015813724903595,9.4540247276217,7.308357992316209,6.222233846433598,5.032081399903836,5.644895369784404
505051.195440024,505052.193440023,505051.6944400235,505051.247,505052.237,505051.74199999997,4.726993329383822,3.145329793678484,6.564289745291315,5.424318642581344,5.536174784209244,4.299310784557696,5.329493821730695,3.191447894916271,4.325581168105524
505051.295440024,505052.293440022,505051.794440023,505051.36,505052.365,505051.8625,2.976146012193483,2.0845813503646173,4.539935301472959,3.4561970657222694,2.837719602494807,2.278541153625468,4.171660124356061,1.7338576581942577,2.7066758413174243
505051.395440024,505052.393440022,505051.894440023,505051.457,505052.431,505051.944,1.9583531252220603,1.3877845820843069,3.1681351938836326,2.3699834986999297,1.7821296771726693,1.345787963090137,3.035863424573787,1.0587906471759394,1.5183500150960796
505051.495440024,505052.493440022,505051.994440023,505051.554,505052.531,505052.0425,1.3153260666383528,0.9343964007545336,2.1026288838242158,1.6258359330083554,1.3254711072076961,0.8458687767650264,2.0046935889532715,0.8039778365398054,0.8797360060539197
505051.595440023,505052.593440022,505052.0944400225,505051.654,505052.643,505052.1485,0.847794954592557,0.6061861724740194,1.1885280662426825,1.0325663241885392,0.9782579702166585,0.5519299381786773,1.3087420892487636,0.6060732291340705,0.5100758470570457
505051.695440023,505052.693440018,505052.1944400205,505051.766,505052.740000004,505052.253000002,0.9807650172962225,0.6018223595717642,0.992203395523942,1.142437203519509,1.563772317591563,0.7620255005089308,1.6564327643515466,0.7087382366107999,0.41868836069172416
505051.795440023,505052.793440011,505052.29444001697,505051.848,505052.853000006,505052.35050000297,1.8703397532924142,1.022095579615336,1.7700677278414894,2.060425282204904,3.4446421719913634,1.4853280863934606,3.2706990988319147,1.2689714310296178,0.6404886484312302
505051.895440023,505052.893440004,505052.39444001345,505051.945,505052.934000007,505052.4395000035,3.0933024662032813,1.7095952505088163,3.151867351467958,3.2094051509602526,5.895717497371313,2.2709486319075025,5.4537422750527105,2.0232484068057204,1.0318951655519764
505051.995440023,505052.993439998,505052.4944400105,505052.042,505053.034000001,505052.5380000005,3.97142558527775,2.3027163456051705,4.356784270222393,3.942062091372965,7.558748471602023,2.5865344980062783,7.0254334759061745,2.5333000399784407,1.465825489528552
505052.095440023,505053.093439991,505052.594440007,505052.142,505053.131000003,505052.63650000154,4.1784297614320085,2.565228200839061,4.784837603480093,4.161597797445435,7.661453356438726,2.3897508805968544,7.2782362095105455,2.6506950939491,1.9356389491962551
505052.195440023,505053.193439985,505052.69444000395,505052.239,505053.244000004,505052.741500002,3.9906182381548767,3.066567150974917,4.3711806999290275,4.043510060596432,6.617473729409442,2.2739026544257257,6.256681909285598,2.9537807184745297,2.3418489821433437
505052.295440022,505053.293439978,505052.79443999997,505052.367,505053.325000006,505052.84600000305,4.109538751912767,4.621284585242124,3.6365030625224333,3.968675222464905,5.95825852890608,3.0243323164620177,4.683549244811024,4.392424263979873,2.591282790913682
505052.395440022,505053.393439971,505052.8944399965,505052.433,505053.438000008,505052.935500004,4.700617651748615,6.8782356398293105,3.152475459526139,3.954203000411252,6.592091980127077,4.616282063420617,3.235080108309245,6.632508304329086,2.5440646580361954
505052.495440022,505053.493439965,505052.9944399935,505052.545,505053.538000002,505053.041500001,5.021413218241118,8.097899188938147,2.88606094981751,3.6340109191991967,7.527939031817425,5.850557957429781,2.11697836262306,7.912182203243956,2.1456771328598734
505052.595440022,505053.593439958,505053.09443999,505052.645,505053.635000003,505053.1400000015,4.475750106390482,7.044038934393949,2.679321198960073,2.955878063422122,7.256418553642339,5.7217809980102565,1.545206824293973,6.94638873878872,1.6569675396124297
505052.695440018,505053.693439952,505053.194439985,505052.742000004,505053.732000005,505053.2370000045,3.3665652661431897,4.405959689137081,2.5083915381096333,2.2983894671250247,5.56503472323002,4.5062675132337295,1.6843772187295292,4.3914673921213705,1.572634587459133
505052.795440011,505053.793439945,505053.29443997797,505052.855000005,505053.845000007,505053.35000000603,2.5152025155026143,2.0708293807326044,2.4691253578284327,2.099842082472082,3.7591319627709625,3.284201347067873,2.346515281429798,2.0899624321421584,2.0020122795770057
505052.895440004,505053.893439939,505053.39443997154,505052.936000007,505053.945,505053.4405000035,2.2431037088254433,1.0567903199537803,2.4784045501522964,2.3232288074363705,2.971710076057337,2.671103715347832,2.9350439710113934,1.0785603614866348,2.429987869157901
505052.995439998,505053.993439932,505053.494439965,505053.036000001,505054.026000002,505053.5310000015,2.011250347863749,0.8265182128196769,2.1499679308308566,2.3102070718114023,2.7078048785379885,2.2481512338817926,2.7670797564565417,0.8258297468838811,2.2544439516878523
505053.095439991,505054.093439926,505053.59443995846,505053.133000002,505054.154000004,505053.64350000303,1.4121400690336476,0.6414429744100878,1.4148283183590795,1.7074104199149747,2.0527918806281393,1.5585953006749615,1.847973236379877,0.5759827899032455,1.4980956319988143
505053.195439984,505054.193439919,505053.69443995145,505053.246000004,505054.251000006,505053.748500005,0.7556019916121532,0.3852076835479647,0.7898675165604763,0.9163736230649235,1.1379111380484248,0.8922715301192883,0.895277442078895,0.29433279882942165,0.7335742006478321
505053.295439978,505054.293439913,505053.7944399455,505053.327000006,505054.333000008,505053.830000007,0.4013030562412985,0.22196894503977543,0.5843554655352278,0.4063788897919389,0.515755175274434,0.5400449044957686,0.4372413358935674,0.17170282029234651,0.3329769136073291
505053.395439971,505054.393439906,505053.8944399385,505053.440000008,505054.433000001,505053.9365000045,0.3693784625131031,0.26422832518833733,0.6796646719243307,0.24180471964087707,0.4641288069825692,0.42184852638426273,0.4526345422000216,0.24292874869714404,0.18778935908728195
505053.495439965,505054.4934399,505053.9944399325,505053.540000001,505054.530000003,505054.035000002,0.425835227164467,0.3846981389644638,0.7057957613597834,0.1933433076440825,0.7473125641518104,0.3148076982127482,0.6228402727621059,0.3524479131054986,0.08543616111524327
505053.595439958,505054.593439893,505054.0944399255,505053.637000003,505054.627000005,505054.132000004,0.500988191297817,0.46431974462411263,0.7012481914244901,0.2776616370836017,1.0091774177861084,0.30103160202570567,0.7974159690017316,0.3868274143705974,0.07022355406618862
505053.695439952,505054.693439887,505054.19443991955,505053.734000005,505054.739000007,505054.236500006,0.887125768837267,0.588183295390342,1.3919986180548676,1.006802380705175,1.331696116953911,0.7286143836436797,1.2630811191927116,0.48910855644266105,0.2975216803147879
505053.795439945,505054.79343988,505054.29443991254,505053.847000007,505054.839,505054.3430000035,2.06739435432576,1.1362260071525894,3.5417582748167913,2.777480865927422,2.880274893795578,1.9579933620498897,2.2847000563690356,1.1858972857624384,0.7748240887323358
505053.895439939,505054.893439875,505054.394439907,505053.947,505054.936000001,505054.4415000005,4.176356124582191,2.436493397605619,6.8860318656340045,5.222144156725829,7.045030712958868,3.8794320925361045,3.626559867669556,3.0684492776775545,1.2467076258499903
505053.995439932,505054.99343987,505054.49443990097,505054.028000002,505055.033000003,505054.53050000255,7.1132575855017635,4.829175912664774,10.561618270383946,7.908644183183102,14.030477494537585,6.255612493650319,5.060404806733635,6.659269141047142,1.60085838181361
505054.095439926,505055.093439866,505054.594439896,505054.156000004,505055.130000004,505054.643000004,9.924794331744144,7.734004837018251,13.15746489165346,10.110662423029172,20.666587451516158,8.213448258169535,6.451803435622601,10.847893040738992,2.216490316204983
505054.195439919,505055.193439862,505054.6944398905,505054.253000006,505055.227000005,505054.7400000055,10.985919747999787,9.523724871551218,13.282483994326562,10.699540549457005,22.318170955666258,8.588682439037722,7.226105987503665,13.071338247694797,3.177310938761079
505054.295439913,505055.293439858,505054.79443988553,505054.335000008,505055.327000001,505054.8310000045,9.4016802420932,8.884497831717672,10.624249455413068,9.040761444220543,17.58299949828313,6.937950046488476,6.652181554965854,11.672011747541392,3.8187903581154714
505054.395439906,505055.393439854,505054.89443988,505054.435000001,505055.456000002,505054.9455000015,5.998512515444753,6.173968248387281,6.410970961864666,5.810930573194145,9.796053113128849,4.15500457357388,4.632949340196403,7.6047648694014285,3.403458443811373
505054.4954399,505055.493439849,505054.99443987454,505054.532000003,505055.553000003,505055.042500003,2.788725470745007,3.2457340739027396,2.722839158154921,2.793831599483929,3.68693945035584,1.7885987918798036,2.2458553052385497,3.5878318415669144,2.2381735453773546
505054.595439893,505055.593439845,505055.09443986905,505054.629000005,505055.650000004,505055.1395000045,1.3028858529946128,1.7586181739700235,1.1569258892057181,1.5024552116456118,1.3035197951057347,0.7570302170715382,0.9829792208312723,1.5413932018330698,1.420165114293934
505054.695439887,505055.693439841,505055.194439864,505054.741000007,505055.75,505055.2455000035,1.3148264641616363,1.7344164293702051,1.5071323960503946,1.7065703816977629,1.317359044252262,0.6018761126911996,1.106214871942981,1.1588132169546952,1.3862292603335904
505054.79543988,505055.793439837,505055.2944398585,505054.841,505055.847000001,505055.3440000005,1.7116494070603383,2.064704818378095,2.5335936385661952,2.26963826594038,1.801361504149559,0.6288883570653946,1.6147558115813065,1.2207517271688149,1.559501133632962
505054.895439875,505055.893439833,505055.394439854,505054.938000001,505055.928000002,505055.4330000015,1.776540495528867,1.928899779398642,3.1704147859197365,2.395955805325299,1.8655262700910111,0.6405723673134953,1.7343216664249492,1.0716327744632155,1.4050005152945877
505054.99543987,505055.993439828,505055.494439849,505055.035000002,505056.056000003,505055.5455000025,1.4488298227383334,1.3488780900200543,2.94168385524307,1.9444853878540214,1.5234685875195049,0.674106930655271,1.3992335052865528,0.770926136852097,0.9878560884760945
505055.095439866,505056.093439824,505055.594439845,505055.132000004,505056.153000005,505055.6425000045,1.0294144812623025,0.8184353051604218,2.111914362686981,1.3085333752792867,1.1217572389626511,0.7266661103536979,0.973496828293898,0.5421309356701154,0.6323816936913684
505055.195439862,505056.19343982,505055.69443984097,505055.229000005,505056.253,505055.7410000025,0.8995214566497272,0.6404656465975178,1.3842498575609332,1.2817996708003796,0.9264621987898292,0.8206161378448877,0.9612184694748601,0.45709188423724595,0.7242677878921627
505055.295439858,505056.293439816,505055.794439837,505055.329000001,505056.350000002,505055.8395000015,1.277747057173821,0.7419572117588935,1.307696240669803,2.2619383209237935,1.0886069007422297,1.0377101499881056,1.6734997590176817,0.4606666010598503,1.64990127323021
505055.395439853,505056.393439812,505055.89443983254,505055.458000002,505056.432000003,505055.9450000025,1.9541413402725771,0.9758880952445476,1.7004361631035954,3.443352745859308,1.539834400620553,1.4969739327581577,2.713789104778565,0.6250932182040717,3.1377630616118175
505055.495439849,505056.493439808,505055.9944398285,505055.555000003,505056.560000006,505056.05750000454,2.4903932517445266,1.1901364465682176,2.0088102654996,3.807683693449799,1.9790938674945628,2.133831037563257,3.640851572759378,0.933049797819929,4.229689332801467
505055.595439845,505056.593439801,505056.094439823,505055.652000004,505056.657000008,505056.154500006,2.603641600419872,1.2256873618232547,2.2067030378570958,3.2432520579041673,2.1650791578184765,2.4844526432917577,4.313659118535867,1.1136663054512828,4.076633120677075
505055.695439841,505056.693439795,505056.19443981803,505055.749000005,505056.757000002,505056.2530000035,2.4295570254290446,1.1539347581650141,2.8164392348949443,2.526016094139228,2.222531377800753,2.239886673942819,4.618217074125385,1.0260600551753394,2.833370935188876
505055.795439837,505056.793439788,505056.2944398125,505055.849000001,505056.854000003,505056.35150000197,2.2605603463042283,1.1664959240825126,3.904262728987093,2.281896561014019,2.295437933137367,1.609646036264416,4.42952542524522,0.8899523201880604,1.5072658415151396
505055.895439833,505056.893439782,505056.3944398075,505055.930000002,505056.935000005,505056.4325000035,2.1486715726497914,1.3544802423783202,4.607246649800338,2.1466083732996446,2.3001359704850537,1.2742516875325791,3.6452464544643295,1.0004896402379166,0.8609135630001479
505055.995439828,505056.993439775,505056.49443980155,505056.058000003,505057.032000007,505056.545000005,2.003296748087391,1.5010173140171332,4.046330455729121,1.7104812671797818,2.0291717969236807,1.7617393044603622,2.5925799618069862,1.4701276870369193,0.9149261975451406
505056.095439824,505057.093439769,505056.5944397965,505056.155000005,505057.132000001,505056.643500003,2.084227965342213,1.5349099190069153,2.7029616427686514,1.4276768764944574,1.858480300142896,3.156563226669657,2.2489054961095576,2.2072377357861055,1.5370885257594642
505056.19543982,505057.193439763,505056.6944397915,505056.255,505057.245000002,505056.750000001,2.5247490375166186,1.621433947197537,1.6798941074383034,1.648283171152352,2.28973995592791,4.599196514137086,2.9348847440805863,2.958576915783299,2.4659829444158747
505056.295439816,505057.293439756,505056.794439786,505056.352000002,505057.342000004,505056.847000003,2.8662930425052884,1.8194310661506596,1.3018723386521673,1.9656934222449225,2.922056717718294,5.007949307262894,3.5375083168636543,3.4115689850313475,2.9642641861183683
505056.395439812,505057.39343975,505056.89443978097,505056.434000003,505057.439000006,505056.9365000045,2.6180383092486323,1.8817414387161966,1.0847262550206767,2.0107252561972353,2.786119914741404,4.027343458859641,3.2713064588290734,3.25949665732979,2.62284703429504
505056.495439808,505057.493439743,505056.9944397755,505056.562000006,505057.536000008,505057.049000007,1.9351763358910263,1.7883866201179301,0.8382128154823777,1.9107404846475506,1.8014236986354548,2.3878120269221195,2.411955809192234,2.579005394684074,1.7638738374464693
505056.595439801,505057.593439737,505057.094439769,505056.659000008,505057.636000001,505057.1475000045,1.4867837189797115,1.7380161689643305,0.9539464121169045,2.0774638978957274,0.8036975552995077,1.1849999733665735,1.905207492340585,1.906875310108917,1.3240629417451473
505056.695439795,505057.693439731,505057.19443976297,505056.759000001,505057.733000003,505057.246000002,1.7674636716407894,1.7115980243019955,1.8971109554270242,2.8666889016537804,0.5412977143924579,1.04546050852532,2.378228912253749,1.655937017868853,2.043387338703136
505056.795439788,505057.793439724,505057.294439756,505056.856000003,505057.830000005,505057.343000004,2.4687942019893754,1.5052068577126152,3.349249845486698,3.999978426820114,0.8263670354485915,1.7447416805030174,3.2330622290220057,1.6371742500952697,3.4545732908266897
505056.895439782,505057.893439718,505057.39443975,505056.937000005,505057.958000007,505057.447500006,2.958650780859692,1.021751652669236,4.511434268379433,4.873553790755126,1.0813007020779912,2.920172911678541,3.4079309306232934,1.5426920597736788,4.31036993092024
505056.995439775,505057.993439711,505057.494439743,505057.034000007,505058.058,505057.5460000035,3.1355337305786044,0.6727232332301816,4.913270253984558,5.191023491630002,1.446201320245303,4.516508404488265,2.6604312642397407,1.6520225590214173,4.032089317789372
505057.095439769,505058.093439705,505057.594439737,505057.134,505058.155000002,505057.644500001,3.2185117907471428,0.9118527761329003,4.547664749994961,4.898797636690473,2.3116233791133167,6.177502931587238,1.5061619305854008,2.3482519738973995,3.0462389479754513
505057.195439762,505058.193439699,505057.6944397305,505057.247000002,505058.252000004,505057.749500003,3.294668560096391,1.684659740087083,3.8450042862770686,4.139307767778331,3.476406953837594,7.145844382839129,0.665758182678075,3.297463780624505,2.102903386649345
505057.295439756,505058.293439693,505057.79443972453,505057.344000004,505058.349000006,505057.846500005,3.1140062155404946,2.4915606335914506,3.0825447684675282,3.079341935917105,4.094340296980517,6.727986393382054,0.37630719449707856,3.6351544773710724,1.4248140241171492
505057.39543975,505058.393439686,505057.894439718,505057.441000006,505058.446000007,505057.94350000645,2.490994940008135,2.8239292723278258,2.3376868258818337,1.9520140124979668,3.570932115822671,4.996834673487436,0.38845905700716016,2.9974891251740576,0.8606144378661321
505057.495439743,505058.49343968,505057.9944397115,505057.538000008,505058.546000001,505058.0420000045,1.8700396840290903,2.623281639692122,1.9319995651731618,1.3753562090530018,2.475885815498539,3.0385336199481427,0.7645709247114474,2.0373505596938104,0.7133391384624977
505057.595439737,505058.593439674,505058.0944397055,505057.638000001,505058.643000002,505058.1405000015,1.8057860285023661,2.2950117424425835,2.0443868967518446,1.6734044318425414,1.733634575707149,1.9762630817810671,1.54692719173645,1.568558015259743,1.6081022924975512
505057.69543973,505058.693439676,505058.194439703,505057.735000003,505058.755999995,505058.24549999903,2.11097303697827,2.106118119758481,2.278285281320707,2.238436874049141,1.518670154285781,1.7786554075733443,2.243793571198888,1.5828762599252082,3.14094862771461
505057.795439724,505058.793439682,505058.294439703,505057.832000005,505058.852999993,505058.342499999,2.14208143656841,1.9140899197532426,2.0970233936087093,2.2153847854518265,1.3880810923215094,1.660118349925801,2.3109855769800287,1.4947458026315958,4.056222571874566
505057.895439718,505058.893439689,505058.3944397035,505057.960000006,505058.953,505058.456500003,1.8281353021041054,1.64443382387417,1.6703495881602741,1.6011455149736937,1.4621056680878293,1.396802604215916,1.9665716306184389,1.2291119296308328,3.654561657271689
505057.995439711,505058.993439695,505058.494439703,505058.06,505059.033999998,505058.546999999,1.590428200852527,1.3180932449507574,1.600197879311625,1.0027899946577803,1.9648623565203192,1.3548392576855257,1.9484548624146378,1.0109617440081116,2.523226267271459
505058.095439705,505059.093439702,505058.5944397035,505058.157000002,505059.146999996,505058.65199999895,1.797104177639528,1.1971545727043191,2.2728454600395924,0.9014793696565595,2.676998426284385,1.9617608891693996,2.551011313231421,1.0351537580151806,1.780429632015368
505058.195439699,505059.193439709,505058.694439704,505058.254000004,505059.243999994,505058.748999999,2.1362740583994713,1.214297513045403,3.0915342406292914,1.1143381570439514,2.959444573099464,2.805100785158878,3.1539322064756963,1.0912022327407076,1.6603427590023792
505058.295439692,505059.293439715,505058.79443970346,505058.351000005,505059.340999993,505058.845999999,2.1389418260700754,1.1102429357070036,3.2015755183877017,1.2330121412231194,2.5012627842299286,2.9949481722443716,3.3279388692700254,0.9670082021951791,1.775545985303276
505058.395439686,505059.393439722,505058.894439704,505058.448000007,505059.440999999,505058.944500003,1.995046520493161,0.9505790215926665,2.855614794433827,1.3044366583143407,1.7245147349142056,2.3945778650754903,3.8506277496205166,0.7468176094522798,2.13320373054196
505058.49543968,505059.493439728,505058.994439704,505058.548000001,505059.552999997,505059.05049999896,2.0717482099580735,0.8596349793081945,2.726288479399404,1.4363857987665252,1.2208600322725658,1.5724944625685857,5.174424626047552,0.6472887485561929,2.9366085527455668
505058.595439674,505059.593439735,505059.0944397045,505058.645000002,505059.649999996,505059.14749999903,2.2926660896697477,0.8102088197295667,2.895687994597949,1.5466068053942261,1.2301645228618456,1.0194324144675588,6.311749212642147,0.7802741516338052,3.7472047960308803
505058.695439676,505059.693439741,505059.1944397085,505058.757999995,505059.746999994,505059.2524999945,2.361912809616367,0.8124288962002322,2.8340531816593386,1.6247346462248107,1.7939190918413552,0.8412483596055412,6.014664515859003,1.1050794013299476,3.869174384210708
505058.795439682,505059.793439748,505059.294439715,505058.854999994,505059.859999992,505059.357499993,2.0974320677001836,0.8315802662424719,2.0974667178109723,1.6543608977232858,2.553373156086065,0.7852835128614685,4.304419881364805,1.41628639679328,3.136685712719122
505058.895439689,505059.893439754,505059.3944397215,505058.935999992,505059.959999998,505059.44799999497,1.8355951912906796,1.0967467241610251,1.2236336889721444,1.7964051994139794,3.0336856049011867,0.9074496064621869,2.560476352718089,1.7360594420072448,2.3303049116895806
505058.995439696,505059.993439761,505059.4944397285,505059.035999998,505060.056999997,505059.5464999975,1.8341357913758043,1.6529235664996862,0.788024051287721,2.0144492884170693,2.858925952593903,1.2710573559588467,1.6956396209076257,2.192521485645331,2.1995450096962506
505059.095439702,505060.093439767,505059.5944397345,505059.148999996,505060.153999995,505059.6514999955,1.956008541398985,2.151270764034224,0.9668879742855965,2.067709672110249,2.202149700654103,1.6166059127602597,1.4786927917264654,2.6412977070909505,2.523453808530032
505059.195439709,505060.193439774,505059.6944397415,505059.245999995,505060.250999993,505059.748499994,1.9459923110372825,2.131829933030437,1.6304235418344941,1.9274308726033627,1.6312616381718603,1.619807179220976,1.4250543703206509,2.6425885542138494,2.55954239890263
505059.295439715,505060.29343978,505059.79443974746,505059.342999993,505060.351,505059.8469999965,1.8033560873855319,1.5452980502942903,2.478884335447675,1.8574337892136408,1.4696567196839978,1.496060749207041,1.5488438860876272,1.9913941630582959,2.0392770060916865
505059.395439722,505060.393439786,505059.89443975396,505059.442999999,505060.447999998,505059.9454999985,1.5567406091275002,0.811962839246104,2.8910438183864278,1.8238243152022389,1.4916827453861559,1.4268858363285624,1.728610063122841,1.0422654205509247,1.2376498347967473
505059.495439728,505060.493439793,505059.9944397605,505059.554999997,505060.560999996,505060.0579999965,1.236547131272933,0.43278393720199726,2.4317630918992443,1.6530632546493167,1.341882900118514,1.3360747707088318,1.6329594543390273,0.4060106332421302,0.6578390080244035
505059.595439735,505060.593439799,505060.09443976695,505059.651999996,505060.657999994,505060.154999995,0.9315875090184964,0.47756854940435284,1.5565657621400204,1.3782459880699474,1.0896594071682066,1.0428127200873865,1.2109429554284568,0.24894884124753092,0.44795584860207005
505059.695439741,505060.693439806,505060.1944397735,505059.748999994,505060.738999992,505060.243999993,0.7758707876715843,0.5537301916852866,1.1106769597583803,1.3307336444872755,0.9837937908129184,0.5599986031987723,0.8629027990955596,0.2997451337232637,0.505385178611218
505059.795439748,505060.793439812,505060.29443978,505059.861999992,505060.838999999,505060.3504999955,1.163157754510193,0.597554435741948,1.774995719792241,2.1799344469095274,1.5499894865078485,0.392878443669299,1.3723657353576433,0.6192151167469626,0.8183286513560737
505059.895439754,505060.893439819,505060.3944397865,505059.961999999,505060.935999996,505060.4489999975,2.0995322803390994,0.741121028429138,3.295745376996081,3.8370263786449392,2.736623492895308,0.8256171082196502,2.8032168082765825,1.2252254762725001,1.3316825729785962
505059.995439761,505060.993439827,505060.494439794,505060.058999997,505061.048999994,505060.55399999546,3.077036059768778,1.047843745729853,4.907688871292173,5.346416701470332,3.9646138209326147,1.6923141805737862,4.233357058171301,1.7360021054595862,1.6880519945205792
505060.095439767,505061.093439835,505060.594439801,505060.155999995,505061.145999992,505060.6509999935,3.6591030847684323,1.6007644096994902,5.6960752904943455,5.831881892719928,4.960106022119586,2.8397016881274926,4.5718350115726345,2.104329700880546,1.6681306625334371
505060.195439774,505061.193439843,505060.6944398085,505060.252999993,505061.246,505060.7494999965,3.945535967113798,2.4703822210684607,5.288147360442564,5.414859574480746,6.09795931068424,4.31430411971966,3.658491793538886,2.8283277702623213,1.4918155867135074
505060.29543978,505061.293439851,505060.7944398155,505060.353,505061.342999997,505060.8479999985,4.135190803856763,3.4376485555223097,4.1054906455296205,4.755608208397698,7.372564421618259,5.629709372341342,2.3266315764570225,4.062657084233808,1.3912165667540424
505060.395439787,505061.393439859,505060.894439823,505060.449999998,505061.454999995,505060.9524999965,4.027313061935834,3.8805479478124107,2.8400225433909054,4.160825551078808,7.801860646094561,5.841545629608908,1.3951635407049088,4.9911928580006215,1.3073457787955398
505060.495439793,505061.493439867,505060.99443982996,505060.562999996,505061.536999993,505061.0499999945,3.301929510194104,3.408265874005079,1.8553130386168442,3.375510016304394,6.484925245959985,4.6040872358830836,0.947041761517587,4.668443951901318,1.0718489573645422
505060.595439799,505061.593439875,505061.09443983703,505060.659999994,505061.648999991,505061.1544999925,2.151223641064248,2.322257117380742,1.2035421829671415,2.34653239561964,3.92010380271131,2.729954313859528,0.6986797366372427,3.195273022184809,0.7934465571535665
505060.695439806,505061.693439883,505061.19443984446,505060.740999992,505061.748999999,505061.2449999955,1.230080336299918,1.3365513167624257,0.8831586707366953,1.487270876476018,1.677856363440585,1.4692011265689917,0.5545356501943499,1.6717139494810664,0.7603547367392116
505060.795439812,505061.79343989,505061.294439851,505060.840999999,505061.845999997,505061.343499998,0.9058642795853629,0.7837693955586211,1.0485941906292597,1.1915349242037314,0.7083626171363506,1.1997510920026877,0.5763990163911357,0.8139567292833877,0.9245462714777293
505060.895439819,505061.893439898,505061.3944398585,505060.937999996,505061.942999994,505061.440499995,0.9809479118967316,0.5164645330292409,1.7549950149703504,1.3202041222048897,0.6760546571419558,1.4233263572989445,0.7593883008756206,0.43335758251672,0.9637927271361311
505060.995439827,505061.993439906,505061.4944398665,505061.050999994,505062.055999992,505061.553499993,1.1391471403918927,0.425770648526231,2.5989402485883097,1.4533482958195048,0.8638549561007327,1.7566269548507512,0.9728930953713969,0.22578918569124676,0.8159537381869686
505061.095439835,505062.093439914,505061.5944398745,505061.147999992,505062.156,505061.65199999604,1.2503388343821293,0.5688856291307788,2.9308011321966907,1.4089559583819995,0.9973690837433011,2.0867050051485143,1.0187348437007826,0.20242953707494948,0.7888294856800168
505061.195439843,505062.193439922,505061.6944398825,505061.248,505062.236999998,505061.742499999,1.2209380186309498,0.8200646858704475,2.3777261064311954,1.1471249561841614,0.9421797644097938,2.1725616416648528,0.8427983735749558,0.3014098290728584,1.1636387918393318
505061.295439851,505062.29343993,505061.79443989054,505061.344999998,505062.349999996,505061.847499997,1.0495631051245327,0.9887386429289873,1.3385302571178836,0.7971867628077722,0.7743274936281136,1.797182453645334,0.589730133446104,0.42344948296623497,1.6873596144558303
505061.395439859,505062.393439938,505061.89443989855,505061.456999995,505062.446999993,505061.951999994,0.8156442170886895,0.9740966212752546,0.5310407090279505,0.5005332864225583,0.5979580423697113,1.1601066081325528,0.40245861030511104,0.5185082096242823,1.840451649552095
505061.495439867,505062.493439946,505061.9944399065,505061.538999993,505062.544000003,505062.041499998,0.6788038388800306,0.9635836134456748,0.3690211217969097,0.3389780548319221,0.49601999562872845,0.7431730996351661,0.32740385955279744,0.7019697061020634,1.490281260046983
505061.595439875,505062.593439943,505062.094439909,505061.650999991,505062.644,505062.1474999955,0.7909982684240484,1.3385478954814354,0.6235302148970396,0.31022048540688446,0.6378485226739679,0.8209617058354702,0.3646536028042756,1.3005134061827817,0.9317103141105326
505061.695439883,505062.693439941,505062.194439912,505061.750999999,505062.741000001,505062.24600000004,1.2061757451713562,2.2905244423365914,0.8793626927109612,0.3842000642609081,1.2566220467627316,1.3230694541177925,0.535564543738882,2.4584891602662102,0.5215735571767721
505061.795439891,505062.793439938,505062.2944399145,505061.847999997,505062.853000002,505062.3504999995,1.7778248299900725,3.5303209235429187,0.9318103248557854,0.4769175912785709,2.3745730603945803,1.9630780062363997,0.7517579303641782,3.7692112923866627,0.4249295108614845
505061.895439898,505062.893439936,505062.394439917,505061.944999994,505062.950000002,505062.44749999803,2.2245038693159938,4.423137188310918,0.8213353980037466,0.5193069789178688,3.5820275353276236,2.4114019119211956,0.8479664413564332,4.531805987569647,0.6590495131205162
505061.995439906,505062.993439934,505062.49443992,505062.057999992,505063.047000003,505062.5524999975,2.2892230302732504,4.4551333893749,0.6870201330735317,0.5013180903181,4.152043547368592,2.3634554678038957,0.7809539934325891,4.281225782768562,1.092633838045832
505062.095439914,505063.093439931,505062.5944399225,505062.13899999,505063.147000001,505062.6429999955,1.9692514692223329,3.66326343127143,0.6455743034984113,0.4714538442018983,3.719193941580772,1.8855702686925515,0.655769815010697,3.2630519445977817,1.4501342049251216
505062.195439922,505063.193439929,505062.6944399255,505062.238999998,505063.260000001,505062.7494999995,1.5506997212446074,2.553565284672248,0.8073540439241768,0.5233736341618354,2.701574581357427,1.400861243696319,0.6453227044200734,2.171018174506596,1.6025281032181846
505062.29543993,505063.293439926,505062.794439928,505062.351999996,505063.326000002,505062.838999999,1.332237640232345,1.6825642184446736,1.2150626569134033,0.6975056324692124,1.8115093319863527,1.2314574221814256,0.8618004227441836,1.454245229541782,1.7037562075777273
505062.395439938,505063.393439924,505062.894439931,505062.448999994,505063.438000003,505062.94349999854,1.3121000651953418,1.261119595950508,1.651948100850296,0.9015385577487938,1.373239186630206,1.265030578558969,1.139600772631315,1.09704974947944,1.8072739797132078
505062.495439945,505063.493439922,505062.9944399335,505062.546000003,505063.538,505063.04200000153,1.2529864926926977,1.1293291420444027,1.7391745381327826,1.0088996171374551,1.1625551062942372,1.1545408603312781,1.2018749072032502,0.9019565401071051,1.725561230291071
505062.595439943,505063.593439919,505063.094439931,505062.646,505063.651000001,505063.1485000005,1.0842335916974872,1.1096247966453845,1.368411233513657,1.0328962494458986,0.9034610927084724,0.8681434667331706,1.00821507356905,0.8232124237634055,1.5599043972008597
505062.695439941,505063.693439917,505063.194439929,505062.743000001,505063.748000001,505063.245500001,1.1187617045532832,1.198109938196568,1.050161372602894,1.199913776791562,0.7920030502253544,0.8254127152739513,0.9831710321451105,0.9133274239362582,1.9879943272545668
505062.795439938,505063.793439915,505063.2944399265,505062.855000002,505063.829000002,505063.34200000204,1.686421702852861,1.476975429540761,1.5866947954560875,1.8123997069369762,1.135343225774003,1.3637563674370412,1.7026534236736053,1.11473770778812,3.298812966216293
505062.895439936,505063.893439912,505063.39443992404,505062.952000002,505063.926000003,505063.4390000025,2.740497368744812,1.9690480793949594,3.416434978467784,2.866737479904414,2.0491579504416633,2.360199582990076,3.2093972973161087,1.3756008448878325,4.677402736555656
505062.995439933,505063.99343991,505063.49443992146,505063.049000003,505064.026,505063.5375000015,4.035357641408564,2.606423738878965,6.089054552927613,4.342399980064365,3.4348138455249324,3.4187241559299872,5.189385214376213,1.7908606817254207,5.411198961841013
505063.095439931,505064.093439908,505063.5944399195,505063.149,505064.139000001,505063.6440000005,5.199235889209478,3.0819354849820693,8.218201459797339,5.983388001974575,4.940324937890001,4.06306004768669,7.162547789480433,2.2789460442247624,5.865483347639957
505063.195439929,505064.193439905,505063.694439917,505063.262000001,505064.236000002,505063.74900000147,5.628926118669725,3.017696966545719,8.418250188618302,6.818193202069343,5.923865279548011,3.9362386230962843,8.14188052513122,2.5129679823933726,6.262316181955546
505063.295439926,505064.293439903,505063.7944399145,505063.328000002,505064.349000002,505063.83850000205,5.0449723167610045,2.356280207166595,6.880975457731058,6.218824691445972,5.927592931770444,3.24109322374182,7.488353837890827,2.2179719206992186,6.028686263642099
505063.395439924,505064.393439901,505063.8944399125,505063.440000003,505064.449,505063.9445000015,3.835038401875112,1.49355014277024,4.947057370241414,4.631113955681277,5.026670432157419,2.483857331230375,5.672012590472909,1.5931993833151565,4.832846009132103
505063.495439922,505064.493439898,505063.99443991,505063.54,505064.561000001,505064.0505000005,2.723891478309165,0.9298858174814393,3.557386924008573,3.0446679198620736,3.705800271312441,2.005757472292669,3.8551216111085562,1.1544873062049743,3.5380245042025944
505063.595439919,505064.593439896,505064.09443990747,505063.653000001,505064.642999997,505064.147999999,2.214155579539997,0.9409959074725658,2.630327749821349,2.2481564371999134,2.5265681812189094,1.7923752103301525,2.845087757791677,1.3007491506292443,3.428984241856169
505063.695439917,505064.693439903,505064.19443991,505063.750000001,505064.739999991,505064.24499999604,2.2760731225093704,1.5624694021878223,1.8648718173646701,2.1616703214816386,1.848487099745943,1.7737554118193584,2.4998067387635414,1.9835155621156586,4.514008626596331
505063.795439915,505064.793439914,505064.2944399145,505063.831000002,505064.836999988,505064.333999995,2.4210238347483304,2.3898586994839293,1.29322502653887,2.153558878490281,1.6047547813437766,1.8160694173173892,2.1820057875850645,2.682884009024418,5.245834078202916
505063.895439912,505064.893439924,505064.394439918,505063.928000003,505064.936999998,505064.43250000046,2.3002356594644344,2.7875731315716403,1.0851193795727445,1.9725753128502903,1.4799549283906939,1.7753850335448416,1.7752307002255232,2.8451112343174367,4.680935555242305
505063.99543991,505064.993439934,505064.494439922,505064.028,505065.033999996,505064.530999998,1.8053912765460223,2.3599804425323034,1.0045321688614195,1.581587927892407,1.1798561626254003,1.4583399323262582,1.3972048743585335,2.2875848714385247,3.1740438323333318
505064.095439908,505065.093439944,505064.594439926,505064.141000001,505065.145999993,505064.643499997,1.1307675250012676,1.4636254058040765,0.7653347727366449,0.9987703716831272,0.7518580852637327,0.9405800722601301,1.0225124155613363,1.4259525900298353,1.6775064866712581
505064.195439905,505065.193439954,505064.6944399295,505064.238000002,505065.22799999,505064.732999996,0.7057294427606404,0.8975808277616237,0.7005117457932717,0.5512753565718573,0.46938903792654785,0.5536732607463898,0.7283948689229779,0.7557125531782447,0.9892978911842101
505064.295439903,505065.293439964,505064.7944399335,505064.351000002,505065.328,505064.839500001,0.8865725260650625,1.103517555338778,1.473540143292512,0.5938135524311551,0.7444147337218212,0.6984389051041198,0.70217982982,0.5773903049501592,1.1992851838619547
505064.395439901,505065.393439974,505064.8944399375,505064.451,505065.424999997,505064.9379999985,1.7151097200976746,1.8972610839066388,3.166135740500457,1.3494021932401794,1.877502033259078,1.6608403152052613,1.1141112086821394,1.0664613745547025,1.5891638114329392
505064.495439898,505065.493439984,505064.994439941,505064.563000001,505065.536999994,505065.0499999975,2.758033911030541,2.715315956954877,4.557696898780763,2.492629788263838,3.538102825864259,2.98358698265934,1.773339627190952,2.246262431745772,1.757336776784526
505064.595439896,505065.593439994,505065.09443994495,505064.644999997,505065.633999992,505065.13949999446,3.5603946973276592,3.231678058219372,4.622735563164679,3.5913297423814283,5.152942719800174,4.002745670541017,2.264698944503584,3.8256814095013016,1.7913454705097172
505064.695439904,505065.693440004,505065.194439954,505064.741999991,505065.730999989,505065.23649999,4.030840136080452,3.325545665472228,3.8305640166582413,4.555733386503774,6.3394177609034905,4.413707786353339,2.4507662820509797,5.222479872229763,2.1085063184718016
505064.795439914,505065.793440015,505065.29443996446,505064.838999988,505065.830999999,505065.3349999935,4.727210953787189,3.325074069077851,3.9518742755462486,5.971551118299418,7.424510451750546,4.73069649342064,3.015622823787467,6.167393109056249,3.2309652893590917
505064.895439924,505065.893440025,505065.39443997445,505064.938999999,505065.943999996,505065.4414999975,5.773917654632023,3.468869001662393,5.6238284879325295,7.68868029989246,8.415479927383142,5.187411880842632,4.306118170279886,6.507776411939075,4.993177057124067
505064.995439934,505065.993440034,505065.494439984,505065.035999996,505066.040999993,505065.5384999945,6.325029984746456,3.5029073656720353,7.2207549293460245,8.421605697682434,8.468688987123777,5.19232770658607,5.51738777219235,6.004337851385523,6.272229567983434
505065.095439944,505066.093440044,505065.59443999396,505065.147999993,505066.13799999,505065.64299999154,5.738690543134504,3.24335479516992,7.1552362581557585,7.473853319907093,7.132587885942444,4.2433086214758475,5.771720718492287,4.761191684073371,6.12827106185931
505065.195439954,505066.193440054,505065.694440004,505065.22999999,505066.234999988,505065.732499989,4.57822930713723,2.8642588036317207,5.758753427900524,6.029697040463308,5.27153889390547,2.904588324695369,5.372403017461443,3.440253809109201,4.9843411399308
505065.295439965,505066.293440064,505065.7944400145,505065.326999987,505066.334999998,505065.8309999925,3.9861792146126023,2.8306405668800374,4.495041307051251,5.556476452895527,4.2362594918651375,2.222103441594692,5.291711805015161,2.8527407294346863,4.404459922164327
505065.395439975,505066.393440074,505065.8944400245,505065.426999997,505066.431999995,505065.929499996,4.18700472987077,3.1173830081770415,4.038500151533972,5.955083607989443,4.23037021162651,2.4708914916355873,5.515206642209819,3.018814827765706,5.14978789802808
505065.495439985,505066.493440084,505065.9944400345,505065.538999995,505066.544999992,505066.0419999935,4.381282726289543,3.213506142151343,3.9608391669586736,5.985272321515247,4.22947565265168,3.1009835514758097,5.343250048831524,3.0562209266717577,6.16071400006031
505065.595439995,505066.593440094,505066.0944400445,505065.635999992,505066.641999989,505066.13899999054,4.0833267649301135,2.9493148991210862,3.9786624810135027,5.191614065697935,3.6940778278255917,3.6647087342622813,4.646924673923657,2.4746861678628562,6.066625269734
505065.695440005,505066.693440104,505066.1944400545,505065.732999989,505066.741999999,505066.237499994,3.552742698863235,2.5948192206856726,4.0107652144636,4.263762219005484,3.0870092382768735,3.9204055068103125,4.017492907440457,1.7046191096876364,4.823068174535845
505065.795440015,505066.793440107,505066.29444006097,505065.832999999,505066.839000001,505066.336,2.973369879484145,2.246512473323131,3.7188889431668906,3.5280569802572965,2.7019421419368066,3.522129437312133,3.617960354709571,1.202889232879767,3.248579472287562
505065.895440025,505066.893440106,505066.3944400655,505065.945999996,505066.936000001,505066.4409999985,2.230987039382657,1.7369602952014986,2.8199279554757837,2.7589746022191166,2.3078842086419735,2.4280968939604475,2.9931310747369144,0.9200180350010383,1.8829032498244809
505065.995440035,505066.993440104,505066.49444006954,505066.042999993,505067.048000002,505066.5454999975,1.477121540177973,1.1771867282771118,1.7674953215316647,2.052995708106746,1.7908433482218131,1.2709600840096518,2.1071312320491353,0.7392951895519728,0.9110647096756886
505066.095440045,505067.093440102,505066.5944400735,505066.139999991,505067.145000002,505066.64249999647,1.0653797059539314,0.9976159934664004,1.1895660281889517,1.660316952096467,1.4387416701086666,0.7380295150615434,1.3135020850677295,0.7859481927410432,0.3993172109006496
505066.195440055,505067.193440101,505066.694440078,505066.236999988,505067.245,505066.740999994,1.1180624315643073,1.40693291252545,1.022377018533784,1.4328857474848464,1.7413290990223798,0.8640865177290885,0.7902227172430745,1.281049204076682,0.40561623589915313
505066.295440064,505067.293440099,505066.79444008146,505066.336999998,505067.342000001,505066.83949999954,1.5541898343556242,2.2599149406890873,0.8762838338921514,1.2160190031709524,3.1500343821310466,1.2375761165763293,0.5648210849618847,2.294298191505373,0.8345711219181687
505066.395440074,505067.393440098,505066.894440086,505066.433999995,505067.455000001,505066.944499998,2.14524540120766,3.0125066670720595,0.779467105361308,1.15546352115634,5.192709242325652,1.6016938904202211,0.6957698122325622,3.3213259190118984,1.4030270520812387
505066.495440084,505067.493440096,505066.99444009,505066.546999992,505067.536000002,505067.041499997,2.539119948962886,3.1201922849297086,0.9095848186149476,1.3814045068243326,6.533547369599364,1.8304384581027677,1.0812731605552024,3.669123736006407,1.7873952570703568
505066.595440094,505067.593440094,505067.09444009396,505066.64399999,505067.636,505067.139999995,2.627675298135679,2.4878360159111144,1.4430219366495254,1.9673779561064357,6.298091122130372,1.892368976765919,1.7008427826822459,3.15093034776382,2.080933247075998
505066.695440104,505067.693440093,505067.1944400985,505066.743999999,505067.733000001,505067.2385,2.8436375602862376,1.632227661706655,2.5432011181615835,3.2271091481211043,5.156032996714993,2.1356397876576216,2.8118167582906484,2.3834905275559097,2.8595824840813857
505066.795440107,505067.793440091,505067.29444009904,505066.841000001,505067.830000001,505067.335500001,3.4026933936230677,1.0635884583841746,3.7675959849935263,5.074330041852745,4.206368513499528,2.689628068349639,4.232191870087899,2.0011043619146847,4.186739849902343
505066.895440106,505067.893440089,505067.3944400975,505066.938000001,505067.927000001,505067.43250000104,3.862463891392398,0.8428535155627234,4.389993886627805,6.6398041549297515,3.601541238664665,3.22011429715331,5.107880903751893,1.9293874879853328,5.168135646463707
505066.995440104,505067.993440088,505067.49444009596,505067.050000001,505068.040000002,505067.5450000015,3.7138073864438743,0.7998182444687505,4.145105070203813,7.0490558465695505,2.9254910773955514,3.1853401778742514,4.793535690784454,1.8330660192806363,4.979046964973988
505067.095440102,505068.093440086,505067.59444009396,505067.147000002,505068.14,505067.643500001,3.2071159753655047,1.08266253852088,3.609570270554954,6.327863812618576,2.3980250640416383,2.683108975388035,3.7089167981189686,1.8489444293793889,3.9978359143015973
505067.195440101,505068.193440085,505067.694440093,505067.247,505068.237000001,505067.7420000005,3.112570216974837,1.9891215534475928,3.719862917282869,5.400890528862808,2.7511712951448395,2.429136935600602,2.9808110715679645,2.3668254989455084,3.2627419349465123
505067.295440099,505068.293440083,505067.794440091,505067.344000001,505068.334000001,505067.83900000097,3.5686950878302506,3.221186146622341,4.714258035221305,4.864984947824565,3.8078561194423393,2.6822996621167636,3.0390195324887253,3.163779040389979,3.0561772185359874
505067.395440098,505068.393440081,505067.89444008947,505067.457000001,505068.446000001,505067.951500001,3.952516158724912,3.898442323543523,5.801331989247654,4.504674089765541,4.496626056350915,2.95844116215168,3.3975391421199936,3.515695985887581,3.0473785207324076
505067.495440096,505068.49344008,505067.99444008805,505067.538000002,505068.546,505068.04200000095,3.826837550999868,3.571653426438566,6.174313939045447,3.964505722200535,4.21125877211641,2.950838171441741,3.498943001509899,3.153691908640389,3.0894954666059586
505067.595440094,505068.593440079,505068.0944400865,505067.638,505068.643,505068.1405,3.4844693003107654,2.8780471769075713,5.79610110845087,3.3252001971665295,3.4728096361036784,3.2604342504050274,3.280934035442252,2.674178817272938,3.1880491807372557
505067.695440093,505068.693440079,505068.194440086,505067.735,505068.74,505068.2375,3.3313514949659737,2.651754521252927,5.165747409956987,2.813082120531192,3.0284547133557322,4.338800697051883,2.9229368717653905,2.573409658814601,3.1566259669990755
505067.795440091,505068.793440078,505068.2944400845,505067.832000001,505068.853000001,505068.34250000096,3.299764564020247,2.882171099919538,4.478447862861244,2.465507693443832,3.273226004359391,5.38338743907037,2.4432636143700273,2.750298854399997,2.721813943737577
505067.895440089,505068.893440077,505068.394440083,505067.929000001,505068.950000001,505068.439500001,3.49166203951207,3.2340716631326965,3.777668601879896,2.7376557593437143,4.776672674948623,5.60206150815963,2.0271056833417758,3.5939562292965612,2.1841041959936636
505067.995440088,505068.993440077,505068.49444008246,505068.042000002,505069.05,505068.546000001,4.207649450033877,3.620002929379976,3.326453403486739,4.034439882009165,7.513957857984747,5.308956481239836,2.0259015955635635,5.5838129188926695,2.2476705317143146
505068.095440086,505069.093440076,505068.594440081,505068.142,505069.131,505068.6365,5.096821312561784,3.8572377010797827,3.3788887078088568,5.7051885778103735,9.777708868073205,5.042819563161787,2.4224899260273847,7.656192656928361,2.9340444996045223
505068.195440085,505069.193440075,505068.69444007997,505068.239000001,505069.244,505068.74150000047,5.132864753283968,3.4867803860434483,3.4723952555065094,6.258719001579609,9.425728576567316,4.5067396310888235,2.667747098298884,7.866788563014354,3.3780195141727996
505068.295440083,505069.293440074,505068.79444007855,505068.336000001,505069.325000001,505068.830500001,3.9080726610785628,2.369819586158515,2.967888993738582,5.127016822368061,6.476393699224564,3.234130622632337,2.3769169815671294,5.686053925204695,3.026360657734619
505068.395440081,505069.393440074,505068.8944400775,505068.448000001,505069.438000001,505068.943000001,2.218647543146087,1.0823860112743027,1.851747319523628,3.258791261853623,3.1773993349005782,1.6058637021139957,1.834003272679383,2.7590783946996122,2.1799110481235715
505068.49544008,505069.493440073,505068.9944400765,505068.545000001,505069.538,505069.0415000005,1.2296726734452208,0.3835372218635378,0.9290520988075717,2.0256850436096108,1.5108446525119255,0.6192754353131786,1.763814622572539,1.0171623919698694,1.588009920913534
505068.595440079,505069.593440072,505069.0944400755,505068.645,505069.635,505069.14,1.094667811532183,0.22601526483405815,0.7204347991897514,1.6903232984311054,1.228965256278162,0.4432015877374472,2.33649232700676,0.5432056296941651,1.5687043290860143
505068.695440079,505069.693440072,505069.19444007555,505068.742,505069.748000001,505069.2450000005,1.2776876672532627,0.25739189233544235,1.1118695204730338,1.6546530880460746,1.3954893835621305,0.6140186500450977,2.9617990018781297,0.4804390884613217,1.7458407132248708
505068.795440078,505069.793440071,505069.2944400745,505068.855000001,505069.845000001,505069.350000001,1.3908985638896887,0.3670714724512575,1.6069190124611104,1.5183015063475214,1.6738388781970936,0.7857890233635707,3.0447539472454466,0.5018024199354695,1.6287122511160397
505068.895440077,505069.89344007,505069.3944400735,505068.952000001,505069.945,505069.4485000005,1.306916095454464,0.5334200423993352,1.7253932559156104,1.1644321619990001,1.953392541488618,0.814915155088999,2.512394088570818,0.5987911788389623,1.1525903393343695
505068.995440077,505069.99344007,505069.4944400735,505069.052,505070.042,505069.547,1.0730407175677559,0.6807201770572899,1.4495368352503921,0.6629728795141514,2.0504484809652617,0.7174489111603704,1.7570516194283239,0.668873246764327,0.5972735904019306
505069.095440076,505070.093440069,505069.59444007254,505069.133,505070.139,505069.636,0.8840830162334061,0.7385123722941909,1.2246564418435455,0.31985061778190615,1.929260587567891,0.6266789300086983,1.2598193790531191,0.6415306245090081,0.3323551768088905
505069.195440075,505070.193440068,505069.6944400715,505069.246,505070.236000001,505069.7410000005,0.9437787259056503,0.6649300827409206,1.3254025773750078,0.5329674572697924,1.854027452563452,0.6087636661615989,1.3773020721108349,0.5731340425765917,0.6137024564470036
505069.295440074,505070.293440068,505069.794440071,505069.327000001,505070.333000001,505069.830000001,1.4478999509556902,0.5610789920948127,1.6671647951995787,1.6943403246810718,2.290297986832895,0.7025923523889811,2.402021909037874,0.7164180416613849,1.5492852057489233
505069.395440074,505070.393440067,505069.8944400705,505069.440000001,505070.433,505069.93650000053,2.5712378767706445,0.6771950995510525,2.583945575619339,4.122301301598378,3.1922131268176384,1.1716896031452355,4.537289322282458,1.2148069795185754,3.07046200563248
505069.495440073,505070.493440066,505069.99444006954,505069.54,505070.545,505070.0425,4.587373568480167,1.4526990062047722,5.1839374009969275,7.740285388770106,4.680091084280676,2.696873220689149,7.681599450016696,2.1468348262687718,5.116668170614243
505069.595440072,505070.593440065,505070.09444006847,505069.637,505070.658000001,505070.1475000005,7.075159280362524,2.8613192366929203,9.331190067073418,11.224821764154619,6.800761050300766,5.116286527168834,10.789669132741281,3.3160090711341943,7.161217393634158
505069.695440072,505070.693440064,505070.194440068,505069.750000001,505070.755000002,505070.25250000146,8.597630491258737,4.050845197703691,12.523791198914177,12.489755550252795,8.561243802277986,6.940209593199687,11.998584755197744,4.139226463471356,8.077387369052467
505069.795440071,505070.793440062,505070.2944400665,505069.847000001,505070.855,505070.3510000005,7.939219791301316,4.10593347584174,12.16761345636569,10.549887099373068,8.533795751977058,6.711670330276352,10.265466049725713,4.076139286350274,7.103252880500625
505069.89544007,505070.89344006,505070.394440065,505069.947,505070.952000001,505070.44950000045,5.5335472975571065,3.0840213646770875,8.454117962858554,6.629535374589107,6.544244823174564,4.768164574109689,6.696973475899481,3.2148807907740586,4.876440014374307
505069.99544007,505070.993440059,505070.49444006453,505070.044,505071.049000001,505070.5465000005,3.0737044627809986,1.8688734178559012,4.112373592961548,3.061348064172048,4.010107274205099,2.812574707613986,3.5706716645637573,2.2357039658065885,2.917983015069062
505070.095440069,505071.093440057,505070.594440063,505070.141,505071.146000001,505070.6435000005,1.7432231401165748,1.1708492302598998,1.514664206642828,1.1776018158269057,2.3789013924075677,1.9138479192633753,2.0611518874854244,1.6259883738021277,2.1027802952444694
505070.195440068,505071.193440055,505070.6944400615,505070.238000001,505071.259000002,505070.7485000015,1.3001232500873188,0.9091797367018063,0.6422659153376644,0.5951210298978022,1.7927616654091891,1.5821350487186336,1.544605499074816,1.4197680224823515,1.915149083076287
505070.295440067,505071.293440054,505070.7944400605,505070.335000001,505071.359,505070.84700000053,1.0488792229147172,0.7884663738108278,0.4978669617868561,0.42915228176845094,1.454320704068702,1.1371714777790283,1.0938876219623146,1.3175555353101889,1.6726128268313696
505070.395440067,505071.393440052,505070.8944400595,505070.435,505071.440000001,505070.93750000047,0.8885670308342095,0.7715194823548527,0.47767036122127515,0.3840860790289524,1.1865301050947974,0.6830902996969075,0.6899263058594722,1.2220717288963319,1.6936418845210865
505070.495440066,505071.49344005,505070.994440058,505070.547,505071.553000001,505071.0500000005,1.0322060601975855,0.9919812748762783,0.5441488635206401,0.5495054237309804,1.338665211974146,0.5540340844113383,0.7525222593414548,1.1952954048268465,2.331495958899
505070.595440065,505071.593440049,505071.094440057,505070.660000001,505071.634000002,505071.1470000015,1.4661937947080015,1.3882850005952512,0.9859801712481754,0.9853028123669972,1.9400515030877792,0.701122430002902,1.4032780029869727,1.20775648169634,3.1177739556795934
505070.695440064,505071.693440047,505071.1944400555,505070.757000002,505071.734,505071.245500001,1.870346612731,1.7043599251467314,1.8777063849867197,1.4933426218882406,2.5011083745218032,0.7925186957216968,2.1992915820383865,1.2172162451625033,3.177229072381918
505070.795440062,505071.793440045,505071.2944400535,505070.857,505071.831,505071.34400000004,1.9807835828172728,1.7275127751896806,2.8168336023002816,1.8203870394624944,2.5929054989687654,0.7442846524129348,2.605159155553213,1.1910398211615336,2.348146117489278
505070.89544006,505071.893440044,505071.394440052,505070.954,505071.944000001,505071.4490000005,1.782241759093016,1.4335341246589588,3.1204404346438226,1.896592779107087,2.2769353347797265,0.7140927298719708,2.499754257296343,1.0873482232662888,1.22923618911993
505070.995440059,505071.993440042,505071.4944400505,505071.051000001,505072.041000001,505071.546000001,1.5865060868711143,1.1691921990126914,2.700874752636519,1.9669040407656284,2.1371061923209265,0.9188230547280282,2.300094906482073,0.9919829354659853,0.5070706135570626
505071.095440057,505072.09344004,505071.5944400485,505071.148000001,505072.138000002,505071.6430000015,1.5702798592862637,1.1873742058885668,2.059951504047161,2.0659439078758686,2.453222419323758,1.2712111914957693,2.25197868348873,0.9792887075752441,0.2932682545950125
505071.195440055,505072.193440039,505071.694440047,505071.261000002,505072.238,505071.74950000097,1.647285836735651,1.4247096713670253,1.8097558216115295,2.0537320081430797,2.833986724433003,1.5320164497586375,2.1910121838228758,1.0034212623077472,0.32965257244131063
505071.295440054,505072.293440037,505071.7944400455,505071.361,505072.350000001,505071.8555000005,1.9481918318083469,1.8506620282294068,2.353619204339775,2.2911894129965096,3.0174561295086675,1.7669310184968512,2.3477698046384297,1.194012765802011,0.7638942904551242
505071.395440052,505072.393440036,505071.89444004395,505071.442000001,505072.447000001,505071.94450000103,2.626503151822989,2.43677088971967,3.5140567346474523,3.2332117673091663,3.0919707588035275,2.1507003145904875,3.055566141122567,1.652571383267411,1.8771772251236294
505071.49544005,505072.493440034,505071.994440042,505071.555000001,505072.560000002,505072.0575000015,3.378624968867407,2.9038352874316464,4.540528298907688,4.475766245713523,3.101504757658027,2.5225959992598623,3.9789279279920464,2.1070324107387957,3.3988088232376668
505071.595440049,505072.593440032,505072.0944400405,505071.636000002,505072.641000002,505072.138500002,3.638456279934764,2.8419652025176054,4.656030209966213,5.014035859567928,2.904311358220955,2.535901679905019,4.333157785887753,2.131173752041267,4.691074391371372
505071.695440047,505072.693440031,505072.194440039,505071.733000002,505072.741,505072.237000001,3.1342518001643667,2.1406087480254454,3.8056915035586028,4.321704064956766,2.401986690546138,2.156805827342558,3.7266345397483533,1.6015441890033395,4.91903883813373
505071.795440045,505072.793440029,505072.294440037,505071.833,505072.854000001,505072.3435000005,2.3207431507407885,1.2493499295638624,2.736372817159339,3.0486781645813323,1.886047777782255,1.8457761908507826,2.780637984985666,0.9594445824877854,4.059637758515285
505071.895440044,505072.893440028,505072.39444003603,505071.946000001,505072.966000001,505072.456000001,1.9575446798033196,0.7872068676082039,2.364386496425572,2.304335229738615,1.810246071719996,2.2899904324118916,2.380515311200755,0.7805075225079041,2.9431695068136197
505071.995440042,505072.993440026,505072.49444003403,505072.043000001,505073.032000001,505072.537500001,2.27406894628847,0.8363476219879677,2.8049943983293506,2.4846222261488893,2.1890184068364764,3.4294171797467783,2.7106346939097175,1.1309222525271438,2.6065947908214344
505072.09544004,505073.093440025,505072.5944400325,505072.140000002,505073.132,505072.636000001,2.632301051400419,1.0013710833652627,3.2741416793612146,2.8165213500344564,2.484158264885267,4.2619162752768185,3.0022882704660177,1.485094841971764,2.7329166458425513
505072.195440039,505073.193440024,505072.6944400315,505072.24,505073.229,505072.7345,2.5180046414005286,0.975631970144019,3.220273391354759,2.6786129222786044,2.300972457507231,4.0478137199487545,2.766455440287703,1.5020149107126728,2.6522623189704855
505072.295440037,505073.293440023,505072.79444003,505072.352000001,505073.357000001,505072.854500001,1.9208974057323658,0.7952454871282468,2.8070388923901053,1.958456260700896,1.6858136702043074,3.0124562811289466,2.0207224911206714,1.1659655514880367,1.9214806116977163
505072.395440035,505073.393440021,505072.894440028,505072.449000001,505073.454000001,505072.951500001,1.3231721515991675,0.7915493744987981,2.564239841244376,1.0988710559135275,1.1265299082829459,1.9779324240177363,1.2698478956994854,0.8252282193505257,0.9311784937859439
505072.495440034,505073.49344002,505072.99444002705,505072.562000002,505073.551000001,505073.0565000015,1.1103467496128931,1.1432943923616807,2.6422815029328666,0.6180969005335426,0.9478573595662285,1.4888559382914401,0.91603042481885,0.7988158985726614,0.32754157982587495
505072.595440032,505073.593440019,505073.0944400255,505072.643000002,505073.651,505073.14700000104,1.072381968249208,1.5033507365945653,2.505355750876207,0.45502321708827526,0.8891779096133221,1.2374874810540835,0.7623284666587913,0.9314413811967295,0.29489080291168934
505072.695440031,505073.693440017,505073.194440024,505072.743,505073.748000001,505073.24550000054,0.9131136219769234,1.5114124502087745,1.7933216970944263,0.3207840166700916,0.7586680018830859,0.9314155292053076,0.592455674642135,0.9710591678974814,0.4257924382140852
505072.795440029,505073.793440016,505073.2944400225,505072.856000001,505073.861000001,505073.358500001,0.8115923613789026,1.2930751860524892,0.9666958296645893,0.31038502155615677,0.8628557676594405,0.9106576742296181,0.676137954397703,0.9925826190691358,0.4803488384020881
505072.895440028,505073.893440015,505073.3944400215,505072.968000001,505073.942000001,505073.455000001,0.9299167849015952,1.1437113896913758,0.5961399127412759,0.4788376288855395,1.2329114084032806,1.4348718599777643,1.086970149758109,1.055234550287484,0.4106573794679331
505072.995440026,505073.993440014,505073.49444002,505073.034000001,505074.042,505073.5380000005,1.097841764135535,1.1091852439652803,0.661545761283433,0.663976381503072,1.5192528079897456,1.9903881972460458,1.489961648680068,1.0639131722624344,0.2845109001542007
505073.095440025,505074.093440012,505073.5944400185,505073.134,505074.139,505073.6365,1.0665186931992323,0.9868185555354093,0.7164630046113618,0.7220143456536934,1.364336556176777,1.9533857788972129,1.5740881848532902,1.012731618540857,0.2023115013252565
505073.195440024,505074.193440011,505073.6944400175,505073.231,505074.252000001,505073.7415000005,0.9417109765401114,0.7838350840780488,0.6896529263240491,0.7104210935199493,0.9141711841027873,1.8499628233908907,1.385935394749143,0.8822542431420421,0.31745506301398013
505073.295440022,505074.29344001,505073.79444001603,505073.359000001,505074.349000001,505073.854000001,0.8895537674536048,0.67754008214621,0.862481185210492,0.7935324005491009,0.5542805043858057,1.9175414979412038,1.1216762642306586,0.698777186729479,0.49060101843588877
505073.395440021,505074.393440009,505073.89444001496,505073.456000001,505074.462000001,505073.95900000096,0.9744694052040987,0.7667648451608882,1.3036363190302689,0.9889052654764494,0.4386635877541144,2.164011209615979,0.8676263106614994,0.6484699204313641,0.6176777835022258
505073.49544002,505074.493440007,505073.9944400135,505073.553000001,505074.562,505074.05750000046,1.0560891206258938,0.8630389126845222,1.6522485062614911,1.0668552476844808,0.40590085435877865,2.5023551927004726,0.6359614866210874,0.5835071341402683,0.7388456305560485
505073.595440019,505074.593440006,505074.0944400125,505073.653,505074.659000001,505074.1560000005,1.0241950654196406,0.816291334751122,1.5706994920789383,0.8417687720851768,0.3377013823152045,2.6904602469683008,0.5122518753157819,0.44093541506098183,0.9834520047816189
505073.695440017,505074.693440005,505074.194440011,505073.750000001,505074.756000001,505074.25300000096,1.119478779772551,0.7211559411269942,1.3114515676802092,0.5626399243408009,0.3127104738171994,3.2488770200745205,0.6091053530800381,0.4589539224572428,1.730936035603401
505073.795440016,505074.793440004,505074.29444001,505073.863000001,505074.853000001,505074.358000001,1.6080945518699061,0.8100601201592151,1.4829532004305337,0.6468444841203037,0.5446059805657684,5.215774753058831,0.9110364610089976,0.7444200498770741,2.5090613657385257
505073.895440015,505074.893440002,505074.3944400085,505073.944000001,505074.953,505074.4485000005,2.287457223021919,1.0856003462851973,2.1288133447493367,1.1052524183822823,0.9319416708188506,7.984813564290755,1.2865165232226552,0.9688259651298463,2.80789395129643
505073.995440014,505074.993439998,505074.494440006,505074.044,505075.050000001,505074.5470000005,2.7954171832923023,1.3351359279573178,2.5399655574253077,1.5652483555066166,1.2143466797140565,9.890167127653097,1.5121255305950794,1.1198850872080683,3.186463200278875
505074.095440012,505075.093439994,505074.594440003,505074.141,505075.131000002,505074.636000001,3.199743550869898,1.45490672730691,2.4667692768684955,1.7736665397325866,1.305916359440849,10.85843395473659,1.6344260671822812,1.3596162603488033,4.744213221342667
505074.195440011,505075.193439989,505074.69444,505074.254000001,505075.259000004,505074.75650000246,4.2532783613617555,1.6472197734456915,2.5234651791069,2.0590923701439756,1.4834371169929392,12.164727338380281,2.1381541325816897,1.520736165792129,10.489394814450437
505074.29544001,505075.293439985,505074.7944399975,505074.351000001,505075.356000005,505074.853500003,7.019131919483214,2.0993697576970893,2.963538121761549,2.8464672504406927,2.038890712966262,15.390286394709392,3.2217954160317626,1.6921220712270162,25.900585631031944
505074.395440008,505075.39343998,505074.894439994,505074.464000001,505075.456000001,505074.960000001,11.772526788545894,2.70137577422445,3.2651973877808054,4.21881167853846,2.7400542516961486,19.015619408485442,4.400705190906178,1.991445019505542,55.847005597230115
505074.495440007,505075.493439976,505074.99443999154,505074.564,505075.538000002,505075.051000001,13.600327709519803,3.1967181193501366,3.0373960059661904,5.846274482886562,3.419269440523731,20.250353091978404,4.9200962448137,2.2576438488192703,65.87487044182043
505074.595440006,505075.593439971,505075.0944399885,505074.661,505075.635000003,505075.1480000015,12.734746246335773,3.675399882465374,3.4771747389838654,7.350694084314576,5.381192129409443,19.451586450815405,4.719684550562633,2.7175710888118374,55.10466704532305
505074.695440005,505075.693439967,505075.194439986,505074.758000001,505075.747000004,505075.2525000025,10.966586854321974,4.456836563876735,6.622005371488877,8.896103053729977,6.660865357080816,17.526452338514172,4.652473770951411,3.7382605333225647,35.17969784561124
505074.795440004,505075.793439962,505075.294439983,505074.855000001,505075.860000006,505075.3575000035,10.510460316049578,5.208173686067512,11.700109401100473,10.480496827309207,6.9734218670817,18.410051457069972,4.948045691418981,4.021926908781481,22.341456689567295
505074.895440002,505075.893439958,505075.39443998,505074.952000005,505075.960000001,505075.45600000303,12.875705798385171,5.234473168526828,15.10292264107342,11.412575292169445,8.271310625478053,33.411360083945794,5.084790463656579,3.956104761622792,20.532109350608454
505074.995439998,505075.993439953,505075.4944399755,505075.052000001,505076.057000002,505075.5545000015,14.023380106507737,4.18943397292556,14.072983702894408,10.632373626498538,7.707851015716237,46.53283671568596,4.442299787626973,4.044845821166888,20.56441620954734
505075.095439994,505076.093439949,505075.5944399715,505075.133000002,505076.154000004,505075.64350000303,11.381995778841311,2.572750976164881,9.47571793979813,7.5909832365400165,4.644317138257925,46.524882126034,2.872401467582,2.7393600118904864,14.635553334463065
505075.195439989,505076.193439945,505075.694439967,505075.261000004,505076.251000005,505075.7560000045,7.867637952895812,1.2853078241086464,4.715102574459417,3.5975457909777027,3.8081998811711184,40.15458209581953,1.2140725860541357,1.1071471978085419,7.059145672767412
505075.295439985,505076.29343994,505075.7944399625,505075.358000005,505076.351,505075.8545000025,6.372155411025469,0.971574552962775,2.367425563220721,2.009685320187674,4.6326512770568264,32.689112964642106,0.5059081518172831,1.9742151111178983,5.826670347198468
505075.39543998,505076.393439936,505075.89443995804,505075.458,505076.448000002,505075.953000001,5.360704451165512,1.3257649748124132,1.843931381078681,3.089362909344103,3.769596631244214,24.83912803560596,0.5022868754485398,3.6017920245324877,3.913772777257698
505075.495439976,505076.493439931,505075.9944399535,505075.540000002,505076.545,505076.04250000103,6.271316141410194,1.7092122858058891,1.664442016964242,3.5968384597502774,3.004526540828551,32.33456624506606,0.5900572645510469,3.744846783276991,3.5260395350385005
505075.595439971,505076.593439932,505076.09443995147,505075.637000003,505076.641999998,505076.1395000005,6.225524707888841,1.7180956966491916,1.3823897329170036,3.5044026412954032,2.8679307589313714,32.83496439180324,0.6194760549685387,3.529477782019353,3.347460604526626
505075.695439967,505076.693439934,505076.1944399505,505075.749000004,505076.754999998,505076.252000001,5.199102537603362,1.2712233736227896,1.1211733679381186,3.6903777225379586,2.0953788921067673,27.199436372552103,0.6480806228783341,2.9491313262389114,2.6180186229519076
505075.795439962,505076.793439936,505076.294439949,505075.862000005,505076.855,505076.35850000253,3.9632177171415126,0.7579154412111091,1.2072397404922146,3.1518246065955102,1.2510174413125763,20.876421149909902,0.8931898416838814,1.9107963828435481,1.6573371330833604
505075.895439958,505076.893439938,505076.394439948,505075.962000001,505076.951999999,505076.457,2.92635935007776,0.6239424215751501,1.8638346138639004,1.8697526003842095,1.0303946778698487,14.305786487562196,1.4910492443998913,1.1227373869167632,1.1033773680501213
505075.995439953,505076.99343994,505076.4944399465,505076.059000002,505077.032999998,505076.546,2.332901160095957,0.8403758177573878,2.635353222425692,1.506317068717909,0.96786141876426,8.601884942677572,2.1592470150661907,0.9734233943402057,0.9787464010184382
505076.095439949,505077.093439942,505076.59443994553,505076.156000003,505077.160999998,505076.6585000005,2.0344133209460713,0.999321618665675,2.7849875302981877,1.3885239881990947,0.9716313823467336,5.105390448005394,2.438112962979197,1.2592050769878225,1.3281335600864663
505076.195439944,505077.193439944,505076.694439944,505076.253000005,505077.261,505076.7570000025,1.7214490879550974,0.8516668837772232,2.0899412778030726,1.9232682525231906,0.9738638112913658,2.93536368792438,2.2143831732307033,1.148576413504392,1.6345292035864516
505076.29543994,505077.293439946,505076.79443994304,505076.353,505077.342999999,505076.84799999953,1.267750258447883,0.5503671090240427,1.7108594924552314,1.7938441314008413,1.4618892128305592,1.0000928815374128,1.9341530372678404,0.5885279446998755,1.1022682583672627
505076.395439936,505077.393439948,505076.89443994197,505076.450000002,505077.454999999,505076.9525000005,2.1244547505602043,0.4142877096789373,2.3425305384473902,2.2389013210131408,2.5199034857751026,5.620483799450076,2.038693960055068,0.8043741581901069,1.0164630318718106
505076.495439931,505077.49343995,505076.9944399405,505076.547,505077.551999998,505077.04949999903,3.3817244132547364,0.4584450474677312,3.3717028646463874,2.4093211922003483,3.7875267501122707,11.582352450560132,2.3502158236186905,1.1126345697055346,1.9815966077267997
505076.595439932,505077.593439952,505077.09443994204,505076.643999998,505077.648999998,505077.146499998,3.794649003926777,0.5435599998525265,3.5623306324719017,2.184641481765258,4.837751452950094,13.778322526074263,2.3362216583683715,0.7190219936093674,2.3953422863224305
505076.695439934,505077.693439954,505077.194439944,505076.756999998,505077.749,505077.252999999,3.3870082750843222,0.5071424277876706,2.9284806539445123,1.9252181475676506,4.512550904679054,12.789831803629944,1.7937863332968376,0.5684697540032677,2.0705861757656416
505076.795439936,505077.793439956,505077.29443994595,505076.857,505077.830999999,505077.3439999995,2.5840452884768226,0.3868115940189495,2.2254572470355445,1.8852641785407234,2.87535032932807,8.895806788796678,1.0323295499911498,0.7364588832883727,2.6348837368150906
505076.895439938,505077.893439958,505077.394439948,505076.953999999,505077.942999999,505077.448499999,1.7625963530847477,0.24472286798971704,1.647738340340779,1.6900211975210335,1.2281077501067441,3.818462948692047,0.42325385361209944,0.6024448462523555,4.446019020163207
505076.99543994,505077.99343996,505077.49443995,505077.034999999,505078.039999998,505077.53749999846,1.189723661313354,0.1410387931365662,1.2666909848064671,1.2433626757355758,0.4985916840530105,1.003876350035978,0.2877751054185535,0.3386490691997234,4.737804628120957
505077.095439942,505078.093439962,505077.594439952,505077.162999998,505078.14,505077.651499999,0.8923087471645071,0.1117905305141844,1.1985730167199116,0.7732733424953515,0.2761610556480502,0.37992423751783666,0.5508427853507043,0.23181902499596108,3.616085984074058
505077.195439944,505078.193439964,505077.694439954,505077.263,505078.236999999,505077.7499999995,0.9440512229108431,0.22567818251904564,1.3203414169002334,0.5073654405862968,0.2657779178317524,0.1818701410877452,0.9204133994840303,0.2134352551743128,3.917528029703328
505077.295439946,505078.293439966,505077.79443995596,505077.344999999,505078.333999999,505077.83949999895,1.171729321495787,0.4646199332185829,1.2767303649264332,0.5782564206497918,0.40492408503576893,0.43652823662561835,1.17025716656666,0.3375201902280336,4.704998174715406
505077.395439948,505078.393439968,505077.89443995804,505077.456999999,505078.461999998,505077.9594999985,1.4459340667671583,0.8093338918552483,1.2771288905985236,0.9645121194946519,0.6685652241796474,0.7048170442905535,1.3135203181305624,0.774486371929625,5.055108673658454
505077.49543995,505078.49343997,505077.99443996,505077.553999998,505078.543999998,505078.048999998,1.9106022477989189,1.267737400861854,1.8707158291410622,1.5336630501636999,0.94772355691758,1.092349226674675,1.509687272530032,1.2717750450903438,5.791166601012104
505077.595439952,505078.593439972,505078.094439962,505077.650999998,505078.644,505078.147499999,2.2142882395776473,1.6488826514174866,2.7468611892967316,2.0326316132450337,1.0571940802859543,1.3952842026793473,1.7199381074362128,1.4423759574944697,5.67113811476594
505077.695439954,505078.693439974,505078.194439964,505077.751,505078.740999999,505078.24599999946,2.134693673674071,1.6511491105348908,3.053917905891119,2.0660412268791344,0.9274179666135256,1.4037584265146963,1.69003669935775,1.1731619822913912,5.112066071310062
505077.795439956,505078.793439977,505078.2944399665,505077.832999999,505078.821999997,505078.32749999803,1.816741564434057,1.2180716847332473,2.433519084792922,1.5010127296185618,0.7160924690320511,1.0559857506640953,1.3024418772132358,0.7277818018243372,5.579027117594005
505077.895439958,505078.893439981,505078.3944399695,505077.944999999,505078.934999996,505078.4399999975,1.3916275984328756,0.7911255311329337,1.3728492646552772,0.8741921224236576,0.7128698588556106,1.0310113068043927,0.8627466411913953,0.46567964454652644,5.022546417853212
505077.99543996,505078.993439985,505078.49443997245,505078.041999998,505079.062999995,505078.5524999965,1.304671067789838,0.7004216585575381,0.6260407185344211,0.534606447508497,0.9003477524658954,1.1796180963241267,0.6918629398072511,0.523061139739921,5.281409789381055
505078.095439962,505079.09343999,505078.59443997603,505078.138999998,505079.162999999,505078.6509999985,1.4525753197807507,0.9381871068456307,0.43993262878703365,0.37945355012337123,1.0332459150027051,1.2431055650957,0.7845089053838246,0.6903196660030578,6.111849221004684
505078.195439964,505079.193439994,505078.69443997904,505078.238999999,505079.259999998,505078.7494999985,1.3014329306918073,1.3260013614352846,0.5363218612528742,0.375439866018718,1.0179451784278015,1.2349931408551191,1.1301373593509378,0.7989583901988392,3.9916662879948834
505078.295439966,505079.293439998,505078.79443998204,505078.335999999,505079.356999997,505078.846499998,1.6747193473481918,1.9554960006799633,1.0531516106370449,0.9840744404519524,1.2653985436752562,1.3039600075159667,2.006887533978916,1.271214516279277,3.557572125567159
505078.395439968,505079.393440002,505078.894439985,505078.463999998,505079.453999995,505078.95899999654,2.931829786869107,2.9217264636688554,2.250139142754914,2.4748064623626487,2.056802926915637,1.893357116469333,3.2567191588937323,2.240079326750843,6.361007697136889
505078.49543997,505079.493440007,505078.9944399885,505078.545999998,505079.554,505079.049999999,3.898127753225474,3.7885083672761266,3.640153704633783,4.158859012953282,2.86759775136885,2.694960205090855,4.034357483122901,3.065805776710147,6.9347797246478455
505078.595439972,505079.593440011,505079.0944399915,505078.646,505079.634999998,505079.140499999,3.8855867131597916,3.813524825386423,4.205991870373003,4.7065011312000795,2.9291742344959637,2.8991185190855404,3.7152267561691206,3.0615574624651782,5.753598906103024
505078.695439974,505079.693440015,505079.1944399945,505078.742999999,505079.763999997,505079.253499998,3.1911427225883138,2.901603344817129,3.6446030130210394,3.8232541942472293,2.2593446769519185,2.411563611577647,2.7778463651824743,2.2594899990993706,5.451436575809704
505078.795439977,505079.793440019,505079.294439998,505078.823999997,505079.860999996,505079.34249999654,2.401742263859218,1.815756488743045,2.6417412130780975,2.5701835972009555,1.583951168727861,2.0020240479882796,2.2034681234326814,1.3971185910196655,4.999694880683158
505078.895439981,505079.893440023,505079.39444000204,505078.936999996,505079.925999995,505079.4314999955,2.2158725439511384,1.3500055074943718,2.072529614532258,2.021316732692701,1.5682496923441906,2.2755205285892535,2.28838224348795,1.1706133934089444,4.98036263905944
505078.995439986,505079.993440027,505079.4944400065,505079.064999995,505080.025999999,505079.545499997,2.571355104368296,1.5611133361003142,2.0406726807357525,2.049548118944573,2.120981367304784,2.9400016400247515,2.490514159332224,1.5271295304470858,5.840880002056882
505079.09543999,505080.093440032,505079.59444001096,505079.164999999,505080.138999998,505079.6519999985,2.6437148840965032,1.7638066395080074,1.8936613913148612,1.8436434063955882,2.458028751664104,3.115971673471505,2.20309194203999,1.7778415533018421,6.093673715076129
505079.195439994,505080.193440036,505079.694440015,505079.261999998,505080.251999997,505079.75699999754,2.1667712359194113,1.5280618712575234,1.359713220695177,1.2646153301654626,2.147619808097827,2.47863264616029,1.511774819915136,1.567231298982816,5.47652089208106
505079.295439998,505080.29344004,505079.794440019,505079.358999997,505080.363999996,505079.8614999965,1.5044442992303642,0.9926717185443,0.829272000815697,0.6887589134190125,1.4231555551896578,1.4836649377576487,0.8097615565841993,1.0269357666380357,4.781333944894362
505079.395440002,505080.393440044,505079.894440023,505079.455999996,505080.464,505079.959999998,1.095637481026944,0.5230531252553988,0.5929398495032322,0.5092960134880566,0.8151644059846404,0.7283372254796743,0.3933305475682317,0.5328753446487137,4.670103336287604
505079.495440007,505080.493440048,505079.9944400275,505079.556,505080.545999999,505080.0509999995,0.9919104203185047,0.3121539892928333,0.6213054081244291,0.7434379897144636,0.5572744978497916,0.40296665397474196,0.32855913333444103,0.30589524541790736,4.66369044483943
505079.595440011,505080.593440052,505080.0944400315,505079.636999999,505080.642999997,505080.13999999803,1.2421603115736264,0.5293940980180638,0.945943669468986,1.3299271590453332,0.7092956622999803,0.5059945407182769,0.6234145958399837,0.4742292322071864,4.819083534991201
505079.695440015,505080.693440056,505080.1944400355,505079.765999997,505080.739999996,505080.2529999965,1.988390489584781,1.4671830540177542,1.852635480151947,2.4333287912789308,1.336673960107122,1.196959778012996,1.4458703102791344,1.3285314808959474,4.845941061934418
505079.795440019,505080.79344006,505080.2944400395,505079.862999996,505080.837,505080.349999998,3.321602452093276,3.033352337911707,3.302018970839058,4.003100241918929,2.4966764246584168,2.4957770139282607,2.737447423360771,2.9164655942134665,5.587981609915598
505079.895440023,505080.893440061,505080.394440042,505079.927999995,505080.937000001,505080.432499998,4.592181427509104,4.323989841264777,4.60350728412814,5.311244586477455,3.608955742489974,3.7741350395613122,3.790450960044158,4.413475760598928,6.91169220550808
505079.995440027,505080.993440054,505080.4944400405,505080.027999999,505081.049000003,505080.538500001,4.768540251820916,4.4066774992758955,5.014330042245664,5.4966358062452345,3.719723169462452,3.9746656088411,3.8505347970949995,4.721118834202828,6.964636257199152
505080.095440032,505081.093440047,505080.5944400395,505080.140999998,505081.131000005,505080.6360000015,3.770089475744878,3.322960616826202,4.543296298010757,4.4177666023194035,2.7658051330704208,2.895742674853547,2.935649283875177,3.65936492297306,5.620130274030459
505080.195440036,505081.193440041,505080.6944400385,505080.253999997,505081.228000007,505080.741000002,2.799900123269187,2.1971695281668966,4.050679751884376,3.021034804314568,1.9641395167188205,1.5727784397470046,2.043112643608401,2.3932663751004584,5.1570199266129695
505080.29544004,505081.293440034,505080.794440037,505080.365999996,505081.328,505080.846999998,2.637008938711835,2.044965727438421,4.281665773043258,2.3889494075224564,2.0833997578794277,1.0170218771113284,2.110879021957882,2.1030777871964688,5.066112157545441
505080.395440044,505081.393440027,505080.8944400355,505080.466,505081.440000002,505080.953000001,2.989847083196182,2.5864158236759844,4.844240555948429,2.4779052831023876,2.6616170711615874,0.9297981241472407,2.7446720524153854,2.5368911129780853,5.137236642140358
505080.495440048,505081.49344002,505080.99444003403,505080.547999999,505081.537000004,505081.0425000015,3.2777067679908356,2.8573350029477655,4.74224489285257,2.453352305968996,2.9526542914628777,0.9538364131559551,2.9092960361032185,2.67017928256781,6.682755918867491
505080.595440052,505081.593440013,505081.0944400325,505080.644999998,505081.666000006,505081.155500002,2.8137499118288547,2.5074163813080252,3.6559713146104555,1.9656455179378816,2.4948790034958352,0.947997607333526,2.335432478057767,2.2331776441103437,6.3694793477770055
505080.695440056,505081.693440006,505081.19444003096,505080.741999996,505081.731000008,505081.236500002,1.967617886422622,1.869676421546717,2.1724622065315966,1.2563614150747553,1.7977555349421221,1.0964647917425854,1.5556105214225664,1.6487565797746184,4.343855620346015
505080.79544006,505081.79344,505081.29444003,505080.839,505081.831000001,505081.3350000005,1.6084144242341214,1.4409485738137973,1.1671584316183146,0.7605770414098975,1.5959574878664369,1.5937189496804218,1.2122004842151521,1.345940832732233,3.7508135925367183
505080.895440061,505081.893439993,505081.39444002695,505080.939000001,505081.944000003,505081.441500002,1.568538635471987,1.1966392638557846,0.7853475452754604,0.616647129898799,1.5307083738249843,1.9262483289693924,1.1702841704158928,1.1666185806055398,4.1558156909300425
505080.995440054,505081.993439986,505081.49444002,505081.051000003,505082.041000005,505081.546000004,1.333748514443994,0.925120555327252,0.5988967445206357,0.5864196969118667,1.1720847381690582,1.7186367253755153,1.058833792348045,0.89818124257808,3.7118146203214994
505081.095440047,505082.093439979,505081.594440013,505081.133000005,505082.154000006,505081.6435000055,1.1817230418376274,0.7944497475170279,0.6237704305416533,0.841209841327252,0.9318219324810714,1.2691417968320042,1.0404133280513883,0.7908511810193054,3.1621260769313175
505081.19544004,505082.193439973,505081.6944400065,505081.230000007,505082.266000008,505081.7480000075,1.4996861726113226,1.0546083458035764,1.0628159426189627,1.4966146320656752,1.2637218204513334,1.1274227186963144,1.4605081303554401,1.0962389882510442,3.435558802648236
505081.295440034,505082.293439966,505081.79443999997,505081.342000009,505082.366000002,505081.8540000055,2.1346994901251564,1.5373611389633122,1.7443398305068032,2.167753673924995,1.9647111497019814,1.3847894510237082,2.1171748526527305,1.58445958484407,4.57700623938365
505081.395440027,505082.393439959,505081.89443999296,505081.442000002,505082.448000004,505081.945000003,2.4404527670319167,1.7557647375929086,2.062100018025578,2.294732407671081,2.3293179103364965,1.668123816076466,2.373634489120806,1.7998158633382793,5.240132894093717
505081.49544002,505082.493439952,505081.994439986,505081.539000004,505082.529000006,505082.034000005,2.0762398960856427,1.4912095480379417,1.722261905045095,1.796913135592352,2.025870162995852,1.6598022505183454,1.970142731694292,1.5962547904281923,4.347464644373071
505081.595440013,505082.593439945,505082.094439979,505081.668000006,505082.642000008,505082.155000007,1.6335933101048206,0.9381604729219181,1.0631100220798622,1.2167043229037184,1.5715976083191125,1.5470789804548806,1.3346667652019353,1.22019736829079,4.177230940666346
505081.695440006,505082.693439938,505082.194439972,505081.733000007,505082.742000001,505082.237500004,1.4782580192426165,0.5127937521050233,0.6881825549385655,1.0814571719927062,1.2911621301383602,1.5607137747303337,1.1153296996480766,1.002080590892798,4.5743444794950685
505081.79544,505082.79343993,505082.29443996504,505081.833000001,505082.839000003,505082.336000002,1.4198815091672974,0.4488249417177742,0.7454399325104241,1.3020445554428404,1.0954255823186225,1.7015454061003215,1.3205978436336316,0.995821658454583,3.749352153160181
505081.895439993,505082.893439923,505082.39443995804,505081.946000003,505082.936000005,505082.441000004,1.4392037184548963,0.6086116340321861,0.9741968298783277,1.4646756017600373,1.0315713730693332,1.7795997590660524,1.4519683587817553,1.0306217506996087,3.1723844403518706
505081.995439986,505082.993439915,505082.4944399505,505082.043000004,505083.033000007,505082.53800000553,1.4851864560772912,0.894442684939775,1.3229858650313013,1.3915397470772284,1.0526770388232731,1.6307025420724997,1.413956618362957,0.9510439645216566,3.2241431877896387
505082.095439979,505083.093439908,505082.5944399435,505082.156000006,505083.130000009,505082.6430000075,1.4831140441994501,1.1766087596326078,1.7287455147592903,1.303977985849215,1.0715385258998433,1.2717721899497154,1.4704625824902522,0.7944965151400443,3.0473102798746323
505082.195439973,505083.193439901,505082.694439937,505082.268000008,505083.230000001,505082.7490000045,1.5508077520367436,1.3977201812894575,2.0307180319371017,1.4611218742322503,1.1567038361271162,0.8292135631500503,1.779412460736212,0.7430724679557426,3.0084996008660188
505082.295439966,505083.293439893,505082.79443992954,505082.368000002,505083.342000004,505082.855000003,1.7532016969349602,1.6937026296144007,2.023060701467721,1.7833986567680429,1.39998896252464,1.0472329690455464,2.2238262923315144,0.9987301581856804,2.8556732055421357
505082.395439959,505083.393439886,505082.89443992253,505082.450000003,505083.455000006,505082.9525000045,2.0176018260849324,2.047974350453763,1.699978609830337,1.9066127732964486,1.7283290567575462,1.7435644563335502,2.4234088847893567,1.437829218332604,3.1531172588858523
505082.495439952,505083.493439879,505082.9944399155,505082.531000006,505083.552000008,505083.04150000704,2.23880150635283,2.17898549498329,1.2962339180721325,1.7449601806516672,1.8876694215756413,3.2340673362760404,2.194909318918035,1.6797916010451162,3.6937947793007173
505082.595439945,505083.593439871,505083.094439908,505082.644000008,505083.652,505083.148000004,2.2360568524902,1.932675722026673,1.1205085759261995,1.3546128941592361,1.5861996335931665,5.9104689459634105,1.6959041677469575,1.451681638535312,2.8364032419706398
505082.695439937,505083.693439864,505083.19443990046,505082.744,505083.733000002,505083.238500001,2.059819599930949,1.501358552144775,1.3011835983717948,1.0596310119649832,1.1540552495720164,7.046745611069532,1.2375487949698465,1.091877113749303,2.0861568676053404
505082.79543993,505083.793439857,505083.2944398935,505082.841000003,505083.846000004,505083.34350000345,2.184440540585521,1.216921667897336,1.6621227682501285,1.0117125445837152,1.08191487725455,6.975899439163427,1.001304657078683,0.974187275292405,3.5514610951639236
505082.895439923,505083.893439849,505083.394439886,505082.938000005,505083.927000006,505083.43250000547,2.1671540201760435,1.0746736080141996,1.7764202527555792,1.0684026697079383,1.147040375779814,6.418119570447135,0.8640762039779917,1.1120433756355839,3.8764561050901074
505082.995439915,505083.993439842,505083.4944398785,505083.035000007,505084.024000008,505083.5295000075,1.8076339195381523,0.8752965741377096,1.408308547885089,0.9462096063520958,1.0477399893435337,5.214105694610929,0.6837489466542792,1.209666374086264,3.0759956232353196
505083.095439908,505084.093439835,505083.5944398715,505083.132000009,505084.124000001,505083.62800000503,1.557236414030426,0.7771545888686686,0.9393792361649426,0.7626692691316064,0.9527547568142885,3.594684415752554,0.6847479984719782,1.2009595909971107,3.545541456042259
505083.195439901,505084.193439828,505083.6944398645,505083.232000001,505084.252000003,505083.742000002,1.5343089171291804,0.9801591699180117,0.816080640750005,0.8707042638360583,1.0484217332598715,2.3951791596308065,1.0318816949987357,1.3671118774125242,3.7649327972274302
505083.295439893,505084.29343982,505083.7944398565,505083.344000003,505084.334000005,505083.839000004,1.6063066341578052,1.2361900200936784,0.9703459812974898,1.2808653188939347,1.231687261142544,1.7428617110700575,1.4527694292338529,1.651440378703591,3.2842929728272927
505083.395439886,505084.393439813,505083.89443984954,505083.457000005,505084.446000007,505083.951500006,1.553541311412783,1.176781082458004,1.0433949658585648,1.5961830756173354,1.2166439029956948,1.3668098543481304,1.5321752970757598,1.620457175462856,2.8758851374859185
505083.495439878,505084.493439806,505083.994439842,505083.554000007,505084.546,505084.0500000035,1.3003356026404853,0.8784851022382989,0.9508617089909058,1.610460415850483,0.9212270852173539,0.9303349267080621,1.2968031539748186,1.2010019967424002,2.61351043140156
505083.595439871,505084.593439799,505084.094439835,505083.654,505084.642999999,505084.1484999995,1.2744058410876726,0.9725613111714242,1.2270509917916312,1.7899118672032557,0.7786694388203401,0.7065553102465487,1.396072537958957,0.9306073650009447,2.3938179065082794
505083.695439864,505084.693439803,505084.1944398335,505083.735000002,505084.739999997,505084.2374999995,1.8614125019902885,1.8669701512984254,2.128175683964759,2.557359948695643,1.1810646095537738,0.9578729203723455,2.276035249293725,1.1849568630620966,2.7388645896815387
505083.795439857,505084.793439809,505084.29443983303,505083.848000004,505084.836999995,505084.3424999995,2.8242129944348004,3.1958447123858096,3.1520461825218398,3.6693136262612467,1.97732551505654,1.6534898468388581,3.618203790890237,1.8323176073395575,3.4951626741843165
505083.895439849,505084.893439815,505084.39443983196,505083.929000006,505084.933999994,505084.4315,3.6794003265723765,4.2927596318987185,3.5791683576589524,4.523690807418609,2.8053825412808475,2.4658813932010295,4.769341262646219,2.5692872849698762,4.429691333504761
505083.995439842,505084.99343982,505084.494439831,505084.026000008,505085.033999999,505084.5300000035,4.0816922094629975,4.786142807618282,3.1967839939027383,4.822394538500244,3.3695158790614537,3.2138136151048675,5.268434882670936,3.2760263325938994,4.720425626251559
505084.095439835,505085.093439826,505084.5944398305,505084.126000001,505085.146999998,505084.6364999995,3.947864069336599,4.541771187889921,2.357664885128673,4.432240838360492,3.434644596040978,3.697673159315019,4.901056925951837,3.617894432444033,4.599966529561843
505084.195439827,505085.193439831,505084.694439829,505084.254000003,505085.243999996,505084.7489999995,3.5298380878658877,3.866816183615967,1.7483728307672002,3.628898970440402,3.120279286691063,3.898898390361487,4.101527095297219,3.4172041310483348,4.45670781470543
505084.29543982,505085.293439837,505084.7944398285,505084.336000005,505085.340999995,505084.8385,3.1891548031984414,3.26821981477665,1.797796804448497,2.958022987458003,2.8635383784660817,4.025618660998913,3.637160155812344,3.046067071751966,3.916814551875075
505084.395439813,505085.393439842,505084.8944398275,505084.448000007,505085.453999993,505084.951,3.337601777905378,3.120956883353002,2.37737651788646,2.735147739784113,3.154768440638721,4.350605086159832,3.875218818907605,3.0378907037352674,4.048850032778026
505084.495439806,505085.493439847,505084.9944398265,505084.545000006,505085.553999999,505085.0495000025,3.801758118664634,3.361370658037903,2.9592649960144675,2.759787304335931,3.8221042958366236,4.7121877900120985,4.366094017866725,3.436345099420272,4.996910787793052
505084.595439799,505085.593439853,505085.094439826,505084.644999999,505085.634999997,505085.13999999803,3.842407457056992,3.495804779557501,2.930786979404,2.466189347868216,4.066700151960511,4.574141427432313,4.163492602213989,3.667785058179284,5.374359309840122
505084.695439804,505085.693439858,505085.19443983096,505084.741999997,505085.731999996,505085.2369999965,3.0860798504627422,3.1302665482494123,2.21036285000483,1.7259094255548142,3.4039025311897415,3.6420926920882053,3.0528199826348725,3.177980741643471,4.345304032336592
505084.795439809,505085.793439864,505085.2944398365,505084.838999995,505085.844999994,505085.3419999945,2.0394862354259224,2.3229377192371596,1.3483072109391896,1.1395261357653412,2.243422869438553,2.34378483189583,1.8299015221476185,2.162411938004293,2.925597655979394
505084.895439815,505085.893439869,505085.39443984197,505084.935999994,505085.945,505085.440499997,1.3509675401879278,1.4040066410539431,0.9091062316878376,1.183157875329997,1.243810977584179,1.4950658813222923,1.2533288994074738,1.2206923044444444,2.098571510673254
505084.99543982,505085.993439875,505085.49443984753,505085.035999999,505086.041999998,505085.5389999985,0.9648171516325795,0.6423332105853861,0.9298514206905638,1.566039472822041,0.5540833542485275,0.8847059958117454,1.1894977862267424,0.6060729434020022,1.3459530292736275
505085.095439826,505086.09343988,505085.594439853,505085.148999998,505086.138999997,505085.6439999975,0.7907997441903198,0.22511854009232996,1.2568263783620164,1.8504398863911735,0.18889085500681177,0.5780493427636344,1.242965603883702,0.29758454272469215,0.6865228042981985
505085.195439831,505086.193439886,505085.6944398585,505085.245999996,505086.235999995,505085.7409999955,0.8552500455263824,0.1664242972683898,1.8384155240945144,2.075847315238587,0.11511513188508889,0.44489569974860277,1.366453010345098,0.19227202605893487,0.6425773595718433
505085.295439837,505086.293439891,505085.794439864,505085.342999995,505086.347999994,505085.84549999447,1.095947430127477,0.3666294601067245,2.6147946096167143,2.436033660975408,0.18015625744875388,0.3823230862442076,1.6242784881623802,0.2026839512591116,0.960679927206516
505085.395439842,505086.393439896,505085.894439869,505085.455999993,505086.447999999,505085.951999996,1.2946748987177723,0.6257957971701122,3.2853465232014685,2.754636802264283,0.23448823162463348,0.4581766721429782,1.8502318721601034,0.28130842639280196,0.867414864785798
505085.495439848,505086.493439902,505085.994439875,505085.555999999,505086.529999997,505086.04299999797,1.315453947688359,0.7499321140532197,3.4383052839058426,2.6494064061662295,0.28647398344544406,0.5877213815595657,1.7611854652861603,0.32715139442499264,0.7234555526654176
505085.595439853,505086.593439907,505086.09443988,505085.636999997,505086.641999996,505086.1394999965,1.1825661593022507,0.6500338101519352,3.0132624624591653,2.215439899027632,0.35483403660637125,0.6318327225637337,1.468255108361918,0.2939102326869649,0.8329610025602858
505085.695439859,505086.693439912,505086.1944398855,505085.733999996,505086.754999994,505086.244499995,1.113014907329521,0.44561026640007434,2.520650477221629,2.1478671360539825,0.436407478349825,0.648450368948638,1.5559551368695725,0.30979442349893455,0.8393839712935107
505085.795439864,505086.793439918,505086.294439891,505085.846999994,505086.855,505086.350999997,1.3220743038418648,0.34220468393123327,2.4149013839573943,2.7532417604263895,0.6186037675906076,0.7421396373702617,2.240978753730764,0.5048776048409716,0.9596468388872956
505085.895439869,505086.893439919,505086.394439894,505085.947,505086.952000001,505086.44950000045,1.7436001936397152,0.4920988159843685,2.6283957278526735,3.418553802052008,1.0210378923071408,1.0383643702684748,2.9252909787839694,0.925701164555838,1.4993587973132496
505085.995439875,505086.993439918,505086.4944398965,505086.043999998,505087.033000001,505086.5384999995,2.208558362129222,1.0247217579167505,2.786156573038091,3.410029538915752,1.7390504400450497,1.6466463587739006,2.9381393447313906,1.556979177596875,2.5667437060159686
505086.09543988,505087.093439916,505086.594439898,505086.140999997,505087.130000001,505086.635499999,2.5440985487297554,1.858674849013534,2.8436207733282837,2.781851160219161,2.3932017583967276,2.9489131862843836,2.3310068683311203,2.1600672822596647,3.0354525120051705
505086.195439886,505087.193439915,505086.6944399005,505086.237999995,505087.227000002,505086.7324999985,2.674293454264026,2.593614997480154,3.265895639326647,2.208520076996641,2.6079893483281174,3.660680546847153,1.9213900660715926,2.3070842315335547,2.8291727275283494
505086.295439891,505087.293439913,505086.794439902,505086.349999994,505087.327,505086.838499997,2.756322478705483,2.70693663573817,4.1674300076435635,2.0108886244914417,2.196447034030756,4.468732144121555,2.153445921876076,1.8841488553114791,2.4625506064308267
505086.395439896,505087.393439911,505086.8944399035,505086.449999999,505087.440000001,505086.945,2.646587018615151,2.1374777197561956,5.01182231738054,2.0528068610136647,1.3853921215936291,5.071028180468968,2.8208981046715538,1.1589716591096524,1.5342991849270038
505086.495439902,505087.49343991,505086.994439906,505086.531999998,505087.537000001,505087.0344999995,2.1293962186278423,1.3419328373889503,5.033796461833105,2.0159049449335296,0.6908204585245465,3.5831048007106157,3.2897110099273648,0.5935188490356709,0.4863803866689549
505086.595439907,505087.593439908,505087.09443990747,505086.643999996,505087.650000002,505087.146999999,1.6370975115603865,0.7276049937375403,4.081416420080878,1.7754778931022401,0.40124697029321454,2.38744237880324,3.1054834165018756,0.36166989147597384,0.2564381284881297
505086.695439912,505087.693439907,505087.1944399095,505086.756999995,505087.75,505087.2534999975,1.455889212258203,0.42238607918919,2.9236598343679283,1.4680016093973913,0.3933414365127876,3.2024086424501856,2.4054205160541366,0.32801071993006337,0.5038848601639421
505086.795439918,505087.793439905,505087.2944399115,505086.857,505087.847,505087.352,1.2015510968428318,0.3810530320689952,2.3399103053770403,1.3122484277671131,0.40579956355813607,2.6649294554278207,1.703869833755079,0.369215938988758,0.43538221779971126
505086.895439919,505087.893439904,505087.39443991147,505086.954,505087.928000001,505087.4410000005,1.0266816017542795,0.43737573185424206,2.2248820934417237,1.2796947678053323,0.41469930999639976,1.6716148344021464,1.2438722039715169,0.4083690114701226,0.5329448610927522
505086.995439918,505087.993439902,505087.49443991005,505087.035000001,505088.041000001,505087.538000001,1.1274681045379569,0.4373775395204526,2.162574039592614,1.3542444623300671,0.4182919326909565,2.6125687376043314,1.0654619395146259,0.3846577155720763,0.5845684694785307
505087.095439916,505088.093439901,505087.5944399085,505087.132000001,505088.153000002,505087.6425000015,1.0445358957688284,0.4232203067083071,2.1600854944075527,1.647013069431193,0.417307642499803,1.7255520272410405,1.1639007847798624,0.34923693165467606,0.4699709094281921
505087.195439915,505088.193439899,505087.694439907,505087.229000002,505088.253,505087.74100000097,1.0740896293682851,0.4578650783495575,2.43655776842217,2.1219294896534224,0.4607191757297129,0.8440805129265334,1.3715774781899517,0.39264752486560117,0.5073400068093318
505087.295439913,505088.293439898,505087.7944399055,505087.329,505088.350000001,505087.8395000005,1.4168666333833722,0.5745846988868029,3.085858725779338,2.59185063332867,0.5551298119561588,0.9460860195290661,1.5834549523188892,0.5433065236819772,1.4546617015860757
505087.395439911,505088.393439896,505087.8944399035,505087.442000001,505088.447000001,505087.94450000103,1.9050185675615836,0.6690115861072725,3.643578899399596,2.7306363016570394,0.6469331022280381,0.9512214290555812,1.5725551271417644,0.7088918839539996,4.317320210949378
505087.49543991,505088.493439895,505087.9944399025,505087.539000001,505088.544000001,505088.041500001,2.1306603648184583,0.6538237037888094,3.5684050087707977,2.325332225476174,0.8172168049227855,1.186509672808286,1.2610380385315871,0.8005624865502462,6.432394977698981
505087.595439908,505088.593439894,505088.09443990095,505087.652000001,505088.640999998,505088.1464999995,2.061346904724396,0.6655772138461159,2.846022088807415,1.7189367375979319,1.1469137828905247,1.927680632707431,0.8843635857022524,0.8481582324945983,6.453122963748902
505087.695439907,505088.693439896,505088.1944399015,505087.749000002,505088.741,505088.245000001,2.1212062125857445,0.7419946447524692,1.8599491474066943,1.426101394327245,1.3532306042456168,2.3501522073969676,0.7432028684048579,0.8415312127275212,7.653487621424582
505087.795439905,505088.793439898,505088.2944399015,505087.849,505088.837999999,505088.3434999995,1.9900213068325403,0.8201627546833079,1.0406146536076946,1.497926295057799,1.2945597714168064,2.382604055397201,0.8991656053430421,0.7130522744840169,7.272085044670452
505087.895439904,505088.893439899,505088.3944399015,505087.930000001,505088.934999999,505088.4325,1.5325391890968252,0.8209315082056848,0.6214740627604602,1.6070062661377722,0.9173187941997043,2.0690272093729134,1.1636453207769248,0.49174055557716567,4.569169795743976
505087.995439902,505088.993439901,505088.4944399015,505088.043000001,505089.031999998,505088.5374999995,1.510734786625693,0.7398483342564456,0.5466325816513073,1.4549257370449618,0.3598343075406195,1.2603119239390579,1.2484693265102487,0.3070566068676994,6.168799475195204
505088.095439901,505089.093439903,505088.594439902,505088.155000002,505089.132,505088.643500001,1.722644379278302,0.695655696805167,0.6634427630290592,1.0608281885295998,0.14110196817329887,0.4528160214806774,1.0482619793851697,0.245993670701197,9.473054746122248
505088.195439899,505089.193439905,505088.69443990197,505088.255,505089.228999999,505088.7419999995,1.605802106319637,0.8613206816506183,1.0192815673608053,0.7079553082008948,0.3849838240297689,0.33180116939848975,0.7566984010063604,0.32879121192604227,8.455584686984116
505088.295439898,505089.293439907,505088.79443990253,505088.352000001,505089.341999999,505088.847,1.6436255024564383,1.2451524548298223,1.6086670963924958,0.5322410602251193,0.7093698899284367,0.45586841407444917,0.6124857607340841,0.47636988883262993,7.508849454634469
505088.395439896,505089.393439908,505088.894439902,505088.449000001,505089.438999998,505088.9439999995,1.9502234208247058,1.5907273324589355,2.1261417878964934,0.5044896053027479,0.8456314806639287,0.5819501246081951,0.6256818146372467,0.5835840730692758,8.743581147960825
505088.495439895,505089.49343991,505088.9944399025,505088.546000001,505089.550999998,505089.0484999995,1.928459020918794,1.5896955744113426,2.2395686795233587,0.5357081327635781,0.8020403905775886,0.6509633454264276,0.6694949099530294,0.5680498384906625,8.372151296204365
505088.595439894,505089.593439912,505089.09443990304,505088.642999998,505089.651,505089.146999999,1.7115692600408625,1.2933519230891244,2.185039702828027,0.707320646039001,0.6716802156785103,0.6936954647553011,0.7938653365070895,0.5433619026495187,6.804238888780328
505088.695439896,505089.693439914,505089.194439905,505088.743,505089.732999999,505089.23799999955,1.6324348555926242,1.0704326490168627,2.4106060582506825,1.0729978325800418,0.6649481170523662,0.8402749035177948,0.9737631823777494,0.6080561312534482,5.418399970692047
505088.795439898,505089.793439915,505089.2944399065,505088.839999999,505089.829999999,505089.33499999903,2.0532712278897156,1.4818919923109204,3.3088779415574807,1.8857861709325738,1.0518777860004742,1.4121095963013515,1.3589358955906403,0.9170091639167157,5.0096812765075684
505088.895439899,505089.893439917,505089.394439908,505088.936999999,505089.941999998,505089.43949999847,3.009626124522141,2.6437539404839647,4.71605430153737,3.137799225387412,1.8552862399634122,2.481421260084453,2.0518157368484604,1.5376031399258052,5.653275151946252
505088.995439901,505089.993439919,505089.49443991005,505089.033999998,505090.042,505089.537999999,3.874721294648447,3.831658103201088,5.553755257681781,4.09404502942144,2.7618303673514193,3.472930510101633,2.6911216808698364,2.2204975977786,6.371931810781779
505089.095439903,505090.093439921,505089.594439912,505089.134,505090.154999999,505089.6444999995,3.98501134247364,4.267830736679757,5.070360436549671,3.9757825220063583,3.3953842540393353,3.781256855619852,2.759358919190947,2.6245733894909558,6.005543626212244
505089.195439905,505090.193439923,505089.69443991396,505089.230999999,505090.235999999,505089.733499999,3.34883812645127,3.8325156508244547,3.665803268183054,2.7840030622155942,3.4172993964036262,3.3009444474950373,2.0868328440778234,2.554458639211306,5.148847703199265
505089.295439907,505090.293439924,505089.7944399155,505089.343999999,505090.332999998,505089.8384999985,2.4487499015514542,2.9359713531833647,2.2728478532545897,1.3369045486258275,2.8063217113212358,2.388063886291766,1.0944332036595712,2.0573513811522606,4.698105274923018
505089.395439908,505090.393439926,505089.894439917,505089.440999998,505090.429999998,505089.93549999804,1.6876884797955372,2.0612299205409865,1.5179502604361583,0.47751685107896846,1.9349170802182682,1.516161976253572,0.4080739321647495,1.3894730115271894,4.196184806144403
505089.49543991,505090.493439928,505089.994439919,505089.552999998,505090.53,505090.041499999,1.1350291096006782,1.3776925124623136,1.2374912375616545,0.31062696763088016,1.2538240663853222,1.0123210947148296,0.22195874048815117,0.8625327635103747,2.8037854940518994
505089.595439912,505090.59343993,505090.09443992097,505089.653,505090.642999999,505090.14799999946,0.8457694702148472,0.9110054467911003,0.9908718714070077,0.41867476399138914,1.0244204161463626,1.001990704165903,0.24528154291902282,0.6863055956794929,1.4876054206184985
505089.695439914,505090.693439931,505090.1944399225,505089.734999999,505090.755999999,505090.24549999903,0.9571946416860874,0.7404089437258665,0.7391077310128145,0.5381846989203671,1.298282682393061,1.4417532065486158,0.2825288363183778,0.9135689777612538,1.7037220568083424
505089.795439915,505090.793439932,505090.2944399235,505089.831999999,505090.853000008,505090.3425000035,1.2384906950203889,0.7426676975076376,0.5633116803517265,0.5876239305006182,1.8202876154158567,1.972737406656139,0.29021732502779124,1.3125533156579319,2.618526589045409
505089.895439917,505090.893439924,505090.3944399205,505089.943999998,505090.953,505090.448499999,1.3724638870893344,0.70301164504681,0.4861301616519048,0.5587924294391536,2.17185046525226,2.171906612641587,0.2685931454270873,1.5522458447211638,3.067180792534709
505089.995439919,505090.993439916,505090.4944399175,505090.044,505091.050000002,505090.547000001,1.34176317383432,0.6414237300532996,0.5477126607087204,0.5587903930344578,2.1890335309594473,1.9662492221587236,0.29554116305491585,1.5362786472773946,2.9990760434276016
505090.095439921,505091.093439907,505090.594439914,505090.156999999,505091.131000005,505090.644000002,1.2635890337171793,0.670296121547475,0.6473427907707803,0.7029960382813301,1.9358830291845892,1.5370706060110626,0.47327348733224217,1.3613253459645955,2.780524850645359
505090.195439923,505091.193439899,505090.694439911,505090.237999999,505091.228000007,505090.73300000303,1.1452615322152577,0.7926026687315881,0.7161127491665519,0.9439463696676342,1.5439103456875118,1.0624060902150536,0.7409086521516245,1.1315506315012431,2.2306547506008547
505090.295439924,505091.293439891,505090.79443990753,505090.334999999,505091.356000009,505090.845500004,0.9864596406674406,0.8676400394976409,0.6976188538371695,1.1137533722850064,1.1300758463266427,0.6753065259295732,0.9049786820958647,0.9074580929314175,1.5948457124362108
505090.395439926,505091.393439883,505090.8944399045,505090.431999998,505091.456000001,505090.9439999995,0.8244511847920017,0.7995481030858694,0.6745194953218423,1.202228410404766,0.7739691452674842,0.4453811659823144,0.8561976197627055,0.6966730938016688,1.1470924447093638
505090.495439928,505091.493439875,505090.99443990155,505090.532,505091.553000003,505091.0425000015,0.7382556044742374,0.671370845819609,0.8679270160888387,1.3804266584181524,0.5386390586025183,0.390657558542702,0.7490805801914381,0.5278842015179539,0.7800589166126871
505090.59543993,505091.593439866,505091.094439898,505090.644999999,505091.635000006,505091.1400000025,0.7842282084990584,0.6212230874453242,1.3356400869310463,1.6723208762945898,0.4180157752184862,0.4201618254861616,0.7586932253184253,0.4248852401925641,0.6228855511058694
505090.695439931,505091.693439858,505091.1944398945,505090.757999999,505091.732000008,505091.2450000035,0.9041812309634631,0.6289383628741106,1.8501853105805313,1.8303433820397679,0.4002594026847637,0.4338858543575028,0.8176490962712762,0.39089483132584923,0.8812936075739037
505090.795439932,505091.79343985,505091.294439891,505090.855000008,505091.86000001,505091.357500009,0.9477911002607331,0.5973844686426084,2.0724382899161014,1.6632009117759037,0.5228818550345689,0.42102197992149637,0.779444115252645,0.44300778313877004,1.0829493984037704
505090.895439924,505091.893439842,505091.39443988295,505090.95200001,505091.960000002,505091.456000006,0.9292446283529885,0.5221760028169308,1.9793333489490923,1.405504857078779,0.750625206636468,0.42629283503418447,0.7401738517386941,0.5595749643596012,1.050275960210158
505090.995439916,505091.993439834,505091.494439875,505091.052000002,505092.057000004,505091.554500003,1.0561539848111845,0.5696906733858292,1.856390981393627,1.5228069637410035,0.992573271957662,0.4894319091548759,0.9333566719326949,0.7169947301037985,1.3679866768199855
505091.095439907,505092.093439826,505091.5944398665,505091.133000004,505092.154000006,505091.643500005,1.2994398127791662,0.8365473120602197,1.8725190454497558,2.0099962632163626,1.240405974154418,0.6048474246455307,1.3186907276901203,0.8960351420013161,1.6164766130156063
505091.195439899,505092.193439818,505091.6944398585,505091.230000007,505092.251000009,505091.740500008,1.4564499872032455,1.1998906583477846,1.810078713545823,2.3708550834777533,1.4637349882759247,0.7328359689085093,1.5603946314599548,1.0341443599630364,1.4796654936471774
505091.295439891,505092.293439809,505091.79443985,505091.358000009,505092.351000001,505091.854500005,1.4478581950718359,1.4843884815662436,1.4827639938413166,2.264937174940826,1.5607535052139936,0.8248889950198062,1.4440274793603394,1.080190006360591,1.4409159242715708
505091.395439883,505092.393439801,505091.89443984197,505091.458000001,505092.464000003,505091.961000002,1.4549245795961308,1.7251785465865601,1.2328289140817885,2.131780350769294,1.536913559029932,0.8903612404260892,1.27690675969978,1.1234510876815613,1.721976178494039
505091.495439874,505092.493439793,505091.9944398335,505091.555000003,505092.545000005,505092.050000004,1.7768468921893272,2.1078318464843506,1.7231956930119747,2.7733359173580614,1.5993046467420564,1.0579825073506888,1.5796398155470455,1.3524546185473976,2.0210300924730413
505091.595439866,505092.593439785,505092.0944398255,505091.637000005,505092.642000007,505092.139500006,2.5450509739476357,2.654342848537026,3.105230535901754,4.341301612788872,1.929737172773036,1.4592279670271804,2.4812041144773356,1.867251386599687,2.522112153476195
505091.695439858,505092.693439777,505092.1944398175,505091.734000008,505092.73900001,505092.23650000896,3.5972930145862696,3.2608800324606975,4.83423286844236,6.289016324538546,2.5489877973634534,2.1243282036040307,3.8110588220687114,2.563965895646641,3.345874172565719
505091.79543985,505092.793439769,505092.2944398095,505091.86200001,505092.839000002,505092.350500006,4.754221150988451,4.052718462737862,6.2824789132474725,8.096900121595462,3.5202770419870744,3.065516921119995,5.558347491601767,3.372032868056388,4.085497387561592
505091.895439842,505092.893439761,505092.3944398015,505091.962000002,505092.952000004,505092.45700000296,5.761010067912853,4.977528104726737,6.8336358464681535,9.247228046499316,4.726861734658896,4.1031509425859625,7.347844364147226,4.203441134357476,4.648390369859051
505091.995439834,505092.993439753,505092.4944397935,505092.059000004,505093.032999998,505092.546000001,6.075499933652699,5.402544782607937,6.158412795439469,9.06342262323617,5.432425683732921,4.654613049346924,8.122472201632302,4.602046431102453,5.16806190212341
505092.095439825,505093.093439755,505092.59443979,505092.156000006,505093.160999997,505092.65850000153,5.1738900507783265,4.662851914816684,4.436028038065233,7.1761800265353255,4.840910712170848,4.1239051181851245,6.977523881471457,4.016875216579594,5.1568454984023475
505092.195439817,505093.193439758,505092.6944397875,505092.253000009,505093.261,505092.7570000045,3.291337026270546,3.0416901686311713,2.496491470571409,4.211539729858117,3.206692701459735,2.6651116121842318,4.338696199467263,2.5890577034032565,3.7814166245891867
505092.295439809,505093.293439761,505092.79443978495,505092.353,505093.342999999,505092.84799999953,1.5878657328226908,1.6760944381412681,1.4011438907308325,1.6988153659896064,1.7101595280171265,1.1921394251211672,1.9077433673241146,1.2489458177891892,1.8678840294682217
505092.395439801,505093.393439764,505092.8944397825,505092.466000003,505093.423999998,505092.94500000053,0.9113553693901867,1.210769718072462,1.4215411703831888,0.6368360406211047,1.1310517337103156,0.47284043014572985,0.8452731435504156,0.6971409702007734,0.8753897484375037
505092.495439793,505093.493439767,505092.99443978,505092.547000005,505093.536999998,505093.04200000153,0.9621064259907904,1.18890915180743,1.8079254206349362,0.6014924143629746,1.1657454013594133,0.46086018120020794,0.7718240628050725,0.7468976068900101,0.9531971688662786
505092.595439785,505093.59343977,505093.0944397775,505092.644000007,505093.633999997,505093.139000002,1.065227628577635,1.0118597237795133,1.855553707878467,0.7821590871437428,1.1936070171376196,0.690469040833626,0.8520930885937764,0.9061994550659748,1.229879908188359
505092.695439777,505093.693439772,505093.1944397745,505092.741000009,505093.734,505093.23750000447,0.987935468827138,0.7250041908498025,1.4847164775425612,0.8384008572980166,1.0857897571689936,0.8797990242423765,0.7784524227369332,0.9925498920310902,1.1187711287473303
505092.795439769,505093.793439775,505093.294439772,505092.841000001,505093.861999999,505093.3515,0.779619357242008,0.5648613114409775,0.9170407029283165,0.6454606974988557,0.9103526166715264,0.9220125259907512,0.5608486958824788,0.9927190819644334,0.7236592255587242
505092.895439761,505093.893439778,505093.3944397695,505092.954000004,505093.942999998,505093.448500001,0.6223505311761957,0.5931029637965781,0.4671322951815986,0.3959928182789599,0.6846419224718234,0.8269227095059982,0.40750179819622917,0.9279747686779041,0.6755349733004745
505092.995439753,505093.993439781,505093.494439767,505093.034999998,505094.024999997,505093.52999999747,0.5233387433678356,0.707005757061483,0.2576003391367179,0.24406330150428984,0.5272878174498526,0.6441042004672481,0.3856565026467272,0.7838360786741791,0.6371559500021866
505093.095439755,505094.093439784,505093.5944397695,505093.162999997,505094.125,505093.64399999846,0.44595638561727086,0.8367599627481641,0.2566852099061939,0.25747948377604035,0.45619224233023725,0.4350634659231854,0.38297749537801656,0.5655107668130459,0.37698245806328357
505093.195439758,505094.193439787,505093.6944397725,505093.263,505094.252999999,505093.75799999945,0.4712184411488895,1.0679814732367883,0.4129904961391391,0.4588735433420174,0.3730189117547699,0.2568220593703968,0.33430412790586655,0.37068049654414775,0.49507642089799014
505093.295439761,505094.293439789,505093.794439775,505093.344999999,505094.349999998,505093.8474999985,0.6087395373831133,1.2097610851904912,0.7411732298077999,1.0530226073246547,0.35776237238125663,0.18143230515831715,0.4313128121226637,0.2871585588730707,0.6082933282066526
505093.395439764,505094.393439792,505093.894439778,505093.425999998,505094.461999998,505093.94399999804,0.9585444252687927,1.1313272415489297,1.6891574308449742,2.2244833622906417,0.45373721102710374,0.27466923593102976,1.0193422614976475,0.3696307736765751,0.5060078853334402
505093.495439767,505094.493439795,505093.994439781,505093.538999998,505094.559000008,505094.049000003,1.446723575037039,0.8053472577466201,3.159342373221241,3.5378509923922445,0.44661020120916084,0.4296455914022933,2.009964824840268,0.5029689706196919,0.6820583888647922
505093.59543977,505094.593439788,505094.094439779,505093.635999997,505094.659000001,505094.147499999,1.7160558825718262,0.4754488815702108,4.1855460240634486,4.033335581795501,0.38867676620386876,0.5539045683613739,2.6845393859221134,0.5866652933933427,0.8203305592647524
505093.695439773,505094.693439779,505094.194439776,505093.736,505094.741000003,505094.2385000015,1.5482450213769954,0.41310219173221485,3.9048740192180236,3.2833243870521924,0.40164054542521505,0.6551180928447123,2.468435785177314,0.6277455851578915,0.6317195644083979
505093.795439775,505094.793439771,505094.29443977296,505093.863999999,505094.838000006,505094.35100000247,1.200840523307848,0.7072634289767674,2.6729763007721363,2.031825217405588,0.4408337924628368,0.8255063425809839,1.6529545661127218,0.693094527704535,0.5822700104472153
505093.895439778,505094.893439762,505094.39443977,505093.944999998,505094.935000008,505094.440000003,1.0552771302385109,1.1662292384492328,1.7794950028124643,1.4834013129658583,0.5462020843862773,1.0592304150515992,1.0284420157767846,0.7975855550580888,0.581631417407783
505093.995439781,505094.993439754,505094.4944397675,505094.026999997,505095.063000011,505094.545000004,1.2998027194667723,1.637860313533011,1.992771224080058,2.0475878466273314,0.7974935243703042,1.272957152605232,1.0825012788848478,0.9314631044241947,0.6357873112091994
505094.095439784,505095.093439745,505094.5944397645,505094.154999996,505095.163000002,505094.658999999,1.724186572078303,1.9295549385583954,2.6368284194727143,2.9338001719708835,1.163346613155313,1.3956687157658905,1.5386026360866476,1.0689478611535175,1.1267432204630614
505094.195439787,505095.193439737,505094.69443976204,505094.254999999,505095.260000004,505094.7575000015,2.0663988896582097,2.1067406959552146,2.778957864407853,3.3493709462444983,1.6982277108325288,1.6169087871134917,1.897613136520691,1.3456143510355394,1.7377576251558609
505094.295439789,505095.293439728,505094.7944397585,505094.351999999,505095.357000007,505094.85450000304,2.7077749758486593,2.7215052898059082,2.900664378814901,3.6984649433190655,2.629481639386373,2.4975821386235135,2.3238156934978127,2.1996151628260705,2.69107056051563
505094.395439792,505095.39343972,505094.894439756,505094.463999998,505095.438000009,505094.9510000035,3.762365780006517,3.7851190596659103,3.503605457656577,4.417740442868493,3.7986821878263153,3.940525152917723,2.949386480062845,3.539562688521933,4.164304770532343
505094.495439795,505095.493439711,505094.994439753,505094.561000008,505095.538000001,505095.0495000045,4.4467009266711095,4.43910549430803,4.109105828084116,4.944294980342075,4.451278053376768,4.937849745576605,3.2939201308477606,4.43216159681739,4.965891584016127
505094.595439788,505095.593439703,505095.09443974553,505094.661000001,505095.635000003,505095.148000002,3.9273956258785874,3.8638595983876955,3.742829478368967,4.316044346182005,3.8582591078659263,4.5262987699578625,2.7752007613915444,3.987830582406003,4.348842362468696
505094.695439779,505095.693439694,505095.19443973654,505094.743000003,505095.732000005,505095.237500004,2.409738401964618,2.3228165208397993,2.311772867001453,2.6068696986058004,2.291925827492144,2.9282755603973043,1.5987364640939556,2.4452015452235996,2.7723087320628856
505094.795439771,505095.793439686,505095.2944397285,505094.840000006,505095.829000008,505095.334500007,0.9964221980481647,0.9168190382811802,0.9054219328803803,1.0940442542875126,0.8814880481410331,1.2821261925857232,0.695969851632205,0.9807436470804485,1.2147646194968347
505094.895439762,505095.893439678,505095.39443971997,505094.937000008,505095.95800001,505095.447500009,0.5685303161679811,0.42910708047620105,0.4454275032811374,0.6266885516472245,0.38606085782029376,1.0205273601775606,0.5369530331809904,0.43736181804350327,0.6661163247169385
505094.995439754,505095.993439669,505095.4944397115,505095.06500001,505096.058000002,505095.561500006,0.9971630796892871,0.8018001729626467,0.9437275482278704,1.3265202050747567,0.7255521664863014,0.9839238747393666,1.117603798615639,0.7943863034388312,1.2837905679688846
505095.095439745,505096.093439661,505095.59443970304,505095.165000002,505096.155000004,505095.660000003,2.154312040429284,1.786353705604112,2.1882230780837335,3.2102268071148563,1.626887871776158,1.3450171604473835,2.4652693811261557,1.78472944936663,2.827788869915242
505095.195439737,505096.193439653,505095.694439695,505095.262000004,505096.252000006,505095.757000005,3.7779196736802487,2.904633184459259,3.6621052509016647,5.437641428458235,2.7010040265427895,3.5782982984293836,4.088679969571843,3.0001276707119358,4.850867560366878
505095.295439728,505096.293439644,505095.794439686,505095.359000007,505096.349000009,505095.85400000797,4.858513607342539,3.468463128826886,4.505729245963202,6.41765369799905,3.185901027190829,6.523389741960468,5.016238591499976,3.6439854134413427,6.106748011858565
505095.39543972,505096.393439636,505095.894439678,505095.440000009,505096.449,505095.9445000045,4.793314545829103,3.097262943446382,4.151932751876485,5.357290189347022,2.6496969596912274,6.775607360543676,4.528712940554298,3.253717413754952,8.53229580741878
505095.495439711,505096.493439628,505095.99443966954,505095.54,505096.561000003,505096.0505000015,4.556039167322211,2.2265041087452144,2.9870470252360892,3.327722810019816,1.6607220681053274,6.307081203584461,2.9591315320030946,2.301492790302054,14.678611800581633
505095.595439703,505096.593439619,505096.094439661,505095.637000003,505096.627000005,505096.132000004,4.742288256360482,1.664125186537972,1.9697487942374758,2.0814734878733288,1.012174676482635,6.205369485944079,1.5642617372649958,1.6046674302913808,21.836485252251983
505095.695439694,505096.693439611,505096.1944396525,505095.734000005,505096.724000007,505096.229000006,4.761296596514675,1.6337852308096164,1.4781500824796179,1.948887452835978,0.8653701080363952,5.009843967468406,1.02505095320577,1.446035213116228,24.68324976416539
505095.795439686,505096.793439603,505096.2944396445,505095.831000008,505096.837000004,505096.33400000597,4.319888970954366,1.8527942391674925,1.5975233886272548,2.129081655921808,1.1088897823489285,3.8026833427609876,1.3394821925788687,1.668994163914558,21.059663002315034
505095.895439678,505096.893439599,505096.3944396385,505095.96000001,505096.937,505096.44850000495,3.829392215289559,2.241703735833966,2.74599264589758,2.3203741863570233,1.8361133237830178,3.1289197512583864,2.611563807836343,2.2169530289225974,13.533517242427557
505095.995439669,505096.993439599,505096.494439634,505096.060000002,505097.049,505096.554500001,3.942464462372275,3.013219747552869,5.158067924942131,2.5855265838678427,2.925013788374584,2.0545338772159982,4.841299659053167,3.048043759879463,7.9140103580921455
505096.095439661,505097.093439599,505096.59443963,505096.157000004,505097.146,505096.651500002,4.656900664259474,3.7311035623794835,7.352541299755156,2.8082028013244025,3.475545914894231,2.6137870606876676,6.771687162405047,3.581681116957853,6.9206563956719584
505096.195439652,505097.1934396,505096.694439626,505096.254000006,505097.259,505096.75650000304,5.024110559464899,3.756883759224647,7.417970381364837,3.244008340615091,3.394141892253001,4.131403234872308,6.760441292940078,3.450966794065816,8.037068780383413
505096.295439644,505097.2934396,505096.79443962197,505096.351000008,505097.359,505096.855000004,4.410261936369441,3.0246664734654978,5.212557052326501,4.037516160600919,3.209939525925317,4.52257864091901,4.770113607264221,2.7896250803088725,7.715098950145187
505096.395439636,505097.3934396,505096.894439618,505096.451,505097.44,505096.94550000003,3.4218637970990997,2.0996745062722426,2.608075950223484,4.8628970773623434,3.0633401470235695,3.7661785942270245,2.3797106462284328,2.09007993907531,6.504953516380391
505096.495439628,505097.4934396,505096.994439614,505096.563000003,505097.553,505097.0580000015,2.5545707843172156,1.5086180069074422,1.1835875883375195,4.922229542300072,2.597227817823273,2.39213140365566,1.011847119692902,1.6517243609769818,5.169200434843873
505096.595439619,505097.5934396,505097.0944396095,505096.629000005,505097.65,505097.1395000025,1.8472865052427905,1.2944037829603774,0.8736607533694618,3.8558975862206943,1.8591409603817712,1.3838067777242369,0.6738804880447692,1.3781884067659012,3.4593132864751115
505096.695439611,505097.693439601,505097.194439606,505096.726000007,505097.763,505097.2445000035,1.3769245891608606,1.3329084586630897,0.981199556959335,2.4639310348428936,1.2525214274086336,1.2662346934961275,0.668982398125717,1.0996976239675422,1.9499215198235464
505096.795439603,505097.793439601,505097.294439602,505096.839000004,505097.863,505097.351000002,1.3174869742155306,1.5980055945484721,1.3783893609605669,1.5528613847056862,1.065508466496209,1.3656199555445363,0.7011811472353116,0.9461473553304632,1.9321825289030001
505096.895439599,505097.893439601,505097.3944396,505096.939,505097.928,505097.43350000004,1.5081678714946885,1.8648373839302907,1.7735149254879032,1.2399206017084756,1.0050447863048149,1.6172673254602112,0.921505434459871,0.9429676308914532,2.7002848837144873
505096.995439599,505097.993439601,505097.4944396,505097.051,505098.041,505097.546,1.796821220174873,1.9347014787115102,1.9811794631704807,1.3928157431226826,1.0138097836281779,2.0185000363166203,1.3976943850151653,1.1482569019060382,3.487611969528309
505097.095439599,505098.093439602,505097.5944396005,505097.148,505098.138,505097.643,2.127000250968826,1.9860597985835373,2.2017966454307576,1.9164416250227911,1.4369994636083643,2.347811458208902,2.0202350567169383,1.5496475730689558,3.557010387110362
505097.1954396,505098.193439602,505097.694439601,505097.261,505098.251,505097.756,2.4821001189352825,2.176940905837461,2.510976557038099,2.601916682245257,2.000955661969371,2.830020999859963,2.504322083323385,1.9566678187540925,3.27500024245463
505097.2954396,505098.293439602,505097.794439601,505097.342,505098.351,505097.8465,2.624506841936139,2.2669545019097423,2.627457182281753,2.998398600566889,2.2220104648969756,3.148459933637045,2.5186911182413287,2.0703055337842597,3.143777400171115
505097.3954396,505098.393439602,505097.894439601,505097.442,505098.448,505097.94499999995,2.2811399154990704,1.9615323912383702,2.347000562755463,2.8191203311275244,2.0647539979970206,2.64993556025825,2.1132858828360774,1.7346339482403024,2.5588566495395555
505097.4954396,505098.493439604,505097.994439602,505097.555,505098.559999997,505098.0574999985,1.7101357575805727,1.387727434249436,1.8766236730682477,2.3422312224158,1.7171663487038424,1.7944723882333449,1.6260322265303895,1.188633989790696,1.7481987776528243
505097.5954396,505098.593439608,505098.09443960397,505097.652,505098.641999996,505098.146999998,1.4154247697162923,1.1244279884413462,1.8927490117364334,2.025661693215885,1.3906073909885777,1.4226689019904561,1.4388789784071552,0.9228833225438219,1.1055208704066608
505097.695439601,505098.693439612,505098.1944396065,505097.765,505098.742,505098.2535,1.4674996141800603,1.2696305227286189,2.578173834750635,1.9247891136893676,1.1516073385133494,1.3978353323416648,1.4903677693382626,0.9589759383735408,0.9686170637050431
505097.795439601,505098.793439616,505098.29443960846,505097.865,505098.838999999,505098.3519999995,1.5250893693020862,1.3647948565813977,3.1601209186887784,1.7912744115762824,0.9665657793824028,1.2705694545622057,1.454548846357706,0.9531158947017455,1.239724792566171
505097.895439601,505098.89343962,505098.3944396105,505097.93,505098.935999997,505098.4329999985,1.3748051134787898,1.1813619908844957,3.0362021294308894,1.440192167925339,0.7865831683556493,1.0108307903258593,1.226215950002804,0.7759327641761764,1.541121946729104
505097.995439601,505098.993439624,505098.4944396125,505098.043,505099.047999996,505098.545499998,1.2194308585435158,0.9882124419153863,2.443848177507375,1.0398561111393902,0.6113045341224793,0.9366035357888067,1.0532277418165805,0.6759502227991029,2.006444103259006
505098.095439602,505099.093439628,505098.59443961503,505098.14,505099.144999995,505098.6424999975,1.3298566974537311,1.1232774979985363,1.9736619065313536,0.9125609793341998,0.7800102669813411,1.2658602656489548,1.2689395352369786,0.8906035382282844,2.4239395896702005
505098.195439602,505099.193439633,505098.6944396175,505098.253,505099.244999999,505098.7489999995,1.8126564019188434,1.7382606474887234,1.853126713865723,1.2330638782759349,1.5821801764060952,2.0389222233652515,1.9030904235772028,1.5569220677440074,2.595685084627809
505098.295439602,505099.293439637,505098.7944396195,505098.353,505099.341999998,505098.847499999,2.486882644234208,2.6523754811977533,1.711295423582742,1.751706221685832,2.8511413246710275,3.071480584746177,2.539418712076362,2.59123061812698,2.7264127877867885
505098.395439602,505099.393439641,505098.8944396215,505098.45,505099.438999997,505098.94449999847,2.8783774070562815,3.3408414308045886,1.2520306059944615,1.9500927747292307,4.037504032172416,3.744807253872763,2.6727605830922117,3.488177551599347,2.540805024185236
505098.495439604,505099.493439645,505098.9944396245,505098.561999997,505099.551999996,505099.05699999654,2.661291445080076,3.3137332677204876,0.6972481889769643,1.5864197336815806,4.380468888202716,3.569490695882283,2.1864004505462074,3.636664480161718,1.919905855468651
505098.595439608,505099.593439649,505099.0944396285,505098.643999996,505099.652,505099.147999998,1.9921867520125849,2.4934158009990877,0.32946105874115456,0.9305065087832878,3.549820342446077,2.699302933154541,1.3810593737313384,2.9068721945516884,1.647055803693505
505098.695439612,505099.693439653,505099.1944396325,505098.744,505099.748999999,505099.24649999954,1.2881044362514187,1.5040909900009558,0.3670499054860114,0.43537301835187764,2.2715711897447175,1.6871969672280636,0.7813657384370726,1.8339815969440347,1.4242060838186155
505098.795439616,505099.793439657,505099.2944396365,505098.840999999,505099.845999998,505099.3434999985,1.091726407030234,1.2695647800408796,1.0734570418327898,0.43019062926435564,1.5463483383681185,1.09263014881068,0.8611736689246303,1.1923678747254107,1.2680787742750064
505098.89543962,505099.893439661,505099.3944396405,505098.937999997,505099.926999996,505099.4324999965,1.4679459925652891,1.8258668237888531,2.2238915246845363,0.8096061758591576,1.48409448609431,1.1056091129710794,1.5201823551893496,1.1900652061608477,1.5842522557741798
505098.995439624,505099.993439665,505099.4944396445,505099.049999996,505100.039999995,505099.5449999955,1.9067634011904926,2.3958253467319057,3.1322104353806237,1.2885171730082512,1.6384759167850311,1.3618046491483202,2.205353111932552,1.4447597958604745,1.7871607806767817
505099.095439629,505100.093439669,505099.594439649,505099.146999995,505100.139999999,505099.643499997,2.183549838105968,2.5377201869537127,3.3175280858036884,1.771198137120907,1.8223232773012952,1.8754958062711693,2.605549498988696,1.7322856690454933,1.8062980433627802
505099.195439633,505100.193439673,505099.69443965296,505099.246999999,505100.251999998,505099.7494999985,2.5175313172415485,2.3013649429503817,2.771091454537429,2.1427172833263324,2.072245293483302,3.1121776288691474,2.694430339213495,2.0288483677235143,3.017375227828788
505099.295439637,505100.293439677,505099.794439657,505099.343999998,505100.348999997,505099.84649999754,3.2889689058807687,2.0106700019409303,1.9738000844102466,2.182659989773627,2.322255011184259,5.290200349457291,2.503772815962711,2.1923604329427677,7.836032561374316
505099.395439641,505100.393439681,505099.894439661,505099.440999997,505100.430999996,505099.9359999965,5.333423952617308,1.7279017406678778,1.3297477857594613,2.056298330526926,2.1962560283206845,7.866625172663493,2.0074201183165052,1.9777480146328839,23.505394430050632
505099.495439645,505100.493439685,505099.994439665,505099.553999996,505100.531,505100.042499998,8.604533057194404,1.3474605308146044,0.9011241518917089,1.7516509634360529,1.7097436020364851,9.976547501891046,1.2742942767834653,1.4462733555113214,50.42917007519054
505099.595439649,505100.593439689,505100.09443966905,505099.654,505100.628,505100.141,11.18013323358968,0.8443625264044725,0.6712019182889963,1.3321566091407813,1.3930061661447537,10.273344269509968,0.6024598899229772,0.9670561984041948,73.3574782909013
505099.695439653,505100.693439689,505100.194439671,505099.750999999,505100.725,505100.2379999995,11.072611686790914,0.47987688912587423,0.656693504215783,0.9797962310441627,1.2895104907259802,8.339574478346135,0.4143125906248022,0.7454217503847231,75.67570755985984
505099.795439657,505100.79343969,505100.29443967354,505099.847999998,505100.852999999,505100.35049999855,8.282291841199836,0.47047356781875077,0.753490113058259,0.6537197193424767,1.4220457348952351,5.964906738627819,0.564756491281148,0.8008963493713894,55.6280460152036
505099.895439661,505100.89343969,505100.3944396755,505099.928999997,505100.933999999,505100.43149999797,4.723289489580203,0.7382934144538367,0.8003578619003207,0.4117191715444033,1.7229342201703783,4.707606652816337,0.6756350540633405,0.9573733966700143,27.772396145023
505099.995439665,505100.993439691,505100.49443967803,505100.041999995,505101.034,505100.5379999975,2.2775764003137846,0.9774966271463191,0.7874633799002237,0.4743895410155334,1.6738056031975312,4.160505350379108,0.6613329935346556,0.9742336440354722,8.511384063301435
505100.095439669,505101.093439692,505100.59443968046,505100.141999999,505101.147,505100.6444999995,1.3421412103219925,0.9619647272554515,0.8962203509152634,0.8565820251995673,1.1259775574707367,3.343735653300652,0.7079245290718897,0.8001309385507978,2.0445939008115817
505100.195439673,505101.193439692,505100.6944396825,505100.253999998,505101.244,505100.748999999,1.334784669042837,0.9815107452631948,1.531640719230563,1.6749421923075354,0.8752884534163663,2.219235034030538,1.1947753989708132,0.7269049072594596,1.4739799018642272
505100.295439677,505101.293439693,505100.794439685,505100.350999997,505101.324999999,505100.837999998,1.8342845418808156,1.3671412897540323,2.895644555635221,2.9264214600049048,1.0943436100641317,1.2658451774615642,2.269981279791037,0.9077039392224797,1.9471950231131556
505100.395439681,505101.393439693,505100.894439687,505100.432999996,505101.453999999,505100.9434999975,2.6852065219098438,2.0851861160887464,4.524620318082153,4.224285148163091,1.5572267875724066,1.5533567660927847,3.4610770124014896,1.3800315843599518,2.695868442518128
505100.495439685,505101.493439694,505100.9944396895,505100.529999996,505101.554,505101.04199999804,3.2033630835660123,2.552934324451656,5.468840739667789,4.743687117027733,2.0611564301568763,2.0696186141402544,3.9424267426341464,1.7282600795479255,3.0599806209017166
505100.595439689,505101.593439695,505101.094439692,505100.63,505101.651,505101.1405,2.940455333891771,2.3675086578944207,5.087059846806039,4.076343898812487,2.046798586440881,2.141891879347523,3.3715989397759487,1.6242079143930561,2.8082329476638153
505100.695439689,505101.693439695,505101.19443969196,505100.727,505101.731999999,505101.22949999955,2.305452471127127,1.794219195631487,3.942757719357956,3.131915096078742,1.6472775419596424,1.7930311766969487,2.4773209323409278,1.2438147133677062,2.4132833935836056
505100.79543969,505101.793439696,505101.294439693,505100.854999999,505101.844999999,505101.349999999,1.9336226671474814,1.3471111566128995,3.117446060800323,2.9669221937646983,1.2870221652989438,1.4720899484364578,2.161208418358795,0.9402321415357546,2.17694925237198
505100.895439691,505101.893439697,505101.394439694,505100.935999999,505101.945,505101.4404999995,1.9035087386971252,1.1477939529362295,2.8548098097788017,3.4082499013098984,1.0468087033114502,1.334189598821166,2.345133138888589,0.8219532470438393,2.269131557487027
505100.995439691,505101.993439697,505101.494439694,505101.036,505102.042,505101.539,1.7866378737588469,0.9977014784892617,2.687377631693798,3.5399963959764147,0.8288214409460878,1.0910259372557605,2.4546763814059327,0.7299176438451793,1.9635860804583398
505101.095439692,505102.093439698,505101.594439695,505101.149,505102.154,505101.6515,1.4192333197742735,0.8021850539988568,2.2375054374495855,3.0169302657682224,0.5909513782123517,0.6768448450631016,2.270783678315519,0.5891068478762993,1.169559051510253
505101.195439692,505102.193439698,505101.694439695,505101.246,505102.250999999,505101.7484999995,1.1118590106719086,0.7208789652885712,1.7053035128044556,2.25580806680768,0.4260341291880211,0.42489209203659833,2.0130943719117793,0.5218014810749156,0.827059466263248
505101.295439693,505102.293439699,505101.794439696,505101.326999999,505102.347999999,505101.837499999,1.0339750598546564,0.8534939247803045,1.3616625120504695,1.692838953520323,0.43271864321544723,0.4457881220517874,1.7972742515626459,0.5705780167467964,1.1174460549094776
505101.395439694,505102.393439699,505101.8944396965,505101.455999999,505102.448,505101.95199999947,1.1035897622275517,1.2182704765666472,1.1937253709538393,1.338250639542684,0.7204139365742152,0.6709689887566699,1.6020825783894217,0.732971335857612,1.3520347711793224
505101.495439694,505102.4934397,505101.994439697,505101.556,505102.545,505102.0505,1.2282241786854988,1.637378665807665,1.0564141312171544,1.041074106753137,1.168574988787356,1.118841023949763,1.3510828525123966,0.9815718354493572,1.4708558250071597
505101.595439695,505102.593439701,505102.09443969803,505101.653,505102.658,505102.1555,1.3518622962265963,1.9127657649001244,1.0654400307930363,0.8435100129691389,1.551715489192349,1.593033206850877,1.1225751502542676,1.2077591975449637,1.5180995173080136
505101.695439695,505102.693439701,505102.194439698,505101.733999999,505102.754999999,505102.244499999,1.323922345042784,1.8714170313926892,1.3190677552072068,0.7239863959884018,1.5638028768242915,1.6588566795396287,0.9051280947302569,1.2086165834691118,1.3405033431906843
505101.795439696,505102.793439702,505102.29443969904,505101.846999999,505102.855,505102.3509999995,1.12269866220102,1.676521481231999,1.739212444317951,0.5779333935967894,1.1879563273711804,1.2580877923399352,0.6511650701520126,0.9814718708399652,0.9092409177583277
505101.895439697,505102.893439708,505102.3944397025,505101.947,505102.967999998,505102.45749999897,1.0177353171050276,1.6662266071313396,2.1525509351284153,0.508538134168327,0.8341703516586321,0.8602222460720265,0.5612800500310402,0.8562632684282275,0.7026309442222125
505101.995439697,505102.993439713,505102.49443970504,505102.044,505103.048999997,505102.5464999985,1.1887264858897408,1.97604182012864,2.4693177233636368,0.6182399407996221,0.8731340232853255,0.7934574148223019,0.7701574348939207,1.0559566667470268,0.9535068630774521
505102.095439698,505103.093439719,505102.5944397085,505102.156,505103.161999995,505102.65899999754,1.3891730559722435,2.2670333936008973,2.6193365783370597,0.7697959743193726,1.1491872752037549,0.8628394024197811,1.0449029122728146,1.3187850015544347,1.081503910069833
